location_id,location_name,parameter,value,unit,datetimeUtc,datetimeLocal,timezone,latitude,longitude,country_iso,isMobile,isMonitor,owner_name,provider
4902926,"Sputnik-4","pm1",0.4543333450953166,"µg/m³","2025-06-29T19:00:00Z","2025-06-30T00:00:00+05:00","Asia/Tashkent",41.204655,69.232522,,,,"AirGradient","AirGradient"
4902926,"Sputnik-4","pm1",2.081166684627533,"µg/m³","2025-09-01T12:00:00Z","2025-09-01T17:00:00+05:00","Asia/Tashkent",41.204655,69.232522,,,,"AirGradient","AirGradient"
4902926,"Sputnik-4","pm1",2.9080416560173035,"µg/m³","2025-09-01T13:00:00Z","2025-09-01T18:00:00+05:00","Asia/Tashkent",41.204655,69.232522,,,,"AirGradient","AirGradient"
4902926,"Sputnik-4","pm1",7.806374986966451,"µg/m³","2025-09-01T14:00:00Z","2025-09-01T19:00:00+05:00","Asia/Tashkent",41.204655,69.232522,,,,"AirGradient","AirGradient"
4902926,"Sputnik-4","pm1",16.425458351771038,"µg/m³","2025-09-01T15:00:00Z","2025-09-01T20:00:00+05:00","Asia/Tashkent",41.204655,69.232522,,,,"AirGradient","AirGradient"
4902926,"Sputnik-4","pm1",22.37570842107137,"µg/m³","2025-09-01T16:00:00Z","2025-09-01T21:00:00+05:00","Asia/Tashkent",41.204655,69.232522,,,,"AirGradient","AirGradient"
4902926,"Sputnik-4","pm1",21.656999985376995,"µg/m³","2025-09-01T17:00:00Z","2025-09-01T22:00:00+05:00","Asia/Tashkent",41.204655,69.232522,,,,"AirGradient","AirGradient"
4902926,"Sputnik-4","pm1",15.888291756312052,"µg/m³","2025-09-01T18:00:00Z","2025-09-01T23:00:00+05:00","Asia/Tashkent",41.204655,69.232522,,,,"AirGradient","AirGradient"
4902926,"Sputnik-4","pm1",9.640694419542948,"µg/m³","2025-09-01T19:00:00Z","2025-09-02T00:00:00+05:00","Asia/Tashkent",41.204655,69.232522,,,,"AirGradient","AirGradient"
4902926,"Sputnik-4","pm1",5.275805552800496,"µg/m³","2025-09-01T20:00:00Z","2025-09-02T01:00:00+05:00","Asia/Tashkent",41.204655,69.232522,,,,"AirGradient","AirGradient"
4902926,"Sputnik-4","pm1",5.627749999364217,"µg/m³","2025-09-01T21:00:00Z","2025-09-02T02:00:00+05:00","Asia/Tashkent",41.204655,69.232522,,,,"AirGradient","AirGradient"
4902926,"Sputnik-4","pm1",20.87916660308838,"µg/m³","2025-09-01T22:00:00Z","2025-09-02T03:00:00+05:00","Asia/Tashkent",41.204655,69.232522,,,,"AirGradient","AirGradient"
4902926,"Sputnik-4","pm1",24.207208156585693,"µg/m³","2025-09-01T23:00:00Z","2025-09-02T04:00:00+05:00","Asia/Tashkent",41.204655,69.232522,,,,"AirGradient","AirGradient"
4902926,"Sputnik-4","pm1",24.45199998219808,"µg/m³","2025-09-02T00:00:00Z","2025-09-02T05:00:00+05:00","Asia/Tashkent",41.204655,69.232522,,,,"AirGradient","AirGradient"
4902926,"Sputnik-4","pm1",21.68791659673055,"µg/m³","2025-09-02T01:00:00Z","2025-09-02T06:00:00+05:00","Asia/Tashkent",41.204655,69.232522,,,,"AirGradient","AirGradient"
4902926,"Sputnik-4","pm1",13.144583304723104,"µg/m³","2025-09-02T02:00:00Z","2025-09-02T07:00:00+05:00","Asia/Tashkent",41.204655,69.232522,,,,"AirGradient","AirGradient"
4902926,"Sputnik-4","pm1",24.536666572093964,"µg/m³","2025-09-02T03:00:00Z","2025-09-02T08:00:00+05:00","Asia/Tashkent",41.204655,69.232522,,,,"AirGradient","AirGradient"
4902926,"Sputnik-4","pm1",3.049597223599752,"µg/m³","2025-09-02T04:00:00Z","2025-09-02T09:00:00+05:00","Asia/Tashkent",41.204655,69.232522,,,,"AirGradient","AirGradient"
4902926,"Sputnik-4","pm1",5.351055542627971,"µg/m³","2025-09-02T05:00:00Z","2025-09-02T10:00:00+05:00","Asia/Tashkent",41.204655,69.232522,,,,"AirGradient","AirGradient"
4902926,"Sputnik-4","pm1",5.572958360115687,"µg/m³","2025-09-02T06:00:00Z","2025-09-02T11:00:00+05:00","Asia/Tashkent",41.204655,69.232522,,,,"AirGradient","AirGradient"
4902926,"Sputnik-4","pm1",1.5769166660805543,"µg/m³","2025-09-02T07:00:00Z","2025-09-02T12:00:00+05:00","Asia/Tashkent",41.204655,69.232522,,,,"AirGradient","AirGradient"
4902926,"Sputnik-4","pm1",2.1476249943176904,"µg/m³","2025-09-02T08:00:00Z","2025-09-02T13:00:00+05:00","Asia/Tashkent",41.204655,69.232522,,,,"AirGradient","AirGradient"
4902926,"Sputnik-4","pm1",5.68340277671814,"µg/m³","2025-09-02T09:00:00Z","2025-09-02T14:00:00+05:00","Asia/Tashkent",41.204655,69.232522,,,,"AirGradient","AirGradient"
4902926,"Sputnik-4","pm1",6.108833372592926,"µg/m³","2025-09-02T10:00:00Z","2025-09-02T15:00:00+05:00","Asia/Tashkent",41.204655,69.232522,,,,"AirGradient","AirGradient"
4902926,"Sputnik-4","pm1",2.080166667699814,"µg/m³","2025-09-02T11:00:00Z","2025-09-02T16:00:00+05:00","Asia/Tashkent",41.204655,69.232522,,,,"AirGradient","AirGradient"
4902926,"Sputnik-4","pm1",1.6622500146428745,"µg/m³","2025-09-02T12:00:00Z","2025-09-02T17:00:00+05:00","Asia/Tashkent",41.204655,69.232522,,,,"AirGradient","AirGradient"
4902926,"Sputnik-4","pm1",2.583000044027964,"µg/m³","2025-09-02T13:00:00Z","2025-09-02T18:00:00+05:00","Asia/Tashkent",41.204655,69.232522,,,,"AirGradient","AirGradient"
4902926,"Sputnik-4","pm1",2.642666677633921,"µg/m³","2025-09-02T14:00:00Z","2025-09-02T19:00:00+05:00","Asia/Tashkent",41.204655,69.232522,,,,"AirGradient","AirGradient"
4902926,"Sputnik-4","pm1",2.1508611142635345,"µg/m³","2025-09-02T15:00:00Z","2025-09-02T20:00:00+05:00","Asia/Tashkent",41.204655,69.232522,,,,"AirGradient","AirGradient"
4902926,"Sputnik-4","pm1",3.1390416622161865,"µg/m³","2025-09-02T16:00:00Z","2025-09-02T21:00:00+05:00","Asia/Tashkent",41.204655,69.232522,,,,"AirGradient","AirGradient"
4902926,"Sputnik-4","pm1",4.163375059763591,"µg/m³","2025-09-02T17:00:00Z","2025-09-02T22:00:00+05:00","Asia/Tashkent",41.204655,69.232522,,,,"AirGradient","AirGradient"
4902926,"Sputnik-4","pm1",3.6293333172798157,"µg/m³","2025-09-02T18:00:00Z","2025-09-02T23:00:00+05:00","Asia/Tashkent",41.204655,69.232522,,,,"AirGradient","AirGradient"
4902926,"Sputnik-4","pm1",16.10112500190735,"µg/m³","2025-09-02T19:00:00Z","2025-09-03T00:00:00+05:00","Asia/Tashkent",41.204655,69.232522,,,,"AirGradient","AirGradient"
4902926,"Sputnik-4","pm1",22.032708485921223,"µg/m³","2025-09-02T20:00:00Z","2025-09-03T01:00:00+05:00","Asia/Tashkent",41.204655,69.232522,,,,"AirGradient","AirGradient"
4902926,"Sputnik-4","pm1",21.814541816711426,"µg/m³","2025-09-02T21:00:00Z","2025-09-03T02:00:00+05:00","Asia/Tashkent",41.204655,69.232522,,,,"AirGradient","AirGradient"
4902926,"Sputnik-4","pm1",25.155375321706135,"µg/m³","2025-09-02T22:00:00Z","2025-09-03T03:00:00+05:00","Asia/Tashkent",41.204655,69.232522,,,,"AirGradient","AirGradient"
4902926,"Sputnik-4","pm1",21.788666884104412,"µg/m³","2025-09-02T23:00:00Z","2025-09-03T04:00:00+05:00","Asia/Tashkent",41.204655,69.232522,,,,"AirGradient","AirGradient"
4902926,"Sputnik-4","pm1",21.714625199635822,"µg/m³","2025-09-03T00:00:00Z","2025-09-03T05:00:00+05:00","Asia/Tashkent",41.204655,69.232522,,,,"AirGradient","AirGradient"
4902926,"Sputnik-4","pm1",28.279958248138428,"µg/m³","2025-09-03T01:00:00Z","2025-09-03T06:00:00+05:00","Asia/Tashkent",41.204655,69.232522,,,,"AirGradient","AirGradient"
4902926,"Sputnik-4","pm1",25.555458227793377,"µg/m³","2025-09-03T02:00:00Z","2025-09-03T07:00:00+05:00","Asia/Tashkent",41.204655,69.232522,,,,"AirGradient","AirGradient"
4902926,"Sputnik-4","pm1",15.350785664149694,"µg/m³","2025-09-03T03:00:00Z","2025-09-03T08:00:00+05:00","Asia/Tashkent",41.204655,69.232522,,,,"AirGradient","AirGradient"
4902926,"Sputnik-4","pm1",19.90704147020976,"µg/m³","2025-09-03T08:00:00Z","2025-09-03T13:00:00+05:00","Asia/Tashkent",41.204655,69.232522,,,,"AirGradient","AirGradient"
4902926,"Sputnik-4","pm1",12.290916641553244,"µg/m³","2025-09-03T09:00:00Z","2025-09-03T14:00:00+05:00","Asia/Tashkent",41.204655,69.232522,,,,"AirGradient","AirGradient"
4902926,"Sputnik-4","pm1",14.496264060338339,"µg/m³","2025-09-03T10:00:00Z","2025-09-03T15:00:00+05:00","Asia/Tashkent",41.204655,69.232522,,,,"AirGradient","AirGradient"
4902926,"Sputnik-4","pm1",8.787208239237467,"µg/m³","2025-09-03T11:00:00Z","2025-09-03T16:00:00+05:00","Asia/Tashkent",41.204655,69.232522,,,,"AirGradient","AirGradient"
4902926,"Sputnik-4","pm1",5.212416648864746,"µg/m³","2025-09-03T12:00:00Z","2025-09-03T17:00:00+05:00","Asia/Tashkent",41.204655,69.232522,,,,"AirGradient","AirGradient"
4902926,"Sputnik-4","pm1",5.808708310127258,"µg/m³","2025-09-03T13:00:00Z","2025-09-03T18:00:00+05:00","Asia/Tashkent",41.204655,69.232522,,,,"AirGradient","AirGradient"
4902926,"Sputnik-4","pm1",7.18708340326945,"µg/m³","2025-09-03T14:00:00Z","2025-09-03T19:00:00+05:00","Asia/Tashkent",41.204655,69.232522,,,,"AirGradient","AirGradient"
4902926,"Sputnik-4","pm1",14.153083324432373,"µg/m³","2025-09-03T15:00:00Z","2025-09-03T20:00:00+05:00","Asia/Tashkent",41.204655,69.232522,,,,"AirGradient","AirGradient"
4902926,"Sputnik-4","pm1",14.094041665395102,"µg/m³","2025-09-03T16:00:00Z","2025-09-03T21:00:00+05:00","Asia/Tashkent",41.204655,69.232522,,,,"AirGradient","AirGradient"
4902926,"Sputnik-4","pm1",19.49304175376892,"µg/m³","2025-09-03T17:00:00Z","2025-09-03T22:00:00+05:00","Asia/Tashkent",41.204655,69.232522,,,,"AirGradient","AirGradient"
4902926,"Sputnik-4","pm1",24.02204179763794,"µg/m³","2025-09-03T18:00:00Z","2025-09-03T23:00:00+05:00","Asia/Tashkent",41.204655,69.232522,,,,"AirGradient","AirGradient"
4902926,"Sputnik-4","pm1",22.058958530426025,"µg/m³","2025-09-03T19:00:00Z","2025-09-04T00:00:00+05:00","Asia/Tashkent",41.204655,69.232522,,,,"AirGradient","AirGradient"
4902926,"Sputnik-4","pm1",23.41354163487752,"µg/m³","2025-09-03T20:00:00Z","2025-09-04T01:00:00+05:00","Asia/Tashkent",41.204655,69.232522,,,,"AirGradient","AirGradient"
4902926,"Sputnik-4","pm1",22.55662488937378,"µg/m³","2025-09-03T21:00:00Z","2025-09-04T02:00:00+05:00","Asia/Tashkent",41.204655,69.232522,,,,"AirGradient","AirGradient"
4902926,"Sputnik-4","pm1",22.81237522761027,"µg/m³","2025-09-03T22:00:00Z","2025-09-04T03:00:00+05:00","Asia/Tashkent",41.204655,69.232522,,,,"AirGradient","AirGradient"
4902926,"Sputnik-4","pm1",27.22100019454956,"µg/m³","2025-09-03T23:00:00Z","2025-09-04T04:00:00+05:00","Asia/Tashkent",41.204655,69.232522,,,,"AirGradient","AirGradient"
4902926,"Sputnik-4","pm1",30.19916645685832,"µg/m³","2025-09-04T00:00:00Z","2025-09-04T05:00:00+05:00","Asia/Tashkent",41.204655,69.232522,,,,"AirGradient","AirGradient"
4902926,"Sputnik-4","pm1",27.402374744415283,"µg/m³","2025-09-04T01:00:00Z","2025-09-04T06:00:00+05:00","Asia/Tashkent",41.204655,69.232522,,,,"AirGradient","AirGradient"
4902926,"Sputnik-4","pm1",25.057583173116047,"µg/m³","2025-09-04T02:00:00Z","2025-09-04T07:00:00+05:00","Asia/Tashkent",41.204655,69.232522,,,,"AirGradient","AirGradient"
4902926,"Sputnik-4","pm1",26.70758326848348,"µg/m³","2025-09-04T03:00:00Z","2025-09-04T08:00:00+05:00","Asia/Tashkent",41.204655,69.232522,,,,"AirGradient","AirGradient"
4902926,"Sputnik-4","pm1",26.53879197438558,"µg/m³","2025-09-04T04:00:00Z","2025-09-04T09:00:00+05:00","Asia/Tashkent",41.204655,69.232522,,,,"AirGradient","AirGradient"
4902926,"Sputnik-4","pm1",22.88948475230824,"µg/m³","2025-09-04T05:00:00Z","2025-09-04T10:00:00+05:00","Asia/Tashkent",41.204655,69.232522,,,,"AirGradient","AirGradient"
4902926,"Sputnik-4","pm1",23.687291304270428,"µg/m³","2025-09-04T06:00:00Z","2025-09-04T11:00:00+05:00","Asia/Tashkent",41.204655,69.232522,,,,"AirGradient","AirGradient"
4902926,"Sputnik-4","pm1",13.000374913215637,"µg/m³","2025-09-04T07:00:00Z","2025-09-04T12:00:00+05:00","Asia/Tashkent",41.204655,69.232522,,,,"AirGradient","AirGradient"
4902926,"Sputnik-4","pm1",7.688458244005839,"µg/m³","2025-09-04T08:00:00Z","2025-09-04T13:00:00+05:00","Asia/Tashkent",41.204655,69.232522,,,,"AirGradient","AirGradient"
4902926,"Sputnik-4","pm1",6.071916699409485,"µg/m³","2025-09-04T09:00:00Z","2025-09-04T14:00:00+05:00","Asia/Tashkent",41.204655,69.232522,,,,"AirGradient","AirGradient"
4902926,"Sputnik-4","pm1",3.693166712919871,"µg/m³","2025-09-04T10:00:00Z","2025-09-04T15:00:00+05:00","Asia/Tashkent",41.204655,69.232522,,,,"AirGradient","AirGradient"
4902926,"Sputnik-4","pm1",3.39683332045873,"µg/m³","2025-09-04T11:00:00Z","2025-09-04T16:00:00+05:00","Asia/Tashkent",41.204655,69.232522,,,,"AirGradient","AirGradient"
4902926,"Sputnik-4","pm1",3.1673333247502646,"µg/m³","2025-09-04T12:00:00Z","2025-09-04T17:00:00+05:00","Asia/Tashkent",41.204655,69.232522,,,,"AirGradient","AirGradient"
4902926,"Sputnik-4","pm1",3.6401249965031943,"µg/m³","2025-09-04T13:00:00Z","2025-09-04T18:00:00+05:00","Asia/Tashkent",41.204655,69.232522,,,,"AirGradient","AirGradient"
4902926,"Sputnik-4","pm1",9.073472201824188,"µg/m³","2025-09-04T14:00:00Z","2025-09-04T19:00:00+05:00","Asia/Tashkent",41.204655,69.232522,,,,"AirGradient","AirGradient"
4902926,"Sputnik-4","pm1",18.227444569269817,"µg/m³","2025-09-04T15:00:00Z","2025-09-04T20:00:00+05:00","Asia/Tashkent",41.204655,69.232522,,,,"AirGradient","AirGradient"
4902926,"Sputnik-4","pm1",14.671208302179972,"µg/m³","2025-09-04T16:00:00Z","2025-09-04T21:00:00+05:00","Asia/Tashkent",41.204655,69.232522,,,,"AirGradient","AirGradient"
4902926,"Sputnik-4","pm1",21.759208520253498,"µg/m³","2025-09-04T17:00:00Z","2025-09-04T22:00:00+05:00","Asia/Tashkent",41.204655,69.232522,,,,"AirGradient","AirGradient"
4902926,"Sputnik-4","pm1",22.76362482706706,"µg/m³","2025-09-04T18:00:00Z","2025-09-04T23:00:00+05:00","Asia/Tashkent",41.204655,69.232522,,,,"AirGradient","AirGradient"
4902926,"Sputnik-4","pm1",25.225708325703938,"µg/m³","2025-09-04T19:00:00Z","2025-09-05T00:00:00+05:00","Asia/Tashkent",41.204655,69.232522,,,,"AirGradient","AirGradient"
4902926,"Sputnik-4","pm1",29.441624959309895,"µg/m³","2025-09-04T20:00:00Z","2025-09-05T01:00:00+05:00","Asia/Tashkent",41.204655,69.232522,,,,"AirGradient","AirGradient"
4902926,"Sputnik-4","pm1",26.245500087738037,"µg/m³","2025-09-04T21:00:00Z","2025-09-05T02:00:00+05:00","Asia/Tashkent",41.204655,69.232522,,,,"AirGradient","AirGradient"
4902926,"Sputnik-4","pm1",26.39591693878174,"µg/m³","2025-09-04T22:00:00Z","2025-09-05T03:00:00+05:00","Asia/Tashkent",41.204655,69.232522,,,,"AirGradient","AirGradient"
4902926,"Sputnik-4","pm1",24.9009583791097,"µg/m³","2025-09-04T23:00:00Z","2025-09-05T04:00:00+05:00","Asia/Tashkent",41.204655,69.232522,,,,"AirGradient","AirGradient"
4902926,"Sputnik-4","pm1",22.7374169031779,"µg/m³","2025-09-05T00:00:00Z","2025-09-05T05:00:00+05:00","Asia/Tashkent",41.204655,69.232522,,,,"AirGradient","AirGradient"
4902926,"Sputnik-4","pm1",21.473541577657063,"µg/m³","2025-09-05T01:00:00Z","2025-09-05T06:00:00+05:00","Asia/Tashkent",41.204655,69.232522,,,,"AirGradient","AirGradient"
4902926,"Sputnik-4","pm1",20.282833258310955,"µg/m³","2025-09-05T02:00:00Z","2025-09-05T07:00:00+05:00","Asia/Tashkent",41.204655,69.232522,,,,"AirGradient","AirGradient"
4902926,"Sputnik-4","pm1",22.387999693552654,"µg/m³","2025-09-05T03:00:00Z","2025-09-05T08:00:00+05:00","Asia/Tashkent",41.204655,69.232522,,,,"AirGradient","AirGradient"
4902926,"Sputnik-4","pm1",21.126208146413166,"µg/m³","2025-09-05T04:00:00Z","2025-09-05T09:00:00+05:00","Asia/Tashkent",41.204655,69.232522,,,,"AirGradient","AirGradient"
4902926,"Sputnik-4","pm1",20.349666754404705,"µg/m³","2025-09-05T05:00:00Z","2025-09-05T10:00:00+05:00","Asia/Tashkent",41.204655,69.232522,,,,"AirGradient","AirGradient"
4902926,"Sputnik-4","pm1",18.08733367919922,"µg/m³","2025-09-05T06:00:00Z","2025-09-05T11:00:00+05:00","Asia/Tashkent",41.204655,69.232522,,,,"AirGradient","AirGradient"
4902926,"Sputnik-4","pm1",16.700541814168293,"µg/m³","2025-09-05T07:00:00Z","2025-09-05T12:00:00+05:00","Asia/Tashkent",41.204655,69.232522,,,,"AirGradient","AirGradient"
4902926,"Sputnik-4","pm1",13.001333316167196,"µg/m³","2025-09-05T08:00:00Z","2025-09-05T13:00:00+05:00","Asia/Tashkent",41.204655,69.232522,,,,"AirGradient","AirGradient"
4902926,"Sputnik-4","pm1",12.773833354314169,"µg/m³","2025-09-05T09:00:00Z","2025-09-05T14:00:00+05:00","Asia/Tashkent",41.204655,69.232522,,,,"AirGradient","AirGradient"
4902926,"Sputnik-4","pm1",9.111458341280619,"µg/m³","2025-09-05T10:00:00Z","2025-09-05T15:00:00+05:00","Asia/Tashkent",41.204655,69.232522,,,,"AirGradient","AirGradient"
4902926,"Sputnik-4","pm1",10.414374907811483,"µg/m³","2025-09-05T11:00:00Z","2025-09-05T16:00:00+05:00","Asia/Tashkent",41.204655,69.232522,,,,"AirGradient","AirGradient"
4902926,"Sputnik-4","pm1",9.692319631576538,"µg/m³","2025-09-05T12:00:00Z","2025-09-05T17:00:00+05:00","Asia/Tashkent",41.204655,69.232522,,,,"AirGradient","AirGradient"
4902926,"Sputnik-4","pm1",8.055708249409994,"µg/m³","2025-09-05T13:00:00Z","2025-09-05T18:00:00+05:00","Asia/Tashkent",41.204655,69.232522,,,,"AirGradient","AirGradient"
4902926,"Sputnik-4","pm1",11.020000060399374,"µg/m³","2025-09-05T14:00:00Z","2025-09-05T19:00:00+05:00","Asia/Tashkent",41.204655,69.232522,,,,"AirGradient","AirGradient"
4902926,"Sputnik-4","pm1",22.028486092885334,"µg/m³","2025-09-05T15:00:00Z","2025-09-05T20:00:00+05:00","Asia/Tashkent",41.204655,69.232522,,,,"AirGradient","AirGradient"
4902926,"Sputnik-4","pm1",24.310583114624023,"µg/m³","2025-09-05T16:00:00Z","2025-09-05T21:00:00+05:00","Asia/Tashkent",41.204655,69.232522,,,,"AirGradient","AirGradient"
4902926,"Sputnik-4","pm1",28.401277860005695,"µg/m³","2025-09-05T17:00:00Z","2025-09-05T22:00:00+05:00","Asia/Tashkent",41.204655,69.232522,,,,"AirGradient","AirGradient"
4902926,"Sputnik-4","pm1",30.979832808176678,"µg/m³","2025-09-05T18:00:00Z","2025-09-05T23:00:00+05:00","Asia/Tashkent",41.204655,69.232522,,,,"AirGradient","AirGradient"
4902926,"Sputnik-4","pm1",29.723499933878582,"µg/m³","2025-09-05T19:00:00Z","2025-09-06T00:00:00+05:00","Asia/Tashkent",41.204655,69.232522,,,,"AirGradient","AirGradient"
4902926,"Sputnik-4","pm1",27.01093069712321,"µg/m³","2025-09-05T20:00:00Z","2025-09-06T01:00:00+05:00","Asia/Tashkent",41.204655,69.232522,,,,"AirGradient","AirGradient"
4902926,"Sputnik-4","pm1",25.927833398183186,"µg/m³","2025-09-05T21:00:00Z","2025-09-06T02:00:00+05:00","Asia/Tashkent",41.204655,69.232522,,,,"AirGradient","AirGradient"
4902926,"Sputnik-4","pm1",27.205958366394043,"µg/m³","2025-09-05T22:00:00Z","2025-09-06T03:00:00+05:00","Asia/Tashkent",41.204655,69.232522,,,,"AirGradient","AirGradient"
4902926,"Sputnik-4","pm1",26.388166586558025,"µg/m³","2025-09-05T23:00:00Z","2025-09-06T04:00:00+05:00","Asia/Tashkent",41.204655,69.232522,,,,"AirGradient","AirGradient"
4902926,"Sputnik-4","pm1",26.248416582743328,"µg/m³","2025-09-06T00:00:00Z","2025-09-06T05:00:00+05:00","Asia/Tashkent",41.204655,69.232522,,,,"AirGradient","AirGradient"
4902926,"Sputnik-4","pm1",27.50391674041748,"µg/m³","2025-09-06T01:00:00Z","2025-09-06T06:00:00+05:00","Asia/Tashkent",41.204655,69.232522,,,,"AirGradient","AirGradient"
4902926,"Sputnik-4","pm1",27.718458493550617,"µg/m³","2025-09-06T02:00:00Z","2025-09-06T07:00:00+05:00","Asia/Tashkent",41.204655,69.232522,,,,"AirGradient","AirGradient"
4902926,"Sputnik-4","pm1",24.942125002543133,"µg/m³","2025-09-06T03:00:00Z","2025-09-06T08:00:00+05:00","Asia/Tashkent",41.204655,69.232522,,,,"AirGradient","AirGradient"
4902926,"Sputnik-4","pm1",20.88016653060913,"µg/m³","2025-09-06T04:00:00Z","2025-09-06T09:00:00+05:00","Asia/Tashkent",41.204655,69.232522,,,,"AirGradient","AirGradient"
4902926,"Sputnik-4","pm1",22.17574993769328,"µg/m³","2025-09-06T05:00:00Z","2025-09-06T10:00:00+05:00","Asia/Tashkent",41.204655,69.232522,,,,"AirGradient","AirGradient"
4902926,"Sputnik-4","pm1",13.956416686375936,"µg/m³","2025-09-06T06:00:00Z","2025-09-06T11:00:00+05:00","Asia/Tashkent",41.204655,69.232522,,,,"AirGradient","AirGradient"
4902926,"Sputnik-4","pm1",8.846041599909464,"µg/m³","2025-09-06T07:00:00Z","2025-09-06T12:00:00+05:00","Asia/Tashkent",41.204655,69.232522,,,,"AirGradient","AirGradient"
4902926,"Sputnik-4","pm1",6.546041667461395,"µg/m³","2025-09-06T08:00:00Z","2025-09-06T13:00:00+05:00","Asia/Tashkent",41.204655,69.232522,,,,"AirGradient","AirGradient"
4902926,"Sputnik-4","pm1",4.665555556615193,"µg/m³","2025-09-06T09:00:00Z","2025-09-06T14:00:00+05:00","Asia/Tashkent",41.204655,69.232522,,,,"AirGradient","AirGradient"
4902926,"Sputnik-4","pm1",1.7252916619181633,"µg/m³","2025-09-06T10:00:00Z","2025-09-06T15:00:00+05:00","Asia/Tashkent",41.204655,69.232522,,,,"AirGradient","AirGradient"
4902926,"Sputnik-4","pm1",1.0468333413203557,"µg/m³","2025-09-06T11:00:00Z","2025-09-06T16:00:00+05:00","Asia/Tashkent",41.204655,69.232522,,,,"AirGradient","AirGradient"
4902926,"Sputnik-4","pm1",1.4595000098148982,"µg/m³","2025-09-06T12:00:00Z","2025-09-06T17:00:00+05:00","Asia/Tashkent",41.204655,69.232522,,,,"AirGradient","AirGradient"
4902926,"Sputnik-4","pm1",3.100000003973643,"µg/m³","2025-09-06T13:00:00Z","2025-09-06T18:00:00+05:00","Asia/Tashkent",41.204655,69.232522,,,,"AirGradient","AirGradient"
4902926,"Sputnik-4","pm1",5.250041683514913,"µg/m³","2025-09-06T14:00:00Z","2025-09-06T19:00:00+05:00","Asia/Tashkent",41.204655,69.232522,,,,"AirGradient","AirGradient"
4902926,"Sputnik-4","pm1",8.187708298365274,"µg/m³","2025-09-06T15:00:00Z","2025-09-06T20:00:00+05:00","Asia/Tashkent",41.204655,69.232522,,,,"AirGradient","AirGradient"
4902926,"Sputnik-4","pm1",18.854041655858357,"µg/m³","2025-09-06T16:00:00Z","2025-09-06T21:00:00+05:00","Asia/Tashkent",41.204655,69.232522,,,,"AirGradient","AirGradient"
4902926,"Sputnik-4","pm1",25.129708290100098,"µg/m³","2025-09-06T17:00:00Z","2025-09-06T22:00:00+05:00","Asia/Tashkent",41.204655,69.232522,,,,"AirGradient","AirGradient"
4902926,"Sputnik-4","pm1",28.422375043233234,"µg/m³","2025-09-06T18:00:00Z","2025-09-06T23:00:00+05:00","Asia/Tashkent",41.204655,69.232522,,,,"AirGradient","AirGradient"
4902926,"Sputnik-4","pm1",26.125250180562336,"µg/m³","2025-09-06T19:00:00Z","2025-09-07T00:00:00+05:00","Asia/Tashkent",41.204655,69.232522,,,,"AirGradient","AirGradient"
4902926,"Sputnik-4","pm1",21.77620855967204,"µg/m³","2025-09-06T20:00:00Z","2025-09-07T01:00:00+05:00","Asia/Tashkent",41.204655,69.232522,,,,"AirGradient","AirGradient"
4902926,"Sputnik-4","pm1",21.64495849609375,"µg/m³","2025-09-06T21:00:00Z","2025-09-07T02:00:00+05:00","Asia/Tashkent",41.204655,69.232522,,,,"AirGradient","AirGradient"
4902926,"Sputnik-4","pm1",19.279416799545288,"µg/m³","2025-09-06T22:00:00Z","2025-09-07T03:00:00+05:00","Asia/Tashkent",41.204655,69.232522,,,,"AirGradient","AirGradient"
4902926,"Sputnik-4","pm1",16.101541837056477,"µg/m³","2025-09-06T23:00:00Z","2025-09-07T04:00:00+05:00","Asia/Tashkent",41.204655,69.232522,,,,"AirGradient","AirGradient"
4902926,"Sputnik-4","pm1",19.241083304087322,"µg/m³","2025-09-07T00:00:00Z","2025-09-07T05:00:00+05:00","Asia/Tashkent",41.204655,69.232522,,,,"AirGradient","AirGradient"
4902926,"Sputnik-4","pm1",22.96720822652181,"µg/m³","2025-09-07T01:00:00Z","2025-09-07T06:00:00+05:00","Asia/Tashkent",41.204655,69.232522,,,,"AirGradient","AirGradient"
4902926,"Sputnik-4","pm1",21.608958562215168,"µg/m³","2025-09-07T02:00:00Z","2025-09-07T07:00:00+05:00","Asia/Tashkent",41.204655,69.232522,,,,"AirGradient","AirGradient"
4902926,"Sputnik-4","pm1",22.16195821762085,"µg/m³","2025-09-07T03:00:00Z","2025-09-07T08:00:00+05:00","Asia/Tashkent",41.204655,69.232522,,,,"AirGradient","AirGradient"
4902926,"Sputnik-4","pm1",18.77412525812785,"µg/m³","2025-09-07T04:00:00Z","2025-09-07T09:00:00+05:00","Asia/Tashkent",41.204655,69.232522,,,,"AirGradient","AirGradient"
4902926,"Sputnik-4","pm1",20.474625031153362,"µg/m³","2025-09-07T05:00:00Z","2025-09-07T10:00:00+05:00","Asia/Tashkent",41.204655,69.232522,,,,"AirGradient","AirGradient"
4902926,"Sputnik-4","pm1",8.452500025431315,"µg/m³","2025-09-07T06:00:00Z","2025-09-07T11:00:00+05:00","Asia/Tashkent",41.204655,69.232522,,,,"AirGradient","AirGradient"
4902926,"Sputnik-4","pm1",10.567749977111816,"µg/m³","2025-09-07T07:00:00Z","2025-09-07T12:00:00+05:00","Asia/Tashkent",41.204655,69.232522,,,,"AirGradient","AirGradient"
4902926,"Sputnik-4","pm1",10.22516659895579,"µg/m³","2025-09-07T08:00:00Z","2025-09-07T13:00:00+05:00","Asia/Tashkent",41.204655,69.232522,,,,"AirGradient","AirGradient"
4902926,"Sputnik-4","pm1",4.245666672786077,"µg/m³","2025-09-07T09:00:00Z","2025-09-07T14:00:00+05:00","Asia/Tashkent",41.204655,69.232522,,,,"AirGradient","AirGradient"
4902926,"Sputnik-4","pm1",1.4368333121140797,"µg/m³","2025-09-07T10:00:00Z","2025-09-07T15:00:00+05:00","Asia/Tashkent",41.204655,69.232522,,,,"AirGradient","AirGradient"
4902926,"Sputnik-4","pm1",1.5349583079417546,"µg/m³","2025-09-07T11:00:00Z","2025-09-07T16:00:00+05:00","Asia/Tashkent",41.204655,69.232522,,,,"AirGradient","AirGradient"
4902926,"Sputnik-4","pm1",1.7195416688919067,"µg/m³","2025-09-07T12:00:00Z","2025-09-07T17:00:00+05:00","Asia/Tashkent",41.204655,69.232522,,,,"AirGradient","AirGradient"
4902926,"Sputnik-4","pm1",2.331500013669332,"µg/m³","2025-09-07T13:00:00Z","2025-09-07T18:00:00+05:00","Asia/Tashkent",41.204655,69.232522,,,,"AirGradient","AirGradient"
4902926,"Sputnik-4","pm1",4.422499974568685,"µg/m³","2025-09-07T14:00:00Z","2025-09-07T19:00:00+05:00","Asia/Tashkent",41.204655,69.232522,,,,"AirGradient","AirGradient"
4902926,"Sputnik-4","pm1",22.466333389282227,"µg/m³","2025-09-07T15:00:00Z","2025-09-07T20:00:00+05:00","Asia/Tashkent",41.204655,69.232522,,,,"AirGradient","AirGradient"
4902926,"Sputnik-4","pm1",26.906416575113933,"µg/m³","2025-09-07T16:00:00Z","2025-09-07T21:00:00+05:00","Asia/Tashkent",41.204655,69.232522,,,,"AirGradient","AirGradient"
4902926,"Sputnik-4","pm1",34.23854128519694,"µg/m³","2025-09-07T17:00:00Z","2025-09-07T22:00:00+05:00","Asia/Tashkent",41.204655,69.232522,,,,"AirGradient","AirGradient"
4902926,"Sputnik-4","pm1",26.17804177602132,"µg/m³","2025-09-07T18:00:00Z","2025-09-07T23:00:00+05:00","Asia/Tashkent",41.204655,69.232522,,,,"AirGradient","AirGradient"
4902926,"Sputnik-4","pm1",23.19716676076253,"µg/m³","2025-09-07T19:00:00Z","2025-09-08T00:00:00+05:00","Asia/Tashkent",41.204655,69.232522,,,,"AirGradient","AirGradient"
4902926,"Sputnik-4","pm1",22.22950013478597,"µg/m³","2025-09-07T20:00:00Z","2025-09-08T01:00:00+05:00","Asia/Tashkent",41.204655,69.232522,,,,"AirGradient","AirGradient"
4902926,"Sputnik-4","pm1",23.204583326975506,"µg/m³","2025-09-07T21:00:00Z","2025-09-08T02:00:00+05:00","Asia/Tashkent",41.204655,69.232522,,,,"AirGradient","AirGradient"
4902926,"Sputnik-4","pm1",18.006458282470703,"µg/m³","2025-09-07T22:00:00Z","2025-09-08T03:00:00+05:00","Asia/Tashkent",41.204655,69.232522,,,,"AirGradient","AirGradient"
4902926,"Sputnik-4","pm1",14.561458508173624,"µg/m³","2025-09-07T23:00:00Z","2025-09-08T04:00:00+05:00","Asia/Tashkent",41.204655,69.232522,,,,"AirGradient","AirGradient"
4902926,"Sputnik-4","pm1",13.057541688283285,"µg/m³","2025-09-08T00:00:00Z","2025-09-08T05:00:00+05:00","Asia/Tashkent",41.204655,69.232522,,,,"AirGradient","AirGradient"
4902926,"Sputnik-4","pm1",18.000041643778484,"µg/m³","2025-09-08T01:00:00Z","2025-09-08T06:00:00+05:00","Asia/Tashkent",41.204655,69.232522,,,,"AirGradient","AirGradient"
4902926,"Sputnik-4","pm1",20.480916341145832,"µg/m³","2025-09-08T02:00:00Z","2025-09-08T07:00:00+05:00","Asia/Tashkent",41.204655,69.232522,,,,"AirGradient","AirGradient"
4902926,"Sputnik-4","pm1",20.45816659927368,"µg/m³","2025-09-08T03:00:00Z","2025-09-08T08:00:00+05:00","Asia/Tashkent",41.204655,69.232522,,,,"AirGradient","AirGradient"
4902926,"Sputnik-4","pm1",24.385583241780598,"µg/m³","2025-09-08T04:00:00Z","2025-09-08T09:00:00+05:00","Asia/Tashkent",41.204655,69.232522,,,,"AirGradient","AirGradient"
4902926,"Sputnik-4","pm1",23.711750030517578,"µg/m³","2025-09-08T05:00:00Z","2025-09-08T10:00:00+05:00","Asia/Tashkent",41.204655,69.232522,,,,"AirGradient","AirGradient"
4902926,"Sputnik-4","pm1",24.037375291188557,"µg/m³","2025-09-08T06:00:00Z","2025-09-08T11:00:00+05:00","Asia/Tashkent",41.204655,69.232522,,,,"AirGradient","AirGradient"
4902926,"Sputnik-4","pm1",19.10420831044515,"µg/m³","2025-09-08T07:00:00Z","2025-09-08T12:00:00+05:00","Asia/Tashkent",41.204655,69.232522,,,,"AirGradient","AirGradient"
4902926,"Sputnik-4","pm1",13.063249905904135,"µg/m³","2025-09-08T08:00:00Z","2025-09-08T13:00:00+05:00","Asia/Tashkent",41.204655,69.232522,,,,"AirGradient","AirGradient"
4902926,"Sputnik-4","pm1",13.53166655699412,"µg/m³","2025-09-08T09:00:00Z","2025-09-08T14:00:00+05:00","Asia/Tashkent",41.204655,69.232522,,,,"AirGradient","AirGradient"
4902926,"Sputnik-4","pm1",1.8045833533008893,"µg/m³","2025-09-08T10:00:00Z","2025-09-08T15:00:00+05:00","Asia/Tashkent",41.204655,69.232522,,,,"AirGradient","AirGradient"
4902926,"Sputnik-4","pm1",7.658874988555908,"µg/m³","2025-09-08T16:00:00Z","2025-09-08T21:00:00+05:00","Asia/Tashkent",41.204655,69.232522,,,,"AirGradient","AirGradient"
4902926,"Sputnik-4","pm1",12.579750061035156,"µg/m³","2025-09-08T17:00:00Z","2025-09-08T22:00:00+05:00","Asia/Tashkent",41.204655,69.232522,,,,"AirGradient","AirGradient"
4902926,"Sputnik-4","pm1",18.165833473205566,"µg/m³","2025-09-08T18:00:00Z","2025-09-08T23:00:00+05:00","Asia/Tashkent",41.204655,69.232522,,,,"AirGradient","AirGradient"
4902926,"Sputnik-4","pm1",14.156569480895996,"µg/m³","2025-09-08T19:00:00Z","2025-09-09T00:00:00+05:00","Asia/Tashkent",41.204655,69.232522,,,,"AirGradient","AirGradient"
4902926,"Sputnik-4","pm1",12.571583350499472,"µg/m³","2025-09-08T20:00:00Z","2025-09-09T01:00:00+05:00","Asia/Tashkent",41.204655,69.232522,,,,"AirGradient","AirGradient"
4902926,"Sputnik-4","pm1",9.311083436012268,"µg/m³","2025-09-08T21:00:00Z","2025-09-09T02:00:00+05:00","Asia/Tashkent",41.204655,69.232522,,,,"AirGradient","AirGradient"
4902926,"Sputnik-4","pm1",9.215750018755594,"µg/m³","2025-09-08T22:00:00Z","2025-09-09T03:00:00+05:00","Asia/Tashkent",41.204655,69.232522,,,,"AirGradient","AirGradient"
4902926,"Sputnik-4","pm1",8.288291652997335,"µg/m³","2025-09-08T23:00:00Z","2025-09-09T04:00:00+05:00","Asia/Tashkent",41.204655,69.232522,,,,"AirGradient","AirGradient"
4902926,"Sputnik-4","pm1",18.855375170707703,"µg/m³","2025-09-09T00:00:00Z","2025-09-09T05:00:00+05:00","Asia/Tashkent",41.204655,69.232522,,,,"AirGradient","AirGradient"
4902926,"Sputnik-4","pm1",21.88633330663045,"µg/m³","2025-09-09T01:00:00Z","2025-09-09T06:00:00+05:00","Asia/Tashkent",41.204655,69.232522,,,,"AirGradient","AirGradient"
4902926,"Sputnik-4","pm1",18.244874636332195,"µg/m³","2025-09-09T02:00:00Z","2025-09-09T07:00:00+05:00","Asia/Tashkent",41.204655,69.232522,,,,"AirGradient","AirGradient"
4902926,"Sputnik-4","pm1",9.682541569073996,"µg/m³","2025-09-09T03:00:00Z","2025-09-09T08:00:00+05:00","Asia/Tashkent",41.204655,69.232522,,,,"AirGradient","AirGradient"
4902926,"Sputnik-4","pm1",5.953833341598511,"µg/m³","2025-09-09T04:00:00Z","2025-09-09T09:00:00+05:00","Asia/Tashkent",41.204655,69.232522,,,,"AirGradient","AirGradient"
4902926,"Sputnik-4","pm1",13.269416491190592,"µg/m³","2025-09-09T05:00:00Z","2025-09-09T10:00:00+05:00","Asia/Tashkent",41.204655,69.232522,,,,"AirGradient","AirGradient"
4902926,"Sputnik-4","pm1",17.476416905721027,"µg/m³","2025-09-09T06:00:00Z","2025-09-09T11:00:00+05:00","Asia/Tashkent",41.204655,69.232522,,,,"AirGradient","AirGradient"
4902926,"Sputnik-4","pm1",9.87808338801066,"µg/m³","2025-09-09T07:00:00Z","2025-09-09T12:00:00+05:00","Asia/Tashkent",41.204655,69.232522,,,,"AirGradient","AirGradient"
4902926,"Sputnik-4","pm1",3.854499965906143,"µg/m³","2025-09-09T08:00:00Z","2025-09-09T13:00:00+05:00","Asia/Tashkent",41.204655,69.232522,,,,"AirGradient","AirGradient"
4902926,"Sputnik-4","pm1",4.962916672229767,"µg/m³","2025-09-09T09:00:00Z","2025-09-09T14:00:00+05:00","Asia/Tashkent",41.204655,69.232522,,,,"AirGradient","AirGradient"
4902926,"Sputnik-4","pm1",4.569708327452342,"µg/m³","2025-09-09T10:00:00Z","2025-09-09T15:00:00+05:00","Asia/Tashkent",41.204655,69.232522,,,,"AirGradient","AirGradient"
4902926,"Sputnik-4","pm1",0.44987500955661136,"µg/m³","2025-09-09T11:00:00Z","2025-09-09T16:00:00+05:00","Asia/Tashkent",41.204655,69.232522,,,,"AirGradient","AirGradient"
4902926,"Sputnik-4","pm1",0.02500000037252903,"µg/m³","2025-09-09T12:00:00Z","2025-09-09T17:00:00+05:00","Asia/Tashkent",41.204655,69.232522,,,,"AirGradient","AirGradient"
4902926,"Sputnik-4","pm1",0.016791667168339092,"µg/m³","2025-09-09T13:00:00Z","2025-09-09T18:00:00+05:00","Asia/Tashkent",41.204655,69.232522,,,,"AirGradient","AirGradient"
4902926,"Sputnik-4","pm1",0.9945416674017906,"µg/m³","2025-09-09T14:00:00Z","2025-09-09T19:00:00+05:00","Asia/Tashkent",41.204655,69.232522,,,,"AirGradient","AirGradient"
4902926,"Sputnik-4","pm1",5.209791620572408,"µg/m³","2025-09-09T15:00:00Z","2025-09-09T20:00:00+05:00","Asia/Tashkent",41.204655,69.232522,,,,"AirGradient","AirGradient"
4902926,"Sputnik-4","pm1",5.979291717211406,"µg/m³","2025-09-09T16:00:00Z","2025-09-09T21:00:00+05:00","Asia/Tashkent",41.204655,69.232522,,,,"AirGradient","AirGradient"
4902926,"Sputnik-4","pm1",5.598166664441426,"µg/m³","2025-09-09T17:00:00Z","2025-09-09T22:00:00+05:00","Asia/Tashkent",41.204655,69.232522,,,,"AirGradient","AirGradient"
4902926,"Sputnik-4","pm1",4.695666650931041,"µg/m³","2025-09-09T18:00:00Z","2025-09-09T23:00:00+05:00","Asia/Tashkent",41.204655,69.232522,,,,"AirGradient","AirGradient"
4902926,"Sputnik-4","pm1",3.824458340803782,"µg/m³","2025-09-09T19:00:00Z","2025-09-10T00:00:00+05:00","Asia/Tashkent",41.204655,69.232522,,,,"AirGradient","AirGradient"
4902926,"Sputnik-4","pm1",5.7144166231155396,"µg/m³","2025-09-09T20:00:00Z","2025-09-10T01:00:00+05:00","Asia/Tashkent",41.204655,69.232522,,,,"AirGradient","AirGradient"
4902926,"Sputnik-4","pm1",9.50529177983602,"µg/m³","2025-09-09T21:00:00Z","2025-09-10T02:00:00+05:00","Asia/Tashkent",41.204655,69.232522,,,,"AirGradient","AirGradient"
4902926,"Sputnik-4","pm1",16.435250123341877,"µg/m³","2025-09-09T22:00:00Z","2025-09-10T03:00:00+05:00","Asia/Tashkent",41.204655,69.232522,,,,"AirGradient","AirGradient"
4902926,"Sputnik-4","pm1",20.132124821345013,"µg/m³","2025-09-09T23:00:00Z","2025-09-10T04:00:00+05:00","Asia/Tashkent",41.204655,69.232522,,,,"AirGradient","AirGradient"
4902926,"Sputnik-4","pm1",22.842666625976562,"µg/m³","2025-09-10T00:00:00Z","2025-09-10T05:00:00+05:00","Asia/Tashkent",41.204655,69.232522,,,,"AirGradient","AirGradient"
4902926,"Sputnik-4","pm1",12.616291681925455,"µg/m³","2025-09-10T01:00:00Z","2025-09-10T06:00:00+05:00","Asia/Tashkent",41.204655,69.232522,,,,"AirGradient","AirGradient"
4902926,"Sputnik-4","pm1",6.138750036557515,"µg/m³","2025-09-10T02:00:00Z","2025-09-10T07:00:00+05:00","Asia/Tashkent",41.204655,69.232522,,,,"AirGradient","AirGradient"
4902926,"Sputnik-4","pm1",22.463666558265686,"µg/m³","2025-09-10T03:00:00Z","2025-09-10T08:00:00+05:00","Asia/Tashkent",41.204655,69.232522,,,,"AirGradient","AirGradient"
4902926,"Sputnik-4","pm1",28.779500007629395,"µg/m³","2025-09-10T04:00:00Z","2025-09-10T09:00:00+05:00","Asia/Tashkent",41.204655,69.232522,,,,"AirGradient","AirGradient"
4902926,"Sputnik-4","pm1",23.373430569966633,"µg/m³","2025-09-10T05:00:00Z","2025-09-10T10:00:00+05:00","Asia/Tashkent",41.204655,69.232522,,,,"AirGradient","AirGradient"
4902926,"Sputnik-4","pm1",21.656458377838135,"µg/m³","2025-09-10T06:00:00Z","2025-09-10T11:00:00+05:00","Asia/Tashkent",41.204655,69.232522,,,,"AirGradient","AirGradient"
4902926,"Sputnik-4","pm1",12.252958377202352,"µg/m³","2025-09-10T07:00:00Z","2025-09-10T12:00:00+05:00","Asia/Tashkent",41.204655,69.232522,,,,"AirGradient","AirGradient"
4902926,"Sputnik-4","pm1",1.4294166664282482,"µg/m³","2025-09-10T08:00:00Z","2025-09-10T13:00:00+05:00","Asia/Tashkent",41.204655,69.232522,,,,"AirGradient","AirGradient"
4902926,"Sputnik-4","pm1",0.7607500118513902,"µg/m³","2025-09-10T09:00:00Z","2025-09-10T14:00:00+05:00","Asia/Tashkent",41.204655,69.232522,,,,"AirGradient","AirGradient"
4902926,"Sputnik-4","pm1",0.6665833381315073,"µg/m³","2025-09-10T10:00:00Z","2025-09-10T15:00:00+05:00","Asia/Tashkent",41.204655,69.232522,,,,"AirGradient","AirGradient"
4902926,"Sputnik-4","pm1",0.35433334360520047,"µg/m³","2025-09-10T11:00:00Z","2025-09-10T16:00:00+05:00","Asia/Tashkent",41.204655,69.232522,,,,"AirGradient","AirGradient"
4902926,"Sputnik-4","pm1",0.3058333409329255,"µg/m³","2025-09-10T12:00:00Z","2025-09-10T17:00:00+05:00","Asia/Tashkent",41.204655,69.232522,,,,"AirGradient","AirGradient"
4902926,"Sputnik-4","pm1",0.1401249977449576,"µg/m³","2025-09-10T13:00:00Z","2025-09-10T18:00:00+05:00","Asia/Tashkent",41.204655,69.232522,,,,"AirGradient","AirGradient"
4902926,"Sputnik-4","pm1",0.7850416687627634,"µg/m³","2025-09-10T14:00:00Z","2025-09-10T19:00:00+05:00","Asia/Tashkent",41.204655,69.232522,,,,"AirGradient","AirGradient"
4902926,"Sputnik-4","pm1",3.8401249845822654,"µg/m³","2025-09-10T15:00:00Z","2025-09-10T20:00:00+05:00","Asia/Tashkent",41.204655,69.232522,,,,"AirGradient","AirGradient"
4902926,"Sputnik-4","pm1",3.72858335574468,"µg/m³","2025-09-10T16:00:00Z","2025-09-10T21:00:00+05:00","Asia/Tashkent",41.204655,69.232522,,,,"AirGradient","AirGradient"
4902926,"Sputnik-4","pm1",2.297347217798233,"µg/m³","2025-09-10T17:00:00Z","2025-09-10T22:00:00+05:00","Asia/Tashkent",41.204655,69.232522,,,,"AirGradient","AirGradient"
4902926,"Sputnik-4","pm1",1.5359860931833584,"µg/m³","2025-09-10T18:00:00Z","2025-09-10T23:00:00+05:00","Asia/Tashkent",41.204655,69.232522,,,,"AirGradient","AirGradient"
4902926,"Sputnik-4","pm1",1.3403333394477766,"µg/m³","2025-09-10T19:00:00Z","2025-09-11T00:00:00+05:00","Asia/Tashkent",41.204655,69.232522,,,,"AirGradient","AirGradient"
4902926,"Sputnik-4","pm1",2.3243750035762787,"µg/m³","2025-09-10T20:00:00Z","2025-09-11T01:00:00+05:00","Asia/Tashkent",41.204655,69.232522,,,,"AirGradient","AirGradient"
4902926,"Sputnik-4","pm1",1.7062916457653046,"µg/m³","2025-09-10T21:00:00Z","2025-09-11T02:00:00+05:00","Asia/Tashkent",41.204655,69.232522,,,,"AirGradient","AirGradient"
4902926,"Sputnik-4","pm1",1.544333331907789,"µg/m³","2025-09-10T22:00:00Z","2025-09-11T03:00:00+05:00","Asia/Tashkent",41.204655,69.232522,,,,"AirGradient","AirGradient"
4902926,"Sputnik-4","pm1",9.247124950091044,"µg/m³","2025-09-10T23:00:00Z","2025-09-11T04:00:00+05:00","Asia/Tashkent",41.204655,69.232522,,,,"AirGradient","AirGradient"
4902926,"Sputnik-4","pm1",4.8189583619435625,"µg/m³","2025-09-11T00:00:00Z","2025-09-11T05:00:00+05:00","Asia/Tashkent",41.204655,69.232522,,,,"AirGradient","AirGradient"
4902926,"Sputnik-4","pm1",9.315625031789144,"µg/m³","2025-09-11T01:00:00Z","2025-09-11T06:00:00+05:00","Asia/Tashkent",41.204655,69.232522,,,,"AirGradient","AirGradient"
4902926,"Sputnik-4","pm1",7.184833248456319,"µg/m³","2025-09-11T02:00:00Z","2025-09-11T07:00:00+05:00","Asia/Tashkent",41.204655,69.232522,,,,"AirGradient","AirGradient"
4902926,"Sputnik-4","pm1",4.947041650613149,"µg/m³","2025-09-11T03:00:00Z","2025-09-11T08:00:00+05:00","Asia/Tashkent",41.204655,69.232522,,,,"AirGradient","AirGradient"
4902926,"Sputnik-4","pm1",7.489208380381267,"µg/m³","2025-09-11T04:00:00Z","2025-09-11T09:00:00+05:00","Asia/Tashkent",41.204655,69.232522,,,,"AirGradient","AirGradient"
4902926,"Sputnik-4","pm1",4.937124989926815,"µg/m³","2025-09-11T05:00:00Z","2025-09-11T10:00:00+05:00","Asia/Tashkent",41.204655,69.232522,,,,"AirGradient","AirGradient"
4902926,"Sputnik-4","pm1",0.03258333293100198,"µg/m³","2025-09-11T06:00:00Z","2025-09-11T11:00:00+05:00","Asia/Tashkent",41.204655,69.232522,,,,"AirGradient","AirGradient"
4902926,"Sputnik-4","pm1",0.04574999958276749,"µg/m³","2025-09-11T07:00:00Z","2025-09-11T12:00:00+05:00","Asia/Tashkent",41.204655,69.232522,,,,"AirGradient","AirGradient"
4902926,"Sputnik-4","pm1",0.17570833458254734,"µg/m³","2025-09-11T08:00:00Z","2025-09-11T13:00:00+05:00","Asia/Tashkent",41.204655,69.232522,,,,"AirGradient","AirGradient"
4902926,"Sputnik-4","pm1",0.3141666805992524,"µg/m³","2025-09-11T09:00:00Z","2025-09-11T14:00:00+05:00","Asia/Tashkent",41.204655,69.232522,,,,"AirGradient","AirGradient"
4902926,"Sputnik-4","pm1",0.030500000342726707,"µg/m³","2025-09-11T10:00:00Z","2025-09-11T15:00:00+05:00","Asia/Tashkent",41.204655,69.232522,,,,"AirGradient","AirGradient"
4902926,"Sputnik-4","pm1",0,"µg/m³","2025-09-11T11:00:00Z","2025-09-11T16:00:00+05:00","Asia/Tashkent",41.204655,69.232522,,,,"AirGradient","AirGradient"
4902926,"Sputnik-4","pm1",0.044500001395742096,"µg/m³","2025-09-11T12:00:00Z","2025-09-11T17:00:00+05:00","Asia/Tashkent",41.204655,69.232522,,,,"AirGradient","AirGradient"
4902926,"Sputnik-4","pm1",0.14741666615009308,"µg/m³","2025-09-11T13:00:00Z","2025-09-11T18:00:00+05:00","Asia/Tashkent",41.204655,69.232522,,,,"AirGradient","AirGradient"
4902926,"Sputnik-4","pm1",0.6401250039537748,"µg/m³","2025-09-11T14:00:00Z","2025-09-11T19:00:00+05:00","Asia/Tashkent",41.204655,69.232522,,,,"AirGradient","AirGradient"
4902926,"Sputnik-4","pm1",1.0520833308498065,"µg/m³","2025-09-11T15:00:00Z","2025-09-11T20:00:00+05:00","Asia/Tashkent",41.204655,69.232522,,,,"AirGradient","AirGradient"
4902926,"Sputnik-4","pm1",2.0194583435853324,"µg/m³","2025-09-11T16:00:00Z","2025-09-11T21:00:00+05:00","Asia/Tashkent",41.204655,69.232522,,,,"AirGradient","AirGradient"
4902926,"Sputnik-4","pm1",2.5083749989668527,"µg/m³","2025-09-11T17:00:00Z","2025-09-11T22:00:00+05:00","Asia/Tashkent",41.204655,69.232522,,,,"AirGradient","AirGradient"
4902926,"Sputnik-4","pm1",3.756166696548462,"µg/m³","2025-09-11T18:00:00Z","2025-09-11T23:00:00+05:00","Asia/Tashkent",41.204655,69.232522,,,,"AirGradient","AirGradient"
4902926,"Sputnik-4","pm1",3.8540000120798745,"µg/m³","2025-09-11T19:00:00Z","2025-09-12T00:00:00+05:00","Asia/Tashkent",41.204655,69.232522,,,,"AirGradient","AirGradient"
4902926,"Sputnik-4","pm1",4.735333363215129,"µg/m³","2025-09-11T20:00:00Z","2025-09-12T01:00:00+05:00","Asia/Tashkent",41.204655,69.232522,,,,"AirGradient","AirGradient"
4902926,"Sputnik-4","pm1",5.565916657447815,"µg/m³","2025-09-11T21:00:00Z","2025-09-12T02:00:00+05:00","Asia/Tashkent",41.204655,69.232522,,,,"AirGradient","AirGradient"
4902926,"Sputnik-4","pm1",5.842958370844523,"µg/m³","2025-09-11T22:00:00Z","2025-09-12T03:00:00+05:00","Asia/Tashkent",41.204655,69.232522,,,,"AirGradient","AirGradient"
4902926,"Sputnik-4","pm1",15.400541504224142,"µg/m³","2025-09-11T23:00:00Z","2025-09-12T04:00:00+05:00","Asia/Tashkent",41.204655,69.232522,,,,"AirGradient","AirGradient"
4902926,"Sputnik-4","pm1",19.879291772842407,"µg/m³","2025-09-12T00:00:00Z","2025-09-12T05:00:00+05:00","Asia/Tashkent",41.204655,69.232522,,,,"AirGradient","AirGradient"
4902926,"Sputnik-4","pm1",17.82154146830241,"µg/m³","2025-09-12T01:00:00Z","2025-09-12T06:00:00+05:00","Asia/Tashkent",41.204655,69.232522,,,,"AirGradient","AirGradient"
4902926,"Sputnik-4","pm1",22.057583491007488,"µg/m³","2025-09-12T02:00:00Z","2025-09-12T07:00:00+05:00","Asia/Tashkent",41.204655,69.232522,,,,"AirGradient","AirGradient"
4902926,"Sputnik-4","pm1",22.4149169921875,"µg/m³","2025-09-12T03:00:00Z","2025-09-12T08:00:00+05:00","Asia/Tashkent",41.204655,69.232522,,,,"AirGradient","AirGradient"
4902926,"Sputnik-4","pm1",22.97380558649699,"µg/m³","2025-09-12T04:00:00Z","2025-09-12T09:00:00+05:00","Asia/Tashkent",41.204655,69.232522,,,,"AirGradient","AirGradient"
4902926,"Sputnik-4","pm1",20.09629185994466,"µg/m³","2025-09-12T05:00:00Z","2025-09-12T10:00:00+05:00","Asia/Tashkent",41.204655,69.232522,,,,"AirGradient","AirGradient"
4902926,"Sputnik-4","pm1",16.15166648228963,"µg/m³","2025-09-12T06:00:00Z","2025-09-12T11:00:00+05:00","Asia/Tashkent",41.204655,69.232522,,,,"AirGradient","AirGradient"
4902926,"Sputnik-4","pm1",10.343847155570984,"µg/m³","2025-09-12T07:00:00Z","2025-09-12T12:00:00+05:00","Asia/Tashkent",41.204655,69.232522,,,,"AirGradient","AirGradient"
4902926,"Sputnik-4","pm1",8.894624948501587,"µg/m³","2025-09-12T08:00:00Z","2025-09-12T13:00:00+05:00","Asia/Tashkent",41.204655,69.232522,,,,"AirGradient","AirGradient"
4902926,"Sputnik-4","pm1",6.011458317438762,"µg/m³","2025-09-12T09:00:00Z","2025-09-12T14:00:00+05:00","Asia/Tashkent",41.204655,69.232522,,,,"AirGradient","AirGradient"
4902926,"Sputnik-4","pm1",4.242597202459971,"µg/m³","2025-09-12T10:00:00Z","2025-09-12T15:00:00+05:00","Asia/Tashkent",41.204655,69.232522,,,,"AirGradient","AirGradient"
4902926,"Sputnik-4","pm1",1.314583343764146,"µg/m³","2025-09-12T11:00:00Z","2025-09-12T16:00:00+05:00","Asia/Tashkent",41.204655,69.232522,,,,"AirGradient","AirGradient"
4902926,"Sputnik-4","pm1",0.37062499796350795,"µg/m³","2025-09-12T12:00:00Z","2025-09-12T17:00:00+05:00","Asia/Tashkent",41.204655,69.232522,,,,"AirGradient","AirGradient"
4902926,"Sputnik-4","pm1",1.2945000007748604,"µg/m³","2025-09-12T13:00:00Z","2025-09-12T18:00:00+05:00","Asia/Tashkent",41.204655,69.232522,,,,"AirGradient","AirGradient"
4902926,"Sputnik-4","pm1",1.5015833328167598,"µg/m³","2025-09-12T14:00:00Z","2025-09-12T19:00:00+05:00","Asia/Tashkent",41.204655,69.232522,,,,"AirGradient","AirGradient"
4902926,"Sputnik-4","pm1",4.439000030358632,"µg/m³","2025-09-12T15:00:00Z","2025-09-12T20:00:00+05:00","Asia/Tashkent",41.204655,69.232522,,,,"AirGradient","AirGradient"
4902926,"Sputnik-4","pm1",8.49649997552236,"µg/m³","2025-09-12T16:00:00Z","2025-09-12T21:00:00+05:00","Asia/Tashkent",41.204655,69.232522,,,,"AirGradient","AirGradient"
4902926,"Sputnik-4","pm1",10.12387498219808,"µg/m³","2025-09-12T17:00:00Z","2025-09-12T22:00:00+05:00","Asia/Tashkent",41.204655,69.232522,,,,"AirGradient","AirGradient"
4902926,"Sputnik-4","pm1",20.5083749294281,"µg/m³","2025-09-12T18:00:00Z","2025-09-12T23:00:00+05:00","Asia/Tashkent",41.204655,69.232522,,,,"AirGradient","AirGradient"
4902926,"Sputnik-4","pm1",29.62654193242391,"µg/m³","2025-09-12T19:00:00Z","2025-09-13T00:00:00+05:00","Asia/Tashkent",41.204655,69.232522,,,,"AirGradient","AirGradient"
4902926,"Sputnik-4","pm1",29.398208141326904,"µg/m³","2025-09-12T20:00:00Z","2025-09-13T01:00:00+05:00","Asia/Tashkent",41.204655,69.232522,,,,"AirGradient","AirGradient"
4902926,"Sputnik-4","pm1",25.314708550771076,"µg/m³","2025-09-12T21:00:00Z","2025-09-13T02:00:00+05:00","Asia/Tashkent",41.204655,69.232522,,,,"AirGradient","AirGradient"
4902926,"Sputnik-4","pm1",23.66012493769328,"µg/m³","2025-09-12T22:00:00Z","2025-09-13T03:00:00+05:00","Asia/Tashkent",41.204655,69.232522,,,,"AirGradient","AirGradient"
4902926,"Sputnik-4","pm1",19.48787498474121,"µg/m³","2025-09-12T23:00:00Z","2025-09-13T04:00:00+05:00","Asia/Tashkent",41.204655,69.232522,,,,"AirGradient","AirGradient"
4902926,"Sputnik-4","pm1",16.626541535059612,"µg/m³","2025-09-13T00:00:00Z","2025-09-13T05:00:00+05:00","Asia/Tashkent",41.204655,69.232522,,,,"AirGradient","AirGradient"
4902926,"Sputnik-4","pm1",15.937249978383383,"µg/m³","2025-09-13T01:00:00Z","2025-09-13T06:00:00+05:00","Asia/Tashkent",41.204655,69.232522,,,,"AirGradient","AirGradient"
4902926,"Sputnik-4","pm1",17.17062481244405,"µg/m³","2025-09-13T02:00:00Z","2025-09-13T07:00:00+05:00","Asia/Tashkent",41.204655,69.232522,,,,"AirGradient","AirGradient"
4902926,"Sputnik-4","pm1",20.001083374023438,"µg/m³","2025-09-13T03:00:00Z","2025-09-13T08:00:00+05:00","Asia/Tashkent",41.204655,69.232522,,,,"AirGradient","AirGradient"
4902926,"Sputnik-4","pm1",11.758180538813273,"µg/m³","2025-09-13T04:00:00Z","2025-09-13T09:00:00+05:00","Asia/Tashkent",41.204655,69.232522,,,,"AirGradient","AirGradient"
4902926,"Sputnik-4","pm1",7.316708326339722,"µg/m³","2025-09-13T05:00:00Z","2025-09-13T10:00:00+05:00","Asia/Tashkent",41.204655,69.232522,,,,"AirGradient","AirGradient"
4902926,"Sputnik-4","pm1",4.783125003178914,"µg/m³","2025-09-13T06:00:00Z","2025-09-13T11:00:00+05:00","Asia/Tashkent",41.204655,69.232522,,,,"AirGradient","AirGradient"
4902926,"Sputnik-4","pm1",4.772541642189026,"µg/m³","2025-09-13T07:00:00Z","2025-09-13T12:00:00+05:00","Asia/Tashkent",41.204655,69.232522,,,,"AirGradient","AirGradient"
4902926,"Sputnik-4","pm1",8.330652912457785,"µg/m³","2025-09-13T08:00:00Z","2025-09-13T13:00:00+05:00","Asia/Tashkent",41.204655,69.232522,,,,"AirGradient","AirGradient"
4902926,"Sputnik-4","pm1",16.387750069300335,"µg/m³","2025-09-13T09:00:00Z","2025-09-13T14:00:00+05:00","Asia/Tashkent",41.204655,69.232522,,,,"AirGradient","AirGradient"
4902926,"Sputnik-4","pm1",13.42675002415975,"µg/m³","2025-09-13T10:00:00Z","2025-09-13T15:00:00+05:00","Asia/Tashkent",41.204655,69.232522,,,,"AirGradient","AirGradient"
4902926,"Sputnik-4","pm1",12.007166544596354,"µg/m³","2025-09-13T11:00:00Z","2025-09-13T16:00:00+05:00","Asia/Tashkent",41.204655,69.232522,,,,"AirGradient","AirGradient"
4902926,"Sputnik-4","pm1",1.3413194390013814,"µg/m³","2025-09-13T12:00:00Z","2025-09-13T17:00:00+05:00","Asia/Tashkent",41.204655,69.232522,,,,"AirGradient","AirGradient"
4902926,"Sputnik-4","pm1",0.2554583288729191,"µg/m³","2025-09-13T13:00:00Z","2025-09-13T18:00:00+05:00","Asia/Tashkent",41.204655,69.232522,,,,"AirGradient","AirGradient"
4902926,"Sputnik-4","pm1",1.924999992052714,"µg/m³","2025-09-13T14:00:00Z","2025-09-13T19:00:00+05:00","Asia/Tashkent",41.204655,69.232522,,,,"AirGradient","AirGradient"
4902926,"Sputnik-4","pm1",5.759041726589203,"µg/m³","2025-09-13T15:00:00Z","2025-09-13T20:00:00+05:00","Asia/Tashkent",41.204655,69.232522,,,,"AirGradient","AirGradient"
4902926,"Sputnik-4","pm1",8.180416623751322,"µg/m³","2025-09-13T16:00:00Z","2025-09-13T21:00:00+05:00","Asia/Tashkent",41.204655,69.232522,,,,"AirGradient","AirGradient"
4902926,"Sputnik-4","pm1",7.871458371480306,"µg/m³","2025-09-13T17:00:00Z","2025-09-13T22:00:00+05:00","Asia/Tashkent",41.204655,69.232522,,,,"AirGradient","AirGradient"
4902926,"Sputnik-4","pm1",9.501416563987732,"µg/m³","2025-09-13T18:00:00Z","2025-09-13T23:00:00+05:00","Asia/Tashkent",41.204655,69.232522,,,,"AirGradient","AirGradient"
4902926,"Sputnik-4","pm1",17.24958340326945,"µg/m³","2025-09-13T19:00:00Z","2025-09-14T00:00:00+05:00","Asia/Tashkent",41.204655,69.232522,,,,"AirGradient","AirGradient"
4902926,"Sputnik-4","pm1",24.36874993642171,"µg/m³","2025-09-13T20:00:00Z","2025-09-14T01:00:00+05:00","Asia/Tashkent",41.204655,69.232522,,,,"AirGradient","AirGradient"
4902926,"Sputnik-4","pm1",24.080791632334392,"µg/m³","2025-09-13T21:00:00Z","2025-09-14T02:00:00+05:00","Asia/Tashkent",41.204655,69.232522,,,,"AirGradient","AirGradient"
4902926,"Sputnik-4","pm1",25.690583388010662,"µg/m³","2025-09-13T22:00:00Z","2025-09-14T03:00:00+05:00","Asia/Tashkent",41.204655,69.232522,,,,"AirGradient","AirGradient"
4902926,"Sputnik-4","pm1",27.188124974568684,"µg/m³","2025-09-13T23:00:00Z","2025-09-14T04:00:00+05:00","Asia/Tashkent",41.204655,69.232522,,,,"AirGradient","AirGradient"
4902926,"Sputnik-4","pm1",33.032833417256676,"µg/m³","2025-09-14T00:00:00Z","2025-09-14T05:00:00+05:00","Asia/Tashkent",41.204655,69.232522,,,,"AirGradient","AirGradient"
4902926,"Sputnik-4","pm1",27.218666553497314,"µg/m³","2025-09-14T01:00:00Z","2025-09-14T06:00:00+05:00","Asia/Tashkent",41.204655,69.232522,,,,"AirGradient","AirGradient"
4902926,"Sputnik-4","pm1",23.41208330790202,"µg/m³","2025-09-14T02:00:00Z","2025-09-14T07:00:00+05:00","Asia/Tashkent",41.204655,69.232522,,,,"AirGradient","AirGradient"
4902926,"Sputnik-4","pm1",24.749666531880695,"µg/m³","2025-09-14T03:00:00Z","2025-09-14T08:00:00+05:00","Asia/Tashkent",41.204655,69.232522,,,,"AirGradient","AirGradient"
4902926,"Sputnik-4","pm1",22.796791712443035,"µg/m³","2025-09-14T04:00:00Z","2025-09-14T09:00:00+05:00","Asia/Tashkent",41.204655,69.232522,,,,"AirGradient","AirGradient"
4902926,"Sputnik-4","pm1",18.02633325258891,"µg/m³","2025-09-14T05:00:00Z","2025-09-14T10:00:00+05:00","Asia/Tashkent",41.204655,69.232522,,,,"AirGradient","AirGradient"
4902926,"Sputnik-4","pm1",9.219541589419046,"µg/m³","2025-09-14T06:00:00Z","2025-09-14T11:00:00+05:00","Asia/Tashkent",41.204655,69.232522,,,,"AirGradient","AirGradient"
4902926,"Sputnik-4","pm1",7.237791697184245,"µg/m³","2025-09-14T07:00:00Z","2025-09-14T12:00:00+05:00","Asia/Tashkent",41.204655,69.232522,,,,"AirGradient","AirGradient"
4902926,"Sputnik-4","pm1",5.9491212584755635,"µg/m³","2025-09-14T08:00:00Z","2025-09-14T13:00:00+05:00","Asia/Tashkent",41.204655,69.232522,,,,"AirGradient","AirGradient"
4902926,"Sputnik-4","pm1",6.990527828534444,"µg/m³","2025-09-14T09:00:00Z","2025-09-14T14:00:00+05:00","Asia/Tashkent",41.204655,69.232522,,,,"AirGradient","AirGradient"
4902926,"Sputnik-4","pm1",4.826347231864929,"µg/m³","2025-09-14T10:00:00Z","2025-09-14T15:00:00+05:00","Asia/Tashkent",41.204655,69.232522,,,,"AirGradient","AirGradient"
4902926,"Sputnik-4","pm1",4.717291692892711,"µg/m³","2025-09-14T11:00:00Z","2025-09-14T16:00:00+05:00","Asia/Tashkent",41.204655,69.232522,,,,"AirGradient","AirGradient"
4902926,"Sputnik-4","pm1",2.9560833275318146,"µg/m³","2025-09-14T12:00:00Z","2025-09-14T17:00:00+05:00","Asia/Tashkent",41.204655,69.232522,,,,"AirGradient","AirGradient"
4902926,"Sputnik-4","pm1",3.234624981880188,"µg/m³","2025-09-14T13:00:00Z","2025-09-14T18:00:00+05:00","Asia/Tashkent",41.204655,69.232522,,,,"AirGradient","AirGradient"
4902926,"Sputnik-4","pm1",10.832125107447306,"µg/m³","2025-09-14T14:00:00Z","2025-09-14T19:00:00+05:00","Asia/Tashkent",41.204655,69.232522,,,,"AirGradient","AirGradient"
4902926,"Sputnik-4","pm1",26.419750054677326,"µg/m³","2025-09-14T15:00:00Z","2025-09-14T20:00:00+05:00","Asia/Tashkent",41.204655,69.232522,,,,"AirGradient","AirGradient"
4902926,"Sputnik-4","pm1",23.813083330790203,"µg/m³","2025-09-14T16:00:00Z","2025-09-14T21:00:00+05:00","Asia/Tashkent",41.204655,69.232522,,,,"AirGradient","AirGradient"
4902926,"Sputnik-4","pm1",15.560652812321981,"µg/m³","2025-09-14T17:00:00Z","2025-09-14T22:00:00+05:00","Asia/Tashkent",41.204655,69.232522,,,,"AirGradient","AirGradient"
4902926,"Sputnik-4","pm1",7.317125042279561,"µg/m³","2025-09-14T18:00:00Z","2025-09-14T23:00:00+05:00","Asia/Tashkent",41.204655,69.232522,,,,"AirGradient","AirGradient"
4902926,"Sputnik-4","pm1",9.556291619936625,"µg/m³","2025-09-14T19:00:00Z","2025-09-15T00:00:00+05:00","Asia/Tashkent",41.204655,69.232522,,,,"AirGradient","AirGradient"
4902926,"Sputnik-4","pm1",23.06962521870931,"µg/m³","2025-09-14T20:00:00Z","2025-09-15T01:00:00+05:00","Asia/Tashkent",41.204655,69.232522,,,,"AirGradient","AirGradient"
4902926,"Sputnik-4","pm1",27.623666922251385,"µg/m³","2025-09-14T21:00:00Z","2025-09-15T02:00:00+05:00","Asia/Tashkent",41.204655,69.232522,,,,"AirGradient","AirGradient"
4902926,"Sputnik-4","pm1",26.789999802907307,"µg/m³","2025-09-14T22:00:00Z","2025-09-15T03:00:00+05:00","Asia/Tashkent",41.204655,69.232522,,,,"AirGradient","AirGradient"
4902926,"Sputnik-4","pm1",25.70604149500529,"µg/m³","2025-09-14T23:00:00Z","2025-09-15T04:00:00+05:00","Asia/Tashkent",41.204655,69.232522,,,,"AirGradient","AirGradient"
4902926,"Sputnik-4","pm1",21.312111059824627,"µg/m³","2025-09-15T00:00:00Z","2025-09-15T05:00:00+05:00","Asia/Tashkent",41.204655,69.232522,,,,"AirGradient","AirGradient"
4902926,"Sputnik-4","pm1",18.940374771753948,"µg/m³","2025-09-15T01:00:00Z","2025-09-15T06:00:00+05:00","Asia/Tashkent",41.204655,69.232522,,,,"AirGradient","AirGradient"
4902926,"Sputnik-4","pm1",23.7235000928243,"µg/m³","2025-09-15T02:00:00Z","2025-09-15T07:00:00+05:00","Asia/Tashkent",41.204655,69.232522,,,,"AirGradient","AirGradient"
4902926,"Sputnik-4","pm1",22.34261131286621,"µg/m³","2025-09-15T03:00:00Z","2025-09-15T08:00:00+05:00","Asia/Tashkent",41.204655,69.232522,,,,"AirGradient","AirGradient"
4902926,"Sputnik-4","pm1",19.30791664123535,"µg/m³","2025-09-15T04:00:00Z","2025-09-15T09:00:00+05:00","Asia/Tashkent",41.204655,69.232522,,,,"AirGradient","AirGradient"
4902926,"Sputnik-4","pm1",5.029416700204213,"µg/m³","2025-09-15T05:00:00Z","2025-09-15T10:00:00+05:00","Asia/Tashkent",41.204655,69.232522,,,,"AirGradient","AirGradient"
4902926,"Sputnik-4","pm1",2.767416695753733,"µg/m³","2025-09-15T06:00:00Z","2025-09-15T11:00:00+05:00","Asia/Tashkent",41.204655,69.232522,,,,"AirGradient","AirGradient"
4902926,"Sputnik-4","pm1",2.040083338816961,"µg/m³","2025-09-15T07:00:00Z","2025-09-15T12:00:00+05:00","Asia/Tashkent",41.204655,69.232522,,,,"AirGradient","AirGradient"
4902926,"Sputnik-4","pm1",1.6974583317836125,"µg/m³","2025-09-15T08:00:00Z","2025-09-15T13:00:00+05:00","Asia/Tashkent",41.204655,69.232522,,,,"AirGradient","AirGradient"
4902926,"Sputnik-4","pm1",2.2001666550834975,"µg/m³","2025-09-15T09:00:00Z","2025-09-15T14:00:00+05:00","Asia/Tashkent",41.204655,69.232522,,,,"AirGradient","AirGradient"
4902926,"Sputnik-4","pm1",1.0514722323666017,"µg/m³","2025-09-15T10:00:00Z","2025-09-15T15:00:00+05:00","Asia/Tashkent",41.204655,69.232522,,,,"AirGradient","AirGradient"
4902926,"Sputnik-4","pm1",2.104763902723789,"µg/m³","2025-09-15T11:00:00Z","2025-09-15T16:00:00+05:00","Asia/Tashkent",41.204655,69.232522,,,,"AirGradient","AirGradient"
4902926,"Sputnik-4","pm1",0.39320833422243595,"µg/m³","2025-09-15T12:00:00Z","2025-09-15T17:00:00+05:00","Asia/Tashkent",41.204655,69.232522,,,,"AirGradient","AirGradient"
4902926,"Sputnik-4","pm1",9.645847194517652,"µg/m³","2025-09-15T13:00:00Z","2025-09-15T18:00:00+05:00","Asia/Tashkent",41.204655,69.232522,,,,"AirGradient","AirGradient"
4902926,"Sputnik-4","pm1",10.712874948978424,"µg/m³","2025-09-15T14:00:00Z","2025-09-15T19:00:00+05:00","Asia/Tashkent",41.204655,69.232522,,,,"AirGradient","AirGradient"
4902926,"Sputnik-4","pm1",3.9166250030199685,"µg/m³","2025-09-15T15:00:00Z","2025-09-15T20:00:00+05:00","Asia/Tashkent",41.204655,69.232522,,,,"AirGradient","AirGradient"
4902926,"Sputnik-4","pm1",2.198569405823946,"µg/m³","2025-09-15T16:00:00Z","2025-09-15T21:00:00+05:00","Asia/Tashkent",41.204655,69.232522,,,,"AirGradient","AirGradient"
4902926,"Sputnik-4","pm1",0.31250000310440856,"µg/m³","2025-09-15T17:00:00Z","2025-09-15T22:00:00+05:00","Asia/Tashkent",41.204655,69.232522,,,,"AirGradient","AirGradient"
4902926,"Sputnik-4","pm1",1.7915000120798747,"µg/m³","2025-09-15T18:00:00Z","2025-09-15T23:00:00+05:00","Asia/Tashkent",41.204655,69.232522,,,,"AirGradient","AirGradient"
4902926,"Sputnik-4","pm1",4.158458332220714,"µg/m³","2025-09-15T19:00:00Z","2025-09-16T00:00:00+05:00","Asia/Tashkent",41.204655,69.232522,,,,"AirGradient","AirGradient"
4902926,"Sputnik-4","pm1",1.8591249982515972,"µg/m³","2025-09-15T20:00:00Z","2025-09-16T01:00:00+05:00","Asia/Tashkent",41.204655,69.232522,,,,"AirGradient","AirGradient"
4902926,"Sputnik-4","pm1",4.434833337863286,"µg/m³","2025-09-15T21:00:00Z","2025-09-16T02:00:00+05:00","Asia/Tashkent",41.204655,69.232522,,,,"AirGradient","AirGradient"
4902926,"Sputnik-4","pm1",4.0727916558583575,"µg/m³","2025-09-15T22:00:00Z","2025-09-16T03:00:00+05:00","Asia/Tashkent",41.204655,69.232522,,,,"AirGradient","AirGradient"
4902926,"Sputnik-4","pm1",3.456166664759318,"µg/m³","2025-09-15T23:00:00Z","2025-09-16T04:00:00+05:00","Asia/Tashkent",41.204655,69.232522,,,,"AirGradient","AirGradient"
4902926,"Sputnik-4","pm1",6.147500038146973,"µg/m³","2025-09-16T00:00:00Z","2025-09-16T05:00:00+05:00","Asia/Tashkent",41.204655,69.232522,,,,"AirGradient","AirGradient"
4902926,"Sputnik-4","pm1",25.349027792612713,"µg/m³","2025-09-16T01:00:00Z","2025-09-16T06:00:00+05:00","Asia/Tashkent",41.204655,69.232522,,,,"AirGradient","AirGradient"
4902926,"Sputnik-4","pm1",23.79983313878377,"µg/m³","2025-09-16T02:00:00Z","2025-09-16T07:00:00+05:00","Asia/Tashkent",41.204655,69.232522,,,,"AirGradient","AirGradient"
4902926,"Sputnik-4","pm1",23.467819690704346,"µg/m³","2025-09-16T03:00:00Z","2025-09-16T08:00:00+05:00","Asia/Tashkent",41.204655,69.232522,,,,"AirGradient","AirGradient"
4902926,"Sputnik-4","pm1",17.434083501497906,"µg/m³","2025-09-16T04:00:00Z","2025-09-16T09:00:00+05:00","Asia/Tashkent",41.204655,69.232522,,,,"AirGradient","AirGradient"
4902926,"Sputnik-4","pm1",4.911583364009857,"µg/m³","2025-09-16T05:00:00Z","2025-09-16T10:00:00+05:00","Asia/Tashkent",41.204655,69.232522,,,,"AirGradient","AirGradient"
4902926,"Sputnik-4","pm1",2.485500012834867,"µg/m³","2025-09-16T06:00:00Z","2025-09-16T11:00:00+05:00","Asia/Tashkent",41.204655,69.232522,,,,"AirGradient","AirGradient"
4902926,"Sputnik-4","pm1",0.15549999848008156,"µg/m³","2025-09-16T07:00:00Z","2025-09-16T12:00:00+05:00","Asia/Tashkent",41.204655,69.232522,,,,"AirGradient","AirGradient"
4902926,"Sputnik-4","pm1",0.29850000391403836,"µg/m³","2025-09-16T08:00:00Z","2025-09-16T13:00:00+05:00","Asia/Tashkent",41.204655,69.232522,,,,"AirGradient","AirGradient"
4902926,"Sputnik-4","pm1",0.03599999969204267,"µg/m³","2025-09-16T09:00:00Z","2025-09-16T14:00:00+05:00","Asia/Tashkent",41.204655,69.232522,,,,"AirGradient","AirGradient"
4902926,"Sputnik-4","pm1",0,"µg/m³","2025-09-16T10:00:00Z","2025-09-16T15:00:00+05:00","Asia/Tashkent",41.204655,69.232522,,,,"AirGradient","AirGradient"
4902926,"Sputnik-4","pm1",0.19583333345750967,"µg/m³","2025-09-16T11:00:00Z","2025-09-16T16:00:00+05:00","Asia/Tashkent",41.204655,69.232522,,,,"AirGradient","AirGradient"
4902926,"Sputnik-4","pm1",1.8229167070239782,"µg/m³","2025-09-16T12:00:00Z","2025-09-16T17:00:00+05:00","Asia/Tashkent",41.204655,69.232522,,,,"AirGradient","AirGradient"
4902926,"Sputnik-4","pm1",0.019500000402331352,"µg/m³","2025-09-16T13:00:00Z","2025-09-16T18:00:00+05:00","Asia/Tashkent",41.204655,69.232522,,,,"AirGradient","AirGradient"
4902926,"Sputnik-4","pm1",0.9876666578153769,"µg/m³","2025-09-16T14:00:00Z","2025-09-16T19:00:00+05:00","Asia/Tashkent",41.204655,69.232522,,,,"AirGradient","AirGradient"
4902926,"Sputnik-4","pm1",4.845361093680064,"µg/m³","2025-09-16T15:00:00Z","2025-09-16T20:00:00+05:00","Asia/Tashkent",41.204655,69.232522,,,,"AirGradient","AirGradient"
4902926,"Sputnik-4","pm1",3.738527794679006,"µg/m³","2025-09-16T16:00:00Z","2025-09-16T21:00:00+05:00","Asia/Tashkent",41.204655,69.232522,,,,"AirGradient","AirGradient"
4902926,"Sputnik-4","pm1",2.93536110719045,"µg/m³","2025-09-16T17:00:00Z","2025-09-16T22:00:00+05:00","Asia/Tashkent",41.204655,69.232522,,,,"AirGradient","AirGradient"
4902926,"Sputnik-4","pm1",1.9808472121755283,"µg/m³","2025-09-16T18:00:00Z","2025-09-16T23:00:00+05:00","Asia/Tashkent",41.204655,69.232522,,,,"AirGradient","AirGradient"
4902926,"Sputnik-4","pm1",8.097388823827108,"µg/m³","2025-09-16T19:00:00Z","2025-09-17T00:00:00+05:00","Asia/Tashkent",41.204655,69.232522,,,,"AirGradient","AirGradient"
4902926,"Sputnik-4","pm1",5.454958397895098,"µg/m³","2025-09-16T20:00:00Z","2025-09-17T01:00:00+05:00","Asia/Tashkent",41.204655,69.232522,,,,"AirGradient","AirGradient"
4902926,"Sputnik-4","pm1",0.12216666837533315,"µg/m³","2025-09-16T21:00:00Z","2025-09-17T02:00:00+05:00","Asia/Tashkent",41.204655,69.232522,,,,"AirGradient","AirGradient"
4902926,"Sputnik-4","pm1",1.1415000011523564,"µg/m³","2025-09-16T22:00:00Z","2025-09-17T03:00:00+05:00","Asia/Tashkent",41.204655,69.232522,,,,"AirGradient","AirGradient"
4902926,"Sputnik-4","pm1",0.46949999531110126,"µg/m³","2025-09-16T23:00:00Z","2025-09-17T04:00:00+05:00","Asia/Tashkent",41.204655,69.232522,,,,"AirGradient","AirGradient"
4902926,"Sputnik-4","pm1",0.28733333572745323,"µg/m³","2025-09-17T00:00:00Z","2025-09-17T05:00:00+05:00","Asia/Tashkent",41.204655,69.232522,,,,"AirGradient","AirGradient"
4902926,"Sputnik-4","pm1",2.1733749893804393,"µg/m³","2025-09-17T01:00:00Z","2025-09-17T06:00:00+05:00","Asia/Tashkent",41.204655,69.232522,,,,"AirGradient","AirGradient"
4902926,"Sputnik-4","pm1",3.9135000308354697,"µg/m³","2025-09-17T02:00:00Z","2025-09-17T07:00:00+05:00","Asia/Tashkent",41.204655,69.232522,,,,"AirGradient","AirGradient"
4902926,"Sputnik-4","pm1",7.0332499742507935,"µg/m³","2025-09-17T03:00:00Z","2025-09-17T08:00:00+05:00","Asia/Tashkent",41.204655,69.232522,,,,"AirGradient","AirGradient"
4902926,"Sputnik-4","pm1",4.743847191333771,"µg/m³","2025-09-17T04:00:00Z","2025-09-17T09:00:00+05:00","Asia/Tashkent",41.204655,69.232522,,,,"AirGradient","AirGradient"
4902926,"Sputnik-4","pm1",2.1283749900758266,"µg/m³","2025-09-17T05:00:00Z","2025-09-17T10:00:00+05:00","Asia/Tashkent",41.204655,69.232522,,,,"AirGradient","AirGradient"
4902926,"Sputnik-4","pm1",0.07083333407839139,"µg/m³","2025-09-17T06:00:00Z","2025-09-17T11:00:00+05:00","Asia/Tashkent",41.204655,69.232522,,,,"AirGradient","AirGradient"
4902926,"Sputnik-4","pm1",0.05966666589180628,"µg/m³","2025-09-17T07:00:00Z","2025-09-17T12:00:00+05:00","Asia/Tashkent",41.204655,69.232522,,,,"AirGradient","AirGradient"
4902926,"Sputnik-4","pm1",0.22905555739998817,"µg/m³","2025-09-17T08:00:00Z","2025-09-17T13:00:00+05:00","Asia/Tashkent",41.204655,69.232522,,,,"AirGradient","AirGradient"
4902926,"Sputnik-4","pm1",0.282000000278155,"µg/m³","2025-09-17T09:00:00Z","2025-09-17T14:00:00+05:00","Asia/Tashkent",41.204655,69.232522,,,,"AirGradient","AirGradient"
4902926,"Sputnik-4","pm1",0.15849999835093817,"µg/m³","2025-09-17T10:00:00Z","2025-09-17T15:00:00+05:00","Asia/Tashkent",41.204655,69.232522,,,,"AirGradient","AirGradient"
4902926,"Sputnik-4","pm1",0.0472916675110658,"µg/m³","2025-09-17T11:00:00Z","2025-09-17T16:00:00+05:00","Asia/Tashkent",41.204655,69.232522,,,,"AirGradient","AirGradient"
4902926,"Sputnik-4","pm1",0.022166666264335316,"µg/m³","2025-09-17T12:00:00Z","2025-09-17T17:00:00+05:00","Asia/Tashkent",41.204655,69.232522,,,,"AirGradient","AirGradient"
4902926,"Sputnik-4","pm1",0,"µg/m³","2025-09-17T13:00:00Z","2025-09-17T18:00:00+05:00","Asia/Tashkent",41.204655,69.232522,,,,"AirGradient","AirGradient"
4902926,"Sputnik-4","pm1",0.1528333363433679,"µg/m³","2025-09-17T14:00:00Z","2025-09-17T19:00:00+05:00","Asia/Tashkent",41.204655,69.232522,,,,"AirGradient","AirGradient"
4902926,"Sputnik-4","pm1",2.2355416814486184,"µg/m³","2025-09-17T15:00:00Z","2025-09-17T20:00:00+05:00","Asia/Tashkent",41.204655,69.232522,,,,"AirGradient","AirGradient"
4902926,"Sputnik-4","pm1",0.7125416671236356,"µg/m³","2025-09-17T16:00:00Z","2025-09-17T21:00:00+05:00","Asia/Tashkent",41.204655,69.232522,,,,"AirGradient","AirGradient"
4902926,"Sputnik-4","pm1",0.6925000150998434,"µg/m³","2025-09-17T17:00:00Z","2025-09-17T22:00:00+05:00","Asia/Tashkent",41.204655,69.232522,,,,"AirGradient","AirGradient"
4902926,"Sputnik-4","pm1",1.6763333305716515,"µg/m³","2025-09-17T18:00:00Z","2025-09-17T23:00:00+05:00","Asia/Tashkent",41.204655,69.232522,,,,"AirGradient","AirGradient"
4902926,"Sputnik-4","pm1",2.5888333320617676,"µg/m³","2025-09-17T19:00:00Z","2025-09-18T00:00:00+05:00","Asia/Tashkent",41.204655,69.232522,,,,"AirGradient","AirGradient"
4902926,"Sputnik-4","pm1",1.7458333522081375,"µg/m³","2025-09-17T20:00:00Z","2025-09-18T01:00:00+05:00","Asia/Tashkent",41.204655,69.232522,,,,"AirGradient","AirGradient"
4902926,"Sputnik-4","pm1",3.5319166580835977,"µg/m³","2025-09-17T21:00:00Z","2025-09-18T02:00:00+05:00","Asia/Tashkent",41.204655,69.232522,,,,"AirGradient","AirGradient"
4902926,"Sputnik-4","pm1",3.5077500144640603,"µg/m³","2025-09-17T22:00:00Z","2025-09-18T03:00:00+05:00","Asia/Tashkent",41.204655,69.232522,,,,"AirGradient","AirGradient"
4902926,"Sputnik-4","pm1",3.4989583492279053,"µg/m³","2025-09-17T23:00:00Z","2025-09-18T04:00:00+05:00","Asia/Tashkent",41.204655,69.232522,,,,"AirGradient","AirGradient"
4902926,"Sputnik-4","pm1",4.344500005245209,"µg/m³","2025-09-18T00:00:00Z","2025-09-18T05:00:00+05:00","Asia/Tashkent",41.204655,69.232522,,,,"AirGradient","AirGradient"
4902926,"Sputnik-4","pm1",10.513930559158325,"µg/m³","2025-09-18T01:00:00Z","2025-09-18T06:00:00+05:00","Asia/Tashkent",41.204655,69.232522,,,,"AirGradient","AirGradient"
4902926,"Sputnik-4","pm1",7.7121249834696455,"µg/m³","2025-09-18T02:00:00Z","2025-09-18T07:00:00+05:00","Asia/Tashkent",41.204655,69.232522,,,,"AirGradient","AirGradient"
4902926,"Sputnik-4","pm1",17.800402720769245,"µg/m³","2025-09-18T03:00:00Z","2025-09-18T08:00:00+05:00","Asia/Tashkent",41.204655,69.232522,,,,"AirGradient","AirGradient"
4902926,"Sputnik-4","pm1",24.844791730244953,"µg/m³","2025-09-18T04:00:00Z","2025-09-18T09:00:00+05:00","Asia/Tashkent",41.204655,69.232522,,,,"AirGradient","AirGradient"
4902926,"Sputnik-4","pm1",12.307499965031942,"µg/m³","2025-09-18T05:00:00Z","2025-09-18T10:00:00+05:00","Asia/Tashkent",41.204655,69.232522,,,,"AirGradient","AirGradient"
4902926,"Sputnik-4","pm1",13.286166747411093,"µg/m³","2025-09-18T06:00:00Z","2025-09-18T11:00:00+05:00","Asia/Tashkent",41.204655,69.232522,,,,"AirGradient","AirGradient"
4902926,"Sputnik-4","pm1",2.1931666657328606,"µg/m³","2025-09-18T07:00:00Z","2025-09-18T12:00:00+05:00","Asia/Tashkent",41.204655,69.232522,,,,"AirGradient","AirGradient"
4902926,"Sputnik-4","pm1",0.5138750039041042,"µg/m³","2025-09-18T08:00:00Z","2025-09-18T13:00:00+05:00","Asia/Tashkent",41.204655,69.232522,,,,"AirGradient","AirGradient"
4902926,"Sputnik-4","pm1",0.5465416554361582,"µg/m³","2025-09-18T09:00:00Z","2025-09-18T14:00:00+05:00","Asia/Tashkent",41.204655,69.232522,,,,"AirGradient","AirGradient"
4902926,"Sputnik-4","pm1",1.4643333454926808,"µg/m³","2025-09-18T10:00:00Z","2025-09-18T15:00:00+05:00","Asia/Tashkent",41.204655,69.232522,,,,"AirGradient","AirGradient"
4902926,"Sputnik-4","pm1",2.2932083507378898,"µg/m³","2025-09-18T11:00:00Z","2025-09-18T16:00:00+05:00","Asia/Tashkent",41.204655,69.232522,,,,"AirGradient","AirGradient"
4902926,"Sputnik-4","pm1",0.24433333426713943,"µg/m³","2025-09-18T12:00:00Z","2025-09-18T17:00:00+05:00","Asia/Tashkent",41.204655,69.232522,,,,"AirGradient","AirGradient"
4902926,"Sputnik-4","pm1",0.6862083381662766,"µg/m³","2025-09-18T13:00:00Z","2025-09-18T18:00:00+05:00","Asia/Tashkent",41.204655,69.232522,,,,"AirGradient","AirGradient"
4902926,"Sputnik-4","pm1",5.0682916442553205,"µg/m³","2025-09-18T14:00:00Z","2025-09-18T19:00:00+05:00","Asia/Tashkent",41.204655,69.232522,,,,"AirGradient","AirGradient"
4902926,"Sputnik-4","pm1",8.934458315372467,"µg/m³","2025-09-18T15:00:00Z","2025-09-18T20:00:00+05:00","Asia/Tashkent",41.204655,69.232522,,,,"AirGradient","AirGradient"
4902926,"Sputnik-4","pm1",7.658750057220459,"µg/m³","2025-09-18T16:00:00Z","2025-09-18T21:00:00+05:00","Asia/Tashkent",41.204655,69.232522,,,,"AirGradient","AirGradient"
4902926,"Sputnik-4","pm1",15.255124886830648,"µg/m³","2025-09-18T17:00:00Z","2025-09-18T22:00:00+05:00","Asia/Tashkent",41.204655,69.232522,,,,"AirGradient","AirGradient"
4902926,"Sputnik-4","pm1",14.327666600545248,"µg/m³","2025-09-18T18:00:00Z","2025-09-18T23:00:00+05:00","Asia/Tashkent",41.204655,69.232522,,,,"AirGradient","AirGradient"
4902926,"Sputnik-4","pm1",9.519458373387655,"µg/m³","2025-09-18T19:00:00Z","2025-09-19T00:00:00+05:00","Asia/Tashkent",41.204655,69.232522,,,,"AirGradient","AirGradient"
4902926,"Sputnik-4","pm1",23.665666580200195,"µg/m³","2025-09-18T20:00:00Z","2025-09-19T01:00:00+05:00","Asia/Tashkent",41.204655,69.232522,,,,"AirGradient","AirGradient"
4902926,"Sputnik-4","pm1",24.48070828119914,"µg/m³","2025-09-18T21:00:00Z","2025-09-19T02:00:00+05:00","Asia/Tashkent",41.204655,69.232522,,,,"AirGradient","AirGradient"
4902926,"Sputnik-4","pm1",23.269444624582928,"µg/m³","2025-09-18T22:00:00Z","2025-09-19T03:00:00+05:00","Asia/Tashkent",41.204655,69.232522,,,,"AirGradient","AirGradient"
4902926,"Sputnik-4","pm1",25.284291744232178,"µg/m³","2025-09-18T23:00:00Z","2025-09-19T04:00:00+05:00","Asia/Tashkent",41.204655,69.232522,,,,"AirGradient","AirGradient"
4902926,"Sputnik-4","pm1",28.204125086466473,"µg/m³","2025-09-19T00:00:00Z","2025-09-19T05:00:00+05:00","Asia/Tashkent",41.204655,69.232522,,,,"AirGradient","AirGradient"
4902926,"Sputnik-4","pm1",26.232749780019123,"µg/m³","2025-09-19T01:00:00Z","2025-09-19T06:00:00+05:00","Asia/Tashkent",41.204655,69.232522,,,,"AirGradient","AirGradient"
4902926,"Sputnik-4","pm1",24.725666681925457,"µg/m³","2025-09-19T02:00:00Z","2025-09-19T07:00:00+05:00","Asia/Tashkent",41.204655,69.232522,,,,"AirGradient","AirGradient"
4902926,"Sputnik-4","pm1",24.55300013224284,"µg/m³","2025-09-19T03:00:00Z","2025-09-19T08:00:00+05:00","Asia/Tashkent",41.204655,69.232522,,,,"AirGradient","AirGradient"
4902926,"Sputnik-4","pm1",20.087083260218304,"µg/m³","2025-09-19T04:00:00Z","2025-09-19T09:00:00+05:00","Asia/Tashkent",41.204655,69.232522,,,,"AirGradient","AirGradient"
4902926,"Sputnik-4","pm1",9.195208271344503,"µg/m³","2025-09-19T05:00:00Z","2025-09-19T10:00:00+05:00","Asia/Tashkent",41.204655,69.232522,,,,"AirGradient","AirGradient"
4902926,"Sputnik-4","pm1",14.135708332061768,"µg/m³","2025-09-19T06:00:00Z","2025-09-19T11:00:00+05:00","Asia/Tashkent",41.204655,69.232522,,,,"AirGradient","AirGradient"
4902926,"Sputnik-4","pm1",8.236624956130981,"µg/m³","2025-09-19T07:00:00Z","2025-09-19T12:00:00+05:00","Asia/Tashkent",41.204655,69.232522,,,,"AirGradient","AirGradient"
4902926,"Sputnik-4","pm1",7.932624936103821,"µg/m³","2025-09-19T08:00:00Z","2025-09-19T13:00:00+05:00","Asia/Tashkent",41.204655,69.232522,,,,"AirGradient","AirGradient"
4902926,"Sputnik-4","pm1",6.968083302179973,"µg/m³","2025-09-19T09:00:00Z","2025-09-19T14:00:00+05:00","Asia/Tashkent",41.204655,69.232522,,,,"AirGradient","AirGradient"
4902926,"Sputnik-4","pm1",4.4677360852559405,"µg/m³","2025-09-19T10:00:00Z","2025-09-19T15:00:00+05:00","Asia/Tashkent",41.204655,69.232522,,,,"AirGradient","AirGradient"
4902926,"Sputnik-4","pm1",2.8419722517331443,"µg/m³","2025-09-19T11:00:00Z","2025-09-19T16:00:00+05:00","Asia/Tashkent",41.204655,69.232522,,,,"AirGradient","AirGradient"
4902926,"Sputnik-4","pm1",1.4550972258051236,"µg/m³","2025-09-19T12:00:00Z","2025-09-19T17:00:00+05:00","Asia/Tashkent",41.204655,69.232522,,,,"AirGradient","AirGradient"
4902926,"Sputnik-4","pm1",1.520916645725568,"µg/m³","2025-09-19T13:00:00Z","2025-09-19T18:00:00+05:00","Asia/Tashkent",41.204655,69.232522,,,,"AirGradient","AirGradient"
4902926,"Sputnik-4","pm1",2.9992083137234054,"µg/m³","2025-09-19T14:00:00Z","2025-09-19T19:00:00+05:00","Asia/Tashkent",41.204655,69.232522,,,,"AirGradient","AirGradient"
4902926,"Sputnik-4","pm1",7.7660971482594805,"µg/m³","2025-09-19T15:00:00Z","2025-09-19T20:00:00+05:00","Asia/Tashkent",41.204655,69.232522,,,,"AirGradient","AirGradient"
4902926,"Sputnik-4","pm1",3.302874982357025,"µg/m³","2025-09-19T16:00:00Z","2025-09-19T21:00:00+05:00","Asia/Tashkent",41.204655,69.232522,,,,"AirGradient","AirGradient"
4902926,"Sputnik-4","pm1",1.1333333315948646,"µg/m³","2025-09-19T17:00:00Z","2025-09-19T22:00:00+05:00","Asia/Tashkent",41.204655,69.232522,,,,"AirGradient","AirGradient"
4902926,"Sputnik-4","pm1",2.006333311398824,"µg/m³","2025-09-19T18:00:00Z","2025-09-19T23:00:00+05:00","Asia/Tashkent",41.204655,69.232522,,,,"AirGradient","AirGradient"
4902926,"Sputnik-4","pm1",5.924166580041249,"µg/m³","2025-09-19T19:00:00Z","2025-09-20T00:00:00+05:00","Asia/Tashkent",41.204655,69.232522,,,,"AirGradient","AirGradient"
4902926,"Sputnik-4","pm1",23.397416750590008,"µg/m³","2025-09-19T20:00:00Z","2025-09-20T01:00:00+05:00","Asia/Tashkent",41.204655,69.232522,,,,"AirGradient","AirGradient"
4902926,"Sputnik-4","pm1",29.73645830154419,"µg/m³","2025-09-19T21:00:00Z","2025-09-20T02:00:00+05:00","Asia/Tashkent",41.204655,69.232522,,,,"AirGradient","AirGradient"
4902926,"Sputnik-4","pm1",29.777541955312092,"µg/m³","2025-09-19T22:00:00Z","2025-09-20T03:00:00+05:00","Asia/Tashkent",41.204655,69.232522,,,,"AirGradient","AirGradient"
4902926,"Sputnik-4","pm1",22.084749937057495,"µg/m³","2025-09-19T23:00:00Z","2025-09-20T04:00:00+05:00","Asia/Tashkent",41.204655,69.232522,,,,"AirGradient","AirGradient"
4902926,"Sputnik-4","pm1",15.257124900817871,"µg/m³","2025-09-20T00:00:00Z","2025-09-20T05:00:00+05:00","Asia/Tashkent",41.204655,69.232522,,,,"AirGradient","AirGradient"
4902926,"Sputnik-4","pm1",26.02079184850057,"µg/m³","2025-09-20T01:00:00Z","2025-09-20T06:00:00+05:00","Asia/Tashkent",41.204655,69.232522,,,,"AirGradient","AirGradient"
4902926,"Sputnik-4","pm1",12.941583196322123,"µg/m³","2025-09-20T02:00:00Z","2025-09-20T07:00:00+05:00","Asia/Tashkent",41.204655,69.232522,,,,"AirGradient","AirGradient"
4902926,"Sputnik-4","pm1",12.00345810254415,"µg/m³","2025-09-20T03:00:00Z","2025-09-20T08:00:00+05:00","Asia/Tashkent",41.204655,69.232522,,,,"AirGradient","AirGradient"
4902926,"Sputnik-4","pm1",19.3041250705719,"µg/m³","2025-09-20T04:00:00Z","2025-09-20T09:00:00+05:00","Asia/Tashkent",41.204655,69.232522,,,,"AirGradient","AirGradient"
4902926,"Sputnik-4","pm1",25.256541570027668,"µg/m³","2025-09-20T05:00:00Z","2025-09-20T10:00:00+05:00","Asia/Tashkent",41.204655,69.232522,,,,"AirGradient","AirGradient"
4902926,"Sputnik-4","pm1",25.922208150227863,"µg/m³","2025-09-20T06:00:00Z","2025-09-20T11:00:00+05:00","Asia/Tashkent",41.204655,69.232522,,,,"AirGradient","AirGradient"
4902926,"Sputnik-4","pm1",24.8395832379659,"µg/m³","2025-09-20T07:00:00Z","2025-09-20T12:00:00+05:00","Asia/Tashkent",41.204655,69.232522,,,,"AirGradient","AirGradient"
4902926,"Sputnik-4","pm1",22.690791765848797,"µg/m³","2025-09-20T08:00:00Z","2025-09-20T13:00:00+05:00","Asia/Tashkent",41.204655,69.232522,,,,"AirGradient","AirGradient"
4902926,"Sputnik-4","pm1",20.44445816675822,"µg/m³","2025-09-20T09:00:00Z","2025-09-20T14:00:00+05:00","Asia/Tashkent",41.204655,69.232522,,,,"AirGradient","AirGradient"
4902926,"Sputnik-4","pm1",5.886749982833862,"µg/m³","2025-09-20T10:00:00Z","2025-09-20T15:00:00+05:00","Asia/Tashkent",41.204655,69.232522,,,,"AirGradient","AirGradient"
4902926,"Sputnik-4","pm1",5.229166666666667,"µg/m³","2025-09-20T11:00:00Z","2025-09-20T16:00:00+05:00","Asia/Tashkent",41.204655,69.232522,,,,"AirGradient","AirGradient"
4902926,"Sputnik-4","pm1",4.533749957879384,"µg/m³","2025-09-20T12:00:00Z","2025-09-20T17:00:00+05:00","Asia/Tashkent",41.204655,69.232522,,,,"AirGradient","AirGradient"
4902926,"Sputnik-4","pm1",3.9115416208902993,"µg/m³","2025-09-20T13:00:00Z","2025-09-20T18:00:00+05:00","Asia/Tashkent",41.204655,69.232522,,,,"AirGradient","AirGradient"
4902926,"Sputnik-4","pm1",15.119499762852987,"µg/m³","2025-09-20T14:00:00Z","2025-09-20T19:00:00+05:00","Asia/Tashkent",41.204655,69.232522,,,,"AirGradient","AirGradient"
4902926,"Sputnik-4","pm1",22.994875113169353,"µg/m³","2025-09-20T15:00:00Z","2025-09-20T20:00:00+05:00","Asia/Tashkent",41.204655,69.232522,,,,"AirGradient","AirGradient"
4902926,"Sputnik-4","pm1",27.04954131444295,"µg/m³","2025-09-20T16:00:00Z","2025-09-20T21:00:00+05:00","Asia/Tashkent",41.204655,69.232522,,,,"AirGradient","AirGradient"
4902926,"Sputnik-4","pm1",34.66629139582316,"µg/m³","2025-09-20T17:00:00Z","2025-09-20T22:00:00+05:00","Asia/Tashkent",41.204655,69.232522,,,,"AirGradient","AirGradient"
4902926,"Sputnik-4","pm1",36.92829132080078,"µg/m³","2025-09-20T18:00:00Z","2025-09-20T23:00:00+05:00","Asia/Tashkent",41.204655,69.232522,,,,"AirGradient","AirGradient"
4902926,"Sputnik-4","pm1",27.736083030700684,"µg/m³","2025-09-20T19:00:00Z","2025-09-21T00:00:00+05:00","Asia/Tashkent",41.204655,69.232522,,,,"AirGradient","AirGradient"
4902926,"Sputnik-4","pm1",22.27383343378703,"µg/m³","2025-09-20T20:00:00Z","2025-09-21T01:00:00+05:00","Asia/Tashkent",41.204655,69.232522,,,,"AirGradient","AirGradient"
4902926,"Sputnik-4","pm1",18.74829165140788,"µg/m³","2025-09-20T21:00:00Z","2025-09-21T02:00:00+05:00","Asia/Tashkent",41.204655,69.232522,,,,"AirGradient","AirGradient"
4902926,"Sputnik-4","pm1",18.5,"µg/m³","2025-09-20T22:00:00Z","2025-09-21T03:00:00+05:00","Asia/Tashkent",41.204655,69.232522,,,,"AirGradient","AirGradient"
4902926,"Sputnik-4","pm1",27.77175013224284,"µg/m³","2025-09-20T23:00:00Z","2025-09-21T04:00:00+05:00","Asia/Tashkent",41.204655,69.232522,,,,"AirGradient","AirGradient"
4902926,"Sputnik-4","pm1",23.26234706242879,"µg/m³","2025-09-21T00:00:00Z","2025-09-21T05:00:00+05:00","Asia/Tashkent",41.204655,69.232522,,,,"AirGradient","AirGradient"
4902926,"Sputnik-4","pm1",7.546750028928121,"µg/m³","2025-09-21T01:00:00Z","2025-09-21T06:00:00+05:00","Asia/Tashkent",41.204655,69.232522,,,,"AirGradient","AirGradient"
4902926,"Sputnik-4","pm1",5.7173333168029785,"µg/m³","2025-09-21T02:00:00Z","2025-09-21T07:00:00+05:00","Asia/Tashkent",41.204655,69.232522,,,,"AirGradient","AirGradient"
4902926,"Sputnik-4","pm1",6.741166591644287,"µg/m³","2025-09-21T03:00:00Z","2025-09-21T08:00:00+05:00","Asia/Tashkent",41.204655,69.232522,,,,"AirGradient","AirGradient"
4902926,"Sputnik-4","pm1",5.894402742385864,"µg/m³","2025-09-21T04:00:00Z","2025-09-21T09:00:00+05:00","Asia/Tashkent",41.204655,69.232522,,,,"AirGradient","AirGradient"
4902926,"Sputnik-4","pm1",9.469833254814148,"µg/m³","2025-09-21T05:00:00Z","2025-09-21T10:00:00+05:00","Asia/Tashkent",41.204655,69.232522,,,,"AirGradient","AirGradient"
4902926,"Sputnik-4","pm1",8.453583280245462,"µg/m³","2025-09-21T06:00:00Z","2025-09-21T11:00:00+05:00","Asia/Tashkent",41.204655,69.232522,,,,"AirGradient","AirGradient"
4902926,"Sputnik-4","pm1",15.829555749893188,"µg/m³","2025-09-21T07:00:00Z","2025-09-21T12:00:00+05:00","Asia/Tashkent",41.204655,69.232522,,,,"AirGradient","AirGradient"
4902926,"Sputnik-4","pm1",8.131291627883911,"µg/m³","2025-09-21T08:00:00Z","2025-09-21T13:00:00+05:00","Asia/Tashkent",41.204655,69.232522,,,,"AirGradient","AirGradient"
4902926,"Sputnik-4","pm1",11.618416627248129,"µg/m³","2025-09-21T09:00:00Z","2025-09-21T14:00:00+05:00","Asia/Tashkent",41.204655,69.232522,,,,"AirGradient","AirGradient"
4902926,"Sputnik-4","pm1",9.814958294232687,"µg/m³","2025-09-21T10:00:00Z","2025-09-21T15:00:00+05:00","Asia/Tashkent",41.204655,69.232522,,,,"AirGradient","AirGradient"
4902926,"Sputnik-4","pm1",31.83320007324219,"µg/m³","2025-09-21T15:00:00Z","2025-09-21T20:00:00+05:00","Asia/Tashkent",41.204655,69.232522,,,,"AirGradient","AirGradient"
4902926,"Sputnik-4","pm1",34.43694448471069,"µg/m³","2025-09-21T16:00:00Z","2025-09-21T21:00:00+05:00","Asia/Tashkent",41.204655,69.232522,,,,"AirGradient","AirGradient"
4902926,"Sputnik-4","pm1",36.05529181162516,"µg/m³","2025-09-21T17:00:00Z","2025-09-21T22:00:00+05:00","Asia/Tashkent",41.204655,69.232522,,,,"AirGradient","AirGradient"
4902926,"Sputnik-4","pm1",32.638166427612305,"µg/m³","2025-09-21T18:00:00Z","2025-09-21T23:00:00+05:00","Asia/Tashkent",41.204655,69.232522,,,,"AirGradient","AirGradient"
4902926,"Sputnik-4","pm1",31.00955565770467,"µg/m³","2025-09-21T19:00:00Z","2025-09-22T00:00:00+05:00","Asia/Tashkent",41.204655,69.232522,,,,"AirGradient","AirGradient"
4902926,"Sputnik-4","pm1",31.548458258310955,"µg/m³","2025-09-21T20:00:00Z","2025-09-22T01:00:00+05:00","Asia/Tashkent",41.204655,69.232522,,,,"AirGradient","AirGradient"
4902926,"Sputnik-4","pm1",39.80041694641113,"µg/m³","2025-09-21T21:00:00Z","2025-09-22T02:00:00+05:00","Asia/Tashkent",41.204655,69.232522,,,,"AirGradient","AirGradient"
4902926,"Sputnik-4","pm1",37.21037483215332,"µg/m³","2025-09-21T22:00:00Z","2025-09-22T03:00:00+05:00","Asia/Tashkent",41.204655,69.232522,,,,"AirGradient","AirGradient"
4902926,"Sputnik-4","pm1",16.850749890009563,"µg/m³","2025-09-21T23:00:00Z","2025-09-22T04:00:00+05:00","Asia/Tashkent",41.204655,69.232522,,,,"AirGradient","AirGradient"
4902926,"Sputnik-4","pm1",2.0822917024294534,"µg/m³","2025-09-22T00:00:00Z","2025-09-22T05:00:00+05:00","Asia/Tashkent",41.204655,69.232522,,,,"AirGradient","AirGradient"
4902926,"Sputnik-4","pm1",2.5135555466016135,"µg/m³","2025-09-22T01:00:00Z","2025-09-22T06:00:00+05:00","Asia/Tashkent",41.204655,69.232522,,,,"AirGradient","AirGradient"
4902926,"Sputnik-4","pm1",6.617944459120433,"µg/m³","2025-09-22T02:00:00Z","2025-09-22T07:00:00+05:00","Asia/Tashkent",41.204655,69.232522,,,,"AirGradient","AirGradient"
4902926,"Sputnik-4","pm1",9.954999923706055,"µg/m³","2025-09-22T03:00:00Z","2025-09-22T08:00:00+05:00","Asia/Tashkent",41.204655,69.232522,,,,"AirGradient","AirGradient"
4902926,"Sputnik-4","pm1",15.88527782758077,"µg/m³","2025-09-22T04:00:00Z","2025-09-22T09:00:00+05:00","Asia/Tashkent",41.204655,69.232522,,,,"AirGradient","AirGradient"
4902926,"Sputnik-4","pm1",6.779750029246013,"µg/m³","2025-09-22T05:00:00Z","2025-09-22T10:00:00+05:00","Asia/Tashkent",41.204655,69.232522,,,,"AirGradient","AirGradient"
4902926,"Sputnik-4","pm1",2.6027499735355377,"µg/m³","2025-09-22T06:00:00Z","2025-09-22T11:00:00+05:00","Asia/Tashkent",41.204655,69.232522,,,,"AirGradient","AirGradient"
4902926,"Sputnik-4","pm1",2.291597237189611,"µg/m³","2025-09-22T07:00:00Z","2025-09-22T12:00:00+05:00","Asia/Tashkent",41.204655,69.232522,,,,"AirGradient","AirGradient"
4902926,"Sputnik-4","pm1",2.4609166582425437,"µg/m³","2025-09-22T08:00:00Z","2025-09-22T13:00:00+05:00","Asia/Tashkent",41.204655,69.232522,,,,"AirGradient","AirGradient"
4902926,"Sputnik-4","pm1",2.5862916807333627,"µg/m³","2025-09-22T09:00:00Z","2025-09-22T14:00:00+05:00","Asia/Tashkent",41.204655,69.232522,,,,"AirGradient","AirGradient"
4902926,"Sputnik-4","pm1",2.7109166781107583,"µg/m³","2025-09-22T10:00:00Z","2025-09-22T15:00:00+05:00","Asia/Tashkent",41.204655,69.232522,,,,"AirGradient","AirGradient"
4902926,"Sputnik-4","pm1",4.3382083376248675,"µg/m³","2025-09-22T11:00:00Z","2025-09-22T16:00:00+05:00","Asia/Tashkent",41.204655,69.232522,,,,"AirGradient","AirGradient"
4902926,"Sputnik-4","pm1",5.2165833711624146,"µg/m³","2025-09-22T12:00:00Z","2025-09-22T17:00:00+05:00","Asia/Tashkent",41.204655,69.232522,,,,"AirGradient","AirGradient"
4902926,"Sputnik-4","pm1",7.547166665395101,"µg/m³","2025-09-22T13:00:00Z","2025-09-22T18:00:00+05:00","Asia/Tashkent",41.204655,69.232522,,,,"AirGradient","AirGradient"
4902926,"Sputnik-4","pm1",10.822041749954224,"µg/m³","2025-09-22T14:00:00Z","2025-09-22T19:00:00+05:00","Asia/Tashkent",41.204655,69.232522,,,,"AirGradient","AirGradient"
4902926,"Sputnik-4","pm1",20.394749800364178,"µg/m³","2025-09-22T15:00:00Z","2025-09-22T20:00:00+05:00","Asia/Tashkent",41.204655,69.232522,,,,"AirGradient","AirGradient"
4902926,"Sputnik-4","pm1",22.391916910807293,"µg/m³","2025-09-22T16:00:00Z","2025-09-22T21:00:00+05:00","Asia/Tashkent",41.204655,69.232522,,,,"AirGradient","AirGradient"
4902926,"Sputnik-4","pm1",12.002999941507975,"µg/m³","2025-09-22T17:00:00Z","2025-09-22T22:00:00+05:00","Asia/Tashkent",41.204655,69.232522,,,,"AirGradient","AirGradient"
4902926,"Sputnik-4","pm1",17.457097212473553,"µg/m³","2025-09-22T18:00:00Z","2025-09-22T23:00:00+05:00","Asia/Tashkent",41.204655,69.232522,,,,"AirGradient","AirGradient"
4902926,"Sputnik-4","pm1",19.850916544596355,"µg/m³","2025-09-22T19:00:00Z","2025-09-23T00:00:00+05:00","Asia/Tashkent",41.204655,69.232522,,,,"AirGradient","AirGradient"
4902926,"Sputnik-4","pm1",19.069041808446247,"µg/m³","2025-09-22T20:00:00Z","2025-09-23T01:00:00+05:00","Asia/Tashkent",41.204655,69.232522,,,,"AirGradient","AirGradient"
4902926,"Sputnik-4","pm1",6.247666676839192,"µg/m³","2025-09-22T21:00:00Z","2025-09-23T02:00:00+05:00","Asia/Tashkent",41.204655,69.232522,,,,"AirGradient","AirGradient"
4902926,"Sputnik-4","pm1",1.4407083541154861,"µg/m³","2025-09-22T22:00:00Z","2025-09-23T03:00:00+05:00","Asia/Tashkent",41.204655,69.232522,,,,"AirGradient","AirGradient"
4902926,"Sputnik-4","pm1",3.2610000173250833,"µg/m³","2025-09-22T23:00:00Z","2025-09-23T04:00:00+05:00","Asia/Tashkent",41.204655,69.232522,,,,"AirGradient","AirGradient"
4902926,"Sputnik-4","pm1",16.556125005086262,"µg/m³","2025-09-23T00:00:00Z","2025-09-23T05:00:00+05:00","Asia/Tashkent",41.204655,69.232522,,,,"AirGradient","AirGradient"
4902926,"Sputnik-4","pm1",20.493541558583576,"µg/m³","2025-09-23T01:00:00Z","2025-09-23T06:00:00+05:00","Asia/Tashkent",41.204655,69.232522,,,,"AirGradient","AirGradient"
4902926,"Sputnik-4","pm1",19.607499996821087,"µg/m³","2025-09-23T02:00:00Z","2025-09-23T07:00:00+05:00","Asia/Tashkent",41.204655,69.232522,,,,"AirGradient","AirGradient"
4902926,"Sputnik-4","pm1",17.121416330337524,"µg/m³","2025-09-23T03:00:00Z","2025-09-23T08:00:00+05:00","Asia/Tashkent",41.204655,69.232522,,,,"AirGradient","AirGradient"
4902926,"Sputnik-4","pm1",8.799027780691782,"µg/m³","2025-09-23T04:00:00Z","2025-09-23T09:00:00+05:00","Asia/Tashkent",41.204655,69.232522,,,,"AirGradient","AirGradient"
4902926,"Sputnik-4","pm1",2.6845000187555947,"µg/m³","2025-09-23T05:00:00Z","2025-09-23T10:00:00+05:00","Asia/Tashkent",41.204655,69.232522,,,,"AirGradient","AirGradient"
4902926,"Sputnik-4","pm1",2.1302083233992257,"µg/m³","2025-09-23T06:00:00Z","2025-09-23T11:00:00+05:00","Asia/Tashkent",41.204655,69.232522,,,,"AirGradient","AirGradient"
4902926,"Sputnik-4","pm1",1.881666660308838,"µg/m³","2025-09-23T07:00:00Z","2025-09-23T12:00:00+05:00","Asia/Tashkent",41.204655,69.232522,,,,"AirGradient","AirGradient"
4902926,"Sputnik-4","pm1",0.9346666733423868,"µg/m³","2025-09-23T08:00:00Z","2025-09-23T13:00:00+05:00","Asia/Tashkent",41.204655,69.232522,,,,"AirGradient","AirGradient"
4902926,"Sputnik-4","pm1",0.7694444395601749,"µg/m³","2025-09-23T09:00:00Z","2025-09-23T14:00:00+05:00","Asia/Tashkent",41.204655,69.232522,,,,"AirGradient","AirGradient"
4902926,"Sputnik-4","pm1",1.9095454541119663,"µg/m³","2025-09-23T10:00:00Z","2025-09-23T15:00:00+05:00","Asia/Tashkent",41.204655,69.232522,,,,"AirGradient","AirGradient"
4902926,"Sputnik-4","pm1",1.4710416793823242,"µg/m³","2025-09-23T11:00:00Z","2025-09-23T16:00:00+05:00","Asia/Tashkent",41.204655,69.232522,,,,"AirGradient","AirGradient"
4902926,"Sputnik-4","pm1",1.946250006556511,"µg/m³","2025-09-23T12:00:00Z","2025-09-23T17:00:00+05:00","Asia/Tashkent",41.204655,69.232522,,,,"AirGradient","AirGradient"
4902926,"Sputnik-4","pm1",3.8609583377838135,"µg/m³","2025-09-23T13:00:00Z","2025-09-23T18:00:00+05:00","Asia/Tashkent",41.204655,69.232522,,,,"AirGradient","AirGradient"
4902926,"Sputnik-4","pm1",3.6867499947547913,"µg/m³","2025-09-23T14:00:00Z","2025-09-23T19:00:00+05:00","Asia/Tashkent",41.204655,69.232522,,,,"AirGradient","AirGradient"
4902926,"Sputnik-4","pm1",7.310763915379842,"µg/m³","2025-09-23T15:00:00Z","2025-09-23T20:00:00+05:00","Asia/Tashkent",41.204655,69.232522,,,,"AirGradient","AirGradient"
4902926,"Sputnik-4","pm1",17.209208329518635,"µg/m³","2025-09-23T16:00:00Z","2025-09-23T21:00:00+05:00","Asia/Tashkent",41.204655,69.232522,,,,"AirGradient","AirGradient"
4902926,"Sputnik-4","pm1",19.49791653951009,"µg/m³","2025-09-23T17:00:00Z","2025-09-23T22:00:00+05:00","Asia/Tashkent",41.204655,69.232522,,,,"AirGradient","AirGradient"
4902926,"Sputnik-4","pm1",7.864708264668782,"µg/m³","2025-09-23T18:00:00Z","2025-09-23T23:00:00+05:00","Asia/Tashkent",41.204655,69.232522,,,,"AirGradient","AirGradient"
4902926,"Sputnik-4","pm1",13.098125100135803,"µg/m³","2025-09-23T19:00:00Z","2025-09-24T00:00:00+05:00","Asia/Tashkent",41.204655,69.232522,,,,"AirGradient","AirGradient"
4902926,"Sputnik-4","pm1",23.805041631062824,"µg/m³","2025-09-23T20:00:00Z","2025-09-24T01:00:00+05:00","Asia/Tashkent",41.204655,69.232522,,,,"AirGradient","AirGradient"
4902926,"Sputnik-4","pm1",24.098583062489826,"µg/m³","2025-09-23T21:00:00Z","2025-09-24T02:00:00+05:00","Asia/Tashkent",41.204655,69.232522,,,,"AirGradient","AirGradient"
4902926,"Sputnik-4","pm1",21.284499804178875,"µg/m³","2025-09-23T22:00:00Z","2025-09-24T03:00:00+05:00","Asia/Tashkent",41.204655,69.232522,,,,"AirGradient","AirGradient"
4902926,"Sputnik-4","pm1",18.50962495803833,"µg/m³","2025-09-23T23:00:00Z","2025-09-24T04:00:00+05:00","Asia/Tashkent",41.204655,69.232522,,,,"AirGradient","AirGradient"
4902926,"Sputnik-4","pm1",8.896708448727926,"µg/m³","2025-09-24T00:00:00Z","2025-09-24T05:00:00+05:00","Asia/Tashkent",41.204655,69.232522,,,,"AirGradient","AirGradient"
4902926,"Sputnik-4","pm1",11.84724990526835,"µg/m³","2025-09-24T01:00:00Z","2025-09-24T06:00:00+05:00","Asia/Tashkent",41.204655,69.232522,,,,"AirGradient","AirGradient"
4902926,"Sputnik-4","pm1",17.708208481470745,"µg/m³","2025-09-24T02:00:00Z","2025-09-24T07:00:00+05:00","Asia/Tashkent",41.204655,69.232522,,,,"AirGradient","AirGradient"
4902926,"Sputnik-4","pm1",15.688999970753988,"µg/m³","2025-09-24T03:00:00Z","2025-09-24T08:00:00+05:00","Asia/Tashkent",41.204655,69.232522,,,,"AirGradient","AirGradient"
4902926,"Sputnik-4","pm1",13.357249895731607,"µg/m³","2025-09-24T04:00:00Z","2025-09-24T09:00:00+05:00","Asia/Tashkent",41.204655,69.232522,,,,"AirGradient","AirGradient"
4902926,"Sputnik-4","pm1",13.191041707992554,"µg/m³","2025-09-24T05:00:00Z","2025-09-24T10:00:00+05:00","Asia/Tashkent",41.204655,69.232522,,,,"AirGradient","AirGradient"
4902926,"Sputnik-4","pm1",7.431805531183879,"µg/m³","2025-09-24T06:00:00Z","2025-09-24T11:00:00+05:00","Asia/Tashkent",41.204655,69.232522,,,,"AirGradient","AirGradient"
4902926,"Sputnik-4","pm1",8.975708365440369,"µg/m³","2025-09-24T07:00:00Z","2025-09-24T12:00:00+05:00","Asia/Tashkent",41.204655,69.232522,,,,"AirGradient","AirGradient"
4902926,"Sputnik-4","pm1",8.734999934832254,"µg/m³","2025-09-24T08:00:00Z","2025-09-24T13:00:00+05:00","Asia/Tashkent",41.204655,69.232522,,,,"AirGradient","AirGradient"
4902926,"Sputnik-4","pm1",14.365666389465332,"µg/m³","2025-09-24T09:00:00Z","2025-09-24T14:00:00+05:00","Asia/Tashkent",41.204655,69.232522,,,,"AirGradient","AirGradient"
4902926,"Sputnik-4","pm1",4.340194423993428,"µg/m³","2025-09-24T10:00:00Z","2025-09-24T15:00:00+05:00","Asia/Tashkent",41.204655,69.232522,,,,"AirGradient","AirGradient"
4902926,"Sputnik-4","pm1",1.2420833396414916,"µg/m³","2025-09-24T11:00:00Z","2025-09-24T16:00:00+05:00","Asia/Tashkent",41.204655,69.232522,,,,"AirGradient","AirGradient"
4902926,"Sputnik-4","pm1",0.8027916749318441,"µg/m³","2025-09-24T12:00:00Z","2025-09-24T17:00:00+05:00","Asia/Tashkent",41.204655,69.232522,,,,"AirGradient","AirGradient"
4902926,"Sputnik-4","pm1",9.75469442208608,"µg/m³","2025-09-24T13:00:00Z","2025-09-24T18:00:00+05:00","Asia/Tashkent",41.204655,69.232522,,,,"AirGradient","AirGradient"
4902926,"Sputnik-4","pm1",14.289708495140076,"µg/m³","2025-09-24T14:00:00Z","2025-09-24T19:00:00+05:00","Asia/Tashkent",41.204655,69.232522,,,,"AirGradient","AirGradient"
4902926,"Sputnik-4","pm1",20.990208466847736,"µg/m³","2025-09-24T15:00:00Z","2025-09-24T20:00:00+05:00","Asia/Tashkent",41.204655,69.232522,,,,"AirGradient","AirGradient"
4902926,"Sputnik-4","pm1",26.811833063761394,"µg/m³","2025-09-24T16:00:00Z","2025-09-24T21:00:00+05:00","Asia/Tashkent",41.204655,69.232522,,,,"AirGradient","AirGradient"
4902926,"Sputnik-4","pm1",25.96601406733195,"µg/m³","2025-09-24T17:00:00Z","2025-09-24T22:00:00+05:00","Asia/Tashkent",41.204655,69.232522,,,,"AirGradient","AirGradient"
4902926,"Sputnik-4","pm1",25.954639116923016,"µg/m³","2025-09-24T18:00:00Z","2025-09-24T23:00:00+05:00","Asia/Tashkent",41.204655,69.232522,,,,"AirGradient","AirGradient"
4902926,"Sputnik-4","pm1",29.777666409810383,"µg/m³","2025-09-24T19:00:00Z","2025-09-25T00:00:00+05:00","Asia/Tashkent",41.204655,69.232522,,,,"AirGradient","AirGradient"
4902926,"Sputnik-4","pm1",25.782819588979084,"µg/m³","2025-09-24T20:00:00Z","2025-09-25T01:00:00+05:00","Asia/Tashkent",41.204655,69.232522,,,,"AirGradient","AirGradient"
4902926,"Sputnik-4","pm1",23.92840274175008,"µg/m³","2025-09-24T21:00:00Z","2025-09-25T02:00:00+05:00","Asia/Tashkent",41.204655,69.232522,,,,"AirGradient","AirGradient"
4902926,"Sputnik-4","pm1",23.695250034332275,"µg/m³","2025-09-24T22:00:00Z","2025-09-25T03:00:00+05:00","Asia/Tashkent",41.204655,69.232522,,,,"AirGradient","AirGradient"
4902926,"Sputnik-4","pm1",23.811791737874348,"µg/m³","2025-09-24T23:00:00Z","2025-09-25T04:00:00+05:00","Asia/Tashkent",41.204655,69.232522,,,,"AirGradient","AirGradient"
4902926,"Sputnik-4","pm1",24.30305576324463,"µg/m³","2025-09-25T00:00:00Z","2025-09-25T05:00:00+05:00","Asia/Tashkent",41.204655,69.232522,,,,"AirGradient","AirGradient"
4902926,"Sputnik-4","pm1",26.08262499968211,"µg/m³","2025-09-25T01:00:00Z","2025-09-25T06:00:00+05:00","Asia/Tashkent",41.204655,69.232522,,,,"AirGradient","AirGradient"
4902926,"Sputnik-4","pm1",25.869250011444095,"µg/m³","2025-09-25T02:00:00Z","2025-09-25T07:00:00+05:00","Asia/Tashkent",41.204655,69.232522,,,,"AirGradient","AirGradient"
4902926,"Sputnik-4","pm1",23.710638893975155,"µg/m³","2025-09-25T03:00:00Z","2025-09-25T08:00:00+05:00","Asia/Tashkent",41.204655,69.232522,,,,"AirGradient","AirGradient"
4902926,"Sputnik-4","pm1",21.58662499586741,"µg/m³","2025-09-25T04:00:00Z","2025-09-25T09:00:00+05:00","Asia/Tashkent",41.204655,69.232522,,,,"AirGradient","AirGradient"
4902926,"Sputnik-4","pm1",21.478375013669332,"µg/m³","2025-09-25T05:00:00Z","2025-09-25T10:00:00+05:00","Asia/Tashkent",41.204655,69.232522,,,,"AirGradient","AirGradient"
4902926,"Sputnik-4","pm1",17.319083319769966,"µg/m³","2025-09-25T06:00:00Z","2025-09-25T11:00:00+05:00","Asia/Tashkent",41.204655,69.232522,,,,"AirGradient","AirGradient"
4902926,"Sputnik-4","pm1",7.1809166749318445,"µg/m³","2025-09-25T07:00:00Z","2025-09-25T12:00:00+05:00","Asia/Tashkent",41.204655,69.232522,,,,"AirGradient","AirGradient"
4902926,"Sputnik-4","pm1",6.824208331108093,"µg/m³","2025-09-25T08:00:00Z","2025-09-25T13:00:00+05:00","Asia/Tashkent",41.204655,69.232522,,,,"AirGradient","AirGradient"
4902926,"Sputnik-4","pm1",4.810916662216186,"µg/m³","2025-09-25T09:00:00Z","2025-09-25T14:00:00+05:00","Asia/Tashkent",41.204655,69.232522,,,,"AirGradient","AirGradient"
4902926,"Sputnik-4","pm1",4.378863640806892,"µg/m³","2025-09-25T10:00:00Z","2025-09-25T15:00:00+05:00","Asia/Tashkent",41.204655,69.232522,,,,"AirGradient","AirGradient"
4902926,"Sputnik-4","pm1",4.75012498696645,"µg/m³","2025-09-25T11:00:00Z","2025-09-25T16:00:00+05:00","Asia/Tashkent",41.204655,69.232522,,,,"AirGradient","AirGradient"
4902926,"Sputnik-4","pm1",6.585083341598511,"µg/m³","2025-09-25T12:00:00Z","2025-09-25T17:00:00+05:00","Asia/Tashkent",41.204655,69.232522,,,,"AirGradient","AirGradient"
4902926,"Sputnik-4","pm1",8.559208337465924,"µg/m³","2025-09-25T13:00:00Z","2025-09-25T18:00:00+05:00","Asia/Tashkent",41.204655,69.232522,,,,"AirGradient","AirGradient"
4902926,"Sputnik-4","pm1",18.78804166316986,"µg/m³","2025-09-25T14:00:00Z","2025-09-25T19:00:00+05:00","Asia/Tashkent",41.204655,69.232522,,,,"AirGradient","AirGradient"
4902926,"Sputnik-4","pm1",24.983458304405215,"µg/m³","2025-09-25T15:00:00Z","2025-09-25T20:00:00+05:00","Asia/Tashkent",41.204655,69.232522,,,,"AirGradient","AirGradient"
4902926,"Sputnik-4","pm1",26.28094443745083,"µg/m³","2025-09-25T16:00:00Z","2025-09-25T21:00:00+05:00","Asia/Tashkent",41.204655,69.232522,,,,"AirGradient","AirGradient"
4902926,"Sputnik-4","pm1",30.506083313624064,"µg/m³","2025-09-25T17:00:00Z","2025-09-25T22:00:00+05:00","Asia/Tashkent",41.204655,69.232522,,,,"AirGradient","AirGradient"
4902926,"Sputnik-4","pm1",27.621041671435037,"µg/m³","2025-09-25T18:00:00Z","2025-09-25T23:00:00+05:00","Asia/Tashkent",41.204655,69.232522,,,,"AirGradient","AirGradient"
4902926,"Sputnik-4","pm1",26.842166694005332,"µg/m³","2025-09-25T19:00:00Z","2025-09-26T00:00:00+05:00","Asia/Tashkent",41.204655,69.232522,,,,"AirGradient","AirGradient"
4902926,"Sputnik-4","pm1",28.277069444126553,"µg/m³","2025-09-25T20:00:00Z","2025-09-26T01:00:00+05:00","Asia/Tashkent",41.204655,69.232522,,,,"AirGradient","AirGradient"
4902926,"Sputnik-4","pm1",33.58854154745738,"µg/m³","2025-09-25T21:00:00Z","2025-09-26T02:00:00+05:00","Asia/Tashkent",41.204655,69.232522,,,,"AirGradient","AirGradient"
4902926,"Sputnik-4","pm1",29.449916680653896,"µg/m³","2025-09-25T22:00:00Z","2025-09-26T03:00:00+05:00","Asia/Tashkent",41.204655,69.232522,,,,"AirGradient","AirGradient"
4902926,"Sputnik-4","pm1",31.119333545366928,"µg/m³","2025-09-25T23:00:00Z","2025-09-26T04:00:00+05:00","Asia/Tashkent",41.204655,69.232522,,,,"AirGradient","AirGradient"
4902926,"Sputnik-4","pm1",24.413833332061767,"µg/m³","2025-09-26T00:00:00Z","2025-09-26T05:00:00+05:00","Asia/Tashkent",41.204655,69.232522,,,,"AirGradient","AirGradient"
4902926,"Sputnik-4","pm1",24.52776389386919,"µg/m³","2025-09-26T01:00:00Z","2025-09-26T06:00:00+05:00","Asia/Tashkent",41.204655,69.232522,,,,"AirGradient","AirGradient"
4902926,"Sputnik-4","pm1",23.647333335876464,"µg/m³","2025-09-26T02:00:00Z","2025-09-26T07:00:00+05:00","Asia/Tashkent",41.204655,69.232522,,,,"AirGradient","AirGradient"
4902926,"Sputnik-4","pm1",23.90383334159851,"µg/m³","2025-09-26T03:00:00Z","2025-09-26T08:00:00+05:00","Asia/Tashkent",41.204655,69.232522,,,,"AirGradient","AirGradient"
4902926,"Sputnik-4","pm1",19.063041679064433,"µg/m³","2025-09-26T04:00:00Z","2025-09-26T09:00:00+05:00","Asia/Tashkent",41.204655,69.232522,,,,"AirGradient","AirGradient"
4902926,"Sputnik-4","pm1",12.350291673342385,"µg/m³","2025-09-26T05:00:00Z","2025-09-26T10:00:00+05:00","Asia/Tashkent",41.204655,69.232522,,,,"AirGradient","AirGradient"
4902926,"Sputnik-4","pm1",7.8825833479563405,"µg/m³","2025-09-26T06:00:00Z","2025-09-26T11:00:00+05:00","Asia/Tashkent",41.204655,69.232522,,,,"AirGradient","AirGradient"
4902926,"Sputnik-4","pm1",7.808375000953674,"µg/m³","2025-09-26T07:00:00Z","2025-09-26T12:00:00+05:00","Asia/Tashkent",41.204655,69.232522,,,,"AirGradient","AirGradient"
4902926,"Sputnik-4","pm1",6.4942499951356,"µg/m³","2025-09-26T08:00:00Z","2025-09-26T13:00:00+05:00","Asia/Tashkent",41.204655,69.232522,,,,"AirGradient","AirGradient"
4902926,"Sputnik-4","pm1",1.5231111004948616,"µg/m³","2025-09-26T09:00:00Z","2025-09-26T14:00:00+05:00","Asia/Tashkent",41.204655,69.232522,,,,"AirGradient","AirGradient"
4902926,"Sputnik-4","pm1",1.1182083347191414,"µg/m³","2025-09-26T11:00:00Z","2025-09-26T16:00:00+05:00","Asia/Tashkent",41.204655,69.232522,,,,"AirGradient","AirGradient"
4902926,"Sputnik-4","pm1",3.496152776810858,"µg/m³","2025-09-26T12:00:00Z","2025-09-26T17:00:00+05:00","Asia/Tashkent",41.204655,69.232522,,,,"AirGradient","AirGradient"
4902926,"Sputnik-4","pm1",2.975083339214325,"µg/m³","2025-09-26T13:00:00Z","2025-09-26T18:00:00+05:00","Asia/Tashkent",41.204655,69.232522,,,,"AirGradient","AirGradient"
4902926,"Sputnik-4","pm1",10.298791670799256,"µg/m³","2025-09-26T14:00:00Z","2025-09-26T19:00:00+05:00","Asia/Tashkent",41.204655,69.232522,,,,"AirGradient","AirGradient"
4902926,"Sputnik-4","pm1",20.5119166692098,"µg/m³","2025-09-26T15:00:00Z","2025-09-26T20:00:00+05:00","Asia/Tashkent",41.204655,69.232522,,,,"AirGradient","AirGradient"
4902926,"Sputnik-4","pm1",25.30708333651225,"µg/m³","2025-09-26T16:00:00Z","2025-09-26T21:00:00+05:00","Asia/Tashkent",41.204655,69.232522,,,,"AirGradient","AirGradient"
4902926,"Sputnik-4","pm1",23.283958347638446,"µg/m³","2025-09-26T17:00:00Z","2025-09-26T22:00:00+05:00","Asia/Tashkent",41.204655,69.232522,,,,"AirGradient","AirGradient"
4902926,"Sputnik-4","pm1",23.647916666666664,"µg/m³","2025-09-26T18:00:00Z","2025-09-26T23:00:00+05:00","Asia/Tashkent",41.204655,69.232522,,,,"AirGradient","AirGradient"
4902926,"Sputnik-4","pm1",24.36487499078115,"µg/m³","2025-09-26T19:00:00Z","2025-09-27T00:00:00+05:00","Asia/Tashkent",41.204655,69.232522,,,,"AirGradient","AirGradient"
4902926,"Sputnik-4","pm1",24.40049999554952,"µg/m³","2025-09-26T20:00:00Z","2025-09-27T01:00:00+05:00","Asia/Tashkent",41.204655,69.232522,,,,"AirGradient","AirGradient"
4902926,"Sputnik-4","pm1",22.7661250034968,"µg/m³","2025-09-26T21:00:00Z","2025-09-27T02:00:00+05:00","Asia/Tashkent",41.204655,69.232522,,,,"AirGradient","AirGradient"
4902926,"Sputnik-4","pm1",22.491000000635783,"µg/m³","2025-09-26T22:00:00Z","2025-09-27T03:00:00+05:00","Asia/Tashkent",41.204655,69.232522,,,,"AirGradient","AirGradient"
4902926,"Sputnik-4","pm1",22.068125001589454,"µg/m³","2025-09-26T23:00:00Z","2025-09-27T04:00:00+05:00","Asia/Tashkent",41.204655,69.232522,,,,"AirGradient","AirGradient"
4902926,"Sputnik-4","pm1",20.308874996503196,"µg/m³","2025-09-27T00:00:00Z","2025-09-27T05:00:00+05:00","Asia/Tashkent",41.204655,69.232522,,,,"AirGradient","AirGradient"
4902926,"Sputnik-4","pm1",20.123708319664,"µg/m³","2025-09-27T01:00:00Z","2025-09-27T06:00:00+05:00","Asia/Tashkent",41.204655,69.232522,,,,"AirGradient","AirGradient"
4902926,"Sputnik-4","pm1",22.352041665712992,"µg/m³","2025-09-27T02:00:00Z","2025-09-27T07:00:00+05:00","Asia/Tashkent",41.204655,69.232522,,,,"AirGradient","AirGradient"
4902926,"Sputnik-4","pm1",24.508458336194362,"µg/m³","2025-09-27T03:00:00Z","2025-09-27T08:00:00+05:00","Asia/Tashkent",41.204655,69.232522,,,,"AirGradient","AirGradient"
4902926,"Sputnik-4","pm1",21.0315833568573,"µg/m³","2025-09-27T04:00:00Z","2025-09-27T09:00:00+05:00","Asia/Tashkent",41.204655,69.232522,,,,"AirGradient","AirGradient"
4902926,"Sputnik-4","pm1",15.634318187020044,"µg/m³","2025-09-27T05:00:00Z","2025-09-27T10:00:00+05:00","Asia/Tashkent",41.204655,69.232522,,,,"AirGradient","AirGradient"
4902926,"Sputnik-4","pm1",8.073333337571887,"µg/m³","2025-09-27T06:00:00Z","2025-09-27T11:00:00+05:00","Asia/Tashkent",41.204655,69.232522,,,,"AirGradient","AirGradient"
4902926,"Sputnik-4","pm1",5.675999984741212,"µg/m³","2025-09-27T08:00:00Z","2025-09-27T13:00:00+05:00","Asia/Tashkent",41.204655,69.232522,,,,"AirGradient","AirGradient"
4902926,"Sputnik-4","pm1",6.116958340009053,"µg/m³","2025-09-27T09:00:00Z","2025-09-27T14:00:00+05:00","Asia/Tashkent",41.204655,69.232522,,,,"AirGradient","AirGradient"
4902926,"Sputnik-4","pm1",3.775499998033047,"µg/m³","2025-09-27T12:00:00Z","2025-09-27T17:00:00+05:00","Asia/Tashkent",41.204655,69.232522,,,,"AirGradient","AirGradient"
4902926,"Sputnik-4","pm1",3.650083335240682,"µg/m³","2025-09-27T13:00:00Z","2025-09-27T18:00:00+05:00","Asia/Tashkent",41.204655,69.232522,,,,"AirGradient","AirGradient"
4902926,"Sputnik-4","pm1",14.056833336088394,"µg/m³","2025-09-27T14:00:00Z","2025-09-27T19:00:00+05:00","Asia/Tashkent",41.204655,69.232522,,,,"AirGradient","AirGradient"
4902926,"Sputnik-4","pm1",23.42258332570394,"µg/m³","2025-09-27T15:00:00Z","2025-09-27T20:00:00+05:00","Asia/Tashkent",41.204655,69.232522,,,,"AirGradient","AirGradient"
4902926,"Sputnik-4","pm1",25.065624992052715,"µg/m³","2025-09-27T16:00:00Z","2025-09-27T21:00:00+05:00","Asia/Tashkent",41.204655,69.232522,,,,"AirGradient","AirGradient"
4902926,"Sputnik-4","pm1",27.999416653315226,"µg/m³","2025-09-27T17:00:00Z","2025-09-27T22:00:00+05:00","Asia/Tashkent",41.204655,69.232522,,,,"AirGradient","AirGradient"
4902926,"Sputnik-4","pm1",26.55875000953674,"µg/m³","2025-09-27T18:00:00Z","2025-09-27T23:00:00+05:00","Asia/Tashkent",41.204655,69.232522,,,,"AirGradient","AirGradient"
4902926,"Sputnik-4","pm1",27.161499977111813,"µg/m³","2025-09-27T19:00:00Z","2025-09-28T00:00:00+05:00","Asia/Tashkent",41.204655,69.232522,,,,"AirGradient","AirGradient"
4902926,"Sputnik-4","pm1",25.49590277936724,"µg/m³","2025-09-27T20:00:00Z","2025-09-28T01:00:00+05:00","Asia/Tashkent",41.204655,69.232522,,,,"AirGradient","AirGradient"
4902926,"Sputnik-4","pm1",28.193791667620346,"µg/m³","2025-09-27T21:00:00Z","2025-09-28T02:00:00+05:00","Asia/Tashkent",41.204655,69.232522,,,,"AirGradient","AirGradient"
4902926,"Sputnik-4","pm1",26.68041666348775,"µg/m³","2025-09-27T22:00:00Z","2025-09-28T03:00:00+05:00","Asia/Tashkent",41.204655,69.232522,,,,"AirGradient","AirGradient"
4902926,"Sputnik-4","pm1",21.79375,"µg/m³","2025-09-27T23:00:00Z","2025-09-28T04:00:00+05:00","Asia/Tashkent",41.204655,69.232522,,,,"AirGradient","AirGradient"
4902926,"Sputnik-4","pm1",21.564166662428118,"µg/m³","2025-09-28T00:00:00Z","2025-09-28T05:00:00+05:00","Asia/Tashkent",41.204655,69.232522,,,,"AirGradient","AirGradient"
4902926,"Sputnik-4","pm1",22.659958338737486,"µg/m³","2025-09-28T01:00:00Z","2025-09-28T06:00:00+05:00","Asia/Tashkent",41.204655,69.232522,,,,"AirGradient","AirGradient"
4902926,"Sputnik-4","pm1",23.376625037193296,"µg/m³","2025-09-28T02:00:00Z","2025-09-28T07:00:00+05:00","Asia/Tashkent",41.204655,69.232522,,,,"AirGradient","AirGradient"
4902926,"Sputnik-4","pm1",23.223125004768374,"µg/m³","2025-09-28T03:00:00Z","2025-09-28T08:00:00+05:00","Asia/Tashkent",41.204655,69.232522,,,,"AirGradient","AirGradient"
4902926,"Sputnik-4","pm1",26.539472198486326,"µg/m³","2025-09-28T04:00:00Z","2025-09-28T09:00:00+05:00","Asia/Tashkent",41.204655,69.232522,,,,"AirGradient","AirGradient"
4902926,"Sputnik-4","pm1",23.64104165236155,"µg/m³","2025-09-28T05:00:00Z","2025-09-28T10:00:00+05:00","Asia/Tashkent",41.204655,69.232522,,,,"AirGradient","AirGradient"
4902926,"Sputnik-4","pm1",25.19099998474121,"µg/m³","2025-09-28T06:00:00Z","2025-09-28T11:00:00+05:00","Asia/Tashkent",41.204655,69.232522,,,,"AirGradient","AirGradient"
4902926,"Sputnik-4","pm1",23.674125011761983,"µg/m³","2025-09-28T07:00:00Z","2025-09-28T12:00:00+05:00","Asia/Tashkent",41.204655,69.232522,,,,"AirGradient","AirGradient"
4902926,"Sputnik-4","pm1",17.996000003814697,"µg/m³","2025-09-28T08:00:00Z","2025-09-28T13:00:00+05:00","Asia/Tashkent",41.204655,69.232522,,,,"AirGradient","AirGradient"
4902926,"Sputnik-4","pm1",4.597888893551297,"µg/m³","2025-09-28T12:00:00Z","2025-09-28T17:00:00+05:00","Asia/Tashkent",41.204655,69.232522,,,,"AirGradient","AirGradient"
4902926,"Sputnik-4","pm1",6.668958338101704,"µg/m³","2025-09-28T13:00:00Z","2025-09-28T18:00:00+05:00","Asia/Tashkent",41.204655,69.232522,,,,"AirGradient","AirGradient"
4902926,"Sputnik-4","pm1",18.02159722381168,"µg/m³","2025-09-28T14:00:00Z","2025-09-28T19:00:00+05:00","Asia/Tashkent",41.204655,69.232522,,,,"AirGradient","AirGradient"
4902926,"Sputnik-4","pm1",23.373208324114483,"µg/m³","2025-09-28T15:00:00Z","2025-09-28T20:00:00+05:00","Asia/Tashkent",41.204655,69.232522,,,,"AirGradient","AirGradient"
4902926,"Sputnik-4","pm1",20.619374998410542,"µg/m³","2025-09-28T16:00:00Z","2025-09-28T21:00:00+05:00","Asia/Tashkent",41.204655,69.232522,,,,"AirGradient","AirGradient"
4902926,"Sputnik-4","pm1",18.715819435649447,"µg/m³","2025-09-28T17:00:00Z","2025-09-28T22:00:00+05:00","Asia/Tashkent",41.204655,69.232522,,,,"AirGradient","AirGradient"
4902926,"Sputnik-4","pm1",13.287916660308836,"µg/m³","2025-09-28T18:00:00Z","2025-09-28T23:00:00+05:00","Asia/Tashkent",41.204655,69.232522,,,,"AirGradient","AirGradient"
4902926,"Sputnik-4","pm1",25.731666676203414,"µg/m³","2025-09-28T19:00:00Z","2025-09-29T00:00:00+05:00","Asia/Tashkent",41.204655,69.232522,,,,"AirGradient","AirGradient"
4902926,"Sputnik-4","pm1",31.46741656462351,"µg/m³","2025-09-28T20:00:00Z","2025-09-29T01:00:00+05:00","Asia/Tashkent",41.204655,69.232522,,,,"AirGradient","AirGradient"
4902926,"Sputnik-4","pm1",30.27640277809567,"µg/m³","2025-09-28T21:00:00Z","2025-09-29T02:00:00+05:00","Asia/Tashkent",41.204655,69.232522,,,,"AirGradient","AirGradient"
4902926,"Sputnik-4","pm1",25.11500000953674,"µg/m³","2025-09-28T22:00:00Z","2025-09-29T03:00:00+05:00","Asia/Tashkent",41.204655,69.232522,,,,"AirGradient","AirGradient"
4902926,"Sputnik-4","pm1",24.04012499650319,"µg/m³","2025-09-28T23:00:00Z","2025-09-29T04:00:00+05:00","Asia/Tashkent",41.204655,69.232522,,,,"AirGradient","AirGradient"
4902926,"Sputnik-4","pm1",25.29908334414164,"µg/m³","2025-09-29T00:00:00Z","2025-09-29T05:00:00+05:00","Asia/Tashkent",41.204655,69.232522,,,,"AirGradient","AirGradient"
4902926,"Sputnik-4","pm1",25.662291789054866,"µg/m³","2025-09-29T01:00:00Z","2025-09-29T06:00:00+05:00","Asia/Tashkent",41.204655,69.232522,,,,"AirGradient","AirGradient"
4902926,"Sputnik-4","pm1",25.87195834318797,"µg/m³","2025-09-29T02:00:00Z","2025-09-29T07:00:00+05:00","Asia/Tashkent",41.204655,69.232522,,,,"AirGradient","AirGradient"
4902926,"Sputnik-4","pm1",23.017416667938235,"µg/m³","2025-09-29T03:00:00Z","2025-09-29T08:00:00+05:00","Asia/Tashkent",41.204655,69.232522,,,,"AirGradient","AirGradient"
4902926,"Sputnik-4","pm1",24.597916666666674,"µg/m³","2025-09-29T04:00:00Z","2025-09-29T09:00:00+05:00","Asia/Tashkent",41.204655,69.232522,,,,"AirGradient","AirGradient"
4902926,"Sputnik-4","pm1",26.6564999739329,"µg/m³","2025-09-29T05:00:00Z","2025-09-29T10:00:00+05:00","Asia/Tashkent",41.204655,69.232522,,,,"AirGradient","AirGradient"
4902926,"Sputnik-4","pm1",22.612833340962727,"µg/m³","2025-09-29T06:00:00Z","2025-09-29T11:00:00+05:00","Asia/Tashkent",41.204655,69.232522,,,,"AirGradient","AirGradient"
4902926,"Sputnik-4","pm1",22.311569428443907,"µg/m³","2025-09-29T07:00:00Z","2025-09-29T12:00:00+05:00","Asia/Tashkent",41.204655,69.232522,,,,"AirGradient","AirGradient"
4902926,"Sputnik-4","pm1",18.477541677157088,"µg/m³","2025-09-29T08:00:00Z","2025-09-29T13:00:00+05:00","Asia/Tashkent",41.204655,69.232522,,,,"AirGradient","AirGradient"
4902926,"Sputnik-4","pm1",11.48416666984558,"µg/m³","2025-09-29T09:00:00Z","2025-09-29T14:00:00+05:00","Asia/Tashkent",41.204655,69.232522,,,,"AirGradient","AirGradient"
4902926,"Sputnik-4","pm1",9.295375005404155,"µg/m³","2025-09-29T10:00:00Z","2025-09-29T15:00:00+05:00","Asia/Tashkent",41.204655,69.232522,,,,"AirGradient","AirGradient"
4902926,"Sputnik-4","pm1",4.168055555555555,"µg/m³","2025-09-29T11:00:00Z","2025-09-29T16:00:00+05:00","Asia/Tashkent",41.204655,69.232522,,,,"AirGradient","AirGradient"
4902926,"Sputnik-4","pm1",1.7854583332935967,"µg/m³","2025-09-29T13:00:00Z","2025-09-29T18:00:00+05:00","Asia/Tashkent",41.204655,69.232522,,,,"AirGradient","AirGradient"
4902926,"Sputnik-4","pm1",3.052472227066756,"µg/m³","2025-09-29T14:00:00Z","2025-09-29T19:00:00+05:00","Asia/Tashkent",41.204655,69.232522,,,,"AirGradient","AirGradient"
4902926,"Sputnik-4","pm1",7.0016944514380555,"µg/m³","2025-09-29T15:00:00Z","2025-09-29T20:00:00+05:00","Asia/Tashkent",41.204655,69.232522,,,,"AirGradient","AirGradient"
4902926,"Sputnik-4","pm1",6.333999999364217,"µg/m³","2025-09-29T16:00:00Z","2025-09-29T21:00:00+05:00","Asia/Tashkent",41.204655,69.232522,,,,"AirGradient","AirGradient"
4902926,"Sputnik-4","pm1",5.489333338207668,"µg/m³","2025-09-29T17:00:00Z","2025-09-29T22:00:00+05:00","Asia/Tashkent",41.204655,69.232522,,,,"AirGradient","AirGradient"
4902926,"Sputnik-4","pm1",5.80770833492279,"µg/m³","2025-09-29T18:00:00Z","2025-09-29T23:00:00+05:00","Asia/Tashkent",41.204655,69.232522,,,,"AirGradient","AirGradient"
4902926,"Sputnik-4","pm1",7.193749999999999,"µg/m³","2025-09-29T19:00:00Z","2025-09-30T00:00:00+05:00","Asia/Tashkent",41.204655,69.232522,,,,"AirGradient","AirGradient"
4902926,"Sputnik-4","pm1",15.408902780214946,"µg/m³","2025-09-29T20:00:00Z","2025-09-30T01:00:00+05:00","Asia/Tashkent",41.204655,69.232522,,,,"AirGradient","AirGradient"
4902926,"Sputnik-4","pm1",12.10274999936422,"µg/m³","2025-09-29T21:00:00Z","2025-09-30T02:00:00+05:00","Asia/Tashkent",41.204655,69.232522,,,,"AirGradient","AirGradient"
4902926,"Sputnik-4","pm1",6.45426388581594,"µg/m³","2025-09-29T22:00:00Z","2025-09-30T03:00:00+05:00","Asia/Tashkent",41.204655,69.232522,,,,"AirGradient","AirGradient"
4902926,"Sputnik-4","pm1",7.066249990463258,"µg/m³","2025-09-29T23:00:00Z","2025-09-30T04:00:00+05:00","Asia/Tashkent",41.204655,69.232522,,,,"AirGradient","AirGradient"
4902926,"Sputnik-4","pm1",11.046875007947285,"µg/m³","2025-09-30T00:00:00Z","2025-09-30T05:00:00+05:00","Asia/Tashkent",41.204655,69.232522,,,,"AirGradient","AirGradient"
4902926,"Sputnik-4","pm1",23.734499994913737,"µg/m³","2025-09-30T01:00:00Z","2025-09-30T06:00:00+05:00","Asia/Tashkent",41.204655,69.232522,,,,"AirGradient","AirGradient"
4902926,"Sputnik-4","pm1",24.922541673978174,"µg/m³","2025-09-30T02:00:00Z","2025-09-30T07:00:00+05:00","Asia/Tashkent",41.204655,69.232522,,,,"AirGradient","AirGradient"
4902926,"Sputnik-4","pm1",26.515666675567626,"µg/m³","2025-09-30T03:00:00Z","2025-09-30T08:00:00+05:00","Asia/Tashkent",41.204655,69.232522,,,,"AirGradient","AirGradient"
4902926,"Sputnik-4","pm1",27.962125007311503,"µg/m³","2025-09-30T04:00:00Z","2025-09-30T09:00:00+05:00","Asia/Tashkent",41.204655,69.232522,,,,"AirGradient","AirGradient"
4902926,"Sputnik-4","pm1",27.39675000508626,"µg/m³","2025-09-30T05:00:00Z","2025-09-30T10:00:00+05:00","Asia/Tashkent",41.204655,69.232522,,,,"AirGradient","AirGradient"
4902926,"Sputnik-4","pm1",26.679499991734826,"µg/m³","2025-09-30T06:00:00Z","2025-09-30T11:00:00+05:00","Asia/Tashkent",41.204655,69.232522,,,,"AirGradient","AirGradient"
4902926,"Sputnik-4","pm1",17.79574999809265,"µg/m³","2025-09-30T07:00:00Z","2025-09-30T12:00:00+05:00","Asia/Tashkent",41.204655,69.232522,,,,"AirGradient","AirGradient"
4902926,"Sputnik-4","pm1",5.575624998410543,"µg/m³","2025-09-30T08:00:00Z","2025-09-30T13:00:00+05:00","Asia/Tashkent",41.204655,69.232522,,,,"AirGradient","AirGradient"
4902926,"Sputnik-4","pm1",2.6144861100655468,"µg/m³","2025-09-30T09:00:00Z","2025-09-30T14:00:00+05:00","Asia/Tashkent",41.204655,69.232522,,,,"AirGradient","AirGradient"
4902926,"Sputnik-4","pm1",0.8376527811504072,"µg/m³","2025-09-30T10:00:00Z","2025-09-30T15:00:00+05:00","Asia/Tashkent",41.204655,69.232522,,,,"AirGradient","AirGradient"
4902926,"Sputnik-4","pm1",0.22829166886707145,"µg/m³","2025-09-30T11:00:00Z","2025-09-30T16:00:00+05:00","Asia/Tashkent",41.204655,69.232522,,,,"AirGradient","AirGradient"
4902926,"Sputnik-4","pm1",0.4910833359385529,"µg/m³","2025-09-30T12:00:00Z","2025-09-30T17:00:00+05:00","Asia/Tashkent",41.204655,69.232522,,,,"AirGradient","AirGradient"
4902926,"Sputnik-4","pm1",0.8165416712355283,"µg/m³","2025-09-30T13:00:00Z","2025-09-30T18:00:00+05:00","Asia/Tashkent",41.204655,69.232522,,,,"AirGradient","AirGradient"
4902926,"Sputnik-4","pm1",3.2804305477274798,"µg/m³","2025-09-30T14:00:00Z","2025-09-30T19:00:00+05:00","Asia/Tashkent",41.204655,69.232522,,,,"AirGradient","AirGradient"
4902926,"Sputnik-4","pm1",3.6064305596881443,"µg/m³","2025-09-30T16:00:00Z","2025-09-30T21:00:00+05:00","Asia/Tashkent",41.204655,69.232522,,,,"AirGradient","AirGradient"
4902926,"Sputnik-4","pm1",4.134499994913737,"µg/m³","2025-09-30T17:00:00Z","2025-09-30T22:00:00+05:00","Asia/Tashkent",41.204655,69.232522,,,,"AirGradient","AirGradient"
4902926,"Sputnik-4","pm1",5.086375006039937,"µg/m³","2025-09-30T18:00:00Z","2025-09-30T23:00:00+05:00","Asia/Tashkent",41.204655,69.232522,,,,"AirGradient","AirGradient"
4902926,"Sputnik-4","pm1",7.154527780744764,"µg/m³","2025-09-30T19:00:00Z","2025-10-01T00:00:00+05:00","Asia/Tashkent",41.204655,69.232522,,,,"AirGradient","AirGradient"
4902926,"Sputnik-4","pm1",13.166375009218852,"µg/m³","2025-09-30T20:00:00Z","2025-10-01T01:00:00+05:00","Asia/Tashkent",41.204655,69.232522,,,,"AirGradient","AirGradient"
4902926,"Sputnik-4","pm1",13.966305568483142,"µg/m³","2025-09-30T21:00:00Z","2025-10-01T02:00:00+05:00","Asia/Tashkent",41.204655,69.232522,,,,"AirGradient","AirGradient"
4902926,"Sputnik-4","pm1",12.396363622492009,"µg/m³","2025-09-30T22:00:00Z","2025-10-01T03:00:00+05:00","Asia/Tashkent",41.204655,69.232522,,,,"AirGradient","AirGradient"
4902926,"Sputnik-4","pm1",8.010333331425985,"µg/m³","2025-09-30T23:00:00Z","2025-10-01T04:00:00+05:00","Asia/Tashkent",41.204655,69.232522,,,,"AirGradient","AirGradient"
4902926,"Sputnik-4","pm1",4.073708333571751,"µg/m³","2025-10-01T00:00:00Z","2025-10-01T05:00:00+05:00","Asia/Tashkent",41.204655,69.232522,,,,"AirGradient","AirGradient"
4902926,"Sputnik-4","pm1",1.9407500008742014,"µg/m³","2025-10-01T01:00:00Z","2025-10-01T06:00:00+05:00","Asia/Tashkent",41.204655,69.232522,,,,"AirGradient","AirGradient"
4902926,"Sputnik-4","pm1",1.1979166661699614,"µg/m³","2025-10-01T02:00:00Z","2025-10-01T07:00:00+05:00","Asia/Tashkent",41.204655,69.232522,,,,"AirGradient","AirGradient"
4902926,"Sputnik-4","pm1",0.421666666203075,"µg/m³","2025-10-01T03:00:00Z","2025-10-01T08:00:00+05:00","Asia/Tashkent",41.204655,69.232522,,,,"AirGradient","AirGradient"
4902926,"Sputnik-4","pm1",0.8208333313465119,"µg/m³","2025-10-01T04:00:00Z","2025-10-01T09:00:00+05:00","Asia/Tashkent",41.204655,69.232522,,,,"AirGradient","AirGradient"
4902926,"Sputnik-4","pm1",3.5324583272139236,"µg/m³","2025-10-01T05:00:00Z","2025-10-01T10:00:00+05:00","Asia/Tashkent",41.204655,69.232522,,,,"AirGradient","AirGradient"
4902926,"Sputnik-4","pm1",5.819527769088745,"µg/m³","2025-10-01T06:00:00Z","2025-10-01T11:00:00+05:00","Asia/Tashkent",41.204655,69.232522,,,,"AirGradient","AirGradient"
4902926,"Sputnik-4","pm1",1.784499995907148,"µg/m³","2025-10-01T07:00:00Z","2025-10-01T12:00:00+05:00","Asia/Tashkent",41.204655,69.232522,,,,"AirGradient","AirGradient"
4902926,"Sputnik-4","pm1",1.0019999989618857,"µg/m³","2025-10-01T08:00:00Z","2025-10-01T13:00:00+05:00","Asia/Tashkent",41.204655,69.232522,,,,"AirGradient","AirGradient"
4902926,"Sputnik-4","pm1",0.5192083350072304,"µg/m³","2025-10-01T09:00:00Z","2025-10-01T14:00:00+05:00","Asia/Tashkent",41.204655,69.232522,,,,"AirGradient","AirGradient"
4902926,"Sputnik-4","pm1",0.0863636360249736,"µg/m³","2025-10-01T10:00:00Z","2025-10-01T15:00:00+05:00","Asia/Tashkent",41.204655,69.232522,,,,"AirGradient","AirGradient"
4902926,"Sputnik-4","pm1",0.11666666666666665,"µg/m³","2025-10-01T11:00:00Z","2025-10-01T16:00:00+05:00","Asia/Tashkent",41.204655,69.232522,,,,"AirGradient","AirGradient"
4902926,"Sputnik-4","pm1",0.04154166715840499,"µg/m³","2025-10-01T12:00:00Z","2025-10-01T17:00:00+05:00","Asia/Tashkent",41.204655,69.232522,,,,"AirGradient","AirGradient"
4902926,"Sputnik-4","pm1",1.148291667468018,"µg/m³","2025-10-01T13:00:00Z","2025-10-01T18:00:00+05:00","Asia/Tashkent",41.204655,69.232522,,,,"AirGradient","AirGradient"
4902926,"Sputnik-4","pm1",6.768208342128329,"µg/m³","2025-10-01T14:00:00Z","2025-10-01T19:00:00+05:00","Asia/Tashkent",41.204655,69.232522,,,,"AirGradient","AirGradient"
4902926,"Sputnik-4","pm1",10.304013895988467,"µg/m³","2025-10-01T15:00:00Z","2025-10-01T20:00:00+05:00","Asia/Tashkent",41.204655,69.232522,,,,"AirGradient","AirGradient"
4902926,"Sputnik-4","pm1",21.43033332824707,"µg/m³","2025-10-01T16:00:00Z","2025-10-01T21:00:00+05:00","Asia/Tashkent",41.204655,69.232522,,,,"AirGradient","AirGradient"
4902926,"Sputnik-4","pm1",22.907888894610934,"µg/m³","2025-10-01T17:00:00Z","2025-10-01T22:00:00+05:00","Asia/Tashkent",41.204655,69.232522,,,,"AirGradient","AirGradient"
4902926,"Sputnik-4","pm1",12.344560585599957,"µg/m³","2025-10-01T18:00:00Z","2025-10-01T23:00:00+05:00","Asia/Tashkent",41.204655,69.232522,,,,"AirGradient","AirGradient"
4902926,"Sputnik-4","pm1",13.6010972155465,"µg/m³","2025-10-01T19:00:00Z","2025-10-02T00:00:00+05:00","Asia/Tashkent",41.204655,69.232522,,,,"AirGradient","AirGradient"
4902926,"Sputnik-4","pm1",25.60487500031789,"µg/m³","2025-10-01T20:00:00Z","2025-10-02T01:00:00+05:00","Asia/Tashkent",41.204655,69.232522,,,,"AirGradient","AirGradient"
4902926,"Sputnik-4","pm1",31.57341669400533,"µg/m³","2025-10-01T21:00:00Z","2025-10-02T02:00:00+05:00","Asia/Tashkent",41.204655,69.232522,,,,"AirGradient","AirGradient"
4902926,"Sputnik-4","pm1",6.169999996821086,"µg/m³","2025-10-01T22:00:00Z","2025-10-02T03:00:00+05:00","Asia/Tashkent",41.204655,69.232522,,,,"AirGradient","AirGradient"
4902926,"Sputnik-4","pm1",6.181458338101705,"µg/m³","2025-10-01T23:00:00Z","2025-10-02T04:00:00+05:00","Asia/Tashkent",41.204655,69.232522,,,,"AirGradient","AirGradient"
4902926,"Sputnik-4","pm1",4.72595833937327,"µg/m³","2025-10-02T00:00:00Z","2025-10-02T05:00:00+05:00","Asia/Tashkent",41.204655,69.232522,,,,"AirGradient","AirGradient"
4902926,"Sputnik-4","pm1",7.2526666641235344,"µg/m³","2025-10-02T01:00:00Z","2025-10-02T06:00:00+05:00","Asia/Tashkent",41.204655,69.232522,,,,"AirGradient","AirGradient"
4902926,"Sputnik-4","pm1",3.49437500089407,"µg/m³","2025-10-02T02:00:00Z","2025-10-02T07:00:00+05:00","Asia/Tashkent",41.204655,69.232522,,,,"AirGradient","AirGradient"
4902926,"Sputnik-4","pm1",5.952624998986722,"µg/m³","2025-10-02T03:00:00Z","2025-10-02T08:00:00+05:00","Asia/Tashkent",41.204655,69.232522,,,,"AirGradient","AirGradient"
4902926,"Sputnik-4","pm1",2.1729166656732555,"µg/m³","2025-10-02T04:00:00Z","2025-10-02T09:00:00+05:00","Asia/Tashkent",41.204655,69.232522,,,,"AirGradient","AirGradient"
4902926,"Sputnik-4","pm1",17.490083360672,"µg/m³","2025-10-02T05:00:00Z","2025-10-02T10:00:00+05:00","Asia/Tashkent",41.204655,69.232522,,,,"AirGradient","AirGradient"
4902926,"Sputnik-4","pm1",6.662583335240682,"µg/m³","2025-10-02T06:00:00Z","2025-10-02T11:00:00+05:00","Asia/Tashkent",41.204655,69.232522,,,,"AirGradient","AirGradient"
4902926,"Sputnik-4","pm1",3.600125000874202,"µg/m³","2025-10-02T07:00:00Z","2025-10-02T12:00:00+05:00","Asia/Tashkent",41.204655,69.232522,,,,"AirGradient","AirGradient"
4902926,"Sputnik-4","pm1",1.5943333327770233,"µg/m³","2025-10-02T08:00:00Z","2025-10-02T13:00:00+05:00","Asia/Tashkent",41.204655,69.232522,,,,"AirGradient","AirGradient"
4902926,"Sputnik-4","pm1",1.6748749961455662,"µg/m³","2025-10-02T09:00:00Z","2025-10-02T14:00:00+05:00","Asia/Tashkent",41.204655,69.232522,,,,"AirGradient","AirGradient"
4902926,"Sputnik-4","pm1",1.5000000004967056,"µg/m³","2025-10-02T10:00:00Z","2025-10-02T15:00:00+05:00","Asia/Tashkent",41.204655,69.232522,,,,"AirGradient","AirGradient"
4902926,"Sputnik-4","pm1",3.3587083419164023,"µg/m³","2025-10-02T11:00:00Z","2025-10-02T16:00:00+05:00","Asia/Tashkent",41.204655,69.232522,,,,"AirGradient","AirGradient"
4902926,"Sputnik-4","pm1",4.9387222237057165,"µg/m³","2025-10-02T12:00:00Z","2025-10-02T17:00:00+05:00","Asia/Tashkent",41.204655,69.232522,,,,"AirGradient","AirGradient"
4902926,"Sputnik-4","pm1",8.769500001271565,"µg/m³","2025-10-02T13:00:00Z","2025-10-02T18:00:00+05:00","Asia/Tashkent",41.204655,69.232522,,,,"AirGradient","AirGradient"
4902926,"Sputnik-4","pm1",15.614583333333332,"µg/m³","2025-10-02T14:00:00Z","2025-10-02T19:00:00+05:00","Asia/Tashkent",41.204655,69.232522,,,,"AirGradient","AirGradient"
4902926,"Sputnik-4","pm1",20.147874999046326,"µg/m³","2025-10-02T15:00:00Z","2025-10-02T20:00:00+05:00","Asia/Tashkent",41.204655,69.232522,,,,"AirGradient","AirGradient"
4902926,"Sputnik-4","pm1",22.144347225295174,"µg/m³","2025-10-02T16:00:00Z","2025-10-02T21:00:00+05:00","Asia/Tashkent",41.204655,69.232522,,,,"AirGradient","AirGradient"
4902926,"Sputnik-4","pm1",17.91579166253408,"µg/m³","2025-10-02T17:00:00Z","2025-10-02T22:00:00+05:00","Asia/Tashkent",41.204655,69.232522,,,,"AirGradient","AirGradient"
4902926,"Sputnik-4","pm1",22.0344028128518,"µg/m³","2025-10-02T18:00:00Z","2025-10-02T23:00:00+05:00","Asia/Tashkent",41.204655,69.232522,,,,"AirGradient","AirGradient"
4902926,"Sputnik-4","pm1",27.76179166634878,"µg/m³","2025-10-02T19:00:00Z","2025-10-03T00:00:00+05:00","Asia/Tashkent",41.204655,69.232522,,,,"AirGradient","AirGradient"
4902926,"Sputnik-4","pm1",20.82049999237061,"µg/m³","2025-10-02T20:00:00Z","2025-10-03T01:00:00+05:00","Asia/Tashkent",41.204655,69.232522,,,,"AirGradient","AirGradient"
4902926,"Sputnik-4","pm1",24.015500005086263,"µg/m³","2025-10-02T21:00:00Z","2025-10-03T02:00:00+05:00","Asia/Tashkent",41.204655,69.232522,,,,"AirGradient","AirGradient"
4902926,"Sputnik-4","pm1",24.738125014305112,"µg/m³","2025-10-02T22:00:00Z","2025-10-03T03:00:00+05:00","Asia/Tashkent",41.204655,69.232522,,,,"AirGradient","AirGradient"
4902926,"Sputnik-4","pm1",24.548125004768377,"µg/m³","2025-10-02T23:00:00Z","2025-10-03T04:00:00+05:00","Asia/Tashkent",41.204655,69.232522,,,,"AirGradient","AirGradient"
4902926,"Sputnik-4","pm1",23.730249993006385,"µg/m³","2025-10-03T00:00:00Z","2025-10-03T05:00:00+05:00","Asia/Tashkent",41.204655,69.232522,,,,"AirGradient","AirGradient"
4902926,"Sputnik-4","pm1",25.9632916688919,"µg/m³","2025-10-03T01:00:00Z","2025-10-03T06:00:00+05:00","Asia/Tashkent",41.204655,69.232522,,,,"AirGradient","AirGradient"
4902926,"Sputnik-4","pm1",28.167541670799256,"µg/m³","2025-10-03T02:00:00Z","2025-10-03T07:00:00+05:00","Asia/Tashkent",41.204655,69.232522,,,,"AirGradient","AirGradient"
4902926,"Sputnik-4","pm1",29.896208357810977,"µg/m³","2025-10-03T03:00:00Z","2025-10-03T08:00:00+05:00","Asia/Tashkent",41.204655,69.232522,,,,"AirGradient","AirGradient"
4902926,"Sputnik-4","pm1",44.99640285438962,"µg/m³","2025-10-03T04:00:00Z","2025-10-03T09:00:00+05:00","Asia/Tashkent",41.204655,69.232522,,,,"AirGradient","AirGradient"
4902926,"Sputnik-4","pm1",33.47158351739247,"µg/m³","2025-10-03T05:00:00Z","2025-10-03T10:00:00+05:00","Asia/Tashkent",41.204655,69.232522,,,,"AirGradient","AirGradient"
4902926,"Sputnik-4","pm1",25.15102778540717,"µg/m³","2025-10-03T06:00:00Z","2025-10-03T11:00:00+05:00","Asia/Tashkent",41.204655,69.232522,,,,"AirGradient","AirGradient"
4902926,"Sputnik-4","pm1",26.581749995549526,"µg/m³","2025-10-03T07:00:00Z","2025-10-03T12:00:00+05:00","Asia/Tashkent",41.204655,69.232522,,,,"AirGradient","AirGradient"
4902926,"Sputnik-4","pm1",20.933999999364218,"µg/m³","2025-10-03T08:00:00Z","2025-10-03T13:00:00+05:00","Asia/Tashkent",41.204655,69.232522,,,,"AirGradient","AirGradient"
4902926,"Sputnik-4","pm1",15.439152773221336,"µg/m³","2025-10-03T09:00:00Z","2025-10-03T14:00:00+05:00","Asia/Tashkent",41.204655,69.232522,,,,"AirGradient","AirGradient"
4902926,"Sputnik-4","pm1",19.00900001525879,"µg/m³","2025-10-03T10:00:00Z","2025-10-03T15:00:00+05:00","Asia/Tashkent",41.204655,69.232522,,,,"AirGradient","AirGradient"
4902926,"Sputnik-4","pm1",20.742916679382326,"µg/m³","2025-10-03T11:00:00Z","2025-10-03T16:00:00+05:00","Asia/Tashkent",41.204655,69.232522,,,,"AirGradient","AirGradient"
4902926,"Sputnik-4","pm1",21.416569447517393,"µg/m³","2025-10-03T12:00:00Z","2025-10-03T17:00:00+05:00","Asia/Tashkent",41.204655,69.232522,,,,"AirGradient","AirGradient"
4902926,"Sputnik-4","pm1",21.69937500158946,"µg/m³","2025-10-03T13:00:00Z","2025-10-03T18:00:00+05:00","Asia/Tashkent",41.204655,69.232522,,,,"AirGradient","AirGradient"
4902926,"Sputnik-4","pm1",22.615583340326946,"µg/m³","2025-10-03T14:00:00Z","2025-10-03T19:00:00+05:00","Asia/Tashkent",41.204655,69.232522,,,,"AirGradient","AirGradient"
4902926,"Sputnik-4","pm1",27.742291665077214,"µg/m³","2025-10-03T15:00:00Z","2025-10-03T20:00:00+05:00","Asia/Tashkent",41.204655,69.232522,,,,"AirGradient","AirGradient"
4902926,"Sputnik-4","pm1",34.058208020528156,"µg/m³","2025-10-03T16:00:00Z","2025-10-03T21:00:00+05:00","Asia/Tashkent",41.204655,69.232522,,,,"AirGradient","AirGradient"
4902926,"Sputnik-4","pm1",34.308833312988284,"µg/m³","2025-10-03T17:00:00Z","2025-10-03T22:00:00+05:00","Asia/Tashkent",41.204655,69.232522,,,,"AirGradient","AirGradient"
4902926,"Sputnik-4","pm1",39.96820824940999,"µg/m³","2025-10-03T18:00:00Z","2025-10-03T23:00:00+05:00","Asia/Tashkent",41.204655,69.232522,,,,"AirGradient","AirGradient"
4902926,"Sputnik-4","pm1",38.68072213066949,"µg/m³","2025-10-03T19:00:00Z","2025-10-04T00:00:00+05:00","Asia/Tashkent",41.204655,69.232522,,,,"AirGradient","AirGradient"
4902926,"Sputnik-4","pm1",36.20079123179118,"µg/m³","2025-10-03T20:00:00Z","2025-10-04T01:00:00+05:00","Asia/Tashkent",41.204655,69.232522,,,,"AirGradient","AirGradient"
4902926,"Sputnik-4","pm1",33.51377793418036,"µg/m³","2025-10-03T21:00:00Z","2025-10-04T02:00:00+05:00","Asia/Tashkent",41.204655,69.232522,,,,"AirGradient","AirGradient"
4902926,"Sputnik-4","pm1",34.079333241780596,"µg/m³","2025-10-03T22:00:00Z","2025-10-04T03:00:00+05:00","Asia/Tashkent",41.204655,69.232522,,,,"AirGradient","AirGradient"
4902926,"Sputnik-4","pm1",34.52499996821086,"µg/m³","2025-10-03T23:00:00Z","2025-10-04T04:00:00+05:00","Asia/Tashkent",41.204655,69.232522,,,,"AirGradient","AirGradient"
4902926,"Sputnik-4","pm1",35.080541674296065,"µg/m³","2025-10-04T00:00:00Z","2025-10-04T05:00:00+05:00","Asia/Tashkent",41.204655,69.232522,,,,"AirGradient","AirGradient"
4902926,"Sputnik-4","pm1",34.688541857401525,"µg/m³","2025-10-04T01:00:00Z","2025-10-04T06:00:00+05:00","Asia/Tashkent",41.204655,69.232522,,,,"AirGradient","AirGradient"
4902926,"Sputnik-4","pm1",42.83041674296061,"µg/m³","2025-10-04T02:00:00Z","2025-10-04T07:00:00+05:00","Asia/Tashkent",41.204655,69.232522,,,,"AirGradient","AirGradient"
4902926,"Sputnik-4","pm1",39.90570863087972,"µg/m³","2025-10-04T03:00:00Z","2025-10-04T08:00:00+05:00","Asia/Tashkent",41.204655,69.232522,,,,"AirGradient","AirGradient"
4902926,"Sputnik-4","pm1",38.83187503814697,"µg/m³","2025-10-04T04:00:00Z","2025-10-04T09:00:00+05:00","Asia/Tashkent",41.204655,69.232522,,,,"AirGradient","AirGradient"
4902926,"Sputnik-4","pm1",35.903250249226886,"µg/m³","2025-10-04T05:00:00Z","2025-10-04T10:00:00+05:00","Asia/Tashkent",41.204655,69.232522,,,,"AirGradient","AirGradient"
4902926,"Sputnik-4","pm1",37.03459703657362,"µg/m³","2025-10-04T06:00:00Z","2025-10-04T11:00:00+05:00","Asia/Tashkent",41.204655,69.232522,,,,"AirGradient","AirGradient"
4902926,"Sputnik-4","pm1",29.29536109500461,"µg/m³","2025-10-04T08:00:00Z","2025-10-04T13:00:00+05:00","Asia/Tashkent",41.204655,69.232522,,,,"AirGradient","AirGradient"
4902926,"Sputnik-4","pm1",22.383375000953677,"µg/m³","2025-10-04T09:00:00Z","2025-10-04T14:00:00+05:00","Asia/Tashkent",41.204655,69.232522,,,,"AirGradient","AirGradient"
4902926,"Sputnik-4","pm1",13.395848488085198,"µg/m³","2025-10-04T10:00:00Z","2025-10-04T15:00:00+05:00","Asia/Tashkent",41.204655,69.232522,,,,"AirGradient","AirGradient"
4902926,"Sputnik-4","pm1",8.51579166253408,"µg/m³","2025-10-04T11:00:00Z","2025-10-04T16:00:00+05:00","Asia/Tashkent",41.204655,69.232522,,,,"AirGradient","AirGradient"
4902926,"Sputnik-4","pm1",7.049333333969116,"µg/m³","2025-10-04T12:00:00Z","2025-10-04T17:00:00+05:00","Asia/Tashkent",41.204655,69.232522,,,,"AirGradient","AirGradient"
4902926,"Sputnik-4","pm1",7.5568333307902025,"µg/m³","2025-10-04T13:00:00Z","2025-10-04T18:00:00+05:00","Asia/Tashkent",41.204655,69.232522,,,,"AirGradient","AirGradient"
4902926,"Sputnik-4","pm1",10.659791668256123,"µg/m³","2025-10-04T14:00:00Z","2025-10-04T19:00:00+05:00","Asia/Tashkent",41.204655,69.232522,,,,"AirGradient","AirGradient"
4902926,"Sputnik-4","pm1",14.624694442749023,"µg/m³","2025-10-04T15:00:00Z","2025-10-04T20:00:00+05:00","Asia/Tashkent",41.204655,69.232522,,,,"AirGradient","AirGradient"
4902926,"Sputnik-4","pm1",17.889750003814697,"µg/m³","2025-10-04T16:00:00Z","2025-10-04T21:00:00+05:00","Asia/Tashkent",41.204655,69.232522,,,,"AirGradient","AirGradient"
4902926,"Sputnik-4","pm1",15.09902777671814,"µg/m³","2025-10-04T17:00:00Z","2025-10-04T22:00:00+05:00","Asia/Tashkent",41.204655,69.232522,,,,"AirGradient","AirGradient"
4902926,"Sputnik-4","pm1",14.967999998728436,"µg/m³","2025-10-04T18:00:00Z","2025-10-04T23:00:00+05:00","Asia/Tashkent",41.204655,69.232522,,,,"AirGradient","AirGradient"
4902926,"Sputnik-4","pm1",22.884013888571,"µg/m³","2025-10-04T19:00:00Z","2025-10-05T00:00:00+05:00","Asia/Tashkent",41.204655,69.232522,,,,"AirGradient","AirGradient"
4902926,"Sputnik-4","pm1",26.491916688283283,"µg/m³","2025-10-04T20:00:00Z","2025-10-05T01:00:00+05:00","Asia/Tashkent",41.204655,69.232522,,,,"AirGradient","AirGradient"
4902926,"Sputnik-4","pm1",30.647236111429,"µg/m³","2025-10-04T21:00:00Z","2025-10-05T02:00:00+05:00","Asia/Tashkent",41.204655,69.232522,,,,"AirGradient","AirGradient"
4902926,"Sputnik-4","pm1",31.509374849001563,"µg/m³","2025-10-04T22:00:00Z","2025-10-05T03:00:00+05:00","Asia/Tashkent",41.204655,69.232522,,,,"AirGradient","AirGradient"
4902926,"Sputnik-4","pm1",30.15087492465973,"µg/m³","2025-10-04T23:00:00Z","2025-10-05T04:00:00+05:00","Asia/Tashkent",41.204655,69.232522,,,,"AirGradient","AirGradient"
4902926,"Sputnik-4","pm1",30.153041513760886,"µg/m³","2025-10-05T00:00:00Z","2025-10-05T05:00:00+05:00","Asia/Tashkent",41.204655,69.232522,,,,"AirGradient","AirGradient"
4902926,"Sputnik-4","pm1",35.54104162851969,"µg/m³","2025-10-05T01:00:00Z","2025-10-05T06:00:00+05:00","Asia/Tashkent",41.204655,69.232522,,,,"AirGradient","AirGradient"
4902926,"Sputnik-4","pm1",36.20970872243246,"µg/m³","2025-10-05T02:00:00Z","2025-10-05T07:00:00+05:00","Asia/Tashkent",41.204655,69.232522,,,,"AirGradient","AirGradient"
4902926,"Sputnik-4","pm1",32.89441657861074,"µg/m³","2025-10-05T03:00:00Z","2025-10-05T08:00:00+05:00","Asia/Tashkent",41.204655,69.232522,,,,"AirGradient","AirGradient"
4902926,"Sputnik-4","pm1",30.012694485982266,"µg/m³","2025-10-05T04:00:00Z","2025-10-05T09:00:00+05:00","Asia/Tashkent",41.204655,69.232522,,,,"AirGradient","AirGradient"
4902926,"Sputnik-4","pm1",24.120416673024494,"µg/m³","2025-10-05T05:00:00Z","2025-10-05T10:00:00+05:00","Asia/Tashkent",41.204655,69.232522,,,,"AirGradient","AirGradient"
4902926,"Sputnik-4","pm1",20.07111111217075,"µg/m³","2025-10-05T06:00:00Z","2025-10-05T11:00:00+05:00","Asia/Tashkent",41.204655,69.232522,,,,"AirGradient","AirGradient"
4902926,"Sputnik-4","pm1",20.699680558840434,"µg/m³","2025-10-05T07:00:00Z","2025-10-05T12:00:00+05:00","Asia/Tashkent",41.204655,69.232522,,,,"AirGradient","AirGradient"
4902926,"Sputnik-4","pm1",18.14181943734487,"µg/m³","2025-10-05T08:00:00Z","2025-10-05T13:00:00+05:00","Asia/Tashkent",41.204655,69.232522,,,,"AirGradient","AirGradient"
4902926,"Sputnik-4","pm1",21.879777781168617,"µg/m³","2025-10-05T09:00:00Z","2025-10-05T14:00:00+05:00","Asia/Tashkent",41.204655,69.232522,,,,"AirGradient","AirGradient"
4902926,"Sputnik-4","pm1",11.565499989191691,"µg/m³","2025-10-05T10:00:00Z","2025-10-05T15:00:00+05:00","Asia/Tashkent",41.204655,69.232522,,,,"AirGradient","AirGradient"
4902926,"Sputnik-4","pm1",9.956291667620341,"µg/m³","2025-10-05T11:00:00Z","2025-10-05T16:00:00+05:00","Asia/Tashkent",41.204655,69.232522,,,,"AirGradient","AirGradient"
4902926,"Sputnik-4","pm1",7.989138878716363,"µg/m³","2025-10-05T12:00:00Z","2025-10-05T17:00:00+05:00","Asia/Tashkent",41.204655,69.232522,,,,"AirGradient","AirGradient"
4902926,"Sputnik-4","pm1",16.51958335240682,"µg/m³","2025-10-05T13:00:00Z","2025-10-05T18:00:00+05:00","Asia/Tashkent",41.204655,69.232522,,,,"AirGradient","AirGradient"
4902926,"Sputnik-4","pm1",23.354272721030497,"µg/m³","2025-10-05T14:00:00Z","2025-10-05T19:00:00+05:00","Asia/Tashkent",41.204655,69.232522,,,,"AirGradient","AirGradient"
4902926,"Sputnik-4","pm1",27.1412121108084,"µg/m³","2025-10-05T15:00:00Z","2025-10-05T20:00:00+05:00","Asia/Tashkent",41.204655,69.232522,,,,"AirGradient","AirGradient"
4902926,"Sputnik-4","pm1",31.35284713639153,"µg/m³","2025-10-05T16:00:00Z","2025-10-05T21:00:00+05:00","Asia/Tashkent",41.204655,69.232522,,,,"AirGradient","AirGradient"
4902926,"Sputnik-4","pm1",36.807750248908995,"µg/m³","2025-10-05T17:00:00Z","2025-10-05T22:00:00+05:00","Asia/Tashkent",41.204655,69.232522,,,,"AirGradient","AirGradient"
4902926,"Sputnik-4","pm1",35.56254164377849,"µg/m³","2025-10-05T18:00:00Z","2025-10-05T23:00:00+05:00","Asia/Tashkent",41.204655,69.232522,,,,"AirGradient","AirGradient"
4902926,"Sputnik-4","pm1",37.9464168548584,"µg/m³","2025-10-05T19:00:00Z","2025-10-06T00:00:00+05:00","Asia/Tashkent",41.204655,69.232522,,,,"AirGradient","AirGradient"
4902926,"Sputnik-4","pm1",32.37627778583103,"µg/m³","2025-10-05T20:00:00Z","2025-10-06T01:00:00+05:00","Asia/Tashkent",41.204655,69.232522,,,,"AirGradient","AirGradient"
4902926,"Sputnik-4","pm1",32.98947189119127,"µg/m³","2025-10-05T21:00:00Z","2025-10-06T02:00:00+05:00","Asia/Tashkent",41.204655,69.232522,,,,"AirGradient","AirGradient"
4902926,"Sputnik-4","pm1",33.903833548227944,"µg/m³","2025-10-05T22:00:00Z","2025-10-06T03:00:00+05:00","Asia/Tashkent",41.204655,69.232522,,,,"AirGradient","AirGradient"
4902926,"Sputnik-4","pm1",34.70020818710327,"µg/m³","2025-10-05T23:00:00Z","2025-10-06T04:00:00+05:00","Asia/Tashkent",41.204655,69.232522,,,,"AirGradient","AirGradient"
4902926,"Sputnik-4","pm1",33.860958417256676,"µg/m³","2025-10-06T00:00:00Z","2025-10-06T05:00:00+05:00","Asia/Tashkent",41.204655,69.232522,,,,"AirGradient","AirGradient"
4902926,"Sputnik-4","pm1",30.34452781147427,"µg/m³","2025-10-06T01:00:00Z","2025-10-06T06:00:00+05:00","Asia/Tashkent",41.204655,69.232522,,,,"AirGradient","AirGradient"
4902926,"Sputnik-4","pm1",19.55395836830139,"µg/m³","2025-10-06T02:00:00Z","2025-10-06T07:00:00+05:00","Asia/Tashkent",41.204655,69.232522,,,,"AirGradient","AirGradient"
4902926,"Sputnik-4","pm1",8.835527812110053,"µg/m³","2025-10-06T03:00:00Z","2025-10-06T08:00:00+05:00","Asia/Tashkent",41.204655,69.232522,,,,"AirGradient","AirGradient"
4902926,"Sputnik-4","pm1",5.806666665607028,"µg/m³","2025-10-06T04:00:00Z","2025-10-06T09:00:00+05:00","Asia/Tashkent",41.204655,69.232522,,,,"AirGradient","AirGradient"
4902926,"Sputnik-4","pm1",5.2474166605207655,"µg/m³","2025-10-06T05:00:00Z","2025-10-06T10:00:00+05:00","Asia/Tashkent",41.204655,69.232522,,,,"AirGradient","AirGradient"
4902926,"Sputnik-4","pm1",5.995083332061768,"µg/m³","2025-10-06T06:00:00Z","2025-10-06T11:00:00+05:00","Asia/Tashkent",41.204655,69.232522,,,,"AirGradient","AirGradient"
4902926,"Sputnik-4","pm1",6.603541662957933,"µg/m³","2025-10-06T07:00:00Z","2025-10-06T12:00:00+05:00","Asia/Tashkent",41.204655,69.232522,,,,"AirGradient","AirGradient"
4902926,"Sputnik-4","pm1",6.312972211837768,"µg/m³","2025-10-06T08:00:00Z","2025-10-06T13:00:00+05:00","Asia/Tashkent",41.204655,69.232522,,,,"AirGradient","AirGradient"
4902926,"Sputnik-4","pm1",8.879166650772094,"µg/m³","2025-10-06T09:00:00Z","2025-10-06T14:00:00+05:00","Asia/Tashkent",41.204655,69.232522,,,,"AirGradient","AirGradient"
4902926,"Sputnik-4","pm1",11.832041652997335,"µg/m³","2025-10-06T10:00:00Z","2025-10-06T15:00:00+05:00","Asia/Tashkent",41.204655,69.232522,,,,"AirGradient","AirGradient"
4902926,"Sputnik-4","pm1",13.862763873736064,"µg/m³","2025-10-06T11:00:00Z","2025-10-06T16:00:00+05:00","Asia/Tashkent",41.204655,69.232522,,,,"AirGradient","AirGradient"
4902926,"Sputnik-4","pm1",11.005583318074542,"µg/m³","2025-10-06T12:00:00Z","2025-10-06T17:00:00+05:00","Asia/Tashkent",41.204655,69.232522,,,,"AirGradient","AirGradient"
4902926,"Sputnik-4","pm1",12.471083323160805,"µg/m³","2025-10-06T13:00:00Z","2025-10-06T18:00:00+05:00","Asia/Tashkent",41.204655,69.232522,,,,"AirGradient","AirGradient"
4902926,"Sputnik-4","pm1",19.324027782016326,"µg/m³","2025-10-06T14:00:00Z","2025-10-06T19:00:00+05:00","Asia/Tashkent",41.204655,69.232522,,,,"AirGradient","AirGradient"
4902926,"Sputnik-4","pm1",21.377930559052363,"µg/m³","2025-10-06T15:00:00Z","2025-10-06T20:00:00+05:00","Asia/Tashkent",41.204655,69.232522,,,,"AirGradient","AirGradient"
4902926,"Sputnik-4","pm1",23.648750013775295,"µg/m³","2025-10-06T16:00:00Z","2025-10-06T21:00:00+05:00","Asia/Tashkent",41.204655,69.232522,,,,"AirGradient","AirGradient"
4902926,"Sputnik-4","pm1",29.871416568756104,"µg/m³","2025-10-06T17:00:00Z","2025-10-06T22:00:00+05:00","Asia/Tashkent",41.204655,69.232522,,,,"AirGradient","AirGradient"
4902926,"Sputnik-4","pm1",33.00962505340576,"µg/m³","2025-10-06T18:00:00Z","2025-10-06T23:00:00+05:00","Asia/Tashkent",41.204655,69.232522,,,,"AirGradient","AirGradient"
4902926,"Sputnik-4","pm1",35.35691630045573,"µg/m³","2025-10-06T19:00:00Z","2025-10-07T00:00:00+05:00","Asia/Tashkent",41.204655,69.232522,,,,"AirGradient","AirGradient"
4902926,"Sputnik-4","pm1",37.37829176584879,"µg/m³","2025-10-06T20:00:00Z","2025-10-07T01:00:00+05:00","Asia/Tashkent",41.204655,69.232522,,,,"AirGradient","AirGradient"
4902926,"Sputnik-4","pm1",33.95633335908254,"µg/m³","2025-10-06T21:00:00Z","2025-10-07T02:00:00+05:00","Asia/Tashkent",41.204655,69.232522,,,,"AirGradient","AirGradient"
4902926,"Sputnik-4","pm1",31.686666591962176,"µg/m³","2025-10-06T22:00:00Z","2025-10-07T03:00:00+05:00","Asia/Tashkent",41.204655,69.232522,,,,"AirGradient","AirGradient"
4902926,"Sputnik-4","pm1",32.77875015735626,"µg/m³","2025-10-06T23:00:00Z","2025-10-07T04:00:00+05:00","Asia/Tashkent",41.204655,69.232522,,,,"AirGradient","AirGradient"
4902926,"Sputnik-4","pm1",34.46204153696696,"µg/m³","2025-10-07T00:00:00Z","2025-10-07T05:00:00+05:00","Asia/Tashkent",41.204655,69.232522,,,,"AirGradient","AirGradient"
4902926,"Sputnik-4","pm1",35.436624717712405,"µg/m³","2025-10-07T01:00:00Z","2025-10-07T06:00:00+05:00","Asia/Tashkent",41.204655,69.232522,,,,"AirGradient","AirGradient"
4902926,"Sputnik-4","pm1",36.23095811208089,"µg/m³","2025-10-07T02:00:00Z","2025-10-07T07:00:00+05:00","Asia/Tashkent",41.204655,69.232522,,,,"AirGradient","AirGradient"
4902926,"Sputnik-4","pm1",36.991305372450086,"µg/m³","2025-10-07T03:00:00Z","2025-10-07T08:00:00+05:00","Asia/Tashkent",41.204655,69.232522,,,,"AirGradient","AirGradient"
4902926,"Sputnik-4","pm1",32.024916823705034,"µg/m³","2025-10-07T04:00:00Z","2025-10-07T09:00:00+05:00","Asia/Tashkent",41.204655,69.232522,,,,"AirGradient","AirGradient"
4902926,"Sputnik-4","pm1",27.651791699727372,"µg/m³","2025-10-07T05:00:00Z","2025-10-07T10:00:00+05:00","Asia/Tashkent",41.204655,69.232522,,,,"AirGradient","AirGradient"
4902926,"Sputnik-4","pm1",23.220333337783813,"µg/m³","2025-10-07T06:00:00Z","2025-10-07T11:00:00+05:00","Asia/Tashkent",41.204655,69.232522,,,,"AirGradient","AirGradient"
4902926,"Sputnik-4","pm1",20.11208332379659,"µg/m³","2025-10-07T07:00:00Z","2025-10-07T12:00:00+05:00","Asia/Tashkent",41.204655,69.232522,,,,"AirGradient","AirGradient"
4902926,"Sputnik-4","pm1",22.051458329624598,"µg/m³","2025-10-07T08:00:00Z","2025-10-07T13:00:00+05:00","Asia/Tashkent",41.204655,69.232522,,,,"AirGradient","AirGradient"
4902926,"Sputnik-4","pm1",26.472624977429707,"µg/m³","2025-10-07T09:00:00Z","2025-10-07T14:00:00+05:00","Asia/Tashkent",41.204655,69.232522,,,,"AirGradient","AirGradient"
4902926,"Sputnik-4","pm1",22.298166677686904,"µg/m³","2025-10-07T10:00:00Z","2025-10-07T15:00:00+05:00","Asia/Tashkent",41.204655,69.232522,,,,"AirGradient","AirGradient"
4902926,"Sputnik-4","pm1",17.7061666753557,"µg/m³","2025-10-07T11:00:00Z","2025-10-07T16:00:00+05:00","Asia/Tashkent",41.204655,69.232522,,,,"AirGradient","AirGradient"
4902926,"Sputnik-4","pm1",17.343847235043842,"µg/m³","2025-10-07T12:00:00Z","2025-10-07T17:00:00+05:00","Asia/Tashkent",41.204655,69.232522,,,,"AirGradient","AirGradient"
4902926,"Sputnik-4","pm1",8.197424247048117,"µg/m³","2025-10-07T13:00:00Z","2025-10-07T18:00:00+05:00","Asia/Tashkent",41.204655,69.232522,,,,"AirGradient","AirGradient"
4902926,"Sputnik-4","pm1",13.6427916765213,"µg/m³","2025-10-07T14:00:00Z","2025-10-07T19:00:00+05:00","Asia/Tashkent",41.204655,69.232522,,,,"AirGradient","AirGradient"
4902926,"Sputnik-4","pm1",21.891819437344868,"µg/m³","2025-10-07T15:00:00Z","2025-10-07T20:00:00+05:00","Asia/Tashkent",41.204655,69.232522,,,,"AirGradient","AirGradient"
4902926,"Sputnik-4","pm1",16.903611108991836,"µg/m³","2025-10-07T16:00:00Z","2025-10-07T21:00:00+05:00","Asia/Tashkent",41.204655,69.232522,,,,"AirGradient","AirGradient"
4902926,"Sputnik-4","pm1",20.44038332303365,"µg/m³","2025-10-07T17:00:00Z","2025-10-07T22:00:00+05:00","Asia/Tashkent",41.204655,69.232522,,,,"AirGradient","AirGradient"
4902926,"Sputnik-4","pm1",23.733902774916753,"µg/m³","2025-10-07T18:00:00Z","2025-10-07T23:00:00+05:00","Asia/Tashkent",41.204655,69.232522,,,,"AirGradient","AirGradient"
4902926,"Sputnik-4","pm1",27.38651389810774,"µg/m³","2025-10-07T19:00:00Z","2025-10-08T00:00:00+05:00","Asia/Tashkent",41.204655,69.232522,,,,"AirGradient","AirGradient"
4902926,"Sputnik-4","pm1",28.656819457477994,"µg/m³","2025-10-07T20:00:00Z","2025-10-08T01:00:00+05:00","Asia/Tashkent",41.204655,69.232522,,,,"AirGradient","AirGradient"
4902926,"Sputnik-4","pm1",27.64462500413259,"µg/m³","2025-10-07T21:00:00Z","2025-10-08T02:00:00+05:00","Asia/Tashkent",41.204655,69.232522,,,,"AirGradient","AirGradient"
4902926,"Sputnik-4","pm1",27.011958336830137,"µg/m³","2025-10-07T22:00:00Z","2025-10-08T03:00:00+05:00","Asia/Tashkent",41.204655,69.232522,,,,"AirGradient","AirGradient"
4902926,"Sputnik-4","pm1",26.25537499586741,"µg/m³","2025-10-07T23:00:00Z","2025-10-08T04:00:00+05:00","Asia/Tashkent",41.204655,69.232522,,,,"AirGradient","AirGradient"
4902926,"Sputnik-4","pm1",24.409624997774767,"µg/m³","2025-10-08T00:00:00Z","2025-10-08T05:00:00+05:00","Asia/Tashkent",41.204655,69.232522,,,,"AirGradient","AirGradient"
4902926,"Sputnik-4","pm1",23.702833334604893,"µg/m³","2025-10-08T01:00:00Z","2025-10-08T06:00:00+05:00","Asia/Tashkent",41.204655,69.232522,,,,"AirGradient","AirGradient"
4902926,"Sputnik-4","pm1",27.51262501875559,"µg/m³","2025-10-08T02:00:00Z","2025-10-08T07:00:00+05:00","Asia/Tashkent",41.204655,69.232522,,,,"AirGradient","AirGradient"
4902926,"Sputnik-4","pm1",27.747291668256125,"µg/m³","2025-10-08T03:00:00Z","2025-10-08T08:00:00+05:00","Asia/Tashkent",41.204655,69.232522,,,,"AirGradient","AirGradient"
4902926,"Sputnik-4","pm1",30.757652680079136,"µg/m³","2025-10-08T04:00:00Z","2025-10-08T09:00:00+05:00","Asia/Tashkent",41.204655,69.232522,,,,"AirGradient","AirGradient"
4902926,"Sputnik-4","pm1",29.108583370844524,"µg/m³","2025-10-08T05:00:00Z","2025-10-08T10:00:00+05:00","Asia/Tashkent",41.204655,69.232522,,,,"AirGradient","AirGradient"
4902926,"Sputnik-4","pm1",27.991833337148034,"µg/m³","2025-10-08T06:00:00Z","2025-10-08T11:00:00+05:00","Asia/Tashkent",41.204655,69.232522,,,,"AirGradient","AirGradient"
4902926,"Sputnik-4","pm1",26.33266666730245,"µg/m³","2025-10-08T07:00:00Z","2025-10-08T12:00:00+05:00","Asia/Tashkent",41.204655,69.232522,,,,"AirGradient","AirGradient"
4902926,"Sputnik-4","pm1",22.81326389047835,"µg/m³","2025-10-08T08:00:00Z","2025-10-08T13:00:00+05:00","Asia/Tashkent",41.204655,69.232522,,,,"AirGradient","AirGradient"
4902926,"Sputnik-4","pm1",22.149305550257367,"µg/m³","2025-10-08T09:00:00Z","2025-10-08T14:00:00+05:00","Asia/Tashkent",41.204655,69.232522,,,,"AirGradient","AirGradient"
4902926,"Sputnik-4","pm1",21.482875000105963,"µg/m³","2025-10-08T10:00:00Z","2025-10-08T15:00:00+05:00","Asia/Tashkent",41.204655,69.232522,,,,"AirGradient","AirGradient"
4902926,"Sputnik-4","pm1",22.115250012079876,"µg/m³","2025-10-08T11:00:00Z","2025-10-08T16:00:00+05:00","Asia/Tashkent",41.204655,69.232522,,,,"AirGradient","AirGradient"
4902926,"Sputnik-4","pm1",22.31819696426392,"µg/m³","2025-10-08T12:00:00Z","2025-10-08T17:00:00+05:00","Asia/Tashkent",41.204655,69.232522,,,,"AirGradient","AirGradient"
4902926,"Sputnik-4","pm1",22.541958324114486,"µg/m³","2025-10-08T13:00:00Z","2025-10-08T18:00:00+05:00","Asia/Tashkent",41.204655,69.232522,,,,"AirGradient","AirGradient"
4902926,"Sputnik-4","pm1",26.523425932283757,"µg/m³","2025-10-08T14:00:00Z","2025-10-08T19:00:00+05:00","Asia/Tashkent",41.204655,69.232522,,,,"AirGradient","AirGradient"
4902926,"Sputnik-4","pm1",23.855000004623875,"µg/m³","2025-10-08T15:00:00Z","2025-10-08T20:00:00+05:00","Asia/Tashkent",41.204655,69.232522,,,,"AirGradient","AirGradient"
4902926,"Sputnik-4","pm1",23.619272740681968,"µg/m³","2025-10-08T16:00:00Z","2025-10-08T21:00:00+05:00","Asia/Tashkent",41.204655,69.232522,,,,"AirGradient","AirGradient"
4902926,"Sputnik-4","pm1",23.31386111047533,"µg/m³","2025-10-08T17:00:00Z","2025-10-08T22:00:00+05:00","Asia/Tashkent",41.204655,69.232522,,,,"AirGradient","AirGradient"
4902926,"Sputnik-4","pm1",27.839013820224338,"µg/m³","2025-10-08T18:00:00Z","2025-10-08T23:00:00+05:00","Asia/Tashkent",41.204655,69.232522,,,,"AirGradient","AirGradient"
4902926,"Sputnik-4","pm1",33.0445303512342,"µg/m³","2025-10-08T19:00:00Z","2025-10-09T00:00:00+05:00","Asia/Tashkent",41.204655,69.232522,,,,"AirGradient","AirGradient"
4902926,"Sputnik-4","pm1",34.8633747736613,"µg/m³","2025-10-08T20:00:00Z","2025-10-09T01:00:00+05:00","Asia/Tashkent",41.204655,69.232522,,,,"AirGradient","AirGradient"
4902926,"Sputnik-4","pm1",34.13658329645792,"µg/m³","2025-10-08T21:00:00Z","2025-10-09T02:00:00+05:00","Asia/Tashkent",41.204655,69.232522,,,,"AirGradient","AirGradient"
4902926,"Sputnik-4","pm1",34.57837492624919,"µg/m³","2025-10-08T22:00:00Z","2025-10-09T03:00:00+05:00","Asia/Tashkent",41.204655,69.232522,,,,"AirGradient","AirGradient"
4902926,"Sputnik-4","pm1",32.240749994913735,"µg/m³","2025-10-08T23:00:00Z","2025-10-09T04:00:00+05:00","Asia/Tashkent",41.204655,69.232522,,,,"AirGradient","AirGradient"
4902926,"Sputnik-4","pm1",30.22269445525275,"µg/m³","2025-10-09T00:00:00Z","2025-10-09T05:00:00+05:00","Asia/Tashkent",41.204655,69.232522,,,,"AirGradient","AirGradient"
4902926,"Sputnik-4","pm1",29.048375010490414,"µg/m³","2025-10-09T01:00:00Z","2025-10-09T06:00:00+05:00","Asia/Tashkent",41.204655,69.232522,,,,"AirGradient","AirGradient"
4902926,"Sputnik-4","pm1",31.8522081454595,"µg/m³","2025-10-09T02:00:00Z","2025-10-09T07:00:00+05:00","Asia/Tashkent",41.204655,69.232522,,,,"AirGradient","AirGradient"
4902926,"Sputnik-4","pm1",31.07495827939776,"µg/m³","2025-10-09T03:00:00Z","2025-10-09T08:00:00+05:00","Asia/Tashkent",41.204655,69.232522,,,,"AirGradient","AirGradient"
4902926,"Sputnik-4","pm1",31.11249992052714,"µg/m³","2025-10-09T04:00:00Z","2025-10-09T09:00:00+05:00","Asia/Tashkent",41.204655,69.232522,,,,"AirGradient","AirGradient"
4902926,"Sputnik-4","pm1",28.63231945302751,"µg/m³","2025-10-09T05:00:00Z","2025-10-09T10:00:00+05:00","Asia/Tashkent",41.204655,69.232522,,,,"AirGradient","AirGradient"
4902926,"Sputnik-4","pm1",27.20220833089616,"µg/m³","2025-10-09T06:00:00Z","2025-10-09T11:00:00+05:00","Asia/Tashkent",41.204655,69.232522,,,,"AirGradient","AirGradient"
4902926,"Sputnik-4","pm1",26.18750001589457,"µg/m³","2025-10-09T07:00:00Z","2025-10-09T12:00:00+05:00","Asia/Tashkent",41.204655,69.232522,,,,"AirGradient","AirGradient"
4902926,"Sputnik-4","pm1",28.743958369890848,"µg/m³","2025-10-09T08:00:00Z","2025-10-09T13:00:00+05:00","Asia/Tashkent",41.204655,69.232522,,,,"AirGradient","AirGradient"
4902926,"Sputnik-4","pm1",24.954722213745118,"µg/m³","2025-10-09T09:00:00Z","2025-10-09T14:00:00+05:00","Asia/Tashkent",41.204655,69.232522,,,,"AirGradient","AirGradient"
4902926,"Sputnik-4","pm1",24.266416660944618,"µg/m³","2025-10-09T10:00:00Z","2025-10-09T15:00:00+05:00","Asia/Tashkent",41.204655,69.232522,,,,"AirGradient","AirGradient"
4902926,"Sputnik-4","pm1",24.63315275775062,"µg/m³","2025-10-09T11:00:00Z","2025-10-09T16:00:00+05:00","Asia/Tashkent",41.204655,69.232522,,,,"AirGradient","AirGradient"
4902926,"Sputnik-4","pm1",27.17387500603994,"µg/m³","2025-10-09T12:00:00Z","2025-10-09T17:00:00+05:00","Asia/Tashkent",41.204655,69.232522,,,,"AirGradient","AirGradient"
4902926,"Sputnik-4","pm1",29.428166659673057,"µg/m³","2025-10-09T13:00:00Z","2025-10-09T18:00:00+05:00","Asia/Tashkent",41.204655,69.232522,,,,"AirGradient","AirGradient"
4902926,"Sputnik-4","pm1",30.16373327255249,"µg/m³","2025-10-09T14:00:00Z","2025-10-09T19:00:00+05:00","Asia/Tashkent",41.204655,69.232522,,,,"AirGradient","AirGradient"
4902926,"Sputnik-4","pm1",38.22913890414768,"µg/m³","2025-10-09T15:00:00Z","2025-10-09T20:00:00+05:00","Asia/Tashkent",41.204655,69.232522,,,,"AirGradient","AirGradient"
4902926,"Sputnik-4","pm1",38.4887913386027,"µg/m³","2025-10-09T16:00:00Z","2025-10-09T21:00:00+05:00","Asia/Tashkent",41.204655,69.232522,,,,"AirGradient","AirGradient"
4902926,"Sputnik-4","pm1",43.820819579230424,"µg/m³","2025-10-09T17:00:00Z","2025-10-09T22:00:00+05:00","Asia/Tashkent",41.204655,69.232522,,,,"AirGradient","AirGradient"
4902926,"Sputnik-4","pm1",40.82066663106283,"µg/m³","2025-10-09T18:00:00Z","2025-10-09T23:00:00+05:00","Asia/Tashkent",41.204655,69.232522,,,,"AirGradient","AirGradient"
4902926,"Sputnik-4","pm1",37.575249989827476,"µg/m³","2025-10-09T19:00:00Z","2025-10-10T00:00:00+05:00","Asia/Tashkent",41.204655,69.232522,,,,"AirGradient","AirGradient"
4902926,"Sputnik-4","pm1",35.117763921949596,"µg/m³","2025-10-09T20:00:00Z","2025-10-10T01:00:00+05:00","Asia/Tashkent",41.204655,69.232522,,,,"AirGradient","AirGradient"
4902926,"Sputnik-4","pm1",33.32487506866455,"µg/m³","2025-10-09T21:00:00Z","2025-10-10T02:00:00+05:00","Asia/Tashkent",41.204655,69.232522,,,,"AirGradient","AirGradient"
4902926,"Sputnik-4","pm1",37.16158345540365,"µg/m³","2025-10-09T22:00:00Z","2025-10-10T03:00:00+05:00","Asia/Tashkent",41.204655,69.232522,,,,"AirGradient","AirGradient"
4902926,"Sputnik-4","pm1",35.49444444444445,"µg/m³","2025-10-09T23:00:00Z","2025-10-10T04:00:00+05:00","Asia/Tashkent",41.204655,69.232522,,,,"AirGradient","AirGradient"
4902926,"Sputnik-4","pm1",37.06837482452393,"µg/m³","2025-10-10T00:00:00Z","2025-10-10T05:00:00+05:00","Asia/Tashkent",41.204655,69.232522,,,,"AirGradient","AirGradient"
4902926,"Sputnik-4","pm1",38.02445824940999,"µg/m³","2025-10-10T01:00:00Z","2025-10-10T06:00:00+05:00","Asia/Tashkent",41.204655,69.232522,,,,"AirGradient","AirGradient"
4902926,"Sputnik-4","pm1",37.783124860127764,"µg/m³","2025-10-10T02:00:00Z","2025-10-10T07:00:00+05:00","Asia/Tashkent",41.204655,69.232522,,,,"AirGradient","AirGradient"
4902926,"Sputnik-4","pm1",35.52084746890598,"µg/m³","2025-10-10T03:00:00Z","2025-10-10T08:00:00+05:00","Asia/Tashkent",41.204655,69.232522,,,,"AirGradient","AirGradient"
4902926,"Sputnik-4","pm1",34.18333333333333,"µg/m³","2025-10-10T04:00:00Z","2025-10-10T09:00:00+05:00","Asia/Tashkent",41.204655,69.232522,,,,"AirGradient","AirGradient"
4902926,"Sputnik-4","pm1",31.094221986664664,"µg/m³","2025-10-10T05:00:00Z","2025-10-10T10:00:00+05:00","Asia/Tashkent",41.204655,69.232522,,,,"AirGradient","AirGradient"
4902926,"Sputnik-4","pm1",27.06098610825009,"µg/m³","2025-10-10T06:00:00Z","2025-10-10T11:00:00+05:00","Asia/Tashkent",41.204655,69.232522,,,,"AirGradient","AirGradient"
4902926,"Sputnik-4","pm1",28.571555556191342,"µg/m³","2025-10-10T07:00:00Z","2025-10-10T12:00:00+05:00","Asia/Tashkent",41.204655,69.232522,,,,"AirGradient","AirGradient"
4902926,"Sputnik-4","pm1",29.315138896306355,"µg/m³","2025-10-10T08:00:00Z","2025-10-10T13:00:00+05:00","Asia/Tashkent",41.204655,69.232522,,,,"AirGradient","AirGradient"
4902926,"Sputnik-4","pm1",32.5069723394182,"µg/m³","2025-10-10T09:00:00Z","2025-10-10T14:00:00+05:00","Asia/Tashkent",41.204655,69.232522,,,,"AirGradient","AirGradient"
4902926,"Sputnik-4","pm1",34.16358346144359,"µg/m³","2025-10-10T10:00:00Z","2025-10-10T15:00:00+05:00","Asia/Tashkent",41.204655,69.232522,,,,"AirGradient","AirGradient"
4902926,"Sputnik-4","pm1",30.664722193611993,"µg/m³","2025-10-10T11:00:00Z","2025-10-10T16:00:00+05:00","Asia/Tashkent",41.204655,69.232522,,,,"AirGradient","AirGradient"
4902926,"Sputnik-4","pm1",30.31943056583405,"µg/m³","2025-10-10T12:00:00Z","2025-10-10T17:00:00+05:00","Asia/Tashkent",41.204655,69.232522,,,,"AirGradient","AirGradient"
4902926,"Sputnik-4","pm1",34.32579177220662,"µg/m³","2025-10-10T13:00:00Z","2025-10-10T18:00:00+05:00","Asia/Tashkent",41.204655,69.232522,,,,"AirGradient","AirGradient"
4902926,"Sputnik-4","pm1",37.516819360521104,"µg/m³","2025-10-10T14:00:00Z","2025-10-10T19:00:00+05:00","Asia/Tashkent",41.204655,69.232522,,,,"AirGradient","AirGradient"
4902926,"Sputnik-4","pm1",55.46395829518636,"µg/m³","2025-10-10T15:00:00Z","2025-10-10T20:00:00+05:00","Asia/Tashkent",41.204655,69.232522,,,,"AirGradient","AirGradient"
4902926,"Sputnik-4","pm1",68.61108322143554,"µg/m³","2025-10-10T16:00:00Z","2025-10-10T21:00:00+05:00","Asia/Tashkent",41.204655,69.232522,,,,"AirGradient","AirGradient"
4902926,"Sputnik-4","pm1",59.61075790867662,"µg/m³","2025-10-10T17:00:00Z","2025-10-10T22:00:00+05:00","Asia/Tashkent",41.204655,69.232522,,,,"AirGradient","AirGradient"
4902926,"Sputnik-4","pm1",49.252125358581544,"µg/m³","2025-10-10T18:00:00Z","2025-10-10T23:00:00+05:00","Asia/Tashkent",41.204655,69.232522,,,,"AirGradient","AirGradient"
4902926,"Sputnik-4","pm1",50.71012477874756,"µg/m³","2025-10-10T19:00:00Z","2025-10-11T00:00:00+05:00","Asia/Tashkent",41.204655,69.232522,,,,"AirGradient","AirGradient"
4902926,"Sputnik-4","pm1",52.526833089192706,"µg/m³","2025-10-10T20:00:00Z","2025-10-11T01:00:00+05:00","Asia/Tashkent",41.204655,69.232522,,,,"AirGradient","AirGradient"
4902926,"Sputnik-4","pm1",42.53087482452393,"µg/m³","2025-10-10T21:00:00Z","2025-10-11T02:00:00+05:00","Asia/Tashkent",41.204655,69.232522,,,,"AirGradient","AirGradient"
4902926,"Sputnik-4","pm1",40.66737461090088,"µg/m³","2025-10-10T22:00:00Z","2025-10-11T03:00:00+05:00","Asia/Tashkent",41.204655,69.232522,,,,"AirGradient","AirGradient"
4902926,"Sputnik-4","pm1",38.68304182688395,"µg/m³","2025-10-10T23:00:00Z","2025-10-11T04:00:00+05:00","Asia/Tashkent",41.204655,69.232522,,,,"AirGradient","AirGradient"
4902926,"Sputnik-4","pm1",38.95550003051758,"µg/m³","2025-10-11T00:00:00Z","2025-10-11T05:00:00+05:00","Asia/Tashkent",41.204655,69.232522,,,,"AirGradient","AirGradient"
4902926,"Sputnik-4","pm1",38.675625038146975,"µg/m³","2025-10-11T01:00:00Z","2025-10-11T06:00:00+05:00","Asia/Tashkent",41.204655,69.232522,,,,"AirGradient","AirGradient"
4902926,"Sputnik-4","pm1",37.013541475931795,"µg/m³","2025-10-11T02:00:00Z","2025-10-11T07:00:00+05:00","Asia/Tashkent",41.204655,69.232522,,,,"AirGradient","AirGradient"
4902926,"Sputnik-4","pm1",38.17341664632162,"µg/m³","2025-10-11T03:00:00Z","2025-10-11T08:00:00+05:00","Asia/Tashkent",41.204655,69.232522,,,,"AirGradient","AirGradient"
4902926,"Sputnik-4","pm1",41.753791872660315,"µg/m³","2025-10-11T04:00:00Z","2025-10-11T09:00:00+05:00","Asia/Tashkent",41.204655,69.232522,,,,"AirGradient","AirGradient"
4902926,"Sputnik-4","pm1",40.3616391075982,"µg/m³","2025-10-11T05:00:00Z","2025-10-11T10:00:00+05:00","Asia/Tashkent",41.204655,69.232522,,,,"AirGradient","AirGradient"
4902926,"Sputnik-4","pm1",44.65820827484131,"µg/m³","2025-10-11T06:00:00Z","2025-10-11T11:00:00+05:00","Asia/Tashkent",41.204655,69.232522,,,,"AirGradient","AirGradient"
4902926,"Sputnik-4","pm1",40.86384724511041,"µg/m³","2025-10-11T07:00:00Z","2025-10-11T12:00:00+05:00","Asia/Tashkent",41.204655,69.232522,,,,"AirGradient","AirGradient"
4902926,"Sputnik-4","pm1",34.10072207980686,"µg/m³","2025-10-11T08:00:00Z","2025-10-11T13:00:00+05:00","Asia/Tashkent",41.204655,69.232522,,,,"AirGradient","AirGradient"
4902926,"Sputnik-4","pm1",32.904484370260526,"µg/m³","2025-10-11T09:00:00Z","2025-10-11T14:00:00+05:00","Asia/Tashkent",41.204655,69.232522,,,,"AirGradient","AirGradient"
4902926,"Sputnik-4","pm1",29.383763829867046,"µg/m³","2025-10-11T10:00:00Z","2025-10-11T15:00:00+05:00","Asia/Tashkent",41.204655,69.232522,,,,"AirGradient","AirGradient"
4902926,"Sputnik-4","pm1",31.171597332424586,"µg/m³","2025-10-11T11:00:00Z","2025-10-11T16:00:00+05:00","Asia/Tashkent",41.204655,69.232522,,,,"AirGradient","AirGradient"
4902926,"Sputnik-4","pm1",29.00301516272805,"µg/m³","2025-10-11T13:00:00Z","2025-10-11T18:00:00+05:00","Asia/Tashkent",41.204655,69.232522,,,,"AirGradient","AirGradient"
4902926,"Sputnik-4","pm1",30.85895838472578,"µg/m³","2025-10-11T14:00:00Z","2025-10-11T19:00:00+05:00","Asia/Tashkent",41.204655,69.232522,,,,"AirGradient","AirGradient"
4902926,"Sputnik-4","pm1",30.092305554283985,"µg/m³","2025-10-11T15:00:00Z","2025-10-11T20:00:00+05:00","Asia/Tashkent",41.204655,69.232522,,,,"AirGradient","AirGradient"
4902926,"Sputnik-4","pm1",44.08311110602484,"µg/m³","2025-10-11T16:00:00Z","2025-10-11T21:00:00+05:00","Asia/Tashkent",41.204655,69.232522,,,,"AirGradient","AirGradient"
4902926,"Sputnik-4","pm1",45.97375030517578,"µg/m³","2025-10-11T17:00:00Z","2025-10-11T22:00:00+05:00","Asia/Tashkent",41.204655,69.232522,,,,"AirGradient","AirGradient"
4902926,"Sputnik-4","pm1",41.37495835622152,"µg/m³","2025-10-11T18:00:00Z","2025-10-11T23:00:00+05:00","Asia/Tashkent",41.204655,69.232522,,,,"AirGradient","AirGradient"
4902926,"Sputnik-4","pm1",36.57675018310547,"µg/m³","2025-10-11T19:00:00Z","2025-10-12T00:00:00+05:00","Asia/Tashkent",41.204655,69.232522,,,,"AirGradient","AirGradient"
4902926,"Sputnik-4","pm1",34.375249799092614,"µg/m³","2025-10-11T20:00:00Z","2025-10-12T01:00:00+05:00","Asia/Tashkent",41.204655,69.232522,,,,"AirGradient","AirGradient"
4902926,"Sputnik-4","pm1",31.639333144823713,"µg/m³","2025-10-11T21:00:00Z","2025-10-12T02:00:00+05:00","Asia/Tashkent",41.204655,69.232522,,,,"AirGradient","AirGradient"
4902926,"Sputnik-4","pm1",29.332499991522894,"µg/m³","2025-10-11T22:00:00Z","2025-10-12T03:00:00+05:00","Asia/Tashkent",41.204655,69.232522,,,,"AirGradient","AirGradient"
4902926,"Sputnik-4","pm1",30.89427780575222,"µg/m³","2025-10-11T23:00:00Z","2025-10-12T04:00:00+05:00","Asia/Tashkent",41.204655,69.232522,,,,"AirGradient","AirGradient"
4902926,"Sputnik-4","pm1",30.157750002543136,"µg/m³","2025-10-12T00:00:00Z","2025-10-12T05:00:00+05:00","Asia/Tashkent",41.204655,69.232522,,,,"AirGradient","AirGradient"
4902926,"Sputnik-4","pm1",28.33570832411449,"µg/m³","2025-10-12T01:00:00Z","2025-10-12T06:00:00+05:00","Asia/Tashkent",41.204655,69.232522,,,,"AirGradient","AirGradient"
4902926,"Sputnik-4","pm1",31.625750041007993,"µg/m³","2025-10-12T02:00:00Z","2025-10-12T07:00:00+05:00","Asia/Tashkent",41.204655,69.232522,,,,"AirGradient","AirGradient"
4902926,"Sputnik-4","pm1",34.205458386739096,"µg/m³","2025-10-12T03:00:00Z","2025-10-12T08:00:00+05:00","Asia/Tashkent",41.204655,69.232522,,,,"AirGradient","AirGradient"
4902926,"Sputnik-4","pm1",35.34359717898898,"µg/m³","2025-10-12T04:00:00Z","2025-10-12T09:00:00+05:00","Asia/Tashkent",41.204655,69.232522,,,,"AirGradient","AirGradient"
4902926,"Sputnik-4","pm1",33.720249931017555,"µg/m³","2025-10-12T05:00:00Z","2025-10-12T10:00:00+05:00","Asia/Tashkent",41.204655,69.232522,,,,"AirGradient","AirGradient"
4902926,"Sputnik-4","pm1",33.61540283097161,"µg/m³","2025-10-12T06:00:00Z","2025-10-12T11:00:00+05:00","Asia/Tashkent",41.204655,69.232522,,,,"AirGradient","AirGradient"
4902926,"Sputnik-4","pm1",30.15965276559194,"µg/m³","2025-10-12T07:00:00Z","2025-10-12T12:00:00+05:00","Asia/Tashkent",41.204655,69.232522,,,,"AirGradient","AirGradient"
4902926,"Sputnik-4","pm1",26.535708324114477,"µg/m³","2025-10-12T08:00:00Z","2025-10-12T13:00:00+05:00","Asia/Tashkent",41.204655,69.232522,,,,"AirGradient","AirGradient"
4902926,"Sputnik-4","pm1",24.866166655222575,"µg/m³","2025-10-12T09:00:00Z","2025-10-12T14:00:00+05:00","Asia/Tashkent",41.204655,69.232522,,,,"AirGradient","AirGradient"
4902926,"Sputnik-4","pm1",25.423513891961843,"µg/m³","2025-10-12T10:00:00Z","2025-10-12T15:00:00+05:00","Asia/Tashkent",41.204655,69.232522,,,,"AirGradient","AirGradient"
4902926,"Sputnik-4","pm1",27.50303334554036,"µg/m³","2025-10-12T11:00:00Z","2025-10-12T16:00:00+05:00","Asia/Tashkent",41.204655,69.232522,,,,"AirGradient","AirGradient"
4902926,"Sputnik-4","pm1",31.441970001567494,"µg/m³","2025-10-12T12:00:00Z","2025-10-12T17:00:00+05:00","Asia/Tashkent",41.204655,69.232522,,,,"AirGradient","AirGradient"
4902926,"Sputnik-4","pm1",35.07472271389432,"µg/m³","2025-10-12T13:00:00Z","2025-10-12T18:00:00+05:00","Asia/Tashkent",41.204655,69.232522,,,,"AirGradient","AirGradient"
4902926,"Sputnik-4","pm1",41.81772682883523,"µg/m³","2025-10-12T14:00:00Z","2025-10-12T19:00:00+05:00","Asia/Tashkent",41.204655,69.232522,,,,"AirGradient","AirGradient"
4902926,"Sputnik-4","pm1",41.0617083867391,"µg/m³","2025-10-12T15:00:00Z","2025-10-12T20:00:00+05:00","Asia/Tashkent",41.204655,69.232522,,,,"AirGradient","AirGradient"
4902926,"Sputnik-4","pm1",49.79550033569336,"µg/m³","2025-10-12T16:00:00Z","2025-10-12T21:00:00+05:00","Asia/Tashkent",41.204655,69.232522,,,,"AirGradient","AirGradient"
4902926,"Sputnik-4","pm1",34.27022727330526,"µg/m³","2025-10-12T17:00:00Z","2025-10-12T22:00:00+05:00","Asia/Tashkent",41.204655,69.232522,,,,"AirGradient","AirGradient"
4902926,"Sputnik-4","pm1",30.237958301438226,"µg/m³","2025-10-12T18:00:00Z","2025-10-12T23:00:00+05:00","Asia/Tashkent",41.204655,69.232522,,,,"AirGradient","AirGradient"
4902926,"Sputnik-4","pm1",29.610606054826214,"µg/m³","2025-10-12T19:00:00Z","2025-10-13T00:00:00+05:00","Asia/Tashkent",41.204655,69.232522,,,,"AirGradient","AirGradient"
4902926,"Sputnik-4","pm1",26.029666662216187,"µg/m³","2025-10-12T20:00:00Z","2025-10-13T01:00:00+05:00","Asia/Tashkent",41.204655,69.232522,,,,"AirGradient","AirGradient"
4902926,"Sputnik-4","pm1",25.204708377520245,"µg/m³","2025-10-12T21:00:00Z","2025-10-13T02:00:00+05:00","Asia/Tashkent",41.204655,69.232522,,,,"AirGradient","AirGradient"
4902926,"Sputnik-4","pm1",42.01066652933757,"µg/m³","2025-10-12T22:00:00Z","2025-10-13T03:00:00+05:00","Asia/Tashkent",41.204655,69.232522,,,,"AirGradient","AirGradient"
4902926,"Sputnik-4","pm1",37.638291613260904,"µg/m³","2025-10-12T23:00:00Z","2025-10-13T04:00:00+05:00","Asia/Tashkent",41.204655,69.232522,,,,"AirGradient","AirGradient"
4902926,"Sputnik-4","pm1",43.40920861562093,"µg/m³","2025-10-13T00:00:00Z","2025-10-13T05:00:00+05:00","Asia/Tashkent",41.204655,69.232522,,,,"AirGradient","AirGradient"
4902926,"Sputnik-4","pm1",43.40254179636637,"µg/m³","2025-10-13T01:00:00Z","2025-10-13T06:00:00+05:00","Asia/Tashkent",41.204655,69.232522,,,,"AirGradient","AirGradient"
4902926,"Sputnik-4","pm1",41.12049967447916,"µg/m³","2025-10-13T02:00:00Z","2025-10-13T07:00:00+05:00","Asia/Tashkent",41.204655,69.232522,,,,"AirGradient","AirGradient"
4902926,"Sputnik-4","pm1",37.7247501373291,"µg/m³","2025-10-13T03:00:00Z","2025-10-13T08:00:00+05:00","Asia/Tashkent",41.204655,69.232522,,,,"AirGradient","AirGradient"
4902926,"Sputnik-4","pm1",31.551138814290365,"µg/m³","2025-10-13T04:00:00Z","2025-10-13T09:00:00+05:00","Asia/Tashkent",41.204655,69.232522,,,,"AirGradient","AirGradient"
4902926,"Sputnik-4","pm1",27.18049998283386,"µg/m³","2025-10-13T05:00:00Z","2025-10-13T10:00:00+05:00","Asia/Tashkent",41.204655,69.232522,,,,"AirGradient","AirGradient"
4902926,"Sputnik-4","pm1",27.059486137496098,"µg/m³","2025-10-13T06:00:00Z","2025-10-13T11:00:00+05:00","Asia/Tashkent",41.204655,69.232522,,,,"AirGradient","AirGradient"
4902926,"Sputnik-4","pm1",27.182541675037807,"µg/m³","2025-10-13T07:00:00Z","2025-10-13T12:00:00+05:00","Asia/Tashkent",41.204655,69.232522,,,,"AirGradient","AirGradient"
4902926,"Sputnik-4","pm1",27.234375007947282,"µg/m³","2025-10-13T08:00:00Z","2025-10-13T13:00:00+05:00","Asia/Tashkent",41.204655,69.232522,,,,"AirGradient","AirGradient"
4902926,"Sputnik-4","pm1",11.583374990357294,"µg/m³","2025-10-13T09:00:00Z","2025-10-13T14:00:00+05:00","Asia/Tashkent",41.204655,69.232522,,,,"AirGradient","AirGradient"
4902926,"Sputnik-4","pm1",0.6357499989370504,"µg/m³","2025-10-13T10:00:00Z","2025-10-13T15:00:00+05:00","Asia/Tashkent",41.204655,69.232522,,,,"AirGradient","AirGradient"
4902926,"Sputnik-4","pm1",0.03275000061839819,"µg/m³","2025-10-13T11:00:00Z","2025-10-13T16:00:00+05:00","Asia/Tashkent",41.204655,69.232522,,,,"AirGradient","AirGradient"
4902926,"Sputnik-4","pm1",0.06579166737695534,"µg/m³","2025-10-13T12:00:00Z","2025-10-13T17:00:00+05:00","Asia/Tashkent",41.204655,69.232522,,,,"AirGradient","AirGradient"
4902926,"Sputnik-4","pm1",1.1983749956927368,"µg/m³","2025-10-13T13:00:00Z","2025-10-13T18:00:00+05:00","Asia/Tashkent",41.204655,69.232522,,,,"AirGradient","AirGradient"
4902926,"Sputnik-4","pm1",2.017847216129303,"µg/m³","2025-10-13T14:00:00Z","2025-10-13T19:00:00+05:00","Asia/Tashkent",41.204655,69.232522,,,,"AirGradient","AirGradient"
4902926,"Sputnik-4","pm1",3.245166651407878,"µg/m³","2025-10-13T15:00:00Z","2025-10-13T20:00:00+05:00","Asia/Tashkent",41.204655,69.232522,,,,"AirGradient","AirGradient"
4902926,"Sputnik-4","pm1",3.202166663275824,"µg/m³","2025-10-13T16:00:00Z","2025-10-13T21:00:00+05:00","Asia/Tashkent",41.204655,69.232522,,,,"AirGradient","AirGradient"
4902926,"Sputnik-4","pm1",4.852749999364217,"µg/m³","2025-10-13T17:00:00Z","2025-10-13T22:00:00+05:00","Asia/Tashkent",41.204655,69.232522,,,,"AirGradient","AirGradient"
4902926,"Sputnik-4","pm1",7.425972233878242,"µg/m³","2025-10-13T18:00:00Z","2025-10-13T23:00:00+05:00","Asia/Tashkent",41.204655,69.232522,,,,"AirGradient","AirGradient"
4902926,"Sputnik-4","pm1",14.177986110581292,"µg/m³","2025-10-13T19:00:00Z","2025-10-14T00:00:00+05:00","Asia/Tashkent",41.204655,69.232522,,,,"AirGradient","AirGradient"
4902926,"Sputnik-4","pm1",22.67870833873749,"µg/m³","2025-10-13T20:00:00Z","2025-10-14T01:00:00+05:00","Asia/Tashkent",41.204655,69.232522,,,,"AirGradient","AirGradient"
4902926,"Sputnik-4","pm1",25.513041679064433,"µg/m³","2025-10-13T21:00:00Z","2025-10-14T02:00:00+05:00","Asia/Tashkent",41.204655,69.232522,,,,"AirGradient","AirGradient"
4902926,"Sputnik-4","pm1",26.733625006675723,"µg/m³","2025-10-13T22:00:00Z","2025-10-14T03:00:00+05:00","Asia/Tashkent",41.204655,69.232522,,,,"AirGradient","AirGradient"
4902926,"Sputnik-4","pm1",25.460208344459534,"µg/m³","2025-10-13T23:00:00Z","2025-10-14T04:00:00+05:00","Asia/Tashkent",41.204655,69.232522,,,,"AirGradient","AirGradient"
4902926,"Sputnik-4","pm1",29.457916577657063,"µg/m³","2025-10-14T00:00:00Z","2025-10-14T05:00:00+05:00","Asia/Tashkent",41.204655,69.232522,,,,"AirGradient","AirGradient"
4902926,"Sputnik-4","pm1",27.284083366394043,"µg/m³","2025-10-14T01:00:00Z","2025-10-14T06:00:00+05:00","Asia/Tashkent",41.204655,69.232522,,,,"AirGradient","AirGradient"
4902926,"Sputnik-4","pm1",27.216236117151052,"µg/m³","2025-10-14T02:00:00Z","2025-10-14T07:00:00+05:00","Asia/Tashkent",41.204655,69.232522,,,,"AirGradient","AirGradient"
4902926,"Sputnik-4","pm25",3.3454166650772095,"µg/m³","2025-06-29T19:00:00Z","2025-06-30T00:00:00+05:00","Asia/Tashkent",41.204655,69.232522,,,,"AirGradient","AirGradient"
4902926,"Sputnik-4","pm25",5.816916545232137,"µg/m³","2025-09-01T12:00:00Z","2025-09-01T17:00:00+05:00","Asia/Tashkent",41.204655,69.232522,,,,"AirGradient","AirGradient"
4902926,"Sputnik-4","pm25",6.814291675885518,"µg/m³","2025-09-01T13:00:00Z","2025-09-01T18:00:00+05:00","Asia/Tashkent",41.204655,69.232522,,,,"AirGradient","AirGradient"
4902926,"Sputnik-4","pm25",17.720000108083088,"µg/m³","2025-09-01T14:00:00Z","2025-09-01T19:00:00+05:00","Asia/Tashkent",41.204655,69.232522,,,,"AirGradient","AirGradient"
4902926,"Sputnik-4","pm25",28.133416493733723,"µg/m³","2025-09-01T15:00:00Z","2025-09-01T20:00:00+05:00","Asia/Tashkent",41.204655,69.232522,,,,"AirGradient","AirGradient"
4902926,"Sputnik-4","pm25",34.46925083796183,"µg/m³","2025-09-01T16:00:00Z","2025-09-01T21:00:00+05:00","Asia/Tashkent",41.204655,69.232522,,,,"AirGradient","AirGradient"
4902926,"Sputnik-4","pm25",34.86854203542074,"µg/m³","2025-09-01T17:00:00Z","2025-09-01T22:00:00+05:00","Asia/Tashkent",41.204655,69.232522,,,,"AirGradient","AirGradient"
4902926,"Sputnik-4","pm25",28.712500254313152,"µg/m³","2025-09-01T18:00:00Z","2025-09-01T23:00:00+05:00","Asia/Tashkent",41.204655,69.232522,,,,"AirGradient","AirGradient"
4902926,"Sputnik-4","pm25",23.300138632456463,"µg/m³","2025-09-01T19:00:00Z","2025-09-02T00:00:00+05:00","Asia/Tashkent",41.204655,69.232522,,,,"AirGradient","AirGradient"
4902926,"Sputnik-4","pm25",13.272555748621622,"µg/m³","2025-09-01T20:00:00Z","2025-09-02T01:00:00+05:00","Asia/Tashkent",41.204655,69.232522,,,,"AirGradient","AirGradient"
4902926,"Sputnik-4","pm25",13.674083312352499,"µg/m³","2025-09-01T21:00:00Z","2025-09-02T02:00:00+05:00","Asia/Tashkent",41.204655,69.232522,,,,"AirGradient","AirGradient"
4902926,"Sputnik-4","pm25",34.029958724975586,"µg/m³","2025-09-01T22:00:00Z","2025-09-02T03:00:00+05:00","Asia/Tashkent",41.204655,69.232522,,,,"AirGradient","AirGradient"
4902926,"Sputnik-4","pm25",38.43437512715658,"µg/m³","2025-09-01T23:00:00Z","2025-09-02T04:00:00+05:00","Asia/Tashkent",41.204655,69.232522,,,,"AirGradient","AirGradient"
4902926,"Sputnik-4","pm25",39.796624501546226,"µg/m³","2025-09-02T00:00:00Z","2025-09-02T05:00:00+05:00","Asia/Tashkent",41.204655,69.232522,,,,"AirGradient","AirGradient"
4902926,"Sputnik-4","pm25",35.61174996693929,"µg/m³","2025-09-02T01:00:00Z","2025-09-02T06:00:00+05:00","Asia/Tashkent",41.204655,69.232522,,,,"AirGradient","AirGradient"
4902926,"Sputnik-4","pm25",25.388667106628418,"µg/m³","2025-09-02T02:00:00Z","2025-09-02T07:00:00+05:00","Asia/Tashkent",41.204655,69.232522,,,,"AirGradient","AirGradient"
4902926,"Sputnik-4","pm25",43.31277767817179,"µg/m³","2025-09-02T03:00:00Z","2025-09-02T08:00:00+05:00","Asia/Tashkent",41.204655,69.232522,,,,"AirGradient","AirGradient"
4902926,"Sputnik-4","pm25",7.071763873100281,"µg/m³","2025-09-02T04:00:00Z","2025-09-02T09:00:00+05:00","Asia/Tashkent",41.204655,69.232522,,,,"AirGradient","AirGradient"
4902926,"Sputnik-4","pm25",13.140653053919474,"µg/m³","2025-09-02T05:00:00Z","2025-09-02T10:00:00+05:00","Asia/Tashkent",41.204655,69.232522,,,,"AirGradient","AirGradient"
4902926,"Sputnik-4","pm25",13.381916602452597,"µg/m³","2025-09-02T06:00:00Z","2025-09-02T11:00:00+05:00","Asia/Tashkent",41.204655,69.232522,,,,"AirGradient","AirGradient"
4902926,"Sputnik-4","pm25",4.3498750527699785,"µg/m³","2025-09-02T07:00:00Z","2025-09-02T12:00:00+05:00","Asia/Tashkent",41.204655,69.232522,,,,"AirGradient","AirGradient"
4902926,"Sputnik-4","pm25",5.412472287813823,"µg/m³","2025-09-02T08:00:00Z","2025-09-02T13:00:00+05:00","Asia/Tashkent",41.204655,69.232522,,,,"AirGradient","AirGradient"
4902926,"Sputnik-4","pm25",13.166624983151754,"µg/m³","2025-09-02T09:00:00Z","2025-09-02T14:00:00+05:00","Asia/Tashkent",41.204655,69.232522,,,,"AirGradient","AirGradient"
4902926,"Sputnik-4","pm25",14.080708185831705,"µg/m³","2025-09-02T10:00:00Z","2025-09-02T15:00:00+05:00","Asia/Tashkent",41.204655,69.232522,,,,"AirGradient","AirGradient"
4902926,"Sputnik-4","pm25",5.437583347161611,"µg/m³","2025-09-02T11:00:00Z","2025-09-02T16:00:00+05:00","Asia/Tashkent",41.204655,69.232522,,,,"AirGradient","AirGradient"
4902926,"Sputnik-4","pm25",4.615374942620595,"µg/m³","2025-09-02T12:00:00Z","2025-09-02T17:00:00+05:00","Asia/Tashkent",41.204655,69.232522,,,,"AirGradient","AirGradient"
4902926,"Sputnik-4","pm25",6.737250089645386,"µg/m³","2025-09-02T13:00:00Z","2025-09-02T18:00:00+05:00","Asia/Tashkent",41.204655,69.232522,,,,"AirGradient","AirGradient"
4902926,"Sputnik-4","pm25",6.195125063260396,"µg/m³","2025-09-02T14:00:00Z","2025-09-02T19:00:00+05:00","Asia/Tashkent",41.204655,69.232522,,,,"AirGradient","AirGradient"
4902926,"Sputnik-4","pm25",5.181416670481364,"µg/m³","2025-09-02T15:00:00Z","2025-09-02T20:00:00+05:00","Asia/Tashkent",41.204655,69.232522,,,,"AirGradient","AirGradient"
4902926,"Sputnik-4","pm25",6.713374932607015,"µg/m³","2025-09-02T16:00:00Z","2025-09-02T21:00:00+05:00","Asia/Tashkent",41.204655,69.232522,,,,"AirGradient","AirGradient"
4902926,"Sputnik-4","pm25",8.033124844233194,"µg/m³","2025-09-02T17:00:00Z","2025-09-02T22:00:00+05:00","Asia/Tashkent",41.204655,69.232522,,,,"AirGradient","AirGradient"
4902926,"Sputnik-4","pm25",6.951333363850911,"µg/m³","2025-09-02T18:00:00Z","2025-09-02T23:00:00+05:00","Asia/Tashkent",41.204655,69.232522,,,,"AirGradient","AirGradient"
4902926,"Sputnik-4","pm25",26.92204173405965,"µg/m³","2025-09-02T19:00:00Z","2025-09-03T00:00:00+05:00","Asia/Tashkent",41.204655,69.232522,,,,"AirGradient","AirGradient"
4902926,"Sputnik-4","pm25",36.02487452824911,"µg/m³","2025-09-02T20:00:00Z","2025-09-03T01:00:00+05:00","Asia/Tashkent",41.204655,69.232522,,,,"AirGradient","AirGradient"
4902926,"Sputnik-4","pm25",34.97254149119059,"µg/m³","2025-09-02T21:00:00Z","2025-09-03T02:00:00+05:00","Asia/Tashkent",41.204655,69.232522,,,,"AirGradient","AirGradient"
4902926,"Sputnik-4","pm25",40.99745845794678,"µg/m³","2025-09-02T22:00:00Z","2025-09-03T03:00:00+05:00","Asia/Tashkent",41.204655,69.232522,,,,"AirGradient","AirGradient"
4902926,"Sputnik-4","pm25",37.596041679382324,"µg/m³","2025-09-02T23:00:00Z","2025-09-03T04:00:00+05:00","Asia/Tashkent",41.204655,69.232522,,,,"AirGradient","AirGradient"
4902926,"Sputnik-4","pm25",35.15904156366984,"µg/m³","2025-09-03T00:00:00Z","2025-09-03T05:00:00+05:00","Asia/Tashkent",41.204655,69.232522,,,,"AirGradient","AirGradient"
4902926,"Sputnik-4","pm25",46.527499516805015,"µg/m³","2025-09-03T01:00:00Z","2025-09-03T06:00:00+05:00","Asia/Tashkent",41.204655,69.232522,,,,"AirGradient","AirGradient"
4902926,"Sputnik-4","pm25",40.982374827067055,"µg/m³","2025-09-03T02:00:00Z","2025-09-03T07:00:00+05:00","Asia/Tashkent",41.204655,69.232522,,,,"AirGradient","AirGradient"
4902926,"Sputnik-4","pm25",29.122500010899135,"µg/m³","2025-09-03T03:00:00Z","2025-09-03T08:00:00+05:00","Asia/Tashkent",41.204655,69.232522,,,,"AirGradient","AirGradient"
4902926,"Sputnik-4","pm25",32.39700047175089,"µg/m³","2025-09-03T08:00:00Z","2025-09-03T13:00:00+05:00","Asia/Tashkent",41.204655,69.232522,,,,"AirGradient","AirGradient"
4902926,"Sputnik-4","pm25",24.057500044504803,"µg/m³","2025-09-03T09:00:00Z","2025-09-03T14:00:00+05:00","Asia/Tashkent",41.204655,69.232522,,,,"AirGradient","AirGradient"
4902926,"Sputnik-4","pm25",25.11840279897054,"µg/m³","2025-09-03T10:00:00Z","2025-09-03T15:00:00+05:00","Asia/Tashkent",41.204655,69.232522,,,,"AirGradient","AirGradient"
4902926,"Sputnik-4","pm25",19.542333285013836,"µg/m³","2025-09-03T11:00:00Z","2025-09-03T16:00:00+05:00","Asia/Tashkent",41.204655,69.232522,,,,"AirGradient","AirGradient"
4902926,"Sputnik-4","pm25",11.461208264032999,"µg/m³","2025-09-03T12:00:00Z","2025-09-03T17:00:00+05:00","Asia/Tashkent",41.204655,69.232522,,,,"AirGradient","AirGradient"
4902926,"Sputnik-4","pm25",13.313666661580404,"µg/m³","2025-09-03T13:00:00Z","2025-09-03T18:00:00+05:00","Asia/Tashkent",41.204655,69.232522,,,,"AirGradient","AirGradient"
4902926,"Sputnik-4","pm25",17.007416884104412,"µg/m³","2025-09-03T14:00:00Z","2025-09-03T19:00:00+05:00","Asia/Tashkent",41.204655,69.232522,,,,"AirGradient","AirGradient"
4902926,"Sputnik-4","pm25",26.085416793823242,"µg/m³","2025-09-03T15:00:00Z","2025-09-03T20:00:00+05:00","Asia/Tashkent",41.204655,69.232522,,,,"AirGradient","AirGradient"
4902926,"Sputnik-4","pm25",27.142666498819988,"µg/m³","2025-09-03T16:00:00Z","2025-09-03T21:00:00+05:00","Asia/Tashkent",41.204655,69.232522,,,,"AirGradient","AirGradient"
4902926,"Sputnik-4","pm25",32.69908316930135,"µg/m³","2025-09-03T17:00:00Z","2025-09-03T22:00:00+05:00","Asia/Tashkent",41.204655,69.232522,,,,"AirGradient","AirGradient"
4902926,"Sputnik-4","pm25",38.09212557474772,"µg/m³","2025-09-03T18:00:00Z","2025-09-03T23:00:00+05:00","Asia/Tashkent",41.204655,69.232522,,,,"AirGradient","AirGradient"
4902926,"Sputnik-4","pm25",34.908958752950035,"µg/m³","2025-09-03T19:00:00Z","2025-09-04T00:00:00+05:00","Asia/Tashkent",41.204655,69.232522,,,,"AirGradient","AirGradient"
4902926,"Sputnik-4","pm25",37.18750031789144,"µg/m³","2025-09-03T20:00:00Z","2025-09-04T01:00:00+05:00","Asia/Tashkent",41.204655,69.232522,,,,"AirGradient","AirGradient"
4902926,"Sputnik-4","pm25",36.3903751373291,"µg/m³","2025-09-03T21:00:00Z","2025-09-04T02:00:00+05:00","Asia/Tashkent",41.204655,69.232522,,,,"AirGradient","AirGradient"
4902926,"Sputnik-4","pm25",36.83154296875,"µg/m³","2025-09-03T22:00:00Z","2025-09-04T03:00:00+05:00","Asia/Tashkent",41.204655,69.232522,,,,"AirGradient","AirGradient"
4902926,"Sputnik-4","pm25",44.19166660308838,"µg/m³","2025-09-03T23:00:00Z","2025-09-04T04:00:00+05:00","Asia/Tashkent",41.204655,69.232522,,,,"AirGradient","AirGradient"
4902926,"Sputnik-4","pm25",49.68762461344401,"µg/m³","2025-09-04T00:00:00Z","2025-09-04T05:00:00+05:00","Asia/Tashkent",41.204655,69.232522,,,,"AirGradient","AirGradient"
4902926,"Sputnik-4","pm25",45.22450033823649,"µg/m³","2025-09-04T01:00:00Z","2025-09-04T06:00:00+05:00","Asia/Tashkent",41.204655,69.232522,,,,"AirGradient","AirGradient"
4902926,"Sputnik-4","pm25",40.09316635131836,"µg/m³","2025-09-04T02:00:00Z","2025-09-04T07:00:00+05:00","Asia/Tashkent",41.204655,69.232522,,,,"AirGradient","AirGradient"
4902926,"Sputnik-4","pm25",42.793958028157554,"µg/m³","2025-09-04T03:00:00Z","2025-09-04T08:00:00+05:00","Asia/Tashkent",41.204655,69.232522,,,,"AirGradient","AirGradient"
4902926,"Sputnik-4","pm25",41.667417208353676,"µg/m³","2025-09-04T04:00:00Z","2025-09-04T09:00:00+05:00","Asia/Tashkent",41.204655,69.232522,,,,"AirGradient","AirGradient"
4902926,"Sputnik-4","pm25",35.89465193314986,"µg/m³","2025-09-04T05:00:00Z","2025-09-04T10:00:00+05:00","Asia/Tashkent",41.204655,69.232522,,,,"AirGradient","AirGradient"
4902926,"Sputnik-4","pm25",38.77958329518636,"µg/m³","2025-09-04T06:00:00Z","2025-09-04T11:00:00+05:00","Asia/Tashkent",41.204655,69.232522,,,,"AirGradient","AirGradient"
4902926,"Sputnik-4","pm25",24.884416262308758,"µg/m³","2025-09-04T07:00:00Z","2025-09-04T12:00:00+05:00","Asia/Tashkent",41.204655,69.232522,,,,"AirGradient","AirGradient"
4902926,"Sputnik-4","pm25",19.346055666605633,"µg/m³","2025-09-04T08:00:00Z","2025-09-04T13:00:00+05:00","Asia/Tashkent",41.204655,69.232522,,,,"AirGradient","AirGradient"
4902926,"Sputnik-4","pm25",14.85979167620341,"µg/m³","2025-09-04T09:00:00Z","2025-09-04T14:00:00+05:00","Asia/Tashkent",41.204655,69.232522,,,,"AirGradient","AirGradient"
4902926,"Sputnik-4","pm25",7.8471667766571045,"µg/m³","2025-09-04T10:00:00Z","2025-09-04T15:00:00+05:00","Asia/Tashkent",41.204655,69.232522,,,,"AirGradient","AirGradient"
4902926,"Sputnik-4","pm25",6.368791659673055,"µg/m³","2025-09-04T11:00:00Z","2025-09-04T16:00:00+05:00","Asia/Tashkent",41.204655,69.232522,,,,"AirGradient","AirGradient"
4902926,"Sputnik-4","pm25",6.2870833079020185,"µg/m³","2025-09-04T12:00:00Z","2025-09-04T17:00:00+05:00","Asia/Tashkent",41.204655,69.232522,,,,"AirGradient","AirGradient"
4902926,"Sputnik-4","pm25",7.046333312988281,"µg/m³","2025-09-04T13:00:00Z","2025-09-04T18:00:00+05:00","Asia/Tashkent",41.204655,69.232522,,,,"AirGradient","AirGradient"
4902926,"Sputnik-4","pm25",16.621263821919758,"µg/m³","2025-09-04T14:00:00Z","2025-09-04T19:00:00+05:00","Asia/Tashkent",41.204655,69.232522,,,,"AirGradient","AirGradient"
4902926,"Sputnik-4","pm25",28.818583329518635,"µg/m³","2025-09-04T15:00:00Z","2025-09-04T20:00:00+05:00","Asia/Tashkent",41.204655,69.232522,,,,"AirGradient","AirGradient"
4902926,"Sputnik-4","pm25",26.00979169209798,"µg/m³","2025-09-04T16:00:00Z","2025-09-04T21:00:00+05:00","Asia/Tashkent",41.204655,69.232522,,,,"AirGradient","AirGradient"
4902926,"Sputnik-4","pm25",33.84862518310547,"µg/m³","2025-09-04T17:00:00Z","2025-09-04T22:00:00+05:00","Asia/Tashkent",41.204655,69.232522,,,,"AirGradient","AirGradient"
4902926,"Sputnik-4","pm25",34.850375175476074,"µg/m³","2025-09-04T18:00:00Z","2025-09-04T23:00:00+05:00","Asia/Tashkent",41.204655,69.232522,,,,"AirGradient","AirGradient"
4902926,"Sputnik-4","pm25",39.0968329111735,"µg/m³","2025-09-04T19:00:00Z","2025-09-05T00:00:00+05:00","Asia/Tashkent",41.204655,69.232522,,,,"AirGradient","AirGradient"
4902926,"Sputnik-4","pm25",46.032791455586754,"µg/m³","2025-09-04T20:00:00Z","2025-09-05T01:00:00+05:00","Asia/Tashkent",41.204655,69.232522,,,,"AirGradient","AirGradient"
4902926,"Sputnik-4","pm25",41.514041582743324,"µg/m³","2025-09-04T21:00:00Z","2025-09-05T02:00:00+05:00","Asia/Tashkent",41.204655,69.232522,,,,"AirGradient","AirGradient"
4902926,"Sputnik-4","pm25",42.88538932800293,"µg/m³","2025-09-04T22:00:00Z","2025-09-05T03:00:00+05:00","Asia/Tashkent",41.204655,69.232522,,,,"AirGradient","AirGradient"
4902926,"Sputnik-4","pm25",39.919541358947754,"µg/m³","2025-09-04T23:00:00Z","2025-09-05T04:00:00+05:00","Asia/Tashkent",41.204655,69.232522,,,,"AirGradient","AirGradient"
4902926,"Sputnik-4","pm25",36.28454144795736,"µg/m³","2025-09-05T00:00:00Z","2025-09-05T05:00:00+05:00","Asia/Tashkent",41.204655,69.232522,,,,"AirGradient","AirGradient"
4902926,"Sputnik-4","pm25",34.27168051401774,"µg/m³","2025-09-05T01:00:00Z","2025-09-05T06:00:00+05:00","Asia/Tashkent",41.204655,69.232522,,,,"AirGradient","AirGradient"
4902926,"Sputnik-4","pm25",33.194999853769936,"µg/m³","2025-09-05T02:00:00Z","2025-09-05T07:00:00+05:00","Asia/Tashkent",41.204655,69.232522,,,,"AirGradient","AirGradient"
4902926,"Sputnik-4","pm25",35.39558378855387,"µg/m³","2025-09-05T03:00:00Z","2025-09-05T08:00:00+05:00","Asia/Tashkent",41.204655,69.232522,,,,"AirGradient","AirGradient"
4902926,"Sputnik-4","pm25",32.45383358001709,"µg/m³","2025-09-05T04:00:00Z","2025-09-05T09:00:00+05:00","Asia/Tashkent",41.204655,69.232522,,,,"AirGradient","AirGradient"
4902926,"Sputnik-4","pm25",31.037208398183186,"µg/m³","2025-09-05T05:00:00Z","2025-09-05T10:00:00+05:00","Asia/Tashkent",41.204655,69.232522,,,,"AirGradient","AirGradient"
4902926,"Sputnik-4","pm25",28.062750180562336,"µg/m³","2025-09-05T06:00:00Z","2025-09-05T11:00:00+05:00","Asia/Tashkent",41.204655,69.232522,,,,"AirGradient","AirGradient"
4902926,"Sputnik-4","pm25",26.64704179763794,"µg/m³","2025-09-05T07:00:00Z","2025-09-05T12:00:00+05:00","Asia/Tashkent",41.204655,69.232522,,,,"AirGradient","AirGradient"
4902926,"Sputnik-4","pm25",23.95175011952718,"µg/m³","2025-09-05T08:00:00Z","2025-09-05T13:00:00+05:00","Asia/Tashkent",41.204655,69.232522,,,,"AirGradient","AirGradient"
4902926,"Sputnik-4","pm25",23.28725004196167,"µg/m³","2025-09-05T09:00:00Z","2025-09-05T14:00:00+05:00","Asia/Tashkent",41.204655,69.232522,,,,"AirGradient","AirGradient"
4902926,"Sputnik-4","pm25",19.822916507720947,"µg/m³","2025-09-05T10:00:00Z","2025-09-05T15:00:00+05:00","Asia/Tashkent",41.204655,69.232522,,,,"AirGradient","AirGradient"
4902926,"Sputnik-4","pm25",22.22416655222575,"µg/m³","2025-09-05T11:00:00Z","2025-09-05T16:00:00+05:00","Asia/Tashkent",41.204655,69.232522,,,,"AirGradient","AirGradient"
4902926,"Sputnik-4","pm25",21.44919443130493,"µg/m³","2025-09-05T12:00:00Z","2025-09-05T17:00:00+05:00","Asia/Tashkent",41.204655,69.232522,,,,"AirGradient","AirGradient"
4902926,"Sputnik-4","pm25",19.43958346048991,"µg/m³","2025-09-05T13:00:00Z","2025-09-05T18:00:00+05:00","Asia/Tashkent",41.204655,69.232522,,,,"AirGradient","AirGradient"
4902926,"Sputnik-4","pm25",22.655375003814697,"µg/m³","2025-09-05T14:00:00Z","2025-09-05T19:00:00+05:00","Asia/Tashkent",41.204655,69.232522,,,,"AirGradient","AirGradient"
4902926,"Sputnik-4","pm25",34.156263987223305,"µg/m³","2025-09-05T15:00:00Z","2025-09-05T20:00:00+05:00","Asia/Tashkent",41.204655,69.232522,,,,"AirGradient","AirGradient"
4902926,"Sputnik-4","pm25",37.7787504196167,"µg/m³","2025-09-05T16:00:00Z","2025-09-05T21:00:00+05:00","Asia/Tashkent",41.204655,69.232522,,,,"AirGradient","AirGradient"
4902926,"Sputnik-4","pm25",43.82448641459147,"µg/m³","2025-09-05T17:00:00Z","2025-09-05T22:00:00+05:00","Asia/Tashkent",41.204655,69.232522,,,,"AirGradient","AirGradient"
4902926,"Sputnik-4","pm25",48.083083152770996,"µg/m³","2025-09-05T18:00:00Z","2025-09-05T23:00:00+05:00","Asia/Tashkent",41.204655,69.232522,,,,"AirGradient","AirGradient"
4902926,"Sputnik-4","pm25",46.28091684977213,"µg/m³","2025-09-05T19:00:00Z","2025-09-06T00:00:00+05:00","Asia/Tashkent",41.204655,69.232522,,,,"AirGradient","AirGradient"
4902926,"Sputnik-4","pm25",41.675055821736656,"µg/m³","2025-09-05T20:00:00Z","2025-09-06T01:00:00+05:00","Asia/Tashkent",41.204655,69.232522,,,,"AirGradient","AirGradient"
4902926,"Sputnik-4","pm25",40.2923329671224,"µg/m³","2025-09-05T21:00:00Z","2025-09-06T02:00:00+05:00","Asia/Tashkent",41.204655,69.232522,,,,"AirGradient","AirGradient"
4902926,"Sputnik-4","pm25",42.32669480641683,"µg/m³","2025-09-05T22:00:00Z","2025-09-06T03:00:00+05:00","Asia/Tashkent",41.204655,69.232522,,,,"AirGradient","AirGradient"
4902926,"Sputnik-4","pm25",41.61145846048991,"µg/m³","2025-09-05T23:00:00Z","2025-09-06T04:00:00+05:00","Asia/Tashkent",41.204655,69.232522,,,,"AirGradient","AirGradient"
4902926,"Sputnik-4","pm25",41.106666564941406,"µg/m³","2025-09-06T00:00:00Z","2025-09-06T05:00:00+05:00","Asia/Tashkent",41.204655,69.232522,,,,"AirGradient","AirGradient"
4902926,"Sputnik-4","pm25",43.27683321634928,"µg/m³","2025-09-06T01:00:00Z","2025-09-06T06:00:00+05:00","Asia/Tashkent",41.204655,69.232522,,,,"AirGradient","AirGradient"
4902926,"Sputnik-4","pm25",43.84729162851969,"µg/m³","2025-09-06T02:00:00Z","2025-09-06T07:00:00+05:00","Asia/Tashkent",41.204655,69.232522,,,,"AirGradient","AirGradient"
4902926,"Sputnik-4","pm25",39.82891718546549,"µg/m³","2025-09-06T03:00:00Z","2025-09-06T08:00:00+05:00","Asia/Tashkent",41.204655,69.232522,,,,"AirGradient","AirGradient"
4902926,"Sputnik-4","pm25",31.5610834757487,"µg/m³","2025-09-06T04:00:00Z","2025-09-06T09:00:00+05:00","Asia/Tashkent",41.204655,69.232522,,,,"AirGradient","AirGradient"
4902926,"Sputnik-4","pm25",34.675707976023354,"µg/m³","2025-09-06T05:00:00Z","2025-09-06T10:00:00+05:00","Asia/Tashkent",41.204655,69.232522,,,,"AirGradient","AirGradient"
4902926,"Sputnik-4","pm25",26.194541772206623,"µg/m³","2025-09-06T06:00:00Z","2025-09-06T11:00:00+05:00","Asia/Tashkent",41.204655,69.232522,,,,"AirGradient","AirGradient"
4902926,"Sputnik-4","pm25",19.338541746139526,"µg/m³","2025-09-06T07:00:00Z","2025-09-06T12:00:00+05:00","Asia/Tashkent",41.204655,69.232522,,,,"AirGradient","AirGradient"
4902926,"Sputnik-4","pm25",13.939736008644104,"µg/m³","2025-09-06T08:00:00Z","2025-09-06T13:00:00+05:00","Asia/Tashkent",41.204655,69.232522,,,,"AirGradient","AirGradient"
4902926,"Sputnik-4","pm25",10.570694327354431,"µg/m³","2025-09-06T09:00:00Z","2025-09-06T14:00:00+05:00","Asia/Tashkent",41.204655,69.232522,,,,"AirGradient","AirGradient"
4902926,"Sputnik-4","pm25",5.065708299477895,"µg/m³","2025-09-06T10:00:00Z","2025-09-06T15:00:00+05:00","Asia/Tashkent",41.204655,69.232522,,,,"AirGradient","AirGradient"
4902926,"Sputnik-4","pm25",4.053041636943817,"µg/m³","2025-09-06T11:00:00Z","2025-09-06T16:00:00+05:00","Asia/Tashkent",41.204655,69.232522,,,,"AirGradient","AirGradient"
4902926,"Sputnik-4","pm25",4.686958352724711,"µg/m³","2025-09-06T12:00:00Z","2025-09-06T17:00:00+05:00","Asia/Tashkent",41.204655,69.232522,,,,"AirGradient","AirGradient"
4902926,"Sputnik-4","pm25",6.488041599591573,"µg/m³","2025-09-06T13:00:00Z","2025-09-06T18:00:00+05:00","Asia/Tashkent",41.204655,69.232522,,,,"AirGradient","AirGradient"
4902926,"Sputnik-4","pm25",11.51854165395101,"µg/m³","2025-09-06T14:00:00Z","2025-09-06T19:00:00+05:00","Asia/Tashkent",41.204655,69.232522,,,,"AirGradient","AirGradient"
4902926,"Sputnik-4","pm25",19.5992914835612,"µg/m³","2025-09-06T15:00:00Z","2025-09-06T20:00:00+05:00","Asia/Tashkent",41.204655,69.232522,,,,"AirGradient","AirGradient"
4902926,"Sputnik-4","pm25",30.56083329518636,"µg/m³","2025-09-06T16:00:00Z","2025-09-06T21:00:00+05:00","Asia/Tashkent",41.204655,69.232522,,,,"AirGradient","AirGradient"
4902926,"Sputnik-4","pm25",39.41458288828532,"µg/m³","2025-09-06T17:00:00Z","2025-09-06T22:00:00+05:00","Asia/Tashkent",41.204655,69.232522,,,,"AirGradient","AirGradient"
4902926,"Sputnik-4","pm25",44.72966607411703,"µg/m³","2025-09-06T18:00:00Z","2025-09-06T23:00:00+05:00","Asia/Tashkent",41.204655,69.232522,,,,"AirGradient","AirGradient"
4902926,"Sputnik-4","pm25",41.45899931589762,"µg/m³","2025-09-06T19:00:00Z","2025-09-07T00:00:00+05:00","Asia/Tashkent",41.204655,69.232522,,,,"AirGradient","AirGradient"
4902926,"Sputnik-4","pm25",33.976499716440834,"µg/m³","2025-09-06T20:00:00Z","2025-09-07T01:00:00+05:00","Asia/Tashkent",41.204655,69.232522,,,,"AirGradient","AirGradient"
4902926,"Sputnik-4","pm25",34.23458385467529,"µg/m³","2025-09-06T21:00:00Z","2025-09-07T02:00:00+05:00","Asia/Tashkent",41.204655,69.232522,,,,"AirGradient","AirGradient"
4902926,"Sputnik-4","pm25",31.90495793024699,"µg/m³","2025-09-06T22:00:00Z","2025-09-07T03:00:00+05:00","Asia/Tashkent",41.204655,69.232522,,,,"AirGradient","AirGradient"
4902926,"Sputnik-4","pm25",29.048166910807293,"µg/m³","2025-09-06T23:00:00Z","2025-09-07T04:00:00+05:00","Asia/Tashkent",41.204655,69.232522,,,,"AirGradient","AirGradient"
4902926,"Sputnik-4","pm25",31.87708314259847,"µg/m³","2025-09-07T00:00:00Z","2025-09-07T05:00:00+05:00","Asia/Tashkent",41.204655,69.232522,,,,"AirGradient","AirGradient"
4902926,"Sputnik-4","pm25",36.97254149119059,"µg/m³","2025-09-07T01:00:00Z","2025-09-07T06:00:00+05:00","Asia/Tashkent",41.204655,69.232522,,,,"AirGradient","AirGradient"
4902926,"Sputnik-4","pm25",34.973416328430176,"µg/m³","2025-09-07T02:00:00Z","2025-09-07T07:00:00+05:00","Asia/Tashkent",41.204655,69.232522,,,,"AirGradient","AirGradient"
4902926,"Sputnik-4","pm25",35.03912512461344,"µg/m³","2025-09-07T03:00:00Z","2025-09-07T08:00:00+05:00","Asia/Tashkent",41.204655,69.232522,,,,"AirGradient","AirGradient"
4902926,"Sputnik-4","pm25",30.45954195658366,"µg/m³","2025-09-07T04:00:00Z","2025-09-07T09:00:00+05:00","Asia/Tashkent",41.204655,69.232522,,,,"AirGradient","AirGradient"
4902926,"Sputnik-4","pm25",33.3641250928243,"µg/m³","2025-09-07T05:00:00Z","2025-09-07T10:00:00+05:00","Asia/Tashkent",41.204655,69.232522,,,,"AirGradient","AirGradient"
4902926,"Sputnik-4","pm25",18.971833388010662,"µg/m³","2025-09-07T06:00:00Z","2025-09-07T11:00:00+05:00","Asia/Tashkent",41.204655,69.232522,,,,"AirGradient","AirGradient"
4902926,"Sputnik-4","pm25",22.49333318074544,"µg/m³","2025-09-07T07:00:00Z","2025-09-07T12:00:00+05:00","Asia/Tashkent",41.204655,69.232522,,,,"AirGradient","AirGradient"
4902926,"Sputnik-4","pm25",21.625750064849854,"µg/m³","2025-09-07T08:00:00Z","2025-09-07T13:00:00+05:00","Asia/Tashkent",41.204655,69.232522,,,,"AirGradient","AirGradient"
4902926,"Sputnik-4","pm25",10.738666494687399,"µg/m³","2025-09-07T09:00:00Z","2025-09-07T14:00:00+05:00","Asia/Tashkent",41.204655,69.232522,,,,"AirGradient","AirGradient"
4902926,"Sputnik-4","pm25",5.1971250375111895,"µg/m³","2025-09-07T10:00:00Z","2025-09-07T15:00:00+05:00","Asia/Tashkent",41.204655,69.232522,,,,"AirGradient","AirGradient"
4902926,"Sputnik-4","pm25",4.77979161341985,"µg/m³","2025-09-07T11:00:00Z","2025-09-07T16:00:00+05:00","Asia/Tashkent",41.204655,69.232522,,,,"AirGradient","AirGradient"
4902926,"Sputnik-4","pm25",5.303375005722046,"µg/m³","2025-09-07T12:00:00Z","2025-09-07T17:00:00+05:00","Asia/Tashkent",41.204655,69.232522,,,,"AirGradient","AirGradient"
4902926,"Sputnik-4","pm25",5.899333357810974,"µg/m³","2025-09-07T13:00:00Z","2025-09-07T18:00:00+05:00","Asia/Tashkent",41.204655,69.232522,,,,"AirGradient","AirGradient"
4902926,"Sputnik-4","pm25",9.960916558901468,"µg/m³","2025-09-07T14:00:00Z","2025-09-07T19:00:00+05:00","Asia/Tashkent",41.204655,69.232522,,,,"AirGradient","AirGradient"
4902926,"Sputnik-4","pm25",36.11133352915446,"µg/m³","2025-09-07T15:00:00Z","2025-09-07T20:00:00+05:00","Asia/Tashkent",41.204655,69.232522,,,,"AirGradient","AirGradient"
4902926,"Sputnik-4","pm25",42.02204163869222,"µg/m³","2025-09-07T16:00:00Z","2025-09-07T21:00:00+05:00","Asia/Tashkent",41.204655,69.232522,,,,"AirGradient","AirGradient"
4902926,"Sputnik-4","pm25",59.97054131825765,"µg/m³","2025-09-07T17:00:00Z","2025-09-07T22:00:00+05:00","Asia/Tashkent",41.204655,69.232522,,,,"AirGradient","AirGradient"
4902926,"Sputnik-4","pm25",41.65524991353353,"µg/m³","2025-09-07T18:00:00Z","2025-09-07T23:00:00+05:00","Asia/Tashkent",41.204655,69.232522,,,,"AirGradient","AirGradient"
4902926,"Sputnik-4","pm25",36.84820810953776,"µg/m³","2025-09-07T19:00:00Z","2025-09-08T00:00:00+05:00","Asia/Tashkent",41.204655,69.232522,,,,"AirGradient","AirGradient"
4902926,"Sputnik-4","pm25",34.20062510172526,"µg/m³","2025-09-07T20:00:00Z","2025-09-08T01:00:00+05:00","Asia/Tashkent",41.204655,69.232522,,,,"AirGradient","AirGradient"
4902926,"Sputnik-4","pm25",37.548624674479164,"µg/m³","2025-09-07T21:00:00Z","2025-09-08T02:00:00+05:00","Asia/Tashkent",41.204655,69.232522,,,,"AirGradient","AirGradient"
4902926,"Sputnik-4","pm25",30.200125058492024,"µg/m³","2025-09-07T22:00:00Z","2025-09-08T03:00:00+05:00","Asia/Tashkent",41.204655,69.232522,,,,"AirGradient","AirGradient"
4902926,"Sputnik-4","pm25",28.471583366394043,"µg/m³","2025-09-07T23:00:00Z","2025-09-08T04:00:00+05:00","Asia/Tashkent",41.204655,69.232522,,,,"AirGradient","AirGradient"
4902926,"Sputnik-4","pm25",26.83170811335246,"µg/m³","2025-09-08T00:00:00Z","2025-09-08T05:00:00+05:00","Asia/Tashkent",41.204655,69.232522,,,,"AirGradient","AirGradient"
4902926,"Sputnik-4","pm25",31.929582754770916,"µg/m³","2025-09-08T01:00:00Z","2025-09-08T06:00:00+05:00","Asia/Tashkent",41.204655,69.232522,,,,"AirGradient","AirGradient"
4902926,"Sputnik-4","pm25",34.03745810190836,"µg/m³","2025-09-08T02:00:00Z","2025-09-08T07:00:00+05:00","Asia/Tashkent",41.204655,69.232522,,,,"AirGradient","AirGradient"
4902926,"Sputnik-4","pm25",33.05904197692871,"µg/m³","2025-09-08T03:00:00Z","2025-09-08T08:00:00+05:00","Asia/Tashkent",41.204655,69.232522,,,,"AirGradient","AirGradient"
4902926,"Sputnik-4","pm25",38.150833447774254,"µg/m³","2025-09-08T04:00:00Z","2025-09-08T09:00:00+05:00","Asia/Tashkent",41.204655,69.232522,,,,"AirGradient","AirGradient"
4902926,"Sputnik-4","pm25",37.272250493367515,"µg/m³","2025-09-08T05:00:00Z","2025-09-08T10:00:00+05:00","Asia/Tashkent",41.204655,69.232522,,,,"AirGradient","AirGradient"
4902926,"Sputnik-4","pm25",37.55775006612142,"µg/m³","2025-09-08T06:00:00Z","2025-09-08T11:00:00+05:00","Asia/Tashkent",41.204655,69.232522,,,,"AirGradient","AirGradient"
4902926,"Sputnik-4","pm25",31.04070822397868,"µg/m³","2025-09-08T07:00:00Z","2025-09-08T12:00:00+05:00","Asia/Tashkent",41.204655,69.232522,,,,"AirGradient","AirGradient"
4902926,"Sputnik-4","pm25",24.514958381652832,"µg/m³","2025-09-08T08:00:00Z","2025-09-08T13:00:00+05:00","Asia/Tashkent",41.204655,69.232522,,,,"AirGradient","AirGradient"
4902926,"Sputnik-4","pm25",23.806291739145916,"µg/m³","2025-09-08T09:00:00Z","2025-09-08T14:00:00+05:00","Asia/Tashkent",41.204655,69.232522,,,,"AirGradient","AirGradient"
4902926,"Sputnik-4","pm25",4.8323333859443665,"µg/m³","2025-09-08T10:00:00Z","2025-09-08T15:00:00+05:00","Asia/Tashkent",41.204655,69.232522,,,,"AirGradient","AirGradient"
4902926,"Sputnik-4","pm25",18.68508307139079,"µg/m³","2025-09-08T16:00:00Z","2025-09-08T21:00:00+05:00","Asia/Tashkent",41.204655,69.232522,,,,"AirGradient","AirGradient"
4902926,"Sputnik-4","pm25",23.9522918065389,"µg/m³","2025-09-08T17:00:00Z","2025-09-08T22:00:00+05:00","Asia/Tashkent",41.204655,69.232522,,,,"AirGradient","AirGradient"
4902926,"Sputnik-4","pm25",30.262958367665608,"µg/m³","2025-09-08T18:00:00Z","2025-09-08T23:00:00+05:00","Asia/Tashkent",41.204655,69.232522,,,,"AirGradient","AirGradient"
4902926,"Sputnik-4","pm25",26.88906955718994,"µg/m³","2025-09-08T19:00:00Z","2025-09-09T00:00:00+05:00","Asia/Tashkent",41.204655,69.232522,,,,"AirGradient","AirGradient"
4902926,"Sputnik-4","pm25",26.422791957855225,"µg/m³","2025-09-08T20:00:00Z","2025-09-09T01:00:00+05:00","Asia/Tashkent",41.204655,69.232522,,,,"AirGradient","AirGradient"
4902926,"Sputnik-4","pm25",24.694541772206623,"µg/m³","2025-09-08T21:00:00Z","2025-09-09T02:00:00+05:00","Asia/Tashkent",41.204655,69.232522,,,,"AirGradient","AirGradient"
4902926,"Sputnik-4","pm25",25.65820837020874,"µg/m³","2025-09-08T22:00:00Z","2025-09-09T03:00:00+05:00","Asia/Tashkent",41.204655,69.232522,,,,"AirGradient","AirGradient"
4902926,"Sputnik-4","pm25",22.141124884287517,"µg/m³","2025-09-08T23:00:00Z","2025-09-09T04:00:00+05:00","Asia/Tashkent",41.204655,69.232522,,,,"AirGradient","AirGradient"
4902926,"Sputnik-4","pm25",34.42395814259847,"µg/m³","2025-09-09T00:00:00Z","2025-09-09T05:00:00+05:00","Asia/Tashkent",41.204655,69.232522,,,,"AirGradient","AirGradient"
4902926,"Sputnik-4","pm25",35.66225020090739,"µg/m³","2025-09-09T01:00:00Z","2025-09-09T06:00:00+05:00","Asia/Tashkent",41.204655,69.232522,,,,"AirGradient","AirGradient"
4902926,"Sputnik-4","pm25",32.68116696675619,"µg/m³","2025-09-09T02:00:00Z","2025-09-09T07:00:00+05:00","Asia/Tashkent",41.204655,69.232522,,,,"AirGradient","AirGradient"
4902926,"Sputnik-4","pm25",21.4953191280365,"µg/m³","2025-09-09T03:00:00Z","2025-09-09T08:00:00+05:00","Asia/Tashkent",41.204655,69.232522,,,,"AirGradient","AirGradient"
4902926,"Sputnik-4","pm25",13.201083421707153,"µg/m³","2025-09-09T04:00:00Z","2025-09-09T09:00:00+05:00","Asia/Tashkent",41.204655,69.232522,,,,"AirGradient","AirGradient"
4902926,"Sputnik-4","pm25",25.612291653951008,"µg/m³","2025-09-09T05:00:00Z","2025-09-09T10:00:00+05:00","Asia/Tashkent",41.204655,69.232522,,,,"AirGradient","AirGradient"
4902926,"Sputnik-4","pm25",29.991541703542072,"µg/m³","2025-09-09T06:00:00Z","2025-09-09T11:00:00+05:00","Asia/Tashkent",41.204655,69.232522,,,,"AirGradient","AirGradient"
4902926,"Sputnik-4","pm25",23.174833456675213,"µg/m³","2025-09-09T07:00:00Z","2025-09-09T12:00:00+05:00","Asia/Tashkent",41.204655,69.232522,,,,"AirGradient","AirGradient"
4902926,"Sputnik-4","pm25",9.013083338737488,"µg/m³","2025-09-09T08:00:00Z","2025-09-09T13:00:00+05:00","Asia/Tashkent",41.204655,69.232522,,,,"AirGradient","AirGradient"
4902926,"Sputnik-4","pm25",11.255125164985657,"µg/m³","2025-09-09T09:00:00Z","2025-09-09T14:00:00+05:00","Asia/Tashkent",41.204655,69.232522,,,,"AirGradient","AirGradient"
4902926,"Sputnik-4","pm25",9.757208307584127,"µg/m³","2025-09-09T10:00:00Z","2025-09-09T15:00:00+05:00","Asia/Tashkent",41.204655,69.232522,,,,"AirGradient","AirGradient"
4902926,"Sputnik-4","pm25",2.4393333196640015,"µg/m³","2025-09-09T11:00:00Z","2025-09-09T16:00:00+05:00","Asia/Tashkent",41.204655,69.232522,,,,"AirGradient","AirGradient"
4902926,"Sputnik-4","pm25",0.9696249924600124,"µg/m³","2025-09-09T12:00:00Z","2025-09-09T17:00:00+05:00","Asia/Tashkent",41.204655,69.232522,,,,"AirGradient","AirGradient"
4902926,"Sputnik-4","pm25",0.4973333378632863,"µg/m³","2025-09-09T13:00:00Z","2025-09-09T18:00:00+05:00","Asia/Tashkent",41.204655,69.232522,,,,"AirGradient","AirGradient"
4902926,"Sputnik-4","pm25",3.994555493195852,"µg/m³","2025-09-09T14:00:00Z","2025-09-09T19:00:00+05:00","Asia/Tashkent",41.204655,69.232522,,,,"AirGradient","AirGradient"
4902926,"Sputnik-4","pm25",11.945499976476034,"µg/m³","2025-09-09T15:00:00Z","2025-09-09T20:00:00+05:00","Asia/Tashkent",41.204655,69.232522,,,,"AirGradient","AirGradient"
4902926,"Sputnik-4","pm25",14.897791703542074,"µg/m³","2025-09-09T16:00:00Z","2025-09-09T21:00:00+05:00","Asia/Tashkent",41.204655,69.232522,,,,"AirGradient","AirGradient"
4902926,"Sputnik-4","pm25",12.204625010490417,"µg/m³","2025-09-09T17:00:00Z","2025-09-09T22:00:00+05:00","Asia/Tashkent",41.204655,69.232522,,,,"AirGradient","AirGradient"
4902926,"Sputnik-4","pm25",9.362541635831198,"µg/m³","2025-09-09T18:00:00Z","2025-09-09T23:00:00+05:00","Asia/Tashkent",41.204655,69.232522,,,,"AirGradient","AirGradient"
4902926,"Sputnik-4","pm25",7.55050003528595,"µg/m³","2025-09-09T19:00:00Z","2025-09-10T00:00:00+05:00","Asia/Tashkent",41.204655,69.232522,,,,"AirGradient","AirGradient"
4902926,"Sputnik-4","pm25",13.011083205540976,"µg/m³","2025-09-09T20:00:00Z","2025-09-10T01:00:00+05:00","Asia/Tashkent",41.204655,69.232522,,,,"AirGradient","AirGradient"
4902926,"Sputnik-4","pm25",23.06904188791911,"µg/m³","2025-09-09T21:00:00Z","2025-09-10T02:00:00+05:00","Asia/Tashkent",41.204655,69.232522,,,,"AirGradient","AirGradient"
4902926,"Sputnik-4","pm25",29.37458340326945,"µg/m³","2025-09-09T22:00:00Z","2025-09-10T03:00:00+05:00","Asia/Tashkent",41.204655,69.232522,,,,"AirGradient","AirGradient"
4902926,"Sputnik-4","pm25",33.35212484995524,"µg/m³","2025-09-09T23:00:00Z","2025-09-10T04:00:00+05:00","Asia/Tashkent",41.204655,69.232522,,,,"AirGradient","AirGradient"
4902926,"Sputnik-4","pm25",36.28166643778483,"µg/m³","2025-09-10T00:00:00Z","2025-09-10T05:00:00+05:00","Asia/Tashkent",41.204655,69.232522,,,,"AirGradient","AirGradient"
4902926,"Sputnik-4","pm25",25.617000102996826,"µg/m³","2025-09-10T01:00:00Z","2025-09-10T06:00:00+05:00","Asia/Tashkent",41.204655,69.232522,,,,"AirGradient","AirGradient"
4902926,"Sputnik-4","pm25",15.582833290100098,"µg/m³","2025-09-10T02:00:00Z","2025-09-10T07:00:00+05:00","Asia/Tashkent",41.204655,69.232522,,,,"AirGradient","AirGradient"
4902926,"Sputnik-4","pm25",39.70974985758463,"µg/m³","2025-09-10T03:00:00Z","2025-09-10T08:00:00+05:00","Asia/Tashkent",41.204655,69.232522,,,,"AirGradient","AirGradient"
4902926,"Sputnik-4","pm25",47.5426664352417,"µg/m³","2025-09-10T04:00:00Z","2025-09-10T09:00:00+05:00","Asia/Tashkent",41.204655,69.232522,,,,"AirGradient","AirGradient"
4902926,"Sputnik-4","pm25",36.73997211456299,"µg/m³","2025-09-10T05:00:00Z","2025-09-10T10:00:00+05:00","Asia/Tashkent",41.204655,69.232522,,,,"AirGradient","AirGradient"
4902926,"Sputnik-4","pm25",32.59874979654948,"µg/m³","2025-09-10T06:00:00Z","2025-09-10T11:00:00+05:00","Asia/Tashkent",41.204655,69.232522,,,,"AirGradient","AirGradient"
4902926,"Sputnik-4","pm25",21.602624893188477,"µg/m³","2025-09-10T07:00:00Z","2025-09-10T12:00:00+05:00","Asia/Tashkent",41.204655,69.232522,,,,"AirGradient","AirGradient"
4902926,"Sputnik-4","pm25",4.089666664600372,"µg/m³","2025-09-10T08:00:00Z","2025-09-10T13:00:00+05:00","Asia/Tashkent",41.204655,69.232522,,,,"AirGradient","AirGradient"
4902926,"Sputnik-4","pm25",3.299916664759318,"µg/m³","2025-09-10T09:00:00Z","2025-09-10T14:00:00+05:00","Asia/Tashkent",41.204655,69.232522,,,,"AirGradient","AirGradient"
4902926,"Sputnik-4","pm25",2.7235000133514404,"µg/m³","2025-09-10T10:00:00Z","2025-09-10T15:00:00+05:00","Asia/Tashkent",41.204655,69.232522,,,,"AirGradient","AirGradient"
4902926,"Sputnik-4","pm25",1.9162083367506664,"µg/m³","2025-09-10T11:00:00Z","2025-09-10T16:00:00+05:00","Asia/Tashkent",41.204655,69.232522,,,,"AirGradient","AirGradient"
4902926,"Sputnik-4","pm25",2.4053194522857666,"µg/m³","2025-09-10T12:00:00Z","2025-09-10T17:00:00+05:00","Asia/Tashkent",41.204655,69.232522,,,,"AirGradient","AirGradient"
4902926,"Sputnik-4","pm25",2.1974166532357535,"µg/m³","2025-09-10T13:00:00Z","2025-09-10T18:00:00+05:00","Asia/Tashkent",41.204655,69.232522,,,,"AirGradient","AirGradient"
4902926,"Sputnik-4","pm25",3.125708361466726,"µg/m³","2025-09-10T14:00:00Z","2025-09-10T19:00:00+05:00","Asia/Tashkent",41.204655,69.232522,,,,"AirGradient","AirGradient"
4902926,"Sputnik-4","pm25",8.205416639645895,"µg/m³","2025-09-10T15:00:00Z","2025-09-10T20:00:00+05:00","Asia/Tashkent",41.204655,69.232522,,,,"AirGradient","AirGradient"
4902926,"Sputnik-4","pm25",8.447472174962362,"µg/m³","2025-09-10T16:00:00Z","2025-09-10T21:00:00+05:00","Asia/Tashkent",41.204655,69.232522,,,,"AirGradient","AirGradient"
4902926,"Sputnik-4","pm25",5.486555536588033,"µg/m³","2025-09-10T17:00:00Z","2025-09-10T22:00:00+05:00","Asia/Tashkent",41.204655,69.232522,,,,"AirGradient","AirGradient"
4902926,"Sputnik-4","pm25",4.788486123085022,"µg/m³","2025-09-10T18:00:00Z","2025-09-10T23:00:00+05:00","Asia/Tashkent",41.204655,69.232522,,,,"AirGradient","AirGradient"
4902926,"Sputnik-4","pm25",4.8241249322891235,"µg/m³","2025-09-10T19:00:00Z","2025-09-11T00:00:00+05:00","Asia/Tashkent",41.204655,69.232522,,,,"AirGradient","AirGradient"
4902926,"Sputnik-4","pm25",5.529208302497864,"µg/m³","2025-09-10T20:00:00Z","2025-09-11T01:00:00+05:00","Asia/Tashkent",41.204655,69.232522,,,,"AirGradient","AirGradient"
4902926,"Sputnik-4","pm25",4.747250020503998,"µg/m³","2025-09-10T21:00:00Z","2025-09-11T02:00:00+05:00","Asia/Tashkent",41.204655,69.232522,,,,"AirGradient","AirGradient"
4902926,"Sputnik-4","pm25",5.213458240032196,"µg/m³","2025-09-10T22:00:00Z","2025-09-11T03:00:00+05:00","Asia/Tashkent",41.204655,69.232522,,,,"AirGradient","AirGradient"
4902926,"Sputnik-4","pm25",21.370458443959553,"µg/m³","2025-09-10T23:00:00Z","2025-09-11T04:00:00+05:00","Asia/Tashkent",41.204655,69.232522,,,,"AirGradient","AirGradient"
4902926,"Sputnik-4","pm25",10.887874921162924,"µg/m³","2025-09-11T00:00:00Z","2025-09-11T05:00:00+05:00","Asia/Tashkent",41.204655,69.232522,,,,"AirGradient","AirGradient"
4902926,"Sputnik-4","pm25",23.845249970753986,"µg/m³","2025-09-11T01:00:00Z","2025-09-11T06:00:00+05:00","Asia/Tashkent",41.204655,69.232522,,,,"AirGradient","AirGradient"
4902926,"Sputnik-4","pm25",19.675416707992554,"µg/m³","2025-09-11T02:00:00Z","2025-09-11T07:00:00+05:00","Asia/Tashkent",41.204655,69.232522,,,,"AirGradient","AirGradient"
4902926,"Sputnik-4","pm25",11.077624797821045,"µg/m³","2025-09-11T03:00:00Z","2025-09-11T08:00:00+05:00","Asia/Tashkent",41.204655,69.232522,,,,"AirGradient","AirGradient"
4902926,"Sputnik-4","pm25",18.138166745503742,"µg/m³","2025-09-11T04:00:00Z","2025-09-11T09:00:00+05:00","Asia/Tashkent",41.204655,69.232522,,,,"AirGradient","AirGradient"
4902926,"Sputnik-4","pm25",11.166541735331217,"µg/m³","2025-09-11T05:00:00Z","2025-09-11T10:00:00+05:00","Asia/Tashkent",41.204655,69.232522,,,,"AirGradient","AirGradient"
4902926,"Sputnik-4","pm25",1.2812222242355347,"µg/m³","2025-09-11T06:00:00Z","2025-09-11T11:00:00+05:00","Asia/Tashkent",41.204655,69.232522,,,,"AirGradient","AirGradient"
4902926,"Sputnik-4","pm25",0.97154168287913,"µg/m³","2025-09-11T07:00:00Z","2025-09-11T12:00:00+05:00","Asia/Tashkent",41.204655,69.232522,,,,"AirGradient","AirGradient"
4902926,"Sputnik-4","pm25",1.5462361226479213,"µg/m³","2025-09-11T08:00:00Z","2025-09-11T13:00:00+05:00","Asia/Tashkent",41.204655,69.232522,,,,"AirGradient","AirGradient"
4902926,"Sputnik-4","pm25",1.920791670680046,"µg/m³","2025-09-11T09:00:00Z","2025-09-11T14:00:00+05:00","Asia/Tashkent",41.204655,69.232522,,,,"AirGradient","AirGradient"
4902926,"Sputnik-4","pm25",0.9018611212571462,"µg/m³","2025-09-11T10:00:00Z","2025-09-11T15:00:00+05:00","Asia/Tashkent",41.204655,69.232522,,,,"AirGradient","AirGradient"
4902926,"Sputnik-4","pm25",0.7278333442906538,"µg/m³","2025-09-11T11:00:00Z","2025-09-11T16:00:00+05:00","Asia/Tashkent",41.204655,69.232522,,,,"AirGradient","AirGradient"
4902926,"Sputnik-4","pm25",0.9569583336512247,"µg/m³","2025-09-11T12:00:00Z","2025-09-11T17:00:00+05:00","Asia/Tashkent",41.204655,69.232522,,,,"AirGradient","AirGradient"
4902926,"Sputnik-4","pm25",1.7681666711966197,"µg/m³","2025-09-11T13:00:00Z","2025-09-11T18:00:00+05:00","Asia/Tashkent",41.204655,69.232522,,,,"AirGradient","AirGradient"
4902926,"Sputnik-4","pm25",3.018750011920929,"µg/m³","2025-09-11T14:00:00Z","2025-09-11T19:00:00+05:00","Asia/Tashkent",41.204655,69.232522,,,,"AirGradient","AirGradient"
4902926,"Sputnik-4","pm25",4.455791691939036,"µg/m³","2025-09-11T15:00:00Z","2025-09-11T20:00:00+05:00","Asia/Tashkent",41.204655,69.232522,,,,"AirGradient","AirGradient"
4902926,"Sputnik-4","pm25",5.5952500104904175,"µg/m³","2025-09-11T16:00:00Z","2025-09-11T21:00:00+05:00","Asia/Tashkent",41.204655,69.232522,,,,"AirGradient","AirGradient"
4902926,"Sputnik-4","pm25",6.1133750677108765,"µg/m³","2025-09-11T17:00:00Z","2025-09-11T22:00:00+05:00","Asia/Tashkent",41.204655,69.232522,,,,"AirGradient","AirGradient"
4902926,"Sputnik-4","pm25",8.239875078201294,"µg/m³","2025-09-11T18:00:00Z","2025-09-11T23:00:00+05:00","Asia/Tashkent",41.204655,69.232522,,,,"AirGradient","AirGradient"
4902926,"Sputnik-4","pm25",8.119375030199686,"µg/m³","2025-09-11T19:00:00Z","2025-09-12T00:00:00+05:00","Asia/Tashkent",41.204655,69.232522,,,,"AirGradient","AirGradient"
4902926,"Sputnik-4","pm25",10.591333230336508,"µg/m³","2025-09-11T20:00:00Z","2025-09-12T01:00:00+05:00","Asia/Tashkent",41.204655,69.232522,,,,"AirGradient","AirGradient"
4902926,"Sputnik-4","pm25",14.609083414077759,"µg/m³","2025-09-11T21:00:00Z","2025-09-12T02:00:00+05:00","Asia/Tashkent",41.204655,69.232522,,,,"AirGradient","AirGradient"
4902926,"Sputnik-4","pm25",15.217166821161905,"µg/m³","2025-09-11T22:00:00Z","2025-09-12T03:00:00+05:00","Asia/Tashkent",41.204655,69.232522,,,,"AirGradient","AirGradient"
4902926,"Sputnik-4","pm25",29.217833201090496,"µg/m³","2025-09-11T23:00:00Z","2025-09-12T04:00:00+05:00","Asia/Tashkent",41.204655,69.232522,,,,"AirGradient","AirGradient"
4902926,"Sputnik-4","pm25",35.85312477747599,"µg/m³","2025-09-12T00:00:00Z","2025-09-12T05:00:00+05:00","Asia/Tashkent",41.204655,69.232522,,,,"AirGradient","AirGradient"
4902926,"Sputnik-4","pm25",32.59804153442383,"µg/m³","2025-09-12T01:00:00Z","2025-09-12T06:00:00+05:00","Asia/Tashkent",41.204655,69.232522,,,,"AirGradient","AirGradient"
4902926,"Sputnik-4","pm25",36.43104203542074,"µg/m³","2025-09-12T02:00:00Z","2025-09-12T07:00:00+05:00","Asia/Tashkent",41.204655,69.232522,,,,"AirGradient","AirGradient"
4902926,"Sputnik-4","pm25",35.720249811808266,"µg/m³","2025-09-12T03:00:00Z","2025-09-12T08:00:00+05:00","Asia/Tashkent",41.204655,69.232522,,,,"AirGradient","AirGradient"
4902926,"Sputnik-4","pm25",36.893402417500816,"µg/m³","2025-09-12T04:00:00Z","2025-09-12T09:00:00+05:00","Asia/Tashkent",41.204655,69.232522,,,,"AirGradient","AirGradient"
4902926,"Sputnik-4","pm25",31.30329163869222,"µg/m³","2025-09-12T05:00:00Z","2025-09-12T10:00:00+05:00","Asia/Tashkent",41.204655,69.232522,,,,"AirGradient","AirGradient"
4902926,"Sputnik-4","pm25",27.21216646830241,"µg/m³","2025-09-12T06:00:00Z","2025-09-12T11:00:00+05:00","Asia/Tashkent",41.204655,69.232522,,,,"AirGradient","AirGradient"
4902926,"Sputnik-4","pm25",22.937236150105793,"µg/m³","2025-09-12T07:00:00Z","2025-09-12T12:00:00+05:00","Asia/Tashkent",41.204655,69.232522,,,,"AirGradient","AirGradient"
4902926,"Sputnik-4","pm25",20.83958339691162,"µg/m³","2025-09-12T08:00:00Z","2025-09-12T13:00:00+05:00","Asia/Tashkent",41.204655,69.232522,,,,"AirGradient","AirGradient"
4902926,"Sputnik-4","pm25",14.64020816485087,"µg/m³","2025-09-12T09:00:00Z","2025-09-12T14:00:00+05:00","Asia/Tashkent",41.204655,69.232522,,,,"AirGradient","AirGradient"
4902926,"Sputnik-4","pm25",8.344708363215128,"µg/m³","2025-09-12T10:00:00Z","2025-09-12T15:00:00+05:00","Asia/Tashkent",41.204655,69.232522,,,,"AirGradient","AirGradient"
4902926,"Sputnik-4","pm25",3.98054168621699,"µg/m³","2025-09-12T11:00:00Z","2025-09-12T16:00:00+05:00","Asia/Tashkent",41.204655,69.232522,,,,"AirGradient","AirGradient"
4902926,"Sputnik-4","pm25",2.3710555334885917,"µg/m³","2025-09-12T12:00:00Z","2025-09-12T17:00:00+05:00","Asia/Tashkent",41.204655,69.232522,,,,"AirGradient","AirGradient"
4902926,"Sputnik-4","pm25",4.1859583258628845,"µg/m³","2025-09-12T13:00:00Z","2025-09-12T18:00:00+05:00","Asia/Tashkent",41.204655,69.232522,,,,"AirGradient","AirGradient"
4902926,"Sputnik-4","pm25",4.651374995708466,"µg/m³","2025-09-12T14:00:00Z","2025-09-12T19:00:00+05:00","Asia/Tashkent",41.204655,69.232522,,,,"AirGradient","AirGradient"
4902926,"Sputnik-4","pm25",10.14626399676005,"µg/m³","2025-09-12T15:00:00Z","2025-09-12T20:00:00+05:00","Asia/Tashkent",41.204655,69.232522,,,,"AirGradient","AirGradient"
4902926,"Sputnik-4","pm25",19.387333154678345,"µg/m³","2025-09-12T16:00:00Z","2025-09-12T21:00:00+05:00","Asia/Tashkent",41.204655,69.232522,,,,"AirGradient","AirGradient"
4902926,"Sputnik-4","pm25",23.289458592732746,"µg/m³","2025-09-12T17:00:00Z","2025-09-12T22:00:00+05:00","Asia/Tashkent",41.204655,69.232522,,,,"AirGradient","AirGradient"
4902926,"Sputnik-4","pm25",34.04366652170817,"µg/m³","2025-09-12T18:00:00Z","2025-09-12T23:00:00+05:00","Asia/Tashkent",41.204655,69.232522,,,,"AirGradient","AirGradient"
4902926,"Sputnik-4","pm25",46.89187494913737,"µg/m³","2025-09-12T19:00:00Z","2025-09-13T00:00:00+05:00","Asia/Tashkent",41.204655,69.232522,,,,"AirGradient","AirGradient"
4902926,"Sputnik-4","pm25",47.37350050608317,"µg/m³","2025-09-12T20:00:00Z","2025-09-13T01:00:00+05:00","Asia/Tashkent",41.204655,69.232522,,,,"AirGradient","AirGradient"
4902926,"Sputnik-4","pm25",41.59516684214274,"µg/m³","2025-09-12T21:00:00Z","2025-09-13T02:00:00+05:00","Asia/Tashkent",41.204655,69.232522,,,,"AirGradient","AirGradient"
4902926,"Sputnik-4","pm25",39.02729161580404,"µg/m³","2025-09-12T22:00:00Z","2025-09-13T03:00:00+05:00","Asia/Tashkent",41.204655,69.232522,,,,"AirGradient","AirGradient"
4902926,"Sputnik-4","pm25",33.01699988047282,"µg/m³","2025-09-12T23:00:00Z","2025-09-13T04:00:00+05:00","Asia/Tashkent",41.204655,69.232522,,,,"AirGradient","AirGradient"
4902926,"Sputnik-4","pm25",30.197583039601643,"µg/m³","2025-09-13T00:00:00Z","2025-09-13T05:00:00+05:00","Asia/Tashkent",41.204655,69.232522,,,,"AirGradient","AirGradient"
4902926,"Sputnik-4","pm25",30.51395845413208,"µg/m³","2025-09-13T01:00:00Z","2025-09-13T06:00:00+05:00","Asia/Tashkent",41.204655,69.232522,,,,"AirGradient","AirGradient"
4902926,"Sputnik-4","pm25",30.738958199818928,"µg/m³","2025-09-13T02:00:00Z","2025-09-13T07:00:00+05:00","Asia/Tashkent",41.204655,69.232522,,,,"AirGradient","AirGradient"
4902926,"Sputnik-4","pm25",33.12249994277954,"µg/m³","2025-09-13T03:00:00Z","2025-09-13T08:00:00+05:00","Asia/Tashkent",41.204655,69.232522,,,,"AirGradient","AirGradient"
4902926,"Sputnik-4","pm25",24.418805758158367,"µg/m³","2025-09-13T04:00:00Z","2025-09-13T09:00:00+05:00","Asia/Tashkent",41.204655,69.232522,,,,"AirGradient","AirGradient"
4902926,"Sputnik-4","pm25",16.58715271949768,"µg/m³","2025-09-13T05:00:00Z","2025-09-13T10:00:00+05:00","Asia/Tashkent",41.204655,69.232522,,,,"AirGradient","AirGradient"
4902926,"Sputnik-4","pm25",11.026041547457377,"µg/m³","2025-09-13T06:00:00Z","2025-09-13T11:00:00+05:00","Asia/Tashkent",41.204655,69.232522,,,,"AirGradient","AirGradient"
4902926,"Sputnik-4","pm25",11.970916708310446,"µg/m³","2025-09-13T07:00:00Z","2025-09-13T12:00:00+05:00","Asia/Tashkent",41.204655,69.232522,,,,"AirGradient","AirGradient"
4902926,"Sputnik-4","pm25",20.300166606903076,"µg/m³","2025-09-13T08:00:00Z","2025-09-13T13:00:00+05:00","Asia/Tashkent",41.204655,69.232522,,,,"AirGradient","AirGradient"
4902926,"Sputnik-4","pm25",27.797666867574055,"µg/m³","2025-09-13T09:00:00Z","2025-09-13T14:00:00+05:00","Asia/Tashkent",41.204655,69.232522,,,,"AirGradient","AirGradient"
4902926,"Sputnik-4","pm25",24.990249792734783,"µg/m³","2025-09-13T10:00:00Z","2025-09-13T15:00:00+05:00","Asia/Tashkent",41.204655,69.232522,,,,"AirGradient","AirGradient"
4902926,"Sputnik-4","pm25",23.63248634338379,"µg/m³","2025-09-13T11:00:00Z","2025-09-13T16:00:00+05:00","Asia/Tashkent",41.204655,69.232522,,,,"AirGradient","AirGradient"
4902926,"Sputnik-4","pm25",4.702666670084,"µg/m³","2025-09-13T12:00:00Z","2025-09-13T17:00:00+05:00","Asia/Tashkent",41.204655,69.232522,,,,"AirGradient","AirGradient"
4902926,"Sputnik-4","pm25",2.2253750016291938,"µg/m³","2025-09-13T13:00:00Z","2025-09-13T18:00:00+05:00","Asia/Tashkent",41.204655,69.232522,,,,"AirGradient","AirGradient"
4902926,"Sputnik-4","pm25",5.019208292166392,"µg/m³","2025-09-13T14:00:00Z","2025-09-13T19:00:00+05:00","Asia/Tashkent",41.204655,69.232522,,,,"AirGradient","AirGradient"
4902926,"Sputnik-4","pm25",14.975708405176798,"µg/m³","2025-09-13T15:00:00Z","2025-09-13T20:00:00+05:00","Asia/Tashkent",41.204655,69.232522,,,,"AirGradient","AirGradient"
4902926,"Sputnik-4","pm25",20.625166416168213,"µg/m³","2025-09-13T16:00:00Z","2025-09-13T21:00:00+05:00","Asia/Tashkent",41.204655,69.232522,,,,"AirGradient","AirGradient"
4902926,"Sputnik-4","pm25",20.768083254496258,"µg/m³","2025-09-13T17:00:00Z","2025-09-13T22:00:00+05:00","Asia/Tashkent",41.204655,69.232522,,,,"AirGradient","AirGradient"
4902926,"Sputnik-4","pm25",23.196667035420734,"µg/m³","2025-09-13T18:00:00Z","2025-09-13T23:00:00+05:00","Asia/Tashkent",41.204655,69.232522,,,,"AirGradient","AirGradient"
4902926,"Sputnik-4","pm25",30.960958162943523,"µg/m³","2025-09-13T19:00:00Z","2025-09-14T00:00:00+05:00","Asia/Tashkent",41.204655,69.232522,,,,"AirGradient","AirGradient"
4902926,"Sputnik-4","pm25",38.6935838063558,"µg/m³","2025-09-13T20:00:00Z","2025-09-14T01:00:00+05:00","Asia/Tashkent",41.204655,69.232522,,,,"AirGradient","AirGradient"
4902926,"Sputnik-4","pm25",37.86787414550781,"µg/m³","2025-09-13T21:00:00Z","2025-09-14T02:00:00+05:00","Asia/Tashkent",41.204655,69.232522,,,,"AirGradient","AirGradient"
4902926,"Sputnik-4","pm25",40.60570844014486,"µg/m³","2025-09-13T22:00:00Z","2025-09-14T03:00:00+05:00","Asia/Tashkent",41.204655,69.232522,,,,"AirGradient","AirGradient"
4902926,"Sputnik-4","pm25",43.279917081197105,"µg/m³","2025-09-13T23:00:00Z","2025-09-14T04:00:00+05:00","Asia/Tashkent",41.204655,69.232522,,,,"AirGradient","AirGradient"
4902926,"Sputnik-4","pm25",53.74150021870931,"µg/m³","2025-09-14T00:00:00Z","2025-09-14T05:00:00+05:00","Asia/Tashkent",41.204655,69.232522,,,,"AirGradient","AirGradient"
4902926,"Sputnik-4","pm25",43.66195869445801,"µg/m³","2025-09-14T01:00:00Z","2025-09-14T06:00:00+05:00","Asia/Tashkent",41.204655,69.232522,,,,"AirGradient","AirGradient"
4902926,"Sputnik-4","pm25",37.55200004577637,"µg/m³","2025-09-14T02:00:00Z","2025-09-14T07:00:00+05:00","Asia/Tashkent",41.204655,69.232522,,,,"AirGradient","AirGradient"
4902926,"Sputnik-4","pm25",39.82633304595947,"µg/m³","2025-09-14T03:00:00Z","2025-09-14T08:00:00+05:00","Asia/Tashkent",41.204655,69.232522,,,,"AirGradient","AirGradient"
4902926,"Sputnik-4","pm25",35.963791847229004,"µg/m³","2025-09-14T04:00:00Z","2025-09-14T09:00:00+05:00","Asia/Tashkent",41.204655,69.232522,,,,"AirGradient","AirGradient"
4902926,"Sputnik-4","pm25",29.975749969482422,"µg/m³","2025-09-14T05:00:00Z","2025-09-14T10:00:00+05:00","Asia/Tashkent",41.204655,69.232522,,,,"AirGradient","AirGradient"
4902926,"Sputnik-4","pm25",21.368611176808674,"µg/m³","2025-09-14T06:00:00Z","2025-09-14T11:00:00+05:00","Asia/Tashkent",41.204655,69.232522,,,,"AirGradient","AirGradient"
4902926,"Sputnik-4","pm25",16.027000029881794,"µg/m³","2025-09-14T07:00:00Z","2025-09-14T12:00:00+05:00","Asia/Tashkent",41.204655,69.232522,,,,"AirGradient","AirGradient"
4902926,"Sputnik-4","pm25",13.64742409099232,"µg/m³","2025-09-14T08:00:00Z","2025-09-14T13:00:00+05:00","Asia/Tashkent",41.204655,69.232522,,,,"AirGradient","AirGradient"
4902926,"Sputnik-4","pm25",16.93445833524068,"µg/m³","2025-09-14T09:00:00Z","2025-09-14T14:00:00+05:00","Asia/Tashkent",41.204655,69.232522,,,,"AirGradient","AirGradient"
4902926,"Sputnik-4","pm25",9.49293065071106,"µg/m³","2025-09-14T10:00:00Z","2025-09-14T15:00:00+05:00","Asia/Tashkent",41.204655,69.232522,,,,"AirGradient","AirGradient"
4902926,"Sputnik-4","pm25",9.3578333457311,"µg/m³","2025-09-14T11:00:00Z","2025-09-14T16:00:00+05:00","Asia/Tashkent",41.204655,69.232522,,,,"AirGradient","AirGradient"
4902926,"Sputnik-4","pm25",6.297625025113423,"µg/m³","2025-09-14T12:00:00Z","2025-09-14T17:00:00+05:00","Asia/Tashkent",41.204655,69.232522,,,,"AirGradient","AirGradient"
4902926,"Sputnik-4","pm25",6.7595417102177935,"µg/m³","2025-09-14T13:00:00Z","2025-09-14T18:00:00+05:00","Asia/Tashkent",41.204655,69.232522,,,,"AirGradient","AirGradient"
4902926,"Sputnik-4","pm25",20.285249789555866,"µg/m³","2025-09-14T14:00:00Z","2025-09-14T19:00:00+05:00","Asia/Tashkent",41.204655,69.232522,,,,"AirGradient","AirGradient"
4902926,"Sputnik-4","pm25",41.201250076293945,"µg/m³","2025-09-14T15:00:00Z","2025-09-14T20:00:00+05:00","Asia/Tashkent",41.204655,69.232522,,,,"AirGradient","AirGradient"
4902926,"Sputnik-4","pm25",36.61700026194254,"µg/m³","2025-09-14T16:00:00Z","2025-09-14T21:00:00+05:00","Asia/Tashkent",41.204655,69.232522,,,,"AirGradient","AirGradient"
4902926,"Sputnik-4","pm25",28.006111303965252,"µg/m³","2025-09-14T17:00:00Z","2025-09-14T22:00:00+05:00","Asia/Tashkent",41.204655,69.232522,,,,"AirGradient","AirGradient"
4902926,"Sputnik-4","pm25",17.63016653060913,"µg/m³","2025-09-14T18:00:00Z","2025-09-14T23:00:00+05:00","Asia/Tashkent",41.204655,69.232522,,,,"AirGradient","AirGradient"
4902926,"Sputnik-4","pm25",21.592250029246014,"µg/m³","2025-09-14T19:00:00Z","2025-09-15T00:00:00+05:00","Asia/Tashkent",41.204655,69.232522,,,,"AirGradient","AirGradient"
4902926,"Sputnik-4","pm25",35.73504161834717,"µg/m³","2025-09-14T20:00:00Z","2025-09-15T01:00:00+05:00","Asia/Tashkent",41.204655,69.232522,,,,"AirGradient","AirGradient"
4902926,"Sputnik-4","pm25",44.72816721598307,"µg/m³","2025-09-14T21:00:00Z","2025-09-15T02:00:00+05:00","Asia/Tashkent",41.204655,69.232522,,,,"AirGradient","AirGradient"
4902926,"Sputnik-4","pm25",42.83829148610433,"µg/m³","2025-09-14T22:00:00Z","2025-09-15T03:00:00+05:00","Asia/Tashkent",41.204655,69.232522,,,,"AirGradient","AirGradient"
4902926,"Sputnik-4","pm25",41.45566622416178,"µg/m³","2025-09-14T23:00:00Z","2025-09-15T04:00:00+05:00","Asia/Tashkent",41.204655,69.232522,,,,"AirGradient","AirGradient"
4902926,"Sputnik-4","pm25",34.56359736124674,"µg/m³","2025-09-15T00:00:00Z","2025-09-15T05:00:00+05:00","Asia/Tashkent",41.204655,69.232522,,,,"AirGradient","AirGradient"
4902926,"Sputnik-4","pm25",32.320833683013916,"µg/m³","2025-09-15T01:00:00Z","2025-09-15T06:00:00+05:00","Asia/Tashkent",41.204655,69.232522,,,,"AirGradient","AirGradient"
4902926,"Sputnik-4","pm25",36.92891629536947,"µg/m³","2025-09-15T02:00:00Z","2025-09-15T07:00:00+05:00","Asia/Tashkent",41.204655,69.232522,,,,"AirGradient","AirGradient"
4902926,"Sputnik-4","pm25",34.94424978892008,"µg/m³","2025-09-15T03:00:00Z","2025-09-15T08:00:00+05:00","Asia/Tashkent",41.204655,69.232522,,,,"AirGradient","AirGradient"
4902926,"Sputnik-4","pm25",30.979541460673016,"µg/m³","2025-09-15T04:00:00Z","2025-09-15T09:00:00+05:00","Asia/Tashkent",41.204655,69.232522,,,,"AirGradient","AirGradient"
4902926,"Sputnik-4","pm25",12.281291762987772,"µg/m³","2025-09-15T05:00:00Z","2025-09-15T10:00:00+05:00","Asia/Tashkent",41.204655,69.232522,,,,"AirGradient","AirGradient"
4902926,"Sputnik-4","pm25",6.405749956766765,"µg/m³","2025-09-15T06:00:00Z","2025-09-15T11:00:00+05:00","Asia/Tashkent",41.204655,69.232522,,,,"AirGradient","AirGradient"
4902926,"Sputnik-4","pm25",5.1388750076293945,"µg/m³","2025-09-15T07:00:00Z","2025-09-15T12:00:00+05:00","Asia/Tashkent",41.204655,69.232522,,,,"AirGradient","AirGradient"
4902926,"Sputnik-4","pm25",4.913375000158946,"µg/m³","2025-09-15T08:00:00Z","2025-09-15T13:00:00+05:00","Asia/Tashkent",41.204655,69.232522,,,,"AirGradient","AirGradient"
4902926,"Sputnik-4","pm25",5.692888915538788,"µg/m³","2025-09-15T09:00:00Z","2025-09-15T14:00:00+05:00","Asia/Tashkent",41.204655,69.232522,,,,"AirGradient","AirGradient"
4902926,"Sputnik-4","pm25",4.510305563608806,"µg/m³","2025-09-15T10:00:00Z","2025-09-15T15:00:00+05:00","Asia/Tashkent",41.204655,69.232522,,,,"AirGradient","AirGradient"
4902926,"Sputnik-4","pm25",6.89366673429807,"µg/m³","2025-09-15T11:00:00Z","2025-09-15T16:00:00+05:00","Asia/Tashkent",41.204655,69.232522,,,,"AirGradient","AirGradient"
4902926,"Sputnik-4","pm25",3.20887499054273,"µg/m³","2025-09-15T12:00:00Z","2025-09-15T17:00:00+05:00","Asia/Tashkent",41.204655,69.232522,,,,"AirGradient","AirGradient"
4902926,"Sputnik-4","pm25",17.312666833400726,"µg/m³","2025-09-15T13:00:00Z","2025-09-15T18:00:00+05:00","Asia/Tashkent",41.204655,69.232522,,,,"AirGradient","AirGradient"
4902926,"Sputnik-4","pm25",20.092458367347717,"µg/m³","2025-09-15T14:00:00Z","2025-09-15T19:00:00+05:00","Asia/Tashkent",41.204655,69.232522,,,,"AirGradient","AirGradient"
4902926,"Sputnik-4","pm25",8.675458312034607,"µg/m³","2025-09-15T15:00:00Z","2025-09-15T20:00:00+05:00","Asia/Tashkent",41.204655,69.232522,,,,"AirGradient","AirGradient"
4902926,"Sputnik-4","pm25",6.417416642109553,"µg/m³","2025-09-15T16:00:00Z","2025-09-15T21:00:00+05:00","Asia/Tashkent",41.204655,69.232522,,,,"AirGradient","AirGradient"
4902926,"Sputnik-4","pm25",2.992958351969719,"µg/m³","2025-09-15T17:00:00Z","2025-09-15T22:00:00+05:00","Asia/Tashkent",41.204655,69.232522,,,,"AirGradient","AirGradient"
4902926,"Sputnik-4","pm25",5.493333339691162,"µg/m³","2025-09-15T18:00:00Z","2025-09-15T23:00:00+05:00","Asia/Tashkent",41.204655,69.232522,,,,"AirGradient","AirGradient"
4902926,"Sputnik-4","pm25",11.732583363850912,"µg/m³","2025-09-15T19:00:00Z","2025-09-16T00:00:00+05:00","Asia/Tashkent",41.204655,69.232522,,,,"AirGradient","AirGradient"
4902926,"Sputnik-4","pm25",6.130374987920125,"µg/m³","2025-09-15T20:00:00Z","2025-09-16T01:00:00+05:00","Asia/Tashkent",41.204655,69.232522,,,,"AirGradient","AirGradient"
4902926,"Sputnik-4","pm25",12.74037512143453,"µg/m³","2025-09-15T21:00:00Z","2025-09-16T02:00:00+05:00","Asia/Tashkent",41.204655,69.232522,,,,"AirGradient","AirGradient"
4902926,"Sputnik-4","pm25",9.991041620572409,"µg/m³","2025-09-15T22:00:00Z","2025-09-16T03:00:00+05:00","Asia/Tashkent",41.204655,69.232522,,,,"AirGradient","AirGradient"
4902926,"Sputnik-4","pm25",8.154208262761435,"µg/m³","2025-09-15T23:00:00Z","2025-09-16T04:00:00+05:00","Asia/Tashkent",41.204655,69.232522,,,,"AirGradient","AirGradient"
4902926,"Sputnik-4","pm25",15.862166404724121,"µg/m³","2025-09-16T00:00:00Z","2025-09-16T05:00:00+05:00","Asia/Tashkent",41.204655,69.232522,,,,"AirGradient","AirGradient"
4902926,"Sputnik-4","pm25",42.689374923706055,"µg/m³","2025-09-16T01:00:00Z","2025-09-16T06:00:00+05:00","Asia/Tashkent",41.204655,69.232522,,,,"AirGradient","AirGradient"
4902926,"Sputnik-4","pm25",39.32437547047933,"µg/m³","2025-09-16T02:00:00Z","2025-09-16T07:00:00+05:00","Asia/Tashkent",41.204655,69.232522,,,,"AirGradient","AirGradient"
4902926,"Sputnik-4","pm25",39.01549975077311,"µg/m³","2025-09-16T03:00:00Z","2025-09-16T08:00:00+05:00","Asia/Tashkent",41.204655,69.232522,,,,"AirGradient","AirGradient"
4902926,"Sputnik-4","pm25",30.470083236694336,"µg/m³","2025-09-16T04:00:00Z","2025-09-16T09:00:00+05:00","Asia/Tashkent",41.204655,69.232522,,,,"AirGradient","AirGradient"
4902926,"Sputnik-4","pm25",11.333792010943094,"µg/m³","2025-09-16T05:00:00Z","2025-09-16T10:00:00+05:00","Asia/Tashkent",41.204655,69.232522,,,,"AirGradient","AirGradient"
4902926,"Sputnik-4","pm25",6.819541573524475,"µg/m³","2025-09-16T06:00:00Z","2025-09-16T11:00:00+05:00","Asia/Tashkent",41.204655,69.232522,,,,"AirGradient","AirGradient"
4902926,"Sputnik-4","pm25",1.648083324233691,"µg/m³","2025-09-16T07:00:00Z","2025-09-16T12:00:00+05:00","Asia/Tashkent",41.204655,69.232522,,,,"AirGradient","AirGradient"
4902926,"Sputnik-4","pm25",2.303166667620341,"µg/m³","2025-09-16T08:00:00Z","2025-09-16T13:00:00+05:00","Asia/Tashkent",41.204655,69.232522,,,,"AirGradient","AirGradient"
4902926,"Sputnik-4","pm25",0.8915694542229176,"µg/m³","2025-09-16T09:00:00Z","2025-09-16T14:00:00+05:00","Asia/Tashkent",41.204655,69.232522,,,,"AirGradient","AirGradient"
4902926,"Sputnik-4","pm25",0.3153333303829034,"µg/m³","2025-09-16T10:00:00Z","2025-09-16T15:00:00+05:00","Asia/Tashkent",41.204655,69.232522,,,,"AirGradient","AirGradient"
4902926,"Sputnik-4","pm25",0.7586249988526106,"µg/m³","2025-09-16T11:00:00Z","2025-09-16T16:00:00+05:00","Asia/Tashkent",41.204655,69.232522,,,,"AirGradient","AirGradient"
4902926,"Sputnik-4","pm25",5.252319353322188,"µg/m³","2025-09-16T12:00:00Z","2025-09-16T17:00:00+05:00","Asia/Tashkent",41.204655,69.232522,,,,"AirGradient","AirGradient"
4902926,"Sputnik-4","pm25",0.4952083465953668,"µg/m³","2025-09-16T13:00:00Z","2025-09-16T18:00:00+05:00","Asia/Tashkent",41.204655,69.232522,,,,"AirGradient","AirGradient"
4902926,"Sputnik-4","pm25",3.6187638441721597,"µg/m³","2025-09-16T14:00:00Z","2025-09-16T19:00:00+05:00","Asia/Tashkent",41.204655,69.232522,,,,"AirGradient","AirGradient"
4902926,"Sputnik-4","pm25",11.352055549621582,"µg/m³","2025-09-16T15:00:00Z","2025-09-16T20:00:00+05:00","Asia/Tashkent",41.204655,69.232522,,,,"AirGradient","AirGradient"
4902926,"Sputnik-4","pm25",9.062291701634726,"µg/m³","2025-09-16T16:00:00Z","2025-09-16T21:00:00+05:00","Asia/Tashkent",41.204655,69.232522,,,,"AirGradient","AirGradient"
4902926,"Sputnik-4","pm25",7.605916698773702,"µg/m³","2025-09-16T17:00:00Z","2025-09-16T22:00:00+05:00","Asia/Tashkent",41.204655,69.232522,,,,"AirGradient","AirGradient"
4902926,"Sputnik-4","pm25",5.9219028155008955,"µg/m³","2025-09-16T18:00:00Z","2025-09-16T23:00:00+05:00","Asia/Tashkent",41.204655,69.232522,,,,"AirGradient","AirGradient"
4902926,"Sputnik-4","pm25",18.766861081123352,"µg/m³","2025-09-16T19:00:00Z","2025-09-17T00:00:00+05:00","Asia/Tashkent",41.204655,69.232522,,,,"AirGradient","AirGradient"
4902926,"Sputnik-4","pm25",11.1626249452432,"µg/m³","2025-09-16T20:00:00Z","2025-09-17T01:00:00+05:00","Asia/Tashkent",41.204655,69.232522,,,,"AirGradient","AirGradient"
4902926,"Sputnik-4","pm25",3.080666661262512,"µg/m³","2025-09-16T21:00:00Z","2025-09-17T02:00:00+05:00","Asia/Tashkent",41.204655,69.232522,,,,"AirGradient","AirGradient"
4902926,"Sputnik-4","pm25",4.903652727603912,"µg/m³","2025-09-16T22:00:00Z","2025-09-17T03:00:00+05:00","Asia/Tashkent",41.204655,69.232522,,,,"AirGradient","AirGradient"
4902926,"Sputnik-4","pm25",3.9110833406448364,"µg/m³","2025-09-16T23:00:00Z","2025-09-17T04:00:00+05:00","Asia/Tashkent",41.204655,69.232522,,,,"AirGradient","AirGradient"
4902926,"Sputnik-4","pm25",2.9330000281333923,"µg/m³","2025-09-17T00:00:00Z","2025-09-17T05:00:00+05:00","Asia/Tashkent",41.204655,69.232522,,,,"AirGradient","AirGradient"
4902926,"Sputnik-4","pm25",6.91866664091746,"µg/m³","2025-09-17T01:00:00Z","2025-09-17T06:00:00+05:00","Asia/Tashkent",41.204655,69.232522,,,,"AirGradient","AirGradient"
4902926,"Sputnik-4","pm25",9.688583453496298,"µg/m³","2025-09-17T02:00:00Z","2025-09-17T07:00:00+05:00","Asia/Tashkent",41.204655,69.232522,,,,"AirGradient","AirGradient"
4902926,"Sputnik-4","pm25",18.324583371480305,"µg/m³","2025-09-17T03:00:00Z","2025-09-17T08:00:00+05:00","Asia/Tashkent",41.204655,69.232522,,,,"AirGradient","AirGradient"
4902926,"Sputnik-4","pm25",11.054513851801554,"µg/m³","2025-09-17T04:00:00Z","2025-09-17T09:00:00+05:00","Asia/Tashkent",41.204655,69.232522,,,,"AirGradient","AirGradient"
4902926,"Sputnik-4","pm25",5.362958304584026,"µg/m³","2025-09-17T05:00:00Z","2025-09-17T10:00:00+05:00","Asia/Tashkent",41.204655,69.232522,,,,"AirGradient","AirGradient"
4902926,"Sputnik-4","pm25",1.109611101448536,"µg/m³","2025-09-17T06:00:00Z","2025-09-17T11:00:00+05:00","Asia/Tashkent",41.204655,69.232522,,,,"AirGradient","AirGradient"
4902926,"Sputnik-4","pm25",1.5801944434642792,"µg/m³","2025-09-17T07:00:00Z","2025-09-17T12:00:00+05:00","Asia/Tashkent",41.204655,69.232522,,,,"AirGradient","AirGradient"
4902926,"Sputnik-4","pm25",2.592472235361735,"µg/m³","2025-09-17T08:00:00Z","2025-09-17T13:00:00+05:00","Asia/Tashkent",41.204655,69.232522,,,,"AirGradient","AirGradient"
4902926,"Sputnik-4","pm25",2.414833347002665,"µg/m³","2025-09-17T09:00:00Z","2025-09-17T14:00:00+05:00","Asia/Tashkent",41.204655,69.232522,,,,"AirGradient","AirGradient"
4902926,"Sputnik-4","pm25",1.6033750077088673,"µg/m³","2025-09-17T10:00:00Z","2025-09-17T15:00:00+05:00","Asia/Tashkent",41.204655,69.232522,,,,"AirGradient","AirGradient"
4902926,"Sputnik-4","pm25",0.7880138891438643,"µg/m³","2025-09-17T11:00:00Z","2025-09-17T16:00:00+05:00","Asia/Tashkent",41.204655,69.232522,,,,"AirGradient","AirGradient"
4902926,"Sputnik-4","pm25",0.6763333324342966,"µg/m³","2025-09-17T12:00:00Z","2025-09-17T17:00:00+05:00","Asia/Tashkent",41.204655,69.232522,,,,"AirGradient","AirGradient"
4902926,"Sputnik-4","pm25",0.5585416623701652,"µg/m³","2025-09-17T13:00:00Z","2025-09-17T18:00:00+05:00","Asia/Tashkent",41.204655,69.232522,,,,"AirGradient","AirGradient"
4902926,"Sputnik-4","pm25",1.9762500127156575,"µg/m³","2025-09-17T14:00:00Z","2025-09-17T19:00:00+05:00","Asia/Tashkent",41.204655,69.232522,,,,"AirGradient","AirGradient"
4902926,"Sputnik-4","pm25",5.584291656812032,"µg/m³","2025-09-17T15:00:00Z","2025-09-17T20:00:00+05:00","Asia/Tashkent",41.204655,69.232522,,,,"AirGradient","AirGradient"
4902926,"Sputnik-4","pm25",3.5097916622956595,"µg/m³","2025-09-17T16:00:00Z","2025-09-17T21:00:00+05:00","Asia/Tashkent",41.204655,69.232522,,,,"AirGradient","AirGradient"
4902926,"Sputnik-4","pm25",3.472416639328003,"µg/m³","2025-09-17T17:00:00Z","2025-09-17T22:00:00+05:00","Asia/Tashkent",41.204655,69.232522,,,,"AirGradient","AirGradient"
4902926,"Sputnik-4","pm25",4.868749976158142,"µg/m³","2025-09-17T18:00:00Z","2025-09-17T23:00:00+05:00","Asia/Tashkent",41.204655,69.232522,,,,"AirGradient","AirGradient"
4902926,"Sputnik-4","pm25",6.708958387374878,"µg/m³","2025-09-17T19:00:00Z","2025-09-18T00:00:00+05:00","Asia/Tashkent",41.204655,69.232522,,,,"AirGradient","AirGradient"
4902926,"Sputnik-4","pm25",5.249374985694885,"µg/m³","2025-09-17T20:00:00Z","2025-09-18T01:00:00+05:00","Asia/Tashkent",41.204655,69.232522,,,,"AirGradient","AirGradient"
4902926,"Sputnik-4","pm25",8.433583498001099,"µg/m³","2025-09-17T21:00:00Z","2025-09-18T02:00:00+05:00","Asia/Tashkent",41.204655,69.232522,,,,"AirGradient","AirGradient"
4902926,"Sputnik-4","pm25",8.432583411534628,"µg/m³","2025-09-17T22:00:00Z","2025-09-18T03:00:00+05:00","Asia/Tashkent",41.204655,69.232522,,,,"AirGradient","AirGradient"
4902926,"Sputnik-4","pm25",7.853291630744934,"µg/m³","2025-09-17T23:00:00Z","2025-09-18T04:00:00+05:00","Asia/Tashkent",41.204655,69.232522,,,,"AirGradient","AirGradient"
4902926,"Sputnik-4","pm25",10.05899985631307,"µg/m³","2025-09-18T00:00:00Z","2025-09-18T05:00:00+05:00","Asia/Tashkent",41.204655,69.232522,,,,"AirGradient","AirGradient"
4902926,"Sputnik-4","pm25",24.805694500605266,"µg/m³","2025-09-18T01:00:00Z","2025-09-18T06:00:00+05:00","Asia/Tashkent",41.204655,69.232522,,,,"AirGradient","AirGradient"
4902926,"Sputnik-4","pm25",19.274749994277954,"µg/m³","2025-09-18T02:00:00Z","2025-09-18T07:00:00+05:00","Asia/Tashkent",41.204655,69.232522,,,,"AirGradient","AirGradient"
4902926,"Sputnik-4","pm25",32.44077761967977,"µg/m³","2025-09-18T03:00:00Z","2025-09-18T08:00:00+05:00","Asia/Tashkent",41.204655,69.232522,,,,"AirGradient","AirGradient"
4902926,"Sputnik-4","pm25",40.24970817565918,"µg/m³","2025-09-18T04:00:00Z","2025-09-18T09:00:00+05:00","Asia/Tashkent",41.204655,69.232522,,,,"AirGradient","AirGradient"
4902926,"Sputnik-4","pm25",26.003402551015217,"µg/m³","2025-09-18T05:00:00Z","2025-09-18T10:00:00+05:00","Asia/Tashkent",41.204655,69.232522,,,,"AirGradient","AirGradient"
4902926,"Sputnik-4","pm25",25.89087454477946,"µg/m³","2025-09-18T06:00:00Z","2025-09-18T11:00:00+05:00","Asia/Tashkent",41.204655,69.232522,,,,"AirGradient","AirGradient"
4902926,"Sputnik-4","pm25",6.178708394368489,"µg/m³","2025-09-18T07:00:00Z","2025-09-18T12:00:00+05:00","Asia/Tashkent",41.204655,69.232522,,,,"AirGradient","AirGradient"
4902926,"Sputnik-4","pm25",2.523499995470047,"µg/m³","2025-09-18T08:00:00Z","2025-09-18T13:00:00+05:00","Asia/Tashkent",41.204655,69.232522,,,,"AirGradient","AirGradient"
4902926,"Sputnik-4","pm25",2.842500001192093,"µg/m³","2025-09-18T09:00:00Z","2025-09-18T14:00:00+05:00","Asia/Tashkent",41.204655,69.232522,,,,"AirGradient","AirGradient"
4902926,"Sputnik-4","pm25",4.539083341757457,"µg/m³","2025-09-18T10:00:00Z","2025-09-18T15:00:00+05:00","Asia/Tashkent",41.204655,69.232522,,,,"AirGradient","AirGradient"
4902926,"Sputnik-4","pm25",5.611791590849559,"µg/m³","2025-09-18T11:00:00Z","2025-09-18T16:00:00+05:00","Asia/Tashkent",41.204655,69.232522,,,,"AirGradient","AirGradient"
4902926,"Sputnik-4","pm25",1.8856805364290874,"µg/m³","2025-09-18T12:00:00Z","2025-09-18T17:00:00+05:00","Asia/Tashkent",41.204655,69.232522,,,,"AirGradient","AirGradient"
4902926,"Sputnik-4","pm25",3.223541716734568,"µg/m³","2025-09-18T13:00:00Z","2025-09-18T18:00:00+05:00","Asia/Tashkent",41.204655,69.232522,,,,"AirGradient","AirGradient"
4902926,"Sputnik-4","pm25",11.377041856447855,"µg/m³","2025-09-18T14:00:00Z","2025-09-18T19:00:00+05:00","Asia/Tashkent",41.204655,69.232522,,,,"AirGradient","AirGradient"
4902926,"Sputnik-4","pm25",18.469791730244953,"µg/m³","2025-09-18T15:00:00Z","2025-09-18T20:00:00+05:00","Asia/Tashkent",41.204655,69.232522,,,,"AirGradient","AirGradient"
4902926,"Sputnik-4","pm25",20.12695837020874,"µg/m³","2025-09-18T16:00:00Z","2025-09-18T21:00:00+05:00","Asia/Tashkent",41.204655,69.232522,,,,"AirGradient","AirGradient"
4902926,"Sputnik-4","pm25",28.743542035420734,"µg/m³","2025-09-18T17:00:00Z","2025-09-18T22:00:00+05:00","Asia/Tashkent",41.204655,69.232522,,,,"AirGradient","AirGradient"
4902926,"Sputnik-4","pm25",28.239583333333332,"µg/m³","2025-09-18T18:00:00Z","2025-09-18T23:00:00+05:00","Asia/Tashkent",41.204655,69.232522,,,,"AirGradient","AirGradient"
4902926,"Sputnik-4","pm25",21.678263902664185,"µg/m³","2025-09-18T19:00:00Z","2025-09-19T00:00:00+05:00","Asia/Tashkent",41.204655,69.232522,,,,"AirGradient","AirGradient"
4902926,"Sputnik-4","pm25",37.50458304087321,"µg/m³","2025-09-18T20:00:00Z","2025-09-19T01:00:00+05:00","Asia/Tashkent",41.204655,69.232522,,,,"AirGradient","AirGradient"
4902926,"Sputnik-4","pm25",37.81233342488607,"µg/m³","2025-09-18T21:00:00Z","2025-09-19T02:00:00+05:00","Asia/Tashkent",41.204655,69.232522,,,,"AirGradient","AirGradient"
4902926,"Sputnik-4","pm25",35.93427753448486,"µg/m³","2025-09-18T22:00:00Z","2025-09-19T03:00:00+05:00","Asia/Tashkent",41.204655,69.232522,,,,"AirGradient","AirGradient"
4902926,"Sputnik-4","pm25",39.298333485921226,"µg/m³","2025-09-18T23:00:00Z","2025-09-19T04:00:00+05:00","Asia/Tashkent",41.204655,69.232522,,,,"AirGradient","AirGradient"
4902926,"Sputnik-4","pm25",44.89329179128011,"µg/m³","2025-09-19T00:00:00Z","2025-09-19T05:00:00+05:00","Asia/Tashkent",41.204655,69.232522,,,,"AirGradient","AirGradient"
4902926,"Sputnik-4","pm25",41.81595834096273,"µg/m³","2025-09-19T01:00:00Z","2025-09-19T06:00:00+05:00","Asia/Tashkent",41.204655,69.232522,,,,"AirGradient","AirGradient"
4902926,"Sputnik-4","pm25",38.85320790608724,"µg/m³","2025-09-19T02:00:00Z","2025-09-19T07:00:00+05:00","Asia/Tashkent",41.204655,69.232522,,,,"AirGradient","AirGradient"
4902926,"Sputnik-4","pm25",38.70070838928223,"µg/m³","2025-09-19T03:00:00Z","2025-09-19T08:00:00+05:00","Asia/Tashkent",41.204655,69.232522,,,,"AirGradient","AirGradient"
4902926,"Sputnik-4","pm25",33.13550011316935,"µg/m³","2025-09-19T04:00:00Z","2025-09-19T09:00:00+05:00","Asia/Tashkent",41.204655,69.232522,,,,"AirGradient","AirGradient"
4902926,"Sputnik-4","pm25",21.74933322270711,"µg/m³","2025-09-19T05:00:00Z","2025-09-19T10:00:00+05:00","Asia/Tashkent",41.204655,69.232522,,,,"AirGradient","AirGradient"
4902926,"Sputnik-4","pm25",27.0382080078125,"µg/m³","2025-09-19T06:00:00Z","2025-09-19T11:00:00+05:00","Asia/Tashkent",41.204655,69.232522,,,,"AirGradient","AirGradient"
4902926,"Sputnik-4","pm25",20.151041666666668,"µg/m³","2025-09-19T07:00:00Z","2025-09-19T12:00:00+05:00","Asia/Tashkent",41.204655,69.232522,,,,"AirGradient","AirGradient"
4902926,"Sputnik-4","pm25",18.68358341852824,"µg/m³","2025-09-19T08:00:00Z","2025-09-19T13:00:00+05:00","Asia/Tashkent",41.204655,69.232522,,,,"AirGradient","AirGradient"
4902926,"Sputnik-4","pm25",15.605291763941446,"µg/m³","2025-09-19T09:00:00Z","2025-09-19T14:00:00+05:00","Asia/Tashkent",41.204655,69.232522,,,,"AirGradient","AirGradient"
4902926,"Sputnik-4","pm25",8.72112504641215,"µg/m³","2025-09-19T10:00:00Z","2025-09-19T15:00:00+05:00","Asia/Tashkent",41.204655,69.232522,,,,"AirGradient","AirGradient"
4902926,"Sputnik-4","pm25",5.908763845761617,"µg/m³","2025-09-19T11:00:00Z","2025-09-19T16:00:00+05:00","Asia/Tashkent",41.204655,69.232522,,,,"AirGradient","AirGradient"
4902926,"Sputnik-4","pm25",4.382763862609863,"µg/m³","2025-09-19T12:00:00Z","2025-09-19T17:00:00+05:00","Asia/Tashkent",41.204655,69.232522,,,,"AirGradient","AirGradient"
4902926,"Sputnik-4","pm25",4.348833282788594,"µg/m³","2025-09-19T13:00:00Z","2025-09-19T18:00:00+05:00","Asia/Tashkent",41.204655,69.232522,,,,"AirGradient","AirGradient"
4902926,"Sputnik-4","pm25",6.553541739781697,"µg/m³","2025-09-19T14:00:00Z","2025-09-19T19:00:00+05:00","Asia/Tashkent",41.204655,69.232522,,,,"AirGradient","AirGradient"
4902926,"Sputnik-4","pm25",18.26162513097127,"µg/m³","2025-09-19T15:00:00Z","2025-09-19T20:00:00+05:00","Asia/Tashkent",41.204655,69.232522,,,,"AirGradient","AirGradient"
4902926,"Sputnik-4","pm25",8.887999931971232,"µg/m³","2025-09-19T16:00:00Z","2025-09-19T21:00:00+05:00","Asia/Tashkent",41.204655,69.232522,,,,"AirGradient","AirGradient"
4902926,"Sputnik-4","pm25",4.204374988873799,"µg/m³","2025-09-19T17:00:00Z","2025-09-19T22:00:00+05:00","Asia/Tashkent",41.204655,69.232522,,,,"AirGradient","AirGradient"
4902926,"Sputnik-4","pm25",5.523819446563721,"µg/m³","2025-09-19T18:00:00Z","2025-09-19T23:00:00+05:00","Asia/Tashkent",41.204655,69.232522,,,,"AirGradient","AirGradient"
4902926,"Sputnik-4","pm25",14.448819518089294,"µg/m³","2025-09-19T19:00:00Z","2025-09-20T00:00:00+05:00","Asia/Tashkent",41.204655,69.232522,,,,"AirGradient","AirGradient"
4902926,"Sputnik-4","pm25",39.461250146230064,"µg/m³","2025-09-19T20:00:00Z","2025-09-20T01:00:00+05:00","Asia/Tashkent",41.204655,69.232522,,,,"AirGradient","AirGradient"
4902926,"Sputnik-4","pm25",49.37045860290527,"µg/m³","2025-09-19T21:00:00Z","2025-09-20T02:00:00+05:00","Asia/Tashkent",41.204655,69.232522,,,,"AirGradient","AirGradient"
4902926,"Sputnik-4","pm25",48.92120806376139,"µg/m³","2025-09-19T22:00:00Z","2025-09-20T03:00:00+05:00","Asia/Tashkent",41.204655,69.232522,,,,"AirGradient","AirGradient"
4902926,"Sputnik-4","pm25",35.74604193369547,"µg/m³","2025-09-19T23:00:00Z","2025-09-20T04:00:00+05:00","Asia/Tashkent",41.204655,69.232522,,,,"AirGradient","AirGradient"
4902926,"Sputnik-4","pm25",30.76545826594035,"µg/m³","2025-09-20T00:00:00Z","2025-09-20T05:00:00+05:00","Asia/Tashkent",41.204655,69.232522,,,,"AirGradient","AirGradient"
4902926,"Sputnik-4","pm25",41.7810001373291,"µg/m³","2025-09-20T01:00:00Z","2025-09-20T06:00:00+05:00","Asia/Tashkent",41.204655,69.232522,,,,"AirGradient","AirGradient"
4902926,"Sputnik-4","pm25",27.52258316675822,"µg/m³","2025-09-20T02:00:00Z","2025-09-20T07:00:00+05:00","Asia/Tashkent",41.204655,69.232522,,,,"AirGradient","AirGradient"
4902926,"Sputnik-4","pm25",27.614166736602783,"µg/m³","2025-09-20T03:00:00Z","2025-09-20T08:00:00+05:00","Asia/Tashkent",41.204655,69.232522,,,,"AirGradient","AirGradient"
4902926,"Sputnik-4","pm25",31.82183329264323,"µg/m³","2025-09-20T04:00:00Z","2025-09-20T09:00:00+05:00","Asia/Tashkent",41.204655,69.232522,,,,"AirGradient","AirGradient"
4902926,"Sputnik-4","pm25",39.13970820109049,"µg/m³","2025-09-20T05:00:00Z","2025-09-20T10:00:00+05:00","Asia/Tashkent",41.204655,69.232522,,,,"AirGradient","AirGradient"
4902926,"Sputnik-4","pm25",40.38408374786377,"µg/m³","2025-09-20T06:00:00Z","2025-09-20T11:00:00+05:00","Asia/Tashkent",41.204655,69.232522,,,,"AirGradient","AirGradient"
4902926,"Sputnik-4","pm25",37.298458417256676,"µg/m³","2025-09-20T07:00:00Z","2025-09-20T12:00:00+05:00","Asia/Tashkent",41.204655,69.232522,,,,"AirGradient","AirGradient"
4902926,"Sputnik-4","pm25",32.887207984924316,"µg/m³","2025-09-20T08:00:00Z","2025-09-20T13:00:00+05:00","Asia/Tashkent",41.204655,69.232522,,,,"AirGradient","AirGradient"
4902926,"Sputnik-4","pm25",30.67758337656657,"µg/m³","2025-09-20T09:00:00Z","2025-09-20T14:00:00+05:00","Asia/Tashkent",41.204655,69.232522,,,,"AirGradient","AirGradient"
4902926,"Sputnik-4","pm25",11.860708395640055,"µg/m³","2025-09-20T10:00:00Z","2025-09-20T15:00:00+05:00","Asia/Tashkent",41.204655,69.232522,,,,"AirGradient","AirGradient"
4902926,"Sputnik-4","pm25",10.102458357810974,"µg/m³","2025-09-20T11:00:00Z","2025-09-20T16:00:00+05:00","Asia/Tashkent",41.204655,69.232522,,,,"AirGradient","AirGradient"
4902926,"Sputnik-4","pm25",8.22391668955485,"µg/m³","2025-09-20T12:00:00Z","2025-09-20T17:00:00+05:00","Asia/Tashkent",41.204655,69.232522,,,,"AirGradient","AirGradient"
4902926,"Sputnik-4","pm25",7.395958264668782,"µg/m³","2025-09-20T13:00:00Z","2025-09-20T18:00:00+05:00","Asia/Tashkent",41.204655,69.232522,,,,"AirGradient","AirGradient"
4902926,"Sputnik-4","pm25",24.57170820236206,"µg/m³","2025-09-20T14:00:00Z","2025-09-20T19:00:00+05:00","Asia/Tashkent",41.204655,69.232522,,,,"AirGradient","AirGradient"
4902926,"Sputnik-4","pm25",35.4515274365743,"µg/m³","2025-09-20T15:00:00Z","2025-09-20T20:00:00+05:00","Asia/Tashkent",41.204655,69.232522,,,,"AirGradient","AirGradient"
4902926,"Sputnik-4","pm25",42.56708367665609,"µg/m³","2025-09-20T16:00:00Z","2025-09-20T21:00:00+05:00","Asia/Tashkent",41.204655,69.232522,,,,"AirGradient","AirGradient"
4902926,"Sputnik-4","pm25",54.9324582417806,"µg/m³","2025-09-20T17:00:00Z","2025-09-20T22:00:00+05:00","Asia/Tashkent",41.204655,69.232522,,,,"AirGradient","AirGradient"
4902926,"Sputnik-4","pm25",59.65512498219808,"µg/m³","2025-09-20T18:00:00Z","2025-09-20T23:00:00+05:00","Asia/Tashkent",41.204655,69.232522,,,,"AirGradient","AirGradient"
4902926,"Sputnik-4","pm25",44.20537503560384,"µg/m³","2025-09-20T19:00:00Z","2025-09-21T00:00:00+05:00","Asia/Tashkent",41.204655,69.232522,,,,"AirGradient","AirGradient"
4902926,"Sputnik-4","pm25",34.7036247253418,"µg/m³","2025-09-20T20:00:00Z","2025-09-21T01:00:00+05:00","Asia/Tashkent",41.204655,69.232522,,,,"AirGradient","AirGradient"
4902926,"Sputnik-4","pm25",31.3323335647583,"µg/m³","2025-09-20T21:00:00Z","2025-09-21T02:00:00+05:00","Asia/Tashkent",41.204655,69.232522,,,,"AirGradient","AirGradient"
4902926,"Sputnik-4","pm25",32.97295872370402,"µg/m³","2025-09-20T22:00:00Z","2025-09-21T03:00:00+05:00","Asia/Tashkent",41.204655,69.232522,,,,"AirGradient","AirGradient"
4902926,"Sputnik-4","pm25",46.43845780690511,"µg/m³","2025-09-20T23:00:00Z","2025-09-21T04:00:00+05:00","Asia/Tashkent",41.204655,69.232522,,,,"AirGradient","AirGradient"
4902926,"Sputnik-4","pm25",38.498958587646484,"µg/m³","2025-09-21T00:00:00Z","2025-09-21T05:00:00+05:00","Asia/Tashkent",41.204655,69.232522,,,,"AirGradient","AirGradient"
4902926,"Sputnik-4","pm25",18.628166516621906,"µg/m³","2025-09-21T01:00:00Z","2025-09-21T06:00:00+05:00","Asia/Tashkent",41.204655,69.232522,,,,"AirGradient","AirGradient"
4902926,"Sputnik-4","pm25",12.767458240191141,"µg/m³","2025-09-21T02:00:00Z","2025-09-21T07:00:00+05:00","Asia/Tashkent",41.204655,69.232522,,,,"AirGradient","AirGradient"
4902926,"Sputnik-4","pm25",15.45062518119812,"µg/m³","2025-09-21T03:00:00Z","2025-09-21T08:00:00+05:00","Asia/Tashkent",41.204655,69.232522,,,,"AirGradient","AirGradient"
4902926,"Sputnik-4","pm25",12.481319348017374,"µg/m³","2025-09-21T04:00:00Z","2025-09-21T09:00:00+05:00","Asia/Tashkent",41.204655,69.232522,,,,"AirGradient","AirGradient"
4902926,"Sputnik-4","pm25",20.472874879837036,"µg/m³","2025-09-21T05:00:00Z","2025-09-21T10:00:00+05:00","Asia/Tashkent",41.204655,69.232522,,,,"AirGradient","AirGradient"
4902926,"Sputnik-4","pm25",19.029625018437702,"µg/m³","2025-09-21T06:00:00Z","2025-09-21T11:00:00+05:00","Asia/Tashkent",41.204655,69.232522,,,,"AirGradient","AirGradient"
4902926,"Sputnik-4","pm25",26.140903155008953,"µg/m³","2025-09-21T07:00:00Z","2025-09-21T12:00:00+05:00","Asia/Tashkent",41.204655,69.232522,,,,"AirGradient","AirGradient"
4902926,"Sputnik-4","pm25",18.181541840235393,"µg/m³","2025-09-21T08:00:00Z","2025-09-21T13:00:00+05:00","Asia/Tashkent",41.204655,69.232522,,,,"AirGradient","AirGradient"
4902926,"Sputnik-4","pm25",22.283583164215088,"µg/m³","2025-09-21T09:00:00Z","2025-09-21T14:00:00+05:00","Asia/Tashkent",41.204655,69.232522,,,,"AirGradient","AirGradient"
4902926,"Sputnik-4","pm25",19.55858325958252,"µg/m³","2025-09-21T10:00:00Z","2025-09-21T15:00:00+05:00","Asia/Tashkent",41.204655,69.232522,,,,"AirGradient","AirGradient"
4902926,"Sputnik-4","pm25",48.77310028076172,"µg/m³","2025-09-21T15:00:00Z","2025-09-21T20:00:00+05:00","Asia/Tashkent",41.204655,69.232522,,,,"AirGradient","AirGradient"
4902926,"Sputnik-4","pm25",52.43337535858154,"µg/m³","2025-09-21T16:00:00Z","2025-09-21T21:00:00+05:00","Asia/Tashkent",41.204655,69.232522,,,,"AirGradient","AirGradient"
4902926,"Sputnik-4","pm25",55.49993069966634,"µg/m³","2025-09-21T17:00:00Z","2025-09-21T22:00:00+05:00","Asia/Tashkent",41.204655,69.232522,,,,"AirGradient","AirGradient"
4902926,"Sputnik-4","pm25",50.04879188537598,"µg/m³","2025-09-21T18:00:00Z","2025-09-21T23:00:00+05:00","Asia/Tashkent",41.204655,69.232522,,,,"AirGradient","AirGradient"
4902926,"Sputnik-4","pm25",47.71786117553711,"µg/m³","2025-09-21T19:00:00Z","2025-09-22T00:00:00+05:00","Asia/Tashkent",41.204655,69.232522,,,,"AirGradient","AirGradient"
4902926,"Sputnik-4","pm25",48.05069446563721,"µg/m³","2025-09-21T20:00:00Z","2025-09-22T01:00:00+05:00","Asia/Tashkent",41.204655,69.232522,,,,"AirGradient","AirGradient"
4902926,"Sputnik-4","pm25",63.8950834274292,"µg/m³","2025-09-21T21:00:00Z","2025-09-22T02:00:00+05:00","Asia/Tashkent",41.204655,69.232522,,,,"AirGradient","AirGradient"
4902926,"Sputnik-4","pm25",58.272083600362144,"µg/m³","2025-09-21T22:00:00Z","2025-09-22T03:00:00+05:00","Asia/Tashkent",41.204655,69.232522,,,,"AirGradient","AirGradient"
4902926,"Sputnik-4","pm25",28.0239581267039,"µg/m³","2025-09-21T23:00:00Z","2025-09-22T04:00:00+05:00","Asia/Tashkent",41.204655,69.232522,,,,"AirGradient","AirGradient"
4902926,"Sputnik-4","pm25",5.53083332379659,"µg/m³","2025-09-22T00:00:00Z","2025-09-22T05:00:00+05:00","Asia/Tashkent",41.204655,69.232522,,,,"AirGradient","AirGradient"
4902926,"Sputnik-4","pm25",6.4606250921885175,"µg/m³","2025-09-22T01:00:00Z","2025-09-22T06:00:00+05:00","Asia/Tashkent",41.204655,69.232522,,,,"AirGradient","AirGradient"
4902926,"Sputnik-4","pm25",14.232791662216187,"µg/m³","2025-09-22T02:00:00Z","2025-09-22T07:00:00+05:00","Asia/Tashkent",41.204655,69.232522,,,,"AirGradient","AirGradient"
4902926,"Sputnik-4","pm25",20.736666997273762,"µg/m³","2025-09-22T03:00:00Z","2025-09-22T08:00:00+05:00","Asia/Tashkent",41.204655,69.232522,,,,"AirGradient","AirGradient"
4902926,"Sputnik-4","pm25",28.138569196065266,"µg/m³","2025-09-22T04:00:00Z","2025-09-22T09:00:00+05:00","Asia/Tashkent",41.204655,69.232522,,,,"AirGradient","AirGradient"
4902926,"Sputnik-4","pm25",16.27591673533122,"µg/m³","2025-09-22T05:00:00Z","2025-09-22T10:00:00+05:00","Asia/Tashkent",41.204655,69.232522,,,,"AirGradient","AirGradient"
4902926,"Sputnik-4","pm25",7.570500016212463,"µg/m³","2025-09-22T06:00:00Z","2025-09-22T11:00:00+05:00","Asia/Tashkent",41.204655,69.232522,,,,"AirGradient","AirGradient"
4902926,"Sputnik-4","pm25",7.4110138813654585,"µg/m³","2025-09-22T07:00:00Z","2025-09-22T12:00:00+05:00","Asia/Tashkent",41.204655,69.232522,,,,"AirGradient","AirGradient"
4902926,"Sputnik-4","pm25",8.790708303451538,"µg/m³","2025-09-22T08:00:00Z","2025-09-22T13:00:00+05:00","Asia/Tashkent",41.204655,69.232522,,,,"AirGradient","AirGradient"
4902926,"Sputnik-4","pm25",10.988541603088379,"µg/m³","2025-09-22T09:00:00Z","2025-09-22T14:00:00+05:00","Asia/Tashkent",41.204655,69.232522,,,,"AirGradient","AirGradient"
4902926,"Sputnik-4","pm25",14.872499942779541,"µg/m³","2025-09-22T10:00:00Z","2025-09-22T15:00:00+05:00","Asia/Tashkent",41.204655,69.232522,,,,"AirGradient","AirGradient"
4902926,"Sputnik-4","pm25",20.717750072479248,"µg/m³","2025-09-22T11:00:00Z","2025-09-22T16:00:00+05:00","Asia/Tashkent",41.204655,69.232522,,,,"AirGradient","AirGradient"
4902926,"Sputnik-4","pm25",23.08104133605957,"µg/m³","2025-09-22T12:00:00Z","2025-09-22T17:00:00+05:00","Asia/Tashkent",41.204655,69.232522,,,,"AirGradient","AirGradient"
4902926,"Sputnik-4","pm25",26.507930596669514,"µg/m³","2025-09-22T13:00:00Z","2025-09-22T18:00:00+05:00","Asia/Tashkent",41.204655,69.232522,,,,"AirGradient","AirGradient"
4902926,"Sputnik-4","pm25",31.219208399454754,"µg/m³","2025-09-22T14:00:00Z","2025-09-22T19:00:00+05:00","Asia/Tashkent",41.204655,69.232522,,,,"AirGradient","AirGradient"
4902926,"Sputnik-4","pm25",38.148375829060875,"µg/m³","2025-09-22T15:00:00Z","2025-09-22T20:00:00+05:00","Asia/Tashkent",41.204655,69.232522,,,,"AirGradient","AirGradient"
4902926,"Sputnik-4","pm25",40.14554182688395,"µg/m³","2025-09-22T16:00:00Z","2025-09-22T21:00:00+05:00","Asia/Tashkent",41.204655,69.232522,,,,"AirGradient","AirGradient"
4902926,"Sputnik-4","pm25",32.8956667582194,"µg/m³","2025-09-22T17:00:00Z","2025-09-22T22:00:00+05:00","Asia/Tashkent",41.204655,69.232522,,,,"AirGradient","AirGradient"
4902926,"Sputnik-4","pm25",36.55177720387777,"µg/m³","2025-09-22T18:00:00Z","2025-09-22T23:00:00+05:00","Asia/Tashkent",41.204655,69.232522,,,,"AirGradient","AirGradient"
4902926,"Sputnik-4","pm25",38.20208263397217,"µg/m³","2025-09-22T19:00:00Z","2025-09-23T00:00:00+05:00","Asia/Tashkent",41.204655,69.232522,,,,"AirGradient","AirGradient"
4902926,"Sputnik-4","pm25",36.5940834681193,"µg/m³","2025-09-22T20:00:00Z","2025-09-23T01:00:00+05:00","Asia/Tashkent",41.204655,69.232522,,,,"AirGradient","AirGradient"
4902926,"Sputnik-4","pm25",21.90637493133545,"µg/m³","2025-09-22T21:00:00Z","2025-09-23T02:00:00+05:00","Asia/Tashkent",41.204655,69.232522,,,,"AirGradient","AirGradient"
4902926,"Sputnik-4","pm25",7.796486099561055,"µg/m³","2025-09-22T22:00:00Z","2025-09-23T03:00:00+05:00","Asia/Tashkent",41.204655,69.232522,,,,"AirGradient","AirGradient"
4902926,"Sputnik-4","pm25",12.853249867757162,"µg/m³","2025-09-22T23:00:00Z","2025-09-23T04:00:00+05:00","Asia/Tashkent",41.204655,69.232522,,,,"AirGradient","AirGradient"
4902926,"Sputnik-4","pm25",36.976500034332275,"µg/m³","2025-09-23T00:00:00Z","2025-09-23T05:00:00+05:00","Asia/Tashkent",41.204655,69.232522,,,,"AirGradient","AirGradient"
4902926,"Sputnik-4","pm25",39.175125439961754,"µg/m³","2025-09-23T01:00:00Z","2025-09-23T06:00:00+05:00","Asia/Tashkent",41.204655,69.232522,,,,"AirGradient","AirGradient"
4902926,"Sputnik-4","pm25",36.731499671936035,"µg/m³","2025-09-23T02:00:00Z","2025-09-23T07:00:00+05:00","Asia/Tashkent",41.204655,69.232522,,,,"AirGradient","AirGradient"
4902926,"Sputnik-4","pm25",34.597541650136314,"µg/m³","2025-09-23T03:00:00Z","2025-09-23T08:00:00+05:00","Asia/Tashkent",41.204655,69.232522,,,,"AirGradient","AirGradient"
4902926,"Sputnik-4","pm25",20.142694354057312,"µg/m³","2025-09-23T04:00:00Z","2025-09-23T09:00:00+05:00","Asia/Tashkent",41.204655,69.232522,,,,"AirGradient","AirGradient"
4902926,"Sputnik-4","pm25",8.079124927520752,"µg/m³","2025-09-23T05:00:00Z","2025-09-23T10:00:00+05:00","Asia/Tashkent",41.204655,69.232522,,,,"AirGradient","AirGradient"
4902926,"Sputnik-4","pm25",7.167083342870076,"µg/m³","2025-09-23T06:00:00Z","2025-09-23T11:00:00+05:00","Asia/Tashkent",41.204655,69.232522,,,,"AirGradient","AirGradient"
4902926,"Sputnik-4","pm25",5.817041635513306,"µg/m³","2025-09-23T07:00:00Z","2025-09-23T12:00:00+05:00","Asia/Tashkent",41.204655,69.232522,,,,"AirGradient","AirGradient"
4902926,"Sputnik-4","pm25",4.187458296616872,"µg/m³","2025-09-23T08:00:00Z","2025-09-23T13:00:00+05:00","Asia/Tashkent",41.204655,69.232522,,,,"AirGradient","AirGradient"
4902926,"Sputnik-4","pm25",3.5674305160840354,"µg/m³","2025-09-23T09:00:00Z","2025-09-23T14:00:00+05:00","Asia/Tashkent",41.204655,69.232522,,,,"AirGradient","AirGradient"
4902926,"Sputnik-4","pm25",5.35250000520186,"µg/m³","2025-09-23T10:00:00Z","2025-09-23T15:00:00+05:00","Asia/Tashkent",41.204655,69.232522,,,,"AirGradient","AirGradient"
4902926,"Sputnik-4","pm25",4.806041717529297,"µg/m³","2025-09-23T11:00:00Z","2025-09-23T16:00:00+05:00","Asia/Tashkent",41.204655,69.232522,,,,"AirGradient","AirGradient"
4902926,"Sputnik-4","pm25",5.6711249351501465,"µg/m³","2025-09-23T12:00:00Z","2025-09-23T17:00:00+05:00","Asia/Tashkent",41.204655,69.232522,,,,"AirGradient","AirGradient"
4902926,"Sputnik-4","pm25",8.328291694323221,"µg/m³","2025-09-23T13:00:00Z","2025-09-23T18:00:00+05:00","Asia/Tashkent",41.204655,69.232522,,,,"AirGradient","AirGradient"
4902926,"Sputnik-4","pm25",8.073125123977661,"µg/m³","2025-09-23T14:00:00Z","2025-09-23T19:00:00+05:00","Asia/Tashkent",41.204655,69.232522,,,,"AirGradient","AirGradient"
4902926,"Sputnik-4","pm25",18.517805576324463,"µg/m³","2025-09-23T15:00:00Z","2025-09-23T20:00:00+05:00","Asia/Tashkent",41.204655,69.232522,,,,"AirGradient","AirGradient"
4902926,"Sputnik-4","pm25",28.96108341217041,"µg/m³","2025-09-23T16:00:00Z","2025-09-23T21:00:00+05:00","Asia/Tashkent",41.204655,69.232522,,,,"AirGradient","AirGradient"
4902926,"Sputnik-4","pm25",31.01337496439616,"µg/m³","2025-09-23T17:00:00Z","2025-09-23T22:00:00+05:00","Asia/Tashkent",41.204655,69.232522,,,,"AirGradient","AirGradient"
4902926,"Sputnik-4","pm25",19.320541620254517,"µg/m³","2025-09-23T18:00:00Z","2025-09-23T23:00:00+05:00","Asia/Tashkent",41.204655,69.232522,,,,"AirGradient","AirGradient"
4902926,"Sputnik-4","pm25",24.763583342234295,"µg/m³","2025-09-23T19:00:00Z","2025-09-24T00:00:00+05:00","Asia/Tashkent",41.204655,69.232522,,,,"AirGradient","AirGradient"
4902926,"Sputnik-4","pm25",38.06862497329712,"µg/m³","2025-09-23T20:00:00Z","2025-09-24T01:00:00+05:00","Asia/Tashkent",41.204655,69.232522,,,,"AirGradient","AirGradient"
4902926,"Sputnik-4","pm25",38.98329130808512,"µg/m³","2025-09-23T21:00:00Z","2025-09-24T02:00:00+05:00","Asia/Tashkent",41.204655,69.232522,,,,"AirGradient","AirGradient"
4902926,"Sputnik-4","pm25",35.61919403076172,"µg/m³","2025-09-23T22:00:00Z","2025-09-24T03:00:00+05:00","Asia/Tashkent",41.204655,69.232522,,,,"AirGradient","AirGradient"
4902926,"Sputnik-4","pm25",31.924582958221436,"µg/m³","2025-09-23T23:00:00Z","2025-09-24T04:00:00+05:00","Asia/Tashkent",41.204655,69.232522,,,,"AirGradient","AirGradient"
4902926,"Sputnik-4","pm25",23.752875169118244,"µg/m³","2025-09-24T00:00:00Z","2025-09-24T05:00:00+05:00","Asia/Tashkent",41.204655,69.232522,,,,"AirGradient","AirGradient"
4902926,"Sputnik-4","pm25",27.091708501180012,"µg/m³","2025-09-24T01:00:00Z","2025-09-24T06:00:00+05:00","Asia/Tashkent",41.204655,69.232522,,,,"AirGradient","AirGradient"
4902926,"Sputnik-4","pm25",31.936500072479248,"µg/m³","2025-09-24T02:00:00Z","2025-09-24T07:00:00+05:00","Asia/Tashkent",41.204655,69.232522,,,,"AirGradient","AirGradient"
4902926,"Sputnik-4","pm25",29.33170811335246,"µg/m³","2025-09-24T03:00:00Z","2025-09-24T08:00:00+05:00","Asia/Tashkent",41.204655,69.232522,,,,"AirGradient","AirGradient"
4902926,"Sputnik-4","pm25",26.607458273569744,"µg/m³","2025-09-24T04:00:00Z","2025-09-24T09:00:00+05:00","Asia/Tashkent",41.204655,69.232522,,,,"AirGradient","AirGradient"
4902926,"Sputnik-4","pm25",25.843166828155518,"µg/m³","2025-09-24T05:00:00Z","2025-09-24T10:00:00+05:00","Asia/Tashkent",41.204655,69.232522,,,,"AirGradient","AirGradient"
4902926,"Sputnik-4","pm25",20.033916632334392,"µg/m³","2025-09-24T06:00:00Z","2025-09-24T11:00:00+05:00","Asia/Tashkent",41.204655,69.232522,,,,"AirGradient","AirGradient"
4902926,"Sputnik-4","pm25",21.330291271209717,"µg/m³","2025-09-24T07:00:00Z","2025-09-24T12:00:00+05:00","Asia/Tashkent",41.204655,69.232522,,,,"AirGradient","AirGradient"
4902926,"Sputnik-4","pm25",21.750874996185303,"µg/m³","2025-09-24T08:00:00Z","2025-09-24T13:00:00+05:00","Asia/Tashkent",41.204655,69.232522,,,,"AirGradient","AirGradient"
4902926,"Sputnik-4","pm25",26.184208234151203,"µg/m³","2025-09-24T09:00:00Z","2025-09-24T14:00:00+05:00","Asia/Tashkent",41.204655,69.232522,,,,"AirGradient","AirGradient"
4902926,"Sputnik-4","pm25",10.032708168029785,"µg/m³","2025-09-24T10:00:00Z","2025-09-24T15:00:00+05:00","Asia/Tashkent",41.204655,69.232522,,,,"AirGradient","AirGradient"
4902926,"Sputnik-4","pm25",4.580541650454204,"µg/m³","2025-09-24T11:00:00Z","2025-09-24T16:00:00+05:00","Asia/Tashkent",41.204655,69.232522,,,,"AirGradient","AirGradient"
4902926,"Sputnik-4","pm25",2.9562083184719086,"µg/m³","2025-09-24T12:00:00Z","2025-09-24T17:00:00+05:00","Asia/Tashkent",41.204655,69.232522,,,,"AirGradient","AirGradient"
4902926,"Sputnik-4","pm25",17.565847237904865,"µg/m³","2025-09-24T13:00:00Z","2025-09-24T18:00:00+05:00","Asia/Tashkent",41.204655,69.232522,,,,"AirGradient","AirGradient"
4902926,"Sputnik-4","pm25",26.88854185740153,"µg/m³","2025-09-24T14:00:00Z","2025-09-24T19:00:00+05:00","Asia/Tashkent",41.204655,69.232522,,,,"AirGradient","AirGradient"
4902926,"Sputnik-4","pm25",32.93893098831177,"µg/m³","2025-09-24T15:00:00Z","2025-09-24T20:00:00+05:00","Asia/Tashkent",41.204655,69.232522,,,,"AirGradient","AirGradient"
4902926,"Sputnik-4","pm25",42.37099997202555,"µg/m³","2025-09-24T16:00:00Z","2025-09-24T21:00:00+05:00","Asia/Tashkent",41.204655,69.232522,,,,"AirGradient","AirGradient"
4902926,"Sputnik-4","pm25",40.96006965637207,"µg/m³","2025-09-24T17:00:00Z","2025-09-24T22:00:00+05:00","Asia/Tashkent",41.204655,69.232522,,,,"AirGradient","AirGradient"
4902926,"Sputnik-4","pm25",40.889041582743324,"µg/m³","2025-09-24T18:00:00Z","2025-09-24T23:00:00+05:00","Asia/Tashkent",41.204655,69.232522,,,,"AirGradient","AirGradient"
4902926,"Sputnik-4","pm25",47.14154179890951,"µg/m³","2025-09-24T19:00:00Z","2025-09-25T00:00:00+05:00","Asia/Tashkent",41.204655,69.232522,,,,"AirGradient","AirGradient"
4902926,"Sputnik-4","pm25",40.78473663330078,"µg/m³","2025-09-24T20:00:00Z","2025-09-25T01:00:00+05:00","Asia/Tashkent",41.204655,69.232522,,,,"AirGradient","AirGradient"
4902926,"Sputnik-4","pm25",36.98780632019043,"µg/m³","2025-09-24T21:00:00Z","2025-09-25T02:00:00+05:00","Asia/Tashkent",41.204655,69.232522,,,,"AirGradient","AirGradient"
4902926,"Sputnik-4","pm25",37.174667040506996,"µg/m³","2025-09-24T22:00:00Z","2025-09-25T03:00:00+05:00","Asia/Tashkent",41.204655,69.232522,,,,"AirGradient","AirGradient"
4902926,"Sputnik-4","pm25",37.541833559672035,"µg/m³","2025-09-24T23:00:00Z","2025-09-25T04:00:00+05:00","Asia/Tashkent",41.204655,69.232522,,,,"AirGradient","AirGradient"
4902926,"Sputnik-4","pm25",38.69369379679362,"µg/m³","2025-09-25T00:00:00Z","2025-09-25T05:00:00+05:00","Asia/Tashkent",41.204655,69.232522,,,,"AirGradient","AirGradient"
4902926,"Sputnik-4","pm25",42.90754172007243,"µg/m³","2025-09-25T01:00:00Z","2025-09-25T06:00:00+05:00","Asia/Tashkent",41.204655,69.232522,,,,"AirGradient","AirGradient"
4902926,"Sputnik-4","pm25",42.60304152170817,"µg/m³","2025-09-25T02:00:00Z","2025-09-25T07:00:00+05:00","Asia/Tashkent",41.204655,69.232522,,,,"AirGradient","AirGradient"
4902926,"Sputnik-4","pm25",39.13188917371962,"µg/m³","2025-09-25T03:00:00Z","2025-09-25T08:00:00+05:00","Asia/Tashkent",41.204655,69.232522,,,,"AirGradient","AirGradient"
4902926,"Sputnik-4","pm25",34.69000015258789,"µg/m³","2025-09-25T04:00:00Z","2025-09-25T09:00:00+05:00","Asia/Tashkent",41.204655,69.232522,,,,"AirGradient","AirGradient"
4902926,"Sputnik-4","pm25",34.011499945322676,"µg/m³","2025-09-25T05:00:00Z","2025-09-25T10:00:00+05:00","Asia/Tashkent",41.204655,69.232522,,,,"AirGradient","AirGradient"
4902926,"Sputnik-4","pm25",30.433180546760553,"µg/m³","2025-09-25T06:00:00Z","2025-09-25T11:00:00+05:00","Asia/Tashkent",41.204655,69.232522,,,,"AirGradient","AirGradient"
4902926,"Sputnik-4","pm25",17.531416694323223,"µg/m³","2025-09-25T07:00:00Z","2025-09-25T12:00:00+05:00","Asia/Tashkent",41.204655,69.232522,,,,"AirGradient","AirGradient"
4902926,"Sputnik-4","pm25",17.439375011126202,"µg/m³","2025-09-25T08:00:00Z","2025-09-25T13:00:00+05:00","Asia/Tashkent",41.204655,69.232522,,,,"AirGradient","AirGradient"
4902926,"Sputnik-4","pm25",10.587333345413208,"µg/m³","2025-09-25T09:00:00Z","2025-09-25T14:00:00+05:00","Asia/Tashkent",41.204655,69.232522,,,,"AirGradient","AirGradient"
4902926,"Sputnik-4","pm25",9.84254545731978,"µg/m³","2025-09-25T10:00:00Z","2025-09-25T15:00:00+05:00","Asia/Tashkent",41.204655,69.232522,,,,"AirGradient","AirGradient"
4902926,"Sputnik-4","pm25",10.668999989827475,"µg/m³","2025-09-25T11:00:00Z","2025-09-25T16:00:00+05:00","Asia/Tashkent",41.204655,69.232522,,,,"AirGradient","AirGradient"
4902926,"Sputnik-4","pm25",16.081375002861023,"µg/m³","2025-09-25T12:00:00Z","2025-09-25T17:00:00+05:00","Asia/Tashkent",41.204655,69.232522,,,,"AirGradient","AirGradient"
4902926,"Sputnik-4","pm25",19.837458316485087,"µg/m³","2025-09-25T13:00:00Z","2025-09-25T18:00:00+05:00","Asia/Tashkent",41.204655,69.232522,,,,"AirGradient","AirGradient"
4902926,"Sputnik-4","pm25",30.213250033060707,"µg/m³","2025-09-25T14:00:00Z","2025-09-25T19:00:00+05:00","Asia/Tashkent",41.204655,69.232522,,,,"AirGradient","AirGradient"
4902926,"Sputnik-4","pm25",39.57975033124288,"µg/m³","2025-09-25T15:00:00Z","2025-09-25T20:00:00+05:00","Asia/Tashkent",41.204655,69.232522,,,,"AirGradient","AirGradient"
4902926,"Sputnik-4","pm25",41.3396805021498,"µg/m³","2025-09-25T16:00:00Z","2025-09-25T21:00:00+05:00","Asia/Tashkent",41.204655,69.232522,,,,"AirGradient","AirGradient"
4902926,"Sputnik-4","pm25",48.279125022888174,"µg/m³","2025-09-25T17:00:00Z","2025-09-25T22:00:00+05:00","Asia/Tashkent",41.204655,69.232522,,,,"AirGradient","AirGradient"
4902926,"Sputnik-4","pm25",43.609833272298175,"µg/m³","2025-09-25T18:00:00Z","2025-09-25T23:00:00+05:00","Asia/Tashkent",41.204655,69.232522,,,,"AirGradient","AirGradient"
4902926,"Sputnik-4","pm25",42.21974983215332,"µg/m³","2025-09-25T19:00:00Z","2025-09-26T00:00:00+05:00","Asia/Tashkent",41.204655,69.232522,,,,"AirGradient","AirGradient"
4902926,"Sputnik-4","pm25",44.78497195773655,"µg/m³","2025-09-25T20:00:00Z","2025-09-26T01:00:00+05:00","Asia/Tashkent",41.204655,69.232522,,,,"AirGradient","AirGradient"
4902926,"Sputnik-4","pm25",54.8607494354248,"µg/m³","2025-09-25T21:00:00Z","2025-09-26T02:00:00+05:00","Asia/Tashkent",41.204655,69.232522,,,,"AirGradient","AirGradient"
4902926,"Sputnik-4","pm25",46.43095849355061,"µg/m³","2025-09-25T22:00:00Z","2025-09-26T03:00:00+05:00","Asia/Tashkent",41.204655,69.232522,,,,"AirGradient","AirGradient"
4902926,"Sputnik-4","pm25",49.22820847829183,"µg/m³","2025-09-25T23:00:00Z","2025-09-26T04:00:00+05:00","Asia/Tashkent",41.204655,69.232522,,,,"AirGradient","AirGradient"
4902926,"Sputnik-4","pm25",38.38791643778483,"µg/m³","2025-09-26T00:00:00Z","2025-09-26T05:00:00+05:00","Asia/Tashkent",41.204655,69.232522,,,,"AirGradient","AirGradient"
4902926,"Sputnik-4","pm25",38.82994401719836,"µg/m³","2025-09-26T01:00:00Z","2025-09-26T06:00:00+05:00","Asia/Tashkent",41.204655,69.232522,,,,"AirGradient","AirGradient"
4902926,"Sputnik-4","pm25",36.853083546956384,"µg/m³","2025-09-26T02:00:00Z","2025-09-26T07:00:00+05:00","Asia/Tashkent",41.204655,69.232522,,,,"AirGradient","AirGradient"
4902926,"Sputnik-4","pm25",37.78720814387004,"µg/m³","2025-09-26T03:00:00Z","2025-09-26T08:00:00+05:00","Asia/Tashkent",41.204655,69.232522,,,,"AirGradient","AirGradient"
4902926,"Sputnik-4","pm25",30.448000097274782,"µg/m³","2025-09-26T04:00:00Z","2025-09-26T09:00:00+05:00","Asia/Tashkent",41.204655,69.232522,,,,"AirGradient","AirGradient"
4902926,"Sputnik-4","pm25",25.040624992052713,"µg/m³","2025-09-26T05:00:00Z","2025-09-26T10:00:00+05:00","Asia/Tashkent",41.204655,69.232522,,,,"AirGradient","AirGradient"
4902926,"Sputnik-4","pm25",19.704999987284342,"µg/m³","2025-09-26T06:00:00Z","2025-09-26T11:00:00+05:00","Asia/Tashkent",41.204655,69.232522,,,,"AirGradient","AirGradient"
4902926,"Sputnik-4","pm25",16.972416687011716,"µg/m³","2025-09-26T07:00:00Z","2025-09-26T12:00:00+05:00","Asia/Tashkent",41.204655,69.232522,,,,"AirGradient","AirGradient"
4902926,"Sputnik-4","pm25",13.640305556191338,"µg/m³","2025-09-26T08:00:00Z","2025-09-26T13:00:00+05:00","Asia/Tashkent",41.204655,69.232522,,,,"AirGradient","AirGradient"
4902926,"Sputnik-4","pm25",4.5767222192552355,"µg/m³","2025-09-26T09:00:00Z","2025-09-26T14:00:00+05:00","Asia/Tashkent",41.204655,69.232522,,,,"AirGradient","AirGradient"
4902926,"Sputnik-4","pm25",4.065375002225241,"µg/m³","2025-09-26T11:00:00Z","2025-09-26T16:00:00+05:00","Asia/Tashkent",41.204655,69.232522,,,,"AirGradient","AirGradient"
4902926,"Sputnik-4","pm25",7.439277786678738,"µg/m³","2025-09-26T12:00:00Z","2025-09-26T17:00:00+05:00","Asia/Tashkent",41.204655,69.232522,,,,"AirGradient","AirGradient"
4902926,"Sputnik-4","pm25",7.5545833269755045,"µg/m³","2025-09-26T13:00:00Z","2025-09-26T18:00:00+05:00","Asia/Tashkent",41.204655,69.232522,,,,"AirGradient","AirGradient"
4902926,"Sputnik-4","pm25",19.75775000254313,"µg/m³","2025-09-26T14:00:00Z","2025-09-26T19:00:00+05:00","Asia/Tashkent",41.204655,69.232522,,,,"AirGradient","AirGradient"
4902926,"Sputnik-4","pm25",31.702125167846674,"µg/m³","2025-09-26T15:00:00Z","2025-09-26T20:00:00+05:00","Asia/Tashkent",41.204655,69.232522,,,,"AirGradient","AirGradient"
4902926,"Sputnik-4","pm25",40.277916971842444,"µg/m³","2025-09-26T16:00:00Z","2025-09-26T21:00:00+05:00","Asia/Tashkent",41.204655,69.232522,,,,"AirGradient","AirGradient"
4902926,"Sputnik-4","pm25",36.73987481594086,"µg/m³","2025-09-26T17:00:00Z","2025-09-26T22:00:00+05:00","Asia/Tashkent",41.204655,69.232522,,,,"AirGradient","AirGradient"
4902926,"Sputnik-4","pm25",37.37999992370606,"µg/m³","2025-09-26T18:00:00Z","2025-09-26T23:00:00+05:00","Asia/Tashkent",41.204655,69.232522,,,,"AirGradient","AirGradient"
4902926,"Sputnik-4","pm25",38.884333515167235,"µg/m³","2025-09-26T19:00:00Z","2025-09-27T00:00:00+05:00","Asia/Tashkent",41.204655,69.232522,,,,"AirGradient","AirGradient"
4902926,"Sputnik-4","pm25",39.022125053405766,"µg/m³","2025-09-26T20:00:00Z","2025-09-27T01:00:00+05:00","Asia/Tashkent",41.204655,69.232522,,,,"AirGradient","AirGradient"
4902926,"Sputnik-4","pm25",35.74866663614909,"µg/m³","2025-09-26T21:00:00Z","2025-09-27T02:00:00+05:00","Asia/Tashkent",41.204655,69.232522,,,,"AirGradient","AirGradient"
4902926,"Sputnik-4","pm25",35.217583211263026,"µg/m³","2025-09-26T22:00:00Z","2025-09-27T03:00:00+05:00","Asia/Tashkent",41.204655,69.232522,,,,"AirGradient","AirGradient"
4902926,"Sputnik-4","pm25",35.04029165903727,"µg/m³","2025-09-26T23:00:00Z","2025-09-27T04:00:00+05:00","Asia/Tashkent",41.204655,69.232522,,,,"AirGradient","AirGradient"
4902926,"Sputnik-4","pm25",32.58045836289723,"µg/m³","2025-09-27T00:00:00Z","2025-09-27T05:00:00+05:00","Asia/Tashkent",41.204655,69.232522,,,,"AirGradient","AirGradient"
4902926,"Sputnik-4","pm25",32.770000036557526,"µg/m³","2025-09-27T01:00:00Z","2025-09-27T06:00:00+05:00","Asia/Tashkent",41.204655,69.232522,,,,"AirGradient","AirGradient"
4902926,"Sputnik-4","pm25",35.23483327229818,"µg/m³","2025-09-27T02:00:00Z","2025-09-27T07:00:00+05:00","Asia/Tashkent",41.204655,69.232522,,,,"AirGradient","AirGradient"
4902926,"Sputnik-4","pm25",39.27979170481364,"µg/m³","2025-09-27T03:00:00Z","2025-09-27T08:00:00+05:00","Asia/Tashkent",41.204655,69.232522,,,,"AirGradient","AirGradient"
4902926,"Sputnik-4","pm25",32.96358327865601,"µg/m³","2025-09-27T04:00:00Z","2025-09-27T09:00:00+05:00","Asia/Tashkent",41.204655,69.232522,,,,"AirGradient","AirGradient"
4902926,"Sputnik-4","pm25",27.498227249492302,"µg/m³","2025-09-27T05:00:00Z","2025-09-27T10:00:00+05:00","Asia/Tashkent",41.204655,69.232522,,,,"AirGradient","AirGradient"
4902926,"Sputnik-4","pm25",19.85766667260064,"µg/m³","2025-09-27T06:00:00Z","2025-09-27T11:00:00+05:00","Asia/Tashkent",41.204655,69.232522,,,,"AirGradient","AirGradient"
4902926,"Sputnik-4","pm25",12.266399993896483,"µg/m³","2025-09-27T08:00:00Z","2025-09-27T13:00:00+05:00","Asia/Tashkent",41.204655,69.232522,,,,"AirGradient","AirGradient"
4902926,"Sputnik-4","pm25",14.297916666666666,"µg/m³","2025-09-27T09:00:00Z","2025-09-27T14:00:00+05:00","Asia/Tashkent",41.204655,69.232522,,,,"AirGradient","AirGradient"
4902926,"Sputnik-4","pm25",7.62208333015442,"µg/m³","2025-09-27T12:00:00Z","2025-09-27T17:00:00+05:00","Asia/Tashkent",41.204655,69.232522,,,,"AirGradient","AirGradient"
4902926,"Sputnik-4","pm25",7.512625002861024,"µg/m³","2025-09-27T13:00:00Z","2025-09-27T18:00:00+05:00","Asia/Tashkent",41.204655,69.232522,,,,"AirGradient","AirGradient"
4902926,"Sputnik-4","pm25",24.152555486891004,"µg/m³","2025-09-27T14:00:00Z","2025-09-27T19:00:00+05:00","Asia/Tashkent",41.204655,69.232522,,,,"AirGradient","AirGradient"
4902926,"Sputnik-4","pm25",36.78716678619384,"µg/m³","2025-09-27T15:00:00Z","2025-09-27T20:00:00+05:00","Asia/Tashkent",41.204655,69.232522,,,,"AirGradient","AirGradient"
4902926,"Sputnik-4","pm25",38.97337512969971,"µg/m³","2025-09-27T16:00:00Z","2025-09-27T21:00:00+05:00","Asia/Tashkent",41.204655,69.232522,,,,"AirGradient","AirGradient"
4902926,"Sputnik-4","pm25",45.277499771118165,"µg/m³","2025-09-27T17:00:00Z","2025-09-27T22:00:00+05:00","Asia/Tashkent",41.204655,69.232522,,,,"AirGradient","AirGradient"
4902926,"Sputnik-4","pm25",41.9678747177124,"µg/m³","2025-09-27T18:00:00Z","2025-09-27T23:00:00+05:00","Asia/Tashkent",41.204655,69.232522,,,,"AirGradient","AirGradient"
4902926,"Sputnik-4","pm25",42.960041491190594,"µg/m³","2025-09-27T19:00:00Z","2025-09-28T00:00:00+05:00","Asia/Tashkent",41.204655,69.232522,,,,"AirGradient","AirGradient"
4902926,"Sputnik-4","pm25",40.797236357794866,"µg/m³","2025-09-27T20:00:00Z","2025-09-28T01:00:00+05:00","Asia/Tashkent",41.204655,69.232522,,,,"AirGradient","AirGradient"
4902926,"Sputnik-4","pm25",44.84904143015543,"µg/m³","2025-09-27T21:00:00Z","2025-09-28T02:00:00+05:00","Asia/Tashkent",41.204655,69.232522,,,,"AirGradient","AirGradient"
4902926,"Sputnik-4","pm25",41.637750244140626,"µg/m³","2025-09-27T22:00:00Z","2025-09-28T03:00:00+05:00","Asia/Tashkent",41.204655,69.232522,,,,"AirGradient","AirGradient"
4902926,"Sputnik-4","pm25",32.4130833307902,"µg/m³","2025-09-27T23:00:00Z","2025-09-28T04:00:00+05:00","Asia/Tashkent",41.204655,69.232522,,,,"AirGradient","AirGradient"
4902926,"Sputnik-4","pm25",31.610027726491296,"µg/m³","2025-09-28T00:00:00Z","2025-09-28T05:00:00+05:00","Asia/Tashkent",41.204655,69.232522,,,,"AirGradient","AirGradient"
4902926,"Sputnik-4","pm25",34.37541675567627,"µg/m³","2025-09-28T01:00:00Z","2025-09-28T06:00:00+05:00","Asia/Tashkent",41.204655,69.232522,,,,"AirGradient","AirGradient"
4902926,"Sputnik-4","pm25",35.15541678269704,"µg/m³","2025-09-28T02:00:00Z","2025-09-28T07:00:00+05:00","Asia/Tashkent",41.204655,69.232522,,,,"AirGradient","AirGradient"
4902926,"Sputnik-4","pm25",35.60429159800211,"µg/m³","2025-09-28T03:00:00Z","2025-09-28T08:00:00+05:00","Asia/Tashkent",41.204655,69.232522,,,,"AirGradient","AirGradient"
4902926,"Sputnik-4","pm25",41.07681908077664,"µg/m³","2025-09-28T04:00:00Z","2025-09-28T09:00:00+05:00","Asia/Tashkent",41.204655,69.232522,,,,"AirGradient","AirGradient"
4902926,"Sputnik-4","pm25",36.95525016784668,"µg/m³","2025-09-28T05:00:00Z","2025-09-28T10:00:00+05:00","Asia/Tashkent",41.204655,69.232522,,,,"AirGradient","AirGradient"
4902926,"Sputnik-4","pm25",38.7949310514662,"µg/m³","2025-09-28T06:00:00Z","2025-09-28T11:00:00+05:00","Asia/Tashkent",41.204655,69.232522,,,,"AirGradient","AirGradient"
4902926,"Sputnik-4","pm25",35.82791624069214,"µg/m³","2025-09-28T07:00:00Z","2025-09-28T12:00:00+05:00","Asia/Tashkent",41.204655,69.232522,,,,"AirGradient","AirGradient"
4902926,"Sputnik-4","pm25",28.327791651089992,"µg/m³","2025-09-28T08:00:00Z","2025-09-28T13:00:00+05:00","Asia/Tashkent",41.204655,69.232522,,,,"AirGradient","AirGradient"
4902926,"Sputnik-4","pm25",8.780305549833509,"µg/m³","2025-09-28T12:00:00Z","2025-09-28T17:00:00+05:00","Asia/Tashkent",41.204655,69.232522,,,,"AirGradient","AirGradient"
4902926,"Sputnik-4","pm25",13.567958331108093,"µg/m³","2025-09-28T13:00:00Z","2025-09-28T18:00:00+05:00","Asia/Tashkent",41.204655,69.232522,,,,"AirGradient","AirGradient"
4902926,"Sputnik-4","pm25",28.61934734715356,"µg/m³","2025-09-28T14:00:00Z","2025-09-28T19:00:00+05:00","Asia/Tashkent",41.204655,69.232522,,,,"AirGradient","AirGradient"
4902926,"Sputnik-4","pm25",36.42218057844374,"µg/m³","2025-09-28T15:00:00Z","2025-09-28T20:00:00+05:00","Asia/Tashkent",41.204655,69.232522,,,,"AirGradient","AirGradient"
4902926,"Sputnik-4","pm25",31.559291410446164,"µg/m³","2025-09-28T16:00:00Z","2025-09-28T21:00:00+05:00","Asia/Tashkent",41.204655,69.232522,,,,"AirGradient","AirGradient"
4902926,"Sputnik-4","pm25",31.0058194425371,"µg/m³","2025-09-28T17:00:00Z","2025-09-28T22:00:00+05:00","Asia/Tashkent",41.204655,69.232522,,,,"AirGradient","AirGradient"
4902926,"Sputnik-4","pm25",26.23577778604296,"µg/m³","2025-09-28T18:00:00Z","2025-09-28T23:00:00+05:00","Asia/Tashkent",41.204655,69.232522,,,,"AirGradient","AirGradient"
4902926,"Sputnik-4","pm25",40.950499788920084,"µg/m³","2025-09-28T19:00:00Z","2025-09-29T00:00:00+05:00","Asia/Tashkent",41.204655,69.232522,,,,"AirGradient","AirGradient"
4902926,"Sputnik-4","pm25",49.439916865030916,"µg/m³","2025-09-28T20:00:00Z","2025-09-29T01:00:00+05:00","Asia/Tashkent",41.204655,69.232522,,,,"AirGradient","AirGradient"
4902926,"Sputnik-4","pm25",47.48384719424778,"µg/m³","2025-09-28T21:00:00Z","2025-09-29T02:00:00+05:00","Asia/Tashkent",41.204655,69.232522,,,,"AirGradient","AirGradient"
4902926,"Sputnik-4","pm25",39.30591684977214,"µg/m³","2025-09-28T22:00:00Z","2025-09-29T03:00:00+05:00","Asia/Tashkent",41.204655,69.232522,,,,"AirGradient","AirGradient"
4902926,"Sputnik-4","pm25",37.802791659037275,"µg/m³","2025-09-28T23:00:00Z","2025-09-29T04:00:00+05:00","Asia/Tashkent",41.204655,69.232522,,,,"AirGradient","AirGradient"
4902926,"Sputnik-4","pm25",40.56116663614909,"µg/m³","2025-09-29T00:00:00Z","2025-09-29T05:00:00+05:00","Asia/Tashkent",41.204655,69.232522,,,,"AirGradient","AirGradient"
4902926,"Sputnik-4","pm25",43.35612506866456,"µg/m³","2025-09-29T01:00:00Z","2025-09-29T06:00:00+05:00","Asia/Tashkent",41.204655,69.232522,,,,"AirGradient","AirGradient"
4902926,"Sputnik-4","pm25",43.279708035786946,"µg/m³","2025-09-29T02:00:00Z","2025-09-29T07:00:00+05:00","Asia/Tashkent",41.204655,69.232522,,,,"AirGradient","AirGradient"
4902926,"Sputnik-4","pm25",35.91129156748454,"µg/m³","2025-09-29T03:00:00Z","2025-09-29T08:00:00+05:00","Asia/Tashkent",41.204655,69.232522,,,,"AirGradient","AirGradient"
4902926,"Sputnik-4","pm25",38.82845834096273,"µg/m³","2025-09-29T04:00:00Z","2025-09-29T09:00:00+05:00","Asia/Tashkent",41.204655,69.232522,,,,"AirGradient","AirGradient"
4902926,"Sputnik-4","pm25",41.93474998474121,"µg/m³","2025-09-29T05:00:00Z","2025-09-29T10:00:00+05:00","Asia/Tashkent",41.204655,69.232522,,,,"AirGradient","AirGradient"
4902926,"Sputnik-4","pm25",35.147208309173585,"µg/m³","2025-09-29T06:00:00Z","2025-09-29T11:00:00+05:00","Asia/Tashkent",41.204655,69.232522,,,,"AirGradient","AirGradient"
4902926,"Sputnik-4","pm25",33.504208509127295,"µg/m³","2025-09-29T07:00:00Z","2025-09-29T12:00:00+05:00","Asia/Tashkent",41.204655,69.232522,,,,"AirGradient","AirGradient"
4902926,"Sputnik-4","pm25",28.375499908129374,"µg/m³","2025-09-29T08:00:00Z","2025-09-29T13:00:00+05:00","Asia/Tashkent",41.204655,69.232522,,,,"AirGradient","AirGradient"
4902926,"Sputnik-4","pm25",22.261749998728433,"µg/m³","2025-09-29T09:00:00Z","2025-09-29T14:00:00+05:00","Asia/Tashkent",41.204655,69.232522,,,,"AirGradient","AirGradient"
4902926,"Sputnik-4","pm25",18.70008333524068,"µg/m³","2025-09-29T10:00:00Z","2025-09-29T15:00:00+05:00","Asia/Tashkent",41.204655,69.232522,,,,"AirGradient","AirGradient"
4902926,"Sputnik-4","pm25",8.563569442431133,"µg/m³","2025-09-29T11:00:00Z","2025-09-29T16:00:00+05:00","Asia/Tashkent",41.204655,69.232522,,,,"AirGradient","AirGradient"
4902926,"Sputnik-4","pm25",5.738166666030884,"µg/m³","2025-09-29T13:00:00Z","2025-09-29T18:00:00+05:00","Asia/Tashkent",41.204655,69.232522,,,,"AirGradient","AirGradient"
4902926,"Sputnik-4","pm25",7.347333335876463,"µg/m³","2025-09-29T14:00:00Z","2025-09-29T19:00:00+05:00","Asia/Tashkent",41.204655,69.232522,,,,"AirGradient","AirGradient"
4902926,"Sputnik-4","pm25",18.43258333206177,"µg/m³","2025-09-29T15:00:00Z","2025-09-29T20:00:00+05:00","Asia/Tashkent",41.204655,69.232522,,,,"AirGradient","AirGradient"
4902926,"Sputnik-4","pm25",16.508416668574018,"µg/m³","2025-09-29T16:00:00Z","2025-09-29T21:00:00+05:00","Asia/Tashkent",41.204655,69.232522,,,,"AirGradient","AirGradient"
4902926,"Sputnik-4","pm25",13.911902774704828,"µg/m³","2025-09-29T17:00:00Z","2025-09-29T22:00:00+05:00","Asia/Tashkent",41.204655,69.232522,,,,"AirGradient","AirGradient"
4902926,"Sputnik-4","pm25",14.249458320935567,"µg/m³","2025-09-29T18:00:00Z","2025-09-29T23:00:00+05:00","Asia/Tashkent",41.204655,69.232522,,,,"AirGradient","AirGradient"
4902926,"Sputnik-4","pm25",18.514416662851968,"µg/m³","2025-09-29T19:00:00Z","2025-09-30T00:00:00+05:00","Asia/Tashkent",41.204655,69.232522,,,,"AirGradient","AirGradient"
4902926,"Sputnik-4","pm25",26.73898617956374,"µg/m³","2025-09-29T20:00:00Z","2025-09-30T01:00:00+05:00","Asia/Tashkent",41.204655,69.232522,,,,"AirGradient","AirGradient"
4902926,"Sputnik-4","pm25",23.282458297411598,"µg/m³","2025-09-29T21:00:00Z","2025-09-30T02:00:00+05:00","Asia/Tashkent",41.204655,69.232522,,,,"AirGradient","AirGradient"
4902926,"Sputnik-4","pm25",15.629805543687608,"µg/m³","2025-09-29T22:00:00Z","2025-09-30T03:00:00+05:00","Asia/Tashkent",41.204655,69.232522,,,,"AirGradient","AirGradient"
4902926,"Sputnik-4","pm25",17.671958327293396,"µg/m³","2025-09-29T23:00:00Z","2025-09-30T04:00:00+05:00","Asia/Tashkent",41.204655,69.232522,,,,"AirGradient","AirGradient"
4902926,"Sputnik-4","pm25",25.157708303133646,"µg/m³","2025-09-30T00:00:00Z","2025-09-30T05:00:00+05:00","Asia/Tashkent",41.204655,69.232522,,,,"AirGradient","AirGradient"
4902926,"Sputnik-4","pm25",38.33729143937428,"µg/m³","2025-09-30T01:00:00Z","2025-09-30T06:00:00+05:00","Asia/Tashkent",41.204655,69.232522,,,,"AirGradient","AirGradient"
4902926,"Sputnik-4","pm25",39.17162494659424,"µg/m³","2025-09-30T02:00:00Z","2025-09-30T07:00:00+05:00","Asia/Tashkent",41.204655,69.232522,,,,"AirGradient","AirGradient"
4902926,"Sputnik-4","pm25",42.82441660563151,"µg/m³","2025-09-30T03:00:00Z","2025-09-30T08:00:00+05:00","Asia/Tashkent",41.204655,69.232522,,,,"AirGradient","AirGradient"
4902926,"Sputnik-4","pm25",44.53950004577637,"µg/m³","2025-09-30T04:00:00Z","2025-09-30T09:00:00+05:00","Asia/Tashkent",41.204655,69.232522,,,,"AirGradient","AirGradient"
4902926,"Sputnik-4","pm25",45.334000396728506,"µg/m³","2025-09-30T05:00:00Z","2025-09-30T10:00:00+05:00","Asia/Tashkent",41.204655,69.232522,,,,"AirGradient","AirGradient"
4902926,"Sputnik-4","pm25",42.139916865030926,"µg/m³","2025-09-30T06:00:00Z","2025-09-30T11:00:00+05:00","Asia/Tashkent",41.204655,69.232522,,,,"AirGradient","AirGradient"
4902926,"Sputnik-4","pm25",29.008958125114436,"µg/m³","2025-09-30T07:00:00Z","2025-09-30T12:00:00+05:00","Asia/Tashkent",41.204655,69.232522,,,,"AirGradient","AirGradient"
4902926,"Sputnik-4","pm25",12.613000011444091,"µg/m³","2025-09-30T08:00:00Z","2025-09-30T13:00:00+05:00","Asia/Tashkent",41.204655,69.232522,,,,"AirGradient","AirGradient"
4902926,"Sputnik-4","pm25",6.0562083482742315,"µg/m³","2025-09-30T09:00:00Z","2025-09-30T14:00:00+05:00","Asia/Tashkent",41.204655,69.232522,,,,"AirGradient","AirGradient"
4902926,"Sputnik-4","pm25",3.546819443835153,"µg/m³","2025-09-30T10:00:00Z","2025-09-30T15:00:00+05:00","Asia/Tashkent",41.204655,69.232522,,,,"AirGradient","AirGradient"
4902926,"Sputnik-4","pm25",2.795375005486939,"µg/m³","2025-09-30T11:00:00Z","2025-09-30T16:00:00+05:00","Asia/Tashkent",41.204655,69.232522,,,,"AirGradient","AirGradient"
4902926,"Sputnik-4","pm25",3.1433750048279765,"µg/m³","2025-09-30T12:00:00Z","2025-09-30T17:00:00+05:00","Asia/Tashkent",41.204655,69.232522,,,,"AirGradient","AirGradient"
4902926,"Sputnik-4","pm25",3.705541671646966,"µg/m³","2025-09-30T13:00:00Z","2025-09-30T18:00:00+05:00","Asia/Tashkent",41.204655,69.232522,,,,"AirGradient","AirGradient"
4902926,"Sputnik-4","pm25",7.551652778519525,"µg/m³","2025-09-30T14:00:00Z","2025-09-30T19:00:00+05:00","Asia/Tashkent",41.204655,69.232522,,,,"AirGradient","AirGradient"
4902926,"Sputnik-4","pm25",8.149333333969116,"µg/m³","2025-09-30T16:00:00Z","2025-09-30T21:00:00+05:00","Asia/Tashkent",41.204655,69.232522,,,,"AirGradient","AirGradient"
4902926,"Sputnik-4","pm25",8.33850000699361,"µg/m³","2025-09-30T17:00:00Z","2025-09-30T22:00:00+05:00","Asia/Tashkent",41.204655,69.232522,,,,"AirGradient","AirGradient"
4902926,"Sputnik-4","pm25",11.404208318392435,"µg/m³","2025-09-30T18:00:00Z","2025-09-30T23:00:00+05:00","Asia/Tashkent",41.204655,69.232522,,,,"AirGradient","AirGradient"
4902926,"Sputnik-4","pm25",18.979125009642708,"µg/m³","2025-09-30T19:00:00Z","2025-10-01T00:00:00+05:00","Asia/Tashkent",41.204655,69.232522,,,,"AirGradient","AirGradient"
4902926,"Sputnik-4","pm25",26.294208343823744,"µg/m³","2025-09-30T20:00:00Z","2025-10-01T01:00:00+05:00","Asia/Tashkent",41.204655,69.232522,,,,"AirGradient","AirGradient"
4902926,"Sputnik-4","pm25",27.568444448047217,"µg/m³","2025-09-30T21:00:00Z","2025-10-01T02:00:00+05:00","Asia/Tashkent",41.204655,69.232522,,,,"AirGradient","AirGradient"
4902926,"Sputnik-4","pm25",26.88790909160268,"µg/m³","2025-09-30T22:00:00Z","2025-10-01T03:00:00+05:00","Asia/Tashkent",41.204655,69.232522,,,,"AirGradient","AirGradient"
4902926,"Sputnik-4","pm25",21.046624986330666,"µg/m³","2025-09-30T23:00:00Z","2025-10-01T04:00:00+05:00","Asia/Tashkent",41.204655,69.232522,,,,"AirGradient","AirGradient"
4902926,"Sputnik-4","pm25",10.988708345095317,"µg/m³","2025-10-01T00:00:00Z","2025-10-01T05:00:00+05:00","Asia/Tashkent",41.204655,69.232522,,,,"AirGradient","AirGradient"
4902926,"Sputnik-4","pm25",5.5492916663487755,"µg/m³","2025-10-01T01:00:00Z","2025-10-01T06:00:00+05:00","Asia/Tashkent",41.204655,69.232522,,,,"AirGradient","AirGradient"
4902926,"Sputnik-4","pm25",4.4034583330154415,"µg/m³","2025-10-01T02:00:00Z","2025-10-01T07:00:00+05:00","Asia/Tashkent",41.204655,69.232522,,,,"AirGradient","AirGradient"
4902926,"Sputnik-4","pm25",3.356597214274936,"µg/m³","2025-10-01T03:00:00Z","2025-10-01T08:00:00+05:00","Asia/Tashkent",41.204655,69.232522,,,,"AirGradient","AirGradient"
4902926,"Sputnik-4","pm25",4.131708343823751,"µg/m³","2025-10-01T04:00:00Z","2025-10-01T09:00:00+05:00","Asia/Tashkent",41.204655,69.232522,,,,"AirGradient","AirGradient"
4902926,"Sputnik-4","pm25",7.553833262125651,"µg/m³","2025-10-01T05:00:00Z","2025-10-01T10:00:00+05:00","Asia/Tashkent",41.204655,69.232522,,,,"AirGradient","AirGradient"
4902926,"Sputnik-4","pm25",12.226083331637911,"µg/m³","2025-10-01T06:00:00Z","2025-10-01T11:00:00+05:00","Asia/Tashkent",41.204655,69.232522,,,,"AirGradient","AirGradient"
4902926,"Sputnik-4","pm25",5.3374999999999995,"µg/m³","2025-10-01T07:00:00Z","2025-10-01T12:00:00+05:00","Asia/Tashkent",41.204655,69.232522,,,,"AirGradient","AirGradient"
4902926,"Sputnik-4","pm25",3.7526249984900155,"µg/m³","2025-10-01T08:00:00Z","2025-10-01T13:00:00+05:00","Asia/Tashkent",41.204655,69.232522,,,,"AirGradient","AirGradient"
4902926,"Sputnik-4","pm25",3.1165972201360597,"µg/m³","2025-10-01T09:00:00Z","2025-10-01T14:00:00+05:00","Asia/Tashkent",41.204655,69.232522,,,,"AirGradient","AirGradient"
4902926,"Sputnik-4","pm25",2.2217272691654437,"µg/m³","2025-10-01T10:00:00Z","2025-10-01T15:00:00+05:00","Asia/Tashkent",41.204655,69.232522,,,,"AirGradient","AirGradient"
4902926,"Sputnik-4","pm25",2.4055416653553645,"µg/m³","2025-10-01T11:00:00Z","2025-10-01T16:00:00+05:00","Asia/Tashkent",41.204655,69.232522,,,,"AirGradient","AirGradient"
4902926,"Sputnik-4","pm25",1.6453333377838135,"µg/m³","2025-10-01T12:00:00Z","2025-10-01T17:00:00+05:00","Asia/Tashkent",41.204655,69.232522,,,,"AirGradient","AirGradient"
4902926,"Sputnik-4","pm25",3.7551944428020048,"µg/m³","2025-10-01T13:00:00Z","2025-10-01T18:00:00+05:00","Asia/Tashkent",41.204655,69.232522,,,,"AirGradient","AirGradient"
4902926,"Sputnik-4","pm25",15.228069445821975,"µg/m³","2025-10-01T14:00:00Z","2025-10-01T19:00:00+05:00","Asia/Tashkent",41.204655,69.232522,,,,"AirGradient","AirGradient"
4902926,"Sputnik-4","pm25",25.217152788903977,"µg/m³","2025-10-01T15:00:00Z","2025-10-01T20:00:00+05:00","Asia/Tashkent",41.204655,69.232522,,,,"AirGradient","AirGradient"
4902926,"Sputnik-4","pm25",34.658708119392394,"µg/m³","2025-10-01T16:00:00Z","2025-10-01T21:00:00+05:00","Asia/Tashkent",41.204655,69.232522,,,,"AirGradient","AirGradient"
4902926,"Sputnik-4","pm25",37.29326402876112,"µg/m³","2025-10-01T17:00:00Z","2025-10-01T22:00:00+05:00","Asia/Tashkent",41.204655,69.232522,,,,"AirGradient","AirGradient"
4902926,"Sputnik-4","pm25",25.728469712806472,"µg/m³","2025-10-01T18:00:00Z","2025-10-01T23:00:00+05:00","Asia/Tashkent",41.204655,69.232522,,,,"AirGradient","AirGradient"
4902926,"Sputnik-4","pm25",25.670763948228622,"µg/m³","2025-10-01T19:00:00Z","2025-10-02T00:00:00+05:00","Asia/Tashkent",41.204655,69.232522,,,,"AirGradient","AirGradient"
4902926,"Sputnik-4","pm25",41.305458005269365,"µg/m³","2025-10-01T20:00:00Z","2025-10-02T01:00:00+05:00","Asia/Tashkent",41.204655,69.232522,,,,"AirGradient","AirGradient"
4902926,"Sputnik-4","pm25",52.77291666666665,"µg/m³","2025-10-01T21:00:00Z","2025-10-02T02:00:00+05:00","Asia/Tashkent",41.204655,69.232522,,,,"AirGradient","AirGradient"
4902926,"Sputnik-4","pm25",15.02195835908254,"µg/m³","2025-10-01T22:00:00Z","2025-10-02T03:00:00+05:00","Asia/Tashkent",41.204655,69.232522,,,,"AirGradient","AirGradient"
4902926,"Sputnik-4","pm25",15.908083343505858,"µg/m³","2025-10-01T23:00:00Z","2025-10-02T04:00:00+05:00","Asia/Tashkent",41.204655,69.232522,,,,"AirGradient","AirGradient"
4902926,"Sputnik-4","pm25",12.308458336194356,"µg/m³","2025-10-02T00:00:00Z","2025-10-02T05:00:00+05:00","Asia/Tashkent",41.204655,69.232522,,,,"AirGradient","AirGradient"
4902926,"Sputnik-4","pm25",14.397708264986674,"µg/m³","2025-10-02T01:00:00Z","2025-10-02T06:00:00+05:00","Asia/Tashkent",41.204655,69.232522,,,,"AirGradient","AirGradient"
4902926,"Sputnik-4","pm25",8.875833336512247,"µg/m³","2025-10-02T02:00:00Z","2025-10-02T07:00:00+05:00","Asia/Tashkent",41.204655,69.232522,,,,"AirGradient","AirGradient"
4902926,"Sputnik-4","pm25",13.50162497361501,"µg/m³","2025-10-02T03:00:00Z","2025-10-02T08:00:00+05:00","Asia/Tashkent",41.204655,69.232522,,,,"AirGradient","AirGradient"
4902926,"Sputnik-4","pm25",5.741361120012072,"µg/m³","2025-10-02T04:00:00Z","2025-10-02T09:00:00+05:00","Asia/Tashkent",41.204655,69.232522,,,,"AirGradient","AirGradient"
4902926,"Sputnik-4","pm25",32.024499758084616,"µg/m³","2025-10-02T05:00:00Z","2025-10-02T10:00:00+05:00","Asia/Tashkent",41.204655,69.232522,,,,"AirGradient","AirGradient"
4902926,"Sputnik-4","pm25",14.431916697820029,"µg/m³","2025-10-02T06:00:00Z","2025-10-02T11:00:00+05:00","Asia/Tashkent",41.204655,69.232522,,,,"AirGradient","AirGradient"
4902926,"Sputnik-4","pm25",7.963500062624614,"µg/m³","2025-10-02T07:00:00Z","2025-10-02T12:00:00+05:00","Asia/Tashkent",41.204655,69.232522,,,,"AirGradient","AirGradient"
4902926,"Sputnik-4","pm25",4.838625009854635,"µg/m³","2025-10-02T08:00:00Z","2025-10-02T13:00:00+05:00","Asia/Tashkent",41.204655,69.232522,,,,"AirGradient","AirGradient"
4902926,"Sputnik-4","pm25",5.130208343267442,"µg/m³","2025-10-02T09:00:00Z","2025-10-02T14:00:00+05:00","Asia/Tashkent",41.204655,69.232522,,,,"AirGradient","AirGradient"
4902926,"Sputnik-4","pm25",4.8513749996821085,"µg/m³","2025-10-02T10:00:00Z","2025-10-02T15:00:00+05:00","Asia/Tashkent",41.204655,69.232522,,,,"AirGradient","AirGradient"
4902926,"Sputnik-4","pm25",7.393458342552184,"µg/m³","2025-10-02T11:00:00Z","2025-10-02T16:00:00+05:00","Asia/Tashkent",41.204655,69.232522,,,,"AirGradient","AirGradient"
4902926,"Sputnik-4","pm25",10.267486103375754,"µg/m³","2025-10-02T12:00:00Z","2025-10-02T17:00:00+05:00","Asia/Tashkent",41.204655,69.232522,,,,"AirGradient","AirGradient"
4902926,"Sputnik-4","pm25",20.778291678428648,"µg/m³","2025-10-02T13:00:00Z","2025-10-02T18:00:00+05:00","Asia/Tashkent",41.204655,69.232522,,,,"AirGradient","AirGradient"
4902926,"Sputnik-4","pm25",29.044999758402508,"µg/m³","2025-10-02T14:00:00Z","2025-10-02T19:00:00+05:00","Asia/Tashkent",41.204655,69.232522,,,,"AirGradient","AirGradient"
4902926,"Sputnik-4","pm25",32.8778749148051,"µg/m³","2025-10-02T15:00:00Z","2025-10-02T20:00:00+05:00","Asia/Tashkent",41.204655,69.232522,,,,"AirGradient","AirGradient"
4902926,"Sputnik-4","pm25",35.79062487284343,"µg/m³","2025-10-02T16:00:00Z","2025-10-02T21:00:00+05:00","Asia/Tashkent",41.204655,69.232522,,,,"AirGradient","AirGradient"
4902926,"Sputnik-4","pm25",32.14487504959106,"µg/m³","2025-10-02T17:00:00Z","2025-10-02T22:00:00+05:00","Asia/Tashkent",41.204655,69.232522,,,,"AirGradient","AirGradient"
4902926,"Sputnik-4","pm25",34.491263869073656,"µg/m³","2025-10-02T18:00:00Z","2025-10-02T23:00:00+05:00","Asia/Tashkent",41.204655,69.232522,,,,"AirGradient","AirGradient"
4902926,"Sputnik-4","pm25",44.327833612759896,"µg/m³","2025-10-02T19:00:00Z","2025-10-03T00:00:00+05:00","Asia/Tashkent",41.204655,69.232522,,,,"AirGradient","AirGradient"
4902926,"Sputnik-4","pm25",34.06475013097127,"µg/m³","2025-10-02T20:00:00Z","2025-10-03T01:00:00+05:00","Asia/Tashkent",41.204655,69.232522,,,,"AirGradient","AirGradient"
4902926,"Sputnik-4","pm25",38.861499786376946,"µg/m³","2025-10-02T21:00:00Z","2025-10-03T02:00:00+05:00","Asia/Tashkent",41.204655,69.232522,,,,"AirGradient","AirGradient"
4902926,"Sputnik-4","pm25",39.01141649881998,"µg/m³","2025-10-02T22:00:00Z","2025-10-03T03:00:00+05:00","Asia/Tashkent",41.204655,69.232522,,,,"AirGradient","AirGradient"
4902926,"Sputnik-4","pm25",39.05741678873697,"µg/m³","2025-10-02T23:00:00Z","2025-10-03T04:00:00+05:00","Asia/Tashkent",41.204655,69.232522,,,,"AirGradient","AirGradient"
4902926,"Sputnik-4","pm25",37.765791765848796,"µg/m³","2025-10-03T00:00:00Z","2025-10-03T05:00:00+05:00","Asia/Tashkent",41.204655,69.232522,,,,"AirGradient","AirGradient"
4902926,"Sputnik-4","pm25",42.26691652933757,"µg/m³","2025-10-03T01:00:00Z","2025-10-03T06:00:00+05:00","Asia/Tashkent",41.204655,69.232522,,,,"AirGradient","AirGradient"
4902926,"Sputnik-4","pm25",46.32445824940999,"µg/m³","2025-10-03T02:00:00Z","2025-10-03T07:00:00+05:00","Asia/Tashkent",41.204655,69.232522,,,,"AirGradient","AirGradient"
4902926,"Sputnik-4","pm25",48.57216669718425,"µg/m³","2025-10-03T03:00:00Z","2025-10-03T08:00:00+05:00","Asia/Tashkent",41.204655,69.232522,,,,"AirGradient","AirGradient"
4902926,"Sputnik-4","pm25",80.51766662597656,"µg/m³","2025-10-03T04:00:00Z","2025-10-03T09:00:00+05:00","Asia/Tashkent",41.204655,69.232522,,,,"AirGradient","AirGradient"
4902926,"Sputnik-4","pm25",55.5709166208903,"µg/m³","2025-10-03T05:00:00Z","2025-10-03T10:00:00+05:00","Asia/Tashkent",41.204655,69.232522,,,,"AirGradient","AirGradient"
4902926,"Sputnik-4","pm25",41.46863872740004,"µg/m³","2025-10-03T06:00:00Z","2025-10-03T11:00:00+05:00","Asia/Tashkent",41.204655,69.232522,,,,"AirGradient","AirGradient"
4902926,"Sputnik-4","pm25",42.69012508392334,"µg/m³","2025-10-03T07:00:00Z","2025-10-03T12:00:00+05:00","Asia/Tashkent",41.204655,69.232522,,,,"AirGradient","AirGradient"
4902926,"Sputnik-4","pm25",31.933000159263614,"µg/m³","2025-10-03T08:00:00Z","2025-10-03T13:00:00+05:00","Asia/Tashkent",41.204655,69.232522,,,,"AirGradient","AirGradient"
4902926,"Sputnik-4","pm25",27.037458337677844,"µg/m³","2025-10-03T09:00:00Z","2025-10-03T14:00:00+05:00","Asia/Tashkent",41.204655,69.232522,,,,"AirGradient","AirGradient"
4902926,"Sputnik-4","pm25",29.92287491957347,"µg/m³","2025-10-03T10:00:00Z","2025-10-03T15:00:00+05:00","Asia/Tashkent",41.204655,69.232522,,,,"AirGradient","AirGradient"
4902926,"Sputnik-4","pm25",31.47212494744195,"µg/m³","2025-10-03T11:00:00Z","2025-10-03T16:00:00+05:00","Asia/Tashkent",41.204655,69.232522,,,,"AirGradient","AirGradient"
4902926,"Sputnik-4","pm25",32.379513721995885,"µg/m³","2025-10-03T12:00:00Z","2025-10-03T17:00:00+05:00","Asia/Tashkent",41.204655,69.232522,,,,"AirGradient","AirGradient"
4902926,"Sputnik-4","pm25",32.95420858860016,"µg/m³","2025-10-03T13:00:00Z","2025-10-03T18:00:00+05:00","Asia/Tashkent",41.204655,69.232522,,,,"AirGradient","AirGradient"
4902926,"Sputnik-4","pm25",34.44695841471354,"µg/m³","2025-10-03T14:00:00Z","2025-10-03T19:00:00+05:00","Asia/Tashkent",41.204655,69.232522,,,,"AirGradient","AirGradient"
4902926,"Sputnik-4","pm25",42.957083257039386,"µg/m³","2025-10-03T15:00:00Z","2025-10-03T20:00:00+05:00","Asia/Tashkent",41.204655,69.232522,,,,"AirGradient","AirGradient"
4902926,"Sputnik-4","pm25",53.858666865030926,"µg/m³","2025-10-03T16:00:00Z","2025-10-03T21:00:00+05:00","Asia/Tashkent",41.204655,69.232522,,,,"AirGradient","AirGradient"
4902926,"Sputnik-4","pm25",53.975055525037966,"µg/m³","2025-10-03T17:00:00Z","2025-10-03T22:00:00+05:00","Asia/Tashkent",41.204655,69.232522,,,,"AirGradient","AirGradient"
4902926,"Sputnik-4","pm25",63.75354162851969,"µg/m³","2025-10-03T18:00:00Z","2025-10-03T23:00:00+05:00","Asia/Tashkent",41.204655,69.232522,,,,"AirGradient","AirGradient"
4902926,"Sputnik-4","pm25",62.22379144032797,"µg/m³","2025-10-03T19:00:00Z","2025-10-04T00:00:00+05:00","Asia/Tashkent",41.204655,69.232522,,,,"AirGradient","AirGradient"
4902926,"Sputnik-4","pm25",58.15541674296062,"µg/m³","2025-10-03T20:00:00Z","2025-10-04T01:00:00+05:00","Asia/Tashkent",41.204655,69.232522,,,,"AirGradient","AirGradient"
4902926,"Sputnik-4","pm25",53.76958312988282,"µg/m³","2025-10-03T21:00:00Z","2025-10-04T02:00:00+05:00","Asia/Tashkent",41.204655,69.232522,,,,"AirGradient","AirGradient"
4902926,"Sputnik-4","pm25",54.37758305867512,"µg/m³","2025-10-03T22:00:00Z","2025-10-04T03:00:00+05:00","Asia/Tashkent",41.204655,69.232522,,,,"AirGradient","AirGradient"
4902926,"Sputnik-4","pm25",55.250458463033034,"µg/m³","2025-10-03T23:00:00Z","2025-10-04T04:00:00+05:00","Asia/Tashkent",41.204655,69.232522,,,,"AirGradient","AirGradient"
4902926,"Sputnik-4","pm25",56.57569457160102,"µg/m³","2025-10-04T00:00:00Z","2025-10-04T05:00:00+05:00","Asia/Tashkent",41.204655,69.232522,,,,"AirGradient","AirGradient"
4902926,"Sputnik-4","pm25",55.42379194895426,"µg/m³","2025-10-04T01:00:00Z","2025-10-04T06:00:00+05:00","Asia/Tashkent",41.204655,69.232522,,,,"AirGradient","AirGradient"
4902926,"Sputnik-4","pm25",70.96612491607667,"µg/m³","2025-10-04T02:00:00Z","2025-10-04T07:00:00+05:00","Asia/Tashkent",41.204655,69.232522,,,,"AirGradient","AirGradient"
4902926,"Sputnik-4","pm25",65.46079184214274,"µg/m³","2025-10-04T03:00:00Z","2025-10-04T08:00:00+05:00","Asia/Tashkent",41.204655,69.232522,,,,"AirGradient","AirGradient"
4902926,"Sputnik-4","pm25",62.879250335693364,"µg/m³","2025-10-04T04:00:00Z","2025-10-04T09:00:00+05:00","Asia/Tashkent",41.204655,69.232522,,,,"AirGradient","AirGradient"
4902926,"Sputnik-4","pm25",59.15811123318144,"µg/m³","2025-10-04T05:00:00Z","2025-10-04T10:00:00+05:00","Asia/Tashkent",41.204655,69.232522,,,,"AirGradient","AirGradient"
4902926,"Sputnik-4","pm25",60.3305691825019,"µg/m³","2025-10-04T06:00:00Z","2025-10-04T11:00:00+05:00","Asia/Tashkent",41.204655,69.232522,,,,"AirGradient","AirGradient"
4902926,"Sputnik-4","pm25",48.89694459703234,"µg/m³","2025-10-04T08:00:00Z","2025-10-04T13:00:00+05:00","Asia/Tashkent",41.204655,69.232522,,,,"AirGradient","AirGradient"
4902926,"Sputnik-4","pm25",37.030916881561275,"µg/m³","2025-10-04T09:00:00Z","2025-10-04T14:00:00+05:00","Asia/Tashkent",41.204655,69.232522,,,,"AirGradient","AirGradient"
4902926,"Sputnik-4","pm25",25.669651502551456,"µg/m³","2025-10-04T10:00:00Z","2025-10-04T15:00:00+05:00","Asia/Tashkent",41.204655,69.232522,,,,"AirGradient","AirGradient"
4902926,"Sputnik-4","pm25",20.792958331108093,"µg/m³","2025-10-04T11:00:00Z","2025-10-04T16:00:00+05:00","Asia/Tashkent",41.204655,69.232522,,,,"AirGradient","AirGradient"
4902926,"Sputnik-4","pm25",17.505458331108095,"µg/m³","2025-10-04T12:00:00Z","2025-10-04T17:00:00+05:00","Asia/Tashkent",41.204655,69.232522,,,,"AirGradient","AirGradient"
4902926,"Sputnik-4","pm25",18.425,"µg/m³","2025-10-04T13:00:00Z","2025-10-04T18:00:00+05:00","Asia/Tashkent",41.204655,69.232522,,,,"AirGradient","AirGradient"
4902926,"Sputnik-4","pm25",23.27979166507721,"µg/m³","2025-10-04T14:00:00Z","2025-10-04T19:00:00+05:00","Asia/Tashkent",41.204655,69.232522,,,,"AirGradient","AirGradient"
4902926,"Sputnik-4","pm25",26.69194444020589,"µg/m³","2025-10-04T15:00:00Z","2025-10-04T20:00:00+05:00","Asia/Tashkent",41.204655,69.232522,,,,"AirGradient","AirGradient"
4902926,"Sputnik-4","pm25",30.10249990622202,"µg/m³","2025-10-04T16:00:00Z","2025-10-04T21:00:00+05:00","Asia/Tashkent",41.204655,69.232522,,,,"AirGradient","AirGradient"
4902926,"Sputnik-4","pm25",27.91188884576162,"µg/m³","2025-10-04T17:00:00Z","2025-10-04T22:00:00+05:00","Asia/Tashkent",41.204655,69.232522,,,,"AirGradient","AirGradient"
4902926,"Sputnik-4","pm25",27.95104169050852,"µg/m³","2025-10-04T18:00:00Z","2025-10-04T23:00:00+05:00","Asia/Tashkent",41.204655,69.232522,,,,"AirGradient","AirGradient"
4902926,"Sputnik-4","pm25",36.45011139975654,"µg/m³","2025-10-04T19:00:00Z","2025-10-05T00:00:00+05:00","Asia/Tashkent",41.204655,69.232522,,,,"AirGradient","AirGradient"
4902926,"Sputnik-4","pm25",41.795666758219404,"µg/m³","2025-10-04T20:00:00Z","2025-10-05T01:00:00+05:00","Asia/Tashkent",41.204655,69.232522,,,,"AirGradient","AirGradient"
4902926,"Sputnik-4","pm25",48.88055555555555,"µg/m³","2025-10-04T21:00:00Z","2025-10-05T02:00:00+05:00","Asia/Tashkent",41.204655,69.232522,,,,"AirGradient","AirGradient"
4902926,"Sputnik-4","pm25",50.53220818837483,"µg/m³","2025-10-04T22:00:00Z","2025-10-05T03:00:00+05:00","Asia/Tashkent",41.204655,69.232522,,,,"AirGradient","AirGradient"
4902926,"Sputnik-4","pm25",48.55945809682209,"µg/m³","2025-10-04T23:00:00Z","2025-10-05T04:00:00+05:00","Asia/Tashkent",41.204655,69.232522,,,,"AirGradient","AirGradient"
4902926,"Sputnik-4","pm25",48.58170846303304,"µg/m³","2025-10-05T00:00:00Z","2025-10-05T05:00:00+05:00","Asia/Tashkent",41.204655,69.232522,,,,"AirGradient","AirGradient"
4902926,"Sputnik-4","pm25",56.97016665140787,"µg/m³","2025-10-05T01:00:00Z","2025-10-05T06:00:00+05:00","Asia/Tashkent",41.204655,69.232522,,,,"AirGradient","AirGradient"
4902926,"Sputnik-4","pm25",57.44558347066243,"µg/m³","2025-10-05T02:00:00Z","2025-10-05T07:00:00+05:00","Asia/Tashkent",41.204655,69.232522,,,,"AirGradient","AirGradient"
4902926,"Sputnik-4","pm25",52.03270829518636,"µg/m³","2025-10-05T03:00:00Z","2025-10-05T08:00:00+05:00","Asia/Tashkent",41.204655,69.232522,,,,"AirGradient","AirGradient"
4902926,"Sputnik-4","pm25",46.645180532667375,"µg/m³","2025-10-05T04:00:00Z","2025-10-05T09:00:00+05:00","Asia/Tashkent",41.204655,69.232522,,,,"AirGradient","AirGradient"
4902926,"Sputnik-4","pm25",37.687416330973306,"µg/m³","2025-10-05T05:00:00Z","2025-10-05T10:00:00+05:00","Asia/Tashkent",41.204655,69.232522,,,,"AirGradient","AirGradient"
4902926,"Sputnik-4","pm25",31.473930319150295,"µg/m³","2025-10-05T06:00:00Z","2025-10-05T11:00:00+05:00","Asia/Tashkent",41.204655,69.232522,,,,"AirGradient","AirGradient"
4902926,"Sputnik-4","pm25",32.90491652753618,"µg/m³","2025-10-05T07:00:00Z","2025-10-05T12:00:00+05:00","Asia/Tashkent",41.204655,69.232522,,,,"AirGradient","AirGradient"
4902926,"Sputnik-4","pm25",30.051333419481917,"µg/m³","2025-10-05T08:00:00Z","2025-10-05T13:00:00+05:00","Asia/Tashkent",41.204655,69.232522,,,,"AirGradient","AirGradient"
4902926,"Sputnik-4","pm25",34.40806951522828,"µg/m³","2025-10-05T09:00:00Z","2025-10-05T14:00:00+05:00","Asia/Tashkent",41.204655,69.232522,,,,"AirGradient","AirGradient"
4902926,"Sputnik-4","pm25",23.043791699409482,"µg/m³","2025-10-05T10:00:00Z","2025-10-05T15:00:00+05:00","Asia/Tashkent",41.204655,69.232522,,,,"AirGradient","AirGradient"
4902926,"Sputnik-4","pm25",23.050083335240682,"µg/m³","2025-10-05T11:00:00Z","2025-10-05T16:00:00+05:00","Asia/Tashkent",41.204655,69.232522,,,,"AirGradient","AirGradient"
4902926,"Sputnik-4","pm25",20.331458332803514,"µg/m³","2025-10-05T12:00:00Z","2025-10-05T17:00:00+05:00","Asia/Tashkent",41.204655,69.232522,,,,"AirGradient","AirGradient"
4902926,"Sputnik-4","pm25",28.141708103815716,"µg/m³","2025-10-05T13:00:00Z","2025-10-05T18:00:00+05:00","Asia/Tashkent",41.204655,69.232522,,,,"AirGradient","AirGradient"
4902926,"Sputnik-4","pm25",36.063500074906784,"µg/m³","2025-10-05T14:00:00Z","2025-10-05T19:00:00+05:00","Asia/Tashkent",41.204655,69.232522,,,,"AirGradient","AirGradient"
4902926,"Sputnik-4","pm25",43.02757545239997,"µg/m³","2025-10-05T15:00:00Z","2025-10-05T20:00:00+05:00","Asia/Tashkent",41.204655,69.232522,,,,"AirGradient","AirGradient"
4902926,"Sputnik-4","pm25",51.132861116197375,"µg/m³","2025-10-05T16:00:00Z","2025-10-05T21:00:00+05:00","Asia/Tashkent",41.204655,69.232522,,,,"AirGradient","AirGradient"
4902926,"Sputnik-4","pm25",58.14949989318847,"µg/m³","2025-10-05T17:00:00Z","2025-10-05T22:00:00+05:00","Asia/Tashkent",41.204655,69.232522,,,,"AirGradient","AirGradient"
4902926,"Sputnik-4","pm25",56.183249664306636,"µg/m³","2025-10-05T18:00:00Z","2025-10-05T23:00:00+05:00","Asia/Tashkent",41.204655,69.232522,,,,"AirGradient","AirGradient"
4902926,"Sputnik-4","pm25",62.775458335876465,"µg/m³","2025-10-05T19:00:00Z","2025-10-06T00:00:00+05:00","Asia/Tashkent",41.204655,69.232522,,,,"AirGradient","AirGradient"
4902926,"Sputnik-4","pm25",52.03105540805393,"µg/m³","2025-10-05T20:00:00Z","2025-10-06T01:00:00+05:00","Asia/Tashkent",41.204655,69.232522,,,,"AirGradient","AirGradient"
4902926,"Sputnik-4","pm25",52.81577801174587,"µg/m³","2025-10-05T21:00:00Z","2025-10-06T02:00:00+05:00","Asia/Tashkent",41.204655,69.232522,,,,"AirGradient","AirGradient"
4902926,"Sputnik-4","pm25",54.6956667582194,"µg/m³","2025-10-05T22:00:00Z","2025-10-06T03:00:00+05:00","Asia/Tashkent",41.204655,69.232522,,,,"AirGradient","AirGradient"
4902926,"Sputnik-4","pm25",55.542791811625165,"µg/m³","2025-10-05T23:00:00Z","2025-10-06T04:00:00+05:00","Asia/Tashkent",41.204655,69.232522,,,,"AirGradient","AirGradient"
4902926,"Sputnik-4","pm25",55.231499862670894,"µg/m³","2025-10-06T00:00:00Z","2025-10-06T05:00:00+05:00","Asia/Tashkent",41.204655,69.232522,,,,"AirGradient","AirGradient"
4902926,"Sputnik-4","pm25",50.34216651916504,"µg/m³","2025-10-06T01:00:00Z","2025-10-06T06:00:00+05:00","Asia/Tashkent",41.204655,69.232522,,,,"AirGradient","AirGradient"
4902926,"Sputnik-4","pm25",39.28983325958252,"µg/m³","2025-10-06T02:00:00Z","2025-10-06T07:00:00+05:00","Asia/Tashkent",41.204655,69.232522,,,,"AirGradient","AirGradient"
4902926,"Sputnik-4","pm25",26.77169442176819,"µg/m³","2025-10-06T03:00:00Z","2025-10-06T08:00:00+05:00","Asia/Tashkent",41.204655,69.232522,,,,"AirGradient","AirGradient"
4902926,"Sputnik-4","pm25",20.833361117045083,"µg/m³","2025-10-06T04:00:00Z","2025-10-06T09:00:00+05:00","Asia/Tashkent",41.204655,69.232522,,,,"AirGradient","AirGradient"
4902926,"Sputnik-4","pm25",17.269375030199686,"µg/m³","2025-10-06T05:00:00Z","2025-10-06T10:00:00+05:00","Asia/Tashkent",41.204655,69.232522,,,,"AirGradient","AirGradient"
4902926,"Sputnik-4","pm25",18.755125006039936,"µg/m³","2025-10-06T06:00:00Z","2025-10-06T11:00:00+05:00","Asia/Tashkent",41.204655,69.232522,,,,"AirGradient","AirGradient"
4902926,"Sputnik-4","pm25",20.154666656917996,"µg/m³","2025-10-06T07:00:00Z","2025-10-06T12:00:00+05:00","Asia/Tashkent",41.204655,69.232522,,,,"AirGradient","AirGradient"
4902926,"Sputnik-4","pm25",19.727625007099576,"µg/m³","2025-10-06T08:00:00Z","2025-10-06T13:00:00+05:00","Asia/Tashkent",41.204655,69.232522,,,,"AirGradient","AirGradient"
4902926,"Sputnik-4","pm25",22.770250002543133,"µg/m³","2025-10-06T09:00:00Z","2025-10-06T14:00:00+05:00","Asia/Tashkent",41.204655,69.232522,,,,"AirGradient","AirGradient"
4902926,"Sputnik-4","pm25",25.596041671435035,"µg/m³","2025-10-06T10:00:00Z","2025-10-06T15:00:00+05:00","Asia/Tashkent",41.204655,69.232522,,,,"AirGradient","AirGradient"
4902926,"Sputnik-4","pm25",27.572819468710154,"µg/m³","2025-10-06T11:00:00Z","2025-10-06T16:00:00+05:00","Asia/Tashkent",41.204655,69.232522,,,,"AirGradient","AirGradient"
4902926,"Sputnik-4","pm25",24.476041674613953,"µg/m³","2025-10-06T12:00:00Z","2025-10-06T17:00:00+05:00","Asia/Tashkent",41.204655,69.232522,,,,"AirGradient","AirGradient"
4902926,"Sputnik-4","pm25",24.206638892491657,"µg/m³","2025-10-06T13:00:00Z","2025-10-06T18:00:00+05:00","Asia/Tashkent",41.204655,69.232522,,,,"AirGradient","AirGradient"
4902926,"Sputnik-4","pm25",30.873583454555938,"µg/m³","2025-10-06T14:00:00Z","2025-10-06T19:00:00+05:00","Asia/Tashkent",41.204655,69.232522,,,,"AirGradient","AirGradient"
4902926,"Sputnik-4","pm25",33.19801406595442,"µg/m³","2025-10-06T15:00:00Z","2025-10-06T20:00:00+05:00","Asia/Tashkent",41.204655,69.232522,,,,"AirGradient","AirGradient"
4902926,"Sputnik-4","pm25",37.59679203033448,"µg/m³","2025-10-06T16:00:00Z","2025-10-06T21:00:00+05:00","Asia/Tashkent",41.204655,69.232522,,,,"AirGradient","AirGradient"
4902926,"Sputnik-4","pm25",47.34105550977918,"µg/m³","2025-10-06T17:00:00Z","2025-10-06T22:00:00+05:00","Asia/Tashkent",41.204655,69.232522,,,,"AirGradient","AirGradient"
4902926,"Sputnik-4","pm25",52.01300010681152,"µg/m³","2025-10-06T18:00:00Z","2025-10-06T23:00:00+05:00","Asia/Tashkent",41.204655,69.232522,,,,"AirGradient","AirGradient"
4902926,"Sputnik-4","pm25",56.55912532806397,"µg/m³","2025-10-06T19:00:00Z","2025-10-07T00:00:00+05:00","Asia/Tashkent",41.204655,69.232522,,,,"AirGradient","AirGradient"
4902926,"Sputnik-4","pm25",61.68961084153918,"µg/m³","2025-10-06T20:00:00Z","2025-10-07T01:00:00+05:00","Asia/Tashkent",41.204655,69.232522,,,,"AirGradient","AirGradient"
4902926,"Sputnik-4","pm25",54.82708333333334,"µg/m³","2025-10-06T21:00:00Z","2025-10-07T02:00:00+05:00","Asia/Tashkent",41.204655,69.232522,,,,"AirGradient","AirGradient"
4902926,"Sputnik-4","pm25",51.418666712443034,"µg/m³","2025-10-06T22:00:00Z","2025-10-07T03:00:00+05:00","Asia/Tashkent",41.204655,69.232522,,,,"AirGradient","AirGradient"
4902926,"Sputnik-4","pm25",53.0257916132609,"µg/m³","2025-10-06T23:00:00Z","2025-10-07T04:00:00+05:00","Asia/Tashkent",41.204655,69.232522,,,,"AirGradient","AirGradient"
4902926,"Sputnik-4","pm25",55.67633298238118,"µg/m³","2025-10-07T00:00:00Z","2025-10-07T05:00:00+05:00","Asia/Tashkent",41.204655,69.232522,,,,"AirGradient","AirGradient"
4902926,"Sputnik-4","pm25",57.804208310445155,"µg/m³","2025-10-07T01:00:00Z","2025-10-07T06:00:00+05:00","Asia/Tashkent",41.204655,69.232522,,,,"AirGradient","AirGradient"
4902926,"Sputnik-4","pm25",59.216416422526045,"µg/m³","2025-10-07T02:00:00Z","2025-10-07T07:00:00+05:00","Asia/Tashkent",41.204655,69.232522,,,,"AirGradient","AirGradient"
4902926,"Sputnik-4","pm25",59.43873619503446,"µg/m³","2025-10-07T03:00:00Z","2025-10-07T08:00:00+05:00","Asia/Tashkent",41.204655,69.232522,,,,"AirGradient","AirGradient"
4902926,"Sputnik-4","pm25",51.410708173116056,"µg/m³","2025-10-07T04:00:00Z","2025-10-07T09:00:00+05:00","Asia/Tashkent",41.204655,69.232522,,,,"AirGradient","AirGradient"
4902926,"Sputnik-4","pm25",44.05470803578695,"µg/m³","2025-10-07T05:00:00Z","2025-10-07T10:00:00+05:00","Asia/Tashkent",41.204655,69.232522,,,,"AirGradient","AirGradient"
4902926,"Sputnik-4","pm25",36.57283376057943,"µg/m³","2025-10-07T06:00:00Z","2025-10-07T11:00:00+05:00","Asia/Tashkent",41.204655,69.232522,,,,"AirGradient","AirGradient"
4902926,"Sputnik-4","pm25",31.597957984606424,"µg/m³","2025-10-07T07:00:00Z","2025-10-07T12:00:00+05:00","Asia/Tashkent",41.204655,69.232522,,,,"AirGradient","AirGradient"
4902926,"Sputnik-4","pm25",34.59034727944268,"µg/m³","2025-10-07T08:00:00Z","2025-10-07T13:00:00+05:00","Asia/Tashkent",41.204655,69.232522,,,,"AirGradient","AirGradient"
4902926,"Sputnik-4","pm25",41.74183362325033,"µg/m³","2025-10-07T09:00:00Z","2025-10-07T14:00:00+05:00","Asia/Tashkent",41.204655,69.232522,,,,"AirGradient","AirGradient"
4902926,"Sputnik-4","pm25",34.884500082333886,"µg/m³","2025-10-07T10:00:00Z","2025-10-07T15:00:00+05:00","Asia/Tashkent",41.204655,69.232522,,,,"AirGradient","AirGradient"
4902926,"Sputnik-4","pm25",28.75022219022115,"µg/m³","2025-10-07T11:00:00Z","2025-10-07T16:00:00+05:00","Asia/Tashkent",41.204655,69.232522,,,,"AirGradient","AirGradient"
4902926,"Sputnik-4","pm25",28.913555606206263,"µg/m³","2025-10-07T12:00:00Z","2025-10-07T17:00:00+05:00","Asia/Tashkent",41.204655,69.232522,,,,"AirGradient","AirGradient"
4902926,"Sputnik-4","pm25",20.14700000069358,"µg/m³","2025-10-07T13:00:00Z","2025-10-07T18:00:00+05:00","Asia/Tashkent",41.204655,69.232522,,,,"AirGradient","AirGradient"
4902926,"Sputnik-4","pm25",25.269902782970007,"µg/m³","2025-10-07T14:00:00Z","2025-10-07T19:00:00+05:00","Asia/Tashkent",41.204655,69.232522,,,,"AirGradient","AirGradient"
4902926,"Sputnik-4","pm25",34.35794431633419,"µg/m³","2025-10-07T15:00:00Z","2025-10-07T20:00:00+05:00","Asia/Tashkent",41.204655,69.232522,,,,"AirGradient","AirGradient"
4902926,"Sputnik-4","pm25",30.439708193143215,"µg/m³","2025-10-07T16:00:00Z","2025-10-07T21:00:00+05:00","Asia/Tashkent",41.204655,69.232522,,,,"AirGradient","AirGradient"
4902926,"Sputnik-4","pm25",34.529233309427894,"µg/m³","2025-10-07T17:00:00Z","2025-10-07T22:00:00+05:00","Asia/Tashkent",41.204655,69.232522,,,,"AirGradient","AirGradient"
4902926,"Sputnik-4","pm25",38.35076423221164,"µg/m³","2025-10-07T18:00:00Z","2025-10-07T23:00:00+05:00","Asia/Tashkent",41.204655,69.232522,,,,"AirGradient","AirGradient"
4902926,"Sputnik-4","pm25",44.1793891482883,"µg/m³","2025-10-07T19:00:00Z","2025-10-08T00:00:00+05:00","Asia/Tashkent",41.204655,69.232522,,,,"AirGradient","AirGradient"
4902926,"Sputnik-4","pm25",46.559041531880695,"µg/m³","2025-10-07T20:00:00Z","2025-10-08T01:00:00+05:00","Asia/Tashkent",41.204655,69.232522,,,,"AirGradient","AirGradient"
4902926,"Sputnik-4","pm25",45.29575004577637,"µg/m³","2025-10-07T21:00:00Z","2025-10-08T02:00:00+05:00","Asia/Tashkent",41.204655,69.232522,,,,"AirGradient","AirGradient"
4902926,"Sputnik-4","pm25",43.85933316548665,"µg/m³","2025-10-07T22:00:00Z","2025-10-08T03:00:00+05:00","Asia/Tashkent",41.204655,69.232522,,,,"AirGradient","AirGradient"
4902926,"Sputnik-4","pm25",43.10249977111817,"µg/m³","2025-10-07T23:00:00Z","2025-10-08T04:00:00+05:00","Asia/Tashkent",41.204655,69.232522,,,,"AirGradient","AirGradient"
4902926,"Sputnik-4","pm25",38.97199974060059,"µg/m³","2025-10-08T00:00:00Z","2025-10-08T05:00:00+05:00","Asia/Tashkent",41.204655,69.232522,,,,"AirGradient","AirGradient"
4902926,"Sputnik-4","pm25",37.57749977111816,"µg/m³","2025-10-08T01:00:00Z","2025-10-08T06:00:00+05:00","Asia/Tashkent",41.204655,69.232522,,,,"AirGradient","AirGradient"
4902926,"Sputnik-4","pm25",44.70545838673909,"µg/m³","2025-10-08T02:00:00Z","2025-10-08T07:00:00+05:00","Asia/Tashkent",41.204655,69.232522,,,,"AirGradient","AirGradient"
4902926,"Sputnik-4","pm25",44.21150016784668,"µg/m³","2025-10-08T03:00:00Z","2025-10-08T08:00:00+05:00","Asia/Tashkent",41.204655,69.232522,,,,"AirGradient","AirGradient"
4902926,"Sputnik-4","pm25",48.72955521477595,"µg/m³","2025-10-08T04:00:00Z","2025-10-08T09:00:00+05:00","Asia/Tashkent",41.204655,69.232522,,,,"AirGradient","AirGradient"
4902926,"Sputnik-4","pm25",45.9854995727539,"µg/m³","2025-10-08T05:00:00Z","2025-10-08T10:00:00+05:00","Asia/Tashkent",41.204655,69.232522,,,,"AirGradient","AirGradient"
4902926,"Sputnik-4","pm25",44.57216618855795,"µg/m³","2025-10-08T06:00:00Z","2025-10-08T11:00:00+05:00","Asia/Tashkent",41.204655,69.232522,,,,"AirGradient","AirGradient"
4902926,"Sputnik-4","pm25",41.96245797475179,"µg/m³","2025-10-08T07:00:00Z","2025-10-08T12:00:00+05:00","Asia/Tashkent",41.204655,69.232522,,,,"AirGradient","AirGradient"
4902926,"Sputnik-4","pm25",35.58886115815904,"µg/m³","2025-10-08T08:00:00Z","2025-10-08T13:00:00+05:00","Asia/Tashkent",41.204655,69.232522,,,,"AirGradient","AirGradient"
4902926,"Sputnik-4","pm25",34.4343200551139,"µg/m³","2025-10-08T09:00:00Z","2025-10-08T14:00:00+05:00","Asia/Tashkent",41.204655,69.232522,,,,"AirGradient","AirGradient"
4902926,"Sputnik-4","pm25",32.705888856781854,"µg/m³","2025-10-08T10:00:00Z","2025-10-08T15:00:00+05:00","Asia/Tashkent",41.204655,69.232522,,,,"AirGradient","AirGradient"
4902926,"Sputnik-4","pm25",33.52904982566834,"µg/m³","2025-10-08T11:00:00Z","2025-10-08T16:00:00+05:00","Asia/Tashkent",41.204655,69.232522,,,,"AirGradient","AirGradient"
4902926,"Sputnik-4","pm25",34.070364067771216,"µg/m³","2025-10-08T12:00:00Z","2025-10-08T17:00:00+05:00","Asia/Tashkent",41.204655,69.232522,,,,"AirGradient","AirGradient"
4902926,"Sputnik-4","pm25",34.22508356571198,"µg/m³","2025-10-08T13:00:00Z","2025-10-08T18:00:00+05:00","Asia/Tashkent",41.204655,69.232522,,,,"AirGradient","AirGradient"
4902926,"Sputnik-4","pm25",40.28703703703704,"µg/m³","2025-10-08T14:00:00Z","2025-10-08T19:00:00+05:00","Asia/Tashkent",41.204655,69.232522,,,,"AirGradient","AirGradient"
4902926,"Sputnik-4","pm25",37.73121203798236,"µg/m³","2025-10-08T15:00:00Z","2025-10-08T20:00:00+05:00","Asia/Tashkent",41.204655,69.232522,,,,"AirGradient","AirGradient"
4902926,"Sputnik-4","pm25",37.151909203962845,"µg/m³","2025-10-08T16:00:00Z","2025-10-08T21:00:00+05:00","Asia/Tashkent",41.204655,69.232522,,,,"AirGradient","AirGradient"
4902926,"Sputnik-4","pm25",36.80029154618581,"µg/m³","2025-10-08T17:00:00Z","2025-10-08T22:00:00+05:00","Asia/Tashkent",41.204655,69.232522,,,,"AirGradient","AirGradient"
4902926,"Sputnik-4","pm25",44.95751383039686,"µg/m³","2025-10-08T18:00:00Z","2025-10-08T23:00:00+05:00","Asia/Tashkent",41.204655,69.232522,,,,"AirGradient","AirGradient"
4902926,"Sputnik-4","pm25",53.48910594131007,"µg/m³","2025-10-08T19:00:00Z","2025-10-09T00:00:00+05:00","Asia/Tashkent",41.204655,69.232522,,,,"AirGradient","AirGradient"
4902926,"Sputnik-4","pm25",56.81436097886828,"µg/m³","2025-10-08T20:00:00Z","2025-10-09T01:00:00+05:00","Asia/Tashkent",41.204655,69.232522,,,,"AirGradient","AirGradient"
4902926,"Sputnik-4","pm25",54.45902777777778,"µg/m³","2025-10-08T21:00:00Z","2025-10-09T02:00:00+05:00","Asia/Tashkent",41.204655,69.232522,,,,"AirGradient","AirGradient"
4902926,"Sputnik-4","pm25",56.298416900634756,"µg/m³","2025-10-08T22:00:00Z","2025-10-09T03:00:00+05:00","Asia/Tashkent",41.204655,69.232522,,,,"AirGradient","AirGradient"
4902926,"Sputnik-4","pm25",51.861500167846685,"µg/m³","2025-10-08T23:00:00Z","2025-10-09T04:00:00+05:00","Asia/Tashkent",41.204655,69.232522,,,,"AirGradient","AirGradient"
4902926,"Sputnik-4","pm25",48.40961142645941,"µg/m³","2025-10-09T00:00:00Z","2025-10-09T05:00:00+05:00","Asia/Tashkent",41.204655,69.232522,,,,"AirGradient","AirGradient"
4902926,"Sputnik-4","pm25",46.45199966430664,"µg/m³","2025-10-09T01:00:00Z","2025-10-09T06:00:00+05:00","Asia/Tashkent",41.204655,69.232522,,,,"AirGradient","AirGradient"
4902926,"Sputnik-4","pm25",51.5314582188924,"µg/m³","2025-10-09T02:00:00Z","2025-10-09T07:00:00+05:00","Asia/Tashkent",41.204655,69.232522,,,,"AirGradient","AirGradient"
4902926,"Sputnik-4","pm25",49.958277935451925,"µg/m³","2025-10-09T03:00:00Z","2025-10-09T08:00:00+05:00","Asia/Tashkent",41.204655,69.232522,,,,"AirGradient","AirGradient"
4902926,"Sputnik-4","pm25",50.015292040507,"µg/m³","2025-10-09T04:00:00Z","2025-10-09T09:00:00+05:00","Asia/Tashkent",41.204655,69.232522,,,,"AirGradient","AirGradient"
4902926,"Sputnik-4","pm25",45.43568079206679,"µg/m³","2025-10-09T05:00:00Z","2025-10-09T10:00:00+05:00","Asia/Tashkent",41.204655,69.232522,,,,"AirGradient","AirGradient"
4902926,"Sputnik-4","pm25",42.61929187774658,"µg/m³","2025-10-09T06:00:00Z","2025-10-09T11:00:00+05:00","Asia/Tashkent",41.204655,69.232522,,,,"AirGradient","AirGradient"
4902926,"Sputnik-4","pm25",40.68768045637343,"µg/m³","2025-10-09T07:00:00Z","2025-10-09T12:00:00+05:00","Asia/Tashkent",41.204655,69.232522,,,,"AirGradient","AirGradient"
4902926,"Sputnik-4","pm25",44.53224983215332,"µg/m³","2025-10-09T08:00:00Z","2025-10-09T13:00:00+05:00","Asia/Tashkent",41.204655,69.232522,,,,"AirGradient","AirGradient"
4902926,"Sputnik-4","pm25",38.717999903361004,"µg/m³","2025-10-09T09:00:00Z","2025-10-09T14:00:00+05:00","Asia/Tashkent",41.204655,69.232522,,,,"AirGradient","AirGradient"
4902926,"Sputnik-4","pm25",37.68806913163927,"µg/m³","2025-10-09T10:00:00Z","2025-10-09T15:00:00+05:00","Asia/Tashkent",41.204655,69.232522,,,,"AirGradient","AirGradient"
4902926,"Sputnik-4","pm25",38.02077780829536,"µg/m³","2025-10-09T11:00:00Z","2025-10-09T16:00:00+05:00","Asia/Tashkent",41.204655,69.232522,,,,"AirGradient","AirGradient"
4902926,"Sputnik-4","pm25",41.56895821889241,"µg/m³","2025-10-09T12:00:00Z","2025-10-09T17:00:00+05:00","Asia/Tashkent",41.204655,69.232522,,,,"AirGradient","AirGradient"
4902926,"Sputnik-4","pm25",45.24033330281576,"µg/m³","2025-10-09T13:00:00Z","2025-10-09T18:00:00+05:00","Asia/Tashkent",41.204655,69.232522,,,,"AirGradient","AirGradient"
4902926,"Sputnik-4","pm25",46.927667185465495,"µg/m³","2025-10-09T14:00:00Z","2025-10-09T19:00:00+05:00","Asia/Tashkent",41.204655,69.232522,,,,"AirGradient","AirGradient"
4902926,"Sputnik-4","pm25",61.16247236463759,"µg/m³","2025-10-09T15:00:00Z","2025-10-09T20:00:00+05:00","Asia/Tashkent",41.204655,69.232522,,,,"AirGradient","AirGradient"
4902926,"Sputnik-4","pm25",61.95154158274332,"µg/m³","2025-10-09T16:00:00Z","2025-10-09T21:00:00+05:00","Asia/Tashkent",41.204655,69.232522,,,,"AirGradient","AirGradient"
4902926,"Sputnik-4","pm25",71.47095839182535,"µg/m³","2025-10-09T17:00:00Z","2025-10-09T22:00:00+05:00","Asia/Tashkent",41.204655,69.232522,,,,"AirGradient","AirGradient"
4902926,"Sputnik-4","pm25",66.06423630184598,"µg/m³","2025-10-09T18:00:00Z","2025-10-09T23:00:00+05:00","Asia/Tashkent",41.204655,69.232522,,,,"AirGradient","AirGradient"
4902926,"Sputnik-4","pm25",59.979999796549485,"µg/m³","2025-10-09T19:00:00Z","2025-10-10T00:00:00+05:00","Asia/Tashkent",41.204655,69.232522,,,,"AirGradient","AirGradient"
4902926,"Sputnik-4","pm25",55.53104165395101,"µg/m³","2025-10-09T20:00:00Z","2025-10-10T01:00:00+05:00","Asia/Tashkent",41.204655,69.232522,,,,"AirGradient","AirGradient"
4902926,"Sputnik-4","pm25",52.81629187266032,"µg/m³","2025-10-09T21:00:00Z","2025-10-10T02:00:00+05:00","Asia/Tashkent",41.204655,69.232522,,,,"AirGradient","AirGradient"
4902926,"Sputnik-4","pm25",60.207333119710285,"µg/m³","2025-10-09T22:00:00Z","2025-10-10T03:00:00+05:00","Asia/Tashkent",41.204655,69.232522,,,,"AirGradient","AirGradient"
4902926,"Sputnik-4","pm25",56.12055558098687,"µg/m³","2025-10-09T23:00:00Z","2025-10-10T04:00:00+05:00","Asia/Tashkent",41.204655,69.232522,,,,"AirGradient","AirGradient"
4902926,"Sputnik-4","pm25",58.085625267028824,"µg/m³","2025-10-10T00:00:00Z","2025-10-10T05:00:00+05:00","Asia/Tashkent",41.204655,69.232522,,,,"AirGradient","AirGradient"
4902926,"Sputnik-4","pm25",61.030958112080896,"µg/m³","2025-10-10T01:00:00Z","2025-10-10T06:00:00+05:00","Asia/Tashkent",41.204655,69.232522,,,,"AirGradient","AirGradient"
4902926,"Sputnik-4","pm25",59.48126375410292,"µg/m³","2025-10-10T02:00:00Z","2025-10-10T07:00:00+05:00","Asia/Tashkent",41.204655,69.232522,,,,"AirGradient","AirGradient"
4902926,"Sputnik-4","pm25",56.16398605770535,"µg/m³","2025-10-10T03:00:00Z","2025-10-10T08:00:00+05:00","Asia/Tashkent",41.204655,69.232522,,,,"AirGradient","AirGradient"
4902926,"Sputnik-4","pm25",53.632291857401526,"µg/m³","2025-10-10T04:00:00Z","2025-10-10T09:00:00+05:00","Asia/Tashkent",41.204655,69.232522,,,,"AirGradient","AirGradient"
4902926,"Sputnik-4","pm25",49.36841684977213,"µg/m³","2025-10-10T05:00:00Z","2025-10-10T10:00:00+05:00","Asia/Tashkent",41.204655,69.232522,,,,"AirGradient","AirGradient"
4902926,"Sputnik-4","pm25",43.199694612291125,"µg/m³","2025-10-10T06:00:00Z","2025-10-10T11:00:00+05:00","Asia/Tashkent",41.204655,69.232522,,,,"AirGradient","AirGradient"
4902926,"Sputnik-4","pm25",45.247736083136665,"µg/m³","2025-10-10T07:00:00Z","2025-10-10T12:00:00+05:00","Asia/Tashkent",41.204655,69.232522,,,,"AirGradient","AirGradient"
4902926,"Sputnik-4","pm25",46.55793064965143,"µg/m³","2025-10-10T08:00:00Z","2025-10-10T13:00:00+05:00","Asia/Tashkent",41.204655,69.232522,,,,"AirGradient","AirGradient"
4902926,"Sputnik-4","pm25",51.70443053775364,"µg/m³","2025-10-10T09:00:00Z","2025-10-10T14:00:00+05:00","Asia/Tashkent",41.204655,69.232522,,,,"AirGradient","AirGradient"
4902926,"Sputnik-4","pm25",54.11937503814696,"µg/m³","2025-10-10T10:00:00Z","2025-10-10T15:00:00+05:00","Asia/Tashkent",41.204655,69.232522,,,,"AirGradient","AirGradient"
4902926,"Sputnik-4","pm25",47.32987524668376,"µg/m³","2025-10-10T11:00:00Z","2025-10-10T16:00:00+05:00","Asia/Tashkent",41.204655,69.232522,,,,"AirGradient","AirGradient"
4902926,"Sputnik-4","pm25",46.62194446987576,"µg/m³","2025-10-10T12:00:00Z","2025-10-10T17:00:00+05:00","Asia/Tashkent",41.204655,69.232522,,,,"AirGradient","AirGradient"
4902926,"Sputnik-4","pm25",53.144097031487355,"µg/m³","2025-10-10T13:00:00Z","2025-10-10T18:00:00+05:00","Asia/Tashkent",41.204655,69.232522,,,,"AirGradient","AirGradient"
4902926,"Sputnik-4","pm25",59.13723612891303,"µg/m³","2025-10-10T14:00:00Z","2025-10-10T19:00:00+05:00","Asia/Tashkent",41.204655,69.232522,,,,"AirGradient","AirGradient"
4902926,"Sputnik-4","pm25",89.39954153696694,"µg/m³","2025-10-10T15:00:00Z","2025-10-10T20:00:00+05:00","Asia/Tashkent",41.204655,69.232522,,,,"AirGradient","AirGradient"
4902926,"Sputnik-4","pm25",111.27223597632513,"µg/m³","2025-10-10T16:00:00Z","2025-10-10T21:00:00+05:00","Asia/Tashkent",41.204655,69.232522,,,,"AirGradient","AirGradient"
4902926,"Sputnik-4","pm25",97.31781810413709,"µg/m³","2025-10-10T17:00:00Z","2025-10-10T22:00:00+05:00","Asia/Tashkent",41.204655,69.232522,,,,"AirGradient","AirGradient"
4902926,"Sputnik-4","pm25",80.1798749923706,"µg/m³","2025-10-10T18:00:00Z","2025-10-10T23:00:00+05:00","Asia/Tashkent",41.204655,69.232522,,,,"AirGradient","AirGradient"
4902926,"Sputnik-4","pm25",83.63350028991698,"µg/m³","2025-10-10T19:00:00Z","2025-10-11T00:00:00+05:00","Asia/Tashkent",41.204655,69.232522,,,,"AirGradient","AirGradient"
4902926,"Sputnik-4","pm25",88.10849990844729,"µg/m³","2025-10-10T20:00:00Z","2025-10-11T01:00:00+05:00","Asia/Tashkent",41.204655,69.232522,,,,"AirGradient","AirGradient"
4902926,"Sputnik-4","pm25",71.68320840199789,"µg/m³","2025-10-10T21:00:00Z","2025-10-11T02:00:00+05:00","Asia/Tashkent",41.204655,69.232522,,,,"AirGradient","AirGradient"
4902926,"Sputnik-4","pm25",66.76450004577636,"µg/m³","2025-10-10T22:00:00Z","2025-10-11T03:00:00+05:00","Asia/Tashkent",41.204655,69.232522,,,,"AirGradient","AirGradient"
4902926,"Sputnik-4","pm25",62.950249862670894,"µg/m³","2025-10-10T23:00:00Z","2025-10-11T04:00:00+05:00","Asia/Tashkent",41.204655,69.232522,,,,"AirGradient","AirGradient"
4902926,"Sputnik-4","pm25",63.23141695658365,"µg/m³","2025-10-11T00:00:00Z","2025-10-11T05:00:00+05:00","Asia/Tashkent",41.204655,69.232522,,,,"AirGradient","AirGradient"
4902926,"Sputnik-4","pm25",63.20933316548665,"µg/m³","2025-10-11T01:00:00Z","2025-10-11T06:00:00+05:00","Asia/Tashkent",41.204655,69.232522,,,,"AirGradient","AirGradient"
4902926,"Sputnik-4","pm25",59.61149978637695,"µg/m³","2025-10-11T02:00:00Z","2025-10-11T07:00:00+05:00","Asia/Tashkent",41.204655,69.232522,,,,"AirGradient","AirGradient"
4902926,"Sputnik-4","pm25",61.54222229851617,"µg/m³","2025-10-11T03:00:00Z","2025-10-11T08:00:00+05:00","Asia/Tashkent",41.204655,69.232522,,,,"AirGradient","AirGradient"
4902926,"Sputnik-4","pm25",68.27125015258788,"µg/m³","2025-10-11T04:00:00Z","2025-10-11T09:00:00+05:00","Asia/Tashkent",41.204655,69.232522,,,,"AirGradient","AirGradient"
4902926,"Sputnik-4","pm25",65.64711129930284,"µg/m³","2025-10-11T05:00:00Z","2025-10-11T10:00:00+05:00","Asia/Tashkent",41.204655,69.232522,,,,"AirGradient","AirGradient"
4902926,"Sputnik-4","pm25",72.04112517038982,"µg/m³","2025-10-11T06:00:00Z","2025-10-11T11:00:00+05:00","Asia/Tashkent",41.204655,69.232522,,,,"AirGradient","AirGradient"
4902926,"Sputnik-4","pm25",64.22452778286403,"µg/m³","2025-10-11T07:00:00Z","2025-10-11T12:00:00+05:00","Asia/Tashkent",41.204655,69.232522,,,,"AirGradient","AirGradient"
4902926,"Sputnik-4","pm25",53.26116638183593,"µg/m³","2025-10-11T08:00:00Z","2025-10-11T13:00:00+05:00","Asia/Tashkent",41.204655,69.232522,,,,"AirGradient","AirGradient"
4902926,"Sputnik-4","pm25",50.44677255803888,"µg/m³","2025-10-11T09:00:00Z","2025-10-11T14:00:00+05:00","Asia/Tashkent",41.204655,69.232522,,,,"AirGradient","AirGradient"
4902926,"Sputnik-4","pm25",45.20919435289171,"µg/m³","2025-10-11T10:00:00Z","2025-10-11T15:00:00+05:00","Asia/Tashkent",41.204655,69.232522,,,,"AirGradient","AirGradient"
4902926,"Sputnik-4","pm25",47.97194434271918,"µg/m³","2025-10-11T11:00:00Z","2025-10-11T16:00:00+05:00","Asia/Tashkent",41.204655,69.232522,,,,"AirGradient","AirGradient"
4902926,"Sputnik-4","pm25",45.40748503713897,"µg/m³","2025-10-11T13:00:00Z","2025-10-11T18:00:00+05:00","Asia/Tashkent",41.204655,69.232522,,,,"AirGradient","AirGradient"
4902926,"Sputnik-4","pm25",48.03786116706001,"µg/m³","2025-10-11T14:00:00Z","2025-10-11T19:00:00+05:00","Asia/Tashkent",41.204655,69.232522,,,,"AirGradient","AirGradient"
4902926,"Sputnik-4","pm25",47.03233337402344,"µg/m³","2025-10-11T15:00:00Z","2025-10-11T20:00:00+05:00","Asia/Tashkent",41.204655,69.232522,,,,"AirGradient","AirGradient"
4902926,"Sputnik-4","pm25",72.33152749803331,"µg/m³","2025-10-11T16:00:00Z","2025-10-11T21:00:00+05:00","Asia/Tashkent",41.204655,69.232522,,,,"AirGradient","AirGradient"
4902926,"Sputnik-4","pm25",75.54679152170817,"µg/m³","2025-10-11T17:00:00Z","2025-10-11T22:00:00+05:00","Asia/Tashkent",41.204655,69.232522,,,,"AirGradient","AirGradient"
4902926,"Sputnik-4","pm25",67.82675018310546,"µg/m³","2025-10-11T18:00:00Z","2025-10-11T23:00:00+05:00","Asia/Tashkent",41.204655,69.232522,,,,"AirGradient","AirGradient"
4902926,"Sputnik-4","pm25",58.677916590372725,"µg/m³","2025-10-11T19:00:00Z","2025-10-12T00:00:00+05:00","Asia/Tashkent",41.204655,69.232522,,,,"AirGradient","AirGradient"
4902926,"Sputnik-4","pm25",55.13441683451334,"µg/m³","2025-10-11T20:00:00Z","2025-10-12T01:00:00+05:00","Asia/Tashkent",41.204655,69.232522,,,,"AirGradient","AirGradient"
4902926,"Sputnik-4","pm25",50.536082967122404,"µg/m³","2025-10-11T21:00:00Z","2025-10-12T02:00:00+05:00","Asia/Tashkent",41.204655,69.232522,,,,"AirGradient","AirGradient"
4902926,"Sputnik-4","pm25",47.19504146575928,"µg/m³","2025-10-11T22:00:00Z","2025-10-12T03:00:00+05:00","Asia/Tashkent",41.204655,69.232522,,,,"AirGradient","AirGradient"
4902926,"Sputnik-4","pm25",49.18988884819879,"µg/m³","2025-10-11T23:00:00Z","2025-10-12T04:00:00+05:00","Asia/Tashkent",41.204655,69.232522,,,,"AirGradient","AirGradient"
4902926,"Sputnik-4","pm25",48.03629156748454,"µg/m³","2025-10-12T00:00:00Z","2025-10-12T05:00:00+05:00","Asia/Tashkent",41.204655,69.232522,,,,"AirGradient","AirGradient"
4902926,"Sputnik-4","pm25",45.21516672770182,"µg/m³","2025-10-12T01:00:00Z","2025-10-12T06:00:00+05:00","Asia/Tashkent",41.204655,69.232522,,,,"AirGradient","AirGradient"
4902926,"Sputnik-4","pm25",50.56291643778483,"µg/m³","2025-10-12T02:00:00Z","2025-10-12T07:00:00+05:00","Asia/Tashkent",41.204655,69.232522,,,,"AirGradient","AirGradient"
4902926,"Sputnik-4","pm25",55.323791948954266,"µg/m³","2025-10-12T03:00:00Z","2025-10-12T08:00:00+05:00","Asia/Tashkent",41.204655,69.232522,,,,"AirGradient","AirGradient"
4902926,"Sputnik-4","pm25",57.195194413926856,"µg/m³","2025-10-12T04:00:00Z","2025-10-12T09:00:00+05:00","Asia/Tashkent",41.204655,69.232522,,,,"AirGradient","AirGradient"
4902926,"Sputnik-4","pm25",54.713499832153325,"µg/m³","2025-10-12T05:00:00Z","2025-10-12T10:00:00+05:00","Asia/Tashkent",41.204655,69.232522,,,,"AirGradient","AirGradient"
4902926,"Sputnik-4","pm25",53.87337474822997,"µg/m³","2025-10-12T06:00:00Z","2025-10-12T11:00:00+05:00","Asia/Tashkent",41.204655,69.232522,,,,"AirGradient","AirGradient"
4902926,"Sputnik-4","pm25",47.231944698757594,"µg/m³","2025-10-12T07:00:00Z","2025-10-12T12:00:00+05:00","Asia/Tashkent",41.204655,69.232522,,,,"AirGradient","AirGradient"
4902926,"Sputnik-4","pm25",40.497249857584634,"µg/m³","2025-10-12T08:00:00Z","2025-10-12T13:00:00+05:00","Asia/Tashkent",41.204655,69.232522,,,,"AirGradient","AirGradient"
4902926,"Sputnik-4","pm25",38.05066706339518,"µg/m³","2025-10-12T09:00:00Z","2025-10-12T14:00:00+05:00","Asia/Tashkent",41.204655,69.232522,,,,"AirGradient","AirGradient"
4902926,"Sputnik-4","pm25",38.40681913163927,"µg/m³","2025-10-12T10:00:00Z","2025-10-12T15:00:00+05:00","Asia/Tashkent",41.204655,69.232522,,,,"AirGradient","AirGradient"
4902926,"Sputnik-4","pm25",42.49835014343262,"µg/m³","2025-10-12T11:00:00Z","2025-10-12T16:00:00+05:00","Asia/Tashkent",41.204655,69.232522,,,,"AirGradient","AirGradient"
4902926,"Sputnik-4","pm25",48.4558333194617,"µg/m³","2025-10-12T12:00:00Z","2025-10-12T17:00:00+05:00","Asia/Tashkent",41.204655,69.232522,,,,"AirGradient","AirGradient"
4902926,"Sputnik-4","pm25",54.99962983308015,"µg/m³","2025-10-12T13:00:00Z","2025-10-12T18:00:00+05:00","Asia/Tashkent",41.204655,69.232522,,,,"AirGradient","AirGradient"
4902926,"Sputnik-4","pm25",66.26456051450788,"µg/m³","2025-10-12T14:00:00Z","2025-10-12T19:00:00+05:00","Asia/Tashkent",41.204655,69.232522,,,,"AirGradient","AirGradient"
4902926,"Sputnik-4","pm25",66.10205569797093,"µg/m³","2025-10-12T15:00:00Z","2025-10-12T20:00:00+05:00","Asia/Tashkent",41.204655,69.232522,,,,"AirGradient","AirGradient"
4902926,"Sputnik-4","pm25",81.13569961547852,"µg/m³","2025-10-12T16:00:00Z","2025-10-12T21:00:00+05:00","Asia/Tashkent",41.204655,69.232522,,,,"AirGradient","AirGradient"
4902926,"Sputnik-4","pm25",56.21575765898733,"µg/m³","2025-10-12T17:00:00Z","2025-10-12T22:00:00+05:00","Asia/Tashkent",41.204655,69.232522,,,,"AirGradient","AirGradient"
4902926,"Sputnik-4","pm25",49.01952760484483,"µg/m³","2025-10-12T18:00:00Z","2025-10-12T23:00:00+05:00","Asia/Tashkent",41.204655,69.232522,,,,"AirGradient","AirGradient"
4902926,"Sputnik-4","pm25",47.49265111287435,"µg/m³","2025-10-12T19:00:00Z","2025-10-13T00:00:00+05:00","Asia/Tashkent",41.204655,69.232522,,,,"AirGradient","AirGradient"
4902926,"Sputnik-4","pm25",41.94349975585937,"µg/m³","2025-10-12T20:00:00Z","2025-10-13T01:00:00+05:00","Asia/Tashkent",41.204655,69.232522,,,,"AirGradient","AirGradient"
4902926,"Sputnik-4","pm25",40.754625129699704,"µg/m³","2025-10-12T21:00:00Z","2025-10-13T02:00:00+05:00","Asia/Tashkent",41.204655,69.232522,,,,"AirGradient","AirGradient"
4902926,"Sputnik-4","pm25",71.02674980163575,"µg/m³","2025-10-12T22:00:00Z","2025-10-13T03:00:00+05:00","Asia/Tashkent",41.204655,69.232522,,,,"AirGradient","AirGradient"
4902926,"Sputnik-4","pm25",62.354416529337556,"µg/m³","2025-10-12T23:00:00Z","2025-10-13T04:00:00+05:00","Asia/Tashkent",41.204655,69.232522,,,,"AirGradient","AirGradient"
4902926,"Sputnik-4","pm25",73.7264586766561,"µg/m³","2025-10-13T00:00:00Z","2025-10-13T05:00:00+05:00","Asia/Tashkent",41.204655,69.232522,,,,"AirGradient","AirGradient"
4902926,"Sputnik-4","pm25",73.60391642252604,"µg/m³","2025-10-13T01:00:00Z","2025-10-13T06:00:00+05:00","Asia/Tashkent",41.204655,69.232522,,,,"AirGradient","AirGradient"
4902926,"Sputnik-4","pm25",69.70254128774008,"µg/m³","2025-10-13T02:00:00Z","2025-10-13T07:00:00+05:00","Asia/Tashkent",41.204655,69.232522,,,,"AirGradient","AirGradient"
4902926,"Sputnik-4","pm25",62.00579153696696,"µg/m³","2025-10-13T03:00:00Z","2025-10-13T08:00:00+05:00","Asia/Tashkent",41.204655,69.232522,,,,"AirGradient","AirGradient"
4902926,"Sputnik-4","pm25",50.98886125352649,"µg/m³","2025-10-13T04:00:00Z","2025-10-13T09:00:00+05:00","Asia/Tashkent",41.204655,69.232522,,,,"AirGradient","AirGradient"
4902926,"Sputnik-4","pm25",43.898208173116046,"µg/m³","2025-10-13T05:00:00Z","2025-10-13T10:00:00+05:00","Asia/Tashkent",41.204655,69.232522,,,,"AirGradient","AirGradient"
4902926,"Sputnik-4","pm25",43.30925000508626,"µg/m³","2025-10-13T06:00:00Z","2025-10-13T11:00:00+05:00","Asia/Tashkent",41.204655,69.232522,,,,"AirGradient","AirGradient"
4902926,"Sputnik-4","pm25",43.63431928422716,"µg/m³","2025-10-13T07:00:00Z","2025-10-13T12:00:00+05:00","Asia/Tashkent",41.204655,69.232522,,,,"AirGradient","AirGradient"
4902926,"Sputnik-4","pm25",43.48474998474121,"µg/m³","2025-10-13T08:00:00Z","2025-10-13T13:00:00+05:00","Asia/Tashkent",41.204655,69.232522,,,,"AirGradient","AirGradient"
4902926,"Sputnik-4","pm25",22.745083395640055,"µg/m³","2025-10-13T09:00:00Z","2025-10-13T14:00:00+05:00","Asia/Tashkent",41.204655,69.232522,,,,"AirGradient","AirGradient"
4902926,"Sputnik-4","pm25",2.52877777862466,"µg/m³","2025-10-13T10:00:00Z","2025-10-13T15:00:00+05:00","Asia/Tashkent",41.204655,69.232522,,,,"AirGradient","AirGradient"
4902926,"Sputnik-4","pm25",0.4580833371728659,"µg/m³","2025-10-13T11:00:00Z","2025-10-13T16:00:00+05:00","Asia/Tashkent",41.204655,69.232522,,,,"AirGradient","AirGradient"
4902926,"Sputnik-4","pm25",1.1198750072469312,"µg/m³","2025-10-13T12:00:00Z","2025-10-13T17:00:00+05:00","Asia/Tashkent",41.204655,69.232522,,,,"AirGradient","AirGradient"
4902926,"Sputnik-4","pm25",4.0677916621168455,"µg/m³","2025-10-13T13:00:00Z","2025-10-13T18:00:00+05:00","Asia/Tashkent",41.204655,69.232522,,,,"AirGradient","AirGradient"
4902926,"Sputnik-4","pm25",5.540888892279732,"µg/m³","2025-10-13T14:00:00Z","2025-10-13T19:00:00+05:00","Asia/Tashkent",41.204655,69.232522,,,,"AirGradient","AirGradient"
4902926,"Sputnik-4","pm25",6.849666659037273,"µg/m³","2025-10-13T15:00:00Z","2025-10-13T20:00:00+05:00","Asia/Tashkent",41.204655,69.232522,,,,"AirGradient","AirGradient"
4902926,"Sputnik-4","pm25",7.27213888168335,"µg/m³","2025-10-13T16:00:00Z","2025-10-13T21:00:00+05:00","Asia/Tashkent",41.204655,69.232522,,,,"AirGradient","AirGradient"
4902926,"Sputnik-4","pm25",12.950986117786833,"µg/m³","2025-10-13T17:00:00Z","2025-10-13T22:00:00+05:00","Asia/Tashkent",41.204655,69.232522,,,,"AirGradient","AirGradient"
4902926,"Sputnik-4","pm25",20.202611112594603,"µg/m³","2025-10-13T18:00:00Z","2025-10-13T23:00:00+05:00","Asia/Tashkent",41.204655,69.232522,,,,"AirGradient","AirGradient"
4902926,"Sputnik-4","pm25",28.92883350584242,"µg/m³","2025-10-13T19:00:00Z","2025-10-14T00:00:00+05:00","Asia/Tashkent",41.204655,69.232522,,,,"AirGradient","AirGradient"
4902926,"Sputnik-4","pm25",36.268666648864745,"µg/m³","2025-10-13T20:00:00Z","2025-10-14T01:00:00+05:00","Asia/Tashkent",41.204655,69.232522,,,,"AirGradient","AirGradient"
4902926,"Sputnik-4","pm25",41.320708401997884,"µg/m³","2025-10-13T21:00:00Z","2025-10-14T02:00:00+05:00","Asia/Tashkent",41.204655,69.232522,,,,"AirGradient","AirGradient"
4902926,"Sputnik-4","pm25",43.62525024414063,"µg/m³","2025-10-13T22:00:00Z","2025-10-14T03:00:00+05:00","Asia/Tashkent",41.204655,69.232522,,,,"AirGradient","AirGradient"
4902926,"Sputnik-4","pm25",41.67600021362305,"µg/m³","2025-10-13T23:00:00Z","2025-10-14T04:00:00+05:00","Asia/Tashkent",41.204655,69.232522,,,,"AirGradient","AirGradient"
4902926,"Sputnik-4","pm25",49.978749847412104,"µg/m³","2025-10-14T00:00:00Z","2025-10-14T05:00:00+05:00","Asia/Tashkent",41.204655,69.232522,,,,"AirGradient","AirGradient"
4902926,"Sputnik-4","pm25",45.91158307393392,"µg/m³","2025-10-14T01:00:00Z","2025-10-14T06:00:00+05:00","Asia/Tashkent",41.204655,69.232522,,,,"AirGradient","AirGradient"
4902926,"Sputnik-4","pm25",44.83751388125949,"µg/m³","2025-10-14T02:00:00Z","2025-10-14T07:00:00+05:00","Asia/Tashkent",41.204655,69.232522,,,,"AirGradient","AirGradient"
4902926,"Sputnik-4","relativehumidity",24.521249771118164,"%","2025-06-29T19:00:00Z","2025-06-30T00:00:00+05:00","Asia/Tashkent",41.204655,69.232522,,,,"AirGradient","AirGradient"
4902926,"Sputnik-4","relativehumidity",20.48949972788493,"%","2025-09-01T12:00:00Z","2025-09-01T17:00:00+05:00","Asia/Tashkent",41.204655,69.232522,,,,"AirGradient","AirGradient"
4902926,"Sputnik-4","relativehumidity",17.730291843414307,"%","2025-09-01T13:00:00Z","2025-09-01T18:00:00+05:00","Asia/Tashkent",41.204655,69.232522,,,,"AirGradient","AirGradient"
4902926,"Sputnik-4","relativehumidity",21.971833388010662,"%","2025-09-01T14:00:00Z","2025-09-01T19:00:00+05:00","Asia/Tashkent",41.204655,69.232522,,,,"AirGradient","AirGradient"
4902926,"Sputnik-4","relativehumidity",29.254875024159748,"%","2025-09-01T15:00:00Z","2025-09-01T20:00:00+05:00","Asia/Tashkent",41.204655,69.232522,,,,"AirGradient","AirGradient"
4902926,"Sputnik-4","relativehumidity",31.291749954223633,"%","2025-09-01T16:00:00Z","2025-09-01T21:00:00+05:00","Asia/Tashkent",41.204655,69.232522,,,,"AirGradient","AirGradient"
4902926,"Sputnik-4","relativehumidity",35.53066635131836,"%","2025-09-01T17:00:00Z","2025-09-01T22:00:00+05:00","Asia/Tashkent",41.204655,69.232522,,,,"AirGradient","AirGradient"
4902926,"Sputnik-4","relativehumidity",37.1272497177124,"%","2025-09-01T18:00:00Z","2025-09-01T23:00:00+05:00","Asia/Tashkent",41.204655,69.232522,,,,"AirGradient","AirGradient"
4902926,"Sputnik-4","relativehumidity",36.502166748046875,"%","2025-09-01T19:00:00Z","2025-09-02T00:00:00+05:00","Asia/Tashkent",41.204655,69.232522,,,,"AirGradient","AirGradient"
4902926,"Sputnik-4","relativehumidity",35.91198571523031,"%","2025-09-01T20:00:00Z","2025-09-02T01:00:00+05:00","Asia/Tashkent",41.204655,69.232522,,,,"AirGradient","AirGradient"
4902926,"Sputnik-4","relativehumidity",35.42874972025553,"%","2025-09-01T21:00:00Z","2025-09-02T02:00:00+05:00","Asia/Tashkent",41.204655,69.232522,,,,"AirGradient","AirGradient"
4902926,"Sputnik-4","relativehumidity",36.523208936055504,"%","2025-09-01T22:00:00Z","2025-09-02T03:00:00+05:00","Asia/Tashkent",41.204655,69.232522,,,,"AirGradient","AirGradient"
4902926,"Sputnik-4","relativehumidity",36.493083000183105,"%","2025-09-01T23:00:00Z","2025-09-02T04:00:00+05:00","Asia/Tashkent",41.204655,69.232522,,,,"AirGradient","AirGradient"
4902926,"Sputnik-4","relativehumidity",36.88441721598307,"%","2025-09-02T00:00:00Z","2025-09-02T05:00:00+05:00","Asia/Tashkent",41.204655,69.232522,,,,"AirGradient","AirGradient"
4902926,"Sputnik-4","relativehumidity",36.06216684977213,"%","2025-09-02T01:00:00Z","2025-09-02T06:00:00+05:00","Asia/Tashkent",41.204655,69.232522,,,,"AirGradient","AirGradient"
4902926,"Sputnik-4","relativehumidity",35.17616621653239,"%","2025-09-02T02:00:00Z","2025-09-02T07:00:00+05:00","Asia/Tashkent",41.204655,69.232522,,,,"AirGradient","AirGradient"
4902926,"Sputnik-4","relativehumidity",33.73663838704427,"%","2025-09-02T03:00:00Z","2025-09-02T08:00:00+05:00","Asia/Tashkent",41.204655,69.232522,,,,"AirGradient","AirGradient"
4902926,"Sputnik-4","relativehumidity",31.004375139872234,"%","2025-09-02T04:00:00Z","2025-09-02T09:00:00+05:00","Asia/Tashkent",41.204655,69.232522,,,,"AirGradient","AirGradient"
4902926,"Sputnik-4","relativehumidity",28.63766686121623,"%","2025-09-02T05:00:00Z","2025-09-02T10:00:00+05:00","Asia/Tashkent",41.204655,69.232522,,,,"AirGradient","AirGradient"
4902926,"Sputnik-4","relativehumidity",27.72783311208089,"%","2025-09-02T06:00:00Z","2025-09-02T11:00:00+05:00","Asia/Tashkent",41.204655,69.232522,,,,"AirGradient","AirGradient"
4902926,"Sputnik-4","relativehumidity",24.34375,"%","2025-09-02T07:00:00Z","2025-09-02T12:00:00+05:00","Asia/Tashkent",41.204655,69.232522,,,,"AirGradient","AirGradient"
4902926,"Sputnik-4","relativehumidity",22.581361134847004,"%","2025-09-02T08:00:00Z","2025-09-02T13:00:00+05:00","Asia/Tashkent",41.204655,69.232522,,,,"AirGradient","AirGradient"
4902926,"Sputnik-4","relativehumidity",22.178082942962646,"%","2025-09-02T09:00:00Z","2025-09-02T14:00:00+05:00","Asia/Tashkent",41.204655,69.232522,,,,"AirGradient","AirGradient"
4902926,"Sputnik-4","relativehumidity",19.97666660944621,"%","2025-09-02T10:00:00Z","2025-09-02T15:00:00+05:00","Asia/Tashkent",41.204655,69.232522,,,,"AirGradient","AirGradient"
4902926,"Sputnik-4","relativehumidity",18.255124886830647,"%","2025-09-02T11:00:00Z","2025-09-02T16:00:00+05:00","Asia/Tashkent",41.204655,69.232522,,,,"AirGradient","AirGradient"
4902926,"Sputnik-4","relativehumidity",16.56933355331421,"%","2025-09-02T12:00:00Z","2025-09-02T17:00:00+05:00","Asia/Tashkent",41.204655,69.232522,,,,"AirGradient","AirGradient"
4902926,"Sputnik-4","relativehumidity",18.812041600545246,"%","2025-09-02T13:00:00Z","2025-09-02T18:00:00+05:00","Asia/Tashkent",41.204655,69.232522,,,,"AirGradient","AirGradient"
4902926,"Sputnik-4","relativehumidity",22.030499935150146,"%","2025-09-02T14:00:00Z","2025-09-02T19:00:00+05:00","Asia/Tashkent",41.204655,69.232522,,,,"AirGradient","AirGradient"
4902926,"Sputnik-4","relativehumidity",25.06761105855306,"%","2025-09-02T15:00:00Z","2025-09-02T20:00:00+05:00","Asia/Tashkent",41.204655,69.232522,,,,"AirGradient","AirGradient"
4902926,"Sputnik-4","relativehumidity",27.633166631062824,"%","2025-09-02T16:00:00Z","2025-09-02T21:00:00+05:00","Asia/Tashkent",41.204655,69.232522,,,,"AirGradient","AirGradient"
4902926,"Sputnik-4","relativehumidity",29.35687494277954,"%","2025-09-02T17:00:00Z","2025-09-02T22:00:00+05:00","Asia/Tashkent",41.204655,69.232522,,,,"AirGradient","AirGradient"
4902926,"Sputnik-4","relativehumidity",31.121958255767822,"%","2025-09-02T18:00:00Z","2025-09-02T23:00:00+05:00","Asia/Tashkent",41.204655,69.232522,,,,"AirGradient","AirGradient"
4902926,"Sputnik-4","relativehumidity",35.16874980926514,"%","2025-09-02T19:00:00Z","2025-09-03T00:00:00+05:00","Asia/Tashkent",41.204655,69.232522,,,,"AirGradient","AirGradient"
4902926,"Sputnik-4","relativehumidity",39.439125061035156,"%","2025-09-02T20:00:00Z","2025-09-03T01:00:00+05:00","Asia/Tashkent",41.204655,69.232522,,,,"AirGradient","AirGradient"
4902926,"Sputnik-4","relativehumidity",40.674000104268394,"%","2025-09-02T21:00:00Z","2025-09-03T02:00:00+05:00","Asia/Tashkent",41.204655,69.232522,,,,"AirGradient","AirGradient"
4902926,"Sputnik-4","relativehumidity",41.86754163106283,"%","2025-09-02T22:00:00Z","2025-09-03T03:00:00+05:00","Asia/Tashkent",41.204655,69.232522,,,,"AirGradient","AirGradient"
4902926,"Sputnik-4","relativehumidity",42.41795794169108,"%","2025-09-02T23:00:00Z","2025-09-03T04:00:00+05:00","Asia/Tashkent",41.204655,69.232522,,,,"AirGradient","AirGradient"
4902926,"Sputnik-4","relativehumidity",39.76049995422363,"%","2025-09-03T00:00:00Z","2025-09-03T05:00:00+05:00","Asia/Tashkent",41.204655,69.232522,,,,"AirGradient","AirGradient"
4902926,"Sputnik-4","relativehumidity",39.22516695658366,"%","2025-09-03T01:00:00Z","2025-09-03T06:00:00+05:00","Asia/Tashkent",41.204655,69.232522,,,,"AirGradient","AirGradient"
4902926,"Sputnik-4","relativehumidity",39.798082987467446,"%","2025-09-03T02:00:00Z","2025-09-03T07:00:00+05:00","Asia/Tashkent",41.204655,69.232522,,,,"AirGradient","AirGradient"
4902926,"Sputnik-4","relativehumidity",39.92214257376535,"%","2025-09-03T03:00:00Z","2025-09-03T08:00:00+05:00","Asia/Tashkent",41.204655,69.232522,,,,"AirGradient","AirGradient"
4902926,"Sputnik-4","relativehumidity",31.91683355967204,"%","2025-09-03T08:00:00Z","2025-09-03T13:00:00+05:00","Asia/Tashkent",41.204655,69.232522,,,,"AirGradient","AirGradient"
4902926,"Sputnik-4","relativehumidity",28.548916816711426,"%","2025-09-03T09:00:00Z","2025-09-03T14:00:00+05:00","Asia/Tashkent",41.204655,69.232522,,,,"AirGradient","AirGradient"
4902926,"Sputnik-4","relativehumidity",27.53148619333903,"%","2025-09-03T10:00:00Z","2025-09-03T15:00:00+05:00","Asia/Tashkent",41.204655,69.232522,,,,"AirGradient","AirGradient"
4902926,"Sputnik-4","relativehumidity",26.501874923706055,"%","2025-09-03T11:00:00Z","2025-09-03T16:00:00+05:00","Asia/Tashkent",41.204655,69.232522,,,,"AirGradient","AirGradient"
4902926,"Sputnik-4","relativehumidity",22.200624624888103,"%","2025-09-03T12:00:00Z","2025-09-03T17:00:00+05:00","Asia/Tashkent",41.204655,69.232522,,,,"AirGradient","AirGradient"
4902926,"Sputnik-4","relativehumidity",20.82783317565918,"%","2025-09-03T13:00:00Z","2025-09-03T18:00:00+05:00","Asia/Tashkent",41.204655,69.232522,,,,"AirGradient","AirGradient"
4902926,"Sputnik-4","relativehumidity",24.647499879201252,"%","2025-09-03T14:00:00Z","2025-09-03T19:00:00+05:00","Asia/Tashkent",41.204655,69.232522,,,,"AirGradient","AirGradient"
4902926,"Sputnik-4","relativehumidity",31.161832968393963,"%","2025-09-03T15:00:00Z","2025-09-03T20:00:00+05:00","Asia/Tashkent",41.204655,69.232522,,,,"AirGradient","AirGradient"
4902926,"Sputnik-4","relativehumidity",33.52258332570394,"%","2025-09-03T16:00:00Z","2025-09-03T21:00:00+05:00","Asia/Tashkent",41.204655,69.232522,,,,"AirGradient","AirGradient"
4902926,"Sputnik-4","relativehumidity",34.843180656433105,"%","2025-09-03T17:00:00Z","2025-09-03T22:00:00+05:00","Asia/Tashkent",41.204655,69.232522,,,,"AirGradient","AirGradient"
4902926,"Sputnik-4","relativehumidity",36.70295842488607,"%","2025-09-03T18:00:00Z","2025-09-03T23:00:00+05:00","Asia/Tashkent",41.204655,69.232522,,,,"AirGradient","AirGradient"
4902926,"Sputnik-4","relativehumidity",37.11087544759115,"%","2025-09-03T19:00:00Z","2025-09-04T00:00:00+05:00","Asia/Tashkent",41.204655,69.232522,,,,"AirGradient","AirGradient"
4902926,"Sputnik-4","relativehumidity",38.26229190826416,"%","2025-09-03T20:00:00Z","2025-09-04T01:00:00+05:00","Asia/Tashkent",41.204655,69.232522,,,,"AirGradient","AirGradient"
4902926,"Sputnik-4","relativehumidity",38.615041414896645,"%","2025-09-03T21:00:00Z","2025-09-04T02:00:00+05:00","Asia/Tashkent",41.204655,69.232522,,,,"AirGradient","AirGradient"
4902926,"Sputnik-4","relativehumidity",38.32083320617676,"%","2025-09-03T22:00:00Z","2025-09-04T03:00:00+05:00","Asia/Tashkent",41.204655,69.232522,,,,"AirGradient","AirGradient"
4902926,"Sputnik-4","relativehumidity",39.150625228881836,"%","2025-09-03T23:00:00Z","2025-09-04T04:00:00+05:00","Asia/Tashkent",41.204655,69.232522,,,,"AirGradient","AirGradient"
4902926,"Sputnik-4","relativehumidity",39.081333796183266,"%","2025-09-04T00:00:00Z","2025-09-04T05:00:00+05:00","Asia/Tashkent",41.204655,69.232522,,,,"AirGradient","AirGradient"
4902926,"Sputnik-4","relativehumidity",39.51370779673258,"%","2025-09-04T01:00:00Z","2025-09-04T06:00:00+05:00","Asia/Tashkent",41.204655,69.232522,,,,"AirGradient","AirGradient"
4902926,"Sputnik-4","relativehumidity",39.368249575297035,"%","2025-09-04T02:00:00Z","2025-09-04T07:00:00+05:00","Asia/Tashkent",41.204655,69.232522,,,,"AirGradient","AirGradient"
4902926,"Sputnik-4","relativehumidity",37.935791969299316,"%","2025-09-04T03:00:00Z","2025-09-04T08:00:00+05:00","Asia/Tashkent",41.204655,69.232522,,,,"AirGradient","AirGradient"
4902926,"Sputnik-4","relativehumidity",33.90666643778483,"%","2025-09-04T04:00:00Z","2025-09-04T09:00:00+05:00","Asia/Tashkent",41.204655,69.232522,,,,"AirGradient","AirGradient"
4902926,"Sputnik-4","relativehumidity",30.54527300054377,"%","2025-09-04T05:00:00Z","2025-09-04T10:00:00+05:00","Asia/Tashkent",41.204655,69.232522,,,,"AirGradient","AirGradient"
4902926,"Sputnik-4","relativehumidity",26.10770845413208,"%","2025-09-04T06:00:00Z","2025-09-04T11:00:00+05:00","Asia/Tashkent",41.204655,69.232522,,,,"AirGradient","AirGradient"
4902926,"Sputnik-4","relativehumidity",23.389374891916912,"%","2025-09-04T07:00:00Z","2025-09-04T12:00:00+05:00","Asia/Tashkent",41.204655,69.232522,,,,"AirGradient","AirGradient"
4902926,"Sputnik-4","relativehumidity",23.021888891855877,"%","2025-09-04T08:00:00Z","2025-09-04T13:00:00+05:00","Asia/Tashkent",41.204655,69.232522,,,,"AirGradient","AirGradient"
4902926,"Sputnik-4","relativehumidity",20.800500233968098,"%","2025-09-04T09:00:00Z","2025-09-04T14:00:00+05:00","Asia/Tashkent",41.204655,69.232522,,,,"AirGradient","AirGradient"
4902926,"Sputnik-4","relativehumidity",18.821263631184895,"%","2025-09-04T10:00:00Z","2025-09-04T15:00:00+05:00","Asia/Tashkent",41.204655,69.232522,,,,"AirGradient","AirGradient"
4902926,"Sputnik-4","relativehumidity",17.49229160944621,"%","2025-09-04T11:00:00Z","2025-09-04T16:00:00+05:00","Asia/Tashkent",41.204655,69.232522,,,,"AirGradient","AirGradient"
4902926,"Sputnik-4","relativehumidity",15.764166673024496,"%","2025-09-04T12:00:00Z","2025-09-04T17:00:00+05:00","Asia/Tashkent",41.204655,69.232522,,,,"AirGradient","AirGradient"
4902926,"Sputnik-4","relativehumidity",15.256458441416422,"%","2025-09-04T13:00:00Z","2025-09-04T18:00:00+05:00","Asia/Tashkent",41.204655,69.232522,,,,"AirGradient","AirGradient"
4902926,"Sputnik-4","relativehumidity",16.980930248896282,"%","2025-09-04T14:00:00Z","2025-09-04T19:00:00+05:00","Asia/Tashkent",41.204655,69.232522,,,,"AirGradient","AirGradient"
4902926,"Sputnik-4","relativehumidity",20.726569493611652,"%","2025-09-04T15:00:00Z","2025-09-04T20:00:00+05:00","Asia/Tashkent",41.204655,69.232522,,,,"AirGradient","AirGradient"
4902926,"Sputnik-4","relativehumidity",18.623541514078777,"%","2025-09-04T16:00:00Z","2025-09-04T21:00:00+05:00","Asia/Tashkent",41.204655,69.232522,,,,"AirGradient","AirGradient"
4902926,"Sputnik-4","relativehumidity",23.065500259399414,"%","2025-09-04T17:00:00Z","2025-09-04T22:00:00+05:00","Asia/Tashkent",41.204655,69.232522,,,,"AirGradient","AirGradient"
4902926,"Sputnik-4","relativehumidity",27.86995840072632,"%","2025-09-04T18:00:00Z","2025-09-04T23:00:00+05:00","Asia/Tashkent",41.204655,69.232522,,,,"AirGradient","AirGradient"
4902926,"Sputnik-4","relativehumidity",29.44766680399577,"%","2025-09-04T19:00:00Z","2025-09-05T00:00:00+05:00","Asia/Tashkent",41.204655,69.232522,,,,"AirGradient","AirGradient"
4902926,"Sputnik-4","relativehumidity",30.636500358581543,"%","2025-09-04T20:00:00Z","2025-09-05T01:00:00+05:00","Asia/Tashkent",41.204655,69.232522,,,,"AirGradient","AirGradient"
4902926,"Sputnik-4","relativehumidity",29.690208435058594,"%","2025-09-04T21:00:00Z","2025-09-05T02:00:00+05:00","Asia/Tashkent",41.204655,69.232522,,,,"AirGradient","AirGradient"
4902926,"Sputnik-4","relativehumidity",28.517319361368816,"%","2025-09-04T22:00:00Z","2025-09-05T03:00:00+05:00","Asia/Tashkent",41.204655,69.232522,,,,"AirGradient","AirGradient"
4902926,"Sputnik-4","relativehumidity",27.616041501363117,"%","2025-09-04T23:00:00Z","2025-09-05T04:00:00+05:00","Asia/Tashkent",41.204655,69.232522,,,,"AirGradient","AirGradient"
4902926,"Sputnik-4","relativehumidity",27.083458582560223,"%","2025-09-05T00:00:00Z","2025-09-05T05:00:00+05:00","Asia/Tashkent",41.204655,69.232522,,,,"AirGradient","AirGradient"
4902926,"Sputnik-4","relativehumidity",27.362610975901287,"%","2025-09-05T01:00:00Z","2025-09-05T06:00:00+05:00","Asia/Tashkent",41.204655,69.232522,,,,"AirGradient","AirGradient"
4902926,"Sputnik-4","relativehumidity",27.877958456675213,"%","2025-09-05T02:00:00Z","2025-09-05T07:00:00+05:00","Asia/Tashkent",41.204655,69.232522,,,,"AirGradient","AirGradient"
4902926,"Sputnik-4","relativehumidity",27.68279155095418,"%","2025-09-05T03:00:00Z","2025-09-05T08:00:00+05:00","Asia/Tashkent",41.204655,69.232522,,,,"AirGradient","AirGradient"
4902926,"Sputnik-4","relativehumidity",27.235125064849854,"%","2025-09-05T04:00:00Z","2025-09-05T09:00:00+05:00","Asia/Tashkent",41.204655,69.232522,,,,"AirGradient","AirGradient"
4902926,"Sputnik-4","relativehumidity",26.36970790227254,"%","2025-09-05T05:00:00Z","2025-09-05T10:00:00+05:00","Asia/Tashkent",41.204655,69.232522,,,,"AirGradient","AirGradient"
4902926,"Sputnik-4","relativehumidity",26.232374668121338,"%","2025-09-05T06:00:00Z","2025-09-05T11:00:00+05:00","Asia/Tashkent",41.204655,69.232522,,,,"AirGradient","AirGradient"
4902926,"Sputnik-4","relativehumidity",24.754624843597412,"%","2025-09-05T07:00:00Z","2025-09-05T12:00:00+05:00","Asia/Tashkent",41.204655,69.232522,,,,"AirGradient","AirGradient"
4902926,"Sputnik-4","relativehumidity",21.693124930063885,"%","2025-09-05T08:00:00Z","2025-09-05T13:00:00+05:00","Asia/Tashkent",41.204655,69.232522,,,,"AirGradient","AirGradient"
4902926,"Sputnik-4","relativehumidity",20.326666514078777,"%","2025-09-05T09:00:00Z","2025-09-05T14:00:00+05:00","Asia/Tashkent",41.204655,69.232522,,,,"AirGradient","AirGradient"
4902926,"Sputnik-4","relativehumidity",18.444416364034016,"%","2025-09-05T10:00:00Z","2025-09-05T15:00:00+05:00","Asia/Tashkent",41.204655,69.232522,,,,"AirGradient","AirGradient"
4902926,"Sputnik-4","relativehumidity",18.413166681925457,"%","2025-09-05T11:00:00Z","2025-09-05T16:00:00+05:00","Asia/Tashkent",41.204655,69.232522,,,,"AirGradient","AirGradient"
4902926,"Sputnik-4","relativehumidity",16.844958623250324,"%","2025-09-05T12:00:00Z","2025-09-05T17:00:00+05:00","Asia/Tashkent",41.204655,69.232522,,,,"AirGradient","AirGradient"
4902926,"Sputnik-4","relativehumidity",16.512458165486652,"%","2025-09-05T13:00:00Z","2025-09-05T18:00:00+05:00","Asia/Tashkent",41.204655,69.232522,,,,"AirGradient","AirGradient"
4902926,"Sputnik-4","relativehumidity",18.147083441416424,"%","2025-09-05T14:00:00Z","2025-09-05T19:00:00+05:00","Asia/Tashkent",41.204655,69.232522,,,,"AirGradient","AirGradient"
4902926,"Sputnik-4","relativehumidity",26.13701407114665,"%","2025-09-05T15:00:00Z","2025-09-05T20:00:00+05:00","Asia/Tashkent",41.204655,69.232522,,,,"AirGradient","AirGradient"
4902926,"Sputnik-4","relativehumidity",28.788333892822266,"%","2025-09-05T16:00:00Z","2025-09-05T21:00:00+05:00","Asia/Tashkent",41.204655,69.232522,,,,"AirGradient","AirGradient"
4902926,"Sputnik-4","relativehumidity",29.9665420850118,"%","2025-09-05T17:00:00Z","2025-09-05T22:00:00+05:00","Asia/Tashkent",41.204655,69.232522,,,,"AirGradient","AirGradient"
4902926,"Sputnik-4","relativehumidity",31.739749908447266,"%","2025-09-05T18:00:00Z","2025-09-05T23:00:00+05:00","Asia/Tashkent",41.204655,69.232522,,,,"AirGradient","AirGradient"
4902926,"Sputnik-4","relativehumidity",30.98158343633016,"%","2025-09-05T19:00:00Z","2025-09-06T00:00:00+05:00","Asia/Tashkent",41.204655,69.232522,,,,"AirGradient","AirGradient"
4902926,"Sputnik-4","relativehumidity",29.915208339691162,"%","2025-09-05T20:00:00Z","2025-09-06T01:00:00+05:00","Asia/Tashkent",41.204655,69.232522,,,,"AirGradient","AirGradient"
4902926,"Sputnik-4","relativehumidity",30.10429112116496,"%","2025-09-05T21:00:00Z","2025-09-06T02:00:00+05:00","Asia/Tashkent",41.204655,69.232522,,,,"AirGradient","AirGradient"
4902926,"Sputnik-4","relativehumidity",31.110472043355305,"%","2025-09-05T22:00:00Z","2025-09-06T03:00:00+05:00","Asia/Tashkent",41.204655,69.232522,,,,"AirGradient","AirGradient"
4902926,"Sputnik-4","relativehumidity",31.566041469573975,"%","2025-09-05T23:00:00Z","2025-09-06T04:00:00+05:00","Asia/Tashkent",41.204655,69.232522,,,,"AirGradient","AirGradient"
4902926,"Sputnik-4","relativehumidity",31.836833159128826,"%","2025-09-06T00:00:00Z","2025-09-06T05:00:00+05:00","Asia/Tashkent",41.204655,69.232522,,,,"AirGradient","AirGradient"
4902926,"Sputnik-4","relativehumidity",32.333375453948975,"%","2025-09-06T01:00:00Z","2025-09-06T06:00:00+05:00","Asia/Tashkent",41.204655,69.232522,,,,"AirGradient","AirGradient"
4902926,"Sputnik-4","relativehumidity",33.60770829518636,"%","2025-09-06T02:00:00Z","2025-09-06T07:00:00+05:00","Asia/Tashkent",41.204655,69.232522,,,,"AirGradient","AirGradient"
4902926,"Sputnik-4","relativehumidity",31.468833605448406,"%","2025-09-06T03:00:00Z","2025-09-06T08:00:00+05:00","Asia/Tashkent",41.204655,69.232522,,,,"AirGradient","AirGradient"
4902926,"Sputnik-4","relativehumidity",26.656749566396076,"%","2025-09-06T04:00:00Z","2025-09-06T09:00:00+05:00","Asia/Tashkent",41.204655,69.232522,,,,"AirGradient","AirGradient"
4902926,"Sputnik-4","relativehumidity",24.93179178237915,"%","2025-09-06T05:00:00Z","2025-09-06T10:00:00+05:00","Asia/Tashkent",41.204655,69.232522,,,,"AirGradient","AirGradient"
4902926,"Sputnik-4","relativehumidity",24.168207963307697,"%","2025-09-06T06:00:00Z","2025-09-06T11:00:00+05:00","Asia/Tashkent",41.204655,69.232522,,,,"AirGradient","AirGradient"
4902926,"Sputnik-4","relativehumidity",22.190847555796307,"%","2025-09-06T07:00:00Z","2025-09-06T12:00:00+05:00","Asia/Tashkent",41.204655,69.232522,,,,"AirGradient","AirGradient"
4902926,"Sputnik-4","relativehumidity",19.642277876536053,"%","2025-09-06T08:00:00Z","2025-09-06T13:00:00+05:00","Asia/Tashkent",41.204655,69.232522,,,,"AirGradient","AirGradient"
4902926,"Sputnik-4","relativehumidity",18.0162779490153,"%","2025-09-06T09:00:00Z","2025-09-06T14:00:00+05:00","Asia/Tashkent",41.204655,69.232522,,,,"AirGradient","AirGradient"
4902926,"Sputnik-4","relativehumidity",16.333750009536743,"%","2025-09-06T10:00:00Z","2025-09-06T15:00:00+05:00","Asia/Tashkent",41.204655,69.232522,,,,"AirGradient","AirGradient"
4902926,"Sputnik-4","relativehumidity",15.346166690190634,"%","2025-09-06T11:00:00Z","2025-09-06T16:00:00+05:00","Asia/Tashkent",41.204655,69.232522,,,,"AirGradient","AirGradient"
4902926,"Sputnik-4","relativehumidity",14.009166638056437,"%","2025-09-06T12:00:00Z","2025-09-06T17:00:00+05:00","Asia/Tashkent",41.204655,69.232522,,,,"AirGradient","AirGradient"
4902926,"Sputnik-4","relativehumidity",14.47112504641215,"%","2025-09-06T13:00:00Z","2025-09-06T18:00:00+05:00","Asia/Tashkent",41.204655,69.232522,,,,"AirGradient","AirGradient"
4902926,"Sputnik-4","relativehumidity",16.844375054041546,"%","2025-09-06T14:00:00Z","2025-09-06T19:00:00+05:00","Asia/Tashkent",41.204655,69.232522,,,,"AirGradient","AirGradient"
4902926,"Sputnik-4","relativehumidity",19.489333470662434,"%","2025-09-06T15:00:00Z","2025-09-06T20:00:00+05:00","Asia/Tashkent",41.204655,69.232522,,,,"AirGradient","AirGradient"
4902926,"Sputnik-4","relativehumidity",20.745625019073486,"%","2025-09-06T16:00:00Z","2025-09-06T21:00:00+05:00","Asia/Tashkent",41.204655,69.232522,,,,"AirGradient","AirGradient"
4902926,"Sputnik-4","relativehumidity",23.383666515350342,"%","2025-09-06T17:00:00Z","2025-09-06T22:00:00+05:00","Asia/Tashkent",41.204655,69.232522,,,,"AirGradient","AirGradient"
4902926,"Sputnik-4","relativehumidity",26.513874848683674,"%","2025-09-06T18:00:00Z","2025-09-06T23:00:00+05:00","Asia/Tashkent",41.204655,69.232522,,,,"AirGradient","AirGradient"
4902926,"Sputnik-4","relativehumidity",27.37712510426839,"%","2025-09-06T19:00:00Z","2025-09-07T00:00:00+05:00","Asia/Tashkent",41.204655,69.232522,,,,"AirGradient","AirGradient"
4902926,"Sputnik-4","relativehumidity",26.541457970937092,"%","2025-09-06T20:00:00Z","2025-09-07T01:00:00+05:00","Asia/Tashkent",41.204655,69.232522,,,,"AirGradient","AirGradient"
4902926,"Sputnik-4","relativehumidity",26.59441677729289,"%","2025-09-06T21:00:00Z","2025-09-07T02:00:00+05:00","Asia/Tashkent",41.204655,69.232522,,,,"AirGradient","AirGradient"
4902926,"Sputnik-4","relativehumidity",26.634291648864746,"%","2025-09-06T22:00:00Z","2025-09-07T03:00:00+05:00","Asia/Tashkent",41.204655,69.232522,,,,"AirGradient","AirGradient"
4902926,"Sputnik-4","relativehumidity",26.729250113169353,"%","2025-09-06T23:00:00Z","2025-09-07T04:00:00+05:00","Asia/Tashkent",41.204655,69.232522,,,,"AirGradient","AirGradient"
4902926,"Sputnik-4","relativehumidity",27.65362485249837,"%","2025-09-07T00:00:00Z","2025-09-07T05:00:00+05:00","Asia/Tashkent",41.204655,69.232522,,,,"AirGradient","AirGradient"
4902926,"Sputnik-4","relativehumidity",28.394583702087402,"%","2025-09-07T01:00:00Z","2025-09-07T06:00:00+05:00","Asia/Tashkent",41.204655,69.232522,,,,"AirGradient","AirGradient"
4902926,"Sputnik-4","relativehumidity",28.596791585286457,"%","2025-09-07T02:00:00Z","2025-09-07T07:00:00+05:00","Asia/Tashkent",41.204655,69.232522,,,,"AirGradient","AirGradient"
4902926,"Sputnik-4","relativehumidity",27.635208288828533,"%","2025-09-07T03:00:00Z","2025-09-07T08:00:00+05:00","Asia/Tashkent",41.204655,69.232522,,,,"AirGradient","AirGradient"
4902926,"Sputnik-4","relativehumidity",25.06875006357829,"%","2025-09-07T04:00:00Z","2025-09-07T09:00:00+05:00","Asia/Tashkent",41.204655,69.232522,,,,"AirGradient","AirGradient"
4902926,"Sputnik-4","relativehumidity",23.747833251953125,"%","2025-09-07T05:00:00Z","2025-09-07T10:00:00+05:00","Asia/Tashkent",41.204655,69.232522,,,,"AirGradient","AirGradient"
4902926,"Sputnik-4","relativehumidity",22.306458473205566,"%","2025-09-07T06:00:00Z","2025-09-07T11:00:00+05:00","Asia/Tashkent",41.204655,69.232522,,,,"AirGradient","AirGradient"
4902926,"Sputnik-4","relativehumidity",20.917499860127766,"%","2025-09-07T07:00:00Z","2025-09-07T12:00:00+05:00","Asia/Tashkent",41.204655,69.232522,,,,"AirGradient","AirGradient"
4902926,"Sputnik-4","relativehumidity",19.797374725341797,"%","2025-09-07T08:00:00Z","2025-09-07T13:00:00+05:00","Asia/Tashkent",41.204655,69.232522,,,,"AirGradient","AirGradient"
4902926,"Sputnik-4","relativehumidity",18.32237497965495,"%","2025-09-07T09:00:00Z","2025-09-07T14:00:00+05:00","Asia/Tashkent",41.204655,69.232522,,,,"AirGradient","AirGradient"
4902926,"Sputnik-4","relativehumidity",17.90808327992757,"%","2025-09-07T10:00:00Z","2025-09-07T15:00:00+05:00","Asia/Tashkent",41.204655,69.232522,,,,"AirGradient","AirGradient"
4902926,"Sputnik-4","relativehumidity",19.351458231608074,"%","2025-09-07T11:00:00Z","2025-09-07T16:00:00+05:00","Asia/Tashkent",41.204655,69.232522,,,,"AirGradient","AirGradient"
4902926,"Sputnik-4","relativehumidity",18.152874787648518,"%","2025-09-07T12:00:00Z","2025-09-07T17:00:00+05:00","Asia/Tashkent",41.204655,69.232522,,,,"AirGradient","AirGradient"
4902926,"Sputnik-4","relativehumidity",17.539249738057453,"%","2025-09-07T13:00:00Z","2025-09-07T18:00:00+05:00","Asia/Tashkent",41.204655,69.232522,,,,"AirGradient","AirGradient"
4902926,"Sputnik-4","relativehumidity",19.505749702453613,"%","2025-09-07T14:00:00Z","2025-09-07T19:00:00+05:00","Asia/Tashkent",41.204655,69.232522,,,,"AirGradient","AirGradient"
4902926,"Sputnik-4","relativehumidity",24.34612512588501,"%","2025-09-07T15:00:00Z","2025-09-07T20:00:00+05:00","Asia/Tashkent",41.204655,69.232522,,,,"AirGradient","AirGradient"
4902926,"Sputnik-4","relativehumidity",25.80412530899048,"%","2025-09-07T16:00:00Z","2025-09-07T21:00:00+05:00","Asia/Tashkent",41.204655,69.232522,,,,"AirGradient","AirGradient"
4902926,"Sputnik-4","relativehumidity",28.522125085194904,"%","2025-09-07T17:00:00Z","2025-09-07T22:00:00+05:00","Asia/Tashkent",41.204655,69.232522,,,,"AirGradient","AirGradient"
4902926,"Sputnik-4","relativehumidity",30.88741668065389,"%","2025-09-07T18:00:00Z","2025-09-07T23:00:00+05:00","Asia/Tashkent",41.204655,69.232522,,,,"AirGradient","AirGradient"
4902926,"Sputnik-4","relativehumidity",30.249916553497314,"%","2025-09-07T19:00:00Z","2025-09-08T00:00:00+05:00","Asia/Tashkent",41.204655,69.232522,,,,"AirGradient","AirGradient"
4902926,"Sputnik-4","relativehumidity",29.40454165140788,"%","2025-09-07T20:00:00Z","2025-09-08T01:00:00+05:00","Asia/Tashkent",41.204655,69.232522,,,,"AirGradient","AirGradient"
4902926,"Sputnik-4","relativehumidity",29.436291853586834,"%","2025-09-07T21:00:00Z","2025-09-08T02:00:00+05:00","Asia/Tashkent",41.204655,69.232522,,,,"AirGradient","AirGradient"
4902926,"Sputnik-4","relativehumidity",30.73174985249837,"%","2025-09-07T22:00:00Z","2025-09-08T03:00:00+05:00","Asia/Tashkent",41.204655,69.232522,,,,"AirGradient","AirGradient"
4902926,"Sputnik-4","relativehumidity",31.02666695912679,"%","2025-09-07T23:00:00Z","2025-09-08T04:00:00+05:00","Asia/Tashkent",41.204655,69.232522,,,,"AirGradient","AirGradient"
4902926,"Sputnik-4","relativehumidity",31.565374692281086,"%","2025-09-08T00:00:00Z","2025-09-08T05:00:00+05:00","Asia/Tashkent",41.204655,69.232522,,,,"AirGradient","AirGradient"
4902926,"Sputnik-4","relativehumidity",32.74516646067301,"%","2025-09-08T01:00:00Z","2025-09-08T06:00:00+05:00","Asia/Tashkent",41.204655,69.232522,,,,"AirGradient","AirGradient"
4902926,"Sputnik-4","relativehumidity",32.24279181162516,"%","2025-09-08T02:00:00Z","2025-09-08T07:00:00+05:00","Asia/Tashkent",41.204655,69.232522,,,,"AirGradient","AirGradient"
4902926,"Sputnik-4","relativehumidity",30.524750232696533,"%","2025-09-08T03:00:00Z","2025-09-08T08:00:00+05:00","Asia/Tashkent",41.204655,69.232522,,,,"AirGradient","AirGradient"
4902926,"Sputnik-4","relativehumidity",30.04924996693929,"%","2025-09-08T04:00:00Z","2025-09-08T09:00:00+05:00","Asia/Tashkent",41.204655,69.232522,,,,"AirGradient","AirGradient"
4902926,"Sputnik-4","relativehumidity",32.69454209009806,"%","2025-09-08T05:00:00Z","2025-09-08T10:00:00+05:00","Asia/Tashkent",41.204655,69.232522,,,,"AirGradient","AirGradient"
4902926,"Sputnik-4","relativehumidity",32.646250089009605,"%","2025-09-08T06:00:00Z","2025-09-08T11:00:00+05:00","Asia/Tashkent",41.204655,69.232522,,,,"AirGradient","AirGradient"
4902926,"Sputnik-4","relativehumidity",30.171666463216145,"%","2025-09-08T07:00:00Z","2025-09-08T12:00:00+05:00","Asia/Tashkent",41.204655,69.232522,,,,"AirGradient","AirGradient"
4902926,"Sputnik-4","relativehumidity",27.72637478510539,"%","2025-09-08T08:00:00Z","2025-09-08T13:00:00+05:00","Asia/Tashkent",41.204655,69.232522,,,,"AirGradient","AirGradient"
4902926,"Sputnik-4","relativehumidity",25.137166659037273,"%","2025-09-08T09:00:00Z","2025-09-08T14:00:00+05:00","Asia/Tashkent",41.204655,69.232522,,,,"AirGradient","AirGradient"
4902926,"Sputnik-4","relativehumidity",23.125499884287517,"%","2025-09-08T10:00:00Z","2025-09-08T15:00:00+05:00","Asia/Tashkent",41.204655,69.232522,,,,"AirGradient","AirGradient"
4902926,"Sputnik-4","relativehumidity",24.33708318074544,"%","2025-09-08T16:00:00Z","2025-09-08T21:00:00+05:00","Asia/Tashkent",41.204655,69.232522,,,,"AirGradient","AirGradient"
4902926,"Sputnik-4","relativehumidity",25.590458234151203,"%","2025-09-08T17:00:00Z","2025-09-08T22:00:00+05:00","Asia/Tashkent",41.204655,69.232522,,,,"AirGradient","AirGradient"
4902926,"Sputnik-4","relativehumidity",27.305625120798748,"%","2025-09-08T18:00:00Z","2025-09-08T23:00:00+05:00","Asia/Tashkent",41.204655,69.232522,,,,"AirGradient","AirGradient"
4902926,"Sputnik-4","relativehumidity",27.94658358891805,"%","2025-09-08T19:00:00Z","2025-09-09T00:00:00+05:00","Asia/Tashkent",41.204655,69.232522,,,,"AirGradient","AirGradient"
4902926,"Sputnik-4","relativehumidity",29.163208484649658,"%","2025-09-08T20:00:00Z","2025-09-09T01:00:00+05:00","Asia/Tashkent",41.204655,69.232522,,,,"AirGradient","AirGradient"
4902926,"Sputnik-4","relativehumidity",29.858458201090496,"%","2025-09-08T21:00:00Z","2025-09-09T02:00:00+05:00","Asia/Tashkent",41.204655,69.232522,,,,"AirGradient","AirGradient"
4902926,"Sputnik-4","relativehumidity",31.56933307647705,"%","2025-09-08T22:00:00Z","2025-09-09T03:00:00+05:00","Asia/Tashkent",41.204655,69.232522,,,,"AirGradient","AirGradient"
4902926,"Sputnik-4","relativehumidity",32.70016670227051,"%","2025-09-08T23:00:00Z","2025-09-09T04:00:00+05:00","Asia/Tashkent",41.204655,69.232522,,,,"AirGradient","AirGradient"
4902926,"Sputnik-4","relativehumidity",32.99095853169759,"%","2025-09-09T00:00:00Z","2025-09-09T05:00:00+05:00","Asia/Tashkent",41.204655,69.232522,,,,"AirGradient","AirGradient"
4902926,"Sputnik-4","relativehumidity",34.31808344523112,"%","2025-09-09T01:00:00Z","2025-09-09T06:00:00+05:00","Asia/Tashkent",41.204655,69.232522,,,,"AirGradient","AirGradient"
4902926,"Sputnik-4","relativehumidity",34.052833239237465,"%","2025-09-09T02:00:00Z","2025-09-09T07:00:00+05:00","Asia/Tashkent",41.204655,69.232522,,,,"AirGradient","AirGradient"
4902926,"Sputnik-4","relativehumidity",31.453389167785645,"%","2025-09-09T03:00:00Z","2025-09-09T08:00:00+05:00","Asia/Tashkent",41.204655,69.232522,,,,"AirGradient","AirGradient"
4902926,"Sputnik-4","relativehumidity",27.312124888102215,"%","2025-09-09T04:00:00Z","2025-09-09T09:00:00+05:00","Asia/Tashkent",41.204655,69.232522,,,,"AirGradient","AirGradient"
4902926,"Sputnik-4","relativehumidity",27.406333605448406,"%","2025-09-09T05:00:00Z","2025-09-09T10:00:00+05:00","Asia/Tashkent",41.204655,69.232522,,,,"AirGradient","AirGradient"
4902926,"Sputnik-4","relativehumidity",27.42550007502238,"%","2025-09-09T06:00:00Z","2025-09-09T11:00:00+05:00","Asia/Tashkent",41.204655,69.232522,,,,"AirGradient","AirGradient"
4902926,"Sputnik-4","relativehumidity",25.29908339182536,"%","2025-09-09T07:00:00Z","2025-09-09T12:00:00+05:00","Asia/Tashkent",41.204655,69.232522,,,,"AirGradient","AirGradient"
4902926,"Sputnik-4","relativehumidity",22.95733340581258,"%","2025-09-09T08:00:00Z","2025-09-09T13:00:00+05:00","Asia/Tashkent",41.204655,69.232522,,,,"AirGradient","AirGradient"
4902926,"Sputnik-4","relativehumidity",21.859458287556965,"%","2025-09-09T09:00:00Z","2025-09-09T14:00:00+05:00","Asia/Tashkent",41.204655,69.232522,,,,"AirGradient","AirGradient"
4902926,"Sputnik-4","relativehumidity",20.831791877746582,"%","2025-09-09T10:00:00Z","2025-09-09T15:00:00+05:00","Asia/Tashkent",41.204655,69.232522,,,,"AirGradient","AirGradient"
4902926,"Sputnik-4","relativehumidity",19.854749997456867,"%","2025-09-09T11:00:00Z","2025-09-09T16:00:00+05:00","Asia/Tashkent",41.204655,69.232522,,,,"AirGradient","AirGradient"
4902926,"Sputnik-4","relativehumidity",17.917041778564453,"%","2025-09-09T12:00:00Z","2025-09-09T17:00:00+05:00","Asia/Tashkent",41.204655,69.232522,,,,"AirGradient","AirGradient"
4902926,"Sputnik-4","relativehumidity",17.09720818201701,"%","2025-09-09T13:00:00Z","2025-09-09T18:00:00+05:00","Asia/Tashkent",41.204655,69.232522,,,,"AirGradient","AirGradient"
4902926,"Sputnik-4","relativehumidity",19.29623619715373,"%","2025-09-09T14:00:00Z","2025-09-09T19:00:00+05:00","Asia/Tashkent",41.204655,69.232522,,,,"AirGradient","AirGradient"
4902926,"Sputnik-4","relativehumidity",22.66033363342285,"%","2025-09-09T15:00:00Z","2025-09-09T20:00:00+05:00","Asia/Tashkent",41.204655,69.232522,,,,"AirGradient","AirGradient"
4902926,"Sputnik-4","relativehumidity",24.421666940053303,"%","2025-09-09T16:00:00Z","2025-09-09T21:00:00+05:00","Asia/Tashkent",41.204655,69.232522,,,,"AirGradient","AirGradient"
4902926,"Sputnik-4","relativehumidity",26.507041613260906,"%","2025-09-09T17:00:00Z","2025-09-09T22:00:00+05:00","Asia/Tashkent",41.204655,69.232522,,,,"AirGradient","AirGradient"
4902926,"Sputnik-4","relativehumidity",28.09029197692871,"%","2025-09-09T18:00:00Z","2025-09-09T23:00:00+05:00","Asia/Tashkent",41.204655,69.232522,,,,"AirGradient","AirGradient"
4902926,"Sputnik-4","relativehumidity",28.657875061035156,"%","2025-09-09T19:00:00Z","2025-09-10T00:00:00+05:00","Asia/Tashkent",41.204655,69.232522,,,,"AirGradient","AirGradient"
4902926,"Sputnik-4","relativehumidity",29.57312472661336,"%","2025-09-09T20:00:00Z","2025-09-10T01:00:00+05:00","Asia/Tashkent",41.204655,69.232522,,,,"AirGradient","AirGradient"
4902926,"Sputnik-4","relativehumidity",31.362874666849773,"%","2025-09-09T21:00:00Z","2025-09-10T02:00:00+05:00","Asia/Tashkent",41.204655,69.232522,,,,"AirGradient","AirGradient"
4902926,"Sputnik-4","relativehumidity",31.463416576385498,"%","2025-09-09T22:00:00Z","2025-09-10T03:00:00+05:00","Asia/Tashkent",41.204655,69.232522,,,,"AirGradient","AirGradient"
4902926,"Sputnik-4","relativehumidity",32.0407083829244,"%","2025-09-09T23:00:00Z","2025-09-10T04:00:00+05:00","Asia/Tashkent",41.204655,69.232522,,,,"AirGradient","AirGradient"
4902926,"Sputnik-4","relativehumidity",31.003916422526043,"%","2025-09-10T00:00:00Z","2025-09-10T05:00:00+05:00","Asia/Tashkent",41.204655,69.232522,,,,"AirGradient","AirGradient"
4902926,"Sputnik-4","relativehumidity",31.48566659291585,"%","2025-09-10T01:00:00Z","2025-09-10T06:00:00+05:00","Asia/Tashkent",41.204655,69.232522,,,,"AirGradient","AirGradient"
4902926,"Sputnik-4","relativehumidity",31.035374959309895,"%","2025-09-10T02:00:00Z","2025-09-10T07:00:00+05:00","Asia/Tashkent",41.204655,69.232522,,,,"AirGradient","AirGradient"
4902926,"Sputnik-4","relativehumidity",29.40354124704997,"%","2025-09-10T03:00:00Z","2025-09-10T08:00:00+05:00","Asia/Tashkent",41.204655,69.232522,,,,"AirGradient","AirGradient"
4902926,"Sputnik-4","relativehumidity",27.16191641489665,"%","2025-09-10T04:00:00Z","2025-09-10T09:00:00+05:00","Asia/Tashkent",41.204655,69.232522,,,,"AirGradient","AirGradient"
4902926,"Sputnik-4","relativehumidity",25.261847178141277,"%","2025-09-10T05:00:00Z","2025-09-10T10:00:00+05:00","Asia/Tashkent",41.204655,69.232522,,,,"AirGradient","AirGradient"
4902926,"Sputnik-4","relativehumidity",25.430541674296062,"%","2025-09-10T06:00:00Z","2025-09-10T11:00:00+05:00","Asia/Tashkent",41.204655,69.232522,,,,"AirGradient","AirGradient"
4902926,"Sputnik-4","relativehumidity",24.34358326594035,"%","2025-09-10T07:00:00Z","2025-09-10T12:00:00+05:00","Asia/Tashkent",41.204655,69.232522,,,,"AirGradient","AirGradient"
4902926,"Sputnik-4","relativehumidity",22.69083325068156,"%","2025-09-10T08:00:00Z","2025-09-10T13:00:00+05:00","Asia/Tashkent",41.204655,69.232522,,,,"AirGradient","AirGradient"
4902926,"Sputnik-4","relativehumidity",22.025874614715576,"%","2025-09-10T09:00:00Z","2025-09-10T14:00:00+05:00","Asia/Tashkent",41.204655,69.232522,,,,"AirGradient","AirGradient"
4902926,"Sputnik-4","relativehumidity",21.786125024159748,"%","2025-09-10T10:00:00Z","2025-09-10T15:00:00+05:00","Asia/Tashkent",41.204655,69.232522,,,,"AirGradient","AirGradient"
4902926,"Sputnik-4","relativehumidity",21.391499837239582,"%","2025-09-10T11:00:00Z","2025-09-10T16:00:00+05:00","Asia/Tashkent",41.204655,69.232522,,,,"AirGradient","AirGradient"
4902926,"Sputnik-4","relativehumidity",19.752444585164387,"%","2025-09-10T12:00:00Z","2025-09-10T17:00:00+05:00","Asia/Tashkent",41.204655,69.232522,,,,"AirGradient","AirGradient"
4902926,"Sputnik-4","relativehumidity",18.91437530517578,"%","2025-09-10T13:00:00Z","2025-09-10T18:00:00+05:00","Asia/Tashkent",41.204655,69.232522,,,,"AirGradient","AirGradient"
4902926,"Sputnik-4","relativehumidity",21.2697917620341,"%","2025-09-10T14:00:00Z","2025-09-10T19:00:00+05:00","Asia/Tashkent",41.204655,69.232522,,,,"AirGradient","AirGradient"
4902926,"Sputnik-4","relativehumidity",25.15708335240682,"%","2025-09-10T15:00:00Z","2025-09-10T20:00:00+05:00","Asia/Tashkent",41.204655,69.232522,,,,"AirGradient","AirGradient"
4902926,"Sputnik-4","relativehumidity",26.37976376215617,"%","2025-09-10T16:00:00Z","2025-09-10T21:00:00+05:00","Asia/Tashkent",41.204655,69.232522,,,,"AirGradient","AirGradient"
4902926,"Sputnik-4","relativehumidity",27.422486305236816,"%","2025-09-10T17:00:00Z","2025-09-10T22:00:00+05:00","Asia/Tashkent",41.204655,69.232522,,,,"AirGradient","AirGradient"
4902926,"Sputnik-4","relativehumidity",28.03243048985799,"%","2025-09-10T18:00:00Z","2025-09-10T23:00:00+05:00","Asia/Tashkent",41.204655,69.232522,,,,"AirGradient","AirGradient"
4902926,"Sputnik-4","relativehumidity",28.834208329518635,"%","2025-09-10T19:00:00Z","2025-09-11T00:00:00+05:00","Asia/Tashkent",41.204655,69.232522,,,,"AirGradient","AirGradient"
4902926,"Sputnik-4","relativehumidity",30.426291465759277,"%","2025-09-10T20:00:00Z","2025-09-11T01:00:00+05:00","Asia/Tashkent",41.204655,69.232522,,,,"AirGradient","AirGradient"
4902926,"Sputnik-4","relativehumidity",31.485249996185303,"%","2025-09-10T21:00:00Z","2025-09-11T02:00:00+05:00","Asia/Tashkent",41.204655,69.232522,,,,"AirGradient","AirGradient"
4902926,"Sputnik-4","relativehumidity",31.710041522979736,"%","2025-09-10T22:00:00Z","2025-09-11T03:00:00+05:00","Asia/Tashkent",41.204655,69.232522,,,,"AirGradient","AirGradient"
4902926,"Sputnik-4","relativehumidity",34.35520871480306,"%","2025-09-10T23:00:00Z","2025-09-11T04:00:00+05:00","Asia/Tashkent",41.204655,69.232522,,,,"AirGradient","AirGradient"
4902926,"Sputnik-4","relativehumidity",34.71895821889242,"%","2025-09-11T00:00:00Z","2025-09-11T05:00:00+05:00","Asia/Tashkent",41.204655,69.232522,,,,"AirGradient","AirGradient"
4902926,"Sputnik-4","relativehumidity",35.58004220326742,"%","2025-09-11T01:00:00Z","2025-09-11T06:00:00+05:00","Asia/Tashkent",41.204655,69.232522,,,,"AirGradient","AirGradient"
4902926,"Sputnik-4","relativehumidity",35.537333170572914,"%","2025-09-11T02:00:00Z","2025-09-11T07:00:00+05:00","Asia/Tashkent",41.204655,69.232522,,,,"AirGradient","AirGradient"
4902926,"Sputnik-4","relativehumidity",33.74791685740153,"%","2025-09-11T03:00:00Z","2025-09-11T08:00:00+05:00","Asia/Tashkent",41.204655,69.232522,,,,"AirGradient","AirGradient"
4902926,"Sputnik-4","relativehumidity",30.71362527211507,"%","2025-09-11T04:00:00Z","2025-09-11T09:00:00+05:00","Asia/Tashkent",41.204655,69.232522,,,,"AirGradient","AirGradient"
4902926,"Sputnik-4","relativehumidity",27.372374693552654,"%","2025-09-11T05:00:00Z","2025-09-11T10:00:00+05:00","Asia/Tashkent",41.204655,69.232522,,,,"AirGradient","AirGradient"
4902926,"Sputnik-4","relativehumidity",24.28166659673055,"%","2025-09-11T06:00:00Z","2025-09-11T11:00:00+05:00","Asia/Tashkent",41.204655,69.232522,,,,"AirGradient","AirGradient"
4902926,"Sputnik-4","relativehumidity",23.183249950408936,"%","2025-09-11T07:00:00Z","2025-09-11T12:00:00+05:00","Asia/Tashkent",41.204655,69.232522,,,,"AirGradient","AirGradient"
4902926,"Sputnik-4","relativehumidity",21.85058323542277,"%","2025-09-11T08:00:00Z","2025-09-11T13:00:00+05:00","Asia/Tashkent",41.204655,69.232522,,,,"AirGradient","AirGradient"
4902926,"Sputnik-4","relativehumidity",20.60979191462199,"%","2025-09-11T09:00:00Z","2025-09-11T14:00:00+05:00","Asia/Tashkent",41.204655,69.232522,,,,"AirGradient","AirGradient"
4902926,"Sputnik-4","relativehumidity",19.778388341267902,"%","2025-09-11T10:00:00Z","2025-09-11T15:00:00+05:00","Asia/Tashkent",41.204655,69.232522,,,,"AirGradient","AirGradient"
4902926,"Sputnik-4","relativehumidity",19.157750129699707,"%","2025-09-11T11:00:00Z","2025-09-11T16:00:00+05:00","Asia/Tashkent",41.204655,69.232522,,,,"AirGradient","AirGradient"
4902926,"Sputnik-4","relativehumidity",17.93329159418742,"%","2025-09-11T12:00:00Z","2025-09-11T17:00:00+05:00","Asia/Tashkent",41.204655,69.232522,,,,"AirGradient","AirGradient"
4902926,"Sputnik-4","relativehumidity",18.0482915242513,"%","2025-09-11T13:00:00Z","2025-09-11T18:00:00+05:00","Asia/Tashkent",41.204655,69.232522,,,,"AirGradient","AirGradient"
4902926,"Sputnik-4","relativehumidity",19.971416473388672,"%","2025-09-11T14:00:00Z","2025-09-11T19:00:00+05:00","Asia/Tashkent",41.204655,69.232522,,,,"AirGradient","AirGradient"
4902926,"Sputnik-4","relativehumidity",20.08525021870931,"%","2025-09-11T15:00:00Z","2025-09-11T20:00:00+05:00","Asia/Tashkent",41.204655,69.232522,,,,"AirGradient","AirGradient"
4902926,"Sputnik-4","relativehumidity",20.60112492243449,"%","2025-09-11T16:00:00Z","2025-09-11T21:00:00+05:00","Asia/Tashkent",41.204655,69.232522,,,,"AirGradient","AirGradient"
4902926,"Sputnik-4","relativehumidity",22.415416876475017,"%","2025-09-11T17:00:00Z","2025-09-11T22:00:00+05:00","Asia/Tashkent",41.204655,69.232522,,,,"AirGradient","AirGradient"
4902926,"Sputnik-4","relativehumidity",23.4118332862854,"%","2025-09-11T18:00:00Z","2025-09-11T23:00:00+05:00","Asia/Tashkent",41.204655,69.232522,,,,"AirGradient","AirGradient"
4902926,"Sputnik-4","relativehumidity",24.516291618347168,"%","2025-09-11T19:00:00Z","2025-09-12T00:00:00+05:00","Asia/Tashkent",41.204655,69.232522,,,,"AirGradient","AirGradient"
4902926,"Sputnik-4","relativehumidity",25.42537498474121,"%","2025-09-11T20:00:00Z","2025-09-12T01:00:00+05:00","Asia/Tashkent",41.204655,69.232522,,,,"AirGradient","AirGradient"
4902926,"Sputnik-4","relativehumidity",26.797458330790203,"%","2025-09-11T21:00:00Z","2025-09-12T02:00:00+05:00","Asia/Tashkent",41.204655,69.232522,,,,"AirGradient","AirGradient"
4902926,"Sputnik-4","relativehumidity",27.581791877746582,"%","2025-09-11T22:00:00Z","2025-09-12T03:00:00+05:00","Asia/Tashkent",41.204655,69.232522,,,,"AirGradient","AirGradient"
4902926,"Sputnik-4","relativehumidity",29.83133331934611,"%","2025-09-11T23:00:00Z","2025-09-12T04:00:00+05:00","Asia/Tashkent",41.204655,69.232522,,,,"AirGradient","AirGradient"
4902926,"Sputnik-4","relativehumidity",32.5787083307902,"%","2025-09-12T00:00:00Z","2025-09-12T05:00:00+05:00","Asia/Tashkent",41.204655,69.232522,,,,"AirGradient","AirGradient"
4902926,"Sputnik-4","relativehumidity",32.99687480926514,"%","2025-09-12T01:00:00Z","2025-09-12T06:00:00+05:00","Asia/Tashkent",41.204655,69.232522,,,,"AirGradient","AirGradient"
4902926,"Sputnik-4","relativehumidity",33.31866645812988,"%","2025-09-12T02:00:00Z","2025-09-12T07:00:00+05:00","Asia/Tashkent",41.204655,69.232522,,,,"AirGradient","AirGradient"
4902926,"Sputnik-4","relativehumidity",32.06316725413004,"%","2025-09-12T03:00:00Z","2025-09-12T08:00:00+05:00","Asia/Tashkent",41.204655,69.232522,,,,"AirGradient","AirGradient"
4902926,"Sputnik-4","relativehumidity",29.03548590342204,"%","2025-09-12T04:00:00Z","2025-09-12T09:00:00+05:00","Asia/Tashkent",41.204655,69.232522,,,,"AirGradient","AirGradient"
4902926,"Sputnik-4","relativehumidity",25.8649164835612,"%","2025-09-12T05:00:00Z","2025-09-12T10:00:00+05:00","Asia/Tashkent",41.204655,69.232522,,,,"AirGradient","AirGradient"
4902926,"Sputnik-4","relativehumidity",24.855124950408936,"%","2025-09-12T06:00:00Z","2025-09-12T11:00:00+05:00","Asia/Tashkent",41.204655,69.232522,,,,"AirGradient","AirGradient"
4902926,"Sputnik-4","relativehumidity",23.588236331939697,"%","2025-09-12T07:00:00Z","2025-09-12T12:00:00+05:00","Asia/Tashkent",41.204655,69.232522,,,,"AirGradient","AirGradient"
4902926,"Sputnik-4","relativehumidity",21.48941659927368,"%","2025-09-12T08:00:00Z","2025-09-12T13:00:00+05:00","Asia/Tashkent",41.204655,69.232522,,,,"AirGradient","AirGradient"
4902926,"Sputnik-4","relativehumidity",20.49804178873698,"%","2025-09-12T09:00:00Z","2025-09-12T14:00:00+05:00","Asia/Tashkent",41.204655,69.232522,,,,"AirGradient","AirGradient"
4902926,"Sputnik-4","relativehumidity",18.35124985376994,"%","2025-09-12T10:00:00Z","2025-09-12T15:00:00+05:00","Asia/Tashkent",41.204655,69.232522,,,,"AirGradient","AirGradient"
4902926,"Sputnik-4","relativehumidity",15.378750006357828,"%","2025-09-12T11:00:00Z","2025-09-12T16:00:00+05:00","Asia/Tashkent",41.204655,69.232522,,,,"AirGradient","AirGradient"
4902926,"Sputnik-4","relativehumidity",13.704041639963785,"%","2025-09-12T12:00:00Z","2025-09-12T17:00:00+05:00","Asia/Tashkent",41.204655,69.232522,,,,"AirGradient","AirGradient"
4902926,"Sputnik-4","relativehumidity",14.1635000705719,"%","2025-09-12T13:00:00Z","2025-09-12T18:00:00+05:00","Asia/Tashkent",41.204655,69.232522,,,,"AirGradient","AirGradient"
4902926,"Sputnik-4","relativehumidity",15.609874884287516,"%","2025-09-12T14:00:00Z","2025-09-12T19:00:00+05:00","Asia/Tashkent",41.204655,69.232522,,,,"AirGradient","AirGradient"
4902926,"Sputnik-4","relativehumidity",17.599430561065674,"%","2025-09-12T15:00:00Z","2025-09-12T20:00:00+05:00","Asia/Tashkent",41.204655,69.232522,,,,"AirGradient","AirGradient"
4902926,"Sputnik-4","relativehumidity",19.052624861399334,"%","2025-09-12T16:00:00Z","2025-09-12T21:00:00+05:00","Asia/Tashkent",41.204655,69.232522,,,,"AirGradient","AirGradient"
4902926,"Sputnik-4","relativehumidity",20.866416613260906,"%","2025-09-12T17:00:00Z","2025-09-12T22:00:00+05:00","Asia/Tashkent",41.204655,69.232522,,,,"AirGradient","AirGradient"
4902926,"Sputnik-4","relativehumidity",23.82854175567627,"%","2025-09-12T18:00:00Z","2025-09-12T23:00:00+05:00","Asia/Tashkent",41.204655,69.232522,,,,"AirGradient","AirGradient"
4902926,"Sputnik-4","relativehumidity",28.19420862197876,"%","2025-09-12T19:00:00Z","2025-09-13T00:00:00+05:00","Asia/Tashkent",41.204655,69.232522,,,,"AirGradient","AirGradient"
4902926,"Sputnik-4","relativehumidity",29.44337511062622,"%","2025-09-12T20:00:00Z","2025-09-13T01:00:00+05:00","Asia/Tashkent",41.204655,69.232522,,,,"AirGradient","AirGradient"
4902926,"Sputnik-4","relativehumidity",29.38645839691162,"%","2025-09-12T21:00:00Z","2025-09-13T02:00:00+05:00","Asia/Tashkent",41.204655,69.232522,,,,"AirGradient","AirGradient"
4902926,"Sputnik-4","relativehumidity",29.479374885559082,"%","2025-09-12T22:00:00Z","2025-09-13T03:00:00+05:00","Asia/Tashkent",41.204655,69.232522,,,,"AirGradient","AirGradient"
4902926,"Sputnik-4","relativehumidity",31.146041711171467,"%","2025-09-12T23:00:00Z","2025-09-13T04:00:00+05:00","Asia/Tashkent",41.204655,69.232522,,,,"AirGradient","AirGradient"
4902926,"Sputnik-4","relativehumidity",34.513278007507324,"%","2025-09-13T00:00:00Z","2025-09-13T05:00:00+05:00","Asia/Tashkent",41.204655,69.232522,,,,"AirGradient","AirGradient"
4902926,"Sputnik-4","relativehumidity",36.06666660308838,"%","2025-09-13T01:00:00Z","2025-09-13T06:00:00+05:00","Asia/Tashkent",41.204655,69.232522,,,,"AirGradient","AirGradient"
4902926,"Sputnik-4","relativehumidity",35.72700023651123,"%","2025-09-13T02:00:00Z","2025-09-13T07:00:00+05:00","Asia/Tashkent",41.204655,69.232522,,,,"AirGradient","AirGradient"
4902926,"Sputnik-4","relativehumidity",32.089792251586914,"%","2025-09-13T03:00:00Z","2025-09-13T08:00:00+05:00","Asia/Tashkent",41.204655,69.232522,,,,"AirGradient","AirGradient"
4902926,"Sputnik-4","relativehumidity",28.378791173299152,"%","2025-09-13T04:00:00Z","2025-09-13T09:00:00+05:00","Asia/Tashkent",41.204655,69.232522,,,,"AirGradient","AirGradient"
4902926,"Sputnik-4","relativehumidity",25.56052764256795,"%","2025-09-13T05:00:00Z","2025-09-13T10:00:00+05:00","Asia/Tashkent",41.204655,69.232522,,,,"AirGradient","AirGradient"
4902926,"Sputnik-4","relativehumidity",24.14020840326945,"%","2025-09-13T06:00:00Z","2025-09-13T11:00:00+05:00","Asia/Tashkent",41.204655,69.232522,,,,"AirGradient","AirGradient"
4902926,"Sputnik-4","relativehumidity",23.040625254313152,"%","2025-09-13T07:00:00Z","2025-09-13T12:00:00+05:00","Asia/Tashkent",41.204655,69.232522,,,,"AirGradient","AirGradient"
4902926,"Sputnik-4","relativehumidity",24.394388834635418,"%","2025-09-13T08:00:00Z","2025-09-13T13:00:00+05:00","Asia/Tashkent",41.204655,69.232522,,,,"AirGradient","AirGradient"
4902926,"Sputnik-4","relativehumidity",25.372541745503742,"%","2025-09-13T09:00:00Z","2025-09-13T14:00:00+05:00","Asia/Tashkent",41.204655,69.232522,,,,"AirGradient","AirGradient"
4902926,"Sputnik-4","relativehumidity",25.241833527882893,"%","2025-09-13T10:00:00Z","2025-09-13T15:00:00+05:00","Asia/Tashkent",41.204655,69.232522,,,,"AirGradient","AirGradient"
4902926,"Sputnik-4","relativehumidity",24.4650141398112,"%","2025-09-13T11:00:00Z","2025-09-13T16:00:00+05:00","Asia/Tashkent",41.204655,69.232522,,,,"AirGradient","AirGradient"
4902926,"Sputnik-4","relativehumidity",20.54172197977702,"%","2025-09-13T12:00:00Z","2025-09-13T17:00:00+05:00","Asia/Tashkent",41.204655,69.232522,,,,"AirGradient","AirGradient"
4902926,"Sputnik-4","relativehumidity",20.676416556040447,"%","2025-09-13T13:00:00Z","2025-09-13T18:00:00+05:00","Asia/Tashkent",41.204655,69.232522,,,,"AirGradient","AirGradient"
4902926,"Sputnik-4","relativehumidity",22.604666709899902,"%","2025-09-13T14:00:00Z","2025-09-13T19:00:00+05:00","Asia/Tashkent",41.204655,69.232522,,,,"AirGradient","AirGradient"
4902926,"Sputnik-4","relativehumidity",23.945791880289715,"%","2025-09-13T15:00:00Z","2025-09-13T20:00:00+05:00","Asia/Tashkent",41.204655,69.232522,,,,"AirGradient","AirGradient"
4902926,"Sputnik-4","relativehumidity",24.74637492497762,"%","2025-09-13T16:00:00Z","2025-09-13T21:00:00+05:00","Asia/Tashkent",41.204655,69.232522,,,,"AirGradient","AirGradient"
4902926,"Sputnik-4","relativehumidity",25.498749891916912,"%","2025-09-13T17:00:00Z","2025-09-13T22:00:00+05:00","Asia/Tashkent",41.204655,69.232522,,,,"AirGradient","AirGradient"
4902926,"Sputnik-4","relativehumidity",26.281333287556965,"%","2025-09-13T18:00:00Z","2025-09-13T23:00:00+05:00","Asia/Tashkent",41.204655,69.232522,,,,"AirGradient","AirGradient"
4902926,"Sputnik-4","relativehumidity",28.84970823923747,"%","2025-09-13T19:00:00Z","2025-09-14T00:00:00+05:00","Asia/Tashkent",41.204655,69.232522,,,,"AirGradient","AirGradient"
4902926,"Sputnik-4","relativehumidity",35.42479165395101,"%","2025-09-13T20:00:00Z","2025-09-14T01:00:00+05:00","Asia/Tashkent",41.204655,69.232522,,,,"AirGradient","AirGradient"
4902926,"Sputnik-4","relativehumidity",36.04320812225342,"%","2025-09-13T21:00:00Z","2025-09-14T02:00:00+05:00","Asia/Tashkent",41.204655,69.232522,,,,"AirGradient","AirGradient"
4902926,"Sputnik-4","relativehumidity",35.5269578297933,"%","2025-09-13T22:00:00Z","2025-09-14T03:00:00+05:00","Asia/Tashkent",41.204655,69.232522,,,,"AirGradient","AirGradient"
4902926,"Sputnik-4","relativehumidity",35.57383378346761,"%","2025-09-13T23:00:00Z","2025-09-14T04:00:00+05:00","Asia/Tashkent",41.204655,69.232522,,,,"AirGradient","AirGradient"
4902926,"Sputnik-4","relativehumidity",37.275583585103355,"%","2025-09-14T00:00:00Z","2025-09-14T05:00:00+05:00","Asia/Tashkent",41.204655,69.232522,,,,"AirGradient","AirGradient"
4902926,"Sputnik-4","relativehumidity",36.50944455464681,"%","2025-09-14T01:00:00Z","2025-09-14T06:00:00+05:00","Asia/Tashkent",41.204655,69.232522,,,,"AirGradient","AirGradient"
4902926,"Sputnik-4","relativehumidity",36.647083600362144,"%","2025-09-14T02:00:00Z","2025-09-14T07:00:00+05:00","Asia/Tashkent",41.204655,69.232522,,,,"AirGradient","AirGradient"
4902926,"Sputnik-4","relativehumidity",35.010124842325844,"%","2025-09-14T03:00:00Z","2025-09-14T08:00:00+05:00","Asia/Tashkent",41.204655,69.232522,,,,"AirGradient","AirGradient"
4902926,"Sputnik-4","relativehumidity",31.054416338602703,"%","2025-09-14T04:00:00Z","2025-09-14T09:00:00+05:00","Asia/Tashkent",41.204655,69.232522,,,,"AirGradient","AirGradient"
4902926,"Sputnik-4","relativehumidity",27.60870822270711,"%","2025-09-14T05:00:00Z","2025-09-14T10:00:00+05:00","Asia/Tashkent",41.204655,69.232522,,,,"AirGradient","AirGradient"
4902926,"Sputnik-4","relativehumidity",25.009416580200195,"%","2025-09-14T06:00:00Z","2025-09-14T11:00:00+05:00","Asia/Tashkent",41.204655,69.232522,,,,"AirGradient","AirGradient"
4902926,"Sputnik-4","relativehumidity",24.387791951497395,"%","2025-09-14T07:00:00Z","2025-09-14T12:00:00+05:00","Asia/Tashkent",41.204655,69.232522,,,,"AirGradient","AirGradient"
4902926,"Sputnik-4","relativehumidity",24.04437880082564,"%","2025-09-14T08:00:00Z","2025-09-14T13:00:00+05:00","Asia/Tashkent",41.204655,69.232522,,,,"AirGradient","AirGradient"
4902926,"Sputnik-4","relativehumidity",24.045708338419598,"%","2025-09-14T09:00:00Z","2025-09-14T14:00:00+05:00","Asia/Tashkent",41.204655,69.232522,,,,"AirGradient","AirGradient"
4902926,"Sputnik-4","relativehumidity",23.730375289916992,"%","2025-09-14T10:00:00Z","2025-09-14T15:00:00+05:00","Asia/Tashkent",41.204655,69.232522,,,,"AirGradient","AirGradient"
4902926,"Sputnik-4","relativehumidity",22.506542046864826,"%","2025-09-14T11:00:00Z","2025-09-14T16:00:00+05:00","Asia/Tashkent",41.204655,69.232522,,,,"AirGradient","AirGradient"
4902926,"Sputnik-4","relativehumidity",20.840916792551678,"%","2025-09-14T12:00:00Z","2025-09-14T17:00:00+05:00","Asia/Tashkent",41.204655,69.232522,,,,"AirGradient","AirGradient"
4902926,"Sputnik-4","relativehumidity",20.228833039601643,"%","2025-09-14T13:00:00Z","2025-09-14T18:00:00+05:00","Asia/Tashkent",41.204655,69.232522,,,,"AirGradient","AirGradient"
4902926,"Sputnik-4","relativehumidity",24.65208339691162,"%","2025-09-14T14:00:00Z","2025-09-14T19:00:00+05:00","Asia/Tashkent",41.204655,69.232522,,,,"AirGradient","AirGradient"
4902926,"Sputnik-4","relativehumidity",29.280750115712483,"%","2025-09-14T15:00:00Z","2025-09-14T20:00:00+05:00","Asia/Tashkent",41.204655,69.232522,,,,"AirGradient","AirGradient"
4902926,"Sputnik-4","relativehumidity",30.224958578745525,"%","2025-09-14T16:00:00Z","2025-09-14T21:00:00+05:00","Asia/Tashkent",41.204655,69.232522,,,,"AirGradient","AirGradient"
4902926,"Sputnik-4","relativehumidity",28.196486314137776,"%","2025-09-14T17:00:00Z","2025-09-14T22:00:00+05:00","Asia/Tashkent",41.204655,69.232522,,,,"AirGradient","AirGradient"
4902926,"Sputnik-4","relativehumidity",28.04587523142497,"%","2025-09-14T18:00:00Z","2025-09-14T23:00:00+05:00","Asia/Tashkent",41.204655,69.232522,,,,"AirGradient","AirGradient"
4902926,"Sputnik-4","relativehumidity",29.39791663487752,"%","2025-09-14T19:00:00Z","2025-09-15T00:00:00+05:00","Asia/Tashkent",41.204655,69.232522,,,,"AirGradient","AirGradient"
4902926,"Sputnik-4","relativehumidity",35.236541430155434,"%","2025-09-14T20:00:00Z","2025-09-15T01:00:00+05:00","Asia/Tashkent",41.204655,69.232522,,,,"AirGradient","AirGradient"
4902926,"Sputnik-4","relativehumidity",36.87345918019613,"%","2025-09-14T21:00:00Z","2025-09-15T02:00:00+05:00","Asia/Tashkent",41.204655,69.232522,,,,"AirGradient","AirGradient"
4902926,"Sputnik-4","relativehumidity",36.78749974568685,"%","2025-09-14T22:00:00Z","2025-09-15T03:00:00+05:00","Asia/Tashkent",41.204655,69.232522,,,,"AirGradient","AirGradient"
4902926,"Sputnik-4","relativehumidity",37.95795758565267,"%","2025-09-14T23:00:00Z","2025-09-15T04:00:00+05:00","Asia/Tashkent",41.204655,69.232522,,,,"AirGradient","AirGradient"
4902926,"Sputnik-4","relativehumidity",38.639847119649254,"%","2025-09-15T00:00:00Z","2025-09-15T05:00:00+05:00","Asia/Tashkent",41.204655,69.232522,,,,"AirGradient","AirGradient"
4902926,"Sputnik-4","relativehumidity",38.38308334350586,"%","2025-09-15T01:00:00Z","2025-09-15T06:00:00+05:00","Asia/Tashkent",41.204655,69.232522,,,,"AirGradient","AirGradient"
4902926,"Sputnik-4","relativehumidity",39.55445830027262,"%","2025-09-15T02:00:00Z","2025-09-15T07:00:00+05:00","Asia/Tashkent",41.204655,69.232522,,,,"AirGradient","AirGradient"
4902926,"Sputnik-4","relativehumidity",38.20184739430746,"%","2025-09-15T03:00:00Z","2025-09-15T08:00:00+05:00","Asia/Tashkent",41.204655,69.232522,,,,"AirGradient","AirGradient"
4902926,"Sputnik-4","relativehumidity",36.64687538146973,"%","2025-09-15T04:00:00Z","2025-09-15T09:00:00+05:00","Asia/Tashkent",41.204655,69.232522,,,,"AirGradient","AirGradient"
4902926,"Sputnik-4","relativehumidity",36.67729218800863,"%","2025-09-15T05:00:00Z","2025-09-15T10:00:00+05:00","Asia/Tashkent",41.204655,69.232522,,,,"AirGradient","AirGradient"
4902926,"Sputnik-4","relativehumidity",32.62062565485636,"%","2025-09-15T06:00:00Z","2025-09-15T11:00:00+05:00","Asia/Tashkent",41.204655,69.232522,,,,"AirGradient","AirGradient"
4902926,"Sputnik-4","relativehumidity",29.81416654586792,"%","2025-09-15T07:00:00Z","2025-09-15T12:00:00+05:00","Asia/Tashkent",41.204655,69.232522,,,,"AirGradient","AirGradient"
4902926,"Sputnik-4","relativehumidity",29.398916403452557,"%","2025-09-15T08:00:00Z","2025-09-15T13:00:00+05:00","Asia/Tashkent",41.204655,69.232522,,,,"AirGradient","AirGradient"
4902926,"Sputnik-4","relativehumidity",28.182930151621502,"%","2025-09-15T09:00:00Z","2025-09-15T14:00:00+05:00","Asia/Tashkent",41.204655,69.232522,,,,"AirGradient","AirGradient"
4902926,"Sputnik-4","relativehumidity",24.85877799987793,"%","2025-09-15T10:00:00Z","2025-09-15T15:00:00+05:00","Asia/Tashkent",41.204655,69.232522,,,,"AirGradient","AirGradient"
4902926,"Sputnik-4","relativehumidity",22.293333053588867,"%","2025-09-15T11:00:00Z","2025-09-15T16:00:00+05:00","Asia/Tashkent",41.204655,69.232522,,,,"AirGradient","AirGradient"
4902926,"Sputnik-4","relativehumidity",21.473541895548504,"%","2025-09-15T12:00:00Z","2025-09-15T17:00:00+05:00","Asia/Tashkent",41.204655,69.232522,,,,"AirGradient","AirGradient"
4902926,"Sputnik-4","relativehumidity",25.42841672897339,"%","2025-09-15T13:00:00Z","2025-09-15T18:00:00+05:00","Asia/Tashkent",41.204655,69.232522,,,,"AirGradient","AirGradient"
4902926,"Sputnik-4","relativehumidity",27.299833297729492,"%","2025-09-15T14:00:00Z","2025-09-15T19:00:00+05:00","Asia/Tashkent",41.204655,69.232522,,,,"AirGradient","AirGradient"
4902926,"Sputnik-4","relativehumidity",27.71791664759318,"%","2025-09-15T15:00:00Z","2025-09-15T20:00:00+05:00","Asia/Tashkent",41.204655,69.232522,,,,"AirGradient","AirGradient"
4902926,"Sputnik-4","relativehumidity",32.32359743118286,"%","2025-09-15T16:00:00Z","2025-09-15T21:00:00+05:00","Asia/Tashkent",41.204655,69.232522,,,,"AirGradient","AirGradient"
4902926,"Sputnik-4","relativehumidity",32.316458225250244,"%","2025-09-15T17:00:00Z","2025-09-15T22:00:00+05:00","Asia/Tashkent",41.204655,69.232522,,,,"AirGradient","AirGradient"
4902926,"Sputnik-4","relativehumidity",33.72754224141439,"%","2025-09-15T18:00:00Z","2025-09-15T23:00:00+05:00","Asia/Tashkent",41.204655,69.232522,,,,"AirGradient","AirGradient"
4902926,"Sputnik-4","relativehumidity",36.59666601816813,"%","2025-09-15T19:00:00Z","2025-09-16T00:00:00+05:00","Asia/Tashkent",41.204655,69.232522,,,,"AirGradient","AirGradient"
4902926,"Sputnik-4","relativehumidity",38.12341721852621,"%","2025-09-15T20:00:00Z","2025-09-16T01:00:00+05:00","Asia/Tashkent",41.204655,69.232522,,,,"AirGradient","AirGradient"
4902926,"Sputnik-4","relativehumidity",39.028791745503746,"%","2025-09-15T21:00:00Z","2025-09-16T02:00:00+05:00","Asia/Tashkent",41.204655,69.232522,,,,"AirGradient","AirGradient"
4902926,"Sputnik-4","relativehumidity",38.329124768575035,"%","2025-09-15T22:00:00Z","2025-09-16T03:00:00+05:00","Asia/Tashkent",41.204655,69.232522,,,,"AirGradient","AirGradient"
4902926,"Sputnik-4","relativehumidity",38.89958254496256,"%","2025-09-15T23:00:00Z","2025-09-16T04:00:00+05:00","Asia/Tashkent",41.204655,69.232522,,,,"AirGradient","AirGradient"
4902926,"Sputnik-4","relativehumidity",40.43179162343343,"%","2025-09-16T00:00:00Z","2025-09-16T05:00:00+05:00","Asia/Tashkent",41.204655,69.232522,,,,"AirGradient","AirGradient"
4902926,"Sputnik-4","relativehumidity",41.58725039164225,"%","2025-09-16T01:00:00Z","2025-09-16T06:00:00+05:00","Asia/Tashkent",41.204655,69.232522,,,,"AirGradient","AirGradient"
4902926,"Sputnik-4","relativehumidity",42.77891699473063,"%","2025-09-16T02:00:00Z","2025-09-16T07:00:00+05:00","Asia/Tashkent",41.204655,69.232522,,,,"AirGradient","AirGradient"
4902926,"Sputnik-4","relativehumidity",42.41704114278158,"%","2025-09-16T03:00:00Z","2025-09-16T08:00:00+05:00","Asia/Tashkent",41.204655,69.232522,,,,"AirGradient","AirGradient"
4902926,"Sputnik-4","relativehumidity",39.95220788319906,"%","2025-09-16T04:00:00Z","2025-09-16T09:00:00+05:00","Asia/Tashkent",41.204655,69.232522,,,,"AirGradient","AirGradient"
4902926,"Sputnik-4","relativehumidity",34.314124743143715,"%","2025-09-16T05:00:00Z","2025-09-16T10:00:00+05:00","Asia/Tashkent",41.204655,69.232522,,,,"AirGradient","AirGradient"
4902926,"Sputnik-4","relativehumidity",30.34712489446004,"%","2025-09-16T06:00:00Z","2025-09-16T11:00:00+05:00","Asia/Tashkent",41.204655,69.232522,,,,"AirGradient","AirGradient"
4902926,"Sputnik-4","relativehumidity",28.238319396972656,"%","2025-09-16T07:00:00Z","2025-09-16T12:00:00+05:00","Asia/Tashkent",41.204655,69.232522,,,,"AirGradient","AirGradient"
4902926,"Sputnik-4","relativehumidity",28.91374985376994,"%","2025-09-16T08:00:00Z","2025-09-16T13:00:00+05:00","Asia/Tashkent",41.204655,69.232522,,,,"AirGradient","AirGradient"
4902926,"Sputnik-4","relativehumidity",27.20299990971883,"%","2025-09-16T09:00:00Z","2025-09-16T14:00:00+05:00","Asia/Tashkent",41.204655,69.232522,,,,"AirGradient","AirGradient"
4902926,"Sputnik-4","relativehumidity",26.7187081972758,"%","2025-09-16T10:00:00Z","2025-09-16T15:00:00+05:00","Asia/Tashkent",41.204655,69.232522,,,,"AirGradient","AirGradient"
4902926,"Sputnik-4","relativehumidity",25.576375166575115,"%","2025-09-16T11:00:00Z","2025-09-16T16:00:00+05:00","Asia/Tashkent",41.204655,69.232522,,,,"AirGradient","AirGradient"
4902926,"Sputnik-4","relativehumidity",22.578861395517986,"%","2025-09-16T12:00:00Z","2025-09-16T17:00:00+05:00","Asia/Tashkent",41.204655,69.232522,,,,"AirGradient","AirGradient"
4902926,"Sputnik-4","relativehumidity",20.44266668955485,"%","2025-09-16T13:00:00Z","2025-09-16T18:00:00+05:00","Asia/Tashkent",41.204655,69.232522,,,,"AirGradient","AirGradient"
4902926,"Sputnik-4","relativehumidity",25.370916684468586,"%","2025-09-16T14:00:00Z","2025-09-16T19:00:00+05:00","Asia/Tashkent",41.204655,69.232522,,,,"AirGradient","AirGradient"
4902926,"Sputnik-4","relativehumidity",28.885180632273357,"%","2025-09-16T15:00:00Z","2025-09-16T20:00:00+05:00","Asia/Tashkent",41.204655,69.232522,,,,"AirGradient","AirGradient"
4902926,"Sputnik-4","relativehumidity",30.477805296579998,"%","2025-09-16T16:00:00Z","2025-09-16T21:00:00+05:00","Asia/Tashkent",41.204655,69.232522,,,,"AirGradient","AirGradient"
4902926,"Sputnik-4","relativehumidity",31.293763796488445,"%","2025-09-16T17:00:00Z","2025-09-16T22:00:00+05:00","Asia/Tashkent",41.204655,69.232522,,,,"AirGradient","AirGradient"
4902926,"Sputnik-4","relativehumidity",31.620291709899902,"%","2025-09-16T18:00:00Z","2025-09-16T23:00:00+05:00","Asia/Tashkent",41.204655,69.232522,,,,"AirGradient","AirGradient"
4902926,"Sputnik-4","relativehumidity",32.17413886388143,"%","2025-09-16T19:00:00Z","2025-09-17T00:00:00+05:00","Asia/Tashkent",41.204655,69.232522,,,,"AirGradient","AirGradient"
4902926,"Sputnik-4","relativehumidity",32.73070780436198,"%","2025-09-16T20:00:00Z","2025-09-17T01:00:00+05:00","Asia/Tashkent",41.204655,69.232522,,,,"AirGradient","AirGradient"
4902926,"Sputnik-4","relativehumidity",33.33491643269857,"%","2025-09-16T21:00:00Z","2025-09-17T02:00:00+05:00","Asia/Tashkent",41.204655,69.232522,,,,"AirGradient","AirGradient"
4902926,"Sputnik-4","relativehumidity",34.31251303354899,"%","2025-09-16T22:00:00Z","2025-09-17T03:00:00+05:00","Asia/Tashkent",41.204655,69.232522,,,,"AirGradient","AirGradient"
4902926,"Sputnik-4","relativehumidity",33.94819418589274,"%","2025-09-16T23:00:00Z","2025-09-17T04:00:00+05:00","Asia/Tashkent",41.204655,69.232522,,,,"AirGradient","AirGradient"
4902926,"Sputnik-4","relativehumidity",34.642624855041504,"%","2025-09-17T00:00:00Z","2025-09-17T05:00:00+05:00","Asia/Tashkent",41.204655,69.232522,,,,"AirGradient","AirGradient"
4902926,"Sputnik-4","relativehumidity",35.24591636657715,"%","2025-09-17T01:00:00Z","2025-09-17T06:00:00+05:00","Asia/Tashkent",41.204655,69.232522,,,,"AirGradient","AirGradient"
4902926,"Sputnik-4","relativehumidity",35.684958140055336,"%","2025-09-17T02:00:00Z","2025-09-17T07:00:00+05:00","Asia/Tashkent",41.204655,69.232522,,,,"AirGradient","AirGradient"
4902926,"Sputnik-4","relativehumidity",34.832624753316246,"%","2025-09-17T03:00:00Z","2025-09-17T08:00:00+05:00","Asia/Tashkent",41.204655,69.232522,,,,"AirGradient","AirGradient"
4902926,"Sputnik-4","relativehumidity",33.088111559549965,"%","2025-09-17T04:00:00Z","2025-09-17T09:00:00+05:00","Asia/Tashkent",41.204655,69.232522,,,,"AirGradient","AirGradient"
4902926,"Sputnik-4","relativehumidity",30.83388884862264,"%","2025-09-17T05:00:00Z","2025-09-17T10:00:00+05:00","Asia/Tashkent",41.204655,69.232522,,,,"AirGradient","AirGradient"
4902926,"Sputnik-4","relativehumidity",28.20622205734253,"%","2025-09-17T06:00:00Z","2025-09-17T11:00:00+05:00","Asia/Tashkent",41.204655,69.232522,,,,"AirGradient","AirGradient"
4902926,"Sputnik-4","relativehumidity",27.46222194035848,"%","2025-09-17T07:00:00Z","2025-09-17T12:00:00+05:00","Asia/Tashkent",41.204655,69.232522,,,,"AirGradient","AirGradient"
4902926,"Sputnik-4","relativehumidity",26.797944227854412,"%","2025-09-17T08:00:00Z","2025-09-17T13:00:00+05:00","Asia/Tashkent",41.204655,69.232522,,,,"AirGradient","AirGradient"
4902926,"Sputnik-4","relativehumidity",26.02108351389567,"%","2025-09-17T09:00:00Z","2025-09-17T14:00:00+05:00","Asia/Tashkent",41.204655,69.232522,,,,"AirGradient","AirGradient"
4902926,"Sputnik-4","relativehumidity",24.677917003631592,"%","2025-09-17T10:00:00Z","2025-09-17T15:00:00+05:00","Asia/Tashkent",41.204655,69.232522,,,,"AirGradient","AirGradient"
4902926,"Sputnik-4","relativehumidity",23.532583077748615,"%","2025-09-17T11:00:00Z","2025-09-17T16:00:00+05:00","Asia/Tashkent",41.204655,69.232522,,,,"AirGradient","AirGradient"
4902926,"Sputnik-4","relativehumidity",22.474958419799805,"%","2025-09-17T12:00:00Z","2025-09-17T17:00:00+05:00","Asia/Tashkent",41.204655,69.232522,,,,"AirGradient","AirGradient"
4902926,"Sputnik-4","relativehumidity",19.891291618347168,"%","2025-09-17T13:00:00Z","2025-09-17T18:00:00+05:00","Asia/Tashkent",41.204655,69.232522,,,,"AirGradient","AirGradient"
4902926,"Sputnik-4","relativehumidity",22.27845843633016,"%","2025-09-17T14:00:00Z","2025-09-17T19:00:00+05:00","Asia/Tashkent",41.204655,69.232522,,,,"AirGradient","AirGradient"
4902926,"Sputnik-4","relativehumidity",23.609458446502686,"%","2025-09-17T15:00:00Z","2025-09-17T20:00:00+05:00","Asia/Tashkent",41.204655,69.232522,,,,"AirGradient","AirGradient"
4902926,"Sputnik-4","relativehumidity",24.096916516621906,"%","2025-09-17T16:00:00Z","2025-09-17T21:00:00+05:00","Asia/Tashkent",41.204655,69.232522,,,,"AirGradient","AirGradient"
4902926,"Sputnik-4","relativehumidity",24.585583051045734,"%","2025-09-17T17:00:00Z","2025-09-17T22:00:00+05:00","Asia/Tashkent",41.204655,69.232522,,,,"AirGradient","AirGradient"
4902926,"Sputnik-4","relativehumidity",25.565916538238525,"%","2025-09-17T18:00:00Z","2025-09-17T23:00:00+05:00","Asia/Tashkent",41.204655,69.232522,,,,"AirGradient","AirGradient"
4902926,"Sputnik-4","relativehumidity",26.682291666666668,"%","2025-09-17T19:00:00Z","2025-09-18T00:00:00+05:00","Asia/Tashkent",41.204655,69.232522,,,,"AirGradient","AirGradient"
4902926,"Sputnik-4","relativehumidity",27.184499899546307,"%","2025-09-17T20:00:00Z","2025-09-18T01:00:00+05:00","Asia/Tashkent",41.204655,69.232522,,,,"AirGradient","AirGradient"
4902926,"Sputnik-4","relativehumidity",27.70924997329712,"%","2025-09-17T21:00:00Z","2025-09-18T02:00:00+05:00","Asia/Tashkent",41.204655,69.232522,,,,"AirGradient","AirGradient"
4902926,"Sputnik-4","relativehumidity",28.023375193277996,"%","2025-09-17T22:00:00Z","2025-09-18T03:00:00+05:00","Asia/Tashkent",41.204655,69.232522,,,,"AirGradient","AirGradient"
4902926,"Sputnik-4","relativehumidity",28.41379165649414,"%","2025-09-17T23:00:00Z","2025-09-18T04:00:00+05:00","Asia/Tashkent",41.204655,69.232522,,,,"AirGradient","AirGradient"
4902926,"Sputnik-4","relativehumidity",28.857458273569744,"%","2025-09-18T00:00:00Z","2025-09-18T05:00:00+05:00","Asia/Tashkent",41.204655,69.232522,,,,"AirGradient","AirGradient"
4902926,"Sputnik-4","relativehumidity",29.529499848683674,"%","2025-09-18T01:00:00Z","2025-09-18T06:00:00+05:00","Asia/Tashkent",41.204655,69.232522,,,,"AirGradient","AirGradient"
4902926,"Sputnik-4","relativehumidity",31.468833128611248,"%","2025-09-18T02:00:00Z","2025-09-18T07:00:00+05:00","Asia/Tashkent",41.204655,69.232522,,,,"AirGradient","AirGradient"
4902926,"Sputnik-4","relativehumidity",33.13958295186361,"%","2025-09-18T03:00:00Z","2025-09-18T08:00:00+05:00","Asia/Tashkent",41.204655,69.232522,,,,"AirGradient","AirGradient"
4902926,"Sputnik-4","relativehumidity",31.520166397094727,"%","2025-09-18T04:00:00Z","2025-09-18T09:00:00+05:00","Asia/Tashkent",41.204655,69.232522,,,,"AirGradient","AirGradient"
4902926,"Sputnik-4","relativehumidity",29.15934705734253,"%","2025-09-18T05:00:00Z","2025-09-18T10:00:00+05:00","Asia/Tashkent",41.204655,69.232522,,,,"AirGradient","AirGradient"
4902926,"Sputnik-4","relativehumidity",26.465499877929688,"%","2025-09-18T06:00:00Z","2025-09-18T11:00:00+05:00","Asia/Tashkent",41.204655,69.232522,,,,"AirGradient","AirGradient"
4902926,"Sputnik-4","relativehumidity",23.695666313171387,"%","2025-09-18T07:00:00Z","2025-09-18T12:00:00+05:00","Asia/Tashkent",41.204655,69.232522,,,,"AirGradient","AirGradient"
4902926,"Sputnik-4","relativehumidity",22.818999926249187,"%","2025-09-18T08:00:00Z","2025-09-18T13:00:00+05:00","Asia/Tashkent",41.204655,69.232522,,,,"AirGradient","AirGradient"
4902926,"Sputnik-4","relativehumidity",22.560916741689045,"%","2025-09-18T09:00:00Z","2025-09-18T14:00:00+05:00","Asia/Tashkent",41.204655,69.232522,,,,"AirGradient","AirGradient"
4902926,"Sputnik-4","relativehumidity",22.34112532933553,"%","2025-09-18T10:00:00Z","2025-09-18T15:00:00+05:00","Asia/Tashkent",41.204655,69.232522,,,,"AirGradient","AirGradient"
4902926,"Sputnik-4","relativehumidity",21.641249815622967,"%","2025-09-18T11:00:00Z","2025-09-18T16:00:00+05:00","Asia/Tashkent",41.204655,69.232522,,,,"AirGradient","AirGradient"
4902926,"Sputnik-4","relativehumidity",18.812236467997234,"%","2025-09-18T12:00:00Z","2025-09-18T17:00:00+05:00","Asia/Tashkent",41.204655,69.232522,,,,"AirGradient","AirGradient"
4902926,"Sputnik-4","relativehumidity",17.71037483215332,"%","2025-09-18T13:00:00Z","2025-09-18T18:00:00+05:00","Asia/Tashkent",41.204655,69.232522,,,,"AirGradient","AirGradient"
4902926,"Sputnik-4","relativehumidity",22.00891653696696,"%","2025-09-18T14:00:00Z","2025-09-18T19:00:00+05:00","Asia/Tashkent",41.204655,69.232522,,,,"AirGradient","AirGradient"
4902926,"Sputnik-4","relativehumidity",24.723166624704998,"%","2025-09-18T15:00:00Z","2025-09-18T20:00:00+05:00","Asia/Tashkent",41.204655,69.232522,,,,"AirGradient","AirGradient"
4902926,"Sputnik-4","relativehumidity",28.979166507720947,"%","2025-09-18T16:00:00Z","2025-09-18T21:00:00+05:00","Asia/Tashkent",41.204655,69.232522,,,,"AirGradient","AirGradient"
4902926,"Sputnik-4","relativehumidity",30.793458461761475,"%","2025-09-18T17:00:00Z","2025-09-18T22:00:00+05:00","Asia/Tashkent",41.204655,69.232522,,,,"AirGradient","AirGradient"
4902926,"Sputnik-4","relativehumidity",31.54254166285197,"%","2025-09-18T18:00:00Z","2025-09-18T23:00:00+05:00","Asia/Tashkent",41.204655,69.232522,,,,"AirGradient","AirGradient"
4902926,"Sputnik-4","relativehumidity",31.129555543263752,"%","2025-09-18T19:00:00Z","2025-09-19T00:00:00+05:00","Asia/Tashkent",41.204655,69.232522,,,,"AirGradient","AirGradient"
4902926,"Sputnik-4","relativehumidity",34.307125091552734,"%","2025-09-18T20:00:00Z","2025-09-19T01:00:00+05:00","Asia/Tashkent",41.204655,69.232522,,,,"AirGradient","AirGradient"
4902926,"Sputnik-4","relativehumidity",35.789249102274574,"%","2025-09-18T21:00:00Z","2025-09-19T02:00:00+05:00","Asia/Tashkent",41.204655,69.232522,,,,"AirGradient","AirGradient"
4902926,"Sputnik-4","relativehumidity",35.88868014017741,"%","2025-09-18T22:00:00Z","2025-09-19T03:00:00+05:00","Asia/Tashkent",41.204655,69.232522,,,,"AirGradient","AirGradient"
4902926,"Sputnik-4","relativehumidity",36.211541493733726,"%","2025-09-18T23:00:00Z","2025-09-19T04:00:00+05:00","Asia/Tashkent",41.204655,69.232522,,,,"AirGradient","AirGradient"
4902926,"Sputnik-4","relativehumidity",36.47433344523112,"%","2025-09-19T00:00:00Z","2025-09-19T05:00:00+05:00","Asia/Tashkent",41.204655,69.232522,,,,"AirGradient","AirGradient"
4902926,"Sputnik-4","relativehumidity",38.635000228881836,"%","2025-09-19T01:00:00Z","2025-09-19T06:00:00+05:00","Asia/Tashkent",41.204655,69.232522,,,,"AirGradient","AirGradient"
4902926,"Sputnik-4","relativehumidity",40.57729148864746,"%","2025-09-19T02:00:00Z","2025-09-19T07:00:00+05:00","Asia/Tashkent",41.204655,69.232522,,,,"AirGradient","AirGradient"
4902926,"Sputnik-4","relativehumidity",39.54854170481364,"%","2025-09-19T03:00:00Z","2025-09-19T08:00:00+05:00","Asia/Tashkent",41.204655,69.232522,,,,"AirGradient","AirGradient"
4902926,"Sputnik-4","relativehumidity",35.67125002543131,"%","2025-09-19T04:00:00Z","2025-09-19T09:00:00+05:00","Asia/Tashkent",41.204655,69.232522,,,,"AirGradient","AirGradient"
4902926,"Sputnik-4","relativehumidity",30.046875,"%","2025-09-19T05:00:00Z","2025-09-19T10:00:00+05:00","Asia/Tashkent",41.204655,69.232522,,,,"AirGradient","AirGradient"
4902926,"Sputnik-4","relativehumidity",26.711791515350342,"%","2025-09-19T06:00:00Z","2025-09-19T11:00:00+05:00","Asia/Tashkent",41.204655,69.232522,,,,"AirGradient","AirGradient"
4902926,"Sputnik-4","relativehumidity",24.694611231486004,"%","2025-09-19T07:00:00Z","2025-09-19T12:00:00+05:00","Asia/Tashkent",41.204655,69.232522,,,,"AirGradient","AirGradient"
4902926,"Sputnik-4","relativehumidity",23.801374912261963,"%","2025-09-19T08:00:00Z","2025-09-19T13:00:00+05:00","Asia/Tashkent",41.204655,69.232522,,,,"AirGradient","AirGradient"
4902926,"Sputnik-4","relativehumidity",23.10420815149943,"%","2025-09-19T09:00:00Z","2025-09-19T14:00:00+05:00","Asia/Tashkent",41.204655,69.232522,,,,"AirGradient","AirGradient"
4902926,"Sputnik-4","relativehumidity",22.104514122009277,"%","2025-09-19T10:00:00Z","2025-09-19T15:00:00+05:00","Asia/Tashkent",41.204655,69.232522,,,,"AirGradient","AirGradient"
4902926,"Sputnik-4","relativehumidity",20.507652441660564,"%","2025-09-19T11:00:00Z","2025-09-19T16:00:00+05:00","Asia/Tashkent",41.204655,69.232522,,,,"AirGradient","AirGradient"
4902926,"Sputnik-4","relativehumidity",18.814666906992596,"%","2025-09-19T12:00:00Z","2025-09-19T17:00:00+05:00","Asia/Tashkent",41.204655,69.232522,,,,"AirGradient","AirGradient"
4902926,"Sputnik-4","relativehumidity",19.169125080108643,"%","2025-09-19T13:00:00Z","2025-09-19T18:00:00+05:00","Asia/Tashkent",41.204655,69.232522,,,,"AirGradient","AirGradient"
4902926,"Sputnik-4","relativehumidity",20.241833527882893,"%","2025-09-19T14:00:00Z","2025-09-19T19:00:00+05:00","Asia/Tashkent",41.204655,69.232522,,,,"AirGradient","AirGradient"
4902926,"Sputnik-4","relativehumidity",23.071555932362873,"%","2025-09-19T15:00:00Z","2025-09-19T20:00:00+05:00","Asia/Tashkent",41.204655,69.232522,,,,"AirGradient","AirGradient"
4902926,"Sputnik-4","relativehumidity",25.212722142537434,"%","2025-09-19T16:00:00Z","2025-09-19T21:00:00+05:00","Asia/Tashkent",41.204655,69.232522,,,,"AirGradient","AirGradient"
4902926,"Sputnik-4","relativehumidity",26.596208731333416,"%","2025-09-19T17:00:00Z","2025-09-19T22:00:00+05:00","Asia/Tashkent",41.204655,69.232522,,,,"AirGradient","AirGradient"
4902926,"Sputnik-4","relativehumidity",27.680277824401855,"%","2025-09-19T18:00:00Z","2025-09-19T23:00:00+05:00","Asia/Tashkent",41.204655,69.232522,,,,"AirGradient","AirGradient"
4902926,"Sputnik-4","relativehumidity",29.268541653951008,"%","2025-09-19T19:00:00Z","2025-09-20T00:00:00+05:00","Asia/Tashkent",41.204655,69.232522,,,,"AirGradient","AirGradient"
4902926,"Sputnik-4","relativehumidity",31.3750418027242,"%","2025-09-19T20:00:00Z","2025-09-20T01:00:00+05:00","Asia/Tashkent",41.204655,69.232522,,,,"AirGradient","AirGradient"
4902926,"Sputnik-4","relativehumidity",32.00595776240031,"%","2025-09-19T21:00:00Z","2025-09-20T02:00:00+05:00","Asia/Tashkent",41.204655,69.232522,,,,"AirGradient","AirGradient"
4902926,"Sputnik-4","relativehumidity",31.252208073933918,"%","2025-09-19T22:00:00Z","2025-09-20T03:00:00+05:00","Asia/Tashkent",41.204655,69.232522,,,,"AirGradient","AirGradient"
4902926,"Sputnik-4","relativehumidity",30.447041670481365,"%","2025-09-19T23:00:00Z","2025-09-20T04:00:00+05:00","Asia/Tashkent",41.204655,69.232522,,,,"AirGradient","AirGradient"
4902926,"Sputnik-4","relativehumidity",30.2089999516805,"%","2025-09-20T00:00:00Z","2025-09-20T05:00:00+05:00","Asia/Tashkent",41.204655,69.232522,,,,"AirGradient","AirGradient"
4902926,"Sputnik-4","relativehumidity",30.794749577840168,"%","2025-09-20T01:00:00Z","2025-09-20T06:00:00+05:00","Asia/Tashkent",41.204655,69.232522,,,,"AirGradient","AirGradient"
4902926,"Sputnik-4","relativehumidity",29.656333287556965,"%","2025-09-20T02:00:00Z","2025-09-20T07:00:00+05:00","Asia/Tashkent",41.204655,69.232522,,,,"AirGradient","AirGradient"
4902926,"Sputnik-4","relativehumidity",27.293458143870037,"%","2025-09-20T03:00:00Z","2025-09-20T08:00:00+05:00","Asia/Tashkent",41.204655,69.232522,,,,"AirGradient","AirGradient"
4902926,"Sputnik-4","relativehumidity",25.519124507904053,"%","2025-09-20T04:00:00Z","2025-09-20T09:00:00+05:00","Asia/Tashkent",41.204655,69.232522,,,,"AirGradient","AirGradient"
4902926,"Sputnik-4","relativehumidity",26.194777965545654,"%","2025-09-20T05:00:00Z","2025-09-20T10:00:00+05:00","Asia/Tashkent",41.204655,69.232522,,,,"AirGradient","AirGradient"
4902926,"Sputnik-4","relativehumidity",24.80549971262614,"%","2025-09-20T06:00:00Z","2025-09-20T11:00:00+05:00","Asia/Tashkent",41.204655,69.232522,,,,"AirGradient","AirGradient"
4902926,"Sputnik-4","relativehumidity",22.66629155476888,"%","2025-09-20T07:00:00Z","2025-09-20T12:00:00+05:00","Asia/Tashkent",41.204655,69.232522,,,,"AirGradient","AirGradient"
4902926,"Sputnik-4","relativehumidity",19.37483326594035,"%","2025-09-20T08:00:00Z","2025-09-20T13:00:00+05:00","Asia/Tashkent",41.204655,69.232522,,,,"AirGradient","AirGradient"
4902926,"Sputnik-4","relativehumidity",18.940791765848797,"%","2025-09-20T09:00:00Z","2025-09-20T14:00:00+05:00","Asia/Tashkent",41.204655,69.232522,,,,"AirGradient","AirGradient"
4902926,"Sputnik-4","relativehumidity",18.032833099365234,"%","2025-09-20T10:00:00Z","2025-09-20T15:00:00+05:00","Asia/Tashkent",41.204655,69.232522,,,,"AirGradient","AirGradient"
4902926,"Sputnik-4","relativehumidity",17.62316656112671,"%","2025-09-20T11:00:00Z","2025-09-20T16:00:00+05:00","Asia/Tashkent",41.204655,69.232522,,,,"AirGradient","AirGradient"
4902926,"Sputnik-4","relativehumidity",15.628750006357828,"%","2025-09-20T12:00:00Z","2025-09-20T17:00:00+05:00","Asia/Tashkent",41.204655,69.232522,,,,"AirGradient","AirGradient"
4902926,"Sputnik-4","relativehumidity",15.740486065546671,"%","2025-09-20T13:00:00Z","2025-09-20T18:00:00+05:00","Asia/Tashkent",41.204655,69.232522,,,,"AirGradient","AirGradient"
4902926,"Sputnik-4","relativehumidity",19.39870850245158,"%","2025-09-20T14:00:00Z","2025-09-20T19:00:00+05:00","Asia/Tashkent",41.204655,69.232522,,,,"AirGradient","AirGradient"
4902926,"Sputnik-4","relativehumidity",21.806416829427082,"%","2025-09-20T15:00:00Z","2025-09-20T20:00:00+05:00","Asia/Tashkent",41.204655,69.232522,,,,"AirGradient","AirGradient"
4902926,"Sputnik-4","relativehumidity",23.723833243052166,"%","2025-09-20T16:00:00Z","2025-09-20T21:00:00+05:00","Asia/Tashkent",41.204655,69.232522,,,,"AirGradient","AirGradient"
4902926,"Sputnik-4","relativehumidity",25.79266659418742,"%","2025-09-20T17:00:00Z","2025-09-20T22:00:00+05:00","Asia/Tashkent",41.204655,69.232522,,,,"AirGradient","AirGradient"
4902926,"Sputnik-4","relativehumidity",29.14306942621867,"%","2025-09-20T18:00:00Z","2025-09-20T23:00:00+05:00","Asia/Tashkent",41.204655,69.232522,,,,"AirGradient","AirGradient"
4902926,"Sputnik-4","relativehumidity",29.07437499364217,"%","2025-09-20T19:00:00Z","2025-09-21T00:00:00+05:00","Asia/Tashkent",41.204655,69.232522,,,,"AirGradient","AirGradient"
4902926,"Sputnik-4","relativehumidity",28.28862492243449,"%","2025-09-20T20:00:00Z","2025-09-21T01:00:00+05:00","Asia/Tashkent",41.204655,69.232522,,,,"AirGradient","AirGradient"
4902926,"Sputnik-4","relativehumidity",28.530735810597736,"%","2025-09-20T21:00:00Z","2025-09-21T02:00:00+05:00","Asia/Tashkent",41.204655,69.232522,,,,"AirGradient","AirGradient"
4902926,"Sputnik-4","relativehumidity",28.736958344777424,"%","2025-09-20T22:00:00Z","2025-09-21T03:00:00+05:00","Asia/Tashkent",41.204655,69.232522,,,,"AirGradient","AirGradient"
4902926,"Sputnik-4","relativehumidity",28.81754159927368,"%","2025-09-20T23:00:00Z","2025-09-21T04:00:00+05:00","Asia/Tashkent",41.204655,69.232522,,,,"AirGradient","AirGradient"
4902926,"Sputnik-4","relativehumidity",27.612541675567627,"%","2025-09-21T00:00:00Z","2025-09-21T05:00:00+05:00","Asia/Tashkent",41.204655,69.232522,,,,"AirGradient","AirGradient"
4902926,"Sputnik-4","relativehumidity",26.744333426157635,"%","2025-09-21T01:00:00Z","2025-09-21T06:00:00+05:00","Asia/Tashkent",41.204655,69.232522,,,,"AirGradient","AirGradient"
4902926,"Sputnik-4","relativehumidity",25.461583296457928,"%","2025-09-21T02:00:00Z","2025-09-21T07:00:00+05:00","Asia/Tashkent",41.204655,69.232522,,,,"AirGradient","AirGradient"
4902926,"Sputnik-4","relativehumidity",24.492124875386555,"%","2025-09-21T03:00:00Z","2025-09-21T08:00:00+05:00","Asia/Tashkent",41.204655,69.232522,,,,"AirGradient","AirGradient"
4902926,"Sputnik-4","relativehumidity",21.74686098098755,"%","2025-09-21T04:00:00Z","2025-09-21T09:00:00+05:00","Asia/Tashkent",41.204655,69.232522,,,,"AirGradient","AirGradient"
4902926,"Sputnik-4","relativehumidity",20.309124787648518,"%","2025-09-21T05:00:00Z","2025-09-21T10:00:00+05:00","Asia/Tashkent",41.204655,69.232522,,,,"AirGradient","AirGradient"
4902926,"Sputnik-4","relativehumidity",18.70704158147176,"%","2025-09-21T06:00:00Z","2025-09-21T11:00:00+05:00","Asia/Tashkent",41.204655,69.232522,,,,"AirGradient","AirGradient"
4902926,"Sputnik-4","relativehumidity",18.249513785044353,"%","2025-09-21T07:00:00Z","2025-09-21T12:00:00+05:00","Asia/Tashkent",41.204655,69.232522,,,,"AirGradient","AirGradient"
4902926,"Sputnik-4","relativehumidity",17.019750118255615,"%","2025-09-21T08:00:00Z","2025-09-21T13:00:00+05:00","Asia/Tashkent",41.204655,69.232522,,,,"AirGradient","AirGradient"
4902926,"Sputnik-4","relativehumidity",16.674485842386883,"%","2025-09-21T09:00:00Z","2025-09-21T14:00:00+05:00","Asia/Tashkent",41.204655,69.232522,,,,"AirGradient","AirGradient"
4902926,"Sputnik-4","relativehumidity",15.233749866485596,"%","2025-09-21T10:00:00Z","2025-09-21T15:00:00+05:00","Asia/Tashkent",41.204655,69.232522,,,,"AirGradient","AirGradient"
4902926,"Sputnik-4","relativehumidity",26.795100021362305,"%","2025-09-21T15:00:00Z","2025-09-21T20:00:00+05:00","Asia/Tashkent",41.204655,69.232522,,,,"AirGradient","AirGradient"
4902926,"Sputnik-4","relativehumidity",24.144805749257404,"%","2025-09-21T16:00:00Z","2025-09-21T21:00:00+05:00","Asia/Tashkent",41.204655,69.232522,,,,"AirGradient","AirGradient"
4902926,"Sputnik-4","relativehumidity",25.93811098734538,"%","2025-09-21T17:00:00Z","2025-09-21T22:00:00+05:00","Asia/Tashkent",41.204655,69.232522,,,,"AirGradient","AirGradient"
4902926,"Sputnik-4","relativehumidity",25.378958384195965,"%","2025-09-21T18:00:00Z","2025-09-21T23:00:00+05:00","Asia/Tashkent",41.204655,69.232522,,,,"AirGradient","AirGradient"
4902926,"Sputnik-4","relativehumidity",25.35752773284912,"%","2025-09-21T19:00:00Z","2025-09-22T00:00:00+05:00","Asia/Tashkent",41.204655,69.232522,,,,"AirGradient","AirGradient"
4902926,"Sputnik-4","relativehumidity",25.717791716257732,"%","2025-09-21T20:00:00Z","2025-09-22T01:00:00+05:00","Asia/Tashkent",41.204655,69.232522,,,,"AirGradient","AirGradient"
4902926,"Sputnik-4","relativehumidity",28.71249993642171,"%","2025-09-21T21:00:00Z","2025-09-22T02:00:00+05:00","Asia/Tashkent",41.204655,69.232522,,,,"AirGradient","AirGradient"
4902926,"Sputnik-4","relativehumidity",30.567416667938232,"%","2025-09-21T22:00:00Z","2025-09-22T03:00:00+05:00","Asia/Tashkent",41.204655,69.232522,,,,"AirGradient","AirGradient"
4902926,"Sputnik-4","relativehumidity",28.965875148773193,"%","2025-09-21T23:00:00Z","2025-09-22T04:00:00+05:00","Asia/Tashkent",41.204655,69.232522,,,,"AirGradient","AirGradient"
4902926,"Sputnik-4","relativehumidity",30.52466630935669,"%","2025-09-22T00:00:00Z","2025-09-22T05:00:00+05:00","Asia/Tashkent",41.204655,69.232522,,,,"AirGradient","AirGradient"
4902926,"Sputnik-4","relativehumidity",31.037472407023113,"%","2025-09-22T01:00:00Z","2025-09-22T06:00:00+05:00","Asia/Tashkent",41.204655,69.232522,,,,"AirGradient","AirGradient"
4902926,"Sputnik-4","relativehumidity",32.41197268168131,"%","2025-09-22T02:00:00Z","2025-09-22T07:00:00+05:00","Asia/Tashkent",41.204655,69.232522,,,,"AirGradient","AirGradient"
4902926,"Sputnik-4","relativehumidity",34.56808312733968,"%","2025-09-22T03:00:00Z","2025-09-22T08:00:00+05:00","Asia/Tashkent",41.204655,69.232522,,,,"AirGradient","AirGradient"
4902926,"Sputnik-4","relativehumidity",35.40859731038412,"%","2025-09-22T04:00:00Z","2025-09-22T09:00:00+05:00","Asia/Tashkent",41.204655,69.232522,,,,"AirGradient","AirGradient"
4902926,"Sputnik-4","relativehumidity",32.40779177347819,"%","2025-09-22T05:00:00Z","2025-09-22T10:00:00+05:00","Asia/Tashkent",41.204655,69.232522,,,,"AirGradient","AirGradient"
4902926,"Sputnik-4","relativehumidity",30.40145794550578,"%","2025-09-22T06:00:00Z","2025-09-22T11:00:00+05:00","Asia/Tashkent",41.204655,69.232522,,,,"AirGradient","AirGradient"
4902926,"Sputnik-4","relativehumidity",29.335277716318767,"%","2025-09-22T07:00:00Z","2025-09-22T12:00:00+05:00","Asia/Tashkent",41.204655,69.232522,,,,"AirGradient","AirGradient"
4902926,"Sputnik-4","relativehumidity",28.484333515167236,"%","2025-09-22T08:00:00Z","2025-09-22T13:00:00+05:00","Asia/Tashkent",41.204655,69.232522,,,,"AirGradient","AirGradient"
4902926,"Sputnik-4","relativehumidity",28.013944307963055,"%","2025-09-22T09:00:00Z","2025-09-22T14:00:00+05:00","Asia/Tashkent",41.204655,69.232522,,,,"AirGradient","AirGradient"
4902926,"Sputnik-4","relativehumidity",27.676583131154377,"%","2025-09-22T10:00:00Z","2025-09-22T15:00:00+05:00","Asia/Tashkent",41.204655,69.232522,,,,"AirGradient","AirGradient"
4902926,"Sputnik-4","relativehumidity",26.509833335876465,"%","2025-09-22T11:00:00Z","2025-09-22T16:00:00+05:00","Asia/Tashkent",41.204655,69.232522,,,,"AirGradient","AirGradient"
4902926,"Sputnik-4","relativehumidity",25.377291838328045,"%","2025-09-22T12:00:00Z","2025-09-22T17:00:00+05:00","Asia/Tashkent",41.204655,69.232522,,,,"AirGradient","AirGradient"
4902926,"Sputnik-4","relativehumidity",27.109360853830974,"%","2025-09-22T13:00:00Z","2025-09-22T18:00:00+05:00","Asia/Tashkent",41.204655,69.232522,,,,"AirGradient","AirGradient"
4902926,"Sputnik-4","relativehumidity",31.312652587890625,"%","2025-09-22T14:00:00Z","2025-09-22T19:00:00+05:00","Asia/Tashkent",41.204655,69.232522,,,,"AirGradient","AirGradient"
4902926,"Sputnik-4","relativehumidity",33.223292668660484,"%","2025-09-22T15:00:00Z","2025-09-22T20:00:00+05:00","Asia/Tashkent",41.204655,69.232522,,,,"AirGradient","AirGradient"
4902926,"Sputnik-4","relativehumidity",33.46983273824056,"%","2025-09-22T16:00:00Z","2025-09-22T21:00:00+05:00","Asia/Tashkent",41.204655,69.232522,,,,"AirGradient","AirGradient"
4902926,"Sputnik-4","relativehumidity",32.861291567484535,"%","2025-09-22T17:00:00Z","2025-09-22T22:00:00+05:00","Asia/Tashkent",41.204655,69.232522,,,,"AirGradient","AirGradient"
4902926,"Sputnik-4","relativehumidity",34.82694435119629,"%","2025-09-22T18:00:00Z","2025-09-22T23:00:00+05:00","Asia/Tashkent",41.204655,69.232522,,,,"AirGradient","AirGradient"
4902926,"Sputnik-4","relativehumidity",35.5471248626709,"%","2025-09-22T19:00:00Z","2025-09-23T00:00:00+05:00","Asia/Tashkent",41.204655,69.232522,,,,"AirGradient","AirGradient"
4902926,"Sputnik-4","relativehumidity",35.66320832570394,"%","2025-09-22T20:00:00Z","2025-09-23T01:00:00+05:00","Asia/Tashkent",41.204655,69.232522,,,,"AirGradient","AirGradient"
4902926,"Sputnik-4","relativehumidity",34.003042221069336,"%","2025-09-22T21:00:00Z","2025-09-23T02:00:00+05:00","Asia/Tashkent",41.204655,69.232522,,,,"AirGradient","AirGradient"
4902926,"Sputnik-4","relativehumidity",32.6198476155599,"%","2025-09-22T22:00:00Z","2025-09-23T03:00:00+05:00","Asia/Tashkent",41.204655,69.232522,,,,"AirGradient","AirGradient"
4902926,"Sputnik-4","relativehumidity",33.440625508626304,"%","2025-09-22T23:00:00Z","2025-09-23T04:00:00+05:00","Asia/Tashkent",41.204655,69.232522,,,,"AirGradient","AirGradient"
4902926,"Sputnik-4","relativehumidity",38.10554154713949,"%","2025-09-23T00:00:00Z","2025-09-23T05:00:00+05:00","Asia/Tashkent",41.204655,69.232522,,,,"AirGradient","AirGradient"
4902926,"Sputnik-4","relativehumidity",39.201917012532554,"%","2025-09-23T01:00:00Z","2025-09-23T06:00:00+05:00","Asia/Tashkent",41.204655,69.232522,,,,"AirGradient","AirGradient"
4902926,"Sputnik-4","relativehumidity",39.51266638437907,"%","2025-09-23T02:00:00Z","2025-09-23T07:00:00+05:00","Asia/Tashkent",41.204655,69.232522,,,,"AirGradient","AirGradient"
4902926,"Sputnik-4","relativehumidity",39.1314582824707,"%","2025-09-23T03:00:00Z","2025-09-23T08:00:00+05:00","Asia/Tashkent",41.204655,69.232522,,,,"AirGradient","AirGradient"
4902926,"Sputnik-4","relativehumidity",34.11982011795044,"%","2025-09-23T04:00:00Z","2025-09-23T09:00:00+05:00","Asia/Tashkent",41.204655,69.232522,,,,"AirGradient","AirGradient"
4902926,"Sputnik-4","relativehumidity",31.18237527211507,"%","2025-09-23T05:00:00Z","2025-09-23T10:00:00+05:00","Asia/Tashkent",41.204655,69.232522,,,,"AirGradient","AirGradient"
4902926,"Sputnik-4","relativehumidity",29.665416717529297,"%","2025-09-23T06:00:00Z","2025-09-23T11:00:00+05:00","Asia/Tashkent",41.204655,69.232522,,,,"AirGradient","AirGradient"
4902926,"Sputnik-4","relativehumidity",28.3805832862854,"%","2025-09-23T07:00:00Z","2025-09-23T12:00:00+05:00","Asia/Tashkent",41.204655,69.232522,,,,"AirGradient","AirGradient"
4902926,"Sputnik-4","relativehumidity",27.25433333714803,"%","2025-09-23T08:00:00Z","2025-09-23T13:00:00+05:00","Asia/Tashkent",41.204655,69.232522,,,,"AirGradient","AirGradient"
4902926,"Sputnik-4","relativehumidity",26.202611128489178,"%","2025-09-23T09:00:00Z","2025-09-23T14:00:00+05:00","Asia/Tashkent",41.204655,69.232522,,,,"AirGradient","AirGradient"
4902926,"Sputnik-4","relativehumidity",26.309636376120828,"%","2025-09-23T10:00:00Z","2025-09-23T15:00:00+05:00","Asia/Tashkent",41.204655,69.232522,,,,"AirGradient","AirGradient"
4902926,"Sputnik-4","relativehumidity",25.78262456258138,"%","2025-09-23T11:00:00Z","2025-09-23T16:00:00+05:00","Asia/Tashkent",41.204655,69.232522,,,,"AirGradient","AirGradient"
4902926,"Sputnik-4","relativehumidity",24.190500259399414,"%","2025-09-23T12:00:00Z","2025-09-23T17:00:00+05:00","Asia/Tashkent",41.204655,69.232522,,,,"AirGradient","AirGradient"
4902926,"Sputnik-4","relativehumidity",23.563416481018066,"%","2025-09-23T13:00:00Z","2025-09-23T18:00:00+05:00","Asia/Tashkent",41.204655,69.232522,,,,"AirGradient","AirGradient"
4902926,"Sputnik-4","relativehumidity",26.836249987284344,"%","2025-09-23T14:00:00Z","2025-09-23T19:00:00+05:00","Asia/Tashkent",41.204655,69.232522,,,,"AirGradient","AirGradient"
4902926,"Sputnik-4","relativehumidity",28.479236284891766,"%","2025-09-23T15:00:00Z","2025-09-23T20:00:00+05:00","Asia/Tashkent",41.204655,69.232522,,,,"AirGradient","AirGradient"
4902926,"Sputnik-4","relativehumidity",29.899749914805096,"%","2025-09-23T16:00:00Z","2025-09-23T21:00:00+05:00","Asia/Tashkent",41.204655,69.232522,,,,"AirGradient","AirGradient"
4902926,"Sputnik-4","relativehumidity",30.8962500890096,"%","2025-09-23T17:00:00Z","2025-09-23T22:00:00+05:00","Asia/Tashkent",41.204655,69.232522,,,,"AirGradient","AirGradient"
4902926,"Sputnik-4","relativehumidity",31.676249980926514,"%","2025-09-23T18:00:00Z","2025-09-23T23:00:00+05:00","Asia/Tashkent",41.204655,69.232522,,,,"AirGradient","AirGradient"
4902926,"Sputnik-4","relativehumidity",32.51224994659424,"%","2025-09-23T19:00:00Z","2025-09-24T00:00:00+05:00","Asia/Tashkent",41.204655,69.232522,,,,"AirGradient","AirGradient"
4902926,"Sputnik-4","relativehumidity",35.50320847829183,"%","2025-09-23T20:00:00Z","2025-09-24T01:00:00+05:00","Asia/Tashkent",41.204655,69.232522,,,,"AirGradient","AirGradient"
4902926,"Sputnik-4","relativehumidity",36.72820790608724,"%","2025-09-23T21:00:00Z","2025-09-24T02:00:00+05:00","Asia/Tashkent",41.204655,69.232522,,,,"AirGradient","AirGradient"
4902926,"Sputnik-4","relativehumidity",37.05205535888672,"%","2025-09-23T22:00:00Z","2025-09-24T03:00:00+05:00","Asia/Tashkent",41.204655,69.232522,,,,"AirGradient","AirGradient"
4902926,"Sputnik-4","relativehumidity",37.88058376312256,"%","2025-09-23T23:00:00Z","2025-09-24T04:00:00+05:00","Asia/Tashkent",41.204655,69.232522,,,,"AirGradient","AirGradient"
4902926,"Sputnik-4","relativehumidity",36.64287503560384,"%","2025-09-24T00:00:00Z","2025-09-24T05:00:00+05:00","Asia/Tashkent",41.204655,69.232522,,,,"AirGradient","AirGradient"
4902926,"Sputnik-4","relativehumidity",37.17695840199789,"%","2025-09-24T01:00:00Z","2025-09-24T06:00:00+05:00","Asia/Tashkent",41.204655,69.232522,,,,"AirGradient","AirGradient"
4902926,"Sputnik-4","relativehumidity",38.04587459564209,"%","2025-09-24T02:00:00Z","2025-09-24T07:00:00+05:00","Asia/Tashkent",41.204655,69.232522,,,,"AirGradient","AirGradient"
4902926,"Sputnik-4","relativehumidity",37.35437488555908,"%","2025-09-24T03:00:00Z","2025-09-24T08:00:00+05:00","Asia/Tashkent",41.204655,69.232522,,,,"AirGradient","AirGradient"
4902926,"Sputnik-4","relativehumidity",33.18737522761027,"%","2025-09-24T04:00:00Z","2025-09-24T09:00:00+05:00","Asia/Tashkent",41.204655,69.232522,,,,"AirGradient","AirGradient"
4902926,"Sputnik-4","relativehumidity",30.24262507756551,"%","2025-09-24T05:00:00Z","2025-09-24T10:00:00+05:00","Asia/Tashkent",41.204655,69.232522,,,,"AirGradient","AirGradient"
4902926,"Sputnik-4","relativehumidity",28.579041639963787,"%","2025-09-24T06:00:00Z","2025-09-24T11:00:00+05:00","Asia/Tashkent",41.204655,69.232522,,,,"AirGradient","AirGradient"
4902926,"Sputnik-4","relativehumidity",27.83816655476888,"%","2025-09-24T07:00:00Z","2025-09-24T12:00:00+05:00","Asia/Tashkent",41.204655,69.232522,,,,"AirGradient","AirGradient"
4902926,"Sputnik-4","relativehumidity",26.65374994277954,"%","2025-09-24T08:00:00Z","2025-09-24T13:00:00+05:00","Asia/Tashkent",41.204655,69.232522,,,,"AirGradient","AirGradient"
4902926,"Sputnik-4","relativehumidity",25.338666598002117,"%","2025-09-24T09:00:00Z","2025-09-24T14:00:00+05:00","Asia/Tashkent",41.204655,69.232522,,,,"AirGradient","AirGradient"
4902926,"Sputnik-4","relativehumidity",23.16270860036214,"%","2025-09-24T10:00:00Z","2025-09-24T15:00:00+05:00","Asia/Tashkent",41.204655,69.232522,,,,"AirGradient","AirGradient"
4902926,"Sputnik-4","relativehumidity",21.904499689737957,"%","2025-09-24T11:00:00Z","2025-09-24T16:00:00+05:00","Asia/Tashkent",41.204655,69.232522,,,,"AirGradient","AirGradient"
4902926,"Sputnik-4","relativehumidity",18.790124734242756,"%","2025-09-24T12:00:00Z","2025-09-24T17:00:00+05:00","Asia/Tashkent",41.204655,69.232522,,,,"AirGradient","AirGradient"
4902926,"Sputnik-4","relativehumidity",19.312555472056072,"%","2025-09-24T13:00:00Z","2025-09-24T18:00:00+05:00","Asia/Tashkent",41.204655,69.232522,,,,"AirGradient","AirGradient"
4902926,"Sputnik-4","relativehumidity",25.412750085194904,"%","2025-09-24T14:00:00Z","2025-09-24T19:00:00+05:00","Asia/Tashkent",41.204655,69.232522,,,,"AirGradient","AirGradient"
4902926,"Sputnik-4","relativehumidity",28.575055599212646,"%","2025-09-24T15:00:00Z","2025-09-24T20:00:00+05:00","Asia/Tashkent",41.204655,69.232522,,,,"AirGradient","AirGradient"
4902926,"Sputnik-4","relativehumidity",30.98966693878174,"%","2025-09-24T16:00:00Z","2025-09-24T21:00:00+05:00","Asia/Tashkent",41.204655,69.232522,,,,"AirGradient","AirGradient"
4902926,"Sputnik-4","relativehumidity",33.29465293884277,"%","2025-09-24T17:00:00Z","2025-09-24T22:00:00+05:00","Asia/Tashkent",41.204655,69.232522,,,,"AirGradient","AirGradient"
4902926,"Sputnik-4","relativehumidity",33.80799992879232,"%","2025-09-24T18:00:00Z","2025-09-24T23:00:00+05:00","Asia/Tashkent",41.204655,69.232522,,,,"AirGradient","AirGradient"
4902926,"Sputnik-4","relativehumidity",33.95825036366781,"%","2025-09-24T19:00:00Z","2025-09-25T00:00:00+05:00","Asia/Tashkent",41.204655,69.232522,,,,"AirGradient","AirGradient"
4902926,"Sputnik-4","relativehumidity",33.89387512207031,"%","2025-09-24T20:00:00Z","2025-09-25T01:00:00+05:00","Asia/Tashkent",41.204655,69.232522,,,,"AirGradient","AirGradient"
4902926,"Sputnik-4","relativehumidity",34.61729145050049,"%","2025-09-24T21:00:00Z","2025-09-25T02:00:00+05:00","Asia/Tashkent",41.204655,69.232522,,,,"AirGradient","AirGradient"
4902926,"Sputnik-4","relativehumidity",35.587374687194824,"%","2025-09-24T22:00:00Z","2025-09-25T03:00:00+05:00","Asia/Tashkent",41.204655,69.232522,,,,"AirGradient","AirGradient"
4902926,"Sputnik-4","relativehumidity",35.93904209136963,"%","2025-09-24T23:00:00Z","2025-09-25T04:00:00+05:00","Asia/Tashkent",41.204655,69.232522,,,,"AirGradient","AirGradient"
4902926,"Sputnik-4","relativehumidity",36.05238882700602,"%","2025-09-25T00:00:00Z","2025-09-25T05:00:00+05:00","Asia/Tashkent",41.204655,69.232522,,,,"AirGradient","AirGradient"
4902926,"Sputnik-4","relativehumidity",36.46112499237061,"%","2025-09-25T01:00:00Z","2025-09-25T06:00:00+05:00","Asia/Tashkent",41.204655,69.232522,,,,"AirGradient","AirGradient"
4902926,"Sputnik-4","relativehumidity",36.754416624704994,"%","2025-09-25T02:00:00Z","2025-09-25T07:00:00+05:00","Asia/Tashkent",41.204655,69.232522,,,,"AirGradient","AirGradient"
4902926,"Sputnik-4","relativehumidity",34.89543053309123,"%","2025-09-25T03:00:00Z","2025-09-25T08:00:00+05:00","Asia/Tashkent",41.204655,69.232522,,,,"AirGradient","AirGradient"
4902926,"Sputnik-4","relativehumidity",32.0033749739329,"%","2025-09-25T04:00:00Z","2025-09-25T09:00:00+05:00","Asia/Tashkent",41.204655,69.232522,,,,"AirGradient","AirGradient"
4902926,"Sputnik-4","relativehumidity",29.918374975522354,"%","2025-09-25T05:00:00Z","2025-09-25T10:00:00+05:00","Asia/Tashkent",41.204655,69.232522,,,,"AirGradient","AirGradient"
4902926,"Sputnik-4","relativehumidity",26.81281937758128,"%","2025-09-25T06:00:00Z","2025-09-25T11:00:00+05:00","Asia/Tashkent",41.204655,69.232522,,,,"AirGradient","AirGradient"
4902926,"Sputnik-4","relativehumidity",23.883500115076696,"%","2025-09-25T07:00:00Z","2025-09-25T12:00:00+05:00","Asia/Tashkent",41.204655,69.232522,,,,"AirGradient","AirGradient"
4902926,"Sputnik-4","relativehumidity",22.989291501045226,"%","2025-09-25T08:00:00Z","2025-09-25T13:00:00+05:00","Asia/Tashkent",41.204655,69.232522,,,,"AirGradient","AirGradient"
4902926,"Sputnik-4","relativehumidity",21.823499766985577,"%","2025-09-25T09:00:00Z","2025-09-25T14:00:00+05:00","Asia/Tashkent",41.204655,69.232522,,,,"AirGradient","AirGradient"
4902926,"Sputnik-4","relativehumidity",20.069954620708117,"%","2025-09-25T10:00:00Z","2025-09-25T15:00:00+05:00","Asia/Tashkent",41.204655,69.232522,,,,"AirGradient","AirGradient"
4902926,"Sputnik-4","relativehumidity",19.25591685771942,"%","2025-09-25T11:00:00Z","2025-09-25T16:00:00+05:00","Asia/Tashkent",41.204655,69.232522,,,,"AirGradient","AirGradient"
4902926,"Sputnik-4","relativehumidity",18.46599988937378,"%","2025-09-25T12:00:00Z","2025-09-25T17:00:00+05:00","Asia/Tashkent",41.204655,69.232522,,,,"AirGradient","AirGradient"
4902926,"Sputnik-4","relativehumidity",20.381416606903077,"%","2025-09-25T13:00:00Z","2025-09-25T18:00:00+05:00","Asia/Tashkent",41.204655,69.232522,,,,"AirGradient","AirGradient"
4902926,"Sputnik-4","relativehumidity",23.138875047365826,"%","2025-09-25T14:00:00Z","2025-09-25T19:00:00+05:00","Asia/Tashkent",41.204655,69.232522,,,,"AirGradient","AirGradient"
4902926,"Sputnik-4","relativehumidity",24.62074987093607,"%","2025-09-25T15:00:00Z","2025-09-25T20:00:00+05:00","Asia/Tashkent",41.204655,69.232522,,,,"AirGradient","AirGradient"
4902926,"Sputnik-4","relativehumidity",25.522472254435225,"%","2025-09-25T16:00:00Z","2025-09-25T21:00:00+05:00","Asia/Tashkent",41.204655,69.232522,,,,"AirGradient","AirGradient"
4902926,"Sputnik-4","relativehumidity",27.810874978701275,"%","2025-09-25T17:00:00Z","2025-09-25T22:00:00+05:00","Asia/Tashkent",41.204655,69.232522,,,,"AirGradient","AirGradient"
4902926,"Sputnik-4","relativehumidity",29.25470821062724,"%","2025-09-25T18:00:00Z","2025-09-25T23:00:00+05:00","Asia/Tashkent",41.204655,69.232522,,,,"AirGradient","AirGradient"
4902926,"Sputnik-4","relativehumidity",30.083416763941447,"%","2025-09-25T19:00:00Z","2025-09-26T00:00:00+05:00","Asia/Tashkent",41.204655,69.232522,,,,"AirGradient","AirGradient"
4902926,"Sputnik-4","relativehumidity",30.386930497487388,"%","2025-09-25T20:00:00Z","2025-09-26T01:00:00+05:00","Asia/Tashkent",41.204655,69.232522,,,,"AirGradient","AirGradient"
4902926,"Sputnik-4","relativehumidity",31.412708290417985,"%","2025-09-25T21:00:00Z","2025-09-26T02:00:00+05:00","Asia/Tashkent",41.204655,69.232522,,,,"AirGradient","AirGradient"
4902926,"Sputnik-4","relativehumidity",31.374375009536738,"%","2025-09-25T22:00:00Z","2025-09-26T03:00:00+05:00","Asia/Tashkent",41.204655,69.232522,,,,"AirGradient","AirGradient"
4902926,"Sputnik-4","relativehumidity",32.167624886830644,"%","2025-09-25T23:00:00Z","2025-09-26T04:00:00+05:00","Asia/Tashkent",41.204655,69.232522,,,,"AirGradient","AirGradient"
4902926,"Sputnik-4","relativehumidity",33.76062480608623,"%","2025-09-26T00:00:00Z","2025-09-26T05:00:00+05:00","Asia/Tashkent",41.204655,69.232522,,,,"AirGradient","AirGradient"
4902926,"Sputnik-4","relativehumidity",34.38705585797628,"%","2025-09-26T01:00:00Z","2025-09-26T06:00:00+05:00","Asia/Tashkent",41.204655,69.232522,,,,"AirGradient","AirGradient"
4902926,"Sputnik-4","relativehumidity",34.06545810699463,"%","2025-09-26T02:00:00Z","2025-09-26T07:00:00+05:00","Asia/Tashkent",41.204655,69.232522,,,,"AirGradient","AirGradient"
4902926,"Sputnik-4","relativehumidity",33.525291713078815,"%","2025-09-26T03:00:00Z","2025-09-26T08:00:00+05:00","Asia/Tashkent",41.204655,69.232522,,,,"AirGradient","AirGradient"
4902926,"Sputnik-4","relativehumidity",31.212208175659182,"%","2025-09-26T04:00:00Z","2025-09-26T09:00:00+05:00","Asia/Tashkent",41.204655,69.232522,,,,"AirGradient","AirGradient"
4902926,"Sputnik-4","relativehumidity",29.389833331108093,"%","2025-09-26T05:00:00Z","2025-09-26T10:00:00+05:00","Asia/Tashkent",41.204655,69.232522,,,,"AirGradient","AirGradient"
4902926,"Sputnik-4","relativehumidity",27.02175006866455,"%","2025-09-26T06:00:00Z","2025-09-26T11:00:00+05:00","Asia/Tashkent",41.204655,69.232522,,,,"AirGradient","AirGradient"
4902926,"Sputnik-4","relativehumidity",24.71620844999949,"%","2025-09-26T07:00:00Z","2025-09-26T12:00:00+05:00","Asia/Tashkent",41.204655,69.232522,,,,"AirGradient","AirGradient"
4902926,"Sputnik-4","relativehumidity",21.959819523493447,"%","2025-09-26T08:00:00Z","2025-09-26T13:00:00+05:00","Asia/Tashkent",41.204655,69.232522,,,,"AirGradient","AirGradient"
4902926,"Sputnik-4","relativehumidity",20.14855539533827,"%","2025-09-26T09:00:00Z","2025-09-26T14:00:00+05:00","Asia/Tashkent",41.204655,69.232522,,,,"AirGradient","AirGradient"
4902926,"Sputnik-4","relativehumidity",19.4441667954127,"%","2025-09-26T11:00:00Z","2025-09-26T16:00:00+05:00","Asia/Tashkent",41.204655,69.232522,,,,"AirGradient","AirGradient"
4902926,"Sputnik-4","relativehumidity",19.91244446966383,"%","2025-09-26T12:00:00Z","2025-09-26T17:00:00+05:00","Asia/Tashkent",41.204655,69.232522,,,,"AirGradient","AirGradient"
4902926,"Sputnik-4","relativehumidity",19.856541649500528,"%","2025-09-26T13:00:00Z","2025-09-26T18:00:00+05:00","Asia/Tashkent",41.204655,69.232522,,,,"AirGradient","AirGradient"
4902926,"Sputnik-4","relativehumidity",23.95770835876465,"%","2025-09-26T14:00:00Z","2025-09-26T19:00:00+05:00","Asia/Tashkent",41.204655,69.232522,,,,"AirGradient","AirGradient"
4902926,"Sputnik-4","relativehumidity",26.876375087102257,"%","2025-09-26T15:00:00Z","2025-09-26T20:00:00+05:00","Asia/Tashkent",41.204655,69.232522,,,,"AirGradient","AirGradient"
4902926,"Sputnik-4","relativehumidity",27.713416655858364,"%","2025-09-26T16:00:00Z","2025-09-26T21:00:00+05:00","Asia/Tashkent",41.204655,69.232522,,,,"AirGradient","AirGradient"
4902926,"Sputnik-4","relativehumidity",26.726999894777933,"%","2025-09-26T17:00:00Z","2025-09-26T22:00:00+05:00","Asia/Tashkent",41.204655,69.232522,,,,"AirGradient","AirGradient"
4902926,"Sputnik-4","relativehumidity",28.60066668987274,"%","2025-09-26T18:00:00Z","2025-09-26T23:00:00+05:00","Asia/Tashkent",41.204655,69.232522,,,,"AirGradient","AirGradient"
4902926,"Sputnik-4","relativehumidity",28.94624996980031,"%","2025-09-26T19:00:00Z","2025-09-27T00:00:00+05:00","Asia/Tashkent",41.204655,69.232522,,,,"AirGradient","AirGradient"
4902926,"Sputnik-4","relativehumidity",30.597083393732706,"%","2025-09-26T20:00:00Z","2025-09-27T01:00:00+05:00","Asia/Tashkent",41.204655,69.232522,,,,"AirGradient","AirGradient"
4902926,"Sputnik-4","relativehumidity",32.1297916650772,"%","2025-09-26T21:00:00Z","2025-09-27T02:00:00+05:00","Asia/Tashkent",41.204655,69.232522,,,,"AirGradient","AirGradient"
4902926,"Sputnik-4","relativehumidity",32.920000028610225,"%","2025-09-26T22:00:00Z","2025-09-27T03:00:00+05:00","Asia/Tashkent",41.204655,69.232522,,,,"AirGradient","AirGradient"
4902926,"Sputnik-4","relativehumidity",34.073249912261964,"%","2025-09-26T23:00:00Z","2025-09-27T04:00:00+05:00","Asia/Tashkent",41.204655,69.232522,,,,"AirGradient","AirGradient"
4902926,"Sputnik-4","relativehumidity",34.99362508455912,"%","2025-09-27T00:00:00Z","2025-09-27T05:00:00+05:00","Asia/Tashkent",41.204655,69.232522,,,,"AirGradient","AirGradient"
4902926,"Sputnik-4","relativehumidity",35.138333241144814,"%","2025-09-27T01:00:00Z","2025-09-27T06:00:00+05:00","Asia/Tashkent",41.204655,69.232522,,,,"AirGradient","AirGradient"
4902926,"Sputnik-4","relativehumidity",35.026624870300296,"%","2025-09-27T02:00:00Z","2025-09-27T07:00:00+05:00","Asia/Tashkent",41.204655,69.232522,,,,"AirGradient","AirGradient"
4902926,"Sputnik-4","relativehumidity",33.61270831425984,"%","2025-09-27T03:00:00Z","2025-09-27T08:00:00+05:00","Asia/Tashkent",41.204655,69.232522,,,,"AirGradient","AirGradient"
4902926,"Sputnik-4","relativehumidity",30.737000139554343,"%","2025-09-27T04:00:00Z","2025-09-27T09:00:00+05:00","Asia/Tashkent",41.204655,69.232522,,,,"AirGradient","AirGradient"
4902926,"Sputnik-4","relativehumidity",27.711090703444043,"%","2025-09-27T05:00:00Z","2025-09-27T10:00:00+05:00","Asia/Tashkent",41.204655,69.232522,,,,"AirGradient","AirGradient"
4902926,"Sputnik-4","relativehumidity",26.66327789094713,"%","2025-09-27T06:00:00Z","2025-09-27T11:00:00+05:00","Asia/Tashkent",41.204655,69.232522,,,,"AirGradient","AirGradient"
4902926,"Sputnik-4","relativehumidity",22.695599937438963,"%","2025-09-27T08:00:00Z","2025-09-27T13:00:00+05:00","Asia/Tashkent",41.204655,69.232522,,,,"AirGradient","AirGradient"
4902926,"Sputnik-4","relativehumidity",22.468750055631002,"%","2025-09-27T09:00:00Z","2025-09-27T14:00:00+05:00","Asia/Tashkent",41.204655,69.232522,,,,"AirGradient","AirGradient"
4902926,"Sputnik-4","relativehumidity",20.6381250222524,"%","2025-09-27T12:00:00Z","2025-09-27T17:00:00+05:00","Asia/Tashkent",41.204655,69.232522,,,,"AirGradient","AirGradient"
4902926,"Sputnik-4","relativehumidity",21.6537500222524,"%","2025-09-27T13:00:00Z","2025-09-27T18:00:00+05:00","Asia/Tashkent",41.204655,69.232522,,,,"AirGradient","AirGradient"
4902926,"Sputnik-4","relativehumidity",25.291458368301388,"%","2025-09-27T14:00:00Z","2025-09-27T19:00:00+05:00","Asia/Tashkent",41.204655,69.232522,,,,"AirGradient","AirGradient"
4902926,"Sputnik-4","relativehumidity",26.758500083287558,"%","2025-09-27T15:00:00Z","2025-09-27T20:00:00+05:00","Asia/Tashkent",41.204655,69.232522,,,,"AirGradient","AirGradient"
4902926,"Sputnik-4","relativehumidity",27.1756249666214,"%","2025-09-27T16:00:00Z","2025-09-27T21:00:00+05:00","Asia/Tashkent",41.204655,69.232522,,,,"AirGradient","AirGradient"
4902926,"Sputnik-4","relativehumidity",29.879999923706063,"%","2025-09-27T17:00:00Z","2025-09-27T22:00:00+05:00","Asia/Tashkent",41.204655,69.232522,,,,"AirGradient","AirGradient"
4902926,"Sputnik-4","relativehumidity",32.0471248626709,"%","2025-09-27T18:00:00Z","2025-09-27T23:00:00+05:00","Asia/Tashkent",41.204655,69.232522,,,,"AirGradient","AirGradient"
4902926,"Sputnik-4","relativehumidity",32.48037494023641,"%","2025-09-27T19:00:00Z","2025-09-28T00:00:00+05:00","Asia/Tashkent",41.204655,69.232522,,,,"AirGradient","AirGradient"
4902926,"Sputnik-4","relativehumidity",32.32748602231344,"%","2025-09-27T20:00:00Z","2025-09-28T01:00:00+05:00","Asia/Tashkent",41.204655,69.232522,,,,"AirGradient","AirGradient"
4902926,"Sputnik-4","relativehumidity",32.59924998283386,"%","2025-09-27T21:00:00Z","2025-09-28T02:00:00+05:00","Asia/Tashkent",41.204655,69.232522,,,,"AirGradient","AirGradient"
4902926,"Sputnik-4","relativehumidity",32.17433330217998,"%","2025-09-27T22:00:00Z","2025-09-28T03:00:00+05:00","Asia/Tashkent",41.204655,69.232522,,,,"AirGradient","AirGradient"
4902926,"Sputnik-4","relativehumidity",31.95920833746592,"%","2025-09-27T23:00:00Z","2025-09-28T04:00:00+05:00","Asia/Tashkent",41.204655,69.232522,,,,"AirGradient","AirGradient"
4902926,"Sputnik-4","relativehumidity",31.78441672590044,"%","2025-09-28T00:00:00Z","2025-09-28T05:00:00+05:00","Asia/Tashkent",41.204655,69.232522,,,,"AirGradient","AirGradient"
4902926,"Sputnik-4","relativehumidity",32.184041738510125,"%","2025-09-28T01:00:00Z","2025-09-28T06:00:00+05:00","Asia/Tashkent",41.204655,69.232522,,,,"AirGradient","AirGradient"
4902926,"Sputnik-4","relativehumidity",32.478458118438716,"%","2025-09-28T02:00:00Z","2025-09-28T07:00:00+05:00","Asia/Tashkent",41.204655,69.232522,,,,"AirGradient","AirGradient"
4902926,"Sputnik-4","relativehumidity",30.159416675567627,"%","2025-09-28T03:00:00Z","2025-09-28T08:00:00+05:00","Asia/Tashkent",41.204655,69.232522,,,,"AirGradient","AirGradient"
4902926,"Sputnik-4","relativehumidity",30.802708254920105,"%","2025-09-28T04:00:00Z","2025-09-28T09:00:00+05:00","Asia/Tashkent",41.204655,69.232522,,,,"AirGradient","AirGradient"
4902926,"Sputnik-4","relativehumidity",30.835625092188522,"%","2025-09-28T05:00:00Z","2025-09-28T10:00:00+05:00","Asia/Tashkent",41.204655,69.232522,,,,"AirGradient","AirGradient"
4902926,"Sputnik-4","relativehumidity",29.11755556000604,"%","2025-09-28T06:00:00Z","2025-09-28T11:00:00+05:00","Asia/Tashkent",41.204655,69.232522,,,,"AirGradient","AirGradient"
4902926,"Sputnik-4","relativehumidity",26.497749916712436,"%","2025-09-28T07:00:00Z","2025-09-28T12:00:00+05:00","Asia/Tashkent",41.204655,69.232522,,,,"AirGradient","AirGradient"
4902926,"Sputnik-4","relativehumidity",23.222625025113427,"%","2025-09-28T08:00:00Z","2025-09-28T13:00:00+05:00","Asia/Tashkent",41.204655,69.232522,,,,"AirGradient","AirGradient"
4902926,"Sputnik-4","relativehumidity",18.47486124568515,"%","2025-09-28T12:00:00Z","2025-09-28T17:00:00+05:00","Asia/Tashkent",41.204655,69.232522,,,,"AirGradient","AirGradient"
4902926,"Sputnik-4","relativehumidity",19.65691659450531,"%","2025-09-28T13:00:00Z","2025-09-28T18:00:00+05:00","Asia/Tashkent",41.204655,69.232522,,,,"AirGradient","AirGradient"
4902926,"Sputnik-4","relativehumidity",22.61579163339403,"%","2025-09-28T14:00:00Z","2025-09-28T19:00:00+05:00","Asia/Tashkent",41.204655,69.232522,,,,"AirGradient","AirGradient"
4902926,"Sputnik-4","relativehumidity",24.046236133575437,"%","2025-09-28T15:00:00Z","2025-09-28T20:00:00+05:00","Asia/Tashkent",41.204655,69.232522,,,,"AirGradient","AirGradient"
4902926,"Sputnik-4","relativehumidity",23.839124925931298,"%","2025-09-28T16:00:00Z","2025-09-28T21:00:00+05:00","Asia/Tashkent",41.204655,69.232522,,,,"AirGradient","AirGradient"
4902926,"Sputnik-4","relativehumidity",24.015805559688143,"%","2025-09-28T17:00:00Z","2025-09-28T22:00:00+05:00","Asia/Tashkent",41.204655,69.232522,,,,"AirGradient","AirGradient"
4902926,"Sputnik-4","relativehumidity",24.651583398713004,"%","2025-09-28T18:00:00Z","2025-09-28T23:00:00+05:00","Asia/Tashkent",41.204655,69.232522,,,,"AirGradient","AirGradient"
4902926,"Sputnik-4","relativehumidity",29.01058330535889,"%","2025-09-28T19:00:00Z","2025-09-29T00:00:00+05:00","Asia/Tashkent",41.204655,69.232522,,,,"AirGradient","AirGradient"
4902926,"Sputnik-4","relativehumidity",30.933250021934512,"%","2025-09-28T20:00:00Z","2025-09-29T01:00:00+05:00","Asia/Tashkent",41.204655,69.232522,,,,"AirGradient","AirGradient"
4902926,"Sputnik-4","relativehumidity",31.658847276369727,"%","2025-09-28T21:00:00Z","2025-09-29T02:00:00+05:00","Asia/Tashkent",41.204655,69.232522,,,,"AirGradient","AirGradient"
4902926,"Sputnik-4","relativehumidity",32.04154167970021,"%","2025-09-28T22:00:00Z","2025-09-29T03:00:00+05:00","Asia/Tashkent",41.204655,69.232522,,,,"AirGradient","AirGradient"
4902926,"Sputnik-4","relativehumidity",32.14441683292389,"%","2025-09-28T23:00:00Z","2025-09-29T04:00:00+05:00","Asia/Tashkent",41.204655,69.232522,,,,"AirGradient","AirGradient"
4902926,"Sputnik-4","relativehumidity",33.05616672833761,"%","2025-09-29T00:00:00Z","2025-09-29T05:00:00+05:00","Asia/Tashkent",41.204655,69.232522,,,,"AirGradient","AirGradient"
4902926,"Sputnik-4","relativehumidity",33.57916674613953,"%","2025-09-29T01:00:00Z","2025-09-29T06:00:00+05:00","Asia/Tashkent",41.204655,69.232522,,,,"AirGradient","AirGradient"
4902926,"Sputnik-4","relativehumidity",34.18408349355062,"%","2025-09-29T02:00:00Z","2025-09-29T07:00:00+05:00","Asia/Tashkent",41.204655,69.232522,,,,"AirGradient","AirGradient"
4902926,"Sputnik-4","relativehumidity",33.078583391507465,"%","2025-09-29T03:00:00Z","2025-09-29T08:00:00+05:00","Asia/Tashkent",41.204655,69.232522,,,,"AirGradient","AirGradient"
4902926,"Sputnik-4","relativehumidity",28.975583426157637,"%","2025-09-29T04:00:00Z","2025-09-29T09:00:00+05:00","Asia/Tashkent",41.204655,69.232522,,,,"AirGradient","AirGradient"
4902926,"Sputnik-4","relativehumidity",26.90000015894572,"%","2025-09-29T05:00:00Z","2025-09-29T10:00:00+05:00","Asia/Tashkent",41.204655,69.232522,,,,"AirGradient","AirGradient"
4902926,"Sputnik-4","relativehumidity",25.46137501398722,"%","2025-09-29T06:00:00Z","2025-09-29T11:00:00+05:00","Asia/Tashkent",41.204655,69.232522,,,,"AirGradient","AirGradient"
4902926,"Sputnik-4","relativehumidity",25.346597215864396,"%","2025-09-29T07:00:00Z","2025-09-29T12:00:00+05:00","Asia/Tashkent",41.204655,69.232522,,,,"AirGradient","AirGradient"
4902926,"Sputnik-4","relativehumidity",22.965583459536237,"%","2025-09-29T08:00:00Z","2025-09-29T13:00:00+05:00","Asia/Tashkent",41.204655,69.232522,,,,"AirGradient","AirGradient"
4902926,"Sputnik-4","relativehumidity",21.763374972343446,"%","2025-09-29T09:00:00Z","2025-09-29T14:00:00+05:00","Asia/Tashkent",41.204655,69.232522,,,,"AirGradient","AirGradient"
4902926,"Sputnik-4","relativehumidity",19.99916661580404,"%","2025-09-29T10:00:00Z","2025-09-29T15:00:00+05:00","Asia/Tashkent",41.204655,69.232522,,,,"AirGradient","AirGradient"
4902926,"Sputnik-4","relativehumidity",18.357944522963628,"%","2025-09-29T11:00:00Z","2025-09-29T16:00:00+05:00","Asia/Tashkent",41.204655,69.232522,,,,"AirGradient","AirGradient"
4902926,"Sputnik-4","relativehumidity",26.392291593551633,"%","2025-09-29T13:00:00Z","2025-09-29T18:00:00+05:00","Asia/Tashkent",41.204655,69.232522,,,,"AirGradient","AirGradient"
4902926,"Sputnik-4","relativehumidity",28.90062503814697,"%","2025-09-29T14:00:00Z","2025-09-29T19:00:00+05:00","Asia/Tashkent",41.204655,69.232522,,,,"AirGradient","AirGradient"
4902926,"Sputnik-4","relativehumidity",29.37397227022383,"%","2025-09-29T15:00:00Z","2025-09-29T20:00:00+05:00","Asia/Tashkent",41.204655,69.232522,,,,"AirGradient","AirGradient"
4902926,"Sputnik-4","relativehumidity",30.554333233833315,"%","2025-09-29T16:00:00Z","2025-09-29T21:00:00+05:00","Asia/Tashkent",41.204655,69.232522,,,,"AirGradient","AirGradient"
4902926,"Sputnik-4","relativehumidity",34.75740250481499,"%","2025-09-29T17:00:00Z","2025-09-29T22:00:00+05:00","Asia/Tashkent",41.204655,69.232522,,,,"AirGradient","AirGradient"
4902926,"Sputnik-4","relativehumidity",35.70087498029073,"%","2025-09-29T18:00:00Z","2025-09-29T23:00:00+05:00","Asia/Tashkent",41.204655,69.232522,,,,"AirGradient","AirGradient"
4902926,"Sputnik-4","relativehumidity",35.75683320363362,"%","2025-09-29T19:00:00Z","2025-09-30T00:00:00+05:00","Asia/Tashkent",41.204655,69.232522,,,,"AirGradient","AirGradient"
4902926,"Sputnik-4","relativehumidity",37.25640282101101,"%","2025-09-29T20:00:00Z","2025-09-30T01:00:00+05:00","Asia/Tashkent",41.204655,69.232522,,,,"AirGradient","AirGradient"
4902926,"Sputnik-4","relativehumidity",36.61500015258789,"%","2025-09-29T21:00:00Z","2025-09-30T02:00:00+05:00","Asia/Tashkent",41.204655,69.232522,,,,"AirGradient","AirGradient"
4902926,"Sputnik-4","relativehumidity",37.1922638575236,"%","2025-09-29T22:00:00Z","2025-09-30T03:00:00+05:00","Asia/Tashkent",41.204655,69.232522,,,,"AirGradient","AirGradient"
4902926,"Sputnik-4","relativehumidity",38.5290831565857,"%","2025-09-29T23:00:00Z","2025-09-30T04:00:00+05:00","Asia/Tashkent",41.204655,69.232522,,,,"AirGradient","AirGradient"
4902926,"Sputnik-4","relativehumidity",39.209833256403606,"%","2025-09-30T00:00:00Z","2025-09-30T05:00:00+05:00","Asia/Tashkent",41.204655,69.232522,,,,"AirGradient","AirGradient"
4902926,"Sputnik-4","relativehumidity",41.16445824305216,"%","2025-09-30T01:00:00Z","2025-09-30T06:00:00+05:00","Asia/Tashkent",41.204655,69.232522,,,,"AirGradient","AirGradient"
4902926,"Sputnik-4","relativehumidity",43.10458331108092,"%","2025-09-30T02:00:00Z","2025-09-30T07:00:00+05:00","Asia/Tashkent",41.204655,69.232522,,,,"AirGradient","AirGradient"
4902926,"Sputnik-4","relativehumidity",43.443083222707116,"%","2025-09-30T03:00:00Z","2025-09-30T08:00:00+05:00","Asia/Tashkent",41.204655,69.232522,,,,"AirGradient","AirGradient"
4902926,"Sputnik-4","relativehumidity",41.60512522061666,"%","2025-09-30T04:00:00Z","2025-09-30T09:00:00+05:00","Asia/Tashkent",41.204655,69.232522,,,,"AirGradient","AirGradient"
4902926,"Sputnik-4","relativehumidity",39.138958311080934,"%","2025-09-30T05:00:00Z","2025-09-30T10:00:00+05:00","Asia/Tashkent",41.204655,69.232522,,,,"AirGradient","AirGradient"
4902926,"Sputnik-4","relativehumidity",35.31220847765605,"%","2025-09-30T06:00:00Z","2025-09-30T11:00:00+05:00","Asia/Tashkent",41.204655,69.232522,,,,"AirGradient","AirGradient"
4902926,"Sputnik-4","relativehumidity",31.672499990463262,"%","2025-09-30T07:00:00Z","2025-09-30T12:00:00+05:00","Asia/Tashkent",41.204655,69.232522,,,,"AirGradient","AirGradient"
4902926,"Sputnik-4","relativehumidity",29.028041601181034,"%","2025-09-30T08:00:00Z","2025-09-30T13:00:00+05:00","Asia/Tashkent",41.204655,69.232522,,,,"AirGradient","AirGradient"
4902926,"Sputnik-4","relativehumidity",29.387069532606336,"%","2025-09-30T09:00:00Z","2025-09-30T14:00:00+05:00","Asia/Tashkent",41.204655,69.232522,,,,"AirGradient","AirGradient"
4902926,"Sputnik-4","relativehumidity",27.383541666136846,"%","2025-09-30T10:00:00Z","2025-09-30T15:00:00+05:00","Asia/Tashkent",41.204655,69.232522,,,,"AirGradient","AirGradient"
4902926,"Sputnik-4","relativehumidity",26.061569515864054,"%","2025-09-30T11:00:00Z","2025-09-30T16:00:00+05:00","Asia/Tashkent",41.204655,69.232522,,,,"AirGradient","AirGradient"
4902926,"Sputnik-4","relativehumidity",25.318291767438254,"%","2025-09-30T12:00:00Z","2025-09-30T17:00:00+05:00","Asia/Tashkent",41.204655,69.232522,,,,"AirGradient","AirGradient"
4902926,"Sputnik-4","relativehumidity",25.324347167544897,"%","2025-09-30T13:00:00Z","2025-09-30T18:00:00+05:00","Asia/Tashkent",41.204655,69.232522,,,,"AirGradient","AirGradient"
4902926,"Sputnik-4","relativehumidity",26.7335278166665,"%","2025-09-30T14:00:00Z","2025-09-30T19:00:00+05:00","Asia/Tashkent",41.204655,69.232522,,,,"AirGradient","AirGradient"
4902926,"Sputnik-4","relativehumidity",29.269750081168286,"%","2025-09-30T16:00:00Z","2025-09-30T21:00:00+05:00","Asia/Tashkent",41.204655,69.232522,,,,"AirGradient","AirGradient"
4902926,"Sputnik-4","relativehumidity",28.486291742324827,"%","2025-09-30T17:00:00Z","2025-09-30T22:00:00+05:00","Asia/Tashkent",41.204655,69.232522,,,,"AirGradient","AirGradient"
4902926,"Sputnik-4","relativehumidity",28.814291588465377,"%","2025-09-30T18:00:00Z","2025-09-30T23:00:00+05:00","Asia/Tashkent",41.204655,69.232522,,,,"AirGradient","AirGradient"
4902926,"Sputnik-4","relativehumidity",29.76208336618212,"%","2025-09-30T19:00:00Z","2025-10-01T00:00:00+05:00","Asia/Tashkent",41.204655,69.232522,,,,"AirGradient","AirGradient"
4902926,"Sputnik-4","relativehumidity",32.25237490336101,"%","2025-09-30T20:00:00Z","2025-10-01T01:00:00+05:00","Asia/Tashkent",41.204655,69.232522,,,,"AirGradient","AirGradient"
4902926,"Sputnik-4","relativehumidity",31.81424998177422,"%","2025-09-30T21:00:00Z","2025-10-01T02:00:00+05:00","Asia/Tashkent",41.204655,69.232522,,,,"AirGradient","AirGradient"
4902926,"Sputnik-4","relativehumidity",31.389681911468507,"%","2025-09-30T22:00:00Z","2025-10-01T03:00:00+05:00","Asia/Tashkent",41.204655,69.232522,,,,"AirGradient","AirGradient"
4902926,"Sputnik-4","relativehumidity",31.159500002861023,"%","2025-09-30T23:00:00Z","2025-10-01T04:00:00+05:00","Asia/Tashkent",41.204655,69.232522,,,,"AirGradient","AirGradient"
4902926,"Sputnik-4","relativehumidity",29.8414583603541,"%","2025-10-01T00:00:00Z","2025-10-01T05:00:00+05:00","Asia/Tashkent",41.204655,69.232522,,,,"AirGradient","AirGradient"
4902926,"Sputnik-4","relativehumidity",27.84870840708415,"%","2025-10-01T01:00:00Z","2025-10-01T06:00:00+05:00","Asia/Tashkent",41.204655,69.232522,,,,"AirGradient","AirGradient"
4902926,"Sputnik-4","relativehumidity",26.37554160753886,"%","2025-10-01T02:00:00Z","2025-10-01T07:00:00+05:00","Asia/Tashkent",41.204655,69.232522,,,,"AirGradient","AirGradient"
4902926,"Sputnik-4","relativehumidity",25.492291816075646,"%","2025-10-01T03:00:00Z","2025-10-01T08:00:00+05:00","Asia/Tashkent",41.204655,69.232522,,,,"AirGradient","AirGradient"
4902926,"Sputnik-4","relativehumidity",25.01649974981944,"%","2025-10-01T04:00:00Z","2025-10-01T09:00:00+05:00","Asia/Tashkent",41.204655,69.232522,,,,"AirGradient","AirGradient"
4902926,"Sputnik-4","relativehumidity",24.65270829995473,"%","2025-10-01T05:00:00Z","2025-10-01T10:00:00+05:00","Asia/Tashkent",41.204655,69.232522,,,,"AirGradient","AirGradient"
4902926,"Sputnik-4","relativehumidity",27.091430433591203,"%","2025-10-01T06:00:00Z","2025-10-01T11:00:00+05:00","Asia/Tashkent",41.204655,69.232522,,,,"AirGradient","AirGradient"
4902926,"Sputnik-4","relativehumidity",26.602083452542626,"%","2025-10-01T07:00:00Z","2025-10-01T12:00:00+05:00","Asia/Tashkent",41.204655,69.232522,,,,"AirGradient","AirGradient"
4902926,"Sputnik-4","relativehumidity",25.789083353678382,"%","2025-10-01T08:00:00Z","2025-10-01T13:00:00+05:00","Asia/Tashkent",41.204655,69.232522,,,,"AirGradient","AirGradient"
4902926,"Sputnik-4","relativehumidity",27.472750033272643,"%","2025-10-01T09:00:00Z","2025-10-01T14:00:00+05:00","Asia/Tashkent",41.204655,69.232522,,,,"AirGradient","AirGradient"
4902926,"Sputnik-4","relativehumidity",34.175636430220166,"%","2025-10-01T10:00:00Z","2025-10-01T15:00:00+05:00","Asia/Tashkent",41.204655,69.232522,,,,"AirGradient","AirGradient"
4902926,"Sputnik-4","relativehumidity",32.70383322238922,"%","2025-10-01T11:00:00Z","2025-10-01T16:00:00+05:00","Asia/Tashkent",41.204655,69.232522,,,,"AirGradient","AirGradient"
4902926,"Sputnik-4","relativehumidity",27.216291443506876,"%","2025-10-01T12:00:00Z","2025-10-01T17:00:00+05:00","Asia/Tashkent",41.204655,69.232522,,,,"AirGradient","AirGradient"
4902926,"Sputnik-4","relativehumidity",30.776722211307945,"%","2025-10-01T13:00:00Z","2025-10-01T18:00:00+05:00","Asia/Tashkent",41.204655,69.232522,,,,"AirGradient","AirGradient"
4902926,"Sputnik-4","relativehumidity",37.55555534362793,"%","2025-10-01T14:00:00Z","2025-10-01T19:00:00+05:00","Asia/Tashkent",41.204655,69.232522,,,,"AirGradient","AirGradient"
4902926,"Sputnik-4","relativehumidity",43.23377766079373,"%","2025-10-01T15:00:00Z","2025-10-01T20:00:00+05:00","Asia/Tashkent",41.204655,69.232522,,,,"AirGradient","AirGradient"
4902926,"Sputnik-4","relativehumidity",44.554291629791265,"%","2025-10-01T16:00:00Z","2025-10-01T21:00:00+05:00","Asia/Tashkent",41.204655,69.232522,,,,"AirGradient","AirGradient"
4902926,"Sputnik-4","relativehumidity",44.13245841662089,"%","2025-10-01T17:00:00Z","2025-10-01T22:00:00+05:00","Asia/Tashkent",41.204655,69.232522,,,,"AirGradient","AirGradient"
4902926,"Sputnik-4","relativehumidity",42.07856052283085,"%","2025-10-01T18:00:00Z","2025-10-01T23:00:00+05:00","Asia/Tashkent",41.204655,69.232522,,,,"AirGradient","AirGradient"
4902926,"Sputnik-4","relativehumidity",40.48966697057088,"%","2025-10-01T19:00:00Z","2025-10-02T00:00:00+05:00","Asia/Tashkent",41.204655,69.232522,,,,"AirGradient","AirGradient"
4902926,"Sputnik-4","relativehumidity",44.246166467666626,"%","2025-10-01T20:00:00Z","2025-10-02T01:00:00+05:00","Asia/Tashkent",41.204655,69.232522,,,,"AirGradient","AirGradient"
4902926,"Sputnik-4","relativehumidity",44.60283365249634,"%","2025-10-01T21:00:00Z","2025-10-02T02:00:00+05:00","Asia/Tashkent",41.204655,69.232522,,,,"AirGradient","AirGradient"
4902926,"Sputnik-4","relativehumidity",44.39470837910971,"%","2025-10-01T22:00:00Z","2025-10-02T03:00:00+05:00","Asia/Tashkent",41.204655,69.232522,,,,"AirGradient","AirGradient"
4902926,"Sputnik-4","relativehumidity",44.62845826148987,"%","2025-10-01T23:00:00Z","2025-10-02T04:00:00+05:00","Asia/Tashkent",41.204655,69.232522,,,,"AirGradient","AirGradient"
4902926,"Sputnik-4","relativehumidity",44.733083502451585,"%","2025-10-02T00:00:00Z","2025-10-02T05:00:00+05:00","Asia/Tashkent",41.204655,69.232522,,,,"AirGradient","AirGradient"
4902926,"Sputnik-4","relativehumidity",44.56324996948242,"%","2025-10-02T01:00:00Z","2025-10-02T06:00:00+05:00","Asia/Tashkent",41.204655,69.232522,,,,"AirGradient","AirGradient"
4902926,"Sputnik-4","relativehumidity",43.92312517166138,"%","2025-10-02T02:00:00Z","2025-10-02T07:00:00+05:00","Asia/Tashkent",41.204655,69.232522,,,,"AirGradient","AirGradient"
4902926,"Sputnik-4","relativehumidity",41.95862488746643,"%","2025-10-02T03:00:00Z","2025-10-02T08:00:00+05:00","Asia/Tashkent",41.204655,69.232522,,,,"AirGradient","AirGradient"
4902926,"Sputnik-4","relativehumidity",38.048569250106816,"%","2025-10-02T04:00:00Z","2025-10-02T09:00:00+05:00","Asia/Tashkent",41.204655,69.232522,,,,"AirGradient","AirGradient"
4902926,"Sputnik-4","relativehumidity",35.54424988428752,"%","2025-10-02T05:00:00Z","2025-10-02T10:00:00+05:00","Asia/Tashkent",41.204655,69.232522,,,,"AirGradient","AirGradient"
4902926,"Sputnik-4","relativehumidity",32.013374884923294,"%","2025-10-02T06:00:00Z","2025-10-02T11:00:00+05:00","Asia/Tashkent",41.204655,69.232522,,,,"AirGradient","AirGradient"
4902926,"Sputnik-4","relativehumidity",29.480333399772643,"%","2025-10-02T07:00:00Z","2025-10-02T12:00:00+05:00","Asia/Tashkent",41.204655,69.232522,,,,"AirGradient","AirGradient"
4902926,"Sputnik-4","relativehumidity",25.560625028610236,"%","2025-10-02T08:00:00Z","2025-10-02T13:00:00+05:00","Asia/Tashkent",41.204655,69.232522,,,,"AirGradient","AirGradient"
4902926,"Sputnik-4","relativehumidity",23.089416726430255,"%","2025-10-02T09:00:00Z","2025-10-02T14:00:00+05:00","Asia/Tashkent",41.204655,69.232522,,,,"AirGradient","AirGradient"
4902926,"Sputnik-4","relativehumidity",21.677291584014892,"%","2025-10-02T10:00:00Z","2025-10-02T15:00:00+05:00","Asia/Tashkent",41.204655,69.232522,,,,"AirGradient","AirGradient"
4902926,"Sputnik-4","relativehumidity",23.207708342870077,"%","2025-10-02T11:00:00Z","2025-10-02T16:00:00+05:00","Asia/Tashkent",41.204655,69.232522,,,,"AirGradient","AirGradient"
4902926,"Sputnik-4","relativehumidity",24.064250058597988,"%","2025-10-02T12:00:00Z","2025-10-02T17:00:00+05:00","Asia/Tashkent",41.204655,69.232522,,,,"AirGradient","AirGradient"
4902926,"Sputnik-4","relativehumidity",24.433083335558567,"%","2025-10-02T13:00:00Z","2025-10-02T18:00:00+05:00","Asia/Tashkent",41.204655,69.232522,,,,"AirGradient","AirGradient"
4902926,"Sputnik-4","relativehumidity",26.829791982968647,"%","2025-10-02T14:00:00Z","2025-10-02T19:00:00+05:00","Asia/Tashkent",41.204655,69.232522,,,,"AirGradient","AirGradient"
4902926,"Sputnik-4","relativehumidity",26.439416591326392,"%","2025-10-02T15:00:00Z","2025-10-02T20:00:00+05:00","Asia/Tashkent",41.204655,69.232522,,,,"AirGradient","AirGradient"
4902926,"Sputnik-4","relativehumidity",26.435388904147676,"%","2025-10-02T16:00:00Z","2025-10-02T21:00:00+05:00","Asia/Tashkent",41.204655,69.232522,,,,"AirGradient","AirGradient"
4902926,"Sputnik-4","relativehumidity",29.00287504196167,"%","2025-10-02T17:00:00Z","2025-10-02T22:00:00+05:00","Asia/Tashkent",41.204655,69.232522,,,,"AirGradient","AirGradient"
4902926,"Sputnik-4","relativehumidity",30.51195826530456,"%","2025-10-02T18:00:00Z","2025-10-02T23:00:00+05:00","Asia/Tashkent",41.204655,69.232522,,,,"AirGradient","AirGradient"
4902926,"Sputnik-4","relativehumidity",31.098791774113977,"%","2025-10-02T19:00:00Z","2025-10-03T00:00:00+05:00","Asia/Tashkent",41.204655,69.232522,,,,"AirGradient","AirGradient"
4902926,"Sputnik-4","relativehumidity",31.60237507820129,"%","2025-10-02T20:00:00Z","2025-10-03T01:00:00+05:00","Asia/Tashkent",41.204655,69.232522,,,,"AirGradient","AirGradient"
4902926,"Sputnik-4","relativehumidity",32.69104156494141,"%","2025-10-02T21:00:00Z","2025-10-03T02:00:00+05:00","Asia/Tashkent",41.204655,69.232522,,,,"AirGradient","AirGradient"
4902926,"Sputnik-4","relativehumidity",34.69558350245158,"%","2025-10-02T22:00:00Z","2025-10-03T03:00:00+05:00","Asia/Tashkent",41.204655,69.232522,,,,"AirGradient","AirGradient"
4902926,"Sputnik-4","relativehumidity",37.011374918619794,"%","2025-10-02T23:00:00Z","2025-10-03T04:00:00+05:00","Asia/Tashkent",41.204655,69.232522,,,,"AirGradient","AirGradient"
4902926,"Sputnik-4","relativehumidity",37.24829157193502,"%","2025-10-03T00:00:00Z","2025-10-03T05:00:00+05:00","Asia/Tashkent",41.204655,69.232522,,,,"AirGradient","AirGradient"
4902926,"Sputnik-4","relativehumidity",38.55554164250692,"%","2025-10-03T01:00:00Z","2025-10-03T06:00:00+05:00","Asia/Tashkent",41.204655,69.232522,,,,"AirGradient","AirGradient"
4902926,"Sputnik-4","relativehumidity",38.941499932607016,"%","2025-10-03T02:00:00Z","2025-10-03T07:00:00+05:00","Asia/Tashkent",41.204655,69.232522,,,,"AirGradient","AirGradient"
4902926,"Sputnik-4","relativehumidity",38.69141688346863,"%","2025-10-03T03:00:00Z","2025-10-03T08:00:00+05:00","Asia/Tashkent",41.204655,69.232522,,,,"AirGradient","AirGradient"
4902926,"Sputnik-4","relativehumidity",35.29476385646396,"%","2025-10-03T04:00:00Z","2025-10-03T09:00:00+05:00","Asia/Tashkent",41.204655,69.232522,,,,"AirGradient","AirGradient"
4902926,"Sputnik-4","relativehumidity",32.15420832633972,"%","2025-10-03T05:00:00Z","2025-10-03T10:00:00+05:00","Asia/Tashkent",41.204655,69.232522,,,,"AirGradient","AirGradient"
4902926,"Sputnik-4","relativehumidity",26.975972273614673,"%","2025-10-03T06:00:00Z","2025-10-03T11:00:00+05:00","Asia/Tashkent",41.204655,69.232522,,,,"AirGradient","AirGradient"
4902926,"Sputnik-4","relativehumidity",27.524333230654403,"%","2025-10-03T07:00:00Z","2025-10-03T12:00:00+05:00","Asia/Tashkent",41.204655,69.232522,,,,"AirGradient","AirGradient"
4902926,"Sputnik-4","relativehumidity",25.568874963124596,"%","2025-10-03T08:00:00Z","2025-10-03T13:00:00+05:00","Asia/Tashkent",41.204655,69.232522,,,,"AirGradient","AirGradient"
4902926,"Sputnik-4","relativehumidity",24.775041755040487,"%","2025-10-03T09:00:00Z","2025-10-03T14:00:00+05:00","Asia/Tashkent",41.204655,69.232522,,,,"AirGradient","AirGradient"
4902926,"Sputnik-4","relativehumidity",24.755208293596905,"%","2025-10-03T10:00:00Z","2025-10-03T15:00:00+05:00","Asia/Tashkent",41.204655,69.232522,,,,"AirGradient","AirGradient"
4902926,"Sputnik-4","relativehumidity",24.297527768876815,"%","2025-10-03T11:00:00Z","2025-10-03T16:00:00+05:00","Asia/Tashkent",41.204655,69.232522,,,,"AirGradient","AirGradient"
4902926,"Sputnik-4","relativehumidity",22.454416709476046,"%","2025-10-03T12:00:00Z","2025-10-03T17:00:00+05:00","Asia/Tashkent",41.204655,69.232522,,,,"AirGradient","AirGradient"
4902926,"Sputnik-4","relativehumidity",23.86579158306122,"%","2025-10-03T13:00:00Z","2025-10-03T18:00:00+05:00","Asia/Tashkent",41.204655,69.232522,,,,"AirGradient","AirGradient"
4902926,"Sputnik-4","relativehumidity",26.80662492911021,"%","2025-10-03T14:00:00Z","2025-10-03T19:00:00+05:00","Asia/Tashkent",41.204655,69.232522,,,,"AirGradient","AirGradient"
4902926,"Sputnik-4","relativehumidity",27.651999910672505,"%","2025-10-03T15:00:00Z","2025-10-03T20:00:00+05:00","Asia/Tashkent",41.204655,69.232522,,,,"AirGradient","AirGradient"
4902926,"Sputnik-4","relativehumidity",29.20979158083598,"%","2025-10-03T16:00:00Z","2025-10-03T21:00:00+05:00","Asia/Tashkent",41.204655,69.232522,,,,"AirGradient","AirGradient"
4902926,"Sputnik-4","relativehumidity",30.25325007968478,"%","2025-10-03T17:00:00Z","2025-10-03T22:00:00+05:00","Asia/Tashkent",41.204655,69.232522,,,,"AirGradient","AirGradient"
4902926,"Sputnik-4","relativehumidity",33.315791893005375,"%","2025-10-03T18:00:00Z","2025-10-03T23:00:00+05:00","Asia/Tashkent",41.204655,69.232522,,,,"AirGradient","AirGradient"
4902926,"Sputnik-4","relativehumidity",34.254777913623386,"%","2025-10-03T19:00:00Z","2025-10-04T00:00:00+05:00","Asia/Tashkent",41.204655,69.232522,,,,"AirGradient","AirGradient"
4902926,"Sputnik-4","relativehumidity",35.36816662152608,"%","2025-10-03T20:00:00Z","2025-10-04T01:00:00+05:00","Asia/Tashkent",41.204655,69.232522,,,,"AirGradient","AirGradient"
4902926,"Sputnik-4","relativehumidity",36.49518036842346,"%","2025-10-03T21:00:00Z","2025-10-04T02:00:00+05:00","Asia/Tashkent",41.204655,69.232522,,,,"AirGradient","AirGradient"
4902926,"Sputnik-4","relativehumidity",37.05387503306071,"%","2025-10-03T22:00:00Z","2025-10-04T03:00:00+05:00","Asia/Tashkent",41.204655,69.232522,,,,"AirGradient","AirGradient"
4902926,"Sputnik-4","relativehumidity",37.61858315467834,"%","2025-10-03T23:00:00Z","2025-10-04T04:00:00+05:00","Asia/Tashkent",41.204655,69.232522,,,,"AirGradient","AirGradient"
4902926,"Sputnik-4","relativehumidity",37.80156949890985,"%","2025-10-04T00:00:00Z","2025-10-04T05:00:00+05:00","Asia/Tashkent",41.204655,69.232522,,,,"AirGradient","AirGradient"
4902926,"Sputnik-4","relativehumidity",38.41029187838236,"%","2025-10-04T01:00:00Z","2025-10-04T06:00:00+05:00","Asia/Tashkent",41.204655,69.232522,,,,"AirGradient","AirGradient"
4902926,"Sputnik-4","relativehumidity",39.53991643587749,"%","2025-10-04T02:00:00Z","2025-10-04T07:00:00+05:00","Asia/Tashkent",41.204655,69.232522,,,,"AirGradient","AirGradient"
4902926,"Sputnik-4","relativehumidity",38.528666687011714,"%","2025-10-04T03:00:00Z","2025-10-04T08:00:00+05:00","Asia/Tashkent",41.204655,69.232522,,,,"AirGradient","AirGradient"
4902926,"Sputnik-4","relativehumidity",35.16091658274332,"%","2025-10-04T04:00:00Z","2025-10-04T09:00:00+05:00","Asia/Tashkent",41.204655,69.232522,,,,"AirGradient","AirGradient"
4902926,"Sputnik-4","relativehumidity",31.75987510151333,"%","2025-10-04T05:00:00Z","2025-10-04T10:00:00+05:00","Asia/Tashkent",41.204655,69.232522,,,,"AirGradient","AirGradient"
4902926,"Sputnik-4","relativehumidity",28.675277691417275,"%","2025-10-04T06:00:00Z","2025-10-04T11:00:00+05:00","Asia/Tashkent",41.204655,69.232522,,,,"AirGradient","AirGradient"
4902926,"Sputnik-4","relativehumidity",27.284958264562817,"%","2025-10-04T08:00:00Z","2025-10-04T13:00:00+05:00","Asia/Tashkent",41.204655,69.232522,,,,"AirGradient","AirGradient"
4902926,"Sputnik-4","relativehumidity",26.35470836162567,"%","2025-10-04T09:00:00Z","2025-10-04T14:00:00+05:00","Asia/Tashkent",41.204655,69.232522,,,,"AirGradient","AirGradient"
4902926,"Sputnik-4","relativehumidity",25.549454657236733,"%","2025-10-04T10:00:00Z","2025-10-04T15:00:00+05:00","Asia/Tashkent",41.204655,69.232522,,,,"AirGradient","AirGradient"
4902926,"Sputnik-4","relativehumidity",25.646291605631514,"%","2025-10-04T11:00:00Z","2025-10-04T16:00:00+05:00","Asia/Tashkent",41.204655,69.232522,,,,"AirGradient","AirGradient"
4902926,"Sputnik-4","relativehumidity",23.496374853452043,"%","2025-10-04T12:00:00Z","2025-10-04T17:00:00+05:00","Asia/Tashkent",41.204655,69.232522,,,,"AirGradient","AirGradient"
4902926,"Sputnik-4","relativehumidity",24.778041672706603,"%","2025-10-04T13:00:00Z","2025-10-04T18:00:00+05:00","Asia/Tashkent",41.204655,69.232522,,,,"AirGradient","AirGradient"
4902926,"Sputnik-4","relativehumidity",27.077958273887635,"%","2025-10-04T14:00:00Z","2025-10-04T19:00:00+05:00","Asia/Tashkent",41.204655,69.232522,,,,"AirGradient","AirGradient"
4902926,"Sputnik-4","relativehumidity",27.684347295761114,"%","2025-10-04T15:00:00Z","2025-10-04T20:00:00+05:00","Asia/Tashkent",41.204655,69.232522,,,,"AirGradient","AirGradient"
4902926,"Sputnik-4","relativehumidity",27.85245833396912,"%","2025-10-04T16:00:00Z","2025-10-04T21:00:00+05:00","Asia/Tashkent",41.204655,69.232522,,,,"AirGradient","AirGradient"
4902926,"Sputnik-4","relativehumidity",28.010527642567954,"%","2025-10-04T17:00:00Z","2025-10-04T22:00:00+05:00","Asia/Tashkent",41.204655,69.232522,,,,"AirGradient","AirGradient"
4902926,"Sputnik-4","relativehumidity",28.080999962488807,"%","2025-10-04T18:00:00Z","2025-10-04T23:00:00+05:00","Asia/Tashkent",41.204655,69.232522,,,,"AirGradient","AirGradient"
4902926,"Sputnik-4","relativehumidity",30.165652680397034,"%","2025-10-04T19:00:00Z","2025-10-05T00:00:00+05:00","Asia/Tashkent",41.204655,69.232522,,,,"AirGradient","AirGradient"
4902926,"Sputnik-4","relativehumidity",34.784458287556966,"%","2025-10-04T20:00:00Z","2025-10-05T01:00:00+05:00","Asia/Tashkent",41.204655,69.232522,,,,"AirGradient","AirGradient"
4902926,"Sputnik-4","relativehumidity",36.4584166791704,"%","2025-10-04T21:00:00Z","2025-10-05T02:00:00+05:00","Asia/Tashkent",41.204655,69.232522,,,,"AirGradient","AirGradient"
4902926,"Sputnik-4","relativehumidity",37.027124881744385,"%","2025-10-04T22:00:00Z","2025-10-05T03:00:00+05:00","Asia/Tashkent",41.204655,69.232522,,,,"AirGradient","AirGradient"
4902926,"Sputnik-4","relativehumidity",39.164000050226846,"%","2025-10-04T23:00:00Z","2025-10-05T04:00:00+05:00","Asia/Tashkent",41.204655,69.232522,,,,"AirGradient","AirGradient"
4902926,"Sputnik-4","relativehumidity",40.06154160499573,"%","2025-10-05T00:00:00Z","2025-10-05T05:00:00+05:00","Asia/Tashkent",41.204655,69.232522,,,,"AirGradient","AirGradient"
4902926,"Sputnik-4","relativehumidity",41.461541732152305,"%","2025-10-05T01:00:00Z","2025-10-05T06:00:00+05:00","Asia/Tashkent",41.204655,69.232522,,,,"AirGradient","AirGradient"
4902926,"Sputnik-4","relativehumidity",41.45283347765605,"%","2025-10-05T02:00:00Z","2025-10-05T07:00:00+05:00","Asia/Tashkent",41.204655,69.232522,,,,"AirGradient","AirGradient"
4902926,"Sputnik-4","relativehumidity",39.285499842961634,"%","2025-10-05T03:00:00Z","2025-10-05T08:00:00+05:00","Asia/Tashkent",41.204655,69.232522,,,,"AirGradient","AirGradient"
4902926,"Sputnik-4","relativehumidity",37.157194487253825,"%","2025-10-05T04:00:00Z","2025-10-05T09:00:00+05:00","Asia/Tashkent",41.204655,69.232522,,,,"AirGradient","AirGradient"
4902926,"Sputnik-4","relativehumidity",34.7037500222524,"%","2025-10-05T05:00:00Z","2025-10-05T10:00:00+05:00","Asia/Tashkent",41.204655,69.232522,,,,"AirGradient","AirGradient"
4902926,"Sputnik-4","relativehumidity",33.169416496488786,"%","2025-10-05T06:00:00Z","2025-10-05T11:00:00+05:00","Asia/Tashkent",41.204655,69.232522,,,,"AirGradient","AirGradient"
4902926,"Sputnik-4","relativehumidity",30.243250099817914,"%","2025-10-05T07:00:00Z","2025-10-05T12:00:00+05:00","Asia/Tashkent",41.204655,69.232522,,,,"AirGradient","AirGradient"
4902926,"Sputnik-4","relativehumidity",28.27462492783864,"%","2025-10-05T08:00:00Z","2025-10-05T13:00:00+05:00","Asia/Tashkent",41.204655,69.232522,,,,"AirGradient","AirGradient"
4902926,"Sputnik-4","relativehumidity",28.105708297093713,"%","2025-10-05T09:00:00Z","2025-10-05T14:00:00+05:00","Asia/Tashkent",41.204655,69.232522,,,,"AirGradient","AirGradient"
4902926,"Sputnik-4","relativehumidity",26.68012507756551,"%","2025-10-05T10:00:00Z","2025-10-05T15:00:00+05:00","Asia/Tashkent",41.204655,69.232522,,,,"AirGradient","AirGradient"
4902926,"Sputnik-4","relativehumidity",26.07699991067251,"%","2025-10-05T11:00:00Z","2025-10-05T16:00:00+05:00","Asia/Tashkent",41.204655,69.232522,,,,"AirGradient","AirGradient"
4902926,"Sputnik-4","relativehumidity",23.600222317377728,"%","2025-10-05T12:00:00Z","2025-10-05T17:00:00+05:00","Asia/Tashkent",41.204655,69.232522,,,,"AirGradient","AirGradient"
4902926,"Sputnik-4","relativehumidity",26.24316664536794,"%","2025-10-05T13:00:00Z","2025-10-05T18:00:00+05:00","Asia/Tashkent",41.204655,69.232522,,,,"AirGradient","AirGradient"
4902926,"Sputnik-4","relativehumidity",32.064181700619784,"%","2025-10-05T14:00:00Z","2025-10-05T19:00:00+05:00","Asia/Tashkent",41.204655,69.232522,,,,"AirGradient","AirGradient"
4902926,"Sputnik-4","relativehumidity",34.63171252048377,"%","2025-10-05T15:00:00Z","2025-10-05T20:00:00+05:00","Asia/Tashkent",41.204655,69.232522,,,,"AirGradient","AirGradient"
4902926,"Sputnik-4","relativehumidity",36.43168043030633,"%","2025-10-05T16:00:00Z","2025-10-05T21:00:00+05:00","Asia/Tashkent",41.204655,69.232522,,,,"AirGradient","AirGradient"
4902926,"Sputnik-4","relativehumidity",37.51258351008098,"%","2025-10-05T17:00:00Z","2025-10-05T22:00:00+05:00","Asia/Tashkent",41.204655,69.232522,,,,"AirGradient","AirGradient"
4902926,"Sputnik-4","relativehumidity",37.78366656303405,"%","2025-10-05T18:00:00Z","2025-10-05T23:00:00+05:00","Asia/Tashkent",41.204655,69.232522,,,,"AirGradient","AirGradient"
4902926,"Sputnik-4","relativehumidity",37.55183356602986,"%","2025-10-05T19:00:00Z","2025-10-06T00:00:00+05:00","Asia/Tashkent",41.204655,69.232522,,,,"AirGradient","AirGradient"
4902926,"Sputnik-4","relativehumidity",37.432722335391574,"%","2025-10-05T20:00:00Z","2025-10-06T01:00:00+05:00","Asia/Tashkent",41.204655,69.232522,,,,"AirGradient","AirGradient"
4902926,"Sputnik-4","relativehumidity",38.27144442134433,"%","2025-10-05T21:00:00Z","2025-10-06T02:00:00+05:00","Asia/Tashkent",41.204655,69.232522,,,,"AirGradient","AirGradient"
4902926,"Sputnik-4","relativehumidity",39.1047499815623,"%","2025-10-05T22:00:00Z","2025-10-06T03:00:00+05:00","Asia/Tashkent",41.204655,69.232522,,,,"AirGradient","AirGradient"
4902926,"Sputnik-4","relativehumidity",39.83583342234294,"%","2025-10-05T23:00:00Z","2025-10-06T04:00:00+05:00","Asia/Tashkent",41.204655,69.232522,,,,"AirGradient","AirGradient"
4902926,"Sputnik-4","relativehumidity",39.690541632970174,"%","2025-10-06T00:00:00Z","2025-10-06T05:00:00+05:00","Asia/Tashkent",41.204655,69.232522,,,,"AirGradient","AirGradient"
4902926,"Sputnik-4","relativehumidity",39.64693077405293,"%","2025-10-06T01:00:00Z","2025-10-06T06:00:00+05:00","Asia/Tashkent",41.204655,69.232522,,,,"AirGradient","AirGradient"
4902926,"Sputnik-4","relativehumidity",38.45345815022787,"%","2025-10-06T02:00:00Z","2025-10-06T07:00:00+05:00","Asia/Tashkent",41.204655,69.232522,,,,"AirGradient","AirGradient"
4902926,"Sputnik-4","relativehumidity",36.95220795207553,"%","2025-10-06T03:00:00Z","2025-10-06T08:00:00+05:00","Asia/Tashkent",41.204655,69.232522,,,,"AirGradient","AirGradient"
4902926,"Sputnik-4","relativehumidity",34.053499709235304,"%","2025-10-06T04:00:00Z","2025-10-06T09:00:00+05:00","Asia/Tashkent",41.204655,69.232522,,,,"AirGradient","AirGradient"
4902926,"Sputnik-4","relativehumidity",32.01680551369984,"%","2025-10-06T05:00:00Z","2025-10-06T10:00:00+05:00","Asia/Tashkent",41.204655,69.232522,,,,"AirGradient","AirGradient"
4902926,"Sputnik-4","relativehumidity",29.890041716893517,"%","2025-10-06T06:00:00Z","2025-10-06T11:00:00+05:00","Asia/Tashkent",41.204655,69.232522,,,,"AirGradient","AirGradient"
4902926,"Sputnik-4","relativehumidity",28.189916557735867,"%","2025-10-06T07:00:00Z","2025-10-06T12:00:00+05:00","Asia/Tashkent",41.204655,69.232522,,,,"AirGradient","AirGradient"
4902926,"Sputnik-4","relativehumidity",27.161013862821793,"%","2025-10-06T08:00:00Z","2025-10-06T13:00:00+05:00","Asia/Tashkent",41.204655,69.232522,,,,"AirGradient","AirGradient"
4902926,"Sputnik-4","relativehumidity",26.405374900499982,"%","2025-10-06T09:00:00Z","2025-10-06T14:00:00+05:00","Asia/Tashkent",41.204655,69.232522,,,,"AirGradient","AirGradient"
4902926,"Sputnik-4","relativehumidity",26.00166680018107,"%","2025-10-06T10:00:00Z","2025-10-06T15:00:00+05:00","Asia/Tashkent",41.204655,69.232522,,,,"AirGradient","AirGradient"
4902926,"Sputnik-4","relativehumidity",25.823902742067975,"%","2025-10-06T11:00:00Z","2025-10-06T16:00:00+05:00","Asia/Tashkent",41.204655,69.232522,,,,"AirGradient","AirGradient"
4902926,"Sputnik-4","relativehumidity",23.372083338101703,"%","2025-10-06T12:00:00Z","2025-10-06T17:00:00+05:00","Asia/Tashkent",41.204655,69.232522,,,,"AirGradient","AirGradient"
4902926,"Sputnik-4","relativehumidity",24.786819458007812,"%","2025-10-06T13:00:00Z","2025-10-06T18:00:00+05:00","Asia/Tashkent",41.204655,69.232522,,,,"AirGradient","AirGradient"
4902926,"Sputnik-4","relativehumidity",27.889097240236072,"%","2025-10-06T14:00:00Z","2025-10-06T19:00:00+05:00","Asia/Tashkent",41.204655,69.232522,,,,"AirGradient","AirGradient"
4902926,"Sputnik-4","relativehumidity",27.71616641680399,"%","2025-10-06T15:00:00Z","2025-10-06T20:00:00+05:00","Asia/Tashkent",41.204655,69.232522,,,,"AirGradient","AirGradient"
4902926,"Sputnik-4","relativehumidity",29.551222218407528,"%","2025-10-06T16:00:00Z","2025-10-06T21:00:00+05:00","Asia/Tashkent",41.204655,69.232522,,,,"AirGradient","AirGradient"
4902926,"Sputnik-4","relativehumidity",33.403708124160765,"%","2025-10-06T17:00:00Z","2025-10-06T22:00:00+05:00","Asia/Tashkent",41.204655,69.232522,,,,"AirGradient","AirGradient"
4902926,"Sputnik-4","relativehumidity",35.941208299001055,"%","2025-10-06T18:00:00Z","2025-10-06T23:00:00+05:00","Asia/Tashkent",41.204655,69.232522,,,,"AirGradient","AirGradient"
4902926,"Sputnik-4","relativehumidity",36.755541706085204,"%","2025-10-06T19:00:00Z","2025-10-07T00:00:00+05:00","Asia/Tashkent",41.204655,69.232522,,,,"AirGradient","AirGradient"
4902926,"Sputnik-4","relativehumidity",36.81895813941956,"%","2025-10-06T20:00:00Z","2025-10-07T01:00:00+05:00","Asia/Tashkent",41.204655,69.232522,,,,"AirGradient","AirGradient"
4902926,"Sputnik-4","relativehumidity",37.02883324623108,"%","2025-10-06T21:00:00Z","2025-10-07T02:00:00+05:00","Asia/Tashkent",41.204655,69.232522,,,,"AirGradient","AirGradient"
4902926,"Sputnik-4","relativehumidity",37.42116641998291,"%","2025-10-06T22:00:00Z","2025-10-07T03:00:00+05:00","Asia/Tashkent",41.204655,69.232522,,,,"AirGradient","AirGradient"
4902926,"Sputnik-4","relativehumidity",38.647916555404656,"%","2025-10-06T23:00:00Z","2025-10-07T04:00:00+05:00","Asia/Tashkent",41.204655,69.232522,,,,"AirGradient","AirGradient"
4902926,"Sputnik-4","relativehumidity",38.71945818265279,"%","2025-10-07T00:00:00Z","2025-10-07T05:00:00+05:00","Asia/Tashkent",41.204655,69.232522,,,,"AirGradient","AirGradient"
4902926,"Sputnik-4","relativehumidity",39.43195837338765,"%","2025-10-07T01:00:00Z","2025-10-07T06:00:00+05:00","Asia/Tashkent",41.204655,69.232522,,,,"AirGradient","AirGradient"
4902926,"Sputnik-4","relativehumidity",39.59770851135254,"%","2025-10-07T02:00:00Z","2025-10-07T07:00:00+05:00","Asia/Tashkent",41.204655,69.232522,,,,"AirGradient","AirGradient"
4902926,"Sputnik-4","relativehumidity",38.50543044937981,"%","2025-10-07T03:00:00Z","2025-10-07T08:00:00+05:00","Asia/Tashkent",41.204655,69.232522,,,,"AirGradient","AirGradient"
4902926,"Sputnik-4","relativehumidity",33.85404160817465,"%","2025-10-07T04:00:00Z","2025-10-07T09:00:00+05:00","Asia/Tashkent",41.204655,69.232522,,,,"AirGradient","AirGradient"
4902926,"Sputnik-4","relativehumidity",29.518458406130474,"%","2025-10-07T05:00:00Z","2025-10-07T10:00:00+05:00","Asia/Tashkent",41.204655,69.232522,,,,"AirGradient","AirGradient"
4902926,"Sputnik-4","relativehumidity",26.08799997170766,"%","2025-10-07T06:00:00Z","2025-10-07T11:00:00+05:00","Asia/Tashkent",41.204655,69.232522,,,,"AirGradient","AirGradient"
4902926,"Sputnik-4","relativehumidity",25.464458370208742,"%","2025-10-07T07:00:00Z","2025-10-07T12:00:00+05:00","Asia/Tashkent",41.204655,69.232522,,,,"AirGradient","AirGradient"
4902926,"Sputnik-4","relativehumidity",24.217097128762138,"%","2025-10-07T08:00:00Z","2025-10-07T13:00:00+05:00","Asia/Tashkent",41.204655,69.232522,,,,"AirGradient","AirGradient"
4902926,"Sputnik-4","relativehumidity",23.036139003435768,"%","2025-10-07T09:00:00Z","2025-10-07T14:00:00+05:00","Asia/Tashkent",41.204655,69.232522,,,,"AirGradient","AirGradient"
4902926,"Sputnik-4","relativehumidity",22.05619440343645,"%","2025-10-07T10:00:00Z","2025-10-07T15:00:00+05:00","Asia/Tashkent",41.204655,69.232522,,,,"AirGradient","AirGradient"
4902926,"Sputnik-4","relativehumidity",21.525583412912155,"%","2025-10-07T11:00:00Z","2025-10-07T16:00:00+05:00","Asia/Tashkent",41.204655,69.232522,,,,"AirGradient","AirGradient"
4902926,"Sputnik-4","relativehumidity",20.03531935479906,"%","2025-10-07T12:00:00Z","2025-10-07T17:00:00+05:00","Asia/Tashkent",41.204655,69.232522,,,,"AirGradient","AirGradient"
4902926,"Sputnik-4","relativehumidity",19.144954525340687,"%","2025-10-07T13:00:00Z","2025-10-07T18:00:00+05:00","Asia/Tashkent",41.204655,69.232522,,,,"AirGradient","AirGradient"
4902926,"Sputnik-4","relativehumidity",21.066305496957565,"%","2025-10-07T14:00:00Z","2025-10-07T19:00:00+05:00","Asia/Tashkent",41.204655,69.232522,,,,"AirGradient","AirGradient"
4902926,"Sputnik-4","relativehumidity",22.745791618029276,"%","2025-10-07T15:00:00Z","2025-10-07T20:00:00+05:00","Asia/Tashkent",41.204655,69.232522,,,,"AirGradient","AirGradient"
4902926,"Sputnik-4","relativehumidity",23.086291723781162,"%","2025-10-07T16:00:00Z","2025-10-07T21:00:00+05:00","Asia/Tashkent",41.204655,69.232522,,,,"AirGradient","AirGradient"
4902926,"Sputnik-4","relativehumidity",22.66488333384196,"%","2025-10-07T17:00:00Z","2025-10-07T22:00:00+05:00","Asia/Tashkent",41.204655,69.232522,,,,"AirGradient","AirGradient"
4902926,"Sputnik-4","relativehumidity",23.497041532728407,"%","2025-10-07T18:00:00Z","2025-10-07T23:00:00+05:00","Asia/Tashkent",41.204655,69.232522,,,,"AirGradient","AirGradient"
4902926,"Sputnik-4","relativehumidity",27.11280569765303,"%","2025-10-07T19:00:00Z","2025-10-08T00:00:00+05:00","Asia/Tashkent",41.204655,69.232522,,,,"AirGradient","AirGradient"
4902926,"Sputnik-4","relativehumidity",29.57856948905521,"%","2025-10-07T20:00:00Z","2025-10-08T01:00:00+05:00","Asia/Tashkent",41.204655,69.232522,,,,"AirGradient","AirGradient"
4902926,"Sputnik-4","relativehumidity",30.47004166444142,"%","2025-10-07T21:00:00Z","2025-10-08T02:00:00+05:00","Asia/Tashkent",41.204655,69.232522,,,,"AirGradient","AirGradient"
4902926,"Sputnik-4","relativehumidity",31.9502081155777,"%","2025-10-07T22:00:00Z","2025-10-08T03:00:00+05:00","Asia/Tashkent",41.204655,69.232522,,,,"AirGradient","AirGradient"
4902926,"Sputnik-4","relativehumidity",32.34483366012574,"%","2025-10-07T23:00:00Z","2025-10-08T04:00:00+05:00","Asia/Tashkent",41.204655,69.232522,,,,"AirGradient","AirGradient"
4902926,"Sputnik-4","relativehumidity",31.28433337211609,"%","2025-10-08T00:00:00Z","2025-10-08T05:00:00+05:00","Asia/Tashkent",41.204655,69.232522,,,,"AirGradient","AirGradient"
4902926,"Sputnik-4","relativehumidity",33.15966661771138,"%","2025-10-08T01:00:00Z","2025-10-08T06:00:00+05:00","Asia/Tashkent",41.204655,69.232522,,,,"AirGradient","AirGradient"
4902926,"Sputnik-4","relativehumidity",32.52845832506816,"%","2025-10-08T02:00:00Z","2025-10-08T07:00:00+05:00","Asia/Tashkent",41.204655,69.232522,,,,"AirGradient","AirGradient"
4902926,"Sputnik-4","relativehumidity",32.84787497520447,"%","2025-10-08T03:00:00Z","2025-10-08T08:00:00+05:00","Asia/Tashkent",41.204655,69.232522,,,,"AirGradient","AirGradient"
4902926,"Sputnik-4","relativehumidity",30.97777782546149,"%","2025-10-08T04:00:00Z","2025-10-08T09:00:00+05:00","Asia/Tashkent",41.204655,69.232522,,,,"AirGradient","AirGradient"
4902926,"Sputnik-4","relativehumidity",27.407750097910565,"%","2025-10-08T05:00:00Z","2025-10-08T10:00:00+05:00","Asia/Tashkent",41.204655,69.232522,,,,"AirGradient","AirGradient"
4902926,"Sputnik-4","relativehumidity",24.824833393096924,"%","2025-10-08T06:00:00Z","2025-10-08T11:00:00+05:00","Asia/Tashkent",41.204655,69.232522,,,,"AirGradient","AirGradient"
4902926,"Sputnik-4","relativehumidity",22.651958227157593,"%","2025-10-08T07:00:00Z","2025-10-08T12:00:00+05:00","Asia/Tashkent",41.204655,69.232522,,,,"AirGradient","AirGradient"
4902926,"Sputnik-4","relativehumidity",21.533416761292354,"%","2025-10-08T08:00:00Z","2025-10-08T13:00:00+05:00","Asia/Tashkent",41.204655,69.232522,,,,"AirGradient","AirGradient"
4902926,"Sputnik-4","relativehumidity",22.11645842923058,"%","2025-10-08T09:00:00Z","2025-10-08T14:00:00+05:00","Asia/Tashkent",41.204655,69.232522,,,,"AirGradient","AirGradient"
4902926,"Sputnik-4","relativehumidity",22.68863874806298,"%","2025-10-08T10:00:00Z","2025-10-08T15:00:00+05:00","Asia/Tashkent",41.204655,69.232522,,,,"AirGradient","AirGradient"
4902926,"Sputnik-4","relativehumidity",22.439166644414264,"%","2025-10-08T11:00:00Z","2025-10-08T16:00:00+05:00","Asia/Tashkent",41.204655,69.232522,,,,"AirGradient","AirGradient"
4902926,"Sputnik-4","relativehumidity",20.896212043184224,"%","2025-10-08T12:00:00Z","2025-10-08T17:00:00+05:00","Asia/Tashkent",41.204655,69.232522,,,,"AirGradient","AirGradient"
4902926,"Sputnik-4","relativehumidity",21.968791707356772,"%","2025-10-08T13:00:00Z","2025-10-08T18:00:00+05:00","Asia/Tashkent",41.204655,69.232522,,,,"AirGradient","AirGradient"
4902926,"Sputnik-4","relativehumidity",24.6588891170643,"%","2025-10-08T14:00:00Z","2025-10-08T19:00:00+05:00","Asia/Tashkent",41.204655,69.232522,,,,"AirGradient","AirGradient"
4902926,"Sputnik-4","relativehumidity",24.159545363801897,"%","2025-10-08T15:00:00Z","2025-10-08T20:00:00+05:00","Asia/Tashkent",41.204655,69.232522,,,,"AirGradient","AirGradient"
4902926,"Sputnik-4","relativehumidity",24.158818106217815,"%","2025-10-08T16:00:00Z","2025-10-08T21:00:00+05:00","Asia/Tashkent",41.204655,69.232522,,,,"AirGradient","AirGradient"
4902926,"Sputnik-4","relativehumidity",24.374194561110603,"%","2025-10-08T17:00:00Z","2025-10-08T22:00:00+05:00","Asia/Tashkent",41.204655,69.232522,,,,"AirGradient","AirGradient"
4902926,"Sputnik-4","relativehumidity",25.381388772858514,"%","2025-10-08T18:00:00Z","2025-10-08T23:00:00+05:00","Asia/Tashkent",41.204655,69.232522,,,,"AirGradient","AirGradient"
4902926,"Sputnik-4","relativehumidity",28.217575749483977,"%","2025-10-08T19:00:00Z","2025-10-09T00:00:00+05:00","Asia/Tashkent",41.204655,69.232522,,,,"AirGradient","AirGradient"
4902926,"Sputnik-4","relativehumidity",31.306652625401814,"%","2025-10-08T20:00:00Z","2025-10-09T01:00:00+05:00","Asia/Tashkent",41.204655,69.232522,,,,"AirGradient","AirGradient"
4902926,"Sputnik-4","relativehumidity",32.24391665988498,"%","2025-10-08T21:00:00Z","2025-10-09T02:00:00+05:00","Asia/Tashkent",41.204655,69.232522,,,,"AirGradient","AirGradient"
4902926,"Sputnik-4","relativehumidity",32.3254166285197,"%","2025-10-08T22:00:00Z","2025-10-09T03:00:00+05:00","Asia/Tashkent",41.204655,69.232522,,,,"AirGradient","AirGradient"
4902926,"Sputnik-4","relativehumidity",32.28183312416076,"%","2025-10-08T23:00:00Z","2025-10-09T04:00:00+05:00","Asia/Tashkent",41.204655,69.232522,,,,"AirGradient","AirGradient"
4902926,"Sputnik-4","relativehumidity",32.00924989912245,"%","2025-10-09T00:00:00Z","2025-10-09T05:00:00+05:00","Asia/Tashkent",41.204655,69.232522,,,,"AirGradient","AirGradient"
4902926,"Sputnik-4","relativehumidity",31.73345836003621,"%","2025-10-09T01:00:00Z","2025-10-09T06:00:00+05:00","Asia/Tashkent",41.204655,69.232522,,,,"AirGradient","AirGradient"
4902926,"Sputnik-4","relativehumidity",32.206208475430806,"%","2025-10-09T02:00:00Z","2025-10-09T07:00:00+05:00","Asia/Tashkent",41.204655,69.232522,,,,"AirGradient","AirGradient"
4902926,"Sputnik-4","relativehumidity",30.66766667895847,"%","2025-10-09T03:00:00Z","2025-10-09T08:00:00+05:00","Asia/Tashkent",41.204655,69.232522,,,,"AirGradient","AirGradient"
4902926,"Sputnik-4","relativehumidity",28.57450000445048,"%","2025-10-09T04:00:00Z","2025-10-09T09:00:00+05:00","Asia/Tashkent",41.204655,69.232522,,,,"AirGradient","AirGradient"
4902926,"Sputnik-4","relativehumidity",25.624583284060165,"%","2025-10-09T05:00:00Z","2025-10-09T10:00:00+05:00","Asia/Tashkent",41.204655,69.232522,,,,"AirGradient","AirGradient"
4902926,"Sputnik-4","relativehumidity",23.772708384195962,"%","2025-10-09T06:00:00Z","2025-10-09T11:00:00+05:00","Asia/Tashkent",41.204655,69.232522,,,,"AirGradient","AirGradient"
4902926,"Sputnik-4","relativehumidity",23.748944412337412,"%","2025-10-09T07:00:00Z","2025-10-09T12:00:00+05:00","Asia/Tashkent",41.204655,69.232522,,,,"AirGradient","AirGradient"
4902926,"Sputnik-4","relativehumidity",23.48729159037272,"%","2025-10-09T08:00:00Z","2025-10-09T13:00:00+05:00","Asia/Tashkent",41.204655,69.232522,,,,"AirGradient","AirGradient"
4902926,"Sputnik-4","relativehumidity",20.54368060429891,"%","2025-10-09T09:00:00Z","2025-10-09T14:00:00+05:00","Asia/Tashkent",41.204655,69.232522,,,,"AirGradient","AirGradient"
4902926,"Sputnik-4","relativehumidity",19.90968060758379,"%","2025-10-09T10:00:00Z","2025-10-09T15:00:00+05:00","Asia/Tashkent",41.204655,69.232522,,,,"AirGradient","AirGradient"
4902926,"Sputnik-4","relativehumidity",20.13806949191623,"%","2025-10-09T11:00:00Z","2025-10-09T16:00:00+05:00","Asia/Tashkent",41.204655,69.232522,,,,"AirGradient","AirGradient"
4902926,"Sputnik-4","relativehumidity",20.179374909400938,"%","2025-10-09T12:00:00Z","2025-10-09T17:00:00+05:00","Asia/Tashkent",41.204655,69.232522,,,,"AirGradient","AirGradient"
4902926,"Sputnik-4","relativehumidity",23.199666651089984,"%","2025-10-09T13:00:00Z","2025-10-09T18:00:00+05:00","Asia/Tashkent",41.204655,69.232522,,,,"AirGradient","AirGradient"
4902926,"Sputnik-4","relativehumidity",25.185933310190837,"%","2025-10-09T14:00:00Z","2025-10-09T19:00:00+05:00","Asia/Tashkent",41.204655,69.232522,,,,"AirGradient","AirGradient"
4902926,"Sputnik-4","relativehumidity",26.375958334075076,"%","2025-10-09T15:00:00Z","2025-10-09T20:00:00+05:00","Asia/Tashkent",41.204655,69.232522,,,,"AirGradient","AirGradient"
4902926,"Sputnik-4","relativehumidity",27.43338888751136,"%","2025-10-09T16:00:00Z","2025-10-09T21:00:00+05:00","Asia/Tashkent",41.204655,69.232522,,,,"AirGradient","AirGradient"
4902926,"Sputnik-4","relativehumidity",31.224819498591955,"%","2025-10-09T17:00:00Z","2025-10-09T22:00:00+05:00","Asia/Tashkent",41.204655,69.232522,,,,"AirGradient","AirGradient"
4902926,"Sputnik-4","relativehumidity",31.16012505160438,"%","2025-10-09T18:00:00Z","2025-10-09T23:00:00+05:00","Asia/Tashkent",41.204655,69.232522,,,,"AirGradient","AirGradient"
4902926,"Sputnik-4","relativehumidity",32.614152773221335,"%","2025-10-09T19:00:00Z","2025-10-10T00:00:00+05:00","Asia/Tashkent",41.204655,69.232522,,,,"AirGradient","AirGradient"
4902926,"Sputnik-4","relativehumidity",32.66868053542243,"%","2025-10-09T20:00:00Z","2025-10-10T01:00:00+05:00","Asia/Tashkent",41.204655,69.232522,,,,"AirGradient","AirGradient"
4902926,"Sputnik-4","relativehumidity",33.21049993832906,"%","2025-10-09T21:00:00Z","2025-10-10T02:00:00+05:00","Asia/Tashkent",41.204655,69.232522,,,,"AirGradient","AirGradient"
4902926,"Sputnik-4","relativehumidity",32.52133328119914,"%","2025-10-09T22:00:00Z","2025-10-10T03:00:00+05:00","Asia/Tashkent",41.204655,69.232522,,,,"AirGradient","AirGradient"
4902926,"Sputnik-4","relativehumidity",34.55162518289354,"%","2025-10-09T23:00:00Z","2025-10-10T04:00:00+05:00","Asia/Tashkent",41.204655,69.232522,,,,"AirGradient","AirGradient"
4902926,"Sputnik-4","relativehumidity",33.217041635513304,"%","2025-10-10T00:00:00Z","2025-10-10T05:00:00+05:00","Asia/Tashkent",41.204655,69.232522,,,,"AirGradient","AirGradient"
4902926,"Sputnik-4","relativehumidity",33.13499972025553,"%","2025-10-10T01:00:00Z","2025-10-10T06:00:00+05:00","Asia/Tashkent",41.204655,69.232522,,,,"AirGradient","AirGradient"
4902926,"Sputnik-4","relativehumidity",34.67959713406033,"%","2025-10-10T02:00:00Z","2025-10-10T07:00:00+05:00","Asia/Tashkent",41.204655,69.232522,,,,"AirGradient","AirGradient"
4902926,"Sputnik-4","relativehumidity",34.71925035582648,"%","2025-10-10T03:00:00Z","2025-10-10T08:00:00+05:00","Asia/Tashkent",41.204655,69.232522,,,,"AirGradient","AirGradient"
4902926,"Sputnik-4","relativehumidity",34.963500245412185,"%","2025-10-10T04:00:00Z","2025-10-10T09:00:00+05:00","Asia/Tashkent",41.204655,69.232522,,,,"AirGradient","AirGradient"
4902926,"Sputnik-4","relativehumidity",33.73309728304545,"%","2025-10-10T05:00:00Z","2025-10-10T10:00:00+05:00","Asia/Tashkent",41.204655,69.232522,,,,"AirGradient","AirGradient"
4902926,"Sputnik-4","relativehumidity",30.832208336724175,"%","2025-10-10T06:00:00Z","2025-10-10T11:00:00+05:00","Asia/Tashkent",41.204655,69.232522,,,,"AirGradient","AirGradient"
4902926,"Sputnik-4","relativehumidity",28.94781942632463,"%","2025-10-10T07:00:00Z","2025-10-10T12:00:00+05:00","Asia/Tashkent",41.204655,69.232522,,,,"AirGradient","AirGradient"
4902926,"Sputnik-4","relativehumidity",27.91744429535336,"%","2025-10-10T08:00:00Z","2025-10-10T13:00:00+05:00","Asia/Tashkent",41.204655,69.232522,,,,"AirGradient","AirGradient"
4902926,"Sputnik-4","relativehumidity",27.270875069830154,"%","2025-10-10T09:00:00Z","2025-10-10T14:00:00+05:00","Asia/Tashkent",41.204655,69.232522,,,,"AirGradient","AirGradient"
4902926,"Sputnik-4","relativehumidity",25.447041710217793,"%","2025-10-10T10:00:00Z","2025-10-10T15:00:00+05:00","Asia/Tashkent",41.204655,69.232522,,,,"AirGradient","AirGradient"
4902926,"Sputnik-4","relativehumidity",23.582847187254163,"%","2025-10-10T11:00:00Z","2025-10-10T16:00:00+05:00","Asia/Tashkent",41.204655,69.232522,,,,"AirGradient","AirGradient"
4902926,"Sputnik-4","relativehumidity",22.12156942685445,"%","2025-10-10T12:00:00Z","2025-10-10T17:00:00+05:00","Asia/Tashkent",41.204655,69.232522,,,,"AirGradient","AirGradient"
4902926,"Sputnik-4","relativehumidity",24.382513851589625,"%","2025-10-10T13:00:00Z","2025-10-10T18:00:00+05:00","Asia/Tashkent",41.204655,69.232522,,,,"AirGradient","AirGradient"
4902926,"Sputnik-4","relativehumidity",27.354111319118076,"%","2025-10-10T14:00:00Z","2025-10-10T19:00:00+05:00","Asia/Tashkent",41.204655,69.232522,,,,"AirGradient","AirGradient"
4902926,"Sputnik-4","relativehumidity",29.844666647911072,"%","2025-10-10T15:00:00Z","2025-10-10T20:00:00+05:00","Asia/Tashkent",41.204655,69.232522,,,,"AirGradient","AirGradient"
4902926,"Sputnik-4","relativehumidity",32.20983311335246,"%","2025-10-10T16:00:00Z","2025-10-10T21:00:00+05:00","Asia/Tashkent",41.204655,69.232522,,,,"AirGradient","AirGradient"
4902926,"Sputnik-4","relativehumidity",34.18713621081728,"%","2025-10-10T17:00:00Z","2025-10-10T22:00:00+05:00","Asia/Tashkent",41.204655,69.232522,,,,"AirGradient","AirGradient"
4902926,"Sputnik-4","relativehumidity",35.41187478701274,"%","2025-10-10T18:00:00Z","2025-10-10T23:00:00+05:00","Asia/Tashkent",41.204655,69.232522,,,,"AirGradient","AirGradient"
4902926,"Sputnik-4","relativehumidity",34.85829156239827,"%","2025-10-10T19:00:00Z","2025-10-11T00:00:00+05:00","Asia/Tashkent",41.204655,69.232522,,,,"AirGradient","AirGradient"
4902926,"Sputnik-4","relativehumidity",36.04341677029928,"%","2025-10-10T20:00:00Z","2025-10-11T01:00:00+05:00","Asia/Tashkent",41.204655,69.232522,,,,"AirGradient","AirGradient"
4902926,"Sputnik-4","relativehumidity",36.321666701634726,"%","2025-10-10T21:00:00Z","2025-10-11T02:00:00+05:00","Asia/Tashkent",41.204655,69.232522,,,,"AirGradient","AirGradient"
4902926,"Sputnik-4","relativehumidity",36.37520837783814,"%","2025-10-10T22:00:00Z","2025-10-11T03:00:00+05:00","Asia/Tashkent",41.204655,69.232522,,,,"AirGradient","AirGradient"
4902926,"Sputnik-4","relativehumidity",35.508166758219396,"%","2025-10-10T23:00:00Z","2025-10-11T04:00:00+05:00","Asia/Tashkent",41.204655,69.232522,,,,"AirGradient","AirGradient"
4902926,"Sputnik-4","relativehumidity",36.31612491607665,"%","2025-10-11T00:00:00Z","2025-10-11T05:00:00+05:00","Asia/Tashkent",41.204655,69.232522,,,,"AirGradient","AirGradient"
4902926,"Sputnik-4","relativehumidity",36.61249996821086,"%","2025-10-11T01:00:00Z","2025-10-11T06:00:00+05:00","Asia/Tashkent",41.204655,69.232522,,,,"AirGradient","AirGradient"
4902926,"Sputnik-4","relativehumidity",37.33583318392436,"%","2025-10-11T02:00:00Z","2025-10-11T07:00:00+05:00","Asia/Tashkent",41.204655,69.232522,,,,"AirGradient","AirGradient"
4902926,"Sputnik-4","relativehumidity",35.55633328225878,"%","2025-10-11T03:00:00Z","2025-10-11T08:00:00+05:00","Asia/Tashkent",41.204655,69.232522,,,,"AirGradient","AirGradient"
4902926,"Sputnik-4","relativehumidity",32.75199977556864,"%","2025-10-11T04:00:00Z","2025-10-11T09:00:00+05:00","Asia/Tashkent",41.204655,69.232522,,,,"AirGradient","AirGradient"
4902926,"Sputnik-4","relativehumidity",28.773833401997887,"%","2025-10-11T05:00:00Z","2025-10-11T10:00:00+05:00","Asia/Tashkent",41.204655,69.232522,,,,"AirGradient","AirGradient"
4902926,"Sputnik-4","relativehumidity",26.88356945779589,"%","2025-10-11T06:00:00Z","2025-10-11T11:00:00+05:00","Asia/Tashkent",41.204655,69.232522,,,,"AirGradient","AirGradient"
4902926,"Sputnik-4","relativehumidity",24.24938891728719,"%","2025-10-11T07:00:00Z","2025-10-11T12:00:00+05:00","Asia/Tashkent",41.204655,69.232522,,,,"AirGradient","AirGradient"
4902926,"Sputnik-4","relativehumidity",21.320208260748124,"%","2025-10-11T08:00:00Z","2025-10-11T13:00:00+05:00","Asia/Tashkent",41.204655,69.232522,,,,"AirGradient","AirGradient"
4902926,"Sputnik-4","relativehumidity",19.884348476294313,"%","2025-10-11T09:00:00Z","2025-10-11T14:00:00+05:00","Asia/Tashkent",41.204655,69.232522,,,,"AirGradient","AirGradient"
4902926,"Sputnik-4","relativehumidity",20.179902932378983,"%","2025-10-11T10:00:00Z","2025-10-11T15:00:00+05:00","Asia/Tashkent",41.204655,69.232522,,,,"AirGradient","AirGradient"
4902926,"Sputnik-4","relativehumidity",20.863999909824795,"%","2025-10-11T11:00:00Z","2025-10-11T16:00:00+05:00","Asia/Tashkent",41.204655,69.232522,,,,"AirGradient","AirGradient"
4902926,"Sputnik-4","relativehumidity",21.15253024823738,"%","2025-10-11T13:00:00Z","2025-10-11T18:00:00+05:00","Asia/Tashkent",41.204655,69.232522,,,,"AirGradient","AirGradient"
4902926,"Sputnik-4","relativehumidity",22.421416650878058,"%","2025-10-11T14:00:00Z","2025-10-11T19:00:00+05:00","Asia/Tashkent",41.204655,69.232522,,,,"AirGradient","AirGradient"
4902926,"Sputnik-4","relativehumidity",23.010069248411394,"%","2025-10-11T15:00:00Z","2025-10-11T20:00:00+05:00","Asia/Tashkent",41.204655,69.232522,,,,"AirGradient","AirGradient"
4902926,"Sputnik-4","relativehumidity",29.285041620996264,"%","2025-10-11T16:00:00Z","2025-10-11T21:00:00+05:00","Asia/Tashkent",41.204655,69.232522,,,,"AirGradient","AirGradient"
4902926,"Sputnik-4","relativehumidity",30.276666593551635,"%","2025-10-11T17:00:00Z","2025-10-11T22:00:00+05:00","Asia/Tashkent",41.204655,69.232522,,,,"AirGradient","AirGradient"
4902926,"Sputnik-4","relativehumidity",28.906375034650164,"%","2025-10-11T18:00:00Z","2025-10-11T23:00:00+05:00","Asia/Tashkent",41.204655,69.232522,,,,"AirGradient","AirGradient"
4902926,"Sputnik-4","relativehumidity",29.242874908447263,"%","2025-10-11T19:00:00Z","2025-10-12T00:00:00+05:00","Asia/Tashkent",41.204655,69.232522,,,,"AirGradient","AirGradient"
4902926,"Sputnik-4","relativehumidity",28.351333228747052,"%","2025-10-11T20:00:00Z","2025-10-12T01:00:00+05:00","Asia/Tashkent",41.204655,69.232522,,,,"AirGradient","AirGradient"
4902926,"Sputnik-4","relativehumidity",26.750833368301397,"%","2025-10-11T21:00:00Z","2025-10-12T02:00:00+05:00","Asia/Tashkent",41.204655,69.232522,,,,"AirGradient","AirGradient"
4902926,"Sputnik-4","relativehumidity",26.10883332623376,"%","2025-10-11T22:00:00Z","2025-10-12T03:00:00+05:00","Asia/Tashkent",41.204655,69.232522,,,,"AirGradient","AirGradient"
4902926,"Sputnik-4","relativehumidity",28.612680570284525,"%","2025-10-11T23:00:00Z","2025-10-12T04:00:00+05:00","Asia/Tashkent",41.204655,69.232522,,,,"AirGradient","AirGradient"
4902926,"Sputnik-4","relativehumidity",27.45512505372365,"%","2025-10-12T00:00:00Z","2025-10-12T05:00:00+05:00","Asia/Tashkent",41.204655,69.232522,,,,"AirGradient","AirGradient"
4902926,"Sputnik-4","relativehumidity",25.97683323224386,"%","2025-10-12T01:00:00Z","2025-10-12T06:00:00+05:00","Asia/Tashkent",41.204655,69.232522,,,,"AirGradient","AirGradient"
4902926,"Sputnik-4","relativehumidity",26.561124960581463,"%","2025-10-12T02:00:00Z","2025-10-12T07:00:00+05:00","Asia/Tashkent",41.204655,69.232522,,,,"AirGradient","AirGradient"
4902926,"Sputnik-4","relativehumidity",27.490875109036764,"%","2025-10-12T03:00:00Z","2025-10-12T08:00:00+05:00","Asia/Tashkent",41.204655,69.232522,,,,"AirGradient","AirGradient"
4902926,"Sputnik-4","relativehumidity",26.49954159259796,"%","2025-10-12T04:00:00Z","2025-10-12T09:00:00+05:00","Asia/Tashkent",41.204655,69.232522,,,,"AirGradient","AirGradient"
4902926,"Sputnik-4","relativehumidity",24.477041697502134,"%","2025-10-12T05:00:00Z","2025-10-12T10:00:00+05:00","Asia/Tashkent",41.204655,69.232522,,,,"AirGradient","AirGradient"
4902926,"Sputnik-4","relativehumidity",22.053513979911802,"%","2025-10-12T06:00:00Z","2025-10-12T11:00:00+05:00","Asia/Tashkent",41.204655,69.232522,,,,"AirGradient","AirGradient"
4902926,"Sputnik-4","relativehumidity",18.24387493663364,"%","2025-10-12T07:00:00Z","2025-10-12T12:00:00+05:00","Asia/Tashkent",41.204655,69.232522,,,,"AirGradient","AirGradient"
4902926,"Sputnik-4","relativehumidity",16.614652890629237,"%","2025-10-12T08:00:00Z","2025-10-12T13:00:00+05:00","Asia/Tashkent",41.204655,69.232522,,,,"AirGradient","AirGradient"
4902926,"Sputnik-4","relativehumidity",16.607041569550834,"%","2025-10-12T09:00:00Z","2025-10-12T14:00:00+05:00","Asia/Tashkent",41.204655,69.232522,,,,"AirGradient","AirGradient"
4902926,"Sputnik-4","relativehumidity",16.180083327823215,"%","2025-10-12T10:00:00Z","2025-10-12T15:00:00+05:00","Asia/Tashkent",41.204655,69.232522,,,,"AirGradient","AirGradient"
4902926,"Sputnik-4","relativehumidity",18.211483357747397,"%","2025-10-12T11:00:00Z","2025-10-12T16:00:00+05:00","Asia/Tashkent",41.204655,69.232522,,,,"AirGradient","AirGradient"
4902926,"Sputnik-4","relativehumidity",20.304848642060254,"%","2025-10-12T12:00:00Z","2025-10-12T17:00:00+05:00","Asia/Tashkent",41.204655,69.232522,,,,"AirGradient","AirGradient"
4902926,"Sputnik-4","relativehumidity",23.633703779291224,"%","2025-10-12T13:00:00Z","2025-10-12T18:00:00+05:00","Asia/Tashkent",41.204655,69.232522,,,,"AirGradient","AirGradient"
4902926,"Sputnik-4","relativehumidity",24.645318230715667,"%","2025-10-12T14:00:00Z","2025-10-12T19:00:00+05:00","Asia/Tashkent",41.204655,69.232522,,,,"AirGradient","AirGradient"
4902926,"Sputnik-4","relativehumidity",24.77038890785641,"%","2025-10-12T15:00:00Z","2025-10-12T20:00:00+05:00","Asia/Tashkent",41.204655,69.232522,,,,"AirGradient","AirGradient"
4902926,"Sputnik-4","relativehumidity",25.574333445231126,"%","2025-10-12T16:00:00Z","2025-10-12T21:00:00+05:00","Asia/Tashkent",41.204655,69.232522,,,,"AirGradient","AirGradient"
4902926,"Sputnik-4","relativehumidity",25.726363731153086,"%","2025-10-12T17:00:00Z","2025-10-12T22:00:00+05:00","Asia/Tashkent",41.204655,69.232522,,,,"AirGradient","AirGradient"
4902926,"Sputnik-4","relativehumidity",25.85359721713596,"%","2025-10-12T18:00:00Z","2025-10-12T23:00:00+05:00","Asia/Tashkent",41.204655,69.232522,,,,"AirGradient","AirGradient"
4902926,"Sputnik-4","relativehumidity",26.488954616315436,"%","2025-10-12T19:00:00Z","2025-10-13T00:00:00+05:00","Asia/Tashkent",41.204655,69.232522,,,,"AirGradient","AirGradient"
4902926,"Sputnik-4","relativehumidity",26.084416540463767,"%","2025-10-12T20:00:00Z","2025-10-13T01:00:00+05:00","Asia/Tashkent",41.204655,69.232522,,,,"AirGradient","AirGradient"
4902926,"Sputnik-4","relativehumidity",26.58041663169861,"%","2025-10-12T21:00:00Z","2025-10-13T02:00:00+05:00","Asia/Tashkent",41.204655,69.232522,,,,"AirGradient","AirGradient"
4902926,"Sputnik-4","relativehumidity",31.929375092188522,"%","2025-10-12T22:00:00Z","2025-10-13T03:00:00+05:00","Asia/Tashkent",41.204655,69.232522,,,,"AirGradient","AirGradient"
4902926,"Sputnik-4","relativehumidity",32.262583287556964,"%","2025-10-12T23:00:00Z","2025-10-13T04:00:00+05:00","Asia/Tashkent",41.204655,69.232522,,,,"AirGradient","AirGradient"
4902926,"Sputnik-4","relativehumidity",36.67308325767517,"%","2025-10-13T00:00:00Z","2025-10-13T05:00:00+05:00","Asia/Tashkent",41.204655,69.232522,,,,"AirGradient","AirGradient"
4902926,"Sputnik-4","relativehumidity",37.43191665013631,"%","2025-10-13T01:00:00Z","2025-10-13T06:00:00+05:00","Asia/Tashkent",41.204655,69.232522,,,,"AirGradient","AirGradient"
4902926,"Sputnik-4","relativehumidity",38.92694431940714,"%","2025-10-13T02:00:00Z","2025-10-13T07:00:00+05:00","Asia/Tashkent",41.204655,69.232522,,,,"AirGradient","AirGradient"
4902926,"Sputnik-4","relativehumidity",37.93100016911824,"%","2025-10-13T03:00:00Z","2025-10-13T08:00:00+05:00","Asia/Tashkent",41.204655,69.232522,,,,"AirGradient","AirGradient"
4902926,"Sputnik-4","relativehumidity",34.56202795240614,"%","2025-10-13T04:00:00Z","2025-10-13T09:00:00+05:00","Asia/Tashkent",41.204655,69.232522,,,,"AirGradient","AirGradient"
4902926,"Sputnik-4","relativehumidity",31.040958452224732,"%","2025-10-13T05:00:00Z","2025-10-13T10:00:00+05:00","Asia/Tashkent",41.204655,69.232522,,,,"AirGradient","AirGradient"
4902926,"Sputnik-4","relativehumidity",28.37208328776889,"%","2025-10-13T06:00:00Z","2025-10-13T11:00:00+05:00","Asia/Tashkent",41.204655,69.232522,,,,"AirGradient","AirGradient"
4902926,"Sputnik-4","relativehumidity",26.435222268104553,"%","2025-10-13T07:00:00Z","2025-10-13T12:00:00+05:00","Asia/Tashkent",41.204655,69.232522,,,,"AirGradient","AirGradient"
4902926,"Sputnik-4","relativehumidity",23.094416626294457,"%","2025-10-13T08:00:00Z","2025-10-13T13:00:00+05:00","Asia/Tashkent",41.204655,69.232522,,,,"AirGradient","AirGradient"
4902926,"Sputnik-4","relativehumidity",20.548055574629043,"%","2025-10-13T09:00:00Z","2025-10-13T14:00:00+05:00","Asia/Tashkent",41.204655,69.232522,,,,"AirGradient","AirGradient"
4902926,"Sputnik-4","relativehumidity",18.752930641174316,"%","2025-10-13T10:00:00Z","2025-10-13T15:00:00+05:00","Asia/Tashkent",41.204655,69.232522,,,,"AirGradient","AirGradient"
4902926,"Sputnik-4","relativehumidity",18.61762506167094,"%","2025-10-13T11:00:00Z","2025-10-13T16:00:00+05:00","Asia/Tashkent",41.204655,69.232522,,,,"AirGradient","AirGradient"
4902926,"Sputnik-4","relativehumidity",18.295833230018616,"%","2025-10-13T12:00:00Z","2025-10-13T17:00:00+05:00","Asia/Tashkent",41.204655,69.232522,,,,"AirGradient","AirGradient"
4902926,"Sputnik-4","relativehumidity",19.40422223144107,"%","2025-10-13T13:00:00Z","2025-10-13T18:00:00+05:00","Asia/Tashkent",41.204655,69.232522,,,,"AirGradient","AirGradient"
4902926,"Sputnik-4","relativehumidity",21.696111040645178,"%","2025-10-13T14:00:00Z","2025-10-13T19:00:00+05:00","Asia/Tashkent",41.204655,69.232522,,,,"AirGradient","AirGradient"
4902926,"Sputnik-4","relativehumidity",23.531083377202354,"%","2025-10-13T15:00:00Z","2025-10-13T20:00:00+05:00","Asia/Tashkent",41.204655,69.232522,,,,"AirGradient","AirGradient"
4902926,"Sputnik-4","relativehumidity",24.965763759613036,"%","2025-10-13T16:00:00Z","2025-10-13T21:00:00+05:00","Asia/Tashkent",41.204655,69.232522,,,,"AirGradient","AirGradient"
4902926,"Sputnik-4","relativehumidity",26.949652748637728,"%","2025-10-13T17:00:00Z","2025-10-13T22:00:00+05:00","Asia/Tashkent",41.204655,69.232522,,,,"AirGradient","AirGradient"
4902926,"Sputnik-4","relativehumidity",27.45562499364217,"%","2025-10-13T18:00:00Z","2025-10-13T23:00:00+05:00","Asia/Tashkent",41.204655,69.232522,,,,"AirGradient","AirGradient"
4902926,"Sputnik-4","relativehumidity",28.190027848879495,"%","2025-10-13T19:00:00Z","2025-10-14T00:00:00+05:00","Asia/Tashkent",41.204655,69.232522,,,,"AirGradient","AirGradient"
4902926,"Sputnik-4","relativehumidity",29.47804160118103,"%","2025-10-13T20:00:00Z","2025-10-14T01:00:00+05:00","Asia/Tashkent",41.204655,69.232522,,,,"AirGradient","AirGradient"
4902926,"Sputnik-4","relativehumidity",31.898666779200237,"%","2025-10-13T21:00:00Z","2025-10-14T02:00:00+05:00","Asia/Tashkent",41.204655,69.232522,,,,"AirGradient","AirGradient"
4902926,"Sputnik-4","relativehumidity",32.74637506802877,"%","2025-10-13T22:00:00Z","2025-10-14T03:00:00+05:00","Asia/Tashkent",41.204655,69.232522,,,,"AirGradient","AirGradient"
4902926,"Sputnik-4","relativehumidity",33.923958142598465,"%","2025-10-13T23:00:00Z","2025-10-14T04:00:00+05:00","Asia/Tashkent",41.204655,69.232522,,,,"AirGradient","AirGradient"
4902926,"Sputnik-4","relativehumidity",36.26054132779439,"%","2025-10-14T00:00:00Z","2025-10-14T05:00:00+05:00","Asia/Tashkent",41.204655,69.232522,,,,"AirGradient","AirGradient"
4902926,"Sputnik-4","relativehumidity",34.4585000038147,"%","2025-10-14T01:00:00Z","2025-10-14T06:00:00+05:00","Asia/Tashkent",41.204655,69.232522,,,,"AirGradient","AirGradient"
4902926,"Sputnik-4","relativehumidity",32.8516386879815,"%","2025-10-14T02:00:00Z","2025-10-14T07:00:00+05:00","Asia/Tashkent",41.204655,69.232522,,,,"AirGradient","AirGradient"
4902926,"Sputnik-4","temperature",29.73141638437907,"c","2025-06-29T19:00:00Z","2025-06-30T00:00:00+05:00","Asia/Tashkent",41.204655,69.232522,,,,"AirGradient","AirGradient"
4902926,"Sputnik-4","temperature",32.00816694895426,"c","2025-09-01T12:00:00Z","2025-09-01T17:00:00+05:00","Asia/Tashkent",41.204655,69.232522,,,,"AirGradient","AirGradient"
4902926,"Sputnik-4","temperature",34.683624903361,"c","2025-09-01T13:00:00Z","2025-09-01T18:00:00+05:00","Asia/Tashkent",41.204655,69.232522,,,,"AirGradient","AirGradient"
4902926,"Sputnik-4","temperature",31.87149985631307,"c","2025-09-01T14:00:00Z","2025-09-01T19:00:00+05:00","Asia/Tashkent",41.204655,69.232522,,,,"AirGradient","AirGradient"
4902926,"Sputnik-4","temperature",26.7907501856486,"c","2025-09-01T15:00:00Z","2025-09-01T20:00:00+05:00","Asia/Tashkent",41.204655,69.232522,,,,"AirGradient","AirGradient"
4902926,"Sputnik-4","temperature",25.62666670481364,"c","2025-09-01T16:00:00Z","2025-09-01T21:00:00+05:00","Asia/Tashkent",41.204655,69.232522,,,,"AirGradient","AirGradient"
4902926,"Sputnik-4","temperature",24.60912497838338,"c","2025-09-01T17:00:00Z","2025-09-01T22:00:00+05:00","Asia/Tashkent",41.204655,69.232522,,,,"AirGradient","AirGradient"
4902926,"Sputnik-4","temperature",23.715750376383465,"c","2025-09-01T18:00:00Z","2025-09-01T23:00:00+05:00","Asia/Tashkent",41.204655,69.232522,,,,"AirGradient","AirGradient"
4902926,"Sputnik-4","temperature",23.457208315531414,"c","2025-09-01T19:00:00Z","2025-09-02T00:00:00+05:00","Asia/Tashkent",41.204655,69.232522,,,,"AirGradient","AirGradient"
4902926,"Sputnik-4","temperature",23.04513931274414,"c","2025-09-01T20:00:00Z","2025-09-02T01:00:00+05:00","Asia/Tashkent",41.204655,69.232522,,,,"AirGradient","AirGradient"
4902926,"Sputnik-4","temperature",22.638500054677326,"c","2025-09-01T21:00:00Z","2025-09-02T02:00:00+05:00","Asia/Tashkent",41.204655,69.232522,,,,"AirGradient","AirGradient"
4902926,"Sputnik-4","temperature",22.049416700998943,"c","2025-09-01T22:00:00Z","2025-09-02T03:00:00+05:00","Asia/Tashkent",41.204655,69.232522,,,,"AirGradient","AirGradient"
4902926,"Sputnik-4","temperature",21.95062494277954,"c","2025-09-01T23:00:00Z","2025-09-02T04:00:00+05:00","Asia/Tashkent",41.204655,69.232522,,,,"AirGradient","AirGradient"
4902926,"Sputnik-4","temperature",21.523624897003174,"c","2025-09-02T00:00:00Z","2025-09-02T05:00:00+05:00","Asia/Tashkent",41.204655,69.232522,,,,"AirGradient","AirGradient"
4902926,"Sputnik-4","temperature",21.26537497838338,"c","2025-09-02T01:00:00Z","2025-09-02T06:00:00+05:00","Asia/Tashkent",41.204655,69.232522,,,,"AirGradient","AirGradient"
4902926,"Sputnik-4","temperature",21.53779125213623,"c","2025-09-02T02:00:00Z","2025-09-02T07:00:00+05:00","Asia/Tashkent",41.204655,69.232522,,,,"AirGradient","AirGradient"
4902926,"Sputnik-4","temperature",22.787986278533936,"c","2025-09-02T03:00:00Z","2025-09-02T08:00:00+05:00","Asia/Tashkent",41.204655,69.232522,,,,"AirGradient","AirGradient"
4902926,"Sputnik-4","temperature",24.14586130777995,"c","2025-09-02T04:00:00Z","2025-09-02T09:00:00+05:00","Asia/Tashkent",41.204655,69.232522,,,,"AirGradient","AirGradient"
4902926,"Sputnik-4","temperature",25.64337460199992,"c","2025-09-02T05:00:00Z","2025-09-02T10:00:00+05:00","Asia/Tashkent",41.204655,69.232522,,,,"AirGradient","AirGradient"
4902926,"Sputnik-4","temperature",26.754374980926514,"c","2025-09-02T06:00:00Z","2025-09-02T11:00:00+05:00","Asia/Tashkent",41.204655,69.232522,,,,"AirGradient","AirGradient"
4902926,"Sputnik-4","temperature",27.836374918619793,"c","2025-09-02T07:00:00Z","2025-09-02T12:00:00+05:00","Asia/Tashkent",41.204655,69.232522,,,,"AirGradient","AirGradient"
4902926,"Sputnik-4","temperature",28.659722169240315,"c","2025-09-02T08:00:00Z","2025-09-02T13:00:00+05:00","Asia/Tashkent",41.204655,69.232522,,,,"AirGradient","AirGradient"
4902926,"Sputnik-4","temperature",29.700361092885334,"c","2025-09-02T09:00:00Z","2025-09-02T14:00:00+05:00","Asia/Tashkent",41.204655,69.232522,,,,"AirGradient","AirGradient"
4902926,"Sputnik-4","temperature",30.801250139872234,"c","2025-09-02T10:00:00Z","2025-09-02T15:00:00+05:00","Asia/Tashkent",41.204655,69.232522,,,,"AirGradient","AirGradient"
4902926,"Sputnik-4","temperature",31.62570873896281,"c","2025-09-02T11:00:00Z","2025-09-02T16:00:00+05:00","Asia/Tashkent",41.204655,69.232522,,,,"AirGradient","AirGradient"
4902926,"Sputnik-4","temperature",35.13183339436849,"c","2025-09-02T12:00:00Z","2025-09-02T17:00:00+05:00","Asia/Tashkent",41.204655,69.232522,,,,"AirGradient","AirGradient"
4902926,"Sputnik-4","temperature",33.36937459309896,"c","2025-09-02T13:00:00Z","2025-09-02T18:00:00+05:00","Asia/Tashkent",41.204655,69.232522,,,,"AirGradient","AirGradient"
4902926,"Sputnik-4","temperature",29.857041517893474,"c","2025-09-02T14:00:00Z","2025-09-02T19:00:00+05:00","Asia/Tashkent",41.204655,69.232522,,,,"AirGradient","AirGradient"
4902926,"Sputnik-4","temperature",28.041499932607014,"c","2025-09-02T15:00:00Z","2025-09-02T20:00:00+05:00","Asia/Tashkent",41.204655,69.232522,,,,"AirGradient","AirGradient"
4902926,"Sputnik-4","temperature",27.186166922251385,"c","2025-09-02T16:00:00Z","2025-09-02T21:00:00+05:00","Asia/Tashkent",41.204655,69.232522,,,,"AirGradient","AirGradient"
4902926,"Sputnik-4","temperature",26.525958220163982,"c","2025-09-02T17:00:00Z","2025-09-02T22:00:00+05:00","Asia/Tashkent",41.204655,69.232522,,,,"AirGradient","AirGradient"
4902926,"Sputnik-4","temperature",25.679125150044758,"c","2025-09-02T18:00:00Z","2025-09-02T23:00:00+05:00","Asia/Tashkent",41.204655,69.232522,,,,"AirGradient","AirGradient"
4902926,"Sputnik-4","temperature",24.718666712443035,"c","2025-09-02T19:00:00Z","2025-09-03T00:00:00+05:00","Asia/Tashkent",41.204655,69.232522,,,,"AirGradient","AirGradient"
4902926,"Sputnik-4","temperature",23.19974994659424,"c","2025-09-02T20:00:00Z","2025-09-03T01:00:00+05:00","Asia/Tashkent",41.204655,69.232522,,,,"AirGradient","AirGradient"
4902926,"Sputnik-4","temperature",22.62445831298828,"c","2025-09-02T21:00:00Z","2025-09-03T02:00:00+05:00","Asia/Tashkent",41.204655,69.232522,,,,"AirGradient","AirGradient"
4902926,"Sputnik-4","temperature",22.149291674296062,"c","2025-09-02T22:00:00Z","2025-09-03T03:00:00+05:00","Asia/Tashkent",41.204655,69.232522,,,,"AirGradient","AirGradient"
4902926,"Sputnik-4","temperature",21.762875080108643,"c","2025-09-02T23:00:00Z","2025-09-03T04:00:00+05:00","Asia/Tashkent",41.204655,69.232522,,,,"AirGradient","AirGradient"
4902926,"Sputnik-4","temperature",21.35687494277954,"c","2025-09-03T00:00:00Z","2025-09-03T05:00:00+05:00","Asia/Tashkent",41.204655,69.232522,,,,"AirGradient","AirGradient"
4902926,"Sputnik-4","temperature",20.893458366394043,"c","2025-09-03T01:00:00Z","2025-09-03T06:00:00+05:00","Asia/Tashkent",41.204655,69.232522,,,,"AirGradient","AirGradient"
4902926,"Sputnik-4","temperature",21.071208318074543,"c","2025-09-03T02:00:00Z","2025-09-03T07:00:00+05:00","Asia/Tashkent",41.204655,69.232522,,,,"AirGradient","AirGradient"
4902926,"Sputnik-4","temperature",21.90250042506627,"c","2025-09-03T03:00:00Z","2025-09-03T08:00:00+05:00","Asia/Tashkent",41.204655,69.232522,,,,"AirGradient","AirGradient"
4902926,"Sputnik-4","temperature",26.989208380381267,"c","2025-09-03T08:00:00Z","2025-09-03T13:00:00+05:00","Asia/Tashkent",41.204655,69.232522,,,,"AirGradient","AirGradient"
4902926,"Sputnik-4","temperature",28.56737470626831,"c","2025-09-03T09:00:00Z","2025-09-03T14:00:00+05:00","Asia/Tashkent",41.204655,69.232522,,,,"AirGradient","AirGradient"
4902926,"Sputnik-4","temperature",29.774805545806885,"c","2025-09-03T10:00:00Z","2025-09-03T15:00:00+05:00","Asia/Tashkent",41.204655,69.232522,,,,"AirGradient","AirGradient"
4902926,"Sputnik-4","temperature",30.258624871571858,"c","2025-09-03T11:00:00Z","2025-09-03T16:00:00+05:00","Asia/Tashkent",41.204655,69.232522,,,,"AirGradient","AirGradient"
4902926,"Sputnik-4","temperature",34.64466667175293,"c","2025-09-03T12:00:00Z","2025-09-03T17:00:00+05:00","Asia/Tashkent",41.204655,69.232522,,,,"AirGradient","AirGradient"
4902926,"Sputnik-4","temperature",35.87308279673258,"c","2025-09-03T13:00:00Z","2025-09-03T18:00:00+05:00","Asia/Tashkent",41.204655,69.232522,,,,"AirGradient","AirGradient"
4902926,"Sputnik-4","temperature",31.94916598002116,"c","2025-09-03T14:00:00Z","2025-09-03T19:00:00+05:00","Asia/Tashkent",41.204655,69.232522,,,,"AirGradient","AirGradient"
4902926,"Sputnik-4","temperature",26.568833351135254,"c","2025-09-03T15:00:00Z","2025-09-03T20:00:00+05:00","Asia/Tashkent",41.204655,69.232522,,,,"AirGradient","AirGradient"
4902926,"Sputnik-4","temperature",25.312708536783855,"c","2025-09-03T16:00:00Z","2025-09-03T21:00:00+05:00","Asia/Tashkent",41.204655,69.232522,,,,"AirGradient","AirGradient"
4902926,"Sputnik-4","temperature",24.789999802907307,"c","2025-09-03T17:00:00Z","2025-09-03T22:00:00+05:00","Asia/Tashkent",41.204655,69.232522,,,,"AirGradient","AirGradient"
4902926,"Sputnik-4","temperature",23.982625007629395,"c","2025-09-03T18:00:00Z","2025-09-03T23:00:00+05:00","Asia/Tashkent",41.204655,69.232522,,,,"AirGradient","AirGradient"
4902926,"Sputnik-4","temperature",23.497041702270508,"c","2025-09-03T19:00:00Z","2025-09-04T00:00:00+05:00","Asia/Tashkent",41.204655,69.232522,,,,"AirGradient","AirGradient"
4902926,"Sputnik-4","temperature",22.802083333333332,"c","2025-09-03T20:00:00Z","2025-09-04T01:00:00+05:00","Asia/Tashkent",41.204655,69.232522,,,,"AirGradient","AirGradient"
4902926,"Sputnik-4","temperature",22.522833347320557,"c","2025-09-03T21:00:00Z","2025-09-04T02:00:00+05:00","Asia/Tashkent",41.204655,69.232522,,,,"AirGradient","AirGradient"
4902926,"Sputnik-4","temperature",22.32699998219808,"c","2025-09-03T22:00:00Z","2025-09-04T03:00:00+05:00","Asia/Tashkent",41.204655,69.232522,,,,"AirGradient","AirGradient"
4902926,"Sputnik-4","temperature",22.19054142634074,"c","2025-09-03T23:00:00Z","2025-09-04T04:00:00+05:00","Asia/Tashkent",41.204655,69.232522,,,,"AirGradient","AirGradient"
4902926,"Sputnik-4","temperature",21.900749842325848,"c","2025-09-04T00:00:00Z","2025-09-04T05:00:00+05:00","Asia/Tashkent",41.204655,69.232522,,,,"AirGradient","AirGradient"
4902926,"Sputnik-4","temperature",21.57533359527588,"c","2025-09-04T01:00:00Z","2025-09-04T06:00:00+05:00","Asia/Tashkent",41.204655,69.232522,,,,"AirGradient","AirGradient"
4902926,"Sputnik-4","temperature",21.509082794189453,"c","2025-09-04T02:00:00Z","2025-09-04T07:00:00+05:00","Asia/Tashkent",41.204655,69.232522,,,,"AirGradient","AirGradient"
4902926,"Sputnik-4","temperature",22.52383327484131,"c","2025-09-04T03:00:00Z","2025-09-04T08:00:00+05:00","Asia/Tashkent",41.204655,69.232522,,,,"AirGradient","AirGradient"
4902926,"Sputnik-4","temperature",24.86200014750163,"c","2025-09-04T04:00:00Z","2025-09-04T09:00:00+05:00","Asia/Tashkent",41.204655,69.232522,,,,"AirGradient","AirGradient"
4902926,"Sputnik-4","temperature",26.783166365189985,"c","2025-09-04T05:00:00Z","2025-09-04T10:00:00+05:00","Asia/Tashkent",41.204655,69.232522,,,,"AirGradient","AirGradient"
4902926,"Sputnik-4","temperature",29.127666473388672,"c","2025-09-04T06:00:00Z","2025-09-04T11:00:00+05:00","Asia/Tashkent",41.204655,69.232522,,,,"AirGradient","AirGradient"
4902926,"Sputnik-4","temperature",30.681708494822185,"c","2025-09-04T07:00:00Z","2025-09-04T12:00:00+05:00","Asia/Tashkent",41.204655,69.232522,,,,"AirGradient","AirGradient"
4902926,"Sputnik-4","temperature",31.51052761077881,"c","2025-09-04T08:00:00Z","2025-09-04T13:00:00+05:00","Asia/Tashkent",41.204655,69.232522,,,,"AirGradient","AirGradient"
4902926,"Sputnik-4","temperature",32.60966650644938,"c","2025-09-04T09:00:00Z","2025-09-04T14:00:00+05:00","Asia/Tashkent",41.204655,69.232522,,,,"AirGradient","AirGradient"
4902926,"Sputnik-4","temperature",33.90615272521973,"c","2025-09-04T10:00:00Z","2025-09-04T15:00:00+05:00","Asia/Tashkent",41.204655,69.232522,,,,"AirGradient","AirGradient"
4902926,"Sputnik-4","temperature",34.588555335998535,"c","2025-09-04T11:00:00Z","2025-09-04T16:00:00+05:00","Asia/Tashkent",41.204655,69.232522,,,,"AirGradient","AirGradient"
4902926,"Sputnik-4","temperature",36.71041679382324,"c","2025-09-04T12:00:00Z","2025-09-04T17:00:00+05:00","Asia/Tashkent",41.204655,69.232522,,,,"AirGradient","AirGradient"
4902926,"Sputnik-4","temperature",36.927333196004234,"c","2025-09-04T13:00:00Z","2025-09-04T18:00:00+05:00","Asia/Tashkent",41.204655,69.232522,,,,"AirGradient","AirGradient"
4902926,"Sputnik-4","temperature",34.935708363850914,"c","2025-09-04T14:00:00Z","2025-09-04T19:00:00+05:00","Asia/Tashkent",41.204655,69.232522,,,,"AirGradient","AirGradient"
4902926,"Sputnik-4","temperature",31.75879128774007,"c","2025-09-04T15:00:00Z","2025-09-04T20:00:00+05:00","Asia/Tashkent",41.204655,69.232522,,,,"AirGradient","AirGradient"
4902926,"Sputnik-4","temperature",31.03491671880086,"c","2025-09-04T16:00:00Z","2025-09-04T21:00:00+05:00","Asia/Tashkent",41.204655,69.232522,,,,"AirGradient","AirGradient"
4902926,"Sputnik-4","temperature",29.652833143870037,"c","2025-09-04T17:00:00Z","2025-09-04T22:00:00+05:00","Asia/Tashkent",41.204655,69.232522,,,,"AirGradient","AirGradient"
4902926,"Sputnik-4","temperature",27.971875031789143,"c","2025-09-04T18:00:00Z","2025-09-04T23:00:00+05:00","Asia/Tashkent",41.204655,69.232522,,,,"AirGradient","AirGradient"
4902926,"Sputnik-4","temperature",27.166500091552734,"c","2025-09-04T19:00:00Z","2025-09-05T00:00:00+05:00","Asia/Tashkent",41.204655,69.232522,,,,"AirGradient","AirGradient"
4902926,"Sputnik-4","temperature",26.53083324432373,"c","2025-09-04T20:00:00Z","2025-09-05T01:00:00+05:00","Asia/Tashkent",41.204655,69.232522,,,,"AirGradient","AirGradient"
4902926,"Sputnik-4","temperature",26.12933365503947,"c","2025-09-04T21:00:00Z","2025-09-05T02:00:00+05:00","Asia/Tashkent",41.204655,69.232522,,,,"AirGradient","AirGradient"
4902926,"Sputnik-4","temperature",25.627041657765705,"c","2025-09-04T22:00:00Z","2025-09-05T03:00:00+05:00","Asia/Tashkent",41.204655,69.232522,,,,"AirGradient","AirGradient"
4902926,"Sputnik-4","temperature",24.966958045959473,"c","2025-09-04T23:00:00Z","2025-09-05T04:00:00+05:00","Asia/Tashkent",41.204655,69.232522,,,,"AirGradient","AirGradient"
4902926,"Sputnik-4","temperature",24.975749969482422,"c","2025-09-05T00:00:00Z","2025-09-05T05:00:00+05:00","Asia/Tashkent",41.204655,69.232522,,,,"AirGradient","AirGradient"
4902926,"Sputnik-4","temperature",24.763291358947754,"c","2025-09-05T01:00:00Z","2025-09-05T06:00:00+05:00","Asia/Tashkent",41.204655,69.232522,,,,"AirGradient","AirGradient"
4902926,"Sputnik-4","temperature",24.847708702087402,"c","2025-09-05T02:00:00Z","2025-09-05T07:00:00+05:00","Asia/Tashkent",41.204655,69.232522,,,,"AirGradient","AirGradient"
4902926,"Sputnik-4","temperature",26.250999927520752,"c","2025-09-05T03:00:00Z","2025-09-05T08:00:00+05:00","Asia/Tashkent",41.204655,69.232522,,,,"AirGradient","AirGradient"
4902926,"Sputnik-4","temperature",27.99695857365926,"c","2025-09-05T04:00:00Z","2025-09-05T09:00:00+05:00","Asia/Tashkent",41.204655,69.232522,,,,"AirGradient","AirGradient"
4902926,"Sputnik-4","temperature",30.163708368937176,"c","2025-09-05T05:00:00Z","2025-09-05T10:00:00+05:00","Asia/Tashkent",41.204655,69.232522,,,,"AirGradient","AirGradient"
4902926,"Sputnik-4","temperature",31.73745854695638,"c","2025-09-05T06:00:00Z","2025-09-05T11:00:00+05:00","Asia/Tashkent",41.204655,69.232522,,,,"AirGradient","AirGradient"
4902926,"Sputnik-4","temperature",32.82349999745687,"c","2025-09-05T07:00:00Z","2025-09-05T12:00:00+05:00","Asia/Tashkent",41.204655,69.232522,,,,"AirGradient","AirGradient"
4902926,"Sputnik-4","temperature",33.98066679636637,"c","2025-09-05T08:00:00Z","2025-09-05T13:00:00+05:00","Asia/Tashkent",41.204655,69.232522,,,,"AirGradient","AirGradient"
4902926,"Sputnik-4","temperature",34.583624521891274,"c","2025-09-05T09:00:00Z","2025-09-05T14:00:00+05:00","Asia/Tashkent",41.204655,69.232522,,,,"AirGradient","AirGradient"
4902926,"Sputnik-4","temperature",35.23512522379557,"c","2025-09-05T10:00:00Z","2025-09-05T15:00:00+05:00","Asia/Tashkent",41.204655,69.232522,,,,"AirGradient","AirGradient"
4902926,"Sputnik-4","temperature",35.416791915893555,"c","2025-09-05T11:00:00Z","2025-09-05T16:00:00+05:00","Asia/Tashkent",41.204655,69.232522,,,,"AirGradient","AirGradient"
4902926,"Sputnik-4","temperature",37.282875061035156,"c","2025-09-05T12:00:00Z","2025-09-05T17:00:00+05:00","Asia/Tashkent",41.204655,69.232522,,,,"AirGradient","AirGradient"
4902926,"Sputnik-4","temperature",36.20804182688395,"c","2025-09-05T13:00:00Z","2025-09-05T18:00:00+05:00","Asia/Tashkent",41.204655,69.232522,,,,"AirGradient","AirGradient"
4902926,"Sputnik-4","temperature",34.88979117075602,"c","2025-09-05T14:00:00Z","2025-09-05T19:00:00+05:00","Asia/Tashkent",41.204655,69.232522,,,,"AirGradient","AirGradient"
4902926,"Sputnik-4","temperature",31.576888879140217,"c","2025-09-05T15:00:00Z","2025-09-05T20:00:00+05:00","Asia/Tashkent",41.204655,69.232522,,,,"AirGradient","AirGradient"
4902926,"Sputnik-4","temperature",30.216750144958496,"c","2025-09-05T16:00:00Z","2025-09-05T21:00:00+05:00","Asia/Tashkent",41.204655,69.232522,,,,"AirGradient","AirGradient"
4902926,"Sputnik-4","temperature",29.514541625976562,"c","2025-09-05T17:00:00Z","2025-09-05T22:00:00+05:00","Asia/Tashkent",41.204655,69.232522,,,,"AirGradient","AirGradient"
4902926,"Sputnik-4","temperature",28.405166784922283,"c","2025-09-05T18:00:00Z","2025-09-05T23:00:00+05:00","Asia/Tashkent",41.204655,69.232522,,,,"AirGradient","AirGradient"
4902926,"Sputnik-4","temperature",27.491041501363117,"c","2025-09-05T19:00:00Z","2025-09-06T00:00:00+05:00","Asia/Tashkent",41.204655,69.232522,,,,"AirGradient","AirGradient"
4902926,"Sputnik-4","temperature",26.887208302815754,"c","2025-09-05T20:00:00Z","2025-09-06T01:00:00+05:00","Asia/Tashkent",41.204655,69.232522,,,,"AirGradient","AirGradient"
4902926,"Sputnik-4","temperature",26.362416585286457,"c","2025-09-05T21:00:00Z","2025-09-06T02:00:00+05:00","Asia/Tashkent",41.204655,69.232522,,,,"AirGradient","AirGradient"
4902926,"Sputnik-4","temperature",25.728083451588947,"c","2025-09-05T22:00:00Z","2025-09-06T03:00:00+05:00","Asia/Tashkent",41.204655,69.232522,,,,"AirGradient","AirGradient"
4902926,"Sputnik-4","temperature",25.390416463216145,"c","2025-09-05T23:00:00Z","2025-09-06T04:00:00+05:00","Asia/Tashkent",41.204655,69.232522,,,,"AirGradient","AirGradient"
4902926,"Sputnik-4","temperature",25.217541853586834,"c","2025-09-06T00:00:00Z","2025-09-06T05:00:00+05:00","Asia/Tashkent",41.204655,69.232522,,,,"AirGradient","AirGradient"
4902926,"Sputnik-4","temperature",24.949583212534588,"c","2025-09-06T01:00:00Z","2025-09-06T06:00:00+05:00","Asia/Tashkent",41.204655,69.232522,,,,"AirGradient","AirGradient"
4902926,"Sputnik-4","temperature",25.139833450317383,"c","2025-09-06T02:00:00Z","2025-09-06T07:00:00+05:00","Asia/Tashkent",41.204655,69.232522,,,,"AirGradient","AirGradient"
4902926,"Sputnik-4","temperature",26.302166779836018,"c","2025-09-06T03:00:00Z","2025-09-06T08:00:00+05:00","Asia/Tashkent",41.204655,69.232522,,,,"AirGradient","AirGradient"
4902926,"Sputnik-4","temperature",27.953999996185303,"c","2025-09-06T04:00:00Z","2025-09-06T09:00:00+05:00","Asia/Tashkent",41.204655,69.232522,,,,"AirGradient","AirGradient"
4902926,"Sputnik-4","temperature",30.11633316675822,"c","2025-09-06T05:00:00Z","2025-09-06T10:00:00+05:00","Asia/Tashkent",41.204655,69.232522,,,,"AirGradient","AirGradient"
4902926,"Sputnik-4","temperature",31.58079195022583,"c","2025-09-06T06:00:00Z","2025-09-06T11:00:00+05:00","Asia/Tashkent",41.204655,69.232522,,,,"AirGradient","AirGradient"
4902926,"Sputnik-4","temperature",33.47644456227621,"c","2025-09-06T07:00:00Z","2025-09-06T12:00:00+05:00","Asia/Tashkent",41.204655,69.232522,,,,"AirGradient","AirGradient"
4902926,"Sputnik-4","temperature",33.99988873799642,"c","2025-09-06T08:00:00Z","2025-09-06T13:00:00+05:00","Asia/Tashkent",41.204655,69.232522,,,,"AirGradient","AirGradient"
4902926,"Sputnik-4","temperature",34.2359307607015,"c","2025-09-06T09:00:00Z","2025-09-06T14:00:00+05:00","Asia/Tashkent",41.204655,69.232522,,,,"AirGradient","AirGradient"
4902926,"Sputnik-4","temperature",34.4868745803833,"c","2025-09-06T10:00:00Z","2025-09-06T15:00:00+05:00","Asia/Tashkent",41.204655,69.232522,,,,"AirGradient","AirGradient"
4902926,"Sputnik-4","temperature",34.91058349609375,"c","2025-09-06T11:00:00Z","2025-09-06T16:00:00+05:00","Asia/Tashkent",41.204655,69.232522,,,,"AirGradient","AirGradient"
4902926,"Sputnik-4","temperature",37.77020772298177,"c","2025-09-06T12:00:00Z","2025-09-06T17:00:00+05:00","Asia/Tashkent",41.204655,69.232522,,,,"AirGradient","AirGradient"
4902926,"Sputnik-4","temperature",37.8550828297933,"c","2025-09-06T13:00:00Z","2025-09-06T18:00:00+05:00","Asia/Tashkent",41.204655,69.232522,,,,"AirGradient","AirGradient"
4902926,"Sputnik-4","temperature",34.450791358947754,"c","2025-09-06T14:00:00Z","2025-09-06T19:00:00+05:00","Asia/Tashkent",41.204655,69.232522,,,,"AirGradient","AirGradient"
4902926,"Sputnik-4","temperature",31.305124759674072,"c","2025-09-06T15:00:00Z","2025-09-06T20:00:00+05:00","Asia/Tashkent",41.204655,69.232522,,,,"AirGradient","AirGradient"
4902926,"Sputnik-4","temperature",30.223250071207683,"c","2025-09-06T16:00:00Z","2025-09-06T21:00:00+05:00","Asia/Tashkent",41.204655,69.232522,,,,"AirGradient","AirGradient"
4902926,"Sputnik-4","temperature",29.162791570027668,"c","2025-09-06T17:00:00Z","2025-09-06T22:00:00+05:00","Asia/Tashkent",41.204655,69.232522,,,,"AirGradient","AirGradient"
4902926,"Sputnik-4","temperature",27.72224982579549,"c","2025-09-06T18:00:00Z","2025-09-06T23:00:00+05:00","Asia/Tashkent",41.204655,69.232522,,,,"AirGradient","AirGradient"
4902926,"Sputnik-4","temperature",26.611583073933918,"c","2025-09-06T19:00:00Z","2025-09-07T00:00:00+05:00","Asia/Tashkent",41.204655,69.232522,,,,"AirGradient","AirGradient"
4902926,"Sputnik-4","temperature",25.78374989827474,"c","2025-09-06T20:00:00Z","2025-09-07T01:00:00+05:00","Asia/Tashkent",41.204655,69.232522,,,,"AirGradient","AirGradient"
4902926,"Sputnik-4","temperature",25.370416800181072,"c","2025-09-06T21:00:00Z","2025-09-07T02:00:00+05:00","Asia/Tashkent",41.204655,69.232522,,,,"AirGradient","AirGradient"
4902926,"Sputnik-4","temperature",25.139416694641113,"c","2025-09-06T22:00:00Z","2025-09-07T03:00:00+05:00","Asia/Tashkent",41.204655,69.232522,,,,"AirGradient","AirGradient"
4902926,"Sputnik-4","temperature",25.025291601816814,"c","2025-09-06T23:00:00Z","2025-09-07T04:00:00+05:00","Asia/Tashkent",41.204655,69.232522,,,,"AirGradient","AirGradient"
4902926,"Sputnik-4","temperature",24.817000071207683,"c","2025-09-07T00:00:00Z","2025-09-07T05:00:00+05:00","Asia/Tashkent",41.204655,69.232522,,,,"AirGradient","AirGradient"
4902926,"Sputnik-4","temperature",24.267500241597492,"c","2025-09-07T01:00:00Z","2025-09-07T06:00:00+05:00","Asia/Tashkent",41.204655,69.232522,,,,"AirGradient","AirGradient"
4902926,"Sputnik-4","temperature",24.23062499364217,"c","2025-09-07T02:00:00Z","2025-09-07T07:00:00+05:00","Asia/Tashkent",41.204655,69.232522,,,,"AirGradient","AirGradient"
4902926,"Sputnik-4","temperature",25.575583457946777,"c","2025-09-07T03:00:00Z","2025-09-07T08:00:00+05:00","Asia/Tashkent",41.204655,69.232522,,,,"AirGradient","AirGradient"
4902926,"Sputnik-4","temperature",27.510666370391846,"c","2025-09-07T04:00:00Z","2025-09-07T09:00:00+05:00","Asia/Tashkent",41.204655,69.232522,,,,"AirGradient","AirGradient"
4902926,"Sputnik-4","temperature",29.30762529373169,"c","2025-09-07T05:00:00Z","2025-09-07T10:00:00+05:00","Asia/Tashkent",41.204655,69.232522,,,,"AirGradient","AirGradient"
4902926,"Sputnik-4","temperature",31.14591693878174,"c","2025-09-07T06:00:00Z","2025-09-07T11:00:00+05:00","Asia/Tashkent",41.204655,69.232522,,,,"AirGradient","AirGradient"
4902926,"Sputnik-4","temperature",33.25558312733968,"c","2025-09-07T07:00:00Z","2025-09-07T12:00:00+05:00","Asia/Tashkent",41.204655,69.232522,,,,"AirGradient","AirGradient"
4902926,"Sputnik-4","temperature",33.21945826212565,"c","2025-09-07T08:00:00Z","2025-09-07T13:00:00+05:00","Asia/Tashkent",41.204655,69.232522,,,,"AirGradient","AirGradient"
4902926,"Sputnik-4","temperature",33.428083419799805,"c","2025-09-07T09:00:00Z","2025-09-07T14:00:00+05:00","Asia/Tashkent",41.204655,69.232522,,,,"AirGradient","AirGradient"
4902926,"Sputnik-4","temperature",33.94925022125244,"c","2025-09-07T10:00:00Z","2025-09-07T15:00:00+05:00","Asia/Tashkent",41.204655,69.232522,,,,"AirGradient","AirGradient"
4902926,"Sputnik-4","temperature",33.95329221089681,"c","2025-09-07T11:00:00Z","2025-09-07T16:00:00+05:00","Asia/Tashkent",41.204655,69.232522,,,,"AirGradient","AirGradient"
4902926,"Sputnik-4","temperature",36.23966693878174,"c","2025-09-07T12:00:00Z","2025-09-07T17:00:00+05:00","Asia/Tashkent",41.204655,69.232522,,,,"AirGradient","AirGradient"
4902926,"Sputnik-4","temperature",37.13629150390625,"c","2025-09-07T13:00:00Z","2025-09-07T18:00:00+05:00","Asia/Tashkent",41.204655,69.232522,,,,"AirGradient","AirGradient"
4902926,"Sputnik-4","temperature",34.33775075276693,"c","2025-09-07T14:00:00Z","2025-09-07T19:00:00+05:00","Asia/Tashkent",41.204655,69.232522,,,,"AirGradient","AirGradient"
4902926,"Sputnik-4","temperature",31.166791598002117,"c","2025-09-07T15:00:00Z","2025-09-07T20:00:00+05:00","Asia/Tashkent",41.204655,69.232522,,,,"AirGradient","AirGradient"
4902926,"Sputnik-4","temperature",30.121249834696453,"c","2025-09-07T16:00:00Z","2025-09-07T21:00:00+05:00","Asia/Tashkent",41.204655,69.232522,,,,"AirGradient","AirGradient"
4902926,"Sputnik-4","temperature",29.11345863342285,"c","2025-09-07T17:00:00Z","2025-09-07T22:00:00+05:00","Asia/Tashkent",41.204655,69.232522,,,,"AirGradient","AirGradient"
4902926,"Sputnik-4","temperature",27.96945858001709,"c","2025-09-07T18:00:00Z","2025-09-07T23:00:00+05:00","Asia/Tashkent",41.204655,69.232522,,,,"AirGradient","AirGradient"
4902926,"Sputnik-4","temperature",27.33774979909261,"c","2025-09-07T19:00:00Z","2025-09-08T00:00:00+05:00","Asia/Tashkent",41.204655,69.232522,,,,"AirGradient","AirGradient"
4902926,"Sputnik-4","temperature",27.05329179763794,"c","2025-09-07T20:00:00Z","2025-09-08T01:00:00+05:00","Asia/Tashkent",41.204655,69.232522,,,,"AirGradient","AirGradient"
4902926,"Sputnik-4","temperature",26.71287441253662,"c","2025-09-07T21:00:00Z","2025-09-08T02:00:00+05:00","Asia/Tashkent",41.204655,69.232522,,,,"AirGradient","AirGradient"
4902926,"Sputnik-4","temperature",25.69550021489461,"c","2025-09-07T22:00:00Z","2025-09-08T03:00:00+05:00","Asia/Tashkent",41.204655,69.232522,,,,"AirGradient","AirGradient"
4902926,"Sputnik-4","temperature",25.42170826594035,"c","2025-09-07T23:00:00Z","2025-09-08T04:00:00+05:00","Asia/Tashkent",41.204655,69.232522,,,,"AirGradient","AirGradient"
4902926,"Sputnik-4","temperature",25.636833667755127,"c","2025-09-08T00:00:00Z","2025-09-08T05:00:00+05:00","Asia/Tashkent",41.204655,69.232522,,,,"AirGradient","AirGradient"
4902926,"Sputnik-4","temperature",25.470999717712402,"c","2025-09-08T01:00:00Z","2025-09-08T06:00:00+05:00","Asia/Tashkent",41.204655,69.232522,,,,"AirGradient","AirGradient"
4902926,"Sputnik-4","temperature",25.70708354314168,"c","2025-09-08T02:00:00Z","2025-09-08T07:00:00+05:00","Asia/Tashkent",41.204655,69.232522,,,,"AirGradient","AirGradient"
4902926,"Sputnik-4","temperature",26.42366663614909,"c","2025-09-08T03:00:00Z","2025-09-08T08:00:00+05:00","Asia/Tashkent",41.204655,69.232522,,,,"AirGradient","AirGradient"
4902926,"Sputnik-4","temperature",27.09083318710327,"c","2025-09-08T04:00:00Z","2025-09-08T09:00:00+05:00","Asia/Tashkent",41.204655,69.232522,,,,"AirGradient","AirGradient"
4902926,"Sputnik-4","temperature",27.324833234151203,"c","2025-09-08T05:00:00Z","2025-09-08T10:00:00+05:00","Asia/Tashkent",41.204655,69.232522,,,,"AirGradient","AirGradient"
4902926,"Sputnik-4","temperature",29.13450002670288,"c","2025-09-08T06:00:00Z","2025-09-08T11:00:00+05:00","Asia/Tashkent",41.204655,69.232522,,,,"AirGradient","AirGradient"
4902926,"Sputnik-4","temperature",30.627583185831707,"c","2025-09-08T07:00:00Z","2025-09-08T12:00:00+05:00","Asia/Tashkent",41.204655,69.232522,,,,"AirGradient","AirGradient"
4902926,"Sputnik-4","temperature",32.20204130808512,"c","2025-09-08T08:00:00Z","2025-09-08T13:00:00+05:00","Asia/Tashkent",41.204655,69.232522,,,,"AirGradient","AirGradient"
4902926,"Sputnik-4","temperature",32.88354206085205,"c","2025-09-08T09:00:00Z","2025-09-08T14:00:00+05:00","Asia/Tashkent",41.204655,69.232522,,,,"AirGradient","AirGradient"
4902926,"Sputnik-4","temperature",32.41104141871134,"c","2025-09-08T10:00:00Z","2025-09-08T15:00:00+05:00","Asia/Tashkent",41.204655,69.232522,,,,"AirGradient","AirGradient"
4902926,"Sputnik-4","temperature",27.721750100453693,"c","2025-09-08T16:00:00Z","2025-09-08T21:00:00+05:00","Asia/Tashkent",41.204655,69.232522,,,,"AirGradient","AirGradient"
4902926,"Sputnik-4","temperature",27.177000045776367,"c","2025-09-08T17:00:00Z","2025-09-08T22:00:00+05:00","Asia/Tashkent",41.204655,69.232522,,,,"AirGradient","AirGradient"
4902926,"Sputnik-4","temperature",26.395041624704998,"c","2025-09-08T18:00:00Z","2025-09-08T23:00:00+05:00","Asia/Tashkent",41.204655,69.232522,,,,"AirGradient","AirGradient"
4902926,"Sputnik-4","temperature",25.75761127471924,"c","2025-09-08T19:00:00Z","2025-09-09T00:00:00+05:00","Asia/Tashkent",41.204655,69.232522,,,,"AirGradient","AirGradient"
4902926,"Sputnik-4","temperature",25.02750015258789,"c","2025-09-08T20:00:00Z","2025-09-09T01:00:00+05:00","Asia/Tashkent",41.204655,69.232522,,,,"AirGradient","AirGradient"
4902926,"Sputnik-4","temperature",24.24780543645223,"c","2025-09-08T21:00:00Z","2025-09-09T02:00:00+05:00","Asia/Tashkent",41.204655,69.232522,,,,"AirGradient","AirGradient"
4902926,"Sputnik-4","temperature",23.431125164031982,"c","2025-09-08T22:00:00Z","2025-09-09T03:00:00+05:00","Asia/Tashkent",41.204655,69.232522,,,,"AirGradient","AirGradient"
4902926,"Sputnik-4","temperature",22.84066613515218,"c","2025-09-08T23:00:00Z","2025-09-09T04:00:00+05:00","Asia/Tashkent",41.204655,69.232522,,,,"AirGradient","AirGradient"
4902926,"Sputnik-4","temperature",22.859957853953045,"c","2025-09-09T00:00:00Z","2025-09-09T05:00:00+05:00","Asia/Tashkent",41.204655,69.232522,,,,"AirGradient","AirGradient"
4902926,"Sputnik-4","temperature",22.587000052134197,"c","2025-09-09T01:00:00Z","2025-09-09T06:00:00+05:00","Asia/Tashkent",41.204655,69.232522,,,,"AirGradient","AirGradient"
4902926,"Sputnik-4","temperature",22.857333660125732,"c","2025-09-09T02:00:00Z","2025-09-09T07:00:00+05:00","Asia/Tashkent",41.204655,69.232522,,,,"AirGradient","AirGradient"
4902926,"Sputnik-4","temperature",24.523027737935383,"c","2025-09-09T03:00:00Z","2025-09-09T08:00:00+05:00","Asia/Tashkent",41.204655,69.232522,,,,"AirGradient","AirGradient"
4902926,"Sputnik-4","temperature",25.952666759490967,"c","2025-09-09T04:00:00Z","2025-09-09T09:00:00+05:00","Asia/Tashkent",41.204655,69.232522,,,,"AirGradient","AirGradient"
4902926,"Sputnik-4","temperature",27.36437463760376,"c","2025-09-09T05:00:00Z","2025-09-09T10:00:00+05:00","Asia/Tashkent",41.204655,69.232522,,,,"AirGradient","AirGradient"
4902926,"Sputnik-4","temperature",28.81754191716512,"c","2025-09-09T06:00:00Z","2025-09-09T11:00:00+05:00","Asia/Tashkent",41.204655,69.232522,,,,"AirGradient","AirGradient"
4902926,"Sputnik-4","temperature",30.05791695912679,"c","2025-09-09T07:00:00Z","2025-09-09T12:00:00+05:00","Asia/Tashkent",41.204655,69.232522,,,,"AirGradient","AirGradient"
4902926,"Sputnik-4","temperature",30.768458525339764,"c","2025-09-09T08:00:00Z","2025-09-09T13:00:00+05:00","Asia/Tashkent",41.204655,69.232522,,,,"AirGradient","AirGradient"
4902926,"Sputnik-4","temperature",31.464499791463215,"c","2025-09-09T09:00:00Z","2025-09-09T14:00:00+05:00","Asia/Tashkent",41.204655,69.232522,,,,"AirGradient","AirGradient"
4902926,"Sputnik-4","temperature",31.99637524286906,"c","2025-09-09T10:00:00Z","2025-09-09T15:00:00+05:00","Asia/Tashkent",41.204655,69.232522,,,,"AirGradient","AirGradient"
4902926,"Sputnik-4","temperature",31.523750464121502,"c","2025-09-09T11:00:00Z","2025-09-09T16:00:00+05:00","Asia/Tashkent",41.204655,69.232522,,,,"AirGradient","AirGradient"
4902926,"Sputnik-4","temperature",34.370375315348305,"c","2025-09-09T12:00:00Z","2025-09-09T17:00:00+05:00","Asia/Tashkent",41.204655,69.232522,,,,"AirGradient","AirGradient"
4902926,"Sputnik-4","temperature",34.80987517038981,"c","2025-09-09T13:00:00Z","2025-09-09T18:00:00+05:00","Asia/Tashkent",41.204655,69.232522,,,,"AirGradient","AirGradient"
4902926,"Sputnik-4","temperature",31.930805524190266,"c","2025-09-09T14:00:00Z","2025-09-09T19:00:00+05:00","Asia/Tashkent",41.204655,69.232522,,,,"AirGradient","AirGradient"
4902926,"Sputnik-4","temperature",29.112416744232178,"c","2025-09-09T15:00:00Z","2025-09-09T20:00:00+05:00","Asia/Tashkent",41.204655,69.232522,,,,"AirGradient","AirGradient"
4902926,"Sputnik-4","temperature",27.690416653951008,"c","2025-09-09T16:00:00Z","2025-09-09T21:00:00+05:00","Asia/Tashkent",41.204655,69.232522,,,,"AirGradient","AirGradient"
4902926,"Sputnik-4","temperature",26.927000204722088,"c","2025-09-09T17:00:00Z","2025-09-09T22:00:00+05:00","Asia/Tashkent",41.204655,69.232522,,,,"AirGradient","AirGradient"
4902926,"Sputnik-4","temperature",26.35745843251546,"c","2025-09-09T18:00:00Z","2025-09-09T23:00:00+05:00","Asia/Tashkent",41.204655,69.232522,,,,"AirGradient","AirGradient"
4902926,"Sputnik-4","temperature",26.02745819091797,"c","2025-09-09T19:00:00Z","2025-09-10T00:00:00+05:00","Asia/Tashkent",41.204655,69.232522,,,,"AirGradient","AirGradient"
4902926,"Sputnik-4","temperature",25.541958649953205,"c","2025-09-09T20:00:00Z","2025-09-10T01:00:00+05:00","Asia/Tashkent",41.204655,69.232522,,,,"AirGradient","AirGradient"
4902926,"Sputnik-4","temperature",24.72666660944621,"c","2025-09-09T21:00:00Z","2025-09-10T02:00:00+05:00","Asia/Tashkent",41.204655,69.232522,,,,"AirGradient","AirGradient"
4902926,"Sputnik-4","temperature",23.64824978510539,"c","2025-09-09T22:00:00Z","2025-09-10T03:00:00+05:00","Asia/Tashkent",41.204655,69.232522,,,,"AirGradient","AirGradient"
4902926,"Sputnik-4","temperature",23.250500043233234,"c","2025-09-09T23:00:00Z","2025-09-10T04:00:00+05:00","Asia/Tashkent",41.204655,69.232522,,,,"AirGradient","AirGradient"
4902926,"Sputnik-4","temperature",23.23574988047282,"c","2025-09-10T00:00:00Z","2025-09-10T05:00:00+05:00","Asia/Tashkent",41.204655,69.232522,,,,"AirGradient","AirGradient"
4902926,"Sputnik-4","temperature",23.03962516784668,"c","2025-09-10T01:00:00Z","2025-09-10T06:00:00+05:00","Asia/Tashkent",41.204655,69.232522,,,,"AirGradient","AirGradient"
4902926,"Sputnik-4","temperature",23.20741669336955,"c","2025-09-10T02:00:00Z","2025-09-10T07:00:00+05:00","Asia/Tashkent",41.204655,69.232522,,,,"AirGradient","AirGradient"
4902926,"Sputnik-4","temperature",25.00124979019165,"c","2025-09-10T03:00:00Z","2025-09-10T08:00:00+05:00","Asia/Tashkent",41.204655,69.232522,,,,"AirGradient","AirGradient"
4902926,"Sputnik-4","temperature",27.012750307718914,"c","2025-09-10T04:00:00Z","2025-09-10T09:00:00+05:00","Asia/Tashkent",41.204655,69.232522,,,,"AirGradient","AirGradient"
4902926,"Sputnik-4","temperature",29.17459726333618,"c","2025-09-10T05:00:00Z","2025-09-10T10:00:00+05:00","Asia/Tashkent",41.204655,69.232522,,,,"AirGradient","AirGradient"
4902926,"Sputnik-4","temperature",30.498499870300293,"c","2025-09-10T06:00:00Z","2025-09-10T11:00:00+05:00","Asia/Tashkent",41.204655,69.232522,,,,"AirGradient","AirGradient"
4902926,"Sputnik-4","temperature",30.543249766031902,"c","2025-09-10T07:00:00Z","2025-09-10T12:00:00+05:00","Asia/Tashkent",41.204655,69.232522,,,,"AirGradient","AirGradient"
4902926,"Sputnik-4","temperature",30.75612513224284,"c","2025-09-10T08:00:00Z","2025-09-10T13:00:00+05:00","Asia/Tashkent",41.204655,69.232522,,,,"AirGradient","AirGradient"
4902926,"Sputnik-4","temperature",31.393708388010662,"c","2025-09-10T09:00:00Z","2025-09-10T14:00:00+05:00","Asia/Tashkent",41.204655,69.232522,,,,"AirGradient","AirGradient"
4902926,"Sputnik-4","temperature",31.349791526794434,"c","2025-09-10T10:00:00Z","2025-09-10T15:00:00+05:00","Asia/Tashkent",41.204655,69.232522,,,,"AirGradient","AirGradient"
4902926,"Sputnik-4","temperature",31.742416699727375,"c","2025-09-10T11:00:00Z","2025-09-10T16:00:00+05:00","Asia/Tashkent",41.204655,69.232522,,,,"AirGradient","AirGradient"
4902926,"Sputnik-4","temperature",34.095625241597496,"c","2025-09-10T12:00:00Z","2025-09-10T17:00:00+05:00","Asia/Tashkent",41.204655,69.232522,,,,"AirGradient","AirGradient"
4902926,"Sputnik-4","temperature",34.90199979146322,"c","2025-09-10T13:00:00Z","2025-09-10T18:00:00+05:00","Asia/Tashkent",41.204655,69.232522,,,,"AirGradient","AirGradient"
4902926,"Sputnik-4","temperature",31.758291085561115,"c","2025-09-10T14:00:00Z","2025-09-10T19:00:00+05:00","Asia/Tashkent",41.204655,69.232522,,,,"AirGradient","AirGradient"
4902926,"Sputnik-4","temperature",28.10520839691162,"c","2025-09-10T15:00:00Z","2025-09-10T20:00:00+05:00","Asia/Tashkent",41.204655,69.232522,,,,"AirGradient","AirGradient"
4902926,"Sputnik-4","temperature",27.029208501180012,"c","2025-09-10T16:00:00Z","2025-09-10T21:00:00+05:00","Asia/Tashkent",41.204655,69.232522,,,,"AirGradient","AirGradient"
4902926,"Sputnik-4","temperature",26.364041805267334,"c","2025-09-10T17:00:00Z","2025-09-10T22:00:00+05:00","Asia/Tashkent",41.204655,69.232522,,,,"AirGradient","AirGradient"
4902926,"Sputnik-4","temperature",25.8057918548584,"c","2025-09-10T18:00:00Z","2025-09-10T23:00:00+05:00","Asia/Tashkent",41.204655,69.232522,,,,"AirGradient","AirGradient"
4902926,"Sputnik-4","temperature",25.335625012715656,"c","2025-09-10T19:00:00Z","2025-09-11T00:00:00+05:00","Asia/Tashkent",41.204655,69.232522,,,,"AirGradient","AirGradient"
4902926,"Sputnik-4","temperature",24.533916632334392,"c","2025-09-10T20:00:00Z","2025-09-11T01:00:00+05:00","Asia/Tashkent",41.204655,69.232522,,,,"AirGradient","AirGradient"
4902926,"Sputnik-4","temperature",23.673208554585774,"c","2025-09-10T21:00:00Z","2025-09-11T02:00:00+05:00","Asia/Tashkent",41.204655,69.232522,,,,"AirGradient","AirGradient"
4902926,"Sputnik-4","temperature",23.316833178202312,"c","2025-09-10T22:00:00Z","2025-09-11T03:00:00+05:00","Asia/Tashkent",41.204655,69.232522,,,,"AirGradient","AirGradient"
4902926,"Sputnik-4","temperature",22.773916562398274,"c","2025-09-10T23:00:00Z","2025-09-11T04:00:00+05:00","Asia/Tashkent",41.204655,69.232522,,,,"AirGradient","AirGradient"
4902926,"Sputnik-4","temperature",22.189666112263996,"c","2025-09-11T00:00:00Z","2025-09-11T05:00:00+05:00","Asia/Tashkent",41.204655,69.232522,,,,"AirGradient","AirGradient"
4902926,"Sputnik-4","temperature",21.799041271209717,"c","2025-09-11T01:00:00Z","2025-09-11T06:00:00+05:00","Asia/Tashkent",41.204655,69.232522,,,,"AirGradient","AirGradient"
4902926,"Sputnik-4","temperature",21.884625275929768,"c","2025-09-11T02:00:00Z","2025-09-11T07:00:00+05:00","Asia/Tashkent",41.204655,69.232522,,,,"AirGradient","AirGradient"
4902926,"Sputnik-4","temperature",23.14816697438558,"c","2025-09-11T03:00:00Z","2025-09-11T08:00:00+05:00","Asia/Tashkent",41.204655,69.232522,,,,"AirGradient","AirGradient"
4902926,"Sputnik-4","temperature",25.36929178237915,"c","2025-09-11T04:00:00Z","2025-09-11T09:00:00+05:00","Asia/Tashkent",41.204655,69.232522,,,,"AirGradient","AirGradient"
4902926,"Sputnik-4","temperature",27.295249938964844,"c","2025-09-11T05:00:00Z","2025-09-11T10:00:00+05:00","Asia/Tashkent",41.204655,69.232522,,,,"AirGradient","AirGradient"
4902926,"Sputnik-4","temperature",28.192416508992512,"c","2025-09-11T06:00:00Z","2025-09-11T11:00:00+05:00","Asia/Tashkent",41.204655,69.232522,,,,"AirGradient","AirGradient"
4902926,"Sputnik-4","temperature",29.631250222524006,"c","2025-09-11T07:00:00Z","2025-09-11T12:00:00+05:00","Asia/Tashkent",41.204655,69.232522,,,,"AirGradient","AirGradient"
4902926,"Sputnik-4","temperature",30.47427797317505,"c","2025-09-11T08:00:00Z","2025-09-11T13:00:00+05:00","Asia/Tashkent",41.204655,69.232522,,,,"AirGradient","AirGradient"
4902926,"Sputnik-4","temperature",30.8752916653951,"c","2025-09-11T09:00:00Z","2025-09-11T14:00:00+05:00","Asia/Tashkent",41.204655,69.232522,,,,"AirGradient","AirGradient"
4902926,"Sputnik-4","temperature",30.848958333333332,"c","2025-09-11T10:00:00Z","2025-09-11T15:00:00+05:00","Asia/Tashkent",41.204655,69.232522,,,,"AirGradient","AirGradient"
4902926,"Sputnik-4","temperature",30.858625094095867,"c","2025-09-11T11:00:00Z","2025-09-11T16:00:00+05:00","Asia/Tashkent",41.204655,69.232522,,,,"AirGradient","AirGradient"
4902926,"Sputnik-4","temperature",32.865083853403725,"c","2025-09-11T12:00:00Z","2025-09-11T17:00:00+05:00","Asia/Tashkent",41.204655,69.232522,,,,"AirGradient","AirGradient"
4902926,"Sputnik-4","temperature",32.654874642690025,"c","2025-09-11T13:00:00Z","2025-09-11T18:00:00+05:00","Asia/Tashkent",41.204655,69.232522,,,,"AirGradient","AirGradient"
4902926,"Sputnik-4","temperature",28.975666522979736,"c","2025-09-11T14:00:00Z","2025-09-11T19:00:00+05:00","Asia/Tashkent",41.204655,69.232522,,,,"AirGradient","AirGradient"
4902926,"Sputnik-4","temperature",26.79883352915446,"c","2025-09-11T15:00:00Z","2025-09-11T20:00:00+05:00","Asia/Tashkent",41.204655,69.232522,,,,"AirGradient","AirGradient"
4902926,"Sputnik-4","temperature",25.750500043233234,"c","2025-09-11T16:00:00Z","2025-09-11T21:00:00+05:00","Asia/Tashkent",41.204655,69.232522,,,,"AirGradient","AirGradient"
4902926,"Sputnik-4","temperature",24.810208161671955,"c","2025-09-11T17:00:00Z","2025-09-11T22:00:00+05:00","Asia/Tashkent",41.204655,69.232522,,,,"AirGradient","AirGradient"
4902926,"Sputnik-4","temperature",24.11370849609375,"c","2025-09-11T18:00:00Z","2025-09-11T23:00:00+05:00","Asia/Tashkent",41.204655,69.232522,,,,"AirGradient","AirGradient"
4902926,"Sputnik-4","temperature",23.247999986012776,"c","2025-09-11T19:00:00Z","2025-09-12T00:00:00+05:00","Asia/Tashkent",41.204655,69.232522,,,,"AirGradient","AirGradient"
4902926,"Sputnik-4","temperature",22.63937520980835,"c","2025-09-11T20:00:00Z","2025-09-12T01:00:00+05:00","Asia/Tashkent",41.204655,69.232522,,,,"AirGradient","AirGradient"
4902926,"Sputnik-4","temperature",22.227041721343994,"c","2025-09-11T21:00:00Z","2025-09-12T02:00:00+05:00","Asia/Tashkent",41.204655,69.232522,,,,"AirGradient","AirGradient"
4902926,"Sputnik-4","temperature",22.176708539326984,"c","2025-09-11T22:00:00Z","2025-09-12T03:00:00+05:00","Asia/Tashkent",41.204655,69.232522,,,,"AirGradient","AirGradient"
4902926,"Sputnik-4","temperature",22.282000064849854,"c","2025-09-11T23:00:00Z","2025-09-12T04:00:00+05:00","Asia/Tashkent",41.204655,69.232522,,,,"AirGradient","AirGradient"
4902926,"Sputnik-4","temperature",21.881500085194904,"c","2025-09-12T00:00:00Z","2025-09-12T05:00:00+05:00","Asia/Tashkent",41.204655,69.232522,,,,"AirGradient","AirGradient"
4902926,"Sputnik-4","temperature",21.17495854695638,"c","2025-09-12T01:00:00Z","2025-09-12T06:00:00+05:00","Asia/Tashkent",41.204655,69.232522,,,,"AirGradient","AirGradient"
4902926,"Sputnik-4","temperature",21.337875207265217,"c","2025-09-12T02:00:00Z","2025-09-12T07:00:00+05:00","Asia/Tashkent",41.204655,69.232522,,,,"AirGradient","AirGradient"
4902926,"Sputnik-4","temperature",22.58437490463257,"c","2025-09-12T03:00:00Z","2025-09-12T08:00:00+05:00","Asia/Tashkent",41.204655,69.232522,,,,"AirGradient","AirGradient"
4902926,"Sputnik-4","temperature",24.851083596547443,"c","2025-09-12T04:00:00Z","2025-09-12T09:00:00+05:00","Asia/Tashkent",41.204655,69.232522,,,,"AirGradient","AirGradient"
4902926,"Sputnik-4","temperature",26.5882085164388,"c","2025-09-12T05:00:00Z","2025-09-12T10:00:00+05:00","Asia/Tashkent",41.204655,69.232522,,,,"AirGradient","AirGradient"
4902926,"Sputnik-4","temperature",27.589041868845623,"c","2025-09-12T06:00:00Z","2025-09-12T11:00:00+05:00","Asia/Tashkent",41.204655,69.232522,,,,"AirGradient","AirGradient"
4902926,"Sputnik-4","temperature",29.26711082458496,"c","2025-09-12T07:00:00Z","2025-09-12T12:00:00+05:00","Asia/Tashkent",41.204655,69.232522,,,,"AirGradient","AirGradient"
4902926,"Sputnik-4","temperature",30.411667029062908,"c","2025-09-12T08:00:00Z","2025-09-12T13:00:00+05:00","Asia/Tashkent",41.204655,69.232522,,,,"AirGradient","AirGradient"
4902926,"Sputnik-4","temperature",31.112624963124592,"c","2025-09-12T09:00:00Z","2025-09-12T14:00:00+05:00","Asia/Tashkent",41.204655,69.232522,,,,"AirGradient","AirGradient"
4902926,"Sputnik-4","temperature",31.76984707514445,"c","2025-09-12T10:00:00Z","2025-09-12T15:00:00+05:00","Asia/Tashkent",41.204655,69.232522,,,,"AirGradient","AirGradient"
4902926,"Sputnik-4","temperature",32.99804178873698,"c","2025-09-12T11:00:00Z","2025-09-12T16:00:00+05:00","Asia/Tashkent",41.204655,69.232522,,,,"AirGradient","AirGradient"
4902926,"Sputnik-4","temperature",34.92777792612711,"c","2025-09-12T12:00:00Z","2025-09-12T17:00:00+05:00","Asia/Tashkent",41.204655,69.232522,,,,"AirGradient","AirGradient"
4902926,"Sputnik-4","temperature",33.86270809173584,"c","2025-09-12T13:00:00Z","2025-09-12T18:00:00+05:00","Asia/Tashkent",41.204655,69.232522,,,,"AirGradient","AirGradient"
4902926,"Sputnik-4","temperature",30.984875202178955,"c","2025-09-12T14:00:00Z","2025-09-12T19:00:00+05:00","Asia/Tashkent",41.204655,69.232522,,,,"AirGradient","AirGradient"
4902926,"Sputnik-4","temperature",28.83559735616048,"c","2025-09-12T15:00:00Z","2025-09-12T20:00:00+05:00","Asia/Tashkent",41.204655,69.232522,,,,"AirGradient","AirGradient"
4902926,"Sputnik-4","temperature",27.718166987101238,"c","2025-09-12T16:00:00Z","2025-09-12T21:00:00+05:00","Asia/Tashkent",41.204655,69.232522,,,,"AirGradient","AirGradient"
4902926,"Sputnik-4","temperature",26.81850004196167,"c","2025-09-12T17:00:00Z","2025-09-12T22:00:00+05:00","Asia/Tashkent",41.204655,69.232522,,,,"AirGradient","AirGradient"
4902926,"Sputnik-4","temperature",25.876416842142742,"c","2025-09-12T18:00:00Z","2025-09-12T23:00:00+05:00","Asia/Tashkent",41.204655,69.232522,,,,"AirGradient","AirGradient"
4902926,"Sputnik-4","temperature",24.891708056132,"c","2025-09-12T19:00:00Z","2025-09-13T00:00:00+05:00","Asia/Tashkent",41.204655,69.232522,,,,"AirGradient","AirGradient"
4902926,"Sputnik-4","temperature",23.9840833346049,"c","2025-09-12T20:00:00Z","2025-09-13T01:00:00+05:00","Asia/Tashkent",41.204655,69.232522,,,,"AirGradient","AirGradient"
4902926,"Sputnik-4","temperature",23.814958254496258,"c","2025-09-12T21:00:00Z","2025-09-13T02:00:00+05:00","Asia/Tashkent",41.204655,69.232522,,,,"AirGradient","AirGradient"
4902926,"Sputnik-4","temperature",23.42337465286255,"c","2025-09-12T22:00:00Z","2025-09-13T03:00:00+05:00","Asia/Tashkent",41.204655,69.232522,,,,"AirGradient","AirGradient"
4902926,"Sputnik-4","temperature",22.974749724070232,"c","2025-09-12T23:00:00Z","2025-09-13T04:00:00+05:00","Asia/Tashkent",41.204655,69.232522,,,,"AirGradient","AirGradient"
4902926,"Sputnik-4","temperature",22.47520875930786,"c","2025-09-13T00:00:00Z","2025-09-13T05:00:00+05:00","Asia/Tashkent",41.204655,69.232522,,,,"AirGradient","AirGradient"
4902926,"Sputnik-4","temperature",21.96750005086263,"c","2025-09-13T01:00:00Z","2025-09-13T06:00:00+05:00","Asia/Tashkent",41.204655,69.232522,,,,"AirGradient","AirGradient"
4902926,"Sputnik-4","temperature",22.033249855041504,"c","2025-09-13T02:00:00Z","2025-09-13T07:00:00+05:00","Asia/Tashkent",41.204655,69.232522,,,,"AirGradient","AirGradient"
4902926,"Sputnik-4","temperature",23.01075029373169,"c","2025-09-13T03:00:00Z","2025-09-13T08:00:00+05:00","Asia/Tashkent",41.204655,69.232522,,,,"AirGradient","AirGradient"
4902926,"Sputnik-4","temperature",24.91836150487264,"c","2025-09-13T04:00:00Z","2025-09-13T09:00:00+05:00","Asia/Tashkent",41.204655,69.232522,,,,"AirGradient","AirGradient"
4902926,"Sputnik-4","temperature",26.577916622161865,"c","2025-09-13T05:00:00Z","2025-09-13T10:00:00+05:00","Asia/Tashkent",41.204655,69.232522,,,,"AirGradient","AirGradient"
4902926,"Sputnik-4","temperature",27.75683323542277,"c","2025-09-13T06:00:00Z","2025-09-13T11:00:00+05:00","Asia/Tashkent",41.204655,69.232522,,,,"AirGradient","AirGradient"
4902926,"Sputnik-4","temperature",29.25618060429891,"c","2025-09-13T07:00:00Z","2025-09-13T12:00:00+05:00","Asia/Tashkent",41.204655,69.232522,,,,"AirGradient","AirGradient"
4902926,"Sputnik-4","temperature",30.549208641052246,"c","2025-09-13T08:00:00Z","2025-09-13T13:00:00+05:00","Asia/Tashkent",41.204655,69.232522,,,,"AirGradient","AirGradient"
4902926,"Sputnik-4","temperature",30.899027506510418,"c","2025-09-13T09:00:00Z","2025-09-13T14:00:00+05:00","Asia/Tashkent",41.204655,69.232522,,,,"AirGradient","AirGradient"
4902926,"Sputnik-4","temperature",31.249083042144775,"c","2025-09-13T10:00:00Z","2025-09-13T15:00:00+05:00","Asia/Tashkent",41.204655,69.232522,,,,"AirGradient","AirGradient"
4902926,"Sputnik-4","temperature",31.582236131032307,"c","2025-09-13T11:00:00Z","2025-09-13T16:00:00+05:00","Asia/Tashkent",41.204655,69.232522,,,,"AirGradient","AirGradient"
4902926,"Sputnik-4","temperature",31.933306376139324,"c","2025-09-13T12:00:00Z","2025-09-13T17:00:00+05:00","Asia/Tashkent",41.204655,69.232522,,,,"AirGradient","AirGradient"
4902926,"Sputnik-4","temperature",31.04729159673055,"c","2025-09-13T13:00:00Z","2025-09-13T18:00:00+05:00","Asia/Tashkent",41.204655,69.232522,,,,"AirGradient","AirGradient"
4902926,"Sputnik-4","temperature",29.219958305358887,"c","2025-09-13T14:00:00Z","2025-09-13T19:00:00+05:00","Asia/Tashkent",41.204655,69.232522,,,,"AirGradient","AirGradient"
4902926,"Sputnik-4","temperature",27.801833470662434,"c","2025-09-13T15:00:00Z","2025-09-13T20:00:00+05:00","Asia/Tashkent",41.204655,69.232522,,,,"AirGradient","AirGradient"
4902926,"Sputnik-4","temperature",27.242000102996826,"c","2025-09-13T16:00:00Z","2025-09-13T21:00:00+05:00","Asia/Tashkent",41.204655,69.232522,,,,"AirGradient","AirGradient"
4902926,"Sputnik-4","temperature",26.46637503306071,"c","2025-09-13T17:00:00Z","2025-09-13T22:00:00+05:00","Asia/Tashkent",41.204655,69.232522,,,,"AirGradient","AirGradient"
4902926,"Sputnik-4","temperature",25.86791706085205,"c","2025-09-13T18:00:00Z","2025-09-13T23:00:00+05:00","Asia/Tashkent",41.204655,69.232522,,,,"AirGradient","AirGradient"
4902926,"Sputnik-4","temperature",25.198916753133137,"c","2025-09-13T19:00:00Z","2025-09-14T00:00:00+05:00","Asia/Tashkent",41.204655,69.232522,,,,"AirGradient","AirGradient"
4902926,"Sputnik-4","temperature",23.706166585286457,"c","2025-09-13T20:00:00Z","2025-09-14T01:00:00+05:00","Asia/Tashkent",41.204655,69.232522,,,,"AirGradient","AirGradient"
4902926,"Sputnik-4","temperature",23.180250485738117,"c","2025-09-13T21:00:00Z","2025-09-14T02:00:00+05:00","Asia/Tashkent",41.204655,69.232522,,,,"AirGradient","AirGradient"
4902926,"Sputnik-4","temperature",22.93720801671346,"c","2025-09-13T22:00:00Z","2025-09-14T03:00:00+05:00","Asia/Tashkent",41.204655,69.232522,,,,"AirGradient","AirGradient"
4902926,"Sputnik-4","temperature",22.77191670735677,"c","2025-09-13T23:00:00Z","2025-09-14T04:00:00+05:00","Asia/Tashkent",41.204655,69.232522,,,,"AirGradient","AirGradient"
4902926,"Sputnik-4","temperature",21.763500054677326,"c","2025-09-14T00:00:00Z","2025-09-14T05:00:00+05:00","Asia/Tashkent",41.204655,69.232522,,,,"AirGradient","AirGradient"
4902926,"Sputnik-4","temperature",21.729499975840252,"c","2025-09-14T01:00:00Z","2025-09-14T06:00:00+05:00","Asia/Tashkent",41.204655,69.232522,,,,"AirGradient","AirGradient"
4902926,"Sputnik-4","temperature",21.550000031789143,"c","2025-09-14T02:00:00Z","2025-09-14T07:00:00+05:00","Asia/Tashkent",41.204655,69.232522,,,,"AirGradient","AirGradient"
4902926,"Sputnik-4","temperature",22.696749846140545,"c","2025-09-14T03:00:00Z","2025-09-14T08:00:00+05:00","Asia/Tashkent",41.204655,69.232522,,,,"AirGradient","AirGradient"
4902926,"Sputnik-4","temperature",25.147833347320557,"c","2025-09-14T04:00:00Z","2025-09-14T09:00:00+05:00","Asia/Tashkent",41.204655,69.232522,,,,"AirGradient","AirGradient"
4902926,"Sputnik-4","temperature",27.235833485921223,"c","2025-09-14T05:00:00Z","2025-09-14T10:00:00+05:00","Asia/Tashkent",41.204655,69.232522,,,,"AirGradient","AirGradient"
4902926,"Sputnik-4","temperature",29.202138900756836,"c","2025-09-14T06:00:00Z","2025-09-14T11:00:00+05:00","Asia/Tashkent",41.204655,69.232522,,,,"AirGradient","AirGradient"
4902926,"Sputnik-4","temperature",30.130250136057537,"c","2025-09-14T07:00:00Z","2025-09-14T12:00:00+05:00","Asia/Tashkent",41.204655,69.232522,,,,"AirGradient","AirGradient"
4902926,"Sputnik-4","temperature",30.756544980135832,"c","2025-09-14T08:00:00Z","2025-09-14T13:00:00+05:00","Asia/Tashkent",41.204655,69.232522,,,,"AirGradient","AirGradient"
4902926,"Sputnik-4","temperature",31.347333431243896,"c","2025-09-14T09:00:00Z","2025-09-14T14:00:00+05:00","Asia/Tashkent",41.204655,69.232522,,,,"AirGradient","AirGradient"
4902926,"Sputnik-4","temperature",31.73591645558675,"c","2025-09-14T10:00:00Z","2025-09-14T15:00:00+05:00","Asia/Tashkent",41.204655,69.232522,,,,"AirGradient","AirGradient"
4902926,"Sputnik-4","temperature",32.06483284632365,"c","2025-09-14T11:00:00Z","2025-09-14T16:00:00+05:00","Asia/Tashkent",41.204655,69.232522,,,,"AirGradient","AirGradient"
4902926,"Sputnik-4","temperature",33.728458881378174,"c","2025-09-14T12:00:00Z","2025-09-14T17:00:00+05:00","Asia/Tashkent",41.204655,69.232522,,,,"AirGradient","AirGradient"
4902926,"Sputnik-4","temperature",34.45245838165283,"c","2025-09-14T13:00:00Z","2025-09-14T18:00:00+05:00","Asia/Tashkent",41.204655,69.232522,,,,"AirGradient","AirGradient"
4902926,"Sputnik-4","temperature",30.742694854736328,"c","2025-09-14T14:00:00Z","2025-09-14T19:00:00+05:00","Asia/Tashkent",41.204655,69.232522,,,,"AirGradient","AirGradient"
4902926,"Sputnik-4","temperature",27.94229205449422,"c","2025-09-14T15:00:00Z","2025-09-14T20:00:00+05:00","Asia/Tashkent",41.204655,69.232522,,,,"AirGradient","AirGradient"
4902926,"Sputnik-4","temperature",27.015416463216145,"c","2025-09-14T16:00:00Z","2025-09-14T21:00:00+05:00","Asia/Tashkent",41.204655,69.232522,,,,"AirGradient","AirGradient"
4902926,"Sputnik-4","temperature",26.95376380284627,"c","2025-09-14T17:00:00Z","2025-09-14T22:00:00+05:00","Asia/Tashkent",41.204655,69.232522,,,,"AirGradient","AirGradient"
4902926,"Sputnik-4","temperature",26.467666625976562,"c","2025-09-14T18:00:00Z","2025-09-14T23:00:00+05:00","Asia/Tashkent",41.204655,69.232522,,,,"AirGradient","AirGradient"
4902926,"Sputnik-4","temperature",25.931125322977703,"c","2025-09-14T19:00:00Z","2025-09-15T00:00:00+05:00","Asia/Tashkent",41.204655,69.232522,,,,"AirGradient","AirGradient"
4902926,"Sputnik-4","temperature",24.649833520253498,"c","2025-09-14T20:00:00Z","2025-09-15T01:00:00+05:00","Asia/Tashkent",41.204655,69.232522,,,,"AirGradient","AirGradient"
4902926,"Sputnik-4","temperature",23.66712522506714,"c","2025-09-14T21:00:00Z","2025-09-15T02:00:00+05:00","Asia/Tashkent",41.204655,69.232522,,,,"AirGradient","AirGradient"
4902926,"Sputnik-4","temperature",23.475333213806152,"c","2025-09-14T22:00:00Z","2025-09-15T03:00:00+05:00","Asia/Tashkent",41.204655,69.232522,,,,"AirGradient","AirGradient"
4902926,"Sputnik-4","temperature",23.326458136240642,"c","2025-09-14T23:00:00Z","2025-09-15T04:00:00+05:00","Asia/Tashkent",41.204655,69.232522,,,,"AirGradient","AirGradient"
4902926,"Sputnik-4","temperature",22.887999534606934,"c","2025-09-15T00:00:00Z","2025-09-15T05:00:00+05:00","Asia/Tashkent",41.204655,69.232522,,,,"AirGradient","AirGradient"
4902926,"Sputnik-4","temperature",22.615041891733807,"c","2025-09-15T01:00:00Z","2025-09-15T06:00:00+05:00","Asia/Tashkent",41.204655,69.232522,,,,"AirGradient","AirGradient"
4902926,"Sputnik-4","temperature",22.504249731699627,"c","2025-09-15T02:00:00Z","2025-09-15T07:00:00+05:00","Asia/Tashkent",41.204655,69.232522,,,,"AirGradient","AirGradient"
4902926,"Sputnik-4","temperature",23.63183307647705,"c","2025-09-15T03:00:00Z","2025-09-15T08:00:00+05:00","Asia/Tashkent",41.204655,69.232522,,,,"AirGradient","AirGradient"
4902926,"Sputnik-4","temperature",25.279375235239666,"c","2025-09-15T04:00:00Z","2025-09-15T09:00:00+05:00","Asia/Tashkent",41.204655,69.232522,,,,"AirGradient","AirGradient"
4902926,"Sputnik-4","temperature",26.534541447957356,"c","2025-09-15T05:00:00Z","2025-09-15T10:00:00+05:00","Asia/Tashkent",41.204655,69.232522,,,,"AirGradient","AirGradient"
4902926,"Sputnik-4","temperature",27.750750223795574,"c","2025-09-15T06:00:00Z","2025-09-15T11:00:00+05:00","Asia/Tashkent",41.204655,69.232522,,,,"AirGradient","AirGradient"
4902926,"Sputnik-4","temperature",28.64579184850057,"c","2025-09-15T07:00:00Z","2025-09-15T12:00:00+05:00","Asia/Tashkent",41.204655,69.232522,,,,"AirGradient","AirGradient"
4902926,"Sputnik-4","temperature",28.942999839782715,"c","2025-09-15T08:00:00Z","2025-09-15T13:00:00+05:00","Asia/Tashkent",41.204655,69.232522,,,,"AirGradient","AirGradient"
4902926,"Sputnik-4","temperature",29.94825013478597,"c","2025-09-15T09:00:00Z","2025-09-15T14:00:00+05:00","Asia/Tashkent",41.204655,69.232522,,,,"AirGradient","AirGradient"
4902926,"Sputnik-4","temperature",30.7243332862854,"c","2025-09-15T10:00:00Z","2025-09-15T15:00:00+05:00","Asia/Tashkent",41.204655,69.232522,,,,"AirGradient","AirGradient"
4902926,"Sputnik-4","temperature",30.645236174265545,"c","2025-09-15T11:00:00Z","2025-09-15T16:00:00+05:00","Asia/Tashkent",41.204655,69.232522,,,,"AirGradient","AirGradient"
4902926,"Sputnik-4","temperature",31.515249729156494,"c","2025-09-15T12:00:00Z","2025-09-15T17:00:00+05:00","Asia/Tashkent",41.204655,69.232522,,,,"AirGradient","AirGradient"
4902926,"Sputnik-4","temperature",29.070763905843098,"c","2025-09-15T13:00:00Z","2025-09-15T18:00:00+05:00","Asia/Tashkent",41.204655,69.232522,,,,"AirGradient","AirGradient"
4902926,"Sputnik-4","temperature",27.296416759490967,"c","2025-09-15T14:00:00Z","2025-09-15T19:00:00+05:00","Asia/Tashkent",41.204655,69.232522,,,,"AirGradient","AirGradient"
4902926,"Sputnik-4","temperature",26.31616671880086,"c","2025-09-15T15:00:00Z","2025-09-15T20:00:00+05:00","Asia/Tashkent",41.204655,69.232522,,,,"AirGradient","AirGradient"
4902926,"Sputnik-4","temperature",25.40120840072632,"c","2025-09-15T16:00:00Z","2025-09-15T21:00:00+05:00","Asia/Tashkent",41.204655,69.232522,,,,"AirGradient","AirGradient"
4902926,"Sputnik-4","temperature",25.82604169845581,"c","2025-09-15T17:00:00Z","2025-09-15T22:00:00+05:00","Asia/Tashkent",41.204655,69.232522,,,,"AirGradient","AirGradient"
4902926,"Sputnik-4","temperature",25.868208249409992,"c","2025-09-15T18:00:00Z","2025-09-15T23:00:00+05:00","Asia/Tashkent",41.204655,69.232522,,,,"AirGradient","AirGradient"
4902926,"Sputnik-4","temperature",25.118791739145916,"c","2025-09-15T19:00:00Z","2025-09-16T00:00:00+05:00","Asia/Tashkent",41.204655,69.232522,,,,"AirGradient","AirGradient"
4902926,"Sputnik-4","temperature",24.26383352279663,"c","2025-09-15T20:00:00Z","2025-09-16T01:00:00+05:00","Asia/Tashkent",41.204655,69.232522,,,,"AirGradient","AirGradient"
4902926,"Sputnik-4","temperature",23.875874519348145,"c","2025-09-15T21:00:00Z","2025-09-16T02:00:00+05:00","Asia/Tashkent",41.204655,69.232522,,,,"AirGradient","AirGradient"
4902926,"Sputnik-4","temperature",23.924124717712402,"c","2025-09-15T22:00:00Z","2025-09-16T03:00:00+05:00","Asia/Tashkent",41.204655,69.232522,,,,"AirGradient","AirGradient"
4902926,"Sputnik-4","temperature",23.699207941691082,"c","2025-09-15T23:00:00Z","2025-09-16T04:00:00+05:00","Asia/Tashkent",41.204655,69.232522,,,,"AirGradient","AirGradient"
4902926,"Sputnik-4","temperature",23.375041325887043,"c","2025-09-16T00:00:00Z","2025-09-16T05:00:00+05:00","Asia/Tashkent",41.204655,69.232522,,,,"AirGradient","AirGradient"
4902926,"Sputnik-4","temperature",23.21483325958252,"c","2025-09-16T01:00:00Z","2025-09-16T06:00:00+05:00","Asia/Tashkent",41.204655,69.232522,,,,"AirGradient","AirGradient"
4902926,"Sputnik-4","temperature",22.884833017985027,"c","2025-09-16T02:00:00Z","2025-09-16T07:00:00+05:00","Asia/Tashkent",41.204655,69.232522,,,,"AirGradient","AirGradient"
4902926,"Sputnik-4","temperature",23.019625345865887,"c","2025-09-16T03:00:00Z","2025-09-16T08:00:00+05:00","Asia/Tashkent",41.204655,69.232522,,,,"AirGradient","AirGradient"
4902926,"Sputnik-4","temperature",23.509041786193848,"c","2025-09-16T04:00:00Z","2025-09-16T09:00:00+05:00","Asia/Tashkent",41.204655,69.232522,,,,"AirGradient","AirGradient"
4902926,"Sputnik-4","temperature",24.79699993133545,"c","2025-09-16T05:00:00Z","2025-09-16T10:00:00+05:00","Asia/Tashkent",41.204655,69.232522,,,,"AirGradient","AirGradient"
4902926,"Sputnik-4","temperature",26.103458722432453,"c","2025-09-16T06:00:00Z","2025-09-16T11:00:00+05:00","Asia/Tashkent",41.204655,69.232522,,,,"AirGradient","AirGradient"
4902926,"Sputnik-4","temperature",26.286333243052166,"c","2025-09-16T07:00:00Z","2025-09-16T12:00:00+05:00","Asia/Tashkent",41.204655,69.232522,,,,"AirGradient","AirGradient"
4902926,"Sputnik-4","temperature",24.9670836130778,"c","2025-09-16T08:00:00Z","2025-09-16T13:00:00+05:00","Asia/Tashkent",41.204655,69.232522,,,,"AirGradient","AirGradient"
4902926,"Sputnik-4","temperature",25.543360869089764,"c","2025-09-16T09:00:00Z","2025-09-16T14:00:00+05:00","Asia/Tashkent",41.204655,69.232522,,,,"AirGradient","AirGradient"
4902926,"Sputnik-4","temperature",25.33358319600423,"c","2025-09-16T10:00:00Z","2025-09-16T15:00:00+05:00","Asia/Tashkent",41.204655,69.232522,,,,"AirGradient","AirGradient"
4902926,"Sputnik-4","temperature",25.52987464269002,"c","2025-09-16T11:00:00Z","2025-09-16T16:00:00+05:00","Asia/Tashkent",41.204655,69.232522,,,,"AirGradient","AirGradient"
4902926,"Sputnik-4","temperature",29.340944290161133,"c","2025-09-16T12:00:00Z","2025-09-16T17:00:00+05:00","Asia/Tashkent",41.204655,69.232522,,,,"AirGradient","AirGradient"
4902926,"Sputnik-4","temperature",30.001375039418537,"c","2025-09-16T13:00:00Z","2025-09-16T18:00:00+05:00","Asia/Tashkent",41.204655,69.232522,,,,"AirGradient","AirGradient"
4902926,"Sputnik-4","temperature",25.286958535512287,"c","2025-09-16T14:00:00Z","2025-09-16T19:00:00+05:00","Asia/Tashkent",41.204655,69.232522,,,,"AirGradient","AirGradient"
4902926,"Sputnik-4","temperature",23.10219430923462,"c","2025-09-16T15:00:00Z","2025-09-16T20:00:00+05:00","Asia/Tashkent",41.204655,69.232522,,,,"AirGradient","AirGradient"
4902926,"Sputnik-4","temperature",22.23330561319987,"c","2025-09-16T16:00:00Z","2025-09-16T21:00:00+05:00","Asia/Tashkent",41.204655,69.232522,,,,"AirGradient","AirGradient"
4902926,"Sputnik-4","temperature",21.723958492279053,"c","2025-09-16T17:00:00Z","2025-09-16T22:00:00+05:00","Asia/Tashkent",41.204655,69.232522,,,,"AirGradient","AirGradient"
4902926,"Sputnik-4","temperature",21.291791756947834,"c","2025-09-16T18:00:00Z","2025-09-16T23:00:00+05:00","Asia/Tashkent",41.204655,69.232522,,,,"AirGradient","AirGradient"
4902926,"Sputnik-4","temperature",20.704402923583984,"c","2025-09-16T19:00:00Z","2025-09-17T00:00:00+05:00","Asia/Tashkent",41.204655,69.232522,,,,"AirGradient","AirGradient"
4902926,"Sputnik-4","temperature",20.254708607991535,"c","2025-09-16T20:00:00Z","2025-09-17T01:00:00+05:00","Asia/Tashkent",41.204655,69.232522,,,,"AirGradient","AirGradient"
4902926,"Sputnik-4","temperature",19.963333129882812,"c","2025-09-16T21:00:00Z","2025-09-17T02:00:00+05:00","Asia/Tashkent",41.204655,69.232522,,,,"AirGradient","AirGradient"
4902926,"Sputnik-4","temperature",19.657333691914875,"c","2025-09-16T22:00:00Z","2025-09-17T03:00:00+05:00","Asia/Tashkent",41.204655,69.232522,,,,"AirGradient","AirGradient"
4902926,"Sputnik-4","temperature",19.544847011566162,"c","2025-09-16T23:00:00Z","2025-09-17T04:00:00+05:00","Asia/Tashkent",41.204655,69.232522,,,,"AirGradient","AirGradient"
4902926,"Sputnik-4","temperature",19.258458614349365,"c","2025-09-17T00:00:00Z","2025-09-17T05:00:00+05:00","Asia/Tashkent",41.204655,69.232522,,,,"AirGradient","AirGradient"
4902926,"Sputnik-4","temperature",19.022625128428142,"c","2025-09-17T01:00:00Z","2025-09-17T06:00:00+05:00","Asia/Tashkent",41.204655,69.232522,,,,"AirGradient","AirGradient"
4902926,"Sputnik-4","temperature",18.956166744232178,"c","2025-09-17T02:00:00Z","2025-09-17T07:00:00+05:00","Asia/Tashkent",41.204655,69.232522,,,,"AirGradient","AirGradient"
4902926,"Sputnik-4","temperature",19.97291660308838,"c","2025-09-17T03:00:00Z","2025-09-17T08:00:00+05:00","Asia/Tashkent",41.204655,69.232522,,,,"AirGradient","AirGradient"
4902926,"Sputnik-4","temperature",21.356750011444092,"c","2025-09-17T04:00:00Z","2025-09-17T09:00:00+05:00","Asia/Tashkent",41.204655,69.232522,,,,"AirGradient","AirGradient"
4902926,"Sputnik-4","temperature",22.283888816833496,"c","2025-09-17T05:00:00Z","2025-09-17T10:00:00+05:00","Asia/Tashkent",41.204655,69.232522,,,,"AirGradient","AirGradient"
4902926,"Sputnik-4","temperature",23.488027572631836,"c","2025-09-17T06:00:00Z","2025-09-17T11:00:00+05:00","Asia/Tashkent",41.204655,69.232522,,,,"AirGradient","AirGradient"
4902926,"Sputnik-4","temperature",24.333985964457195,"c","2025-09-17T07:00:00Z","2025-09-17T12:00:00+05:00","Asia/Tashkent",41.204655,69.232522,,,,"AirGradient","AirGradient"
4902926,"Sputnik-4","temperature",25.109111309051514,"c","2025-09-17T08:00:00Z","2025-09-17T13:00:00+05:00","Asia/Tashkent",41.204655,69.232522,,,,"AirGradient","AirGradient"
4902926,"Sputnik-4","temperature",25.604374885559082,"c","2025-09-17T09:00:00Z","2025-09-17T14:00:00+05:00","Asia/Tashkent",41.204655,69.232522,,,,"AirGradient","AirGradient"
4902926,"Sputnik-4","temperature",26.46454159418742,"c","2025-09-17T10:00:00Z","2025-09-17T15:00:00+05:00","Asia/Tashkent",41.204655,69.232522,,,,"AirGradient","AirGradient"
4902926,"Sputnik-4","temperature",26.806764125823975,"c","2025-09-17T11:00:00Z","2025-09-17T16:00:00+05:00","Asia/Tashkent",41.204655,69.232522,,,,"AirGradient","AirGradient"
4902926,"Sputnik-4","temperature",26.88629166285197,"c","2025-09-17T12:00:00Z","2025-09-17T17:00:00+05:00","Asia/Tashkent",41.204655,69.232522,,,,"AirGradient","AirGradient"
4902926,"Sputnik-4","temperature",28.404541492462158,"c","2025-09-17T13:00:00Z","2025-09-17T18:00:00+05:00","Asia/Tashkent",41.204655,69.232522,,,,"AirGradient","AirGradient"
4902926,"Sputnik-4","temperature",25.523499965667725,"c","2025-09-17T14:00:00Z","2025-09-17T19:00:00+05:00","Asia/Tashkent",41.204655,69.232522,,,,"AirGradient","AirGradient"
4902926,"Sputnik-4","temperature",24.282500108083088,"c","2025-09-17T15:00:00Z","2025-09-17T20:00:00+05:00","Asia/Tashkent",41.204655,69.232522,,,,"AirGradient","AirGradient"
4902926,"Sputnik-4","temperature",23.330333550771076,"c","2025-09-17T16:00:00Z","2025-09-17T21:00:00+05:00","Asia/Tashkent",41.204655,69.232522,,,,"AirGradient","AirGradient"
4902926,"Sputnik-4","temperature",22.62404155731201,"c","2025-09-17T17:00:00Z","2025-09-17T22:00:00+05:00","Asia/Tashkent",41.204655,69.232522,,,,"AirGradient","AirGradient"
4902926,"Sputnik-4","temperature",21.886707941691082,"c","2025-09-17T18:00:00Z","2025-09-17T23:00:00+05:00","Asia/Tashkent",41.204655,69.232522,,,,"AirGradient","AirGradient"
4902926,"Sputnik-4","temperature",21.302833398183186,"c","2025-09-17T19:00:00Z","2025-09-18T00:00:00+05:00","Asia/Tashkent",41.204655,69.232522,,,,"AirGradient","AirGradient"
4902926,"Sputnik-4","temperature",20.921583493550617,"c","2025-09-17T20:00:00Z","2025-09-18T01:00:00+05:00","Asia/Tashkent",41.204655,69.232522,,,,"AirGradient","AirGradient"
4902926,"Sputnik-4","temperature",20.767332871754963,"c","2025-09-17T21:00:00Z","2025-09-18T02:00:00+05:00","Asia/Tashkent",41.204655,69.232522,,,,"AirGradient","AirGradient"
4902926,"Sputnik-4","temperature",20.860999902089436,"c","2025-09-17T22:00:00Z","2025-09-18T03:00:00+05:00","Asia/Tashkent",41.204655,69.232522,,,,"AirGradient","AirGradient"
4902926,"Sputnik-4","temperature",20.896957874298096,"c","2025-09-17T23:00:00Z","2025-09-18T04:00:00+05:00","Asia/Tashkent",41.204655,69.232522,,,,"AirGradient","AirGradient"
4902926,"Sputnik-4","temperature",20.888582865397137,"c","2025-09-18T00:00:00Z","2025-09-18T05:00:00+05:00","Asia/Tashkent",41.204655,69.232522,,,,"AirGradient","AirGradient"
4902926,"Sputnik-4","temperature",20.773374716440838,"c","2025-09-18T01:00:00Z","2025-09-18T06:00:00+05:00","Asia/Tashkent",41.204655,69.232522,,,,"AirGradient","AirGradient"
4902926,"Sputnik-4","temperature",20.344333330790203,"c","2025-09-18T02:00:00Z","2025-09-18T07:00:00+05:00","Asia/Tashkent",41.204655,69.232522,,,,"AirGradient","AirGradient"
4902926,"Sputnik-4","temperature",20.899444103240967,"c","2025-09-18T03:00:00Z","2025-09-18T08:00:00+05:00","Asia/Tashkent",41.204655,69.232522,,,,"AirGradient","AirGradient"
4902926,"Sputnik-4","temperature",22.4598331451416,"c","2025-09-18T04:00:00Z","2025-09-18T09:00:00+05:00","Asia/Tashkent",41.204655,69.232522,,,,"AirGradient","AirGradient"
4902926,"Sputnik-4","temperature",24.01216681798299,"c","2025-09-18T05:00:00Z","2025-09-18T10:00:00+05:00","Asia/Tashkent",41.204655,69.232522,,,,"AirGradient","AirGradient"
4902926,"Sputnik-4","temperature",24.954458395640057,"c","2025-09-18T06:00:00Z","2025-09-18T11:00:00+05:00","Asia/Tashkent",41.204655,69.232522,,,,"AirGradient","AirGradient"
4902926,"Sputnik-4","temperature",26.03920841217041,"c","2025-09-18T07:00:00Z","2025-09-18T12:00:00+05:00","Asia/Tashkent",41.204655,69.232522,,,,"AirGradient","AirGradient"
4902926,"Sputnik-4","temperature",26.8392915725708,"c","2025-09-18T08:00:00Z","2025-09-18T13:00:00+05:00","Asia/Tashkent",41.204655,69.232522,,,,"AirGradient","AirGradient"
4902926,"Sputnik-4","temperature",27.133708477020264,"c","2025-09-18T09:00:00Z","2025-09-18T14:00:00+05:00","Asia/Tashkent",41.204655,69.232522,,,,"AirGradient","AirGradient"
4902926,"Sputnik-4","temperature",27.324416796366375,"c","2025-09-18T10:00:00Z","2025-09-18T15:00:00+05:00","Asia/Tashkent",41.204655,69.232522,,,,"AirGradient","AirGradient"
4902926,"Sputnik-4","temperature",27.179666996002197,"c","2025-09-18T11:00:00Z","2025-09-18T16:00:00+05:00","Asia/Tashkent",41.204655,69.232522,,,,"AirGradient","AirGradient"
4902926,"Sputnik-4","temperature",30.08004156748454,"c","2025-09-18T12:00:00Z","2025-09-18T17:00:00+05:00","Asia/Tashkent",41.204655,69.232522,,,,"AirGradient","AirGradient"
4902926,"Sputnik-4","temperature",31.347042242685955,"c","2025-09-18T13:00:00Z","2025-09-18T18:00:00+05:00","Asia/Tashkent",41.204655,69.232522,,,,"AirGradient","AirGradient"
4902926,"Sputnik-4","temperature",26.264666716257732,"c","2025-09-18T14:00:00Z","2025-09-18T19:00:00+05:00","Asia/Tashkent",41.204655,69.232522,,,,"AirGradient","AirGradient"
4902926,"Sputnik-4","temperature",24.602916081746418,"c","2025-09-18T15:00:00Z","2025-09-18T20:00:00+05:00","Asia/Tashkent",41.204655,69.232522,,,,"AirGradient","AirGradient"
4902926,"Sputnik-4","temperature",23.52049986521403,"c","2025-09-18T16:00:00Z","2025-09-18T21:00:00+05:00","Asia/Tashkent",41.204655,69.232522,,,,"AirGradient","AirGradient"
4902926,"Sputnik-4","temperature",22.82491699854533,"c","2025-09-18T17:00:00Z","2025-09-18T22:00:00+05:00","Asia/Tashkent",41.204655,69.232522,,,,"AirGradient","AirGradient"
4902926,"Sputnik-4","temperature",22.17004156112671,"c","2025-09-18T18:00:00Z","2025-09-18T23:00:00+05:00","Asia/Tashkent",41.204655,69.232522,,,,"AirGradient","AirGradient"
4902926,"Sputnik-4","temperature",22.325499693552654,"c","2025-09-18T19:00:00Z","2025-09-19T00:00:00+05:00","Asia/Tashkent",41.204655,69.232522,,,,"AirGradient","AirGradient"
4902926,"Sputnik-4","temperature",21.526625474294026,"c","2025-09-18T20:00:00Z","2025-09-19T01:00:00+05:00","Asia/Tashkent",41.204655,69.232522,,,,"AirGradient","AirGradient"
4902926,"Sputnik-4","temperature",20.767124970753986,"c","2025-09-18T21:00:00Z","2025-09-19T02:00:00+05:00","Asia/Tashkent",41.204655,69.232522,,,,"AirGradient","AirGradient"
4902926,"Sputnik-4","temperature",20.464916388193767,"c","2025-09-18T22:00:00Z","2025-09-19T03:00:00+05:00","Asia/Tashkent",41.204655,69.232522,,,,"AirGradient","AirGradient"
4902926,"Sputnik-4","temperature",20.08899974822998,"c","2025-09-18T23:00:00Z","2025-09-19T04:00:00+05:00","Asia/Tashkent",41.204655,69.232522,,,,"AirGradient","AirGradient"
4902926,"Sputnik-4","temperature",19.70958375930786,"c","2025-09-19T00:00:00Z","2025-09-19T05:00:00+05:00","Asia/Tashkent",41.204655,69.232522,,,,"AirGradient","AirGradient"
4902926,"Sputnik-4","temperature",19.2756249109904,"c","2025-09-19T01:00:00Z","2025-09-19T06:00:00+05:00","Asia/Tashkent",41.204655,69.232522,,,,"AirGradient","AirGradient"
4902926,"Sputnik-4","temperature",19.194958368937176,"c","2025-09-19T02:00:00Z","2025-09-19T07:00:00+05:00","Asia/Tashkent",41.204655,69.232522,,,,"AirGradient","AirGradient"
4902926,"Sputnik-4","temperature",20.339333216349285,"c","2025-09-19T03:00:00Z","2025-09-19T08:00:00+05:00","Asia/Tashkent",41.204655,69.232522,,,,"AirGradient","AirGradient"
4902926,"Sputnik-4","temperature",21.948416709899902,"c","2025-09-19T04:00:00Z","2025-09-19T09:00:00+05:00","Asia/Tashkent",41.204655,69.232522,,,,"AirGradient","AirGradient"
4902926,"Sputnik-4","temperature",23.19933319091797,"c","2025-09-19T05:00:00Z","2025-09-19T10:00:00+05:00","Asia/Tashkent",41.204655,69.232522,,,,"AirGradient","AirGradient"
4902926,"Sputnik-4","temperature",24.135499795277912,"c","2025-09-19T06:00:00Z","2025-09-19T11:00:00+05:00","Asia/Tashkent",41.204655,69.232522,,,,"AirGradient","AirGradient"
4902926,"Sputnik-4","temperature",24.813721974690754,"c","2025-09-19T07:00:00Z","2025-09-19T12:00:00+05:00","Asia/Tashkent",41.204655,69.232522,,,,"AirGradient","AirGradient"
4902926,"Sputnik-4","temperature",25.624666531880695,"c","2025-09-19T08:00:00Z","2025-09-19T13:00:00+05:00","Asia/Tashkent",41.204655,69.232522,,,,"AirGradient","AirGradient"
4902926,"Sputnik-4","temperature",26.019416491190594,"c","2025-09-19T09:00:00Z","2025-09-19T14:00:00+05:00","Asia/Tashkent",41.204655,69.232522,,,,"AirGradient","AirGradient"
4902926,"Sputnik-4","temperature",26.602972348531086,"c","2025-09-19T10:00:00Z","2025-09-19T15:00:00+05:00","Asia/Tashkent",41.204655,69.232522,,,,"AirGradient","AirGradient"
4902926,"Sputnik-4","temperature",27.410694281260174,"c","2025-09-19T11:00:00Z","2025-09-19T16:00:00+05:00","Asia/Tashkent",41.204655,69.232522,,,,"AirGradient","AirGradient"
4902926,"Sputnik-4","temperature",29.562055746714275,"c","2025-09-19T12:00:00Z","2025-09-19T17:00:00+05:00","Asia/Tashkent",41.204655,69.232522,,,,"AirGradient","AirGradient"
4902926,"Sputnik-4","temperature",28.229749997456867,"c","2025-09-19T13:00:00Z","2025-09-19T18:00:00+05:00","Asia/Tashkent",41.204655,69.232522,,,,"AirGradient","AirGradient"
4902926,"Sputnik-4","temperature",26.187124729156494,"c","2025-09-19T14:00:00Z","2025-09-19T19:00:00+05:00","Asia/Tashkent",41.204655,69.232522,,,,"AirGradient","AirGradient"
4902926,"Sputnik-4","temperature",24.25993061065674,"c","2025-09-19T15:00:00Z","2025-09-19T20:00:00+05:00","Asia/Tashkent",41.204655,69.232522,,,,"AirGradient","AirGradient"
4902926,"Sputnik-4","temperature",23.072944800059002,"c","2025-09-19T16:00:00Z","2025-09-19T21:00:00+05:00","Asia/Tashkent",41.204655,69.232522,,,,"AirGradient","AirGradient"
4902926,"Sputnik-4","temperature",22.136541684468586,"c","2025-09-19T17:00:00Z","2025-09-19T22:00:00+05:00","Asia/Tashkent",41.204655,69.232522,,,,"AirGradient","AirGradient"
4902926,"Sputnik-4","temperature",21.357638994852703,"c","2025-09-19T18:00:00Z","2025-09-19T23:00:00+05:00","Asia/Tashkent",41.204655,69.232522,,,,"AirGradient","AirGradient"
4902926,"Sputnik-4","temperature",20.614208221435547,"c","2025-09-19T19:00:00Z","2025-09-20T00:00:00+05:00","Asia/Tashkent",41.204655,69.232522,,,,"AirGradient","AirGradient"
4902926,"Sputnik-4","temperature",19.85520855585734,"c","2025-09-19T20:00:00Z","2025-09-20T01:00:00+05:00","Asia/Tashkent",41.204655,69.232522,,,,"AirGradient","AirGradient"
4902926,"Sputnik-4","temperature",19.56316677729289,"c","2025-09-19T21:00:00Z","2025-09-20T02:00:00+05:00","Asia/Tashkent",41.204655,69.232522,,,,"AirGradient","AirGradient"
4902926,"Sputnik-4","temperature",19.581583817799885,"c","2025-09-19T22:00:00Z","2025-09-20T03:00:00+05:00","Asia/Tashkent",41.204655,69.232522,,,,"AirGradient","AirGradient"
4902926,"Sputnik-4","temperature",19.611583868662517,"c","2025-09-19T23:00:00Z","2025-09-20T04:00:00+05:00","Asia/Tashkent",41.204655,69.232522,,,,"AirGradient","AirGradient"
4902926,"Sputnik-4","temperature",19.988541920979817,"c","2025-09-20T00:00:00Z","2025-09-20T05:00:00+05:00","Asia/Tashkent",41.204655,69.232522,,,,"AirGradient","AirGradient"
4902926,"Sputnik-4","temperature",19.815624872843426,"c","2025-09-20T01:00:00Z","2025-09-20T06:00:00+05:00","Asia/Tashkent",41.204655,69.232522,,,,"AirGradient","AirGradient"
4902926,"Sputnik-4","temperature",19.4366668065389,"c","2025-09-20T02:00:00Z","2025-09-20T07:00:00+05:00","Asia/Tashkent",41.204655,69.232522,,,,"AirGradient","AirGradient"
4902926,"Sputnik-4","temperature",20.42312494913737,"c","2025-09-20T03:00:00Z","2025-09-20T08:00:00+05:00","Asia/Tashkent",41.204655,69.232522,,,,"AirGradient","AirGradient"
4902926,"Sputnik-4","temperature",22.727208137512207,"c","2025-09-20T04:00:00Z","2025-09-20T09:00:00+05:00","Asia/Tashkent",41.204655,69.232522,,,,"AirGradient","AirGradient"
4902926,"Sputnik-4","temperature",24.61388889948527,"c","2025-09-20T05:00:00Z","2025-09-20T10:00:00+05:00","Asia/Tashkent",41.204655,69.232522,,,,"AirGradient","AirGradient"
4902926,"Sputnik-4","temperature",25.76633310317993,"c","2025-09-20T06:00:00Z","2025-09-20T11:00:00+05:00","Asia/Tashkent",41.204655,69.232522,,,,"AirGradient","AirGradient"
4902926,"Sputnik-4","temperature",26.84108320871989,"c","2025-09-20T07:00:00Z","2025-09-20T12:00:00+05:00","Asia/Tashkent",41.204655,69.232522,,,,"AirGradient","AirGradient"
4902926,"Sputnik-4","temperature",28.314374923706055,"c","2025-09-20T08:00:00Z","2025-09-20T13:00:00+05:00","Asia/Tashkent",41.204655,69.232522,,,,"AirGradient","AirGradient"
4902926,"Sputnik-4","temperature",29.544291814168293,"c","2025-09-20T09:00:00Z","2025-09-20T14:00:00+05:00","Asia/Tashkent",41.204655,69.232522,,,,"AirGradient","AirGradient"
4902926,"Sputnik-4","temperature",30.26187499364217,"c","2025-09-20T10:00:00Z","2025-09-20T15:00:00+05:00","Asia/Tashkent",41.204655,69.232522,,,,"AirGradient","AirGradient"
4902926,"Sputnik-4","temperature",30.664041837056477,"c","2025-09-20T11:00:00Z","2025-09-20T16:00:00+05:00","Asia/Tashkent",41.204655,69.232522,,,,"AirGradient","AirGradient"
4902926,"Sputnik-4","temperature",33.89454205830892,"c","2025-09-20T12:00:00Z","2025-09-20T17:00:00+05:00","Asia/Tashkent",41.204655,69.232522,,,,"AirGradient","AirGradient"
4902926,"Sputnik-4","temperature",33.60569413503011,"c","2025-09-20T13:00:00Z","2025-09-20T18:00:00+05:00","Asia/Tashkent",41.204655,69.232522,,,,"AirGradient","AirGradient"
4902926,"Sputnik-4","temperature",29.383000055948894,"c","2025-09-20T14:00:00Z","2025-09-20T19:00:00+05:00","Asia/Tashkent",41.204655,69.232522,,,,"AirGradient","AirGradient"
4902926,"Sputnik-4","temperature",27.149347464243572,"c","2025-09-20T15:00:00Z","2025-09-20T20:00:00+05:00","Asia/Tashkent",41.204655,69.232522,,,,"AirGradient","AirGradient"
4902926,"Sputnik-4","temperature",26.287875175476074,"c","2025-09-20T16:00:00Z","2025-09-20T21:00:00+05:00","Asia/Tashkent",41.204655,69.232522,,,,"AirGradient","AirGradient"
4902926,"Sputnik-4","temperature",25.3392915725708,"c","2025-09-20T17:00:00Z","2025-09-20T22:00:00+05:00","Asia/Tashkent",41.204655,69.232522,,,,"AirGradient","AirGradient"
4902926,"Sputnik-4","temperature",23.75509738922119,"c","2025-09-20T18:00:00Z","2025-09-20T23:00:00+05:00","Asia/Tashkent",41.204655,69.232522,,,,"AirGradient","AirGradient"
4902926,"Sputnik-4","temperature",22.489000002543133,"c","2025-09-20T19:00:00Z","2025-09-21T00:00:00+05:00","Asia/Tashkent",41.204655,69.232522,,,,"AirGradient","AirGradient"
4902926,"Sputnik-4","temperature",22.04966656366984,"c","2025-09-20T20:00:00Z","2025-09-21T01:00:00+05:00","Asia/Tashkent",41.204655,69.232522,,,,"AirGradient","AirGradient"
4902926,"Sputnik-4","temperature",21.481791814168293,"c","2025-09-20T21:00:00Z","2025-09-21T02:00:00+05:00","Asia/Tashkent",41.204655,69.232522,,,,"AirGradient","AirGradient"
4902926,"Sputnik-4","temperature",21.25741704305013,"c","2025-09-20T22:00:00Z","2025-09-21T03:00:00+05:00","Asia/Tashkent",41.204655,69.232522,,,,"AirGradient","AirGradient"
4902926,"Sputnik-4","temperature",21.25583330790202,"c","2025-09-20T23:00:00Z","2025-09-21T04:00:00+05:00","Asia/Tashkent",41.204655,69.232522,,,,"AirGradient","AirGradient"
4902926,"Sputnik-4","temperature",21.516499996185303,"c","2025-09-21T00:00:00Z","2025-09-21T05:00:00+05:00","Asia/Tashkent",41.204655,69.232522,,,,"AirGradient","AirGradient"
4902926,"Sputnik-4","temperature",21.437999884287517,"c","2025-09-21T01:00:00Z","2025-09-21T06:00:00+05:00","Asia/Tashkent",41.204655,69.232522,,,,"AirGradient","AirGradient"
4902926,"Sputnik-4","temperature",21.988875071207683,"c","2025-09-21T02:00:00Z","2025-09-21T07:00:00+05:00","Asia/Tashkent",41.204655,69.232522,,,,"AirGradient","AirGradient"
4902926,"Sputnik-4","temperature",22.921791553497314,"c","2025-09-21T03:00:00Z","2025-09-21T08:00:00+05:00","Asia/Tashkent",41.204655,69.232522,,,,"AirGradient","AirGradient"
4902926,"Sputnik-4","temperature",25.00219440460205,"c","2025-09-21T04:00:00Z","2025-09-21T09:00:00+05:00","Asia/Tashkent",41.204655,69.232522,,,,"AirGradient","AirGradient"
4902926,"Sputnik-4","temperature",27.219750086466473,"c","2025-09-21T05:00:00Z","2025-09-21T10:00:00+05:00","Asia/Tashkent",41.204655,69.232522,,,,"AirGradient","AirGradient"
4902926,"Sputnik-4","temperature",29.434208075205486,"c","2025-09-21T06:00:00Z","2025-09-21T11:00:00+05:00","Asia/Tashkent",41.204655,69.232522,,,,"AirGradient","AirGradient"
4902926,"Sputnik-4","temperature",31.175055821736652,"c","2025-09-21T07:00:00Z","2025-09-21T12:00:00+05:00","Asia/Tashkent",41.204655,69.232522,,,,"AirGradient","AirGradient"
4902926,"Sputnik-4","temperature",32.31908337275187,"c","2025-09-21T08:00:00Z","2025-09-21T13:00:00+05:00","Asia/Tashkent",41.204655,69.232522,,,,"AirGradient","AirGradient"
4902926,"Sputnik-4","temperature",32.83626397450765,"c","2025-09-21T09:00:00Z","2025-09-21T14:00:00+05:00","Asia/Tashkent",41.204655,69.232522,,,,"AirGradient","AirGradient"
4902926,"Sputnik-4","temperature",33.21779155731201,"c","2025-09-21T10:00:00Z","2025-09-21T15:00:00+05:00","Asia/Tashkent",41.204655,69.232522,,,,"AirGradient","AirGradient"
4902926,"Sputnik-4","temperature",26.617399597167967,"c","2025-09-21T15:00:00Z","2025-09-21T20:00:00+05:00","Asia/Tashkent",41.204655,69.232522,,,,"AirGradient","AirGradient"
4902926,"Sputnik-4","temperature",29.1133615175883,"c","2025-09-21T16:00:00Z","2025-09-21T21:00:00+05:00","Asia/Tashkent",41.204655,69.232522,,,,"AirGradient","AirGradient"
4902926,"Sputnik-4","temperature",28.40938886006673,"c","2025-09-21T17:00:00Z","2025-09-21T22:00:00+05:00","Asia/Tashkent",41.204655,69.232522,,,,"AirGradient","AirGradient"
4902926,"Sputnik-4","temperature",27.595041751861572,"c","2025-09-21T18:00:00Z","2025-09-21T23:00:00+05:00","Asia/Tashkent",41.204655,69.232522,,,,"AirGradient","AirGradient"
4902926,"Sputnik-4","temperature",27.198541323343914,"c","2025-09-21T19:00:00Z","2025-09-22T00:00:00+05:00","Asia/Tashkent",41.204655,69.232522,,,,"AirGradient","AirGradient"
4902926,"Sputnik-4","temperature",27.1392920811971,"c","2025-09-21T20:00:00Z","2025-09-22T01:00:00+05:00","Asia/Tashkent",41.204655,69.232522,,,,"AirGradient","AirGradient"
4902926,"Sputnik-4","temperature",26.60516659418742,"c","2025-09-21T21:00:00Z","2025-09-22T02:00:00+05:00","Asia/Tashkent",41.204655,69.232522,,,,"AirGradient","AirGradient"
4902926,"Sputnik-4","temperature",25.754041989644367,"c","2025-09-21T22:00:00Z","2025-09-22T03:00:00+05:00","Asia/Tashkent",41.204655,69.232522,,,,"AirGradient","AirGradient"
4902926,"Sputnik-4","temperature",25.2960418065389,"c","2025-09-21T23:00:00Z","2025-09-22T04:00:00+05:00","Asia/Tashkent",41.204655,69.232522,,,,"AirGradient","AirGradient"
4902926,"Sputnik-4","temperature",24.247958024342854,"c","2025-09-22T00:00:00Z","2025-09-22T05:00:00+05:00","Asia/Tashkent",41.204655,69.232522,,,,"AirGradient","AirGradient"
4902926,"Sputnik-4","temperature",24.010777791341145,"c","2025-09-22T01:00:00Z","2025-09-22T06:00:00+05:00","Asia/Tashkent",41.204655,69.232522,,,,"AirGradient","AirGradient"
4902926,"Sputnik-4","temperature",23.90956974029541,"c","2025-09-22T02:00:00Z","2025-09-22T07:00:00+05:00","Asia/Tashkent",41.204655,69.232522,,,,"AirGradient","AirGradient"
4902926,"Sputnik-4","temperature",24.039291540781658,"c","2025-09-22T03:00:00Z","2025-09-22T08:00:00+05:00","Asia/Tashkent",41.204655,69.232522,,,,"AirGradient","AirGradient"
4902926,"Sputnik-4","temperature",24.727375030517578,"c","2025-09-22T04:00:00Z","2025-09-22T09:00:00+05:00","Asia/Tashkent",41.204655,69.232522,,,,"AirGradient","AirGradient"
4902926,"Sputnik-4","temperature",25.310499668121338,"c","2025-09-22T05:00:00Z","2025-09-22T10:00:00+05:00","Asia/Tashkent",41.204655,69.232522,,,,"AirGradient","AirGradient"
4902926,"Sputnik-4","temperature",26.42091655731201,"c","2025-09-22T06:00:00Z","2025-09-22T11:00:00+05:00","Asia/Tashkent",41.204655,69.232522,,,,"AirGradient","AirGradient"
4902926,"Sputnik-4","temperature",27.307791392008465,"c","2025-09-22T07:00:00Z","2025-09-22T12:00:00+05:00","Asia/Tashkent",41.204655,69.232522,,,,"AirGradient","AirGradient"
4902926,"Sputnik-4","temperature",28.283791700998943,"c","2025-09-22T08:00:00Z","2025-09-22T13:00:00+05:00","Asia/Tashkent",41.204655,69.232522,,,,"AirGradient","AirGradient"
4902926,"Sputnik-4","temperature",28.62679163614909,"c","2025-09-22T09:00:00Z","2025-09-22T14:00:00+05:00","Asia/Tashkent",41.204655,69.232522,,,,"AirGradient","AirGradient"
4902926,"Sputnik-4","temperature",28.677125136057537,"c","2025-09-22T10:00:00Z","2025-09-22T15:00:00+05:00","Asia/Tashkent",41.204655,69.232522,,,,"AirGradient","AirGradient"
4902926,"Sputnik-4","temperature",29.711458206176758,"c","2025-09-22T11:00:00Z","2025-09-22T16:00:00+05:00","Asia/Tashkent",41.204655,69.232522,,,,"AirGradient","AirGradient"
4902926,"Sputnik-4","temperature",30.358458360036213,"c","2025-09-22T12:00:00Z","2025-09-22T17:00:00+05:00","Asia/Tashkent",41.204655,69.232522,,,,"AirGradient","AirGradient"
4902926,"Sputnik-4","temperature",29.241291681925457,"c","2025-09-22T13:00:00Z","2025-09-22T18:00:00+05:00","Asia/Tashkent",41.204655,69.232522,,,,"AirGradient","AirGradient"
4902926,"Sputnik-4","temperature",26.743569533030193,"c","2025-09-22T14:00:00Z","2025-09-22T19:00:00+05:00","Asia/Tashkent",41.204655,69.232522,,,,"AirGradient","AirGradient"
4902926,"Sputnik-4","temperature",25.92995834350586,"c","2025-09-22T15:00:00Z","2025-09-22T20:00:00+05:00","Asia/Tashkent",41.204655,69.232522,,,,"AirGradient","AirGradient"
4902926,"Sputnik-4","temperature",25.59499994913737,"c","2025-09-22T16:00:00Z","2025-09-22T21:00:00+05:00","Asia/Tashkent",41.204655,69.232522,,,,"AirGradient","AirGradient"
4902926,"Sputnik-4","temperature",25.421916484832764,"c","2025-09-22T17:00:00Z","2025-09-22T22:00:00+05:00","Asia/Tashkent",41.204655,69.232522,,,,"AirGradient","AirGradient"
4902926,"Sputnik-4","temperature",25.141777992248535,"c","2025-09-22T18:00:00Z","2025-09-22T23:00:00+05:00","Asia/Tashkent",41.204655,69.232522,,,,"AirGradient","AirGradient"
4902926,"Sputnik-4","temperature",24.57141637802124,"c","2025-09-22T19:00:00Z","2025-09-23T00:00:00+05:00","Asia/Tashkent",41.204655,69.232522,,,,"AirGradient","AirGradient"
4902926,"Sputnik-4","temperature",23.996333440144856,"c","2025-09-22T20:00:00Z","2025-09-23T01:00:00+05:00","Asia/Tashkent",41.204655,69.232522,,,,"AirGradient","AirGradient"
4902926,"Sputnik-4","temperature",23.240166664123535,"c","2025-09-22T21:00:00Z","2025-09-23T02:00:00+05:00","Asia/Tashkent",41.204655,69.232522,,,,"AirGradient","AirGradient"
4902926,"Sputnik-4","temperature",22.89658323923747,"c","2025-09-22T22:00:00Z","2025-09-23T03:00:00+05:00","Asia/Tashkent",41.204655,69.232522,,,,"AirGradient","AirGradient"
4902926,"Sputnik-4","temperature",22.82883294423421,"c","2025-09-22T23:00:00Z","2025-09-23T04:00:00+05:00","Asia/Tashkent",41.204655,69.232522,,,,"AirGradient","AirGradient"
4902926,"Sputnik-4","temperature",22.30258337656657,"c","2025-09-23T00:00:00Z","2025-09-23T05:00:00+05:00","Asia/Tashkent",41.204655,69.232522,,,,"AirGradient","AirGradient"
4902926,"Sputnik-4","temperature",21.68524996439616,"c","2025-09-23T01:00:00Z","2025-09-23T06:00:00+05:00","Asia/Tashkent",41.204655,69.232522,,,,"AirGradient","AirGradient"
4902926,"Sputnik-4","temperature",21.30400005976359,"c","2025-09-23T02:00:00Z","2025-09-23T07:00:00+05:00","Asia/Tashkent",41.204655,69.232522,,,,"AirGradient","AirGradient"
4902926,"Sputnik-4","temperature",22.30537494023641,"c","2025-09-23T03:00:00Z","2025-09-23T08:00:00+05:00","Asia/Tashkent",41.204655,69.232522,,,,"AirGradient","AirGradient"
4902926,"Sputnik-4","temperature",23.382110913594563,"c","2025-09-23T04:00:00Z","2025-09-23T09:00:00+05:00","Asia/Tashkent",41.204655,69.232522,,,,"AirGradient","AirGradient"
4902926,"Sputnik-4","temperature",24.50399986902873,"c","2025-09-23T05:00:00Z","2025-09-23T10:00:00+05:00","Asia/Tashkent",41.204655,69.232522,,,,"AirGradient","AirGradient"
4902926,"Sputnik-4","temperature",25.550583521525066,"c","2025-09-23T06:00:00Z","2025-09-23T11:00:00+05:00","Asia/Tashkent",41.204655,69.232522,,,,"AirGradient","AirGradient"
4902926,"Sputnik-4","temperature",25.62600024541219,"c","2025-09-23T07:00:00Z","2025-09-23T12:00:00+05:00","Asia/Tashkent",41.204655,69.232522,,,,"AirGradient","AirGradient"
4902926,"Sputnik-4","temperature",25.779208183288574,"c","2025-09-23T08:00:00Z","2025-09-23T13:00:00+05:00","Asia/Tashkent",41.204655,69.232522,,,,"AirGradient","AirGradient"
4902926,"Sputnik-4","temperature",25.876166343688965,"c","2025-09-23T09:00:00Z","2025-09-23T14:00:00+05:00","Asia/Tashkent",41.204655,69.232522,,,,"AirGradient","AirGradient"
4902926,"Sputnik-4","temperature",26.058545546098188,"c","2025-09-23T10:00:00Z","2025-09-23T15:00:00+05:00","Asia/Tashkent",41.204655,69.232522,,,,"AirGradient","AirGradient"
4902926,"Sputnik-4","temperature",26.527083079020183,"c","2025-09-23T11:00:00Z","2025-09-23T16:00:00+05:00","Asia/Tashkent",41.204655,69.232522,,,,"AirGradient","AirGradient"
4902926,"Sputnik-4","temperature",27.916749715805054,"c","2025-09-23T12:00:00Z","2025-09-23T17:00:00+05:00","Asia/Tashkent",41.204655,69.232522,,,,"AirGradient","AirGradient"
4902926,"Sputnik-4","temperature",28.557624975840252,"c","2025-09-23T13:00:00Z","2025-09-23T18:00:00+05:00","Asia/Tashkent",41.204655,69.232522,,,,"AirGradient","AirGradient"
4902926,"Sputnik-4","temperature",25.603541533152264,"c","2025-09-23T14:00:00Z","2025-09-23T19:00:00+05:00","Asia/Tashkent",41.204655,69.232522,,,,"AirGradient","AirGradient"
4902926,"Sputnik-4","temperature",24.90730555852254,"c","2025-09-23T15:00:00Z","2025-09-23T20:00:00+05:00","Asia/Tashkent",41.204655,69.232522,,,,"AirGradient","AirGradient"
4902926,"Sputnik-4","temperature",24.06645854314168,"c","2025-09-23T16:00:00Z","2025-09-23T21:00:00+05:00","Asia/Tashkent",41.204655,69.232522,,,,"AirGradient","AirGradient"
4902926,"Sputnik-4","temperature",23.493374983469646,"c","2025-09-23T17:00:00Z","2025-09-23T22:00:00+05:00","Asia/Tashkent",41.204655,69.232522,,,,"AirGradient","AirGradient"
4902926,"Sputnik-4","temperature",22.879499753316242,"c","2025-09-23T18:00:00Z","2025-09-23T23:00:00+05:00","Asia/Tashkent",41.204655,69.232522,,,,"AirGradient","AirGradient"
4902926,"Sputnik-4","temperature",22.660667419433594,"c","2025-09-23T19:00:00Z","2025-09-24T00:00:00+05:00","Asia/Tashkent",41.204655,69.232522,,,,"AirGradient","AirGradient"
4902926,"Sputnik-4","temperature",21.738666375478108,"c","2025-09-23T20:00:00Z","2025-09-24T01:00:00+05:00","Asia/Tashkent",41.204655,69.232522,,,,"AirGradient","AirGradient"
4902926,"Sputnik-4","temperature",21.022375106811523,"c","2025-09-23T21:00:00Z","2025-09-24T02:00:00+05:00","Asia/Tashkent",41.204655,69.232522,,,,"AirGradient","AirGradient"
4902926,"Sputnik-4","temperature",20.468541940053303,"c","2025-09-23T22:00:00Z","2025-09-24T03:00:00+05:00","Asia/Tashkent",41.204655,69.232522,,,,"AirGradient","AirGradient"
4902926,"Sputnik-4","temperature",20.049000422159832,"c","2025-09-23T23:00:00Z","2025-09-24T04:00:00+05:00","Asia/Tashkent",41.204655,69.232522,,,,"AirGradient","AirGradient"
4902926,"Sputnik-4","temperature",20.289832909901936,"c","2025-09-24T00:00:00Z","2025-09-24T05:00:00+05:00","Asia/Tashkent",41.204655,69.232522,,,,"AirGradient","AirGradient"
4902926,"Sputnik-4","temperature",19.979708353678387,"c","2025-09-24T01:00:00Z","2025-09-24T06:00:00+05:00","Asia/Tashkent",41.204655,69.232522,,,,"AirGradient","AirGradient"
4902926,"Sputnik-4","temperature",20.09041674931844,"c","2025-09-24T02:00:00Z","2025-09-24T07:00:00+05:00","Asia/Tashkent",41.204655,69.232522,,,,"AirGradient","AirGradient"
4902926,"Sputnik-4","temperature",20.753416379292805,"c","2025-09-24T03:00:00Z","2025-09-24T08:00:00+05:00","Asia/Tashkent",41.204655,69.232522,,,,"AirGradient","AirGradient"
4902926,"Sputnik-4","temperature",22.590458393096924,"c","2025-09-24T04:00:00Z","2025-09-24T09:00:00+05:00","Asia/Tashkent",41.204655,69.232522,,,,"AirGradient","AirGradient"
4902926,"Sputnik-4","temperature",24.44333299001058,"c","2025-09-24T05:00:00Z","2025-09-24T10:00:00+05:00","Asia/Tashkent",41.204655,69.232522,,,,"AirGradient","AirGradient"
4902926,"Sputnik-4","temperature",25.570069313049316,"c","2025-09-24T06:00:00Z","2025-09-24T11:00:00+05:00","Asia/Tashkent",41.204655,69.232522,,,,"AirGradient","AirGradient"
4902926,"Sputnik-4","temperature",26.26675017674764,"c","2025-09-24T07:00:00Z","2025-09-24T12:00:00+05:00","Asia/Tashkent",41.204655,69.232522,,,,"AirGradient","AirGradient"
4902926,"Sputnik-4","temperature",27.01733334859212,"c","2025-09-24T08:00:00Z","2025-09-24T13:00:00+05:00","Asia/Tashkent",41.204655,69.232522,,,,"AirGradient","AirGradient"
4902926,"Sputnik-4","temperature",27.79283316930135,"c","2025-09-24T09:00:00Z","2025-09-24T14:00:00+05:00","Asia/Tashkent",41.204655,69.232522,,,,"AirGradient","AirGradient"
4902926,"Sputnik-4","temperature",28.415833632151287,"c","2025-09-24T10:00:00Z","2025-09-24T15:00:00+05:00","Asia/Tashkent",41.204655,69.232522,,,,"AirGradient","AirGradient"
4902926,"Sputnik-4","temperature",28.894041379292805,"c","2025-09-24T11:00:00Z","2025-09-24T16:00:00+05:00","Asia/Tashkent",41.204655,69.232522,,,,"AirGradient","AirGradient"
4902926,"Sputnik-4","temperature",32.356416861216225,"c","2025-09-24T12:00:00Z","2025-09-24T17:00:00+05:00","Asia/Tashkent",41.204655,69.232522,,,,"AirGradient","AirGradient"
4902926,"Sputnik-4","temperature",32.855930964152016,"c","2025-09-24T13:00:00Z","2025-09-24T18:00:00+05:00","Asia/Tashkent",41.204655,69.232522,,,,"AirGradient","AirGradient"
4902926,"Sputnik-4","temperature",27.523666699727375,"c","2025-09-24T14:00:00Z","2025-09-24T19:00:00+05:00","Asia/Tashkent",41.204655,69.232522,,,,"AirGradient","AirGradient"
4902926,"Sputnik-4","temperature",25.783680121103924,"c","2025-09-24T15:00:00Z","2025-09-24T20:00:00+05:00","Asia/Tashkent",41.204655,69.232522,,,,"AirGradient","AirGradient"
4902926,"Sputnik-4","temperature",24.857166290283203,"c","2025-09-24T16:00:00Z","2025-09-24T21:00:00+05:00","Asia/Tashkent",41.204655,69.232522,,,,"AirGradient","AirGradient"
4902926,"Sputnik-4","temperature",23.697791576385498,"c","2025-09-24T17:00:00Z","2025-09-24T22:00:00+05:00","Asia/Tashkent",41.204655,69.232522,,,,"AirGradient","AirGradient"
4902926,"Sputnik-4","temperature",23.087166627248127,"c","2025-09-24T18:00:00Z","2025-09-24T23:00:00+05:00","Asia/Tashkent",41.204655,69.232522,,,,"AirGradient","AirGradient"
4902926,"Sputnik-4","temperature",22.747083346048992,"c","2025-09-24T19:00:00Z","2025-09-25T00:00:00+05:00","Asia/Tashkent",41.204655,69.232522,,,,"AirGradient","AirGradient"
4902926,"Sputnik-4","temperature",22.175888697306316,"c","2025-09-24T20:00:00Z","2025-09-25T01:00:00+05:00","Asia/Tashkent",41.204655,69.232522,,,,"AirGradient","AirGradient"
4902926,"Sputnik-4","temperature",21.554763634999592,"c","2025-09-24T21:00:00Z","2025-09-25T02:00:00+05:00","Asia/Tashkent",41.204655,69.232522,,,,"AirGradient","AirGradient"
4902926,"Sputnik-4","temperature",21.142375469207764,"c","2025-09-24T22:00:00Z","2025-09-25T03:00:00+05:00","Asia/Tashkent",41.204655,69.232522,,,,"AirGradient","AirGradient"
4902926,"Sputnik-4","temperature",20.91716655095418,"c","2025-09-24T23:00:00Z","2025-09-25T04:00:00+05:00","Asia/Tashkent",41.204655,69.232522,,,,"AirGradient","AirGradient"
4902926,"Sputnik-4","temperature",20.714958508809406,"c","2025-09-25T00:00:00Z","2025-09-25T05:00:00+05:00","Asia/Tashkent",41.204655,69.232522,,,,"AirGradient","AirGradient"
4902926,"Sputnik-4","temperature",20.41783323287964,"c","2025-09-25T01:00:00Z","2025-09-25T06:00:00+05:00","Asia/Tashkent",41.204655,69.232522,,,,"AirGradient","AirGradient"
4902926,"Sputnik-4","temperature",20.251333665847778,"c","2025-09-25T02:00:00Z","2025-09-25T07:00:00+05:00","Asia/Tashkent",41.204655,69.232522,,,,"AirGradient","AirGradient"
4902926,"Sputnik-4","temperature",21.405430539449057,"c","2025-09-25T03:00:00Z","2025-09-25T08:00:00+05:00","Asia/Tashkent",41.204655,69.232522,,,,"AirGradient","AirGradient"
4902926,"Sputnik-4","temperature",23.397375011444094,"c","2025-09-25T04:00:00Z","2025-09-25T09:00:00+05:00","Asia/Tashkent",41.204655,69.232522,,,,"AirGradient","AirGradient"
4902926,"Sputnik-4","temperature",25.506874998410538,"c","2025-09-25T05:00:00Z","2025-09-25T10:00:00+05:00","Asia/Tashkent",41.204655,69.232522,,,,"AirGradient","AirGradient"
4902926,"Sputnik-4","temperature",27.34912495613098,"c","2025-09-25T06:00:00Z","2025-09-25T11:00:00+05:00","Asia/Tashkent",41.204655,69.232522,,,,"AirGradient","AirGradient"
4902926,"Sputnik-4","temperature",28.867541686693826,"c","2025-09-25T07:00:00Z","2025-09-25T12:00:00+05:00","Asia/Tashkent",41.204655,69.232522,,,,"AirGradient","AirGradient"
4902926,"Sputnik-4","temperature",30.007208259900413,"c","2025-09-25T08:00:00Z","2025-09-25T13:00:00+05:00","Asia/Tashkent",41.204655,69.232522,,,,"AirGradient","AirGradient"
4902926,"Sputnik-4","temperature",30.818583289782207,"c","2025-09-25T09:00:00Z","2025-09-25T14:00:00+05:00","Asia/Tashkent",41.204655,69.232522,,,,"AirGradient","AirGradient"
4902926,"Sputnik-4","temperature",31.05950007005171,"c","2025-09-25T10:00:00Z","2025-09-25T15:00:00+05:00","Asia/Tashkent",41.204655,69.232522,,,,"AirGradient","AirGradient"
4902926,"Sputnik-4","temperature",31.36762497425079,"c","2025-09-25T11:00:00Z","2025-09-25T16:00:00+05:00","Asia/Tashkent",41.204655,69.232522,,,,"AirGradient","AirGradient"
4902926,"Sputnik-4","temperature",32.82391672134399,"c","2025-09-25T12:00:00Z","2025-09-25T17:00:00+05:00","Asia/Tashkent",41.204655,69.232522,,,,"AirGradient","AirGradient"
4902926,"Sputnik-4","temperature",30.938708273569745,"c","2025-09-25T13:00:00Z","2025-09-25T18:00:00+05:00","Asia/Tashkent",41.204655,69.232522,,,,"AirGradient","AirGradient"
4902926,"Sputnik-4","temperature",28.630916810035703,"c","2025-09-25T14:00:00Z","2025-09-25T19:00:00+05:00","Asia/Tashkent",41.204655,69.232522,,,,"AirGradient","AirGradient"
4902926,"Sputnik-4","temperature",27.747458346684777,"c","2025-09-25T15:00:00Z","2025-09-25T20:00:00+05:00","Asia/Tashkent",41.204655,69.232522,,,,"AirGradient","AirGradient"
4902926,"Sputnik-4","temperature",27.343208249409994,"c","2025-09-25T16:00:00Z","2025-09-25T21:00:00+05:00","Asia/Tashkent",41.204655,69.232522,,,,"AirGradient","AirGradient"
4902926,"Sputnik-4","temperature",26.383291514714557,"c","2025-09-25T17:00:00Z","2025-09-25T22:00:00+05:00","Asia/Tashkent",41.204655,69.232522,,,,"AirGradient","AirGradient"
4902926,"Sputnik-4","temperature",25.605583357810975,"c","2025-09-25T18:00:00Z","2025-09-25T23:00:00+05:00","Asia/Tashkent",41.204655,69.232522,,,,"AirGradient","AirGradient"
4902926,"Sputnik-4","temperature",24.773541696866356,"c","2025-09-25T19:00:00Z","2025-09-26T00:00:00+05:00","Asia/Tashkent",41.204655,69.232522,,,,"AirGradient","AirGradient"
4902926,"Sputnik-4","temperature",25.12118086285061,"c","2025-09-25T20:00:00Z","2025-09-26T01:00:00+05:00","Asia/Tashkent",41.204655,69.232522,,,,"AirGradient","AirGradient"
4902926,"Sputnik-4","temperature",24.440874973932903,"c","2025-09-25T21:00:00Z","2025-09-26T02:00:00+05:00","Asia/Tashkent",41.204655,69.232522,,,,"AirGradient","AirGradient"
4902926,"Sputnik-4","temperature",24.603625178337097,"c","2025-09-25T22:00:00Z","2025-09-26T03:00:00+05:00","Asia/Tashkent",41.204655,69.232522,,,,"AirGradient","AirGradient"
4902926,"Sputnik-4","temperature",23.756833267211917,"c","2025-09-25T23:00:00Z","2025-09-26T04:00:00+05:00","Asia/Tashkent",41.204655,69.232522,,,,"AirGradient","AirGradient"
4902926,"Sputnik-4","temperature",22.963208214441938,"c","2025-09-26T00:00:00Z","2025-09-26T05:00:00+05:00","Asia/Tashkent",41.204655,69.232522,,,,"AirGradient","AirGradient"
4902926,"Sputnik-4","temperature",22.679333644443087,"c","2025-09-26T01:00:00Z","2025-09-26T06:00:00+05:00","Asia/Tashkent",41.204655,69.232522,,,,"AirGradient","AirGradient"
4902926,"Sputnik-4","temperature",22.907166735331213,"c","2025-09-26T02:00:00Z","2025-09-26T07:00:00+05:00","Asia/Tashkent",41.204655,69.232522,,,,"AirGradient","AirGradient"
4902926,"Sputnik-4","temperature",23.519875081380206,"c","2025-09-26T03:00:00Z","2025-09-26T08:00:00+05:00","Asia/Tashkent",41.204655,69.232522,,,,"AirGradient","AirGradient"
4902926,"Sputnik-4","temperature",24.812916588783263,"c","2025-09-26T04:00:00Z","2025-09-26T09:00:00+05:00","Asia/Tashkent",41.204655,69.232522,,,,"AirGradient","AirGradient"
4902926,"Sputnik-4","temperature",26.29054160118103,"c","2025-09-26T05:00:00Z","2025-09-26T10:00:00+05:00","Asia/Tashkent",41.204655,69.232522,,,,"AirGradient","AirGradient"
4902926,"Sputnik-4","temperature",27.872291787465414,"c","2025-09-26T06:00:00Z","2025-09-26T11:00:00+05:00","Asia/Tashkent",41.204655,69.232522,,,,"AirGradient","AirGradient"
4902926,"Sputnik-4","temperature",28.197958294550578,"c","2025-09-26T07:00:00Z","2025-09-26T12:00:00+05:00","Asia/Tashkent",41.204655,69.232522,,,,"AirGradient","AirGradient"
4902926,"Sputnik-4","temperature",29.15529165267945,"c","2025-09-26T08:00:00Z","2025-09-26T13:00:00+05:00","Asia/Tashkent",41.204655,69.232522,,,,"AirGradient","AirGradient"
4902926,"Sputnik-4","temperature",29.593833335240685,"c","2025-09-26T09:00:00Z","2025-09-26T14:00:00+05:00","Asia/Tashkent",41.204655,69.232522,,,,"AirGradient","AirGradient"
4902926,"Sputnik-4","temperature",31.135958361625672,"c","2025-09-26T11:00:00Z","2025-09-26T16:00:00+05:00","Asia/Tashkent",41.204655,69.232522,,,,"AirGradient","AirGradient"
4902926,"Sputnik-4","temperature",31.198805658022565,"c","2025-09-26T12:00:00Z","2025-09-26T17:00:00+05:00","Asia/Tashkent",41.204655,69.232522,,,,"AirGradient","AirGradient"
4902926,"Sputnik-4","temperature",31.5444584608078,"c","2025-09-26T13:00:00Z","2025-09-26T18:00:00+05:00","Asia/Tashkent",41.204655,69.232522,,,,"AirGradient","AirGradient"
4902926,"Sputnik-4","temperature",28.17954162756602,"c","2025-09-26T14:00:00Z","2025-09-26T19:00:00+05:00","Asia/Tashkent",41.204655,69.232522,,,,"AirGradient","AirGradient"
4902926,"Sputnik-4","temperature",26.776291608810425,"c","2025-09-26T15:00:00Z","2025-09-26T20:00:00+05:00","Asia/Tashkent",41.204655,69.232522,,,,"AirGradient","AirGradient"
4902926,"Sputnik-4","temperature",26.048625040054322,"c","2025-09-26T16:00:00Z","2025-09-26T21:00:00+05:00","Asia/Tashkent",41.204655,69.232522,,,,"AirGradient","AirGradient"
4902926,"Sputnik-4","temperature",25.77716652552287,"c","2025-09-26T17:00:00Z","2025-09-26T22:00:00+05:00","Asia/Tashkent",41.204655,69.232522,,,,"AirGradient","AirGradient"
4902926,"Sputnik-4","temperature",25.13675007820129,"c","2025-09-26T18:00:00Z","2025-09-26T23:00:00+05:00","Asia/Tashkent",41.204655,69.232522,,,,"AirGradient","AirGradient"
4902926,"Sputnik-4","temperature",24.451833446820576,"c","2025-09-26T19:00:00Z","2025-09-27T00:00:00+05:00","Asia/Tashkent",41.204655,69.232522,,,,"AirGradient","AirGradient"
4902926,"Sputnik-4","temperature",23.876250100135803,"c","2025-09-26T20:00:00Z","2025-09-27T01:00:00+05:00","Asia/Tashkent",41.204655,69.232522,,,,"AirGradient","AirGradient"
4902926,"Sputnik-4","temperature",23.34837502638499,"c","2025-09-26T21:00:00Z","2025-09-27T02:00:00+05:00","Asia/Tashkent",41.204655,69.232522,,,,"AirGradient","AirGradient"
4902926,"Sputnik-4","temperature",23.00887508392334,"c","2025-09-26T22:00:00Z","2025-09-27T03:00:00+05:00","Asia/Tashkent",41.204655,69.232522,,,,"AirGradient","AirGradient"
4902926,"Sputnik-4","temperature",22.64816650549571,"c","2025-09-26T23:00:00Z","2025-09-27T04:00:00+05:00","Asia/Tashkent",41.204655,69.232522,,,,"AirGradient","AirGradient"
4902926,"Sputnik-4","temperature",22.100666936238607,"c","2025-09-27T00:00:00Z","2025-09-27T05:00:00+05:00","Asia/Tashkent",41.204655,69.232522,,,,"AirGradient","AirGradient"
4902926,"Sputnik-4","temperature",21.797083298365276,"c","2025-09-27T01:00:00Z","2025-09-27T06:00:00+05:00","Asia/Tashkent",41.204655,69.232522,,,,"AirGradient","AirGradient"
4902926,"Sputnik-4","temperature",21.73954189618428,"c","2025-09-27T02:00:00Z","2025-09-27T07:00:00+05:00","Asia/Tashkent",41.204655,69.232522,,,,"AirGradient","AirGradient"
4902926,"Sputnik-4","temperature",22.748500029246014,"c","2025-09-27T03:00:00Z","2025-09-27T08:00:00+05:00","Asia/Tashkent",41.204655,69.232522,,,,"AirGradient","AirGradient"
4902926,"Sputnik-4","temperature",24.423833314577738,"c","2025-09-27T04:00:00Z","2025-09-27T09:00:00+05:00","Asia/Tashkent",41.204655,69.232522,,,,"AirGradient","AirGradient"
4902926,"Sputnik-4","temperature",25.900545406341553,"c","2025-09-27T05:00:00Z","2025-09-27T10:00:00+05:00","Asia/Tashkent",41.204655,69.232522,,,,"AirGradient","AirGradient"
4902926,"Sputnik-4","temperature",27.198555416531033,"c","2025-09-27T06:00:00Z","2025-09-27T11:00:00+05:00","Asia/Tashkent",41.204655,69.232522,,,,"AirGradient","AirGradient"
4902926,"Sputnik-4","temperature",28.737799835205077,"c","2025-09-27T08:00:00Z","2025-09-27T13:00:00+05:00","Asia/Tashkent",41.204655,69.232522,,,,"AirGradient","AirGradient"
4902926,"Sputnik-4","temperature",29.59533328215281,"c","2025-09-27T09:00:00Z","2025-09-27T14:00:00+05:00","Asia/Tashkent",41.204655,69.232522,,,,"AirGradient","AirGradient"
4902926,"Sputnik-4","temperature",32.32924979527791,"c","2025-09-27T12:00:00Z","2025-09-27T17:00:00+05:00","Asia/Tashkent",41.204655,69.232522,,,,"AirGradient","AirGradient"
4902926,"Sputnik-4","temperature",30.997333359718326,"c","2025-09-27T13:00:00Z","2025-09-27T18:00:00+05:00","Asia/Tashkent",41.204655,69.232522,,,,"AirGradient","AirGradient"
4902926,"Sputnik-4","temperature",27.89562487867143,"c","2025-09-27T14:00:00Z","2025-09-27T19:00:00+05:00","Asia/Tashkent",41.204655,69.232522,,,,"AirGradient","AirGradient"
4902926,"Sputnik-4","temperature",26.91670850118001,"c","2025-09-27T15:00:00Z","2025-09-27T20:00:00+05:00","Asia/Tashkent",41.204655,69.232522,,,,"AirGradient","AirGradient"
4902926,"Sputnik-4","temperature",26.51437505086263,"c","2025-09-27T16:00:00Z","2025-09-27T21:00:00+05:00","Asia/Tashkent",41.204655,69.232522,,,,"AirGradient","AirGradient"
4902926,"Sputnik-4","temperature",25.164583396911624,"c","2025-09-27T17:00:00Z","2025-09-27T22:00:00+05:00","Asia/Tashkent",41.204655,69.232522,,,,"AirGradient","AirGradient"
4902926,"Sputnik-4","temperature",23.702749856313073,"c","2025-09-27T18:00:00Z","2025-09-27T23:00:00+05:00","Asia/Tashkent",41.204655,69.232522,,,,"AirGradient","AirGradient"
4902926,"Sputnik-4","temperature",23.641041564941407,"c","2025-09-27T19:00:00Z","2025-09-28T00:00:00+05:00","Asia/Tashkent",41.204655,69.232522,,,,"AirGradient","AirGradient"
4902926,"Sputnik-4","temperature",23.014805396397907,"c","2025-09-27T20:00:00Z","2025-09-28T01:00:00+05:00","Asia/Tashkent",41.204655,69.232522,,,,"AirGradient","AirGradient"
4902926,"Sputnik-4","temperature",22.452708395322166,"c","2025-09-27T21:00:00Z","2025-09-28T02:00:00+05:00","Asia/Tashkent",41.204655,69.232522,,,,"AirGradient","AirGradient"
4902926,"Sputnik-4","temperature",22.07141687075297,"c","2025-09-27T22:00:00Z","2025-09-28T03:00:00+05:00","Asia/Tashkent",41.204655,69.232522,,,,"AirGradient","AirGradient"
4902926,"Sputnik-4","temperature",21.866708270708724,"c","2025-09-27T23:00:00Z","2025-09-28T04:00:00+05:00","Asia/Tashkent",41.204655,69.232522,,,,"AirGradient","AirGradient"
4902926,"Sputnik-4","temperature",21.616625491778056,"c","2025-09-28T00:00:00Z","2025-09-28T05:00:00+05:00","Asia/Tashkent",41.204655,69.232522,,,,"AirGradient","AirGradient"
4902926,"Sputnik-4","temperature",21.87470843791962,"c","2025-09-28T01:00:00Z","2025-09-28T06:00:00+05:00","Asia/Tashkent",41.204655,69.232522,,,,"AirGradient","AirGradient"
4902926,"Sputnik-4","temperature",21.19825015068054,"c","2025-09-28T02:00:00Z","2025-09-28T07:00:00+05:00","Asia/Tashkent",41.204655,69.232522,,,,"AirGradient","AirGradient"
4902926,"Sputnik-4","temperature",22.499375057220462,"c","2025-09-28T03:00:00Z","2025-09-28T08:00:00+05:00","Asia/Tashkent",41.204655,69.232522,,,,"AirGradient","AirGradient"
4902926,"Sputnik-4","temperature",24.033013855086434,"c","2025-09-28T04:00:00Z","2025-09-28T09:00:00+05:00","Asia/Tashkent",41.204655,69.232522,,,,"AirGradient","AirGradient"
4902926,"Sputnik-4","temperature",25.64804161389669,"c","2025-09-28T05:00:00Z","2025-09-28T10:00:00+05:00","Asia/Tashkent",41.204655,69.232522,,,,"AirGradient","AirGradient"
4902926,"Sputnik-4","temperature",26.954222263230218,"c","2025-09-28T06:00:00Z","2025-09-28T11:00:00+05:00","Asia/Tashkent",41.204655,69.232522,,,,"AirGradient","AirGradient"
4902926,"Sputnik-4","temperature",28.142666872342428,"c","2025-09-28T07:00:00Z","2025-09-28T12:00:00+05:00","Asia/Tashkent",41.204655,69.232522,,,,"AirGradient","AirGradient"
4902926,"Sputnik-4","temperature",29.57391666571299,"c","2025-09-28T08:00:00Z","2025-09-28T13:00:00+05:00","Asia/Tashkent",41.204655,69.232522,,,,"AirGradient","AirGradient"
4902926,"Sputnik-4","temperature",32.140472343232894,"c","2025-09-28T12:00:00Z","2025-09-28T17:00:00+05:00","Asia/Tashkent",41.204655,69.232522,,,,"AirGradient","AirGradient"
4902926,"Sputnik-4","temperature",30.90929173628489,"c","2025-09-28T13:00:00Z","2025-09-28T18:00:00+05:00","Asia/Tashkent",41.204655,69.232522,,,,"AirGradient","AirGradient"
4902926,"Sputnik-4","temperature",27.943680638737145,"c","2025-09-28T14:00:00Z","2025-09-28T19:00:00+05:00","Asia/Tashkent",41.204655,69.232522,,,,"AirGradient","AirGradient"
4902926,"Sputnik-4","temperature",26.942416691780092,"c","2025-09-28T15:00:00Z","2025-09-28T20:00:00+05:00","Asia/Tashkent",41.204655,69.232522,,,,"AirGradient","AirGradient"
4902926,"Sputnik-4","temperature",26.159458279609677,"c","2025-09-28T16:00:00Z","2025-09-28T21:00:00+05:00","Asia/Tashkent",41.204655,69.232522,,,,"AirGradient","AirGradient"
4902926,"Sputnik-4","temperature",25.205833101272585,"c","2025-09-28T17:00:00Z","2025-09-28T22:00:00+05:00","Asia/Tashkent",41.204655,69.232522,,,,"AirGradient","AirGradient"
4902926,"Sputnik-4","temperature",24.501749881108605,"c","2025-09-28T18:00:00Z","2025-09-28T23:00:00+05:00","Asia/Tashkent",41.204655,69.232522,,,,"AirGradient","AirGradient"
4902926,"Sputnik-4","temperature",23.698125060399374,"c","2025-09-28T19:00:00Z","2025-09-29T00:00:00+05:00","Asia/Tashkent",41.204655,69.232522,,,,"AirGradient","AirGradient"
4902926,"Sputnik-4","temperature",22.67241673469543,"c","2025-09-28T20:00:00Z","2025-09-29T01:00:00+05:00","Asia/Tashkent",41.204655,69.232522,,,,"AirGradient","AirGradient"
4902926,"Sputnik-4","temperature",21.957902744081284,"c","2025-09-28T21:00:00Z","2025-09-29T02:00:00+05:00","Asia/Tashkent",41.204655,69.232522,,,,"AirGradient","AirGradient"
4902926,"Sputnik-4","temperature",21.32062477270762,"c","2025-09-28T22:00:00Z","2025-09-29T03:00:00+05:00","Asia/Tashkent",41.204655,69.232522,,,,"AirGradient","AirGradient"
4902926,"Sputnik-4","temperature",21.153208223978684,"c","2025-09-28T23:00:00Z","2025-09-29T04:00:00+05:00","Asia/Tashkent",41.204655,69.232522,,,,"AirGradient","AirGradient"
4902926,"Sputnik-4","temperature",20.818541495005288,"c","2025-09-29T00:00:00Z","2025-09-29T05:00:00+05:00","Asia/Tashkent",41.204655,69.232522,,,,"AirGradient","AirGradient"
4902926,"Sputnik-4","temperature",21.081791949272155,"c","2025-09-29T01:00:00Z","2025-09-29T06:00:00+05:00","Asia/Tashkent",41.204655,69.232522,,,,"AirGradient","AirGradient"
4902926,"Sputnik-4","temperature",20.51312503814697,"c","2025-09-29T02:00:00Z","2025-09-29T07:00:00+05:00","Asia/Tashkent",41.204655,69.232522,,,,"AirGradient","AirGradient"
4902926,"Sputnik-4","temperature",21.548041701316833,"c","2025-09-29T03:00:00Z","2025-09-29T08:00:00+05:00","Asia/Tashkent",41.204655,69.232522,,,,"AirGradient","AirGradient"
4902926,"Sputnik-4","temperature",24.462416640917457,"c","2025-09-29T04:00:00Z","2025-09-29T09:00:00+05:00","Asia/Tashkent",41.204655,69.232522,,,,"AirGradient","AirGradient"
4902926,"Sputnik-4","temperature",26.14933340549469,"c","2025-09-29T05:00:00Z","2025-09-29T10:00:00+05:00","Asia/Tashkent",41.204655,69.232522,,,,"AirGradient","AirGradient"
4902926,"Sputnik-4","temperature",27.447333550453184,"c","2025-09-29T06:00:00Z","2025-09-29T11:00:00+05:00","Asia/Tashkent",41.204655,69.232522,,,,"AirGradient","AirGradient"
4902926,"Sputnik-4","temperature",28.19254157543182,"c","2025-09-29T07:00:00Z","2025-09-29T12:00:00+05:00","Asia/Tashkent",41.204655,69.232522,,,,"AirGradient","AirGradient"
4902926,"Sputnik-4","temperature",29.10324986775716,"c","2025-09-29T08:00:00Z","2025-09-29T13:00:00+05:00","Asia/Tashkent",41.204655,69.232522,,,,"AirGradient","AirGradient"
4902926,"Sputnik-4","temperature",29.255333193143212,"c","2025-09-29T09:00:00Z","2025-09-29T14:00:00+05:00","Asia/Tashkent",41.204655,69.232522,,,,"AirGradient","AirGradient"
4902926,"Sputnik-4","temperature",29.758416334788,"c","2025-09-29T10:00:00Z","2025-09-29T15:00:00+05:00","Asia/Tashkent",41.204655,69.232522,,,,"AirGradient","AirGradient"
4902926,"Sputnik-4","temperature",30.095361068513654,"c","2025-09-29T11:00:00Z","2025-09-29T16:00:00+05:00","Asia/Tashkent",41.204655,69.232522,,,,"AirGradient","AirGradient"
4902926,"Sputnik-4","temperature",26.48970837593079,"c","2025-09-29T13:00:00Z","2025-09-29T18:00:00+05:00","Asia/Tashkent",41.204655,69.232522,,,,"AirGradient","AirGradient"
4902926,"Sputnik-4","temperature",25.003361092673405,"c","2025-09-29T14:00:00Z","2025-09-29T19:00:00+05:00","Asia/Tashkent",41.204655,69.232522,,,,"AirGradient","AirGradient"
4902926,"Sputnik-4","temperature",24.819013738632204,"c","2025-09-29T15:00:00Z","2025-09-29T20:00:00+05:00","Asia/Tashkent",41.204655,69.232522,,,,"AirGradient","AirGradient"
4902926,"Sputnik-4","temperature",24.63616670767466,"c","2025-09-29T16:00:00Z","2025-09-29T21:00:00+05:00","Asia/Tashkent",41.204655,69.232522,,,,"AirGradient","AirGradient"
4902926,"Sputnik-4","temperature",23.63879193464915,"c","2025-09-29T17:00:00Z","2025-09-29T22:00:00+05:00","Asia/Tashkent",41.204655,69.232522,,,,"AirGradient","AirGradient"
4902926,"Sputnik-4","temperature",23.518958282470706,"c","2025-09-29T18:00:00Z","2025-09-29T23:00:00+05:00","Asia/Tashkent",41.204655,69.232522,,,,"AirGradient","AirGradient"
4902926,"Sputnik-4","temperature",23.633416700363156,"c","2025-09-29T19:00:00Z","2025-09-30T00:00:00+05:00","Asia/Tashkent",41.204655,69.232522,,,,"AirGradient","AirGradient"
4902926,"Sputnik-4","temperature",22.39244430594974,"c","2025-09-29T20:00:00Z","2025-09-30T01:00:00+05:00","Asia/Tashkent",41.204655,69.232522,,,,"AirGradient","AirGradient"
4902926,"Sputnik-4","temperature",22.344166334470117,"c","2025-09-29T21:00:00Z","2025-09-30T02:00:00+05:00","Asia/Tashkent",41.204655,69.232522,,,,"AirGradient","AirGradient"
4902926,"Sputnik-4","temperature",22.14583320617676,"c","2025-09-29T22:00:00Z","2025-09-30T03:00:00+05:00","Asia/Tashkent",41.204655,69.232522,,,,"AirGradient","AirGradient"
4902926,"Sputnik-4","temperature",21.299166838328045,"c","2025-09-29T23:00:00Z","2025-09-30T04:00:00+05:00","Asia/Tashkent",41.204655,69.232522,,,,"AirGradient","AirGradient"
4902926,"Sputnik-4","temperature",21.245916453997292,"c","2025-09-30T00:00:00Z","2025-09-30T05:00:00+05:00","Asia/Tashkent",41.204655,69.232522,,,,"AirGradient","AirGradient"
4902926,"Sputnik-4","temperature",20.60579162438711,"c","2025-09-30T01:00:00Z","2025-09-30T06:00:00+05:00","Asia/Tashkent",41.204655,69.232522,,,,"AirGradient","AirGradient"
4902926,"Sputnik-4","temperature",19.41724979082743,"c","2025-09-30T02:00:00Z","2025-09-30T07:00:00+05:00","Asia/Tashkent",41.204655,69.232522,,,,"AirGradient","AirGradient"
4902926,"Sputnik-4","temperature",19.96470832029978,"c","2025-09-30T03:00:00Z","2025-09-30T08:00:00+05:00","Asia/Tashkent",41.204655,69.232522,,,,"AirGradient","AirGradient"
4902926,"Sputnik-4","temperature",21.46929159959157,"c","2025-09-30T04:00:00Z","2025-09-30T09:00:00+05:00","Asia/Tashkent",41.204655,69.232522,,,,"AirGradient","AirGradient"
4902926,"Sputnik-4","temperature",22.83966677983602,"c","2025-09-30T05:00:00Z","2025-09-30T10:00:00+05:00","Asia/Tashkent",41.204655,69.232522,,,,"AirGradient","AirGradient"
4902926,"Sputnik-4","temperature",24.520624923706055,"c","2025-09-30T06:00:00Z","2025-09-30T11:00:00+05:00","Asia/Tashkent",41.204655,69.232522,,,,"AirGradient","AirGradient"
4902926,"Sputnik-4","temperature",25.36458330154419,"c","2025-09-30T07:00:00Z","2025-09-30T12:00:00+05:00","Asia/Tashkent",41.204655,69.232522,,,,"AirGradient","AirGradient"
4902926,"Sputnik-4","temperature",26.16554172039032,"c","2025-09-30T08:00:00Z","2025-09-30T13:00:00+05:00","Asia/Tashkent",41.204655,69.232522,,,,"AirGradient","AirGradient"
4902926,"Sputnik-4","temperature",26.346680466334025,"c","2025-09-30T09:00:00Z","2025-09-30T14:00:00+05:00","Asia/Tashkent",41.204655,69.232522,,,,"AirGradient","AirGradient"
4902926,"Sputnik-4","temperature",27.375499942567615,"c","2025-09-30T10:00:00Z","2025-09-30T15:00:00+05:00","Asia/Tashkent",41.204655,69.232522,,,,"AirGradient","AirGradient"
4902926,"Sputnik-4","temperature",27.06004162629446,"c","2025-09-30T11:00:00Z","2025-09-30T16:00:00+05:00","Asia/Tashkent",41.204655,69.232522,,,,"AirGradient","AirGradient"
4902926,"Sputnik-4","temperature",26.90579170385996,"c","2025-09-30T12:00:00Z","2025-09-30T17:00:00+05:00","Asia/Tashkent",41.204655,69.232522,,,,"AirGradient","AirGradient"
4902926,"Sputnik-4","temperature",26.33041661315495,"c","2025-09-30T13:00:00Z","2025-09-30T18:00:00+05:00","Asia/Tashkent",41.204655,69.232522,,,,"AirGradient","AirGradient"
4902926,"Sputnik-4","temperature",24.411986149681937,"c","2025-09-30T14:00:00Z","2025-09-30T19:00:00+05:00","Asia/Tashkent",41.204655,69.232522,,,,"AirGradient","AirGradient"
4902926,"Sputnik-4","temperature",22.862694215774535,"c","2025-09-30T16:00:00Z","2025-09-30T21:00:00+05:00","Asia/Tashkent",41.204655,69.232522,,,,"AirGradient","AirGradient"
4902926,"Sputnik-4","temperature",22.80733346939087,"c","2025-09-30T17:00:00Z","2025-09-30T22:00:00+05:00","Asia/Tashkent",41.204655,69.232522,,,,"AirGradient","AirGradient"
4902926,"Sputnik-4","temperature",22.462208294868464,"c","2025-09-30T18:00:00Z","2025-09-30T23:00:00+05:00","Asia/Tashkent",41.204655,69.232522,,,,"AirGradient","AirGradient"
4902926,"Sputnik-4","temperature",22.220694597562154,"c","2025-09-30T19:00:00Z","2025-10-01T00:00:00+05:00","Asia/Tashkent",41.204655,69.232522,,,,"AirGradient","AirGradient"
4902926,"Sputnik-4","temperature",21.82062507470449,"c","2025-09-30T20:00:00Z","2025-10-01T01:00:00+05:00","Asia/Tashkent",41.204655,69.232522,,,,"AirGradient","AirGradient"
4902926,"Sputnik-4","temperature",22.06377794477675,"c","2025-09-30T21:00:00Z","2025-10-01T02:00:00+05:00","Asia/Tashkent",41.204655,69.232522,,,,"AirGradient","AirGradient"
4902926,"Sputnik-4","temperature",21.283181849392978,"c","2025-09-30T22:00:00Z","2025-10-01T03:00:00+05:00","Asia/Tashkent",41.204655,69.232522,,,,"AirGradient","AirGradient"
4902926,"Sputnik-4","temperature",21.15112513701121,"c","2025-09-30T23:00:00Z","2025-10-01T04:00:00+05:00","Asia/Tashkent",41.204655,69.232522,,,,"AirGradient","AirGradient"
4902926,"Sputnik-4","temperature",21.394166461626686,"c","2025-10-01T00:00:00Z","2025-10-01T05:00:00+05:00","Asia/Tashkent",41.204655,69.232522,,,,"AirGradient","AirGradient"
4902926,"Sputnik-4","temperature",21.680708161989845,"c","2025-10-01T01:00:00Z","2025-10-01T06:00:00+05:00","Asia/Tashkent",41.204655,69.232522,,,,"AirGradient","AirGradient"
4902926,"Sputnik-4","temperature",21.16220828692118,"c","2025-10-01T02:00:00Z","2025-10-01T07:00:00+05:00","Asia/Tashkent",41.204655,69.232522,,,,"AirGradient","AirGradient"
4902926,"Sputnik-4","temperature",21.09761109881931,"c","2025-10-01T03:00:00Z","2025-10-01T08:00:00+05:00","Asia/Tashkent",41.204655,69.232522,,,,"AirGradient","AirGradient"
4902926,"Sputnik-4","temperature",21.623458409309382,"c","2025-10-01T04:00:00Z","2025-10-01T09:00:00+05:00","Asia/Tashkent",41.204655,69.232522,,,,"AirGradient","AirGradient"
4902926,"Sputnik-4","temperature",23.191958395640057,"c","2025-10-01T05:00:00Z","2025-10-01T10:00:00+05:00","Asia/Tashkent",41.204655,69.232522,,,,"AirGradient","AirGradient"
4902926,"Sputnik-4","temperature",22.91758334106869,"c","2025-10-01T06:00:00Z","2025-10-01T11:00:00+05:00","Asia/Tashkent",41.204655,69.232522,,,,"AirGradient","AirGradient"
4902926,"Sputnik-4","temperature",23.132541449864707,"c","2025-10-01T07:00:00Z","2025-10-01T12:00:00+05:00","Asia/Tashkent",41.204655,69.232522,,,,"AirGradient","AirGradient"
4902926,"Sputnik-4","temperature",23.425791660944622,"c","2025-10-01T08:00:00Z","2025-10-01T13:00:00+05:00","Asia/Tashkent",41.204655,69.232522,,,,"AirGradient","AirGradient"
4902926,"Sputnik-4","temperature",23.336875094307796,"c","2025-10-01T09:00:00Z","2025-10-01T14:00:00+05:00","Asia/Tashkent",41.204655,69.232522,,,,"AirGradient","AirGradient"
4902926,"Sputnik-4","temperature",20.71390919540868,"c","2025-10-01T10:00:00Z","2025-10-01T15:00:00+05:00","Asia/Tashkent",41.204655,69.232522,,,,"AirGradient","AirGradient"
4902926,"Sputnik-4","temperature",21.22050009568532,"c","2025-10-01T11:00:00Z","2025-10-01T16:00:00+05:00","Asia/Tashkent",41.204655,69.232522,,,,"AirGradient","AirGradient"
4902926,"Sputnik-4","temperature",22.004041743278503,"c","2025-10-01T12:00:00Z","2025-10-01T17:00:00+05:00","Asia/Tashkent",41.204655,69.232522,,,,"AirGradient","AirGradient"
4902926,"Sputnik-4","temperature",21.904930647214254,"c","2025-10-01T13:00:00Z","2025-10-01T18:00:00+05:00","Asia/Tashkent",41.204655,69.232522,,,,"AirGradient","AirGradient"
4902926,"Sputnik-4","temperature",20.686110991901824,"c","2025-10-01T14:00:00Z","2025-10-01T19:00:00+05:00","Asia/Tashkent",41.204655,69.232522,,,,"AirGradient","AirGradient"
4902926,"Sputnik-4","temperature",19.48395839267307,"c","2025-10-01T15:00:00Z","2025-10-01T20:00:00+05:00","Asia/Tashkent",41.204655,69.232522,,,,"AirGradient","AirGradient"
4902926,"Sputnik-4","temperature",18.949374834696453,"c","2025-10-01T16:00:00Z","2025-10-01T21:00:00+05:00","Asia/Tashkent",41.204655,69.232522,,,,"AirGradient","AirGradient"
4902926,"Sputnik-4","temperature",18.967110972934297,"c","2025-10-01T17:00:00Z","2025-10-01T22:00:00+05:00","Asia/Tashkent",41.204655,69.232522,,,,"AirGradient","AirGradient"
4902926,"Sputnik-4","temperature",18.990787838444565,"c","2025-10-01T18:00:00Z","2025-10-01T23:00:00+05:00","Asia/Tashkent",41.204655,69.232522,,,,"AirGradient","AirGradient"
4902926,"Sputnik-4","temperature",19.57549991607666,"c","2025-10-01T19:00:00Z","2025-10-02T00:00:00+05:00","Asia/Tashkent",41.204655,69.232522,,,,"AirGradient","AirGradient"
4902926,"Sputnik-4","temperature",19.236541819572448,"c","2025-10-01T20:00:00Z","2025-10-02T01:00:00+05:00","Asia/Tashkent",41.204655,69.232522,,,,"AirGradient","AirGradient"
4902926,"Sputnik-4","temperature",18.831958270072942,"c","2025-10-01T21:00:00Z","2025-10-02T02:00:00+05:00","Asia/Tashkent",41.204655,69.232522,,,,"AirGradient","AirGradient"
4902926,"Sputnik-4","temperature",17.82016661167145,"c","2025-10-01T22:00:00Z","2025-10-02T03:00:00+05:00","Asia/Tashkent",41.204655,69.232522,,,,"AirGradient","AirGradient"
4902926,"Sputnik-4","temperature",17.298583308855694,"c","2025-10-01T23:00:00Z","2025-10-02T04:00:00+05:00","Asia/Tashkent",41.204655,69.232522,,,,"AirGradient","AirGradient"
4902926,"Sputnik-4","temperature",16.72008340358734,"c","2025-10-02T00:00:00Z","2025-10-02T05:00:00+05:00","Asia/Tashkent",41.204655,69.232522,,,,"AirGradient","AirGradient"
4902926,"Sputnik-4","temperature",16.26641681989034,"c","2025-10-02T01:00:00Z","2025-10-02T06:00:00+05:00","Asia/Tashkent",41.204655,69.232522,,,,"AirGradient","AirGradient"
4902926,"Sputnik-4","temperature",15.93516662518183,"c","2025-10-02T02:00:00Z","2025-10-02T07:00:00+05:00","Asia/Tashkent",41.204655,69.232522,,,,"AirGradient","AirGradient"
4902926,"Sputnik-4","temperature",16.196750068664546,"c","2025-10-02T03:00:00Z","2025-10-02T08:00:00+05:00","Asia/Tashkent",41.204655,69.232522,,,,"AirGradient","AirGradient"
4902926,"Sputnik-4","temperature",16.849625044398838,"c","2025-10-02T04:00:00Z","2025-10-02T09:00:00+05:00","Asia/Tashkent",41.204655,69.232522,,,,"AirGradient","AirGradient"
4902926,"Sputnik-4","temperature",18.57408320903778,"c","2025-10-02T05:00:00Z","2025-10-02T10:00:00+05:00","Asia/Tashkent",41.204655,69.232522,,,,"AirGradient","AirGradient"
4902926,"Sputnik-4","temperature",20.592333030700683,"c","2025-10-02T06:00:00Z","2025-10-02T11:00:00+05:00","Asia/Tashkent",41.204655,69.232522,,,,"AirGradient","AirGradient"
4902926,"Sputnik-4","temperature",21.198500013351442,"c","2025-10-02T07:00:00Z","2025-10-02T12:00:00+05:00","Asia/Tashkent",41.204655,69.232522,,,,"AirGradient","AirGradient"
4902926,"Sputnik-4","temperature",22.097750083605447,"c","2025-10-02T08:00:00Z","2025-10-02T13:00:00+05:00","Asia/Tashkent",41.204655,69.232522,,,,"AirGradient","AirGradient"
4902926,"Sputnik-4","temperature",22.77808327674866,"c","2025-10-02T09:00:00Z","2025-10-02T14:00:00+05:00","Asia/Tashkent",41.204655,69.232522,,,,"AirGradient","AirGradient"
4902926,"Sputnik-4","temperature",22.58008335431417,"c","2025-10-02T10:00:00Z","2025-10-02T15:00:00+05:00","Asia/Tashkent",41.204655,69.232522,,,,"AirGradient","AirGradient"
4902926,"Sputnik-4","temperature",22.524541433652242,"c","2025-10-02T11:00:00Z","2025-10-02T16:00:00+05:00","Asia/Tashkent",41.204655,69.232522,,,,"AirGradient","AirGradient"
4902926,"Sputnik-4","temperature",21.6618610991372,"c","2025-10-02T12:00:00Z","2025-10-02T17:00:00+05:00","Asia/Tashkent",41.204655,69.232522,,,,"AirGradient","AirGradient"
4902926,"Sputnik-4","temperature",20.92458333969116,"c","2025-10-02T13:00:00Z","2025-10-02T18:00:00+05:00","Asia/Tashkent",41.204655,69.232522,,,,"AirGradient","AirGradient"
4902926,"Sputnik-4","temperature",19.313541491826378,"c","2025-10-02T14:00:00Z","2025-10-02T19:00:00+05:00","Asia/Tashkent",41.204655,69.232522,,,,"AirGradient","AirGradient"
4902926,"Sputnik-4","temperature",19.52495822906494,"c","2025-10-02T15:00:00Z","2025-10-02T20:00:00+05:00","Asia/Tashkent",41.204655,69.232522,,,,"AirGradient","AirGradient"
4902926,"Sputnik-4","temperature",19.750333404541013,"c","2025-10-02T16:00:00Z","2025-10-02T21:00:00+05:00","Asia/Tashkent",41.204655,69.232522,,,,"AirGradient","AirGradient"
4902926,"Sputnik-4","temperature",19.4964999516805,"c","2025-10-02T17:00:00Z","2025-10-02T22:00:00+05:00","Asia/Tashkent",41.204655,69.232522,,,,"AirGradient","AirGradient"
4902926,"Sputnik-4","temperature",19.460749864578247,"c","2025-10-02T18:00:00Z","2025-10-02T23:00:00+05:00","Asia/Tashkent",41.204655,69.232522,,,,"AirGradient","AirGradient"
4902926,"Sputnik-4","temperature",19.344791309038797,"c","2025-10-02T19:00:00Z","2025-10-03T00:00:00+05:00","Asia/Tashkent",41.204655,69.232522,,,,"AirGradient","AirGradient"
4902926,"Sputnik-4","temperature",19.057916673024497,"c","2025-10-02T20:00:00Z","2025-10-03T01:00:00+05:00","Asia/Tashkent",41.204655,69.232522,,,,"AirGradient","AirGradient"
4902926,"Sputnik-4","temperature",18.74645844300588,"c","2025-10-02T21:00:00Z","2025-10-03T02:00:00+05:00","Asia/Tashkent",41.204655,69.232522,,,,"AirGradient","AirGradient"
4902926,"Sputnik-4","temperature",18.724208728472394,"c","2025-10-02T22:00:00Z","2025-10-03T03:00:00+05:00","Asia/Tashkent",41.204655,69.232522,,,,"AirGradient","AirGradient"
4902926,"Sputnik-4","temperature",18.548541744550068,"c","2025-10-02T23:00:00Z","2025-10-03T04:00:00+05:00","Asia/Tashkent",41.204655,69.232522,,,,"AirGradient","AirGradient"
4902926,"Sputnik-4","temperature",18.44066664377848,"c","2025-10-03T00:00:00Z","2025-10-03T05:00:00+05:00","Asia/Tashkent",41.204655,69.232522,,,,"AirGradient","AirGradient"
4902926,"Sputnik-4","temperature",18.18995889822642,"c","2025-10-03T01:00:00Z","2025-10-03T06:00:00+05:00","Asia/Tashkent",41.204655,69.232522,,,,"AirGradient","AirGradient"
4902926,"Sputnik-4","temperature",18.034875011444093,"c","2025-10-03T02:00:00Z","2025-10-03T07:00:00+05:00","Asia/Tashkent",41.204655,69.232522,,,,"AirGradient","AirGradient"
4902926,"Sputnik-4","temperature",18.20829172929128,"c","2025-10-03T03:00:00Z","2025-10-03T08:00:00+05:00","Asia/Tashkent",41.204655,69.232522,,,,"AirGradient","AirGradient"
4902926,"Sputnik-4","temperature",19.595499960581463,"c","2025-10-03T04:00:00Z","2025-10-03T09:00:00+05:00","Asia/Tashkent",41.204655,69.232522,,,,"AirGradient","AirGradient"
4902926,"Sputnik-4","temperature",20.670499928792317,"c","2025-10-03T05:00:00Z","2025-10-03T10:00:00+05:00","Asia/Tashkent",41.204655,69.232522,,,,"AirGradient","AirGradient"
4902926,"Sputnik-4","temperature",22.814597129821777,"c","2025-10-03T06:00:00Z","2025-10-03T11:00:00+05:00","Asia/Tashkent",41.204655,69.232522,,,,"AirGradient","AirGradient"
4902926,"Sputnik-4","temperature",23.18424994945526,"c","2025-10-03T07:00:00Z","2025-10-03T12:00:00+05:00","Asia/Tashkent",41.204655,69.232522,,,,"AirGradient","AirGradient"
4902926,"Sputnik-4","temperature",23.115708239873246,"c","2025-10-03T08:00:00Z","2025-10-03T13:00:00+05:00","Asia/Tashkent",41.204655,69.232522,,,,"AirGradient","AirGradient"
4902926,"Sputnik-4","temperature",23.054041918118795,"c","2025-10-03T09:00:00Z","2025-10-03T14:00:00+05:00","Asia/Tashkent",41.204655,69.232522,,,,"AirGradient","AirGradient"
4902926,"Sputnik-4","temperature",23.475499963760374,"c","2025-10-03T10:00:00Z","2025-10-03T15:00:00+05:00","Asia/Tashkent",41.204655,69.232522,,,,"AirGradient","AirGradient"
4902926,"Sputnik-4","temperature",23.957569509082376,"c","2025-10-03T11:00:00Z","2025-10-03T16:00:00+05:00","Asia/Tashkent",41.204655,69.232522,,,,"AirGradient","AirGradient"
4902926,"Sputnik-4","temperature",26.541666841506963,"c","2025-10-03T12:00:00Z","2025-10-03T17:00:00+05:00","Asia/Tashkent",41.204655,69.232522,,,,"AirGradient","AirGradient"
4902926,"Sputnik-4","temperature",24.92608325481415,"c","2025-10-03T13:00:00Z","2025-10-03T18:00:00+05:00","Asia/Tashkent",41.204655,69.232522,,,,"AirGradient","AirGradient"
4902926,"Sputnik-4","temperature",22.10862486362457,"c","2025-10-03T14:00:00Z","2025-10-03T19:00:00+05:00","Asia/Tashkent",41.204655,69.232522,,,,"AirGradient","AirGradient"
4902926,"Sputnik-4","temperature",21.49837524096171,"c","2025-10-03T15:00:00Z","2025-10-03T20:00:00+05:00","Asia/Tashkent",41.204655,69.232522,,,,"AirGradient","AirGradient"
4902926,"Sputnik-4","temperature",20.972624890009563,"c","2025-10-03T16:00:00Z","2025-10-03T21:00:00+05:00","Asia/Tashkent",41.204655,69.232522,,,,"AirGradient","AirGradient"
4902926,"Sputnik-4","temperature",20.76466651492649,"c","2025-10-03T17:00:00Z","2025-10-03T22:00:00+05:00","Asia/Tashkent",41.204655,69.232522,,,,"AirGradient","AirGradient"
4902926,"Sputnik-4","temperature",19.87266664505005,"c","2025-10-03T18:00:00Z","2025-10-03T23:00:00+05:00","Asia/Tashkent",41.204655,69.232522,,,,"AirGradient","AirGradient"
4902926,"Sputnik-4","temperature",19.349833170572918,"c","2025-10-03T19:00:00Z","2025-10-04T00:00:00+05:00","Asia/Tashkent",41.204655,69.232522,,,,"AirGradient","AirGradient"
4902926,"Sputnik-4","temperature",18.991958244641623,"c","2025-10-03T20:00:00Z","2025-10-04T01:00:00+05:00","Asia/Tashkent",41.204655,69.232522,,,,"AirGradient","AirGradient"
4902926,"Sputnik-4","temperature",18.390749820073445,"c","2025-10-03T21:00:00Z","2025-10-04T02:00:00+05:00","Asia/Tashkent",41.204655,69.232522,,,,"AirGradient","AirGradient"
4902926,"Sputnik-4","temperature",18.434749960899353,"c","2025-10-03T22:00:00Z","2025-10-04T03:00:00+05:00","Asia/Tashkent",41.204655,69.232522,,,,"AirGradient","AirGradient"
4902926,"Sputnik-4","temperature",18.195500357945757,"c","2025-10-03T23:00:00Z","2025-10-04T04:00:00+05:00","Asia/Tashkent",41.204655,69.232522,,,,"AirGradient","AirGradient"
4902926,"Sputnik-4","temperature",17.816833051045737,"c","2025-10-04T00:00:00Z","2025-10-04T05:00:00+05:00","Asia/Tashkent",41.204655,69.232522,,,,"AirGradient","AirGradient"
4902926,"Sputnik-4","temperature",17.68650012811025,"c","2025-10-04T01:00:00Z","2025-10-04T06:00:00+05:00","Asia/Tashkent",41.204655,69.232522,,,,"AirGradient","AirGradient"
4902926,"Sputnik-4","temperature",17.66941681702932,"c","2025-10-04T02:00:00Z","2025-10-04T07:00:00+05:00","Asia/Tashkent",41.204655,69.232522,,,,"AirGradient","AirGradient"
4902926,"Sputnik-4","temperature",18.45683331489563,"c","2025-10-04T03:00:00Z","2025-10-04T08:00:00+05:00","Asia/Tashkent",41.204655,69.232522,,,,"AirGradient","AirGradient"
4902926,"Sputnik-4","temperature",20.01229165395101,"c","2025-10-04T04:00:00Z","2025-10-04T09:00:00+05:00","Asia/Tashkent",41.204655,69.232522,,,,"AirGradient","AirGradient"
4902926,"Sputnik-4","temperature",21.620722360081142,"c","2025-10-04T05:00:00Z","2025-10-04T10:00:00+05:00","Asia/Tashkent",41.204655,69.232522,,,,"AirGradient","AirGradient"
4902926,"Sputnik-4","temperature",22.819111129972672,"c","2025-10-04T06:00:00Z","2025-10-04T11:00:00+05:00","Asia/Tashkent",41.204655,69.232522,,,,"AirGradient","AirGradient"
4902926,"Sputnik-4","temperature",24.01041654480828,"c","2025-10-04T08:00:00Z","2025-10-04T13:00:00+05:00","Asia/Tashkent",41.204655,69.232522,,,,"AirGradient","AirGradient"
4902926,"Sputnik-4","temperature",24.890291690826416,"c","2025-10-04T09:00:00Z","2025-10-04T14:00:00+05:00","Asia/Tashkent",41.204655,69.232522,,,,"AirGradient","AirGradient"
4902926,"Sputnik-4","temperature",25.678106099909005,"c","2025-10-04T10:00:00Z","2025-10-04T15:00:00+05:00","Asia/Tashkent",41.204655,69.232522,,,,"AirGradient","AirGradient"
4902926,"Sputnik-4","temperature",26.036708307266238,"c","2025-10-04T11:00:00Z","2025-10-04T16:00:00+05:00","Asia/Tashkent",41.204655,69.232522,,,,"AirGradient","AirGradient"
4902926,"Sputnik-4","temperature",28.152000013987223,"c","2025-10-04T12:00:00Z","2025-10-04T17:00:00+05:00","Asia/Tashkent",41.204655,69.232522,,,,"AirGradient","AirGradient"
4902926,"Sputnik-4","temperature",26.44825002352397,"c","2025-10-04T13:00:00Z","2025-10-04T18:00:00+05:00","Asia/Tashkent",41.204655,69.232522,,,,"AirGradient","AirGradient"
4902926,"Sputnik-4","temperature",23.780874959627784,"c","2025-10-04T14:00:00Z","2025-10-04T19:00:00+05:00","Asia/Tashkent",41.204655,69.232522,,,,"AirGradient","AirGradient"
4902926,"Sputnik-4","temperature",22.81825014750163,"c","2025-10-04T15:00:00Z","2025-10-04T20:00:00+05:00","Asia/Tashkent",41.204655,69.232522,,,,"AirGradient","AirGradient"
4902926,"Sputnik-4","temperature",22.24533313115438,"c","2025-10-04T16:00:00Z","2025-10-04T21:00:00+05:00","Asia/Tashkent",41.204655,69.232522,,,,"AirGradient","AirGradient"
4902926,"Sputnik-4","temperature",21.825138624509176,"c","2025-10-04T17:00:00Z","2025-10-04T22:00:00+05:00","Asia/Tashkent",41.204655,69.232522,,,,"AirGradient","AirGradient"
4902926,"Sputnik-4","temperature",21.447208547592165,"c","2025-10-04T18:00:00Z","2025-10-04T23:00:00+05:00","Asia/Tashkent",41.204655,69.232522,,,,"AirGradient","AirGradient"
4902926,"Sputnik-4","temperature",20.999444622463653,"c","2025-10-04T19:00:00Z","2025-10-05T00:00:00+05:00","Asia/Tashkent",41.204655,69.232522,,,,"AirGradient","AirGradient"
4902926,"Sputnik-4","temperature",19.851666688919067,"c","2025-10-04T20:00:00Z","2025-10-05T01:00:00+05:00","Asia/Tashkent",41.204655,69.232522,,,,"AirGradient","AirGradient"
4902926,"Sputnik-4","temperature",19.251013909445867,"c","2025-10-04T21:00:00Z","2025-10-05T02:00:00+05:00","Asia/Tashkent",41.204655,69.232522,,,,"AirGradient","AirGradient"
4902926,"Sputnik-4","temperature",19.02395837306976,"c","2025-10-04T22:00:00Z","2025-10-05T03:00:00+05:00","Asia/Tashkent",41.204655,69.232522,,,,"AirGradient","AirGradient"
4902926,"Sputnik-4","temperature",18.623541553815205,"c","2025-10-04T23:00:00Z","2025-10-05T04:00:00+05:00","Asia/Tashkent",41.204655,69.232522,,,,"AirGradient","AirGradient"
4902926,"Sputnik-4","temperature",17.9516250371933,"c","2025-10-05T00:00:00Z","2025-10-05T05:00:00+05:00","Asia/Tashkent",41.204655,69.232522,,,,"AirGradient","AirGradient"
4902926,"Sputnik-4","temperature",17.416291650136312,"c","2025-10-05T01:00:00Z","2025-10-05T06:00:00+05:00","Asia/Tashkent",41.204655,69.232522,,,,"AirGradient","AirGradient"
4902926,"Sputnik-4","temperature",17.350833161671957,"c","2025-10-05T02:00:00Z","2025-10-05T07:00:00+05:00","Asia/Tashkent",41.204655,69.232522,,,,"AirGradient","AirGradient"
4902926,"Sputnik-4","temperature",18.28966681957245,"c","2025-10-05T03:00:00Z","2025-10-05T08:00:00+05:00","Asia/Tashkent",41.204655,69.232522,,,,"AirGradient","AirGradient"
4902926,"Sputnik-4","temperature",19.594250019391378,"c","2025-10-05T04:00:00Z","2025-10-05T09:00:00+05:00","Asia/Tashkent",41.204655,69.232522,,,,"AirGradient","AirGradient"
4902926,"Sputnik-4","temperature",20.453083268801375,"c","2025-10-05T05:00:00Z","2025-10-05T10:00:00+05:00","Asia/Tashkent",41.204655,69.232522,,,,"AirGradient","AirGradient"
4902926,"Sputnik-4","temperature",21.69269449710846,"c","2025-10-05T06:00:00Z","2025-10-05T11:00:00+05:00","Asia/Tashkent",41.204655,69.232522,,,,"AirGradient","AirGradient"
4902926,"Sputnik-4","temperature",22.846930644247266,"c","2025-10-05T07:00:00Z","2025-10-05T12:00:00+05:00","Asia/Tashkent",41.204655,69.232522,,,,"AirGradient","AirGradient"
4902926,"Sputnik-4","temperature",23.58019443353017,"c","2025-10-05T08:00:00Z","2025-10-05T13:00:00+05:00","Asia/Tashkent",41.204655,69.232522,,,,"AirGradient","AirGradient"
4902926,"Sputnik-4","temperature",24.237319737010534,"c","2025-10-05T09:00:00Z","2025-10-05T14:00:00+05:00","Asia/Tashkent",41.204655,69.232522,,,,"AirGradient","AirGradient"
4902926,"Sputnik-4","temperature",24.881916650136315,"c","2025-10-05T10:00:00Z","2025-10-05T15:00:00+05:00","Asia/Tashkent",41.204655,69.232522,,,,"AirGradient","AirGradient"
4902926,"Sputnik-4","temperature",25.303874786694845,"c","2025-10-05T11:00:00Z","2025-10-05T16:00:00+05:00","Asia/Tashkent",41.204655,69.232522,,,,"AirGradient","AirGradient"
4902926,"Sputnik-4","temperature",28.27081951300303,"c","2025-10-05T12:00:00Z","2025-10-05T17:00:00+05:00","Asia/Tashkent",41.204655,69.232522,,,,"AirGradient","AirGradient"
4902926,"Sputnik-4","temperature",26.43854158719381,"c","2025-10-05T13:00:00Z","2025-10-05T18:00:00+05:00","Asia/Tashkent",41.204655,69.232522,,,,"AirGradient","AirGradient"
4902926,"Sputnik-4","temperature",22.93081812425093,"c","2025-10-05T14:00:00Z","2025-10-05T19:00:00+05:00","Asia/Tashkent",41.204655,69.232522,,,,"AirGradient","AirGradient"
4902926,"Sputnik-4","temperature",21.57415157953898,"c","2025-10-05T15:00:00Z","2025-10-05T20:00:00+05:00","Asia/Tashkent",41.204655,69.232522,,,,"AirGradient","AirGradient"
4902926,"Sputnik-4","temperature",20.77708328564962,"c","2025-10-05T16:00:00Z","2025-10-05T21:00:00+05:00","Asia/Tashkent",41.204655,69.232522,,,,"AirGradient","AirGradient"
4902926,"Sputnik-4","temperature",20.193083294232686,"c","2025-10-05T17:00:00Z","2025-10-05T22:00:00+05:00","Asia/Tashkent",41.204655,69.232522,,,,"AirGradient","AirGradient"
4902926,"Sputnik-4","temperature",19.744875065485637,"c","2025-10-05T18:00:00Z","2025-10-05T23:00:00+05:00","Asia/Tashkent",41.204655,69.232522,,,,"AirGradient","AirGradient"
4902926,"Sputnik-4","temperature",19.506458322207134,"c","2025-10-05T19:00:00Z","2025-10-06T00:00:00+05:00","Asia/Tashkent",41.204655,69.232522,,,,"AirGradient","AirGradient"
4902926,"Sputnik-4","temperature",19.252874996927048,"c","2025-10-05T20:00:00Z","2025-10-06T01:00:00+05:00","Asia/Tashkent",41.204655,69.232522,,,,"AirGradient","AirGradient"
4902926,"Sputnik-4","temperature",18.793458501497902,"c","2025-10-05T21:00:00Z","2025-10-06T02:00:00+05:00","Asia/Tashkent",41.204655,69.232522,,,,"AirGradient","AirGradient"
4902926,"Sputnik-4","temperature",18.496916699409486,"c","2025-10-05T22:00:00Z","2025-10-06T03:00:00+05:00","Asia/Tashkent",41.204655,69.232522,,,,"AirGradient","AirGradient"
4902926,"Sputnik-4","temperature",18.064750202496846,"c","2025-10-05T23:00:00Z","2025-10-06T04:00:00+05:00","Asia/Tashkent",41.204655,69.232522,,,,"AirGradient","AirGradient"
4902926,"Sputnik-4","temperature",17.759916679064432,"c","2025-10-06T00:00:00Z","2025-10-06T05:00:00+05:00","Asia/Tashkent",41.204655,69.232522,,,,"AirGradient","AirGradient"
4902926,"Sputnik-4","temperature",17.413222032123144,"c","2025-10-06T01:00:00Z","2025-10-06T06:00:00+05:00","Asia/Tashkent",41.204655,69.232522,,,,"AirGradient","AirGradient"
4902926,"Sputnik-4","temperature",17.024541568756103,"c","2025-10-06T02:00:00Z","2025-10-06T07:00:00+05:00","Asia/Tashkent",41.204655,69.232522,,,,"AirGradient","AirGradient"
4902926,"Sputnik-4","temperature",17.117388738526238,"c","2025-10-06T03:00:00Z","2025-10-06T08:00:00+05:00","Asia/Tashkent",41.204655,69.232522,,,,"AirGradient","AirGradient"
4902926,"Sputnik-4","temperature",18.247235994868806,"c","2025-10-06T04:00:00Z","2025-10-06T09:00:00+05:00","Asia/Tashkent",41.204655,69.232522,,,,"AirGradient","AirGradient"
4902926,"Sputnik-4","temperature",19.74752781126234,"c","2025-10-06T05:00:00Z","2025-10-06T10:00:00+05:00","Asia/Tashkent",41.204655,69.232522,,,,"AirGradient","AirGradient"
4902926,"Sputnik-4","temperature",21.471375036239625,"c","2025-10-06T06:00:00Z","2025-10-06T11:00:00+05:00","Asia/Tashkent",41.204655,69.232522,,,,"AirGradient","AirGradient"
4902926,"Sputnik-4","temperature",22.925833217302955,"c","2025-10-06T07:00:00Z","2025-10-06T12:00:00+05:00","Asia/Tashkent",41.204655,69.232522,,,,"AirGradient","AirGradient"
4902926,"Sputnik-4","temperature",23.416624911626183,"c","2025-10-06T08:00:00Z","2025-10-06T13:00:00+05:00","Asia/Tashkent",41.204655,69.232522,,,,"AirGradient","AirGradient"
4902926,"Sputnik-4","temperature",24.078375077247625,"c","2025-10-06T09:00:00Z","2025-10-06T14:00:00+05:00","Asia/Tashkent",41.204655,69.232522,,,,"AirGradient","AirGradient"
4902926,"Sputnik-4","temperature",25.022250056266785,"c","2025-10-06T10:00:00Z","2025-10-06T15:00:00+05:00","Asia/Tashkent",41.204655,69.232522,,,,"AirGradient","AirGradient"
4902926,"Sputnik-4","temperature",25.134583497047426,"c","2025-10-06T11:00:00Z","2025-10-06T16:00:00+05:00","Asia/Tashkent",41.204655,69.232522,,,,"AirGradient","AirGradient"
4902926,"Sputnik-4","temperature",27.256874974568685,"c","2025-10-06T12:00:00Z","2025-10-06T17:00:00+05:00","Asia/Tashkent",41.204655,69.232522,,,,"AirGradient","AirGradient"
4902926,"Sputnik-4","temperature",25.63638893498315,"c","2025-10-06T13:00:00Z","2025-10-06T18:00:00+05:00","Asia/Tashkent",41.204655,69.232522,,,,"AirGradient","AirGradient"
4902926,"Sputnik-4","temperature",22.96336118645138,"c","2025-10-06T14:00:00Z","2025-10-06T19:00:00+05:00","Asia/Tashkent",41.204655,69.232522,,,,"AirGradient","AirGradient"
4902926,"Sputnik-4","temperature",22.52012499173482,"c","2025-10-06T15:00:00Z","2025-10-06T20:00:00+05:00","Asia/Tashkent",41.204655,69.232522,,,,"AirGradient","AirGradient"
4902926,"Sputnik-4","temperature",22.16131929556529,"c","2025-10-06T16:00:00Z","2025-10-06T21:00:00+05:00","Asia/Tashkent",41.204655,69.232522,,,,"AirGradient","AirGradient"
4902926,"Sputnik-4","temperature",20.748069434695775,"c","2025-10-06T17:00:00Z","2025-10-06T22:00:00+05:00","Asia/Tashkent",41.204655,69.232522,,,,"AirGradient","AirGradient"
4902926,"Sputnik-4","temperature",19.93020838101705,"c","2025-10-06T18:00:00Z","2025-10-06T23:00:00+05:00","Asia/Tashkent",41.204655,69.232522,,,,"AirGradient","AirGradient"
4902926,"Sputnik-4","temperature",19.151874939600624,"c","2025-10-06T19:00:00Z","2025-10-07T00:00:00+05:00","Asia/Tashkent",41.204655,69.232522,,,,"AirGradient","AirGradient"
4902926,"Sputnik-4","temperature",18.853249843915304,"c","2025-10-06T20:00:00Z","2025-10-07T01:00:00+05:00","Asia/Tashkent",41.204655,69.232522,,,,"AirGradient","AirGradient"
4902926,"Sputnik-4","temperature",18.489875038464863,"c","2025-10-06T21:00:00Z","2025-10-07T02:00:00+05:00","Asia/Tashkent",41.204655,69.232522,,,,"AirGradient","AirGradient"
4902926,"Sputnik-4","temperature",18.439874776204427,"c","2025-10-06T22:00:00Z","2025-10-07T03:00:00+05:00","Asia/Tashkent",41.204655,69.232522,,,,"AirGradient","AirGradient"
4902926,"Sputnik-4","temperature",17.909666466712952,"c","2025-10-06T23:00:00Z","2025-10-07T04:00:00+05:00","Asia/Tashkent",41.204655,69.232522,,,,"AirGradient","AirGradient"
4902926,"Sputnik-4","temperature",17.77383317947388,"c","2025-10-07T00:00:00Z","2025-10-07T05:00:00+05:00","Asia/Tashkent",41.204655,69.232522,,,,"AirGradient","AirGradient"
4902926,"Sputnik-4","temperature",17.561250130335488,"c","2025-10-07T01:00:00Z","2025-10-07T06:00:00+05:00","Asia/Tashkent",41.204655,69.232522,,,,"AirGradient","AirGradient"
4902926,"Sputnik-4","temperature",17.362999725341798,"c","2025-10-07T02:00:00Z","2025-10-07T07:00:00+05:00","Asia/Tashkent",41.204655,69.232522,,,,"AirGradient","AirGradient"
4902926,"Sputnik-4","temperature",18.08930559158325,"c","2025-10-07T03:00:00Z","2025-10-07T08:00:00+05:00","Asia/Tashkent",41.204655,69.232522,,,,"AirGradient","AirGradient"
4902926,"Sputnik-4","temperature",20.062833301226302,"c","2025-10-07T04:00:00Z","2025-10-07T09:00:00+05:00","Asia/Tashkent",41.204655,69.232522,,,,"AirGradient","AirGradient"
4902926,"Sputnik-4","temperature",22.00799994468689,"c","2025-10-07T05:00:00Z","2025-10-07T10:00:00+05:00","Asia/Tashkent",41.204655,69.232522,,,,"AirGradient","AirGradient"
4902926,"Sputnik-4","temperature",23.630291533470153,"c","2025-10-07T06:00:00Z","2025-10-07T11:00:00+05:00","Asia/Tashkent",41.204655,69.232522,,,,"AirGradient","AirGradient"
4902926,"Sputnik-4","temperature",23.975083231925964,"c","2025-10-07T07:00:00Z","2025-10-07T12:00:00+05:00","Asia/Tashkent",41.204655,69.232522,,,,"AirGradient","AirGradient"
4902926,"Sputnik-4","temperature",24.907347212897406,"c","2025-10-07T08:00:00Z","2025-10-07T13:00:00+05:00","Asia/Tashkent",41.204655,69.232522,,,,"AirGradient","AirGradient"
4902926,"Sputnik-4","temperature",25.802847207917107,"c","2025-10-07T09:00:00Z","2025-10-07T14:00:00+05:00","Asia/Tashkent",41.204655,69.232522,,,,"AirGradient","AirGradient"
4902926,"Sputnik-4","temperature",26.210625039206615,"c","2025-10-07T10:00:00Z","2025-10-07T15:00:00+05:00","Asia/Tashkent",41.204655,69.232522,,,,"AirGradient","AirGradient"
4902926,"Sputnik-4","temperature",25.7790694448683,"c","2025-10-07T11:00:00Z","2025-10-07T16:00:00+05:00","Asia/Tashkent",41.204655,69.232522,,,,"AirGradient","AirGradient"
4902926,"Sputnik-4","temperature",27.618236157629227,"c","2025-10-07T12:00:00Z","2025-10-07T17:00:00+05:00","Asia/Tashkent",41.204655,69.232522,,,,"AirGradient","AirGradient"
4902926,"Sputnik-4","temperature",26.340287711403587,"c","2025-10-07T13:00:00Z","2025-10-07T18:00:00+05:00","Asia/Tashkent",41.204655,69.232522,,,,"AirGradient","AirGradient"
4902926,"Sputnik-4","temperature",24.362486102845935,"c","2025-10-07T14:00:00Z","2025-10-07T19:00:00+05:00","Asia/Tashkent",41.204655,69.232522,,,,"AirGradient","AirGradient"
4902926,"Sputnik-4","temperature",23.217694404390127,"c","2025-10-07T15:00:00Z","2025-10-07T20:00:00+05:00","Asia/Tashkent",41.204655,69.232522,,,,"AirGradient","AirGradient"
4902926,"Sputnik-4","temperature",22.032875161700783,"c","2025-10-07T16:00:00Z","2025-10-07T21:00:00+05:00","Asia/Tashkent",41.204655,69.232522,,,,"AirGradient","AirGradient"
4902926,"Sputnik-4","temperature",21.341833311716716,"c","2025-10-07T17:00:00Z","2025-10-07T22:00:00+05:00","Asia/Tashkent",41.204655,69.232522,,,,"AirGradient","AirGradient"
4902926,"Sputnik-4","temperature",20.647222219573127,"c","2025-10-07T18:00:00Z","2025-10-07T23:00:00+05:00","Asia/Tashkent",41.204655,69.232522,,,,"AirGradient","AirGradient"
4902926,"Sputnik-4","temperature",19.865638727611966,"c","2025-10-07T19:00:00Z","2025-10-08T00:00:00+05:00","Asia/Tashkent",41.204655,69.232522,,,,"AirGradient","AirGradient"
4902926,"Sputnik-4","temperature",18.56808338960012,"c","2025-10-07T20:00:00Z","2025-10-08T01:00:00+05:00","Asia/Tashkent",41.204655,69.232522,,,,"AirGradient","AirGradient"
4902926,"Sputnik-4","temperature",18.161083348592122,"c","2025-10-07T21:00:00Z","2025-10-08T02:00:00+05:00","Asia/Tashkent",41.204655,69.232522,,,,"AirGradient","AirGradient"
4902926,"Sputnik-4","temperature",17.66495824654897,"c","2025-10-07T22:00:00Z","2025-10-08T03:00:00+05:00","Asia/Tashkent",41.204655,69.232522,,,,"AirGradient","AirGradient"
4902926,"Sputnik-4","temperature",17.47679161230723,"c","2025-10-07T23:00:00Z","2025-10-08T04:00:00+05:00","Asia/Tashkent",41.204655,69.232522,,,,"AirGradient","AirGradient"
4902926,"Sputnik-4","temperature",17.7181250890096,"c","2025-10-08T00:00:00Z","2025-10-08T05:00:00+05:00","Asia/Tashkent",41.204655,69.232522,,,,"AirGradient","AirGradient"
4902926,"Sputnik-4","temperature",17.169083094596864,"c","2025-10-08T01:00:00Z","2025-10-08T06:00:00+05:00","Asia/Tashkent",41.204655,69.232522,,,,"AirGradient","AirGradient"
4902926,"Sputnik-4","temperature",17.180292042096458,"c","2025-10-08T02:00:00Z","2025-10-08T07:00:00+05:00","Asia/Tashkent",41.204655,69.232522,,,,"AirGradient","AirGradient"
4902926,"Sputnik-4","temperature",17.556375050544737,"c","2025-10-08T03:00:00Z","2025-10-08T08:00:00+05:00","Asia/Tashkent",41.204655,69.232522,,,,"AirGradient","AirGradient"
4902926,"Sputnik-4","temperature",19.493736171722414,"c","2025-10-08T04:00:00Z","2025-10-08T09:00:00+05:00","Asia/Tashkent",41.204655,69.232522,,,,"AirGradient","AirGradient"
4902926,"Sputnik-4","temperature",21.59104171593984,"c","2025-10-08T05:00:00Z","2025-10-08T10:00:00+05:00","Asia/Tashkent",41.204655,69.232522,,,,"AirGradient","AirGradient"
4902926,"Sputnik-4","temperature",23.316777727339005,"c","2025-10-08T06:00:00Z","2025-10-08T11:00:00+05:00","Asia/Tashkent",41.204655,69.232522,,,,"AirGradient","AirGradient"
4902926,"Sputnik-4","temperature",24.907041541735328,"c","2025-10-08T07:00:00Z","2025-10-08T12:00:00+05:00","Asia/Tashkent",41.204655,69.232522,,,,"AirGradient","AirGradient"
4902926,"Sputnik-4","temperature",25.816361265712313,"c","2025-10-08T08:00:00Z","2025-10-08T13:00:00+05:00","Asia/Tashkent",41.204655,69.232522,,,,"AirGradient","AirGradient"
4902926,"Sputnik-4","temperature",25.85705562432607,"c","2025-10-08T09:00:00Z","2025-10-08T14:00:00+05:00","Asia/Tashkent",41.204655,69.232522,,,,"AirGradient","AirGradient"
4902926,"Sputnik-4","temperature",25.71268059147729,"c","2025-10-08T10:00:00Z","2025-10-08T15:00:00+05:00","Asia/Tashkent",41.204655,69.232522,,,,"AirGradient","AirGradient"
4902926,"Sputnik-4","temperature",26.263566500345867,"c","2025-10-08T11:00:00Z","2025-10-08T16:00:00+05:00","Asia/Tashkent",41.204655,69.232522,,,,"AirGradient","AirGradient"
4902926,"Sputnik-4","temperature",28.016015006556653,"c","2025-10-08T12:00:00Z","2025-10-08T17:00:00+05:00","Asia/Tashkent",41.204655,69.232522,,,,"AirGradient","AirGradient"
4902926,"Sputnik-4","temperature",26.045250034332273,"c","2025-10-08T13:00:00Z","2025-10-08T18:00:00+05:00","Asia/Tashkent",41.204655,69.232522,,,,"AirGradient","AirGradient"
4902926,"Sputnik-4","temperature",23.549352010091145,"c","2025-10-08T14:00:00Z","2025-10-08T19:00:00+05:00","Asia/Tashkent",41.204655,69.232522,,,,"AirGradient","AirGradient"
4902926,"Sputnik-4","temperature",22.586363835768267,"c","2025-10-08T15:00:00Z","2025-10-08T20:00:00+05:00","Asia/Tashkent",41.204655,69.232522,,,,"AirGradient","AirGradient"
4902926,"Sputnik-4","temperature",21.629530169747092,"c","2025-10-08T16:00:00Z","2025-10-08T21:00:00+05:00","Asia/Tashkent",41.204655,69.232522,,,,"AirGradient","AirGradient"
4902926,"Sputnik-4","temperature",21.050791724522906,"c","2025-10-08T17:00:00Z","2025-10-08T22:00:00+05:00","Asia/Tashkent",41.204655,69.232522,,,,"AirGradient","AirGradient"
4902926,"Sputnik-4","temperature",20.43034739229414,"c","2025-10-08T18:00:00Z","2025-10-08T23:00:00+05:00","Asia/Tashkent",41.204655,69.232522,,,,"AirGradient","AirGradient"
4902926,"Sputnik-4","temperature",19.658818325851904,"c","2025-10-08T19:00:00Z","2025-10-09T00:00:00+05:00","Asia/Tashkent",41.204655,69.232522,,,,"AirGradient","AirGradient"
4902926,"Sputnik-4","temperature",18.844152707523772,"c","2025-10-08T20:00:00Z","2025-10-09T01:00:00+05:00","Asia/Tashkent",41.204655,69.232522,,,,"AirGradient","AirGradient"
4902926,"Sputnik-4","temperature",18.208375279108683,"c","2025-10-08T21:00:00Z","2025-10-09T02:00:00+05:00","Asia/Tashkent",41.204655,69.232522,,,,"AirGradient","AirGradient"
4902926,"Sputnik-4","temperature",18.022166736920674,"c","2025-10-08T22:00:00Z","2025-10-09T03:00:00+05:00","Asia/Tashkent",41.204655,69.232522,,,,"AirGradient","AirGradient"
4902926,"Sputnik-4","temperature",18.03154174486796,"c","2025-10-08T23:00:00Z","2025-10-09T04:00:00+05:00","Asia/Tashkent",41.204655,69.232522,,,,"AirGradient","AirGradient"
4902926,"Sputnik-4","temperature",18.110097397698297,"c","2025-10-09T00:00:00Z","2025-10-09T05:00:00+05:00","Asia/Tashkent",41.204655,69.232522,,,,"AirGradient","AirGradient"
4902926,"Sputnik-4","temperature",18.432374914487202,"c","2025-10-09T01:00:00Z","2025-10-09T06:00:00+05:00","Asia/Tashkent",41.204655,69.232522,,,,"AirGradient","AirGradient"
4902926,"Sputnik-4","temperature",18.3578750928243,"c","2025-10-09T02:00:00Z","2025-10-09T07:00:00+05:00","Asia/Tashkent",41.204655,69.232522,,,,"AirGradient","AirGradient"
4902926,"Sputnik-4","temperature",19.598458478185865,"c","2025-10-09T03:00:00Z","2025-10-09T08:00:00+05:00","Asia/Tashkent",41.204655,69.232522,,,,"AirGradient","AirGradient"
4902926,"Sputnik-4","temperature",20.64925020535787,"c","2025-10-09T04:00:00Z","2025-10-09T09:00:00+05:00","Asia/Tashkent",41.204655,69.232522,,,,"AirGradient","AirGradient"
4902926,"Sputnik-4","temperature",23.07098609606425,"c","2025-10-09T05:00:00Z","2025-10-09T10:00:00+05:00","Asia/Tashkent",41.204655,69.232522,,,,"AirGradient","AirGradient"
4902926,"Sputnik-4","temperature",24.005263924598694,"c","2025-10-09T06:00:00Z","2025-10-09T11:00:00+05:00","Asia/Tashkent",41.204655,69.232522,,,,"AirGradient","AirGradient"
4902926,"Sputnik-4","temperature",24.180402737193642,"c","2025-10-09T07:00:00Z","2025-10-09T12:00:00+05:00","Asia/Tashkent",41.204655,69.232522,,,,"AirGradient","AirGradient"
4902926,"Sputnik-4","temperature",24.46675007343292,"c","2025-10-09T08:00:00Z","2025-10-09T13:00:00+05:00","Asia/Tashkent",41.204655,69.232522,,,,"AirGradient","AirGradient"
4902926,"Sputnik-4","temperature",25.752833424674137,"c","2025-10-09T09:00:00Z","2025-10-09T14:00:00+05:00","Asia/Tashkent",41.204655,69.232522,,,,"AirGradient","AirGradient"
4902926,"Sputnik-4","temperature",26.535874960157603,"c","2025-10-09T10:00:00Z","2025-10-09T15:00:00+05:00","Asia/Tashkent",41.204655,69.232522,,,,"AirGradient","AirGradient"
4902926,"Sputnik-4","temperature",27.047041779094275,"c","2025-10-09T11:00:00Z","2025-10-09T16:00:00+05:00","Asia/Tashkent",41.204655,69.232522,,,,"AirGradient","AirGradient"
4902926,"Sputnik-4","temperature",28.3716249704361,"c","2025-10-09T12:00:00Z","2025-10-09T17:00:00+05:00","Asia/Tashkent",41.204655,69.232522,,,,"AirGradient","AirGradient"
4902926,"Sputnik-4","temperature",26.008625014623007,"c","2025-10-09T13:00:00Z","2025-10-09T18:00:00+05:00","Asia/Tashkent",41.204655,69.232522,,,,"AirGradient","AirGradient"
4902926,"Sputnik-4","temperature",23.932583220799764,"c","2025-10-09T14:00:00Z","2025-10-09T19:00:00+05:00","Asia/Tashkent",41.204655,69.232522,,,,"AirGradient","AirGradient"
4902926,"Sputnik-4","temperature",23.29036109712389,"c","2025-10-09T15:00:00Z","2025-10-09T20:00:00+05:00","Asia/Tashkent",41.204655,69.232522,,,,"AirGradient","AirGradient"
4902926,"Sputnik-4","temperature",22.699027840296427,"c","2025-10-09T16:00:00Z","2025-10-09T21:00:00+05:00","Asia/Tashkent",41.204655,69.232522,,,,"AirGradient","AirGradient"
4902926,"Sputnik-4","temperature",21.300333272086252,"c","2025-10-09T17:00:00Z","2025-10-09T22:00:00+05:00","Asia/Tashkent",41.204655,69.232522,,,,"AirGradient","AirGradient"
4902926,"Sputnik-4","temperature",20.051874881320526,"c","2025-10-09T18:00:00Z","2025-10-09T23:00:00+05:00","Asia/Tashkent",41.204655,69.232522,,,,"AirGradient","AirGradient"
4902926,"Sputnik-4","temperature",18.833875062730577,"c","2025-10-09T19:00:00Z","2025-10-10T00:00:00+05:00","Asia/Tashkent",41.204655,69.232522,,,,"AirGradient","AirGradient"
4902926,"Sputnik-4","temperature",18.52645845413208,"c","2025-10-09T20:00:00Z","2025-10-10T01:00:00+05:00","Asia/Tashkent",41.204655,69.232522,,,,"AirGradient","AirGradient"
4902926,"Sputnik-4","temperature",18.13995864391327,"c","2025-10-09T21:00:00Z","2025-10-10T02:00:00+05:00","Asia/Tashkent",41.204655,69.232522,,,,"AirGradient","AirGradient"
4902926,"Sputnik-4","temperature",18.448583428064982,"c","2025-10-09T22:00:00Z","2025-10-10T03:00:00+05:00","Asia/Tashkent",41.204655,69.232522,,,,"AirGradient","AirGradient"
4902926,"Sputnik-4","temperature",18.422055435180663,"c","2025-10-09T23:00:00Z","2025-10-10T04:00:00+05:00","Asia/Tashkent",41.204655,69.232522,,,,"AirGradient","AirGradient"
4902926,"Sputnik-4","temperature",18.685291600227355,"c","2025-10-10T00:00:00Z","2025-10-10T05:00:00+05:00","Asia/Tashkent",41.204655,69.232522,,,,"AirGradient","AirGradient"
4902926,"Sputnik-4","temperature",18.746958351135255,"c","2025-10-10T01:00:00Z","2025-10-10T06:00:00+05:00","Asia/Tashkent",41.204655,69.232522,,,,"AirGradient","AirGradient"
4902926,"Sputnik-4","temperature",18.83079159259796,"c","2025-10-10T02:00:00Z","2025-10-10T07:00:00+05:00","Asia/Tashkent",41.204655,69.232522,,,,"AirGradient","AirGradient"
4902926,"Sputnik-4","temperature",19.117513995700413,"c","2025-10-10T03:00:00Z","2025-10-10T08:00:00+05:00","Asia/Tashkent",41.204655,69.232522,,,,"AirGradient","AirGradient"
4902926,"Sputnik-4","temperature",19.69483372370402,"c","2025-10-10T04:00:00Z","2025-10-10T09:00:00+05:00","Asia/Tashkent",41.204655,69.232522,,,,"AirGradient","AirGradient"
4902926,"Sputnik-4","temperature",19.770041728019716,"c","2025-10-10T05:00:00Z","2025-10-10T10:00:00+05:00","Asia/Tashkent",41.204655,69.232522,,,,"AirGradient","AirGradient"
4902926,"Sputnik-4","temperature",20.729458244641624,"c","2025-10-10T06:00:00Z","2025-10-10T11:00:00+05:00","Asia/Tashkent",41.204655,69.232522,,,,"AirGradient","AirGradient"
4902926,"Sputnik-4","temperature",22.388639047410752,"c","2025-10-10T07:00:00Z","2025-10-10T12:00:00+05:00","Asia/Tashkent",41.204655,69.232522,,,,"AirGradient","AirGradient"
4902926,"Sputnik-4","temperature",22.847944272889034,"c","2025-10-10T08:00:00Z","2025-10-10T13:00:00+05:00","Asia/Tashkent",41.204655,69.232522,,,,"AirGradient","AirGradient"
4902926,"Sputnik-4","temperature",23.380194428231977,"c","2025-10-10T09:00:00Z","2025-10-10T14:00:00+05:00","Asia/Tashkent",41.204655,69.232522,,,,"AirGradient","AirGradient"
4902926,"Sputnik-4","temperature",24.135541772842405,"c","2025-10-10T10:00:00Z","2025-10-10T15:00:00+05:00","Asia/Tashkent",41.204655,69.232522,,,,"AirGradient","AirGradient"
4902926,"Sputnik-4","temperature",24.921972415182324,"c","2025-10-10T11:00:00Z","2025-10-10T16:00:00+05:00","Asia/Tashkent",41.204655,69.232522,,,,"AirGradient","AirGradient"
4902926,"Sputnik-4","temperature",26.29855555163489,"c","2025-10-10T12:00:00Z","2025-10-10T17:00:00+05:00","Asia/Tashkent",41.204655,69.232522,,,,"AirGradient","AirGradient"
4902926,"Sputnik-4","temperature",24.739263897471954,"c","2025-10-10T13:00:00Z","2025-10-10T18:00:00+05:00","Asia/Tashkent",41.204655,69.232522,,,,"AirGradient","AirGradient"
4902926,"Sputnik-4","temperature",22.681944476233586,"c","2025-10-10T14:00:00Z","2025-10-10T19:00:00+05:00","Asia/Tashkent",41.204655,69.232522,,,,"AirGradient","AirGradient"
4902926,"Sputnik-4","temperature",21.575791557629902,"c","2025-10-10T15:00:00Z","2025-10-10T20:00:00+05:00","Asia/Tashkent",41.204655,69.232522,,,,"AirGradient","AirGradient"
4902926,"Sputnik-4","temperature",20.921541555722555,"c","2025-10-10T16:00:00Z","2025-10-10T21:00:00+05:00","Asia/Tashkent",41.204655,69.232522,,,,"AirGradient","AirGradient"
4902926,"Sputnik-4","temperature",20.0614088231867,"c","2025-10-10T17:00:00Z","2025-10-10T22:00:00+05:00","Asia/Tashkent",41.204655,69.232522,,,,"AirGradient","AirGradient"
4902926,"Sputnik-4","temperature",18.694125072161356,"c","2025-10-10T18:00:00Z","2025-10-10T23:00:00+05:00","Asia/Tashkent",41.204655,69.232522,,,,"AirGradient","AirGradient"
4902926,"Sputnik-4","temperature",18.62662497361501,"c","2025-10-10T19:00:00Z","2025-10-11T00:00:00+05:00","Asia/Tashkent",41.204655,69.232522,,,,"AirGradient","AirGradient"
4902926,"Sputnik-4","temperature",18.08324980735779,"c","2025-10-10T20:00:00Z","2025-10-11T01:00:00+05:00","Asia/Tashkent",41.204655,69.232522,,,,"AirGradient","AirGradient"
4902926,"Sputnik-4","temperature",17.36924999554952,"c","2025-10-10T21:00:00Z","2025-10-11T02:00:00+05:00","Asia/Tashkent",41.204655,69.232522,,,,"AirGradient","AirGradient"
4902926,"Sputnik-4","temperature",17.29254163106283,"c","2025-10-10T22:00:00Z","2025-10-11T03:00:00+05:00","Asia/Tashkent",41.204655,69.232522,,,,"AirGradient","AirGradient"
4902926,"Sputnik-4","temperature",17.01650018692017,"c","2025-10-10T23:00:00Z","2025-10-11T04:00:00+05:00","Asia/Tashkent",41.204655,69.232522,,,,"AirGradient","AirGradient"
4902926,"Sputnik-4","temperature",16.48866670131683,"c","2025-10-11T00:00:00Z","2025-10-11T05:00:00+05:00","Asia/Tashkent",41.204655,69.232522,,,,"AirGradient","AirGradient"
4902926,"Sputnik-4","temperature",16.01654172738393,"c","2025-10-11T01:00:00Z","2025-10-11T06:00:00+05:00","Asia/Tashkent",41.204655,69.232522,,,,"AirGradient","AirGradient"
4902926,"Sputnik-4","temperature",15.559791775544483,"c","2025-10-11T02:00:00Z","2025-10-11T07:00:00+05:00","Asia/Tashkent",41.204655,69.232522,,,,"AirGradient","AirGradient"
4902926,"Sputnik-4","temperature",16.50640279981825,"c","2025-10-11T03:00:00Z","2025-10-11T08:00:00+05:00","Asia/Tashkent",41.204655,69.232522,,,,"AirGradient","AirGradient"
4902926,"Sputnik-4","temperature",18.37166664600372,"c","2025-10-11T04:00:00Z","2025-10-11T09:00:00+05:00","Asia/Tashkent",41.204655,69.232522,,,,"AirGradient","AirGradient"
4902926,"Sputnik-4","temperature",20.75295836660597,"c","2025-10-11T05:00:00Z","2025-10-11T10:00:00+05:00","Asia/Tashkent",41.204655,69.232522,,,,"AirGradient","AirGradient"
4902926,"Sputnik-4","temperature",22.55036110348172,"c","2025-10-11T06:00:00Z","2025-10-11T11:00:00+05:00","Asia/Tashkent",41.204655,69.232522,,,,"AirGradient","AirGradient"
4902926,"Sputnik-4","temperature",24.032583181063334,"c","2025-10-11T07:00:00Z","2025-10-11T12:00:00+05:00","Asia/Tashkent",41.204655,69.232522,,,,"AirGradient","AirGradient"
4902926,"Sputnik-4","temperature",25.428166667620342,"c","2025-10-11T08:00:00Z","2025-10-11T13:00:00+05:00","Asia/Tashkent",41.204655,69.232522,,,,"AirGradient","AirGradient"
4902926,"Sputnik-4","temperature",26.978257283297452,"c","2025-10-11T09:00:00Z","2025-10-11T14:00:00+05:00","Asia/Tashkent",41.204655,69.232522,,,,"AirGradient","AirGradient"
4902926,"Sputnik-4","temperature",27.263791643248663,"c","2025-10-11T10:00:00Z","2025-10-11T15:00:00+05:00","Asia/Tashkent",41.204655,69.232522,,,,"AirGradient","AirGradient"
4902926,"Sputnik-4","temperature",27.24776389863756,"c","2025-10-11T11:00:00Z","2025-10-11T16:00:00+05:00","Asia/Tashkent",41.204655,69.232522,,,,"AirGradient","AirGradient"
4902926,"Sputnik-4","temperature",26.320075728676535,"c","2025-10-11T13:00:00Z","2025-10-11T18:00:00+05:00","Asia/Tashkent",41.204655,69.232522,,,,"AirGradient","AirGradient"
4902926,"Sputnik-4","temperature",23.835333508915372,"c","2025-10-11T14:00:00Z","2025-10-11T19:00:00+05:00","Asia/Tashkent",41.204655,69.232522,,,,"AirGradient","AirGradient"
4902926,"Sputnik-4","temperature",23.060305547714233,"c","2025-10-11T15:00:00Z","2025-10-11T20:00:00+05:00","Asia/Tashkent",41.204655,69.232522,,,,"AirGradient","AirGradient"
4902926,"Sputnik-4","temperature",21.11309736834632,"c","2025-10-11T16:00:00Z","2025-10-11T21:00:00+05:00","Asia/Tashkent",41.204655,69.232522,,,,"AirGradient","AirGradient"
4902926,"Sputnik-4","temperature",19.765291666984556,"c","2025-10-11T17:00:00Z","2025-10-11T22:00:00+05:00","Asia/Tashkent",41.204655,69.232522,,,,"AirGradient","AirGradient"
4902926,"Sputnik-4","temperature",19.394458047548927,"c","2025-10-11T18:00:00Z","2025-10-11T23:00:00+05:00","Asia/Tashkent",41.204655,69.232522,,,,"AirGradient","AirGradient"
4902926,"Sputnik-4","temperature",18.907083471616108,"c","2025-10-11T19:00:00Z","2025-10-12T00:00:00+05:00","Asia/Tashkent",41.204655,69.232522,,,,"AirGradient","AirGradient"
4902926,"Sputnik-4","temperature",19.093250068028766,"c","2025-10-11T20:00:00Z","2025-10-12T01:00:00+05:00","Asia/Tashkent",41.204655,69.232522,,,,"AirGradient","AirGradient"
4902926,"Sputnik-4","temperature",19.105458664894105,"c","2025-10-11T21:00:00Z","2025-10-12T02:00:00+05:00","Asia/Tashkent",41.204655,69.232522,,,,"AirGradient","AirGradient"
4902926,"Sputnik-4","temperature",19.00824999809265,"c","2025-10-11T22:00:00Z","2025-10-12T03:00:00+05:00","Asia/Tashkent",41.204655,69.232522,,,,"AirGradient","AirGradient"
4902926,"Sputnik-4","temperature",18.835625142521327,"c","2025-10-11T23:00:00Z","2025-10-12T04:00:00+05:00","Asia/Tashkent",41.204655,69.232522,,,,"AirGradient","AirGradient"
4902926,"Sputnik-4","temperature",18.77145842711131,"c","2025-10-12T00:00:00Z","2025-10-12T05:00:00+05:00","Asia/Tashkent",41.204655,69.232522,,,,"AirGradient","AirGradient"
4902926,"Sputnik-4","temperature",19.155291962623597,"c","2025-10-12T01:00:00Z","2025-10-12T06:00:00+05:00","Asia/Tashkent",41.204655,69.232522,,,,"AirGradient","AirGradient"
4902926,"Sputnik-4","temperature",19.012416656812032,"c","2025-10-12T02:00:00Z","2025-10-12T07:00:00+05:00","Asia/Tashkent",41.204655,69.232522,,,,"AirGradient","AirGradient"
4902926,"Sputnik-4","temperature",19.64420832792918,"c","2025-10-12T03:00:00Z","2025-10-12T08:00:00+05:00","Asia/Tashkent",41.204655,69.232522,,,,"AirGradient","AirGradient"
4902926,"Sputnik-4","temperature",21.00127777788374,"c","2025-10-12T04:00:00Z","2025-10-12T09:00:00+05:00","Asia/Tashkent",41.204655,69.232522,,,,"AirGradient","AirGradient"
4902926,"Sputnik-4","temperature",23.116416732470196,"c","2025-10-12T05:00:00Z","2025-10-12T10:00:00+05:00","Asia/Tashkent",41.204655,69.232522,,,,"AirGradient","AirGradient"
4902926,"Sputnik-4","temperature",25.20927783118354,"c","2025-10-12T06:00:00Z","2025-10-12T11:00:00+05:00","Asia/Tashkent",41.204655,69.232522,,,,"AirGradient","AirGradient"
4902926,"Sputnik-4","temperature",28.12769446637895,"c","2025-10-12T07:00:00Z","2025-10-12T12:00:00+05:00","Asia/Tashkent",41.204655,69.232522,,,,"AirGradient","AirGradient"
4902926,"Sputnik-4","temperature",28.503041532304554,"c","2025-10-12T08:00:00Z","2025-10-12T13:00:00+05:00","Asia/Tashkent",41.204655,69.232522,,,,"AirGradient","AirGradient"
4902926,"Sputnik-4","temperature",28.279708377520247,"c","2025-10-12T09:00:00Z","2025-10-12T14:00:00+05:00","Asia/Tashkent",41.204655,69.232522,,,,"AirGradient","AirGradient"
4902926,"Sputnik-4","temperature",28.53259723981222,"c","2025-10-12T10:00:00Z","2025-10-12T15:00:00+05:00","Asia/Tashkent",41.204655,69.232522,,,,"AirGradient","AirGradient"
4902926,"Sputnik-4","temperature",27.798283309936522,"c","2025-10-12T11:00:00Z","2025-10-12T16:00:00+05:00","Asia/Tashkent",41.204655,69.232522,,,,"AirGradient","AirGradient"
4902926,"Sputnik-4","temperature",27.126061034925055,"c","2025-10-12T12:00:00Z","2025-10-12T17:00:00+05:00","Asia/Tashkent",41.204655,69.232522,,,,"AirGradient","AirGradient"
4902926,"Sputnik-4","temperature",26.18592604884395,"c","2025-10-12T13:00:00Z","2025-10-12T18:00:00+05:00","Asia/Tashkent",41.204655,69.232522,,,,"AirGradient","AirGradient"
4902926,"Sputnik-4","temperature",25.52850010322802,"c","2025-10-12T14:00:00Z","2025-10-12T19:00:00+05:00","Asia/Tashkent",41.204655,69.232522,,,,"AirGradient","AirGradient"
4902926,"Sputnik-4","temperature",25.417027571466235,"c","2025-10-12T15:00:00Z","2025-10-12T20:00:00+05:00","Asia/Tashkent",41.204655,69.232522,,,,"AirGradient","AirGradient"
4902926,"Sputnik-4","temperature",25.172133064270017,"c","2025-10-12T16:00:00Z","2025-10-12T21:00:00+05:00","Asia/Tashkent",41.204655,69.232522,,,,"AirGradient","AirGradient"
4902926,"Sputnik-4","temperature",23.363636594830133,"c","2025-10-12T17:00:00Z","2025-10-12T22:00:00+05:00","Asia/Tashkent",41.204655,69.232522,,,,"AirGradient","AirGradient"
4902926,"Sputnik-4","temperature",23.015847341219583,"c","2025-10-12T18:00:00Z","2025-10-12T23:00:00+05:00","Asia/Tashkent",41.204655,69.232522,,,,"AirGradient","AirGradient"
4902926,"Sputnik-4","temperature",22.477302996317547,"c","2025-10-12T19:00:00Z","2025-10-13T00:00:00+05:00","Asia/Tashkent",41.204655,69.232522,,,,"AirGradient","AirGradient"
4902926,"Sputnik-4","temperature",22.35779145558675,"c","2025-10-12T20:00:00Z","2025-10-13T01:00:00+05:00","Asia/Tashkent",41.204655,69.232522,,,,"AirGradient","AirGradient"
4902926,"Sputnik-4","temperature",21.941500266393025,"c","2025-10-12T21:00:00Z","2025-10-13T02:00:00+05:00","Asia/Tashkent",41.204655,69.232522,,,,"AirGradient","AirGradient"
4902926,"Sputnik-4","temperature",20.30908334255218,"c","2025-10-12T22:00:00Z","2025-10-13T03:00:00+05:00","Asia/Tashkent",41.204655,69.232522,,,,"AirGradient","AirGradient"
4902926,"Sputnik-4","temperature",19.843666394551594,"c","2025-10-12T23:00:00Z","2025-10-13T04:00:00+05:00","Asia/Tashkent",41.204655,69.232522,,,,"AirGradient","AirGradient"
4902926,"Sputnik-4","temperature",18.66491657098134,"c","2025-10-13T00:00:00Z","2025-10-13T05:00:00+05:00","Asia/Tashkent",41.204655,69.232522,,,,"AirGradient","AirGradient"
4902926,"Sputnik-4","temperature",17.854791625340777,"c","2025-10-13T01:00:00Z","2025-10-13T06:00:00+05:00","Asia/Tashkent",41.204655,69.232522,,,,"AirGradient","AirGradient"
4902926,"Sputnik-4","temperature",17.61551422542996,"c","2025-10-13T02:00:00Z","2025-10-13T07:00:00+05:00","Asia/Tashkent",41.204655,69.232522,,,,"AirGradient","AirGradient"
4902926,"Sputnik-4","temperature",18.25679164727529,"c","2025-10-13T03:00:00Z","2025-10-13T08:00:00+05:00","Asia/Tashkent",41.204655,69.232522,,,,"AirGradient","AirGradient"
4902926,"Sputnik-4","temperature",19.55579159259796,"c","2025-10-13T04:00:00Z","2025-10-13T09:00:00+05:00","Asia/Tashkent",41.204655,69.232522,,,,"AirGradient","AirGradient"
4902926,"Sputnik-4","temperature",21.38016674518585,"c","2025-10-13T05:00:00Z","2025-10-13T10:00:00+05:00","Asia/Tashkent",41.204655,69.232522,,,,"AirGradient","AirGradient"
4902926,"Sputnik-4","temperature",22.89941647582584,"c","2025-10-13T06:00:00Z","2025-10-13T11:00:00+05:00","Asia/Tashkent",41.204655,69.232522,,,,"AirGradient","AirGradient"
4902926,"Sputnik-4","temperature",23.716125178337098,"c","2025-10-13T07:00:00Z","2025-10-13T12:00:00+05:00","Asia/Tashkent",41.204655,69.232522,,,,"AirGradient","AirGradient"
4902926,"Sputnik-4","temperature",25.057916577657057,"c","2025-10-13T08:00:00Z","2025-10-13T13:00:00+05:00","Asia/Tashkent",41.204655,69.232522,,,,"AirGradient","AirGradient"
4902926,"Sputnik-4","temperature",25.70652774704828,"c","2025-10-13T09:00:00Z","2025-10-13T14:00:00+05:00","Asia/Tashkent",41.204655,69.232522,,,,"AirGradient","AirGradient"
4902926,"Sputnik-4","temperature",26.19170828925239,"c","2025-10-13T10:00:00Z","2025-10-13T15:00:00+05:00","Asia/Tashkent",41.204655,69.232522,,,,"AirGradient","AirGradient"
4902926,"Sputnik-4","temperature",25.382708382606506,"c","2025-10-13T11:00:00Z","2025-10-13T16:00:00+05:00","Asia/Tashkent",41.204655,69.232522,,,,"AirGradient","AirGradient"
4902926,"Sputnik-4","temperature",25.653791578610736,"c","2025-10-13T12:00:00Z","2025-10-13T17:00:00+05:00","Asia/Tashkent",41.204655,69.232522,,,,"AirGradient","AirGradient"
4902926,"Sputnik-4","temperature",24.136250005828007,"c","2025-10-13T13:00:00Z","2025-10-13T18:00:00+05:00","Asia/Tashkent",41.204655,69.232522,,,,"AirGradient","AirGradient"
4902926,"Sputnik-4","temperature",22.453638908598162,"c","2025-10-13T14:00:00Z","2025-10-13T19:00:00+05:00","Asia/Tashkent",41.204655,69.232522,,,,"AirGradient","AirGradient"
4902926,"Sputnik-4","temperature",21.672250096003214,"c","2025-10-13T15:00:00Z","2025-10-13T20:00:00+05:00","Asia/Tashkent",41.204655,69.232522,,,,"AirGradient","AirGradient"
4902926,"Sputnik-4","temperature",20.834958322842915,"c","2025-10-13T16:00:00Z","2025-10-13T21:00:00+05:00","Asia/Tashkent",41.204655,69.232522,,,,"AirGradient","AirGradient"
4902926,"Sputnik-4","temperature",20.021083362897237,"c","2025-10-13T17:00:00Z","2025-10-13T22:00:00+05:00","Asia/Tashkent",41.204655,69.232522,,,,"AirGradient","AirGradient"
4902926,"Sputnik-4","temperature",19.609111160702174,"c","2025-10-13T18:00:00Z","2025-10-13T23:00:00+05:00","Asia/Tashkent",41.204655,69.232522,,,,"AirGradient","AirGradient"
4902926,"Sputnik-4","temperature",18.898180601331926,"c","2025-10-13T19:00:00Z","2025-10-14T00:00:00+05:00","Asia/Tashkent",41.204655,69.232522,,,,"AirGradient","AirGradient"
4902926,"Sputnik-4","temperature",18.378750173250836,"c","2025-10-13T20:00:00Z","2025-10-14T01:00:00+05:00","Asia/Tashkent",41.204655,69.232522,,,,"AirGradient","AirGradient"
4902926,"Sputnik-4","temperature",17.144499993324278,"c","2025-10-13T21:00:00Z","2025-10-14T02:00:00+05:00","Asia/Tashkent",41.204655,69.232522,,,,"AirGradient","AirGradient"
4902926,"Sputnik-4","temperature",16.801833629608154,"c","2025-10-13T22:00:00Z","2025-10-14T03:00:00+05:00","Asia/Tashkent",41.204655,69.232522,,,,"AirGradient","AirGradient"
4902926,"Sputnik-4","temperature",16.702458540598553,"c","2025-10-13T23:00:00Z","2025-10-14T04:00:00+05:00","Asia/Tashkent",41.204655,69.232522,,,,"AirGradient","AirGradient"
4902926,"Sputnik-4","temperature",16.163083497683207,"c","2025-10-14T00:00:00Z","2025-10-14T05:00:00+05:00","Asia/Tashkent",41.204655,69.232522,,,,"AirGradient","AirGradient"
4902926,"Sputnik-4","temperature",16.41395844618479,"c","2025-10-14T01:00:00Z","2025-10-14T06:00:00+05:00","Asia/Tashkent",41.204655,69.232522,,,,"AirGradient","AirGradient"
4902926,"Sputnik-4","temperature",17.285249908765156,"c","2025-10-14T02:00:00Z","2025-10-14T07:00:00+05:00","Asia/Tashkent",41.204655,69.232522,,,,"AirGradient","AirGradient"
4902926,"Sputnik-4","um003",254.0469970703125,"particles/cm³","2025-06-29T19:00:00Z","2025-06-30T00:00:00+05:00","Asia/Tashkent",41.204655,69.232522,,,,"AirGradient","AirGradient"
4902926,"Sputnik-4","um003",333.69774373372394,"particles/cm³","2025-09-01T12:00:00Z","2025-09-01T17:00:00+05:00","Asia/Tashkent",41.204655,69.232522,,,,"AirGradient","AirGradient"
4902926,"Sputnik-4","um003",402.55525461832684,"particles/cm³","2025-09-01T13:00:00Z","2025-09-01T18:00:00+05:00","Asia/Tashkent",41.204655,69.232522,,,,"AirGradient","AirGradient"
4902926,"Sputnik-4","um003",635.262575785319,"particles/cm³","2025-09-01T14:00:00Z","2025-09-01T19:00:00+05:00","Asia/Tashkent",41.204655,69.232522,,,,"AirGradient","AirGradient"
4902926,"Sputnik-4","um003",946.0332489013672,"particles/cm³","2025-09-01T15:00:00Z","2025-09-01T20:00:00+05:00","Asia/Tashkent",41.204655,69.232522,,,,"AirGradient","AirGradient"
4902926,"Sputnik-4","um003",1166.7134501139324,"particles/cm³","2025-09-01T16:00:00Z","2025-09-01T21:00:00+05:00","Asia/Tashkent",41.204655,69.232522,,,,"AirGradient","AirGradient"
4902926,"Sputnik-4","um003",1165.159174601237,"particles/cm³","2025-09-01T17:00:00Z","2025-09-01T22:00:00+05:00","Asia/Tashkent",41.204655,69.232522,,,,"AirGradient","AirGradient"
4902926,"Sputnik-4","um003",864.4923350016276,"particles/cm³","2025-09-01T18:00:00Z","2025-09-01T23:00:00+05:00","Asia/Tashkent",41.204655,69.232522,,,,"AirGradient","AirGradient"
4902926,"Sputnik-4","um003",705.0838572184244,"particles/cm³","2025-09-01T19:00:00Z","2025-09-02T00:00:00+05:00","Asia/Tashkent",41.204655,69.232522,,,,"AirGradient","AirGradient"
4902926,"Sputnik-4","um003",500.31389872233075,"particles/cm³","2025-09-01T20:00:00Z","2025-09-02T01:00:00+05:00","Asia/Tashkent",41.204655,69.232522,,,,"AirGradient","AirGradient"
4902926,"Sputnik-4","um003",512.6904576619467,"particles/cm³","2025-09-01T21:00:00Z","2025-09-02T02:00:00+05:00","Asia/Tashkent",41.204655,69.232522,,,,"AirGradient","AirGradient"
4902926,"Sputnik-4","um003",999.9730834960938,"particles/cm³","2025-09-01T22:00:00Z","2025-09-02T03:00:00+05:00","Asia/Tashkent",41.204655,69.232522,,,,"AirGradient","AirGradient"
4902926,"Sputnik-4","um003",1173.1908671061199,"particles/cm³","2025-09-01T23:00:00Z","2025-09-02T04:00:00+05:00","Asia/Tashkent",41.204655,69.232522,,,,"AirGradient","AirGradient"
4902926,"Sputnik-4","um003",1184.4252522786458,"particles/cm³","2025-09-02T00:00:00Z","2025-09-02T05:00:00+05:00","Asia/Tashkent",41.204655,69.232522,,,,"AirGradient","AirGradient"
4902926,"Sputnik-4","um003",994.1348775227865,"particles/cm³","2025-09-02T01:00:00Z","2025-09-02T06:00:00+05:00","Asia/Tashkent",41.204655,69.232522,,,,"AirGradient","AirGradient"
4902926,"Sputnik-4","um003",736.5905278523763,"particles/cm³","2025-09-02T02:00:00Z","2025-09-02T07:00:00+05:00","Asia/Tashkent",41.204655,69.232522,,,,"AirGradient","AirGradient"
4902926,"Sputnik-4","um003",1572.0523147583008,"particles/cm³","2025-09-02T03:00:00Z","2025-09-02T08:00:00+05:00","Asia/Tashkent",41.204655,69.232522,,,,"AirGradient","AirGradient"
4902926,"Sputnik-4","um003",389.99402872721356,"particles/cm³","2025-09-02T04:00:00Z","2025-09-02T09:00:00+05:00","Asia/Tashkent",41.204655,69.232522,,,,"AirGradient","AirGradient"
4902926,"Sputnik-4","um003",508.6300328572591,"particles/cm³","2025-09-02T05:00:00Z","2025-09-02T10:00:00+05:00","Asia/Tashkent",41.204655,69.232522,,,,"AirGradient","AirGradient"
4902926,"Sputnik-4","um003",519.2349599202474,"particles/cm³","2025-09-02T06:00:00Z","2025-09-02T11:00:00+05:00","Asia/Tashkent",41.204655,69.232522,,,,"AirGradient","AirGradient"
4902926,"Sputnik-4","um003",320.01387786865234,"particles/cm³","2025-09-02T07:00:00Z","2025-09-02T12:00:00+05:00","Asia/Tashkent",41.204655,69.232522,,,,"AirGradient","AirGradient"
4902926,"Sputnik-4","um003",363.61790466308594,"particles/cm³","2025-09-02T08:00:00Z","2025-09-02T13:00:00+05:00","Asia/Tashkent",41.204655,69.232522,,,,"AirGradient","AirGradient"
4902926,"Sputnik-4","um003",560.5619176228842,"particles/cm³","2025-09-02T09:00:00Z","2025-09-02T14:00:00+05:00","Asia/Tashkent",41.204655,69.232522,,,,"AirGradient","AirGradient"
4902926,"Sputnik-4","um003",569.6261723836263,"particles/cm³","2025-09-02T10:00:00Z","2025-09-02T15:00:00+05:00","Asia/Tashkent",41.204655,69.232522,,,,"AirGradient","AirGradient"
4902926,"Sputnik-4","um003",368.62207794189453,"particles/cm³","2025-09-02T11:00:00Z","2025-09-02T16:00:00+05:00","Asia/Tashkent",41.204655,69.232522,,,,"AirGradient","AirGradient"
4902926,"Sputnik-4","um003",332.83904520670575,"particles/cm³","2025-09-02T12:00:00Z","2025-09-02T17:00:00+05:00","Asia/Tashkent",41.204655,69.232522,,,,"AirGradient","AirGradient"
4902926,"Sputnik-4","um003",389.28491973876953,"particles/cm³","2025-09-02T13:00:00Z","2025-09-02T18:00:00+05:00","Asia/Tashkent",41.204655,69.232522,,,,"AirGradient","AirGradient"
4902926,"Sputnik-4","um003",374.33349863688153,"particles/cm³","2025-09-02T14:00:00Z","2025-09-02T19:00:00+05:00","Asia/Tashkent",41.204655,69.232522,,,,"AirGradient","AirGradient"
4902926,"Sputnik-4","um003",353.93741099039715,"particles/cm³","2025-09-02T15:00:00Z","2025-09-02T20:00:00+05:00","Asia/Tashkent",41.204655,69.232522,,,,"AirGradient","AirGradient"
4902926,"Sputnik-4","um003",396.43096415201825,"particles/cm³","2025-09-02T16:00:00Z","2025-09-02T21:00:00+05:00","Asia/Tashkent",41.204655,69.232522,,,,"AirGradient","AirGradient"
4902926,"Sputnik-4","um003",433.13458760579425,"particles/cm³","2025-09-02T17:00:00Z","2025-09-02T22:00:00+05:00","Asia/Tashkent",41.204655,69.232522,,,,"AirGradient","AirGradient"
4902926,"Sputnik-4","um003",400.4889551798503,"particles/cm³","2025-09-02T18:00:00Z","2025-09-02T23:00:00+05:00","Asia/Tashkent",41.204655,69.232522,,,,"AirGradient","AirGradient"
4902926,"Sputnik-4","um003",852.7748769124349,"particles/cm³","2025-09-02T19:00:00Z","2025-09-03T00:00:00+05:00","Asia/Tashkent",41.204655,69.232522,,,,"AirGradient","AirGradient"
4902926,"Sputnik-4","um003",1112.1863810221355,"particles/cm³","2025-09-02T20:00:00Z","2025-09-03T01:00:00+05:00","Asia/Tashkent",41.204655,69.232522,,,,"AirGradient","AirGradient"
4902926,"Sputnik-4","um003",1045.5325113932292,"particles/cm³","2025-09-02T21:00:00Z","2025-09-03T02:00:00+05:00","Asia/Tashkent",41.204655,69.232522,,,,"AirGradient","AirGradient"
4902926,"Sputnik-4","um003",1289.8903350830078,"particles/cm³","2025-09-02T22:00:00Z","2025-09-03T03:00:00+05:00","Asia/Tashkent",41.204655,69.232522,,,,"AirGradient","AirGradient"
4902926,"Sputnik-4","um003",1130.051549275716,"particles/cm³","2025-09-02T23:00:00Z","2025-09-03T04:00:00+05:00","Asia/Tashkent",41.204655,69.232522,,,,"AirGradient","AirGradient"
4902926,"Sputnik-4","um003",1015.7376505533854,"particles/cm³","2025-09-03T00:00:00Z","2025-09-03T05:00:00+05:00","Asia/Tashkent",41.204655,69.232522,,,,"AirGradient","AirGradient"
4902926,"Sputnik-4","um003",1502.5894877115886,"particles/cm³","2025-09-03T01:00:00Z","2025-09-03T06:00:00+05:00","Asia/Tashkent",41.204655,69.232522,,,,"AirGradient","AirGradient"
4902926,"Sputnik-4","um003",1243.1002146402996,"particles/cm³","2025-09-03T02:00:00Z","2025-09-03T07:00:00+05:00","Asia/Tashkent",41.204655,69.232522,,,,"AirGradient","AirGradient"
4902926,"Sputnik-4","um003",833.7549264090402,"particles/cm³","2025-09-03T03:00:00Z","2025-09-03T08:00:00+05:00","Asia/Tashkent",41.204655,69.232522,,,,"AirGradient","AirGradient"
4902926,"Sputnik-4","um003",1130.4117584228516,"particles/cm³","2025-09-03T08:00:00Z","2025-09-03T13:00:00+05:00","Asia/Tashkent",41.204655,69.232522,,,,"AirGradient","AirGradient"
4902926,"Sputnik-4","um003",806.9042104085287,"particles/cm³","2025-09-03T09:00:00Z","2025-09-03T14:00:00+05:00","Asia/Tashkent",41.204655,69.232522,,,,"AirGradient","AirGradient"
4902926,"Sputnik-4","um003",851.5854695638021,"particles/cm³","2025-09-03T10:00:00Z","2025-09-03T15:00:00+05:00","Asia/Tashkent",41.204655,69.232522,,,,"AirGradient","AirGradient"
4902926,"Sputnik-4","um003",668.3002878824869,"particles/cm³","2025-09-03T11:00:00Z","2025-09-03T16:00:00+05:00","Asia/Tashkent",41.204655,69.232522,,,,"AirGradient","AirGradient"
4902926,"Sputnik-4","um003",518.6864217122396,"particles/cm³","2025-09-03T12:00:00Z","2025-09-03T17:00:00+05:00","Asia/Tashkent",41.204655,69.232522,,,,"AirGradient","AirGradient"
4902926,"Sputnik-4","um003",550.639284769694,"particles/cm³","2025-09-03T13:00:00Z","2025-09-03T18:00:00+05:00","Asia/Tashkent",41.204655,69.232522,,,,"AirGradient","AirGradient"
4902926,"Sputnik-4","um003",622.3080444335938,"particles/cm³","2025-09-03T14:00:00Z","2025-09-03T19:00:00+05:00","Asia/Tashkent",41.204655,69.232522,,,,"AirGradient","AirGradient"
4902926,"Sputnik-4","um003",850.3052520751953,"particles/cm³","2025-09-03T15:00:00Z","2025-09-03T20:00:00+05:00","Asia/Tashkent",41.204655,69.232522,,,,"AirGradient","AirGradient"
4902926,"Sputnik-4","um003",845.1512552897135,"particles/cm³","2025-09-03T16:00:00Z","2025-09-03T21:00:00+05:00","Asia/Tashkent",41.204655,69.232522,,,,"AirGradient","AirGradient"
4902926,"Sputnik-4","um003",1045.3589935302734,"particles/cm³","2025-09-03T17:00:00Z","2025-09-03T22:00:00+05:00","Asia/Tashkent",41.204655,69.232522,,,,"AirGradient","AirGradient"
4902926,"Sputnik-4","um003",1257.984619140625,"particles/cm³","2025-09-03T18:00:00Z","2025-09-03T23:00:00+05:00","Asia/Tashkent",41.204655,69.232522,,,,"AirGradient","AirGradient"
4902926,"Sputnik-4","um003",1091.6750793457031,"particles/cm³","2025-09-03T19:00:00Z","2025-09-04T00:00:00+05:00","Asia/Tashkent",41.204655,69.232522,,,,"AirGradient","AirGradient"
4902926,"Sputnik-4","um003",1166.8417358398438,"particles/cm³","2025-09-03T20:00:00Z","2025-09-04T01:00:00+05:00","Asia/Tashkent",41.204655,69.232522,,,,"AirGradient","AirGradient"
4902926,"Sputnik-4","um003",1091.8527933756511,"particles/cm³","2025-09-03T21:00:00Z","2025-09-04T02:00:00+05:00","Asia/Tashkent",41.204655,69.232522,,,,"AirGradient","AirGradient"
4902926,"Sputnik-4","um003",1108.973841349284,"particles/cm³","2025-09-03T22:00:00Z","2025-09-04T03:00:00+05:00","Asia/Tashkent",41.204655,69.232522,,,,"AirGradient","AirGradient"
4902926,"Sputnik-4","um003",1465.4284566243489,"particles/cm³","2025-09-03T23:00:00Z","2025-09-04T04:00:00+05:00","Asia/Tashkent",41.204655,69.232522,,,,"AirGradient","AirGradient"
4902926,"Sputnik-4","um003",1705.9580078125,"particles/cm³","2025-09-04T00:00:00Z","2025-09-04T05:00:00+05:00","Asia/Tashkent",41.204655,69.232522,,,,"AirGradient","AirGradient"
4902926,"Sputnik-4","um003",1454.3980407714844,"particles/cm³","2025-09-04T01:00:00Z","2025-09-04T06:00:00+05:00","Asia/Tashkent",41.204655,69.232522,,,,"AirGradient","AirGradient"
4902926,"Sputnik-4","um003",1243.5403137207031,"particles/cm³","2025-09-04T02:00:00Z","2025-09-04T07:00:00+05:00","Asia/Tashkent",41.204655,69.232522,,,,"AirGradient","AirGradient"
4902926,"Sputnik-4","um003",1451.87255859375,"particles/cm³","2025-09-04T03:00:00Z","2025-09-04T08:00:00+05:00","Asia/Tashkent",41.204655,69.232522,,,,"AirGradient","AirGradient"
4902926,"Sputnik-4","um003",1526.5214742024739,"particles/cm³","2025-09-04T04:00:00Z","2025-09-04T09:00:00+05:00","Asia/Tashkent",41.204655,69.232522,,,,"AirGradient","AirGradient"
4902926,"Sputnik-4","um003",1280.6039817116477,"particles/cm³","2025-09-04T05:00:00Z","2025-09-04T10:00:00+05:00","Asia/Tashkent",41.204655,69.232522,,,,"AirGradient","AirGradient"
4902926,"Sputnik-4","um003",1356.6429239908855,"particles/cm³","2025-09-04T06:00:00Z","2025-09-04T11:00:00+05:00","Asia/Tashkent",41.204655,69.232522,,,,"AirGradient","AirGradient"
4902926,"Sputnik-4","um003",826.8666788736979,"particles/cm³","2025-09-04T07:00:00Z","2025-09-04T12:00:00+05:00","Asia/Tashkent",41.204655,69.232522,,,,"AirGradient","AirGradient"
4902926,"Sputnik-4","um003",666.9122416178385,"particles/cm³","2025-09-04T08:00:00Z","2025-09-04T13:00:00+05:00","Asia/Tashkent",41.204655,69.232522,,,,"AirGradient","AirGradient"
4902926,"Sputnik-4","um003",567.8597030639648,"particles/cm³","2025-09-04T09:00:00Z","2025-09-04T14:00:00+05:00","Asia/Tashkent",41.204655,69.232522,,,,"AirGradient","AirGradient"
4902926,"Sputnik-4","um003",444.3516260782878,"particles/cm³","2025-09-04T10:00:00Z","2025-09-04T15:00:00+05:00","Asia/Tashkent",41.204655,69.232522,,,,"AirGradient","AirGradient"
4902926,"Sputnik-4","um003",409.61854298909503,"particles/cm³","2025-09-04T11:00:00Z","2025-09-04T16:00:00+05:00","Asia/Tashkent",41.204655,69.232522,,,,"AirGradient","AirGradient"
4902926,"Sputnik-4","um003",413.46996053059894,"particles/cm³","2025-09-04T12:00:00Z","2025-09-04T17:00:00+05:00","Asia/Tashkent",41.204655,69.232522,,,,"AirGradient","AirGradient"
4902926,"Sputnik-4","um003",440.116205851237,"particles/cm³","2025-09-04T13:00:00Z","2025-09-04T18:00:00+05:00","Asia/Tashkent",41.204655,69.232522,,,,"AirGradient","AirGradient"
4902926,"Sputnik-4","um003",654.1449127197266,"particles/cm³","2025-09-04T14:00:00Z","2025-09-04T19:00:00+05:00","Asia/Tashkent",41.204655,69.232522,,,,"AirGradient","AirGradient"
4902926,"Sputnik-4","um003",1016.9623667399088,"particles/cm³","2025-09-04T15:00:00Z","2025-09-04T20:00:00+05:00","Asia/Tashkent",41.204655,69.232522,,,,"AirGradient","AirGradient"
4902926,"Sputnik-4","um003",872.7530822753906,"particles/cm³","2025-09-04T16:00:00Z","2025-09-04T21:00:00+05:00","Asia/Tashkent",41.204655,69.232522,,,,"AirGradient","AirGradient"
4902926,"Sputnik-4","um003",1221.9958394368489,"particles/cm³","2025-09-04T17:00:00Z","2025-09-04T22:00:00+05:00","Asia/Tashkent",41.204655,69.232522,,,,"AirGradient","AirGradient"
4902926,"Sputnik-4","um003",1284.9187520345051,"particles/cm³","2025-09-04T18:00:00Z","2025-09-04T23:00:00+05:00","Asia/Tashkent",41.204655,69.232522,,,,"AirGradient","AirGradient"
4902926,"Sputnik-4","um003",1487.5760396321614,"particles/cm³","2025-09-04T19:00:00Z","2025-09-05T00:00:00+05:00","Asia/Tashkent",41.204655,69.232522,,,,"AirGradient","AirGradient"
4902926,"Sputnik-4","um003",1909.3556620279949,"particles/cm³","2025-09-04T20:00:00Z","2025-09-05T01:00:00+05:00","Asia/Tashkent",41.204655,69.232522,,,,"AirGradient","AirGradient"
4902926,"Sputnik-4","um003",1556.557881673177,"particles/cm³","2025-09-04T21:00:00Z","2025-09-05T02:00:00+05:00","Asia/Tashkent",41.204655,69.232522,,,,"AirGradient","AirGradient"
4902926,"Sputnik-4","um003",1553.5411071777344,"particles/cm³","2025-09-04T22:00:00Z","2025-09-05T03:00:00+05:00","Asia/Tashkent",41.204655,69.232522,,,,"AirGradient","AirGradient"
4902926,"Sputnik-4","um003",1358.4037068684895,"particles/cm³","2025-09-04T23:00:00Z","2025-09-05T04:00:00+05:00","Asia/Tashkent",41.204655,69.232522,,,,"AirGradient","AirGradient"
4902926,"Sputnik-4","um003",1174.0948689778645,"particles/cm³","2025-09-05T00:00:00Z","2025-09-05T05:00:00+05:00","Asia/Tashkent",41.204655,69.232522,,,,"AirGradient","AirGradient"
4902926,"Sputnik-4","um003",1079.2208201090496,"particles/cm³","2025-09-05T01:00:00Z","2025-09-05T06:00:00+05:00","Asia/Tashkent",41.204655,69.232522,,,,"AirGradient","AirGradient"
4902926,"Sputnik-4","um003",1043.205078125,"particles/cm³","2025-09-05T02:00:00Z","2025-09-05T07:00:00+05:00","Asia/Tashkent",41.204655,69.232522,,,,"AirGradient","AirGradient"
4902926,"Sputnik-4","um003",1208.4471638997395,"particles/cm³","2025-09-05T03:00:00Z","2025-09-05T08:00:00+05:00","Asia/Tashkent",41.204655,69.232522,,,,"AirGradient","AirGradient"
4902926,"Sputnik-4","um003",1128.2440795898438,"particles/cm³","2025-09-05T04:00:00Z","2025-09-05T09:00:00+05:00","Asia/Tashkent",41.204655,69.232522,,,,"AirGradient","AirGradient"
4902926,"Sputnik-4","um003",1062.3659210205078,"particles/cm³","2025-09-05T05:00:00Z","2025-09-05T10:00:00+05:00","Asia/Tashkent",41.204655,69.232522,,,,"AirGradient","AirGradient"
4902926,"Sputnik-4","um003",950.9612070719401,"particles/cm³","2025-09-05T06:00:00Z","2025-09-05T11:00:00+05:00","Asia/Tashkent",41.204655,69.232522,,,,"AirGradient","AirGradient"
4902926,"Sputnik-4","um003",912.2792816162109,"particles/cm³","2025-09-05T07:00:00Z","2025-09-05T12:00:00+05:00","Asia/Tashkent",41.204655,69.232522,,,,"AirGradient","AirGradient"
4902926,"Sputnik-4","um003",821.0960388183594,"particles/cm³","2025-09-05T08:00:00Z","2025-09-05T13:00:00+05:00","Asia/Tashkent",41.204655,69.232522,,,,"AirGradient","AirGradient"
4902926,"Sputnik-4","um003",803.6194152832031,"particles/cm³","2025-09-05T09:00:00Z","2025-09-05T14:00:00+05:00","Asia/Tashkent",41.204655,69.232522,,,,"AirGradient","AirGradient"
4902926,"Sputnik-4","um003",693.1319173177084,"particles/cm³","2025-09-05T10:00:00Z","2025-09-05T15:00:00+05:00","Asia/Tashkent",41.204655,69.232522,,,,"AirGradient","AirGradient"
4902926,"Sputnik-4","um003",751.9458770751953,"particles/cm³","2025-09-05T11:00:00Z","2025-09-05T16:00:00+05:00","Asia/Tashkent",41.204655,69.232522,,,,"AirGradient","AirGradient"
4902926,"Sputnik-4","um003",739.3454386393229,"particles/cm³","2025-09-05T12:00:00Z","2025-09-05T17:00:00+05:00","Asia/Tashkent",41.204655,69.232522,,,,"AirGradient","AirGradient"
4902926,"Sputnik-4","um003",670.3872528076172,"particles/cm³","2025-09-05T13:00:00Z","2025-09-05T18:00:00+05:00","Asia/Tashkent",41.204655,69.232522,,,,"AirGradient","AirGradient"
4902926,"Sputnik-4","um003",762.5454661051432,"particles/cm³","2025-09-05T14:00:00Z","2025-09-05T19:00:00+05:00","Asia/Tashkent",41.204655,69.232522,,,,"AirGradient","AirGradient"
4902926,"Sputnik-4","um003",1218.6232503255208,"particles/cm³","2025-09-05T15:00:00Z","2025-09-05T20:00:00+05:00","Asia/Tashkent",41.204655,69.232522,,,,"AirGradient","AirGradient"
4902926,"Sputnik-4","um003",1440.5860799153645,"particles/cm³","2025-09-05T16:00:00Z","2025-09-05T21:00:00+05:00","Asia/Tashkent",41.204655,69.232522,,,,"AirGradient","AirGradient"
4902926,"Sputnik-4","um003",1820.0321960449219,"particles/cm³","2025-09-05T17:00:00Z","2025-09-05T22:00:00+05:00","Asia/Tashkent",41.204655,69.232522,,,,"AirGradient","AirGradient"
4902926,"Sputnik-4","um003",2121.3390299479165,"particles/cm³","2025-09-05T18:00:00Z","2025-09-05T23:00:00+05:00","Asia/Tashkent",41.204655,69.232522,,,,"AirGradient","AirGradient"
4902926,"Sputnik-4","um003",1998.2900288899739,"particles/cm³","2025-09-05T19:00:00Z","2025-09-06T00:00:00+05:00","Asia/Tashkent",41.204655,69.232522,,,,"AirGradient","AirGradient"
4902926,"Sputnik-4","um003",1633.2410176595051,"particles/cm³","2025-09-05T20:00:00Z","2025-09-06T01:00:00+05:00","Asia/Tashkent",41.204655,69.232522,,,,"AirGradient","AirGradient"
4902926,"Sputnik-4","um003",1514.6023661295574,"particles/cm³","2025-09-05T21:00:00Z","2025-09-06T02:00:00+05:00","Asia/Tashkent",41.204655,69.232522,,,,"AirGradient","AirGradient"
4902926,"Sputnik-4","um003",1582.7038675944011,"particles/cm³","2025-09-05T22:00:00Z","2025-09-06T03:00:00+05:00","Asia/Tashkent",41.204655,69.232522,,,,"AirGradient","AirGradient"
4902926,"Sputnik-4","um003",1518.3181254069011,"particles/cm³","2025-09-05T23:00:00Z","2025-09-06T04:00:00+05:00","Asia/Tashkent",41.204655,69.232522,,,,"AirGradient","AirGradient"
4902926,"Sputnik-4","um003",1482.5787963867188,"particles/cm³","2025-09-06T00:00:00Z","2025-09-06T05:00:00+05:00","Asia/Tashkent",41.204655,69.232522,,,,"AirGradient","AirGradient"
4902926,"Sputnik-4","um003",1589.3073323567708,"particles/cm³","2025-09-06T01:00:00Z","2025-09-06T06:00:00+05:00","Asia/Tashkent",41.204655,69.232522,,,,"AirGradient","AirGradient"
4902926,"Sputnik-4","um003",1612.6204935709636,"particles/cm³","2025-09-06T02:00:00Z","2025-09-06T07:00:00+05:00","Asia/Tashkent",41.204655,69.232522,,,,"AirGradient","AirGradient"
4902926,"Sputnik-4","um003",1429.009541829427,"particles/cm³","2025-09-06T03:00:00Z","2025-09-06T08:00:00+05:00","Asia/Tashkent",41.204655,69.232522,,,,"AirGradient","AirGradient"
4902926,"Sputnik-4","um003",1080.9123229980469,"particles/cm³","2025-09-06T04:00:00Z","2025-09-06T09:00:00+05:00","Asia/Tashkent",41.204655,69.232522,,,,"AirGradient","AirGradient"
4902926,"Sputnik-4","um003",1298.0627187093098,"particles/cm³","2025-09-06T05:00:00Z","2025-09-06T10:00:00+05:00","Asia/Tashkent",41.204655,69.232522,,,,"AirGradient","AirGradient"
4902926,"Sputnik-4","um003",874.0378011067709,"particles/cm³","2025-09-06T06:00:00Z","2025-09-06T11:00:00+05:00","Asia/Tashkent",41.204655,69.232522,,,,"AirGradient","AirGradient"
4902926,"Sputnik-4","um003",671.5685297648112,"particles/cm³","2025-09-06T07:00:00Z","2025-09-06T12:00:00+05:00","Asia/Tashkent",41.204655,69.232522,,,,"AirGradient","AirGradient"
4902926,"Sputnik-4","um003",568.7280985514323,"particles/cm³","2025-09-06T08:00:00Z","2025-09-06T13:00:00+05:00","Asia/Tashkent",41.204655,69.232522,,,,"AirGradient","AirGradient"
4902926,"Sputnik-4","um003",494.51179758707684,"particles/cm³","2025-09-06T09:00:00Z","2025-09-06T14:00:00+05:00","Asia/Tashkent",41.204655,69.232522,,,,"AirGradient","AirGradient"
4902926,"Sputnik-4","um003",341.8993682861328,"particles/cm³","2025-09-06T10:00:00Z","2025-09-06T15:00:00+05:00","Asia/Tashkent",41.204655,69.232522,,,,"AirGradient","AirGradient"
4902926,"Sputnik-4","um003",304.97179158528644,"particles/cm³","2025-09-06T11:00:00Z","2025-09-06T16:00:00+05:00","Asia/Tashkent",41.204655,69.232522,,,,"AirGradient","AirGradient"
4902926,"Sputnik-4","um003",332.8360417683919,"particles/cm³","2025-09-06T12:00:00Z","2025-09-06T17:00:00+05:00","Asia/Tashkent",41.204655,69.232522,,,,"AirGradient","AirGradient"
4902926,"Sputnik-4","um003",410.0155893961589,"particles/cm³","2025-09-06T13:00:00Z","2025-09-06T18:00:00+05:00","Asia/Tashkent",41.204655,69.232522,,,,"AirGradient","AirGradient"
4902926,"Sputnik-4","um003",522.7068735758463,"particles/cm³","2025-09-06T14:00:00Z","2025-09-06T19:00:00+05:00","Asia/Tashkent",41.204655,69.232522,,,,"AirGradient","AirGradient"
4902926,"Sputnik-4","um003",670.880126953125,"particles/cm³","2025-09-06T15:00:00Z","2025-09-06T20:00:00+05:00","Asia/Tashkent",41.204655,69.232522,,,,"AirGradient","AirGradient"
4902926,"Sputnik-4","um003",1081.4026743570964,"particles/cm³","2025-09-06T16:00:00Z","2025-09-06T21:00:00+05:00","Asia/Tashkent",41.204655,69.232522,,,,"AirGradient","AirGradient"
4902926,"Sputnik-4","um003",1534.7735392252605,"particles/cm³","2025-09-06T17:00:00Z","2025-09-06T22:00:00+05:00","Asia/Tashkent",41.204655,69.232522,,,,"AirGradient","AirGradient"
4902926,"Sputnik-4","um003",1824.0602213541667,"particles/cm³","2025-09-06T18:00:00Z","2025-09-06T23:00:00+05:00","Asia/Tashkent",41.204655,69.232522,,,,"AirGradient","AirGradient"
4902926,"Sputnik-4","um003",1569.8610127766926,"particles/cm³","2025-09-06T19:00:00Z","2025-09-07T00:00:00+05:00","Asia/Tashkent",41.204655,69.232522,,,,"AirGradient","AirGradient"
4902926,"Sputnik-4","um003",1112.3928324381511,"particles/cm³","2025-09-06T20:00:00Z","2025-09-07T01:00:00+05:00","Asia/Tashkent",41.204655,69.232522,,,,"AirGradient","AirGradient"
4902926,"Sputnik-4","um003",1088.5971577962239,"particles/cm³","2025-09-06T21:00:00Z","2025-09-07T02:00:00+05:00","Asia/Tashkent",41.204655,69.232522,,,,"AirGradient","AirGradient"
4902926,"Sputnik-4","um003",994.2260030110677,"particles/cm³","2025-09-06T22:00:00Z","2025-09-07T03:00:00+05:00","Asia/Tashkent",41.204655,69.232522,,,,"AirGradient","AirGradient"
4902926,"Sputnik-4","um003",881.6323750813802,"particles/cm³","2025-09-06T23:00:00Z","2025-09-07T04:00:00+05:00","Asia/Tashkent",41.204655,69.232522,,,,"AirGradient","AirGradient"
4902926,"Sputnik-4","um003",976.5885009765625,"particles/cm³","2025-09-07T00:00:00Z","2025-09-07T05:00:00+05:00","Asia/Tashkent",41.204655,69.232522,,,,"AirGradient","AirGradient"
4902926,"Sputnik-4","um003",1153.773701985677,"particles/cm³","2025-09-07T01:00:00Z","2025-09-07T06:00:00+05:00","Asia/Tashkent",41.204655,69.232522,,,,"AirGradient","AirGradient"
4902926,"Sputnik-4","um003",1086.1027170817058,"particles/cm³","2025-09-07T02:00:00Z","2025-09-07T07:00:00+05:00","Asia/Tashkent",41.204655,69.232522,,,,"AirGradient","AirGradient"
4902926,"Sputnik-4","um003",1145.4124145507812,"particles/cm³","2025-09-07T03:00:00Z","2025-09-07T08:00:00+05:00","Asia/Tashkent",41.204655,69.232522,,,,"AirGradient","AirGradient"
4902926,"Sputnik-4","um003",995.7638295491537,"particles/cm³","2025-09-07T04:00:00Z","2025-09-07T09:00:00+05:00","Asia/Tashkent",41.204655,69.232522,,,,"AirGradient","AirGradient"
4902926,"Sputnik-4","um003",1159.0765889485676,"particles/cm³","2025-09-07T05:00:00Z","2025-09-07T10:00:00+05:00","Asia/Tashkent",41.204655,69.232522,,,,"AirGradient","AirGradient"
4902926,"Sputnik-4","um003",653.4302113850912,"particles/cm³","2025-09-07T06:00:00Z","2025-09-07T11:00:00+05:00","Asia/Tashkent",41.204655,69.232522,,,,"AirGradient","AirGradient"
4902926,"Sputnik-4","um003",737.8263397216797,"particles/cm³","2025-09-07T07:00:00Z","2025-09-07T12:00:00+05:00","Asia/Tashkent",41.204655,69.232522,,,,"AirGradient","AirGradient"
4902926,"Sputnik-4","um003",726.1192220052084,"particles/cm³","2025-09-07T08:00:00Z","2025-09-07T13:00:00+05:00","Asia/Tashkent",41.204655,69.232522,,,,"AirGradient","AirGradient"
4902926,"Sputnik-4","um003",467.2134145100911,"particles/cm³","2025-09-07T09:00:00Z","2025-09-07T14:00:00+05:00","Asia/Tashkent",41.204655,69.232522,,,,"AirGradient","AirGradient"
4902926,"Sputnik-4","um003",330.361083984375,"particles/cm³","2025-09-07T10:00:00Z","2025-09-07T15:00:00+05:00","Asia/Tashkent",41.204655,69.232522,,,,"AirGradient","AirGradient"
4902926,"Sputnik-4","um003",318.0482482910156,"particles/cm³","2025-09-07T11:00:00Z","2025-09-07T16:00:00+05:00","Asia/Tashkent",41.204655,69.232522,,,,"AirGradient","AirGradient"
4902926,"Sputnik-4","um003",347.6903305053711,"particles/cm³","2025-09-07T12:00:00Z","2025-09-07T17:00:00+05:00","Asia/Tashkent",41.204655,69.232522,,,,"AirGradient","AirGradient"
4902926,"Sputnik-4","um003",369.27237192789715,"particles/cm³","2025-09-07T13:00:00Z","2025-09-07T18:00:00+05:00","Asia/Tashkent",41.204655,69.232522,,,,"AirGradient","AirGradient"
4902926,"Sputnik-4","um003",476.5457509358724,"particles/cm³","2025-09-07T14:00:00Z","2025-09-07T19:00:00+05:00","Asia/Tashkent",41.204655,69.232522,,,,"AirGradient","AirGradient"
4902926,"Sputnik-4","um003",1407.1803639729817,"particles/cm³","2025-09-07T15:00:00Z","2025-09-07T20:00:00+05:00","Asia/Tashkent",41.204655,69.232522,,,,"AirGradient","AirGradient"
4902926,"Sputnik-4","um003",1658.0282694498699,"particles/cm³","2025-09-07T16:00:00Z","2025-09-07T21:00:00+05:00","Asia/Tashkent",41.204655,69.232522,,,,"AirGradient","AirGradient"
4902926,"Sputnik-4","um003",2372.433319091797,"particles/cm³","2025-09-07T17:00:00Z","2025-09-07T22:00:00+05:00","Asia/Tashkent",41.204655,69.232522,,,,"AirGradient","AirGradient"
4902926,"Sputnik-4","um003",1592.1455790201824,"particles/cm³","2025-09-07T18:00:00Z","2025-09-07T23:00:00+05:00","Asia/Tashkent",41.204655,69.232522,,,,"AirGradient","AirGradient"
4902926,"Sputnik-4","um003",1306.7875366210938,"particles/cm³","2025-09-07T19:00:00Z","2025-09-08T00:00:00+05:00","Asia/Tashkent",41.204655,69.232522,,,,"AirGradient","AirGradient"
4902926,"Sputnik-4","um003",1182.2091166178386,"particles/cm³","2025-09-07T20:00:00Z","2025-09-08T01:00:00+05:00","Asia/Tashkent",41.204655,69.232522,,,,"AirGradient","AirGradient"
4902926,"Sputnik-4","um003",1279.8711242675781,"particles/cm³","2025-09-07T21:00:00Z","2025-09-08T02:00:00+05:00","Asia/Tashkent",41.204655,69.232522,,,,"AirGradient","AirGradient"
4902926,"Sputnik-4","um003",923.1864115397135,"particles/cm³","2025-09-07T22:00:00Z","2025-09-08T03:00:00+05:00","Asia/Tashkent",41.204655,69.232522,,,,"AirGradient","AirGradient"
4902926,"Sputnik-4","um003",857.0554148356119,"particles/cm³","2025-09-07T23:00:00Z","2025-09-08T04:00:00+05:00","Asia/Tashkent",41.204655,69.232522,,,,"AirGradient","AirGradient"
4902926,"Sputnik-4","um003",812.7544911702474,"particles/cm³","2025-09-08T00:00:00Z","2025-09-08T05:00:00+05:00","Asia/Tashkent",41.204655,69.232522,,,,"AirGradient","AirGradient"
4902926,"Sputnik-4","um003",957.5634562174479,"particles/cm³","2025-09-08T01:00:00Z","2025-09-08T06:00:00+05:00","Asia/Tashkent",41.204655,69.232522,,,,"AirGradient","AirGradient"
4902926,"Sputnik-4","um003",1045.7230326334636,"particles/cm³","2025-09-08T02:00:00Z","2025-09-08T07:00:00+05:00","Asia/Tashkent",41.204655,69.232522,,,,"AirGradient","AirGradient"
4902926,"Sputnik-4","um003",1092.6388854980469,"particles/cm³","2025-09-08T03:00:00Z","2025-09-08T08:00:00+05:00","Asia/Tashkent",41.204655,69.232522,,,,"AirGradient","AirGradient"
4902926,"Sputnik-4","um003",1405.7566019694011,"particles/cm³","2025-09-08T04:00:00Z","2025-09-08T09:00:00+05:00","Asia/Tashkent",41.204655,69.232522,,,,"AirGradient","AirGradient"
4902926,"Sputnik-4","um003",1343.2086690266926,"particles/cm³","2025-09-08T05:00:00Z","2025-09-08T10:00:00+05:00","Asia/Tashkent",41.204655,69.232522,,,,"AirGradient","AirGradient"
4902926,"Sputnik-4","um003",1407.441182454427,"particles/cm³","2025-09-08T06:00:00Z","2025-09-08T11:00:00+05:00","Asia/Tashkent",41.204655,69.232522,,,,"AirGradient","AirGradient"
4902926,"Sputnik-4","um003",1074.1178741455078,"particles/cm³","2025-09-08T07:00:00Z","2025-09-08T12:00:00+05:00","Asia/Tashkent",41.204655,69.232522,,,,"AirGradient","AirGradient"
4902926,"Sputnik-4","um003",825.9635416666666,"particles/cm³","2025-09-08T08:00:00Z","2025-09-08T13:00:00+05:00","Asia/Tashkent",41.204655,69.232522,,,,"AirGradient","AirGradient"
4902926,"Sputnik-4","um003",843.9012934366862,"particles/cm³","2025-09-08T09:00:00Z","2025-09-08T14:00:00+05:00","Asia/Tashkent",41.204655,69.232522,,,,"AirGradient","AirGradient"
4902926,"Sputnik-4","um003",336.70716603597003,"particles/cm³","2025-09-08T10:00:00Z","2025-09-08T15:00:00+05:00","Asia/Tashkent",41.204655,69.232522,,,,"AirGradient","AirGradient"
4902926,"Sputnik-4","um003",643.9079132080078,"particles/cm³","2025-09-08T16:00:00Z","2025-09-08T21:00:00+05:00","Asia/Tashkent",41.204655,69.232522,,,,"AirGradient","AirGradient"
4902926,"Sputnik-4","um003",789.4349568684896,"particles/cm³","2025-09-08T17:00:00Z","2025-09-08T22:00:00+05:00","Asia/Tashkent",41.204655,69.232522,,,,"AirGradient","AirGradient"
4902926,"Sputnik-4","um003",978.3030039469401,"particles/cm³","2025-09-08T18:00:00Z","2025-09-08T23:00:00+05:00","Asia/Tashkent",41.204655,69.232522,,,,"AirGradient","AirGradient"
4902926,"Sputnik-4","um003",830.5593414306641,"particles/cm³","2025-09-08T19:00:00Z","2025-09-09T00:00:00+05:00","Asia/Tashkent",41.204655,69.232522,,,,"AirGradient","AirGradient"
4902926,"Sputnik-4","um003",795.8008371988932,"particles/cm³","2025-09-08T20:00:00Z","2025-09-09T01:00:00+05:00","Asia/Tashkent",41.204655,69.232522,,,,"AirGradient","AirGradient"
4902926,"Sputnik-4","um003",695.7414601643881,"particles/cm³","2025-09-08T21:00:00Z","2025-09-09T02:00:00+05:00","Asia/Tashkent",41.204655,69.232522,,,,"AirGradient","AirGradient"
4902926,"Sputnik-4","um003",703.1409606933594,"particles/cm³","2025-09-08T22:00:00Z","2025-09-09T03:00:00+05:00","Asia/Tashkent",41.204655,69.232522,,,,"AirGradient","AirGradient"
4902926,"Sputnik-4","um003",634.6251627604166,"particles/cm³","2025-09-08T23:00:00Z","2025-09-09T04:00:00+05:00","Asia/Tashkent",41.204655,69.232522,,,,"AirGradient","AirGradient"
4902926,"Sputnik-4","um003",1022.8170776367188,"particles/cm³","2025-09-09T00:00:00Z","2025-09-09T05:00:00+05:00","Asia/Tashkent",41.204655,69.232522,,,,"AirGradient","AirGradient"
4902926,"Sputnik-4","um003",1012.6484171549479,"particles/cm³","2025-09-09T01:00:00Z","2025-09-09T06:00:00+05:00","Asia/Tashkent",41.204655,69.232522,,,,"AirGradient","AirGradient"
4902926,"Sputnik-4","um003",922.9022878011068,"particles/cm³","2025-09-09T02:00:00Z","2025-09-09T07:00:00+05:00","Asia/Tashkent",41.204655,69.232522,,,,"AirGradient","AirGradient"
4902926,"Sputnik-4","um003",678.6137034098307,"particles/cm³","2025-09-09T03:00:00Z","2025-09-09T08:00:00+05:00","Asia/Tashkent",41.204655,69.232522,,,,"AirGradient","AirGradient"
4902926,"Sputnik-4","um003",533.0681610107422,"particles/cm³","2025-09-09T04:00:00Z","2025-09-09T09:00:00+05:00","Asia/Tashkent",41.204655,69.232522,,,,"AirGradient","AirGradient"
4902926,"Sputnik-4","um003",810.2435251871744,"particles/cm³","2025-09-09T05:00:00Z","2025-09-09T10:00:00+05:00","Asia/Tashkent",41.204655,69.232522,,,,"AirGradient","AirGradient"
4902926,"Sputnik-4","um003",937.8599192301432,"particles/cm³","2025-09-09T06:00:00Z","2025-09-09T11:00:00+05:00","Asia/Tashkent",41.204655,69.232522,,,,"AirGradient","AirGradient"
4902926,"Sputnik-4","um003",722.5241241455078,"particles/cm³","2025-09-09T07:00:00Z","2025-09-09T12:00:00+05:00","Asia/Tashkent",41.204655,69.232522,,,,"AirGradient","AirGradient"
4902926,"Sputnik-4","um003",450.05529022216797,"particles/cm³","2025-09-09T08:00:00Z","2025-09-09T13:00:00+05:00","Asia/Tashkent",41.204655,69.232522,,,,"AirGradient","AirGradient"
4902926,"Sputnik-4","um003",507.0670852661133,"particles/cm³","2025-09-09T09:00:00Z","2025-09-09T14:00:00+05:00","Asia/Tashkent",41.204655,69.232522,,,,"AirGradient","AirGradient"
4902926,"Sputnik-4","um003",481.6280797322591,"particles/cm³","2025-09-09T10:00:00Z","2025-09-09T15:00:00+05:00","Asia/Tashkent",41.204655,69.232522,,,,"AirGradient","AirGradient"
4902926,"Sputnik-4","um003",250.78075154622397,"particles/cm³","2025-09-09T11:00:00Z","2025-09-09T16:00:00+05:00","Asia/Tashkent",41.204655,69.232522,,,,"AirGradient","AirGradient"
4902926,"Sputnik-4","um003",198.88537724812826,"particles/cm³","2025-09-09T12:00:00Z","2025-09-09T17:00:00+05:00","Asia/Tashkent",41.204655,69.232522,,,,"AirGradient","AirGradient"
4902926,"Sputnik-4","um003",177.83254114786783,"particles/cm³","2025-09-09T13:00:00Z","2025-09-09T18:00:00+05:00","Asia/Tashkent",41.204655,69.232522,,,,"AirGradient","AirGradient"
4902926,"Sputnik-4","um003",302.1776517232259,"particles/cm³","2025-09-09T14:00:00Z","2025-09-09T19:00:00+05:00","Asia/Tashkent",41.204655,69.232522,,,,"AirGradient","AirGradient"
4902926,"Sputnik-4","um003",513.289670308431,"particles/cm³","2025-09-09T15:00:00Z","2025-09-09T20:00:00+05:00","Asia/Tashkent",41.204655,69.232522,,,,"AirGradient","AirGradient"
4902926,"Sputnik-4","um003",564.1082458496094,"particles/cm³","2025-09-09T16:00:00Z","2025-09-09T21:00:00+05:00","Asia/Tashkent",41.204655,69.232522,,,,"AirGradient","AirGradient"
4902926,"Sputnik-4","um003",514.1288706461588,"particles/cm³","2025-09-09T17:00:00Z","2025-09-09T22:00:00+05:00","Asia/Tashkent",41.204655,69.232522,,,,"AirGradient","AirGradient"
4902926,"Sputnik-4","um003",465.70333607991535,"particles/cm³","2025-09-09T18:00:00Z","2025-09-09T23:00:00+05:00","Asia/Tashkent",41.204655,69.232522,,,,"AirGradient","AirGradient"
4902926,"Sputnik-4","um003",412.9444173177083,"particles/cm³","2025-09-09T19:00:00Z","2025-09-10T00:00:00+05:00","Asia/Tashkent",41.204655,69.232522,,,,"AirGradient","AirGradient"
4902926,"Sputnik-4","um003",521.1304524739584,"particles/cm³","2025-09-09T20:00:00Z","2025-09-10T01:00:00+05:00","Asia/Tashkent",41.204655,69.232522,,,,"AirGradient","AirGradient"
4902926,"Sputnik-4","um003",697.8393249511719,"particles/cm³","2025-09-09T21:00:00Z","2025-09-10T02:00:00+05:00","Asia/Tashkent",41.204655,69.232522,,,,"AirGradient","AirGradient"
4902926,"Sputnik-4","um003",865.5622507731119,"particles/cm³","2025-09-09T22:00:00Z","2025-09-10T03:00:00+05:00","Asia/Tashkent",41.204655,69.232522,,,,"AirGradient","AirGradient"
4902926,"Sputnik-4","um003",981.0778147379557,"particles/cm³","2025-09-09T23:00:00Z","2025-09-10T04:00:00+05:00","Asia/Tashkent",41.204655,69.232522,,,,"AirGradient","AirGradient"
4902926,"Sputnik-4","um003",1103.5759836832683,"particles/cm³","2025-09-10T00:00:00Z","2025-09-10T05:00:00+05:00","Asia/Tashkent",41.204655,69.232522,,,,"AirGradient","AirGradient"
4902926,"Sputnik-4","um003",762.0684611002604,"particles/cm³","2025-09-10T01:00:00Z","2025-09-10T06:00:00+05:00","Asia/Tashkent",41.204655,69.232522,,,,"AirGradient","AirGradient"
4902926,"Sputnik-4","um003",538.9285507202148,"particles/cm³","2025-09-10T02:00:00Z","2025-09-10T07:00:00+05:00","Asia/Tashkent",41.204655,69.232522,,,,"AirGradient","AirGradient"
4902926,"Sputnik-4","um003",1452.936284383138,"particles/cm³","2025-09-10T03:00:00Z","2025-09-10T08:00:00+05:00","Asia/Tashkent",41.204655,69.232522,,,,"AirGradient","AirGradient"
4902926,"Sputnik-4","um003",1843.1107991536458,"particles/cm³","2025-09-10T04:00:00Z","2025-09-10T09:00:00+05:00","Asia/Tashkent",41.204655,69.232522,,,,"AirGradient","AirGradient"
4902926,"Sputnik-4","um003",1337.5360412597656,"particles/cm³","2025-09-10T05:00:00Z","2025-09-10T10:00:00+05:00","Asia/Tashkent",41.204655,69.232522,,,,"AirGradient","AirGradient"
4902926,"Sputnik-4","um003",1151.0266774495442,"particles/cm³","2025-09-10T06:00:00Z","2025-09-10T11:00:00+05:00","Asia/Tashkent",41.204655,69.232522,,,,"AirGradient","AirGradient"
4902926,"Sputnik-4","um003",788.2248662312826,"particles/cm³","2025-09-10T07:00:00Z","2025-09-10T12:00:00+05:00","Asia/Tashkent",41.204655,69.232522,,,,"AirGradient","AirGradient"
4902926,"Sputnik-4","um003",314.2657953898112,"particles/cm³","2025-09-10T08:00:00Z","2025-09-10T13:00:00+05:00","Asia/Tashkent",41.204655,69.232522,,,,"AirGradient","AirGradient"
4902926,"Sputnik-4","um003",289.43041229248047,"particles/cm³","2025-09-10T09:00:00Z","2025-09-10T14:00:00+05:00","Asia/Tashkent",41.204655,69.232522,,,,"AirGradient","AirGradient"
4902926,"Sputnik-4","um003",266.2918294270833,"particles/cm³","2025-09-10T10:00:00Z","2025-09-10T15:00:00+05:00","Asia/Tashkent",41.204655,69.232522,,,,"AirGradient","AirGradient"
4902926,"Sputnik-4","um003",236.95966593424478,"particles/cm³","2025-09-10T11:00:00Z","2025-09-10T16:00:00+05:00","Asia/Tashkent",41.204655,69.232522,,,,"AirGradient","AirGradient"
4902926,"Sputnik-4","um003",250.41923395792642,"particles/cm³","2025-09-10T12:00:00Z","2025-09-10T17:00:00+05:00","Asia/Tashkent",41.204655,69.232522,,,,"AirGradient","AirGradient"
4902926,"Sputnik-4","um003",249.48912302652994,"particles/cm³","2025-09-10T13:00:00Z","2025-09-10T18:00:00+05:00","Asia/Tashkent",41.204655,69.232522,,,,"AirGradient","AirGradient"
4902926,"Sputnik-4","um003",277.81045786539715,"particles/cm³","2025-09-10T14:00:00Z","2025-09-10T19:00:00+05:00","Asia/Tashkent",41.204655,69.232522,,,,"AirGradient","AirGradient"
4902926,"Sputnik-4","um003",440.84483337402344,"particles/cm³","2025-09-10T15:00:00Z","2025-09-10T20:00:00+05:00","Asia/Tashkent",41.204655,69.232522,,,,"AirGradient","AirGradient"
4902926,"Sputnik-4","um003",424.6262690226237,"particles/cm³","2025-09-10T16:00:00Z","2025-09-10T21:00:00+05:00","Asia/Tashkent",41.204655,69.232522,,,,"AirGradient","AirGradient"
4902926,"Sputnik-4","um003",341.61045328776044,"particles/cm³","2025-09-10T17:00:00Z","2025-09-10T22:00:00+05:00","Asia/Tashkent",41.204655,69.232522,,,,"AirGradient","AirGradient"
4902926,"Sputnik-4","um003",316.53918202718097,"particles/cm³","2025-09-10T18:00:00Z","2025-09-10T23:00:00+05:00","Asia/Tashkent",41.204655,69.232522,,,,"AirGradient","AirGradient"
4902926,"Sputnik-4","um003",313.8487065633138,"particles/cm³","2025-09-10T19:00:00Z","2025-09-11T00:00:00+05:00","Asia/Tashkent",41.204655,69.232522,,,,"AirGradient","AirGradient"
4902926,"Sputnik-4","um003",343.1941655476888,"particles/cm³","2025-09-10T20:00:00Z","2025-09-11T01:00:00+05:00","Asia/Tashkent",41.204655,69.232522,,,,"AirGradient","AirGradient"
4902926,"Sputnik-4","um003",315.75167083740234,"particles/cm³","2025-09-10T21:00:00Z","2025-09-11T02:00:00+05:00","Asia/Tashkent",41.204655,69.232522,,,,"AirGradient","AirGradient"
4902926,"Sputnik-4","um003",317.8127085367839,"particles/cm³","2025-09-10T22:00:00Z","2025-09-11T03:00:00+05:00","Asia/Tashkent",41.204655,69.232522,,,,"AirGradient","AirGradient"
4902926,"Sputnik-4","um003",664.2373326619467,"particles/cm³","2025-09-10T23:00:00Z","2025-09-11T04:00:00+05:00","Asia/Tashkent",41.204655,69.232522,,,,"AirGradient","AirGradient"
4902926,"Sputnik-4","um003",467.3847910563151,"particles/cm³","2025-09-11T00:00:00Z","2025-09-11T05:00:00+05:00","Asia/Tashkent",41.204655,69.232522,,,,"AirGradient","AirGradient"
4902926,"Sputnik-4","um003",668.3819173177084,"particles/cm³","2025-09-11T01:00:00Z","2025-09-11T06:00:00+05:00","Asia/Tashkent",41.204655,69.232522,,,,"AirGradient","AirGradient"
4902926,"Sputnik-4","um003",584.1552861531576,"particles/cm³","2025-09-11T02:00:00Z","2025-09-11T07:00:00+05:00","Asia/Tashkent",41.204655,69.232522,,,,"AirGradient","AirGradient"
4902926,"Sputnik-4","um003",483.42478942871094,"particles/cm³","2025-09-11T03:00:00Z","2025-09-11T08:00:00+05:00","Asia/Tashkent",41.204655,69.232522,,,,"AirGradient","AirGradient"
4902926,"Sputnik-4","um003",617.6772130330404,"particles/cm³","2025-09-11T04:00:00Z","2025-09-11T09:00:00+05:00","Asia/Tashkent",41.204655,69.232522,,,,"AirGradient","AirGradient"
4902926,"Sputnik-4","um003",490.813912709554,"particles/cm³","2025-09-11T05:00:00Z","2025-09-11T10:00:00+05:00","Asia/Tashkent",41.204655,69.232522,,,,"AirGradient","AirGradient"
4902926,"Sputnik-4","um003",206.18333307902017,"particles/cm³","2025-09-11T06:00:00Z","2025-09-11T11:00:00+05:00","Asia/Tashkent",41.204655,69.232522,,,,"AirGradient","AirGradient"
4902926,"Sputnik-4","um003",199.78425216674805,"particles/cm³","2025-09-11T07:00:00Z","2025-09-11T12:00:00+05:00","Asia/Tashkent",41.204655,69.232522,,,,"AirGradient","AirGradient"
4902926,"Sputnik-4","um003",229.80247370402017,"particles/cm³","2025-09-11T08:00:00Z","2025-09-11T13:00:00+05:00","Asia/Tashkent",41.204655,69.232522,,,,"AirGradient","AirGradient"
4902926,"Sputnik-4","um003",237.86941528320312,"particles/cm³","2025-09-11T09:00:00Z","2025-09-11T14:00:00+05:00","Asia/Tashkent",41.204655,69.232522,,,,"AirGradient","AirGradient"
4902926,"Sputnik-4","um003",197.66013971964517,"particles/cm³","2025-09-11T10:00:00Z","2025-09-11T15:00:00+05:00","Asia/Tashkent",41.204655,69.232522,,,,"AirGradient","AirGradient"
4902926,"Sputnik-4","um003",192.88224919637045,"particles/cm³","2025-09-11T11:00:00Z","2025-09-11T16:00:00+05:00","Asia/Tashkent",41.204655,69.232522,,,,"AirGradient","AirGradient"
4902926,"Sputnik-4","um003",199.68929163614908,"particles/cm³","2025-09-11T12:00:00Z","2025-09-11T17:00:00+05:00","Asia/Tashkent",41.204655,69.232522,,,,"AirGradient","AirGradient"
4902926,"Sputnik-4","um003",227.66762415568033,"particles/cm³","2025-09-11T13:00:00Z","2025-09-11T18:00:00+05:00","Asia/Tashkent",41.204655,69.232522,,,,"AirGradient","AirGradient"
4902926,"Sputnik-4","um003",264.9034194946289,"particles/cm³","2025-09-11T14:00:00Z","2025-09-11T19:00:00+05:00","Asia/Tashkent",41.204655,69.232522,,,,"AirGradient","AirGradient"
4902926,"Sputnik-4","um003",297.58875274658203,"particles/cm³","2025-09-11T15:00:00Z","2025-09-11T20:00:00+05:00","Asia/Tashkent",41.204655,69.232522,,,,"AirGradient","AirGradient"
4902926,"Sputnik-4","um003",330.9998728434245,"particles/cm³","2025-09-11T16:00:00Z","2025-09-11T21:00:00+05:00","Asia/Tashkent",41.204655,69.232522,,,,"AirGradient","AirGradient"
4902926,"Sputnik-4","um003",353.2675501505534,"particles/cm³","2025-09-11T17:00:00Z","2025-09-11T22:00:00+05:00","Asia/Tashkent",41.204655,69.232522,,,,"AirGradient","AirGradient"
4902926,"Sputnik-4","um003",419.0580368041992,"particles/cm³","2025-09-11T18:00:00Z","2025-09-11T23:00:00+05:00","Asia/Tashkent",41.204655,69.232522,,,,"AirGradient","AirGradient"
4902926,"Sputnik-4","um003",420.8907470703125,"particles/cm³","2025-09-11T19:00:00Z","2025-09-12T00:00:00+05:00","Asia/Tashkent",41.204655,69.232522,,,,"AirGradient","AirGradient"
4902926,"Sputnik-4","um003",471.4517466227214,"particles/cm³","2025-09-11T20:00:00Z","2025-09-12T01:00:00+05:00","Asia/Tashkent",41.204655,69.232522,,,,"AirGradient","AirGradient"
4902926,"Sputnik-4","um003",520.0843760172526,"particles/cm³","2025-09-11T21:00:00Z","2025-09-12T02:00:00+05:00","Asia/Tashkent",41.204655,69.232522,,,,"AirGradient","AirGradient"
4902926,"Sputnik-4","um003",531.8780771891276,"particles/cm³","2025-09-11T22:00:00Z","2025-09-12T03:00:00+05:00","Asia/Tashkent",41.204655,69.232522,,,,"AirGradient","AirGradient"
4902926,"Sputnik-4","um003",837.9746246337891,"particles/cm³","2025-09-11T23:00:00Z","2025-09-12T04:00:00+05:00","Asia/Tashkent",41.204655,69.232522,,,,"AirGradient","AirGradient"
4902926,"Sputnik-4","um003",1023.3180898030599,"particles/cm³","2025-09-12T00:00:00Z","2025-09-12T05:00:00+05:00","Asia/Tashkent",41.204655,69.232522,,,,"AirGradient","AirGradient"
4902926,"Sputnik-4","um003",899.3750050862631,"particles/cm³","2025-09-12T01:00:00Z","2025-09-12T06:00:00+05:00","Asia/Tashkent",41.204655,69.232522,,,,"AirGradient","AirGradient"
4902926,"Sputnik-4","um003",1035.344965616862,"particles/cm³","2025-09-12T02:00:00Z","2025-09-12T07:00:00+05:00","Asia/Tashkent",41.204655,69.232522,,,,"AirGradient","AirGradient"
4902926,"Sputnik-4","um003",1056.2114715576172,"particles/cm³","2025-09-12T03:00:00Z","2025-09-12T08:00:00+05:00","Asia/Tashkent",41.204655,69.232522,,,,"AirGradient","AirGradient"
4902926,"Sputnik-4","um003",1205.3130493164062,"particles/cm³","2025-09-12T04:00:00Z","2025-09-12T09:00:00+05:00","Asia/Tashkent",41.204655,69.232522,,,,"AirGradient","AirGradient"
4902926,"Sputnik-4","um003",1041.163782755534,"particles/cm³","2025-09-12T05:00:00Z","2025-09-12T10:00:00+05:00","Asia/Tashkent",41.204655,69.232522,,,,"AirGradient","AirGradient"
4902926,"Sputnik-4","um003",883.3355458577474,"particles/cm³","2025-09-12T06:00:00Z","2025-09-12T11:00:00+05:00","Asia/Tashkent",41.204655,69.232522,,,,"AirGradient","AirGradient"
4902926,"Sputnik-4","um003",737.3800964355469,"particles/cm³","2025-09-12T07:00:00Z","2025-09-12T12:00:00+05:00","Asia/Tashkent",41.204655,69.232522,,,,"AirGradient","AirGradient"
4902926,"Sputnik-4","um003",689.3787485758463,"particles/cm³","2025-09-12T08:00:00Z","2025-09-12T13:00:00+05:00","Asia/Tashkent",41.204655,69.232522,,,,"AirGradient","AirGradient"
4902926,"Sputnik-4","um003",571.2402089436849,"particles/cm³","2025-09-12T09:00:00Z","2025-09-12T14:00:00+05:00","Asia/Tashkent",41.204655,69.232522,,,,"AirGradient","AirGradient"
4902926,"Sputnik-4","um003",449.7982660929362,"particles/cm³","2025-09-12T10:00:00Z","2025-09-12T15:00:00+05:00","Asia/Tashkent",41.204655,69.232522,,,,"AirGradient","AirGradient"
4902926,"Sputnik-4","um003",307.4864222208659,"particles/cm³","2025-09-12T11:00:00Z","2025-09-12T16:00:00+05:00","Asia/Tashkent",41.204655,69.232522,,,,"AirGradient","AirGradient"
4902926,"Sputnik-4","um003",244.3359578450521,"particles/cm³","2025-09-12T12:00:00Z","2025-09-12T17:00:00+05:00","Asia/Tashkent",41.204655,69.232522,,,,"AirGradient","AirGradient"
4902926,"Sputnik-4","um003",305.0889587402344,"particles/cm³","2025-09-12T13:00:00Z","2025-09-12T18:00:00+05:00","Asia/Tashkent",41.204655,69.232522,,,,"AirGradient","AirGradient"
4902926,"Sputnik-4","um003",314.99562581380206,"particles/cm³","2025-09-12T14:00:00Z","2025-09-12T19:00:00+05:00","Asia/Tashkent",41.204655,69.232522,,,,"AirGradient","AirGradient"
4902926,"Sputnik-4","um003",481.80269622802734,"particles/cm³","2025-09-12T15:00:00Z","2025-09-12T20:00:00+05:00","Asia/Tashkent",41.204655,69.232522,,,,"AirGradient","AirGradient"
4902926,"Sputnik-4","um003",665.5650889078776,"particles/cm³","2025-09-12T16:00:00Z","2025-09-12T21:00:00+05:00","Asia/Tashkent",41.204655,69.232522,,,,"AirGradient","AirGradient"
4902926,"Sputnik-4","um003",732.5760803222656,"particles/cm³","2025-09-12T17:00:00Z","2025-09-12T22:00:00+05:00","Asia/Tashkent",41.204655,69.232522,,,,"AirGradient","AirGradient"
4902926,"Sputnik-4","um003",1131.5462951660156,"particles/cm³","2025-09-12T18:00:00Z","2025-09-12T23:00:00+05:00","Asia/Tashkent",41.204655,69.232522,,,,"AirGradient","AirGradient"
4902926,"Sputnik-4","um003",1830.1317952473958,"particles/cm³","2025-09-12T19:00:00Z","2025-09-13T00:00:00+05:00","Asia/Tashkent",41.204655,69.232522,,,,"AirGradient","AirGradient"
4902926,"Sputnik-4","um003",1768.8651224772136,"particles/cm³","2025-09-12T20:00:00Z","2025-09-13T01:00:00+05:00","Asia/Tashkent",41.204655,69.232522,,,,"AirGradient","AirGradient"
4902926,"Sputnik-4","um003",1398.4692484537761,"particles/cm³","2025-09-12T21:00:00Z","2025-09-13T02:00:00+05:00","Asia/Tashkent",41.204655,69.232522,,,,"AirGradient","AirGradient"
4902926,"Sputnik-4","um003",1220.7793833414714,"particles/cm³","2025-09-12T22:00:00Z","2025-09-13T03:00:00+05:00","Asia/Tashkent",41.204655,69.232522,,,,"AirGradient","AirGradient"
4902926,"Sputnik-4","um003",964.3627115885416,"particles/cm³","2025-09-12T23:00:00Z","2025-09-13T04:00:00+05:00","Asia/Tashkent",41.204655,69.232522,,,,"AirGradient","AirGradient"
4902926,"Sputnik-4","um003",878.4380645751953,"particles/cm³","2025-09-13T00:00:00Z","2025-09-13T05:00:00+05:00","Asia/Tashkent",41.204655,69.232522,,,,"AirGradient","AirGradient"
4902926,"Sputnik-4","um003",857.7939503987631,"particles/cm³","2025-09-13T01:00:00Z","2025-09-13T06:00:00+05:00","Asia/Tashkent",41.204655,69.232522,,,,"AirGradient","AirGradient"
4902926,"Sputnik-4","um003",886.8247833251953,"particles/cm³","2025-09-13T02:00:00Z","2025-09-13T07:00:00+05:00","Asia/Tashkent",41.204655,69.232522,,,,"AirGradient","AirGradient"
4902926,"Sputnik-4","um003",993.7327067057291,"particles/cm³","2025-09-13T03:00:00Z","2025-09-13T08:00:00+05:00","Asia/Tashkent",41.204655,69.232522,,,,"AirGradient","AirGradient"
4902926,"Sputnik-4","um003",805.6992594401041,"particles/cm³","2025-09-13T04:00:00Z","2025-09-13T09:00:00+05:00","Asia/Tashkent",41.204655,69.232522,,,,"AirGradient","AirGradient"
4902926,"Sputnik-4","um003",612.6917495727539,"particles/cm³","2025-09-13T05:00:00Z","2025-09-13T10:00:00+05:00","Asia/Tashkent",41.204655,69.232522,,,,"AirGradient","AirGradient"
4902926,"Sputnik-4","um003",504.4538294474284,"particles/cm³","2025-09-13T06:00:00Z","2025-09-13T11:00:00+05:00","Asia/Tashkent",41.204655,69.232522,,,,"AirGradient","AirGradient"
4902926,"Sputnik-4","um003",501.84105428059894,"particles/cm³","2025-09-13T07:00:00Z","2025-09-13T12:00:00+05:00","Asia/Tashkent",41.204655,69.232522,,,,"AirGradient","AirGradient"
4902926,"Sputnik-4","um003",655.4181671142578,"particles/cm³","2025-09-13T08:00:00Z","2025-09-13T13:00:00+05:00","Asia/Tashkent",41.204655,69.232522,,,,"AirGradient","AirGradient"
4902926,"Sputnik-4","um003",928.6706695556641,"particles/cm³","2025-09-13T09:00:00Z","2025-09-13T14:00:00+05:00","Asia/Tashkent",41.204655,69.232522,,,,"AirGradient","AirGradient"
4902926,"Sputnik-4","um003",832.5475769042969,"particles/cm³","2025-09-13T10:00:00Z","2025-09-13T15:00:00+05:00","Asia/Tashkent",41.204655,69.232522,,,,"AirGradient","AirGradient"
4902926,"Sputnik-4","um003",788.0958150227865,"particles/cm³","2025-09-13T11:00:00Z","2025-09-13T16:00:00+05:00","Asia/Tashkent",41.204655,69.232522,,,,"AirGradient","AirGradient"
4902926,"Sputnik-4","um003",292.7924003601074,"particles/cm³","2025-09-13T12:00:00Z","2025-09-13T17:00:00+05:00","Asia/Tashkent",41.204655,69.232522,,,,"AirGradient","AirGradient"
4902926,"Sputnik-4","um003",232.78845977783203,"particles/cm³","2025-09-13T13:00:00Z","2025-09-13T18:00:00+05:00","Asia/Tashkent",41.204655,69.232522,,,,"AirGradient","AirGradient"
4902926,"Sputnik-4","um003",338.8469975789388,"particles/cm³","2025-09-13T14:00:00Z","2025-09-13T19:00:00+05:00","Asia/Tashkent",41.204655,69.232522,,,,"AirGradient","AirGradient"
4902926,"Sputnik-4","um003",554.0646667480469,"particles/cm³","2025-09-13T15:00:00Z","2025-09-13T20:00:00+05:00","Asia/Tashkent",41.204655,69.232522,,,,"AirGradient","AirGradient"
4902926,"Sputnik-4","um003",666.0537516276041,"particles/cm³","2025-09-13T16:00:00Z","2025-09-13T21:00:00+05:00","Asia/Tashkent",41.204655,69.232522,,,,"AirGradient","AirGradient"
4902926,"Sputnik-4","um003",642.7025553385416,"particles/cm³","2025-09-13T17:00:00Z","2025-09-13T22:00:00+05:00","Asia/Tashkent",41.204655,69.232522,,,,"AirGradient","AirGradient"
4902926,"Sputnik-4","um003",704.2084147135416,"particles/cm³","2025-09-13T18:00:00Z","2025-09-13T23:00:00+05:00","Asia/Tashkent",41.204655,69.232522,,,,"AirGradient","AirGradient"
4902926,"Sputnik-4","um003",955.49462890625,"particles/cm³","2025-09-13T19:00:00Z","2025-09-14T00:00:00+05:00","Asia/Tashkent",41.204655,69.232522,,,,"AirGradient","AirGradient"
4902926,"Sputnik-4","um003",1292.3651733398438,"particles/cm³","2025-09-13T20:00:00Z","2025-09-14T01:00:00+05:00","Asia/Tashkent",41.204655,69.232522,,,,"AirGradient","AirGradient"
4902926,"Sputnik-4","um003",1222.158203125,"particles/cm³","2025-09-13T21:00:00Z","2025-09-14T02:00:00+05:00","Asia/Tashkent",41.204655,69.232522,,,,"AirGradient","AirGradient"
4902926,"Sputnik-4","um003",1329.3172098795574,"particles/cm³","2025-09-13T22:00:00Z","2025-09-14T03:00:00+05:00","Asia/Tashkent",41.204655,69.232522,,,,"AirGradient","AirGradient"
4902926,"Sputnik-4","um003",1452.7135721842449,"particles/cm³","2025-09-13T23:00:00Z","2025-09-14T04:00:00+05:00","Asia/Tashkent",41.204655,69.232522,,,,"AirGradient","AirGradient"
4902926,"Sputnik-4","um003",1958.2384338378906,"particles/cm³","2025-09-14T00:00:00Z","2025-09-14T05:00:00+05:00","Asia/Tashkent",41.204655,69.232522,,,,"AirGradient","AirGradient"
4902926,"Sputnik-4","um003",1394.1378580729167,"particles/cm³","2025-09-14T01:00:00Z","2025-09-14T06:00:00+05:00","Asia/Tashkent",41.204655,69.232522,,,,"AirGradient","AirGradient"
4902926,"Sputnik-4","um003",1100.1319274902344,"particles/cm³","2025-09-14T02:00:00Z","2025-09-14T07:00:00+05:00","Asia/Tashkent",41.204655,69.232522,,,,"AirGradient","AirGradient"
4902926,"Sputnik-4","um003",1265.4197692871094,"particles/cm³","2025-09-14T03:00:00Z","2025-09-14T08:00:00+05:00","Asia/Tashkent",41.204655,69.232522,,,,"AirGradient","AirGradient"
4902926,"Sputnik-4","um003",1285.0008748372395,"particles/cm³","2025-09-14T04:00:00Z","2025-09-14T09:00:00+05:00","Asia/Tashkent",41.204655,69.232522,,,,"AirGradient","AirGradient"
4902926,"Sputnik-4","um003",992.4321594238281,"particles/cm³","2025-09-14T05:00:00Z","2025-09-14T10:00:00+05:00","Asia/Tashkent",41.204655,69.232522,,,,"AirGradient","AirGradient"
4902926,"Sputnik-4","um003",689.641367594401,"particles/cm³","2025-09-14T06:00:00Z","2025-09-14T11:00:00+05:00","Asia/Tashkent",41.204655,69.232522,,,,"AirGradient","AirGradient"
4902926,"Sputnik-4","um003",609.5786616007487,"particles/cm³","2025-09-14T07:00:00Z","2025-09-14T12:00:00+05:00","Asia/Tashkent",41.204655,69.232522,,,,"AirGradient","AirGradient"
4902926,"Sputnik-4","um003",548.4267605868253,"particles/cm³","2025-09-14T08:00:00Z","2025-09-14T13:00:00+05:00","Asia/Tashkent",41.204655,69.232522,,,,"AirGradient","AirGradient"
4902926,"Sputnik-4","um003",611.4839375813802,"particles/cm³","2025-09-14T09:00:00Z","2025-09-14T14:00:00+05:00","Asia/Tashkent",41.204655,69.232522,,,,"AirGradient","AirGradient"
4902926,"Sputnik-4","um003",497.2962061564128,"particles/cm³","2025-09-14T10:00:00Z","2025-09-14T15:00:00+05:00","Asia/Tashkent",41.204655,69.232522,,,,"AirGradient","AirGradient"
4902926,"Sputnik-4","um003",486.5035807291667,"particles/cm³","2025-09-14T11:00:00Z","2025-09-14T16:00:00+05:00","Asia/Tashkent",41.204655,69.232522,,,,"AirGradient","AirGradient"
4902926,"Sputnik-4","um003",399.3460413614909,"particles/cm³","2025-09-14T12:00:00Z","2025-09-14T17:00:00+05:00","Asia/Tashkent",41.204655,69.232522,,,,"AirGradient","AirGradient"
4902926,"Sputnik-4","um003",417.43041737874347,"particles/cm³","2025-09-14T13:00:00Z","2025-09-14T18:00:00+05:00","Asia/Tashkent",41.204655,69.232522,,,,"AirGradient","AirGradient"
4902926,"Sputnik-4","um003",742.9726155598959,"particles/cm³","2025-09-14T14:00:00Z","2025-09-14T19:00:00+05:00","Asia/Tashkent",41.204655,69.232522,,,,"AirGradient","AirGradient"
4902926,"Sputnik-4","um003",1625.8110046386719,"particles/cm³","2025-09-14T15:00:00Z","2025-09-14T20:00:00+05:00","Asia/Tashkent",41.204655,69.232522,,,,"AirGradient","AirGradient"
4902926,"Sputnik-4","um003",1335.1667175292969,"particles/cm³","2025-09-14T16:00:00Z","2025-09-14T21:00:00+05:00","Asia/Tashkent",41.204655,69.232522,,,,"AirGradient","AirGradient"
4902926,"Sputnik-4","um003",903.0779825846354,"particles/cm³","2025-09-14T17:00:00Z","2025-09-14T22:00:00+05:00","Asia/Tashkent",41.204655,69.232522,,,,"AirGradient","AirGradient"
4902926,"Sputnik-4","um003",608.0313491821289,"particles/cm³","2025-09-14T18:00:00Z","2025-09-14T23:00:00+05:00","Asia/Tashkent",41.204655,69.232522,,,,"AirGradient","AirGradient"
4902926,"Sputnik-4","um003",690.9791208902994,"particles/cm³","2025-09-14T19:00:00Z","2025-09-15T00:00:00+05:00","Asia/Tashkent",41.204655,69.232522,,,,"AirGradient","AirGradient"
4902926,"Sputnik-4","um003",1185.8414001464844,"particles/cm³","2025-09-14T20:00:00Z","2025-09-15T01:00:00+05:00","Asia/Tashkent",41.204655,69.232522,,,,"AirGradient","AirGradient"
4902926,"Sputnik-4","um003",1548.37939453125,"particles/cm³","2025-09-14T21:00:00Z","2025-09-15T02:00:00+05:00","Asia/Tashkent",41.204655,69.232522,,,,"AirGradient","AirGradient"
4902926,"Sputnik-4","um003",1454.0067036946614,"particles/cm³","2025-09-14T22:00:00Z","2025-09-15T03:00:00+05:00","Asia/Tashkent",41.204655,69.232522,,,,"AirGradient","AirGradient"
4902926,"Sputnik-4","um003",1364.2549947102864,"particles/cm³","2025-09-14T23:00:00Z","2025-09-15T04:00:00+05:00","Asia/Tashkent",41.204655,69.232522,,,,"AirGradient","AirGradient"
4902926,"Sputnik-4","um003",1014.1535847981771,"particles/cm³","2025-09-15T00:00:00Z","2025-09-15T05:00:00+05:00","Asia/Tashkent",41.204655,69.232522,,,,"AirGradient","AirGradient"
4902926,"Sputnik-4","um003",943.8972422281901,"particles/cm³","2025-09-15T01:00:00Z","2025-09-15T06:00:00+05:00","Asia/Tashkent",41.204655,69.232522,,,,"AirGradient","AirGradient"
4902926,"Sputnik-4","um003",1133.3499145507812,"particles/cm³","2025-09-15T02:00:00Z","2025-09-15T07:00:00+05:00","Asia/Tashkent",41.204655,69.232522,,,,"AirGradient","AirGradient"
4902926,"Sputnik-4","um003",1081.4170532226562,"particles/cm³","2025-09-15T03:00:00Z","2025-09-15T08:00:00+05:00","Asia/Tashkent",41.204655,69.232522,,,,"AirGradient","AirGradient"
4902926,"Sputnik-4","um003",1008.9783782958984,"particles/cm³","2025-09-15T04:00:00Z","2025-09-15T09:00:00+05:00","Asia/Tashkent",41.204655,69.232522,,,,"AirGradient","AirGradient"
4902926,"Sputnik-4","um003",485.2359161376953,"particles/cm³","2025-09-15T05:00:00Z","2025-09-15T10:00:00+05:00","Asia/Tashkent",41.204655,69.232522,,,,"AirGradient","AirGradient"
4902926,"Sputnik-4","um003",375.59049733479816,"particles/cm³","2025-09-15T06:00:00Z","2025-09-15T11:00:00+05:00","Asia/Tashkent",41.204655,69.232522,,,,"AirGradient","AirGradient"
4902926,"Sputnik-4","um003",336.4294128417969,"particles/cm³","2025-09-15T07:00:00Z","2025-09-15T12:00:00+05:00","Asia/Tashkent",41.204655,69.232522,,,,"AirGradient","AirGradient"
4902926,"Sputnik-4","um003",337.4192530314128,"particles/cm³","2025-09-15T08:00:00Z","2025-09-15T13:00:00+05:00","Asia/Tashkent",41.204655,69.232522,,,,"AirGradient","AirGradient"
4902926,"Sputnik-4","um003",355.9193751017253,"particles/cm³","2025-09-15T09:00:00Z","2025-09-15T14:00:00+05:00","Asia/Tashkent",41.204655,69.232522,,,,"AirGradient","AirGradient"
4902926,"Sputnik-4","um003",304.5516103108724,"particles/cm³","2025-09-15T10:00:00Z","2025-09-15T15:00:00+05:00","Asia/Tashkent",41.204655,69.232522,,,,"AirGradient","AirGradient"
4902926,"Sputnik-4","um003",359.1443697611491,"particles/cm³","2025-09-15T11:00:00Z","2025-09-15T16:00:00+05:00","Asia/Tashkent",41.204655,69.232522,,,,"AirGradient","AirGradient"
4902926,"Sputnik-4","um003",275.72816975911456,"particles/cm³","2025-09-15T12:00:00Z","2025-09-15T17:00:00+05:00","Asia/Tashkent",41.204655,69.232522,,,,"AirGradient","AirGradient"
4902926,"Sputnik-4","um003",672.7831726074219,"particles/cm³","2025-09-15T13:00:00Z","2025-09-15T18:00:00+05:00","Asia/Tashkent",41.204655,69.232522,,,,"AirGradient","AirGradient"
4902926,"Sputnik-4","um003",730.0029169718424,"particles/cm³","2025-09-15T14:00:00Z","2025-09-15T19:00:00+05:00","Asia/Tashkent",41.204655,69.232522,,,,"AirGradient","AirGradient"
4902926,"Sputnik-4","um003",421.28604380289715,"particles/cm³","2025-09-15T15:00:00Z","2025-09-15T20:00:00+05:00","Asia/Tashkent",41.204655,69.232522,,,,"AirGradient","AirGradient"
4902926,"Sputnik-4","um003",325.9525438944499,"particles/cm³","2025-09-15T16:00:00Z","2025-09-15T21:00:00+05:00","Asia/Tashkent",41.204655,69.232522,,,,"AirGradient","AirGradient"
4902926,"Sputnik-4","um003",229.0027084350586,"particles/cm³","2025-09-15T17:00:00Z","2025-09-15T22:00:00+05:00","Asia/Tashkent",41.204655,69.232522,,,,"AirGradient","AirGradient"
4902926,"Sputnik-4","um003",318.93871307373047,"particles/cm³","2025-09-15T18:00:00Z","2025-09-15T23:00:00+05:00","Asia/Tashkent",41.204655,69.232522,,,,"AirGradient","AirGradient"
4902926,"Sputnik-4","um003",439.4604949951172,"particles/cm³","2025-09-15T19:00:00Z","2025-09-16T00:00:00+05:00","Asia/Tashkent",41.204655,69.232522,,,,"AirGradient","AirGradient"
4902926,"Sputnik-4","um003",335.0275014241536,"particles/cm³","2025-09-15T20:00:00Z","2025-09-16T01:00:00+05:00","Asia/Tashkent",41.204655,69.232522,,,,"AirGradient","AirGradient"
4902926,"Sputnik-4","um003",459.1514485677083,"particles/cm³","2025-09-15T21:00:00Z","2025-09-16T02:00:00+05:00","Asia/Tashkent",41.204655,69.232522,,,,"AirGradient","AirGradient"
4902926,"Sputnik-4","um003",437.8238347371419,"particles/cm³","2025-09-15T22:00:00Z","2025-09-16T03:00:00+05:00","Asia/Tashkent",41.204655,69.232522,,,,"AirGradient","AirGradient"
4902926,"Sputnik-4","um003",394.1697082519531,"particles/cm³","2025-09-15T23:00:00Z","2025-09-16T04:00:00+05:00","Asia/Tashkent",41.204655,69.232522,,,,"AirGradient","AirGradient"
4902926,"Sputnik-4","um003",548.8459065755209,"particles/cm³","2025-09-16T00:00:00Z","2025-09-16T05:00:00+05:00","Asia/Tashkent",41.204655,69.232522,,,,"AirGradient","AirGradient"
4902926,"Sputnik-4","um003",1365.3215637207031,"particles/cm³","2025-09-16T01:00:00Z","2025-09-16T06:00:00+05:00","Asia/Tashkent",41.204655,69.232522,,,,"AirGradient","AirGradient"
4902926,"Sputnik-4","um003",1176.6330057779949,"particles/cm³","2025-09-16T02:00:00Z","2025-09-16T07:00:00+05:00","Asia/Tashkent",41.204655,69.232522,,,,"AirGradient","AirGradient"
4902926,"Sputnik-4","um003",1171.8862813313801,"particles/cm³","2025-09-16T03:00:00Z","2025-09-16T08:00:00+05:00","Asia/Tashkent",41.204655,69.232522,,,,"AirGradient","AirGradient"
4902926,"Sputnik-4","um003",910.2192535400391,"particles/cm³","2025-09-16T04:00:00Z","2025-09-16T09:00:00+05:00","Asia/Tashkent",41.204655,69.232522,,,,"AirGradient","AirGradient"
4902926,"Sputnik-4","um003",470.79141998291016,"particles/cm³","2025-09-16T05:00:00Z","2025-09-16T10:00:00+05:00","Asia/Tashkent",41.204655,69.232522,,,,"AirGradient","AirGradient"
4902926,"Sputnik-4","um003",335.9555803934733,"particles/cm³","2025-09-16T06:00:00Z","2025-09-16T11:00:00+05:00","Asia/Tashkent",41.204655,69.232522,,,,"AirGradient","AirGradient"
4902926,"Sputnik-4","um003",188.31882095336914,"particles/cm³","2025-09-16T07:00:00Z","2025-09-16T12:00:00+05:00","Asia/Tashkent",41.204655,69.232522,,,,"AirGradient","AirGradient"
4902926,"Sputnik-4","um003",215.01095835367838,"particles/cm³","2025-09-16T08:00:00Z","2025-09-16T13:00:00+05:00","Asia/Tashkent",41.204655,69.232522,,,,"AirGradient","AirGradient"
4902926,"Sputnik-4","um003",158.57131894429526,"particles/cm³","2025-09-16T09:00:00Z","2025-09-16T14:00:00+05:00","Asia/Tashkent",41.204655,69.232522,,,,"AirGradient","AirGradient"
4902926,"Sputnik-4","um003",127.55991427103679,"particles/cm³","2025-09-16T10:00:00Z","2025-09-16T15:00:00+05:00","Asia/Tashkent",41.204655,69.232522,,,,"AirGradient","AirGradient"
4902926,"Sputnik-4","um003",144.70999972025552,"particles/cm³","2025-09-16T11:00:00Z","2025-09-16T16:00:00+05:00","Asia/Tashkent",41.204655,69.232522,,,,"AirGradient","AirGradient"
4902926,"Sputnik-4","um003",281.33944574991864,"particles/cm³","2025-09-16T12:00:00Z","2025-09-16T17:00:00+05:00","Asia/Tashkent",41.204655,69.232522,,,,"AirGradient","AirGradient"
4902926,"Sputnik-4","um003",164.8004582722982,"particles/cm³","2025-09-16T13:00:00Z","2025-09-16T18:00:00+05:00","Asia/Tashkent",41.204655,69.232522,,,,"AirGradient","AirGradient"
4902926,"Sputnik-4","um003",270.1179313659668,"particles/cm³","2025-09-16T14:00:00Z","2025-09-16T19:00:00+05:00","Asia/Tashkent",41.204655,69.232522,,,,"AirGradient","AirGradient"
4902926,"Sputnik-4","um003",474.9298350016276,"particles/cm³","2025-09-16T15:00:00Z","2025-09-16T20:00:00+05:00","Asia/Tashkent",41.204655,69.232522,,,,"AirGradient","AirGradient"
4902926,"Sputnik-4","um003",418.3982798258464,"particles/cm³","2025-09-16T16:00:00Z","2025-09-16T21:00:00+05:00","Asia/Tashkent",41.204655,69.232522,,,,"AirGradient","AirGradient"
4902926,"Sputnik-4","um003",381.3266957600911,"particles/cm³","2025-09-16T17:00:00Z","2025-09-16T22:00:00+05:00","Asia/Tashkent",41.204655,69.232522,,,,"AirGradient","AirGradient"
4902926,"Sputnik-4","um003",334.62706502278644,"particles/cm³","2025-09-16T18:00:00Z","2025-09-16T23:00:00+05:00","Asia/Tashkent",41.204655,69.232522,,,,"AirGradient","AirGradient"
4902926,"Sputnik-4","um003",584.9677429199219,"particles/cm³","2025-09-16T19:00:00Z","2025-09-17T00:00:00+05:00","Asia/Tashkent",41.204655,69.232522,,,,"AirGradient","AirGradient"
4902926,"Sputnik-4","um003",416.447457631429,"particles/cm³","2025-09-16T20:00:00Z","2025-09-17T01:00:00+05:00","Asia/Tashkent",41.204655,69.232522,,,,"AirGradient","AirGradient"
4902926,"Sputnik-4","um003",236.83608373006186,"particles/cm³","2025-09-16T21:00:00Z","2025-09-17T02:00:00+05:00","Asia/Tashkent",41.204655,69.232522,,,,"AirGradient","AirGradient"
4902926,"Sputnik-4","um003",291.108637491862,"particles/cm³","2025-09-16T22:00:00Z","2025-09-17T03:00:00+05:00","Asia/Tashkent",41.204655,69.232522,,,,"AirGradient","AirGradient"
4902926,"Sputnik-4","um003",258.8189989725749,"particles/cm³","2025-09-16T23:00:00Z","2025-09-17T04:00:00+05:00","Asia/Tashkent",41.204655,69.232522,,,,"AirGradient","AirGradient"
4902926,"Sputnik-4","um003",238.13187662760416,"particles/cm³","2025-09-17T00:00:00Z","2025-09-17T05:00:00+05:00","Asia/Tashkent",41.204655,69.232522,,,,"AirGradient","AirGradient"
4902926,"Sputnik-4","um003",343.3247464497884,"particles/cm³","2025-09-17T01:00:00Z","2025-09-17T06:00:00+05:00","Asia/Tashkent",41.204655,69.232522,,,,"AirGradient","AirGradient"
4902926,"Sputnik-4","um003",406.45450083414715,"particles/cm³","2025-09-17T02:00:00Z","2025-09-17T07:00:00+05:00","Asia/Tashkent",41.204655,69.232522,,,,"AirGradient","AirGradient"
4902926,"Sputnik-4","um003",564.6902084350586,"particles/cm³","2025-09-17T03:00:00Z","2025-09-17T08:00:00+05:00","Asia/Tashkent",41.204655,69.232522,,,,"AirGradient","AirGradient"
4902926,"Sputnik-4","um003",466.9342803955078,"particles/cm³","2025-09-17T04:00:00Z","2025-09-17T09:00:00+05:00","Asia/Tashkent",41.204655,69.232522,,,,"AirGradient","AirGradient"
4902926,"Sputnik-4","um003",313.613042195638,"particles/cm³","2025-09-17T05:00:00Z","2025-09-17T10:00:00+05:00","Asia/Tashkent",41.204655,69.232522,,,,"AirGradient","AirGradient"
4902926,"Sputnik-4","um003",179.5106964111328,"particles/cm³","2025-09-17T06:00:00Z","2025-09-17T11:00:00+05:00","Asia/Tashkent",41.204655,69.232522,,,,"AirGradient","AirGradient"
4902926,"Sputnik-4","um003",198.49854278564453,"particles/cm³","2025-09-17T07:00:00Z","2025-09-17T12:00:00+05:00","Asia/Tashkent",41.204655,69.232522,,,,"AirGradient","AirGradient"
4902926,"Sputnik-4","um003",230.27084732055664,"particles/cm³","2025-09-17T08:00:00Z","2025-09-17T13:00:00+05:00","Asia/Tashkent",41.204655,69.232522,,,,"AirGradient","AirGradient"
4902926,"Sputnik-4","um003",232.3248774210612,"particles/cm³","2025-09-17T09:00:00Z","2025-09-17T14:00:00+05:00","Asia/Tashkent",41.204655,69.232522,,,,"AirGradient","AirGradient"
4902926,"Sputnik-4","um003",198.1336237589518,"particles/cm³","2025-09-17T10:00:00Z","2025-09-17T15:00:00+05:00","Asia/Tashkent",41.204655,69.232522,,,,"AirGradient","AirGradient"
4902926,"Sputnik-4","um003",177.55902735392252,"particles/cm³","2025-09-17T11:00:00Z","2025-09-17T16:00:00+05:00","Asia/Tashkent",41.204655,69.232522,,,,"AirGradient","AirGradient"
4902926,"Sputnik-4","um003",161.93858591715494,"particles/cm³","2025-09-17T12:00:00Z","2025-09-17T17:00:00+05:00","Asia/Tashkent",41.204655,69.232522,,,,"AirGradient","AirGradient"
4902926,"Sputnik-4","um003",179.52112452189127,"particles/cm³","2025-09-17T13:00:00Z","2025-09-17T18:00:00+05:00","Asia/Tashkent",41.204655,69.232522,,,,"AirGradient","AirGradient"
4902926,"Sputnik-4","um003",214.66550064086914,"particles/cm³","2025-09-17T14:00:00Z","2025-09-17T19:00:00+05:00","Asia/Tashkent",41.204655,69.232522,,,,"AirGradient","AirGradient"
4902926,"Sputnik-4","um003",337.9106216430664,"particles/cm³","2025-09-17T15:00:00Z","2025-09-17T20:00:00+05:00","Asia/Tashkent",41.204655,69.232522,,,,"AirGradient","AirGradient"
4902926,"Sputnik-4","um003",263.54196039835614,"particles/cm³","2025-09-17T16:00:00Z","2025-09-17T21:00:00+05:00","Asia/Tashkent",41.204655,69.232522,,,,"AirGradient","AirGradient"
4902926,"Sputnik-4","um003",269.2339159647624,"particles/cm³","2025-09-17T17:00:00Z","2025-09-17T22:00:00+05:00","Asia/Tashkent",41.204655,69.232522,,,,"AirGradient","AirGradient"
4902926,"Sputnik-4","um003",307.18695068359375,"particles/cm³","2025-09-17T18:00:00Z","2025-09-17T23:00:00+05:00","Asia/Tashkent",41.204655,69.232522,,,,"AirGradient","AirGradient"
4902926,"Sputnik-4","um003",363.88404591878253,"particles/cm³","2025-09-17T19:00:00Z","2025-09-18T00:00:00+05:00","Asia/Tashkent",41.204655,69.232522,,,,"AirGradient","AirGradient"
4902926,"Sputnik-4","um003",320.7384567260742,"particles/cm³","2025-09-17T20:00:00Z","2025-09-18T01:00:00+05:00","Asia/Tashkent",41.204655,69.232522,,,,"AirGradient","AirGradient"
4902926,"Sputnik-4","um003",401.1852544148763,"particles/cm³","2025-09-17T21:00:00Z","2025-09-18T02:00:00+05:00","Asia/Tashkent",41.204655,69.232522,,,,"AirGradient","AirGradient"
4902926,"Sputnik-4","um003",399.3652928670247,"particles/cm³","2025-09-17T22:00:00Z","2025-09-18T03:00:00+05:00","Asia/Tashkent",41.204655,69.232522,,,,"AirGradient","AirGradient"
4902926,"Sputnik-4","um003",395.76700083414715,"particles/cm³","2025-09-17T23:00:00Z","2025-09-18T04:00:00+05:00","Asia/Tashkent",41.204655,69.232522,,,,"AirGradient","AirGradient"
4902926,"Sputnik-4","um003",444.5453694661458,"particles/cm³","2025-09-18T00:00:00Z","2025-09-18T05:00:00+05:00","Asia/Tashkent",41.204655,69.232522,,,,"AirGradient","AirGradient"
4902926,"Sputnik-4","um003",678.0083567301432,"particles/cm³","2025-09-18T01:00:00Z","2025-09-18T06:00:00+05:00","Asia/Tashkent",41.204655,69.232522,,,,"AirGradient","AirGradient"
4902926,"Sputnik-4","um003",582.7502009073893,"particles/cm³","2025-09-18T02:00:00Z","2025-09-18T07:00:00+05:00","Asia/Tashkent",41.204655,69.232522,,,,"AirGradient","AirGradient"
4902926,"Sputnik-4","um003",1011.5448862711588,"particles/cm³","2025-09-18T03:00:00Z","2025-09-18T08:00:00+05:00","Asia/Tashkent",41.204655,69.232522,,,,"AirGradient","AirGradient"
4902926,"Sputnik-4","um003",1233.2571309407551,"particles/cm³","2025-09-18T04:00:00Z","2025-09-18T09:00:00+05:00","Asia/Tashkent",41.204655,69.232522,,,,"AirGradient","AirGradient"
4902926,"Sputnik-4","um003",779.8339335123698,"particles/cm³","2025-09-18T05:00:00Z","2025-09-18T10:00:00+05:00","Asia/Tashkent",41.204655,69.232522,,,,"AirGradient","AirGradient"
4902926,"Sputnik-4","um003",791.9335378011068,"particles/cm³","2025-09-18T06:00:00Z","2025-09-18T11:00:00+05:00","Asia/Tashkent",41.204655,69.232522,,,,"AirGradient","AirGradient"
4902926,"Sputnik-4","um003",343.39233016967773,"particles/cm³","2025-09-18T07:00:00Z","2025-09-18T12:00:00+05:00","Asia/Tashkent",41.204655,69.232522,,,,"AirGradient","AirGradient"
4902926,"Sputnik-4","um003",239.26404190063477,"particles/cm³","2025-09-18T08:00:00Z","2025-09-18T13:00:00+05:00","Asia/Tashkent",41.204655,69.232522,,,,"AirGradient","AirGradient"
4902926,"Sputnik-4","um003",254.0322125752767,"particles/cm³","2025-09-18T09:00:00Z","2025-09-18T14:00:00+05:00","Asia/Tashkent",41.204655,69.232522,,,,"AirGradient","AirGradient"
4902926,"Sputnik-4","um003",319.5588785807292,"particles/cm³","2025-09-18T10:00:00Z","2025-09-18T15:00:00+05:00","Asia/Tashkent",41.204655,69.232522,,,,"AirGradient","AirGradient"
4902926,"Sputnik-4","um003",339.7077941894531,"particles/cm³","2025-09-18T11:00:00Z","2025-09-18T16:00:00+05:00","Asia/Tashkent",41.204655,69.232522,,,,"AirGradient","AirGradient"
4902926,"Sputnik-4","um003",225.2165845235189,"particles/cm³","2025-09-18T12:00:00Z","2025-09-18T17:00:00+05:00","Asia/Tashkent",41.204655,69.232522,,,,"AirGradient","AirGradient"
4902926,"Sputnik-4","um003",282.7015838623047,"particles/cm³","2025-09-18T13:00:00Z","2025-09-18T18:00:00+05:00","Asia/Tashkent",41.204655,69.232522,,,,"AirGradient","AirGradient"
4902926,"Sputnik-4","um003",487.1342468261719,"particles/cm³","2025-09-18T14:00:00Z","2025-09-18T19:00:00+05:00","Asia/Tashkent",41.204655,69.232522,,,,"AirGradient","AirGradient"
4902926,"Sputnik-4","um003",642.7847951253256,"particles/cm³","2025-09-18T15:00:00Z","2025-09-18T20:00:00+05:00","Asia/Tashkent",41.204655,69.232522,,,,"AirGradient","AirGradient"
4902926,"Sputnik-4","um003",625.4036661783854,"particles/cm³","2025-09-18T16:00:00Z","2025-09-18T21:00:00+05:00","Asia/Tashkent",41.204655,69.232522,,,,"AirGradient","AirGradient"
4902926,"Sputnik-4","um003",872.7180430094401,"particles/cm³","2025-09-18T17:00:00Z","2025-09-18T22:00:00+05:00","Asia/Tashkent",41.204655,69.232522,,,,"AirGradient","AirGradient"
4902926,"Sputnik-4","um003",812.4290415445963,"particles/cm³","2025-09-18T18:00:00Z","2025-09-18T23:00:00+05:00","Asia/Tashkent",41.204655,69.232522,,,,"AirGradient","AirGradient"
4902926,"Sputnik-4","um003",659.5161590576172,"particles/cm³","2025-09-18T19:00:00Z","2025-09-19T00:00:00+05:00","Asia/Tashkent",41.204655,69.232522,,,,"AirGradient","AirGradient"
4902926,"Sputnik-4","um003",1115.7953084309895,"particles/cm³","2025-09-18T20:00:00Z","2025-09-19T01:00:00+05:00","Asia/Tashkent",41.204655,69.232522,,,,"AirGradient","AirGradient"
4902926,"Sputnik-4","um003",1118.5767313639324,"particles/cm³","2025-09-18T21:00:00Z","2025-09-19T02:00:00+05:00","Asia/Tashkent",41.204655,69.232522,,,,"AirGradient","AirGradient"
4902926,"Sputnik-4","um003",1024.504903157552,"particles/cm³","2025-09-18T22:00:00Z","2025-09-19T03:00:00+05:00","Asia/Tashkent",41.204655,69.232522,,,,"AirGradient","AirGradient"
4902926,"Sputnik-4","um003",1137.5842895507812,"particles/cm³","2025-09-18T23:00:00Z","2025-09-19T04:00:00+05:00","Asia/Tashkent",41.204655,69.232522,,,,"AirGradient","AirGradient"
4902926,"Sputnik-4","um003",1349.1654256184895,"particles/cm³","2025-09-19T00:00:00Z","2025-09-19T05:00:00+05:00","Asia/Tashkent",41.204655,69.232522,,,,"AirGradient","AirGradient"
4902926,"Sputnik-4","um003",1182.4526977539062,"particles/cm³","2025-09-19T01:00:00Z","2025-09-19T06:00:00+05:00","Asia/Tashkent",41.204655,69.232522,,,,"AirGradient","AirGradient"
4902926,"Sputnik-4","um003",1058.656005859375,"particles/cm³","2025-09-19T02:00:00Z","2025-09-19T07:00:00+05:00","Asia/Tashkent",41.204655,69.232522,,,,"AirGradient","AirGradient"
4902926,"Sputnik-4","um003",1104.6424560546875,"particles/cm³","2025-09-19T03:00:00Z","2025-09-19T08:00:00+05:00","Asia/Tashkent",41.204655,69.232522,,,,"AirGradient","AirGradient"
4902926,"Sputnik-4","um003",970.1036326090494,"particles/cm³","2025-09-19T04:00:00Z","2025-09-19T09:00:00+05:00","Asia/Tashkent",41.204655,69.232522,,,,"AirGradient","AirGradient"
4902926,"Sputnik-4","um003",667.3414916992188,"particles/cm³","2025-09-19T05:00:00Z","2025-09-19T10:00:00+05:00","Asia/Tashkent",41.204655,69.232522,,,,"AirGradient","AirGradient"
4902926,"Sputnik-4","um003",813.9276224772135,"particles/cm³","2025-09-19T06:00:00Z","2025-09-19T11:00:00+05:00","Asia/Tashkent",41.204655,69.232522,,,,"AirGradient","AirGradient"
4902926,"Sputnik-4","um003",653.2984771728516,"particles/cm³","2025-09-19T07:00:00Z","2025-09-19T12:00:00+05:00","Asia/Tashkent",41.204655,69.232522,,,,"AirGradient","AirGradient"
4902926,"Sputnik-4","um003",638.7028401692709,"particles/cm³","2025-09-19T08:00:00Z","2025-09-19T13:00:00+05:00","Asia/Tashkent",41.204655,69.232522,,,,"AirGradient","AirGradient"
4902926,"Sputnik-4","um003",590.5550333658854,"particles/cm³","2025-09-19T09:00:00Z","2025-09-19T14:00:00+05:00","Asia/Tashkent",41.204655,69.232522,,,,"AirGradient","AirGradient"
4902926,"Sputnik-4","um003",450.68974049886066,"particles/cm³","2025-09-19T10:00:00Z","2025-09-19T15:00:00+05:00","Asia/Tashkent",41.204655,69.232522,,,,"AirGradient","AirGradient"
4902926,"Sputnik-4","um003",383.5703608194987,"particles/cm³","2025-09-19T11:00:00Z","2025-09-19T16:00:00+05:00","Asia/Tashkent",41.204655,69.232522,,,,"AirGradient","AirGradient"
4902926,"Sputnik-4","um003",324.85255177815753,"particles/cm³","2025-09-19T12:00:00Z","2025-09-19T17:00:00+05:00","Asia/Tashkent",41.204655,69.232522,,,,"AirGradient","AirGradient"
4902926,"Sputnik-4","um003",321.1011657714844,"particles/cm³","2025-09-19T13:00:00Z","2025-09-19T18:00:00+05:00","Asia/Tashkent",41.204655,69.232522,,,,"AirGradient","AirGradient"
4902926,"Sputnik-4","um003",385.2279586791992,"particles/cm³","2025-09-19T14:00:00Z","2025-09-19T19:00:00+05:00","Asia/Tashkent",41.204655,69.232522,,,,"AirGradient","AirGradient"
4902926,"Sputnik-4","um003",617.9903971354166,"particles/cm³","2025-09-19T15:00:00Z","2025-09-19T20:00:00+05:00","Asia/Tashkent",41.204655,69.232522,,,,"AirGradient","AirGradient"
4902926,"Sputnik-4","um003",405.4031117757161,"particles/cm³","2025-09-19T16:00:00Z","2025-09-19T21:00:00+05:00","Asia/Tashkent",41.204655,69.232522,,,,"AirGradient","AirGradient"
4902926,"Sputnik-4","um003",284.56078720092773,"particles/cm³","2025-09-19T17:00:00Z","2025-09-19T22:00:00+05:00","Asia/Tashkent",41.204655,69.232522,,,,"AirGradient","AirGradient"
4902926,"Sputnik-4","um003",330.80873616536456,"particles/cm³","2025-09-19T18:00:00Z","2025-09-19T23:00:00+05:00","Asia/Tashkent",41.204655,69.232522,,,,"AirGradient","AirGradient"
4902926,"Sputnik-4","um003",506.61578369140625,"particles/cm³","2025-09-19T19:00:00Z","2025-09-20T00:00:00+05:00","Asia/Tashkent",41.204655,69.232522,,,,"AirGradient","AirGradient"
4902926,"Sputnik-4","um003",1111.0780487060547,"particles/cm³","2025-09-19T20:00:00Z","2025-09-20T01:00:00+05:00","Asia/Tashkent",41.204655,69.232522,,,,"AirGradient","AirGradient"
4902926,"Sputnik-4","um003",1478.4275309244792,"particles/cm³","2025-09-19T21:00:00Z","2025-09-20T02:00:00+05:00","Asia/Tashkent",41.204655,69.232522,,,,"AirGradient","AirGradient"
4902926,"Sputnik-4","um003",1458.9597473144531,"particles/cm³","2025-09-19T22:00:00Z","2025-09-20T03:00:00+05:00","Asia/Tashkent",41.204655,69.232522,,,,"AirGradient","AirGradient"
4902926,"Sputnik-4","um003",982.1265360514323,"particles/cm³","2025-09-19T23:00:00Z","2025-09-20T04:00:00+05:00","Asia/Tashkent",41.204655,69.232522,,,,"AirGradient","AirGradient"
4902926,"Sputnik-4","um003",836.5605061848959,"particles/cm³","2025-09-20T00:00:00Z","2025-09-20T05:00:00+05:00","Asia/Tashkent",41.204655,69.232522,,,,"AirGradient","AirGradient"
4902926,"Sputnik-4","um003",1186.6784159342449,"particles/cm³","2025-09-20T01:00:00Z","2025-09-20T06:00:00+05:00","Asia/Tashkent",41.204655,69.232522,,,,"AirGradient","AirGradient"
4902926,"Sputnik-4","um003",730.4997609456381,"particles/cm³","2025-09-20T02:00:00Z","2025-09-20T07:00:00+05:00","Asia/Tashkent",41.204655,69.232522,,,,"AirGradient","AirGradient"
4902926,"Sputnik-4","um003",743.4168802897135,"particles/cm³","2025-09-20T03:00:00Z","2025-09-20T08:00:00+05:00","Asia/Tashkent",41.204655,69.232522,,,,"AirGradient","AirGradient"
4902926,"Sputnik-4","um003",938.7056986490885,"particles/cm³","2025-09-20T04:00:00Z","2025-09-20T09:00:00+05:00","Asia/Tashkent",41.204655,69.232522,,,,"AirGradient","AirGradient"
4902926,"Sputnik-4","um003",1355.4740498860676,"particles/cm³","2025-09-20T05:00:00Z","2025-09-20T10:00:00+05:00","Asia/Tashkent",41.204655,69.232522,,,,"AirGradient","AirGradient"
4902926,"Sputnik-4","um003",1502.0171203613281,"particles/cm³","2025-09-20T06:00:00Z","2025-09-20T11:00:00+05:00","Asia/Tashkent",41.204655,69.232522,,,,"AirGradient","AirGradient"
4902926,"Sputnik-4","um003",1432.6561686197917,"particles/cm³","2025-09-20T07:00:00Z","2025-09-20T12:00:00+05:00","Asia/Tashkent",41.204655,69.232522,,,,"AirGradient","AirGradient"
4902926,"Sputnik-4","um003",1281.3360290527344,"particles/cm³","2025-09-20T08:00:00Z","2025-09-20T13:00:00+05:00","Asia/Tashkent",41.204655,69.232522,,,,"AirGradient","AirGradient"
4902926,"Sputnik-4","um003",1164.8106943766277,"particles/cm³","2025-09-20T09:00:00Z","2025-09-20T14:00:00+05:00","Asia/Tashkent",41.204655,69.232522,,,,"AirGradient","AirGradient"
4902926,"Sputnik-4","um003",559.3942108154297,"particles/cm³","2025-09-20T10:00:00Z","2025-09-20T15:00:00+05:00","Asia/Tashkent",41.204655,69.232522,,,,"AirGradient","AirGradient"
4902926,"Sputnik-4","um003",522.0193354288737,"particles/cm³","2025-09-20T11:00:00Z","2025-09-20T16:00:00+05:00","Asia/Tashkent",41.204655,69.232522,,,,"AirGradient","AirGradient"
4902926,"Sputnik-4","um003",482.0359624226888,"particles/cm³","2025-09-20T12:00:00Z","2025-09-20T17:00:00+05:00","Asia/Tashkent",41.204655,69.232522,,,,"AirGradient","AirGradient"
4902926,"Sputnik-4","um003",449.5786412556966,"particles/cm³","2025-09-20T13:00:00Z","2025-09-20T18:00:00+05:00","Asia/Tashkent",41.204655,69.232522,,,,"AirGradient","AirGradient"
4902926,"Sputnik-4","um003",880.9373372395834,"particles/cm³","2025-09-20T14:00:00Z","2025-09-20T19:00:00+05:00","Asia/Tashkent",41.204655,69.232522,,,,"AirGradient","AirGradient"
4902926,"Sputnik-4","um003",1279.0488179524739,"particles/cm³","2025-09-20T15:00:00Z","2025-09-20T20:00:00+05:00","Asia/Tashkent",41.204655,69.232522,,,,"AirGradient","AirGradient"
4902926,"Sputnik-4","um003",1646.5239562988281,"particles/cm³","2025-09-20T16:00:00Z","2025-09-20T21:00:00+05:00","Asia/Tashkent",41.204655,69.232522,,,,"AirGradient","AirGradient"
4902926,"Sputnik-4","um003",2325.3429260253906,"particles/cm³","2025-09-20T17:00:00Z","2025-09-20T22:00:00+05:00","Asia/Tashkent",41.204655,69.232522,,,,"AirGradient","AirGradient"
4902926,"Sputnik-4","um003",2495.8943481445312,"particles/cm³","2025-09-20T18:00:00Z","2025-09-20T23:00:00+05:00","Asia/Tashkent",41.204655,69.232522,,,,"AirGradient","AirGradient"
4902926,"Sputnik-4","um003",1497.2479044596355,"particles/cm³","2025-09-20T19:00:00Z","2025-09-21T00:00:00+05:00","Asia/Tashkent",41.204655,69.232522,,,,"AirGradient","AirGradient"
4902926,"Sputnik-4","um003",1020.2041320800781,"particles/cm³","2025-09-20T20:00:00Z","2025-09-21T01:00:00+05:00","Asia/Tashkent",41.204655,69.232522,,,,"AirGradient","AirGradient"
4902926,"Sputnik-4","um003",892.2885386149088,"particles/cm³","2025-09-20T21:00:00Z","2025-09-21T02:00:00+05:00","Asia/Tashkent",41.204655,69.232522,,,,"AirGradient","AirGradient"
4902926,"Sputnik-4","um003",937.8023427327474,"particles/cm³","2025-09-20T22:00:00Z","2025-09-21T03:00:00+05:00","Asia/Tashkent",41.204655,69.232522,,,,"AirGradient","AirGradient"
4902926,"Sputnik-4","um003",1427.5875447591145,"particles/cm³","2025-09-20T23:00:00Z","2025-09-21T04:00:00+05:00","Asia/Tashkent",41.204655,69.232522,,,,"AirGradient","AirGradient"
4902926,"Sputnik-4","um003",1130.853754679362,"particles/cm³","2025-09-21T00:00:00Z","2025-09-21T05:00:00+05:00","Asia/Tashkent",41.204655,69.232522,,,,"AirGradient","AirGradient"
4902926,"Sputnik-4","um003",590.443239847819,"particles/cm³","2025-09-21T01:00:00Z","2025-09-21T06:00:00+05:00","Asia/Tashkent",41.204655,69.232522,,,,"AirGradient","AirGradient"
4902926,"Sputnik-4","um003",514.6181640625,"particles/cm³","2025-09-21T02:00:00Z","2025-09-21T07:00:00+05:00","Asia/Tashkent",41.204655,69.232522,,,,"AirGradient","AirGradient"
4902926,"Sputnik-4","um003",563.8135477701823,"particles/cm³","2025-09-21T03:00:00Z","2025-09-21T08:00:00+05:00","Asia/Tashkent",41.204655,69.232522,,,,"AirGradient","AirGradient"
4902926,"Sputnik-4","um003",528.1057103474935,"particles/cm³","2025-09-21T04:00:00Z","2025-09-21T09:00:00+05:00","Asia/Tashkent",41.204655,69.232522,,,,"AirGradient","AirGradient"
4902926,"Sputnik-4","um003",691.1961568196615,"particles/cm³","2025-09-21T05:00:00Z","2025-09-21T10:00:00+05:00","Asia/Tashkent",41.204655,69.232522,,,,"AirGradient","AirGradient"
4902926,"Sputnik-4","um003",675.8998311360677,"particles/cm³","2025-09-21T06:00:00Z","2025-09-21T11:00:00+05:00","Asia/Tashkent",41.204655,69.232522,,,,"AirGradient","AirGradient"
4902926,"Sputnik-4","um003",875.9655507405599,"particles/cm³","2025-09-21T07:00:00Z","2025-09-21T12:00:00+05:00","Asia/Tashkent",41.204655,69.232522,,,,"AirGradient","AirGradient"
4902926,"Sputnik-4","um003",664.805419921875,"particles/cm³","2025-09-21T08:00:00Z","2025-09-21T13:00:00+05:00","Asia/Tashkent",41.204655,69.232522,,,,"AirGradient","AirGradient"
4902926,"Sputnik-4","um003",761.6831410725912,"particles/cm³","2025-09-21T09:00:00Z","2025-09-21T14:00:00+05:00","Asia/Tashkent",41.204655,69.232522,,,,"AirGradient","AirGradient"
4902926,"Sputnik-4","um003",720.0930735270182,"particles/cm³","2025-09-21T10:00:00Z","2025-09-21T15:00:00+05:00","Asia/Tashkent",41.204655,69.232522,,,,"AirGradient","AirGradient"
4902926,"Sputnik-4","um003",2158.723779296875,"particles/cm³","2025-09-21T15:00:00Z","2025-09-21T20:00:00+05:00","Asia/Tashkent",41.204655,69.232522,,,,"AirGradient","AirGradient"
4902926,"Sputnik-4","um003",2528.7747802734375,"particles/cm³","2025-09-21T16:00:00Z","2025-09-21T21:00:00+05:00","Asia/Tashkent",41.204655,69.232522,,,,"AirGradient","AirGradient"
4902926,"Sputnik-4","um003",2688.6522827148438,"particles/cm³","2025-09-21T17:00:00Z","2025-09-21T22:00:00+05:00","Asia/Tashkent",41.204655,69.232522,,,,"AirGradient","AirGradient"
4902926,"Sputnik-4","um003",2328.892578125,"particles/cm³","2025-09-21T18:00:00Z","2025-09-21T23:00:00+05:00","Asia/Tashkent",41.204655,69.232522,,,,"AirGradient","AirGradient"
4902926,"Sputnik-4","um003",2089.6807861328125,"particles/cm³","2025-09-21T19:00:00Z","2025-09-22T00:00:00+05:00","Asia/Tashkent",41.204655,69.232522,,,,"AirGradient","AirGradient"
4902926,"Sputnik-4","um003",2128.218465169271,"particles/cm³","2025-09-21T20:00:00Z","2025-09-22T01:00:00+05:00","Asia/Tashkent",41.204655,69.232522,,,,"AirGradient","AirGradient"
4902926,"Sputnik-4","um003",2878.2860717773438,"particles/cm³","2025-09-21T21:00:00Z","2025-09-22T02:00:00+05:00","Asia/Tashkent",41.204655,69.232522,,,,"AirGradient","AirGradient"
4902926,"Sputnik-4","um003",2648.5983276367188,"particles/cm³","2025-09-21T22:00:00Z","2025-09-22T03:00:00+05:00","Asia/Tashkent",41.204655,69.232522,,,,"AirGradient","AirGradient"
4902926,"Sputnik-4","um003",993.0510915120443,"particles/cm³","2025-09-21T23:00:00Z","2025-09-22T04:00:00+05:00","Asia/Tashkent",41.204655,69.232522,,,,"AirGradient","AirGradient"
4902926,"Sputnik-4","um003",329.7210388183594,"particles/cm³","2025-09-22T00:00:00Z","2025-09-22T05:00:00+05:00","Asia/Tashkent",41.204655,69.232522,,,,"AirGradient","AirGradient"
4902926,"Sputnik-4","um003",355.00735727945965,"particles/cm³","2025-09-22T01:00:00Z","2025-09-22T06:00:00+05:00","Asia/Tashkent",41.204655,69.232522,,,,"AirGradient","AirGradient"
4902926,"Sputnik-4","um003",537.9406992594401,"particles/cm³","2025-09-22T02:00:00Z","2025-09-22T07:00:00+05:00","Asia/Tashkent",41.204655,69.232522,,,,"AirGradient","AirGradient"
4902926,"Sputnik-4","um003",670.3295033772787,"particles/cm³","2025-09-22T03:00:00Z","2025-09-22T08:00:00+05:00","Asia/Tashkent",41.204655,69.232522,,,,"AirGradient","AirGradient"
4902926,"Sputnik-4","um003",861.6100819905599,"particles/cm³","2025-09-22T04:00:00Z","2025-09-22T09:00:00+05:00","Asia/Tashkent",41.204655,69.232522,,,,"AirGradient","AirGradient"
4902926,"Sputnik-4","um003",562.5017115275065,"particles/cm³","2025-09-22T05:00:00Z","2025-09-22T10:00:00+05:00","Asia/Tashkent",41.204655,69.232522,,,,"AirGradient","AirGradient"
4902926,"Sputnik-4","um003",359.86370849609375,"particles/cm³","2025-09-22T06:00:00Z","2025-09-22T11:00:00+05:00","Asia/Tashkent",41.204655,69.232522,,,,"AirGradient","AirGradient"
4902926,"Sputnik-4","um003",354.760014851888,"particles/cm³","2025-09-22T07:00:00Z","2025-09-22T12:00:00+05:00","Asia/Tashkent",41.204655,69.232522,,,,"AirGradient","AirGradient"
4902926,"Sputnik-4","um003",392.5546290079753,"particles/cm³","2025-09-22T08:00:00Z","2025-09-22T13:00:00+05:00","Asia/Tashkent",41.204655,69.232522,,,,"AirGradient","AirGradient"
4902926,"Sputnik-4","um003",407.08410898844403,"particles/cm³","2025-09-22T09:00:00Z","2025-09-22T14:00:00+05:00","Asia/Tashkent",41.204655,69.232522,,,,"AirGradient","AirGradient"
4902926,"Sputnik-4","um003",425.57237243652344,"particles/cm³","2025-09-22T10:00:00Z","2025-09-22T15:00:00+05:00","Asia/Tashkent",41.204655,69.232522,,,,"AirGradient","AirGradient"
4902926,"Sputnik-4","um003",519.3314946492513,"particles/cm³","2025-09-22T11:00:00Z","2025-09-22T16:00:00+05:00","Asia/Tashkent",41.204655,69.232522,,,,"AirGradient","AirGradient"
4902926,"Sputnik-4","um003",575.0715840657552,"particles/cm³","2025-09-22T12:00:00Z","2025-09-22T17:00:00+05:00","Asia/Tashkent",41.204655,69.232522,,,,"AirGradient","AirGradient"
4902926,"Sputnik-4","um003",692.0286254882812,"particles/cm³","2025-09-22T13:00:00Z","2025-09-22T18:00:00+05:00","Asia/Tashkent",41.204655,69.232522,,,,"AirGradient","AirGradient"
4902926,"Sputnik-4","um003",791.0136464436849,"particles/cm³","2025-09-22T14:00:00Z","2025-09-22T19:00:00+05:00","Asia/Tashkent",41.204655,69.232522,,,,"AirGradient","AirGradient"
4902926,"Sputnik-4","um003",1089.5977986653645,"particles/cm³","2025-09-22T15:00:00Z","2025-09-22T20:00:00+05:00","Asia/Tashkent",41.204655,69.232522,,,,"AirGradient","AirGradient"
4902926,"Sputnik-4","um003",1189.1860046386719,"particles/cm³","2025-09-22T16:00:00Z","2025-09-22T21:00:00+05:00","Asia/Tashkent",41.204655,69.232522,,,,"AirGradient","AirGradient"
4902926,"Sputnik-4","um003",847.1872965494791,"particles/cm³","2025-09-22T17:00:00Z","2025-09-22T22:00:00+05:00","Asia/Tashkent",41.204655,69.232522,,,,"AirGradient","AirGradient"
4902926,"Sputnik-4","um003",975.3786468505859,"particles/cm³","2025-09-22T18:00:00Z","2025-09-22T23:00:00+05:00","Asia/Tashkent",41.204655,69.232522,,,,"AirGradient","AirGradient"
4902926,"Sputnik-4","um003",1026.2662862141926,"particles/cm³","2025-09-22T19:00:00Z","2025-09-23T00:00:00+05:00","Asia/Tashkent",41.204655,69.232522,,,,"AirGradient","AirGradient"
4902926,"Sputnik-4","um003",978.9666697184244,"particles/cm³","2025-09-22T20:00:00Z","2025-09-23T01:00:00+05:00","Asia/Tashkent",41.204655,69.232522,,,,"AirGradient","AirGradient"
4902926,"Sputnik-4","um003",566.3960800170898,"particles/cm³","2025-09-22T21:00:00Z","2025-09-23T02:00:00+05:00","Asia/Tashkent",41.204655,69.232522,,,,"AirGradient","AirGradient"
4902926,"Sputnik-4","um003",320.10543060302734,"particles/cm³","2025-09-22T22:00:00Z","2025-09-23T03:00:00+05:00","Asia/Tashkent",41.204655,69.232522,,,,"AirGradient","AirGradient"
4902926,"Sputnik-4","um003",410.24166615804035,"particles/cm³","2025-09-22T23:00:00Z","2025-09-23T04:00:00+05:00","Asia/Tashkent",41.204655,69.232522,,,,"AirGradient","AirGradient"
4902926,"Sputnik-4","um003",1005.1249949137369,"particles/cm³","2025-09-23T00:00:00Z","2025-09-23T05:00:00+05:00","Asia/Tashkent",41.204655,69.232522,,,,"AirGradient","AirGradient"
4902926,"Sputnik-4","um003",1008.5965118408203,"particles/cm³","2025-09-23T01:00:00Z","2025-09-23T06:00:00+05:00","Asia/Tashkent",41.204655,69.232522,,,,"AirGradient","AirGradient"
4902926,"Sputnik-4","um003",969.415049235026,"particles/cm³","2025-09-23T02:00:00Z","2025-09-23T07:00:00+05:00","Asia/Tashkent",41.204655,69.232522,,,,"AirGradient","AirGradient"
4902926,"Sputnik-4","um003",905.7763264973959,"particles/cm³","2025-09-23T03:00:00Z","2025-09-23T08:00:00+05:00","Asia/Tashkent",41.204655,69.232522,,,,"AirGradient","AirGradient"
4902926,"Sputnik-4","um003",597.8213170369467,"particles/cm³","2025-09-23T04:00:00Z","2025-09-23T09:00:00+05:00","Asia/Tashkent",41.204655,69.232522,,,,"AirGradient","AirGradient"
4902926,"Sputnik-4","um003",374.348627726237,"particles/cm³","2025-09-23T05:00:00Z","2025-09-23T10:00:00+05:00","Asia/Tashkent",41.204655,69.232522,,,,"AirGradient","AirGradient"
4902926,"Sputnik-4","um003",348.4203186035156,"particles/cm³","2025-09-23T06:00:00Z","2025-09-23T11:00:00+05:00","Asia/Tashkent",41.204655,69.232522,,,,"AirGradient","AirGradient"
4902926,"Sputnik-4","um003",312.85520426432294,"particles/cm³","2025-09-23T07:00:00Z","2025-09-23T12:00:00+05:00","Asia/Tashkent",41.204655,69.232522,,,,"AirGradient","AirGradient"
4902926,"Sputnik-4","um003",259.7485008239746,"particles/cm³","2025-09-23T08:00:00Z","2025-09-23T13:00:00+05:00","Asia/Tashkent",41.204655,69.232522,,,,"AirGradient","AirGradient"
4902926,"Sputnik-4","um003",255.5839703877767,"particles/cm³","2025-09-23T09:00:00Z","2025-09-23T14:00:00+05:00","Asia/Tashkent",41.204655,69.232522,,,,"AirGradient","AirGradient"
4902926,"Sputnik-4","um003",321.60799893465907,"particles/cm³","2025-09-23T10:00:00Z","2025-09-23T15:00:00+05:00","Asia/Tashkent",41.204655,69.232522,,,,"AirGradient","AirGradient"
4902926,"Sputnik-4","um003",307.9683787027995,"particles/cm³","2025-09-23T11:00:00Z","2025-09-23T16:00:00+05:00","Asia/Tashkent",41.204655,69.232522,,,,"AirGradient","AirGradient"
4902926,"Sputnik-4","um003",344.47488021850586,"particles/cm³","2025-09-23T12:00:00Z","2025-09-23T17:00:00+05:00","Asia/Tashkent",41.204655,69.232522,,,,"AirGradient","AirGradient"
4902926,"Sputnik-4","um003",444.00866953531903,"particles/cm³","2025-09-23T13:00:00Z","2025-09-23T18:00:00+05:00","Asia/Tashkent",41.204655,69.232522,,,,"AirGradient","AirGradient"
4902926,"Sputnik-4","um003",434.00378672281903,"particles/cm³","2025-09-23T14:00:00Z","2025-09-23T19:00:00+05:00","Asia/Tashkent",41.204655,69.232522,,,,"AirGradient","AirGradient"
4902926,"Sputnik-4","um003",636.4848683675131,"particles/cm³","2025-09-23T15:00:00Z","2025-09-23T20:00:00+05:00","Asia/Tashkent",41.204655,69.232522,,,,"AirGradient","AirGradient"
4902926,"Sputnik-4","um003",946.8458251953125,"particles/cm³","2025-09-23T16:00:00Z","2025-09-23T21:00:00+05:00","Asia/Tashkent",41.204655,69.232522,,,,"AirGradient","AirGradient"
4902926,"Sputnik-4","um003",1011.6246236165365,"particles/cm³","2025-09-23T17:00:00Z","2025-09-23T22:00:00+05:00","Asia/Tashkent",41.204655,69.232522,,,,"AirGradient","AirGradient"
4902926,"Sputnik-4","um003",628.9719568888346,"particles/cm³","2025-09-23T18:00:00Z","2025-09-23T23:00:00+05:00","Asia/Tashkent",41.204655,69.232522,,,,"AirGradient","AirGradient"
4902926,"Sputnik-4","um003",796.1252034505209,"particles/cm³","2025-09-23T19:00:00Z","2025-09-24T00:00:00+05:00","Asia/Tashkent",41.204655,69.232522,,,,"AirGradient","AirGradient"
4902926,"Sputnik-4","um003",1286.8054911295574,"particles/cm³","2025-09-23T20:00:00Z","2025-09-24T01:00:00+05:00","Asia/Tashkent",41.204655,69.232522,,,,"AirGradient","AirGradient"
4902926,"Sputnik-4","um003",1267.0926208496094,"particles/cm³","2025-09-23T21:00:00Z","2025-09-24T02:00:00+05:00","Asia/Tashkent",41.204655,69.232522,,,,"AirGradient","AirGradient"
4902926,"Sputnik-4","um003",1088.4141540527344,"particles/cm³","2025-09-23T22:00:00Z","2025-09-24T03:00:00+05:00","Asia/Tashkent",41.204655,69.232522,,,,"AirGradient","AirGradient"
4902926,"Sputnik-4","um003",917.5782877604166,"particles/cm³","2025-09-23T23:00:00Z","2025-09-24T04:00:00+05:00","Asia/Tashkent",41.204655,69.232522,,,,"AirGradient","AirGradient"
4902926,"Sputnik-4","um003",679.3201649983724,"particles/cm³","2025-09-24T00:00:00Z","2025-09-24T05:00:00+05:00","Asia/Tashkent",41.204655,69.232522,,,,"AirGradient","AirGradient"
4902926,"Sputnik-4","um003",760.8765055338541,"particles/cm³","2025-09-24T01:00:00Z","2025-09-24T06:00:00+05:00","Asia/Tashkent",41.204655,69.232522,,,,"AirGradient","AirGradient"
4902926,"Sputnik-4","um003",903.5227864583334,"particles/cm³","2025-09-24T02:00:00Z","2025-09-24T07:00:00+05:00","Asia/Tashkent",41.204655,69.232522,,,,"AirGradient","AirGradient"
4902926,"Sputnik-4","um003",872.3097890218099,"particles/cm³","2025-09-24T03:00:00Z","2025-09-24T08:00:00+05:00","Asia/Tashkent",41.204655,69.232522,,,,"AirGradient","AirGradient"
4902926,"Sputnik-4","um003",815.5725046793619,"particles/cm³","2025-09-24T04:00:00Z","2025-09-24T09:00:00+05:00","Asia/Tashkent",41.204655,69.232522,,,,"AirGradient","AirGradient"
4902926,"Sputnik-4","um003",815.0626271565756,"particles/cm³","2025-09-24T05:00:00Z","2025-09-24T10:00:00+05:00","Asia/Tashkent",41.204655,69.232522,,,,"AirGradient","AirGradient"
4902926,"Sputnik-4","um003",638.4552561442057,"particles/cm³","2025-09-24T06:00:00Z","2025-09-24T11:00:00+05:00","Asia/Tashkent",41.204655,69.232522,,,,"AirGradient","AirGradient"
4902926,"Sputnik-4","um003",685.3154551188151,"particles/cm³","2025-09-24T07:00:00Z","2025-09-24T12:00:00+05:00","Asia/Tashkent",41.204655,69.232522,,,,"AirGradient","AirGradient"
4902926,"Sputnik-4","um003",698.7571258544922,"particles/cm³","2025-09-24T08:00:00Z","2025-09-24T13:00:00+05:00","Asia/Tashkent",41.204655,69.232522,,,,"AirGradient","AirGradient"
4902926,"Sputnik-4","um003",834.4542948404948,"particles/cm³","2025-09-24T09:00:00Z","2025-09-24T14:00:00+05:00","Asia/Tashkent",41.204655,69.232522,,,,"AirGradient","AirGradient"
4902926,"Sputnik-4","um003",467.9543202718099,"particles/cm³","2025-09-24T10:00:00Z","2025-09-24T15:00:00+05:00","Asia/Tashkent",41.204655,69.232522,,,,"AirGradient","AirGradient"
4902926,"Sputnik-4","um003",311.7026621500651,"particles/cm³","2025-09-24T11:00:00Z","2025-09-24T16:00:00+05:00","Asia/Tashkent",41.204655,69.232522,,,,"AirGradient","AirGradient"
4902926,"Sputnik-4","um003",256.5816256205241,"particles/cm³","2025-09-24T12:00:00Z","2025-09-24T17:00:00+05:00","Asia/Tashkent",41.204655,69.232522,,,,"AirGradient","AirGradient"
4902926,"Sputnik-4","um003",679.2775802612305,"particles/cm³","2025-09-24T13:00:00Z","2025-09-24T18:00:00+05:00","Asia/Tashkent",41.204655,69.232522,,,,"AirGradient","AirGradient"
4902926,"Sputnik-4","um003",876.1964518229166,"particles/cm³","2025-09-24T14:00:00Z","2025-09-24T19:00:00+05:00","Asia/Tashkent",41.204655,69.232522,,,,"AirGradient","AirGradient"
4902926,"Sputnik-4","um003",1115.5015767415364,"particles/cm³","2025-09-24T15:00:00Z","2025-09-24T20:00:00+05:00","Asia/Tashkent",41.204655,69.232522,,,,"AirGradient","AirGradient"
4902926,"Sputnik-4","um003",1696.530782063802,"particles/cm³","2025-09-24T16:00:00Z","2025-09-24T21:00:00+05:00","Asia/Tashkent",41.204655,69.232522,,,,"AirGradient","AirGradient"
4902926,"Sputnik-4","um003",1574.3317362467449,"particles/cm³","2025-09-24T17:00:00Z","2025-09-24T22:00:00+05:00","Asia/Tashkent",41.204655,69.232522,,,,"AirGradient","AirGradient"
4902926,"Sputnik-4","um003",1539.8978881835938,"particles/cm³","2025-09-24T18:00:00Z","2025-09-24T23:00:00+05:00","Asia/Tashkent",41.204655,69.232522,,,,"AirGradient","AirGradient"
4902926,"Sputnik-4","um003",1922.6290995279949,"particles/cm³","2025-09-24T19:00:00Z","2025-09-25T00:00:00+05:00","Asia/Tashkent",41.204655,69.232522,,,,"AirGradient","AirGradient"
4902926,"Sputnik-4","um003",1477.2298889160156,"particles/cm³","2025-09-24T20:00:00Z","2025-09-25T01:00:00+05:00","Asia/Tashkent",41.204655,69.232522,,,,"AirGradient","AirGradient"
4902926,"Sputnik-4","um003",1270.7081298828125,"particles/cm³","2025-09-24T21:00:00Z","2025-09-25T02:00:00+05:00","Asia/Tashkent",41.204655,69.232522,,,,"AirGradient","AirGradient"
4902926,"Sputnik-4","um003",1240.2947489420574,"particles/cm³","2025-09-24T22:00:00Z","2025-09-25T03:00:00+05:00","Asia/Tashkent",41.204655,69.232522,,,,"AirGradient","AirGradient"
4902926,"Sputnik-4","um003",1244.2886555989583,"particles/cm³","2025-09-24T23:00:00Z","2025-09-25T04:00:00+05:00","Asia/Tashkent",41.204655,69.232522,,,,"AirGradient","AirGradient"
4902926,"Sputnik-4","um003",1269.8560282389324,"particles/cm³","2025-09-25T00:00:00Z","2025-09-25T05:00:00+05:00","Asia/Tashkent",41.204655,69.232522,,,,"AirGradient","AirGradient"
4902926,"Sputnik-4","um003",1430.581620788574,"particles/cm³","2025-09-25T01:00:00Z","2025-09-25T06:00:00+05:00","Asia/Tashkent",41.204655,69.232522,,,,"AirGradient","AirGradient"
4902926,"Sputnik-4","um003",1382.992426554362,"particles/cm³","2025-09-25T02:00:00Z","2025-09-25T07:00:00+05:00","Asia/Tashkent",41.204655,69.232522,,,,"AirGradient","AirGradient"
4902926,"Sputnik-4","um003",1277.0161802503796,"particles/cm³","2025-09-25T03:00:00Z","2025-09-25T08:00:00+05:00","Asia/Tashkent",41.204655,69.232522,,,,"AirGradient","AirGradient"
4902926,"Sputnik-4","um003",1148.084074910482,"particles/cm³","2025-09-25T04:00:00Z","2025-09-25T09:00:00+05:00","Asia/Tashkent",41.204655,69.232522,,,,"AirGradient","AirGradient"
4902926,"Sputnik-4","um003",1166.0472935994464,"particles/cm³","2025-09-25T05:00:00Z","2025-09-25T10:00:00+05:00","Asia/Tashkent",41.204655,69.232522,,,,"AirGradient","AirGradient"
4902926,"Sputnik-4","um003",985.8310509575737,"particles/cm³","2025-09-25T06:00:00Z","2025-09-25T11:00:00+05:00","Asia/Tashkent",41.204655,69.232522,,,,"AirGradient","AirGradient"
4902926,"Sputnik-4","um003",601.3826634724935,"particles/cm³","2025-09-25T07:00:00Z","2025-09-25T12:00:00+05:00","Asia/Tashkent",41.204655,69.232522,,,,"AirGradient","AirGradient"
4902926,"Sputnik-4","um003",611.4027501424154,"particles/cm³","2025-09-25T08:00:00Z","2025-09-25T13:00:00+05:00","Asia/Tashkent",41.204655,69.232522,,,,"AirGradient","AirGradient"
4902926,"Sputnik-4","um003",504.9381678263347,"particles/cm³","2025-09-25T09:00:00Z","2025-09-25T14:00:00+05:00","Asia/Tashkent",41.204655,69.232522,,,,"AirGradient","AirGradient"
4902926,"Sputnik-4","um003",471.2937280828302,"particles/cm³","2025-09-25T10:00:00Z","2025-09-25T15:00:00+05:00","Asia/Tashkent",41.204655,69.232522,,,,"AirGradient","AirGradient"
4902926,"Sputnik-4","um003",501.2735829671224,"particles/cm³","2025-09-25T11:00:00Z","2025-09-25T16:00:00+05:00","Asia/Tashkent",41.204655,69.232522,,,,"AirGradient","AirGradient"
4902926,"Sputnik-4","um003",593.2110415140788,"particles/cm³","2025-09-25T12:00:00Z","2025-09-25T17:00:00+05:00","Asia/Tashkent",41.204655,69.232522,,,,"AirGradient","AirGradient"
4902926,"Sputnik-4","um003",686.2317499796549,"particles/cm³","2025-09-25T13:00:00Z","2025-09-25T18:00:00+05:00","Asia/Tashkent",41.204655,69.232522,,,,"AirGradient","AirGradient"
4902926,"Sputnik-4","um003",1055.9273307800295,"particles/cm³","2025-09-25T14:00:00Z","2025-09-25T19:00:00+05:00","Asia/Tashkent",41.204655,69.232522,,,,"AirGradient","AirGradient"
4902926,"Sputnik-4","um003",1571.2402941385906,"particles/cm³","2025-09-25T15:00:00Z","2025-09-25T20:00:00+05:00","Asia/Tashkent",41.204655,69.232522,,,,"AirGradient","AirGradient"
4902926,"Sputnik-4","um003",1635.6355543348527,"particles/cm³","2025-09-25T16:00:00Z","2025-09-25T21:00:00+05:00","Asia/Tashkent",41.204655,69.232522,,,,"AirGradient","AirGradient"
4902926,"Sputnik-4","um003",2064.012373352051,"particles/cm³","2025-09-25T17:00:00Z","2025-09-25T22:00:00+05:00","Asia/Tashkent",41.204655,69.232522,,,,"AirGradient","AirGradient"
4902926,"Sputnik-4","um003",1737.619664510091,"particles/cm³","2025-09-25T18:00:00Z","2025-09-25T23:00:00+05:00","Asia/Tashkent",41.204655,69.232522,,,,"AirGradient","AirGradient"
4902926,"Sputnik-4","um003",1656.9872044881186,"particles/cm³","2025-09-25T19:00:00Z","2025-09-26T00:00:00+05:00","Asia/Tashkent",41.204655,69.232522,,,,"AirGradient","AirGradient"
4902926,"Sputnik-4","um003",1816.6228071424696,"particles/cm³","2025-09-25T20:00:00Z","2025-09-26T01:00:00+05:00","Asia/Tashkent",41.204655,69.232522,,,,"AirGradient","AirGradient"
4902926,"Sputnik-4","um003",2368.7101603190104,"particles/cm³","2025-09-25T21:00:00Z","2025-09-26T02:00:00+05:00","Asia/Tashkent",41.204655,69.232522,,,,"AirGradient","AirGradient"
4902926,"Sputnik-4","um003",1954.2452560424802,"particles/cm³","2025-09-25T22:00:00Z","2025-09-26T03:00:00+05:00","Asia/Tashkent",41.204655,69.232522,,,,"AirGradient","AirGradient"
4902926,"Sputnik-4","um003",2119.8017517089843,"particles/cm³","2025-09-25T23:00:00Z","2025-09-26T04:00:00+05:00","Asia/Tashkent",41.204655,69.232522,,,,"AirGradient","AirGradient"
4902926,"Sputnik-4","um003",1388.7704956054688,"particles/cm³","2025-09-26T00:00:00Z","2025-09-26T05:00:00+05:00","Asia/Tashkent",41.204655,69.232522,,,,"AirGradient","AirGradient"
4902926,"Sputnik-4","um003",1399.8031999376087,"particles/cm³","2025-09-26T01:00:00Z","2025-09-26T06:00:00+05:00","Asia/Tashkent",41.204655,69.232522,,,,"AirGradient","AirGradient"
4902926,"Sputnik-4","um003",1314.98853708903,"particles/cm³","2025-09-26T02:00:00Z","2025-09-26T07:00:00+05:00","Asia/Tashkent",41.204655,69.232522,,,,"AirGradient","AirGradient"
4902926,"Sputnik-4","um003",1376.3265004475913,"particles/cm³","2025-09-26T03:00:00Z","2025-09-26T08:00:00+05:00","Asia/Tashkent",41.204655,69.232522,,,,"AirGradient","AirGradient"
4902926,"Sputnik-4","um003",998.8028381347657,"particles/cm³","2025-09-26T04:00:00Z","2025-09-26T09:00:00+05:00","Asia/Tashkent",41.204655,69.232522,,,,"AirGradient","AirGradient"
4902926,"Sputnik-4","um003",811.7846254984538,"particles/cm³","2025-09-26T05:00:00Z","2025-09-26T10:00:00+05:00","Asia/Tashkent",41.204655,69.232522,,,,"AirGradient","AirGradient"
4902926,"Sputnik-4","um003",657.4071665445964,"particles/cm³","2025-09-26T06:00:00Z","2025-09-26T11:00:00+05:00","Asia/Tashkent",41.204655,69.232522,,,,"AirGradient","AirGradient"
4902926,"Sputnik-4","um003",620.1060853322348,"particles/cm³","2025-09-26T07:00:00Z","2025-09-26T12:00:00+05:00","Asia/Tashkent",41.204655,69.232522,,,,"AirGradient","AirGradient"
4902926,"Sputnik-4","um003",552.3040585835776,"particles/cm³","2025-09-26T08:00:00Z","2025-09-26T13:00:00+05:00","Asia/Tashkent",41.204655,69.232522,,,,"AirGradient","AirGradient"
4902926,"Sputnik-4","um003",317.1406422085232,"particles/cm³","2025-09-26T09:00:00Z","2025-09-26T14:00:00+05:00","Asia/Tashkent",41.204655,69.232522,,,,"AirGradient","AirGradient"
4902926,"Sputnik-4","um003",302.4612923940022,"particles/cm³","2025-09-26T11:00:00Z","2025-09-26T16:00:00+05:00","Asia/Tashkent",41.204655,69.232522,,,,"AirGradient","AirGradient"
4902926,"Sputnik-4","um003",437.1111241658529,"particles/cm³","2025-09-26T12:00:00Z","2025-09-26T17:00:00+05:00","Asia/Tashkent",41.204655,69.232522,,,,"AirGradient","AirGradient"
4902926,"Sputnik-4","um003",397.4580410003662,"particles/cm³","2025-09-26T13:00:00Z","2025-09-26T18:00:00+05:00","Asia/Tashkent",41.204655,69.232522,,,,"AirGradient","AirGradient"
4902926,"Sputnik-4","um003",712.9085013071694,"particles/cm³","2025-09-26T14:00:00Z","2025-09-26T19:00:00+05:00","Asia/Tashkent",41.204655,69.232522,,,,"AirGradient","AirGradient"
4902926,"Sputnik-4","um003",1078.1556691487629,"particles/cm³","2025-09-26T15:00:00Z","2025-09-26T20:00:00+05:00","Asia/Tashkent",41.204655,69.232522,,,,"AirGradient","AirGradient"
4902926,"Sputnik-4","um003",1526.193588256836,"particles/cm³","2025-09-26T16:00:00Z","2025-09-26T21:00:00+05:00","Asia/Tashkent",41.204655,69.232522,,,,"AirGradient","AirGradient"
4902926,"Sputnik-4","um003",1324.7148274739584,"particles/cm³","2025-09-26T17:00:00Z","2025-09-26T22:00:00+05:00","Asia/Tashkent",41.204655,69.232522,,,,"AirGradient","AirGradient"
4902926,"Sputnik-4","um003",1358.5319585164389,"particles/cm³","2025-09-26T18:00:00Z","2025-09-26T23:00:00+05:00","Asia/Tashkent",41.204655,69.232522,,,,"AirGradient","AirGradient"
4902926,"Sputnik-4","um003",1436.4563858032227,"particles/cm³","2025-09-26T19:00:00Z","2025-09-27T00:00:00+05:00","Asia/Tashkent",41.204655,69.232522,,,,"AirGradient","AirGradient"
4902926,"Sputnik-4","um003",1415.2064097086588,"particles/cm³","2025-09-26T20:00:00Z","2025-09-27T01:00:00+05:00","Asia/Tashkent",41.204655,69.232522,,,,"AirGradient","AirGradient"
4902926,"Sputnik-4","um003",1231.6012059529623,"particles/cm³","2025-09-26T21:00:00Z","2025-09-27T02:00:00+05:00","Asia/Tashkent",41.204655,69.232522,,,,"AirGradient","AirGradient"
4902926,"Sputnik-4","um003",1201.2094548543294,"particles/cm³","2025-09-26T22:00:00Z","2025-09-27T03:00:00+05:00","Asia/Tashkent",41.204655,69.232522,,,,"AirGradient","AirGradient"
4902926,"Sputnik-4","um003",1167.806367492676,"particles/cm³","2025-09-26T23:00:00Z","2025-09-27T04:00:00+05:00","Asia/Tashkent",41.204655,69.232522,,,,"AirGradient","AirGradient"
4902926,"Sputnik-4","um003",1031.9544151306152,"particles/cm³","2025-09-27T00:00:00Z","2025-09-27T05:00:00+05:00","Asia/Tashkent",41.204655,69.232522,,,,"AirGradient","AirGradient"
4902926,"Sputnik-4","um003",1030.6063303629558,"particles/cm³","2025-09-27T01:00:00Z","2025-09-27T06:00:00+05:00","Asia/Tashkent",41.204655,69.232522,,,,"AirGradient","AirGradient"
4902926,"Sputnik-4","um003",1136.3290390014647,"particles/cm³","2025-09-27T02:00:00Z","2025-09-27T07:00:00+05:00","Asia/Tashkent",41.204655,69.232522,,,,"AirGradient","AirGradient"
4902926,"Sputnik-4","um003",1387.6655029296878,"particles/cm³","2025-09-27T03:00:00Z","2025-09-27T08:00:00+05:00","Asia/Tashkent",41.204655,69.232522,,,,"AirGradient","AirGradient"
4902926,"Sputnik-4","um003",1125.1975850423175,"particles/cm³","2025-09-27T04:00:00Z","2025-09-27T09:00:00+05:00","Asia/Tashkent",41.204655,69.232522,,,,"AirGradient","AirGradient"
4902926,"Sputnik-4","um003",892.1348208340731,"particles/cm³","2025-09-27T05:00:00Z","2025-09-27T10:00:00+05:00","Asia/Tashkent",41.204655,69.232522,,,,"AirGradient","AirGradient"
4902926,"Sputnik-4","um003",684.825614420573,"particles/cm³","2025-09-27T06:00:00Z","2025-09-27T11:00:00+05:00","Asia/Tashkent",41.204655,69.232522,,,,"AirGradient","AirGradient"
4902926,"Sputnik-4","um003",543.1815924072265,"particles/cm³","2025-09-27T08:00:00Z","2025-09-27T13:00:00+05:00","Asia/Tashkent",41.204655,69.232522,,,,"AirGradient","AirGradient"
4902926,"Sputnik-4","um003",555.2152069091796,"particles/cm³","2025-09-27T09:00:00Z","2025-09-27T14:00:00+05:00","Asia/Tashkent",41.204655,69.232522,,,,"AirGradient","AirGradient"
4902926,"Sputnik-4","um003",440.35228970845543,"particles/cm³","2025-09-27T12:00:00Z","2025-09-27T17:00:00+05:00","Asia/Tashkent",41.204655,69.232522,,,,"AirGradient","AirGradient"
4902926,"Sputnik-4","um003",432.11616541544595,"particles/cm³","2025-09-27T13:00:00Z","2025-09-27T18:00:00+05:00","Asia/Tashkent",41.204655,69.232522,,,,"AirGradient","AirGradient"
4902926,"Sputnik-4","um003",830.3440132141113,"particles/cm³","2025-09-27T14:00:00Z","2025-09-27T19:00:00+05:00","Asia/Tashkent",41.204655,69.232522,,,,"AirGradient","AirGradient"
4902926,"Sputnik-4","um003",1352.5253367106122,"particles/cm³","2025-09-27T15:00:00Z","2025-09-27T20:00:00+05:00","Asia/Tashkent",41.204655,69.232522,,,,"AirGradient","AirGradient"
4902926,"Sputnik-4","um003",1507.019287618001,"particles/cm³","2025-09-27T16:00:00Z","2025-09-27T21:00:00+05:00","Asia/Tashkent",41.204655,69.232522,,,,"AirGradient","AirGradient"
4902926,"Sputnik-4","um003",1803.5753239949545,"particles/cm³","2025-09-27T17:00:00Z","2025-09-27T22:00:00+05:00","Asia/Tashkent",41.204655,69.232522,,,,"AirGradient","AirGradient"
4902926,"Sputnik-4","um003",1608.2107452392577,"particles/cm³","2025-09-27T18:00:00Z","2025-09-27T23:00:00+05:00","Asia/Tashkent",41.204655,69.232522,,,,"AirGradient","AirGradient"
4902926,"Sputnik-4","um003",1674.0509506225587,"particles/cm³","2025-09-27T19:00:00Z","2025-09-28T00:00:00+05:00","Asia/Tashkent",41.204655,69.232522,,,,"AirGradient","AirGradient"
4902926,"Sputnik-4","um003",1501.7295967949765,"particles/cm³","2025-09-27T20:00:00Z","2025-09-28T01:00:00+05:00","Asia/Tashkent",41.204655,69.232522,,,,"AirGradient","AirGradient"
4902926,"Sputnik-4","um003",1705.2941187540691,"particles/cm³","2025-09-27T21:00:00Z","2025-09-28T02:00:00+05:00","Asia/Tashkent",41.204655,69.232522,,,,"AirGradient","AirGradient"
4902926,"Sputnik-4","um003",1538.420009358724,"particles/cm³","2025-09-27T22:00:00Z","2025-09-28T03:00:00+05:00","Asia/Tashkent",41.204655,69.232522,,,,"AirGradient","AirGradient"
4902926,"Sputnik-4","um003",1064.9488797505694,"particles/cm³","2025-09-27T23:00:00Z","2025-09-28T04:00:00+05:00","Asia/Tashkent",41.204655,69.232522,,,,"AirGradient","AirGradient"
4902926,"Sputnik-4","um003",1031.0380904303656,"particles/cm³","2025-09-28T00:00:00Z","2025-09-28T05:00:00+05:00","Asia/Tashkent",41.204655,69.232522,,,,"AirGradient","AirGradient"
4902926,"Sputnik-4","um003",1173.6369519551597,"particles/cm³","2025-09-28T01:00:00Z","2025-09-28T06:00:00+05:00","Asia/Tashkent",41.204655,69.232522,,,,"AirGradient","AirGradient"
4902926,"Sputnik-4","um003",1182.372211456299,"particles/cm³","2025-09-28T02:00:00Z","2025-09-28T07:00:00+05:00","Asia/Tashkent",41.204655,69.232522,,,,"AirGradient","AirGradient"
4902926,"Sputnik-4","um003",1249.6914978027344,"particles/cm³","2025-09-28T03:00:00Z","2025-09-28T08:00:00+05:00","Asia/Tashkent",41.204655,69.232522,,,,"AirGradient","AirGradient"
4902926,"Sputnik-4","um003",1627.1605745103623,"particles/cm³","2025-09-28T04:00:00Z","2025-09-28T09:00:00+05:00","Asia/Tashkent",41.204655,69.232522,,,,"AirGradient","AirGradient"
4902926,"Sputnik-4","um003",1365.592872619629,"particles/cm³","2025-09-28T05:00:00Z","2025-09-28T10:00:00+05:00","Asia/Tashkent",41.204655,69.232522,,,,"AirGradient","AirGradient"
4902926,"Sputnik-4","um003",1489.3028762817382,"particles/cm³","2025-09-28T06:00:00Z","2025-09-28T11:00:00+05:00","Asia/Tashkent",41.204655,69.232522,,,,"AirGradient","AirGradient"
4902926,"Sputnik-4","um003",1346.5999577840169,"particles/cm³","2025-09-28T07:00:00Z","2025-09-28T12:00:00+05:00","Asia/Tashkent",41.204655,69.232522,,,,"AirGradient","AirGradient"
4902926,"Sputnik-4","um003",1004.6961278279622,"particles/cm³","2025-09-28T08:00:00Z","2025-09-28T13:00:00+05:00","Asia/Tashkent",41.204655,69.232522,,,,"AirGradient","AirGradient"
4902926,"Sputnik-4","um003",473.60441326565206,"particles/cm³","2025-09-28T12:00:00Z","2025-09-28T17:00:00+05:00","Asia/Tashkent",41.204655,69.232522,,,,"AirGradient","AirGradient"
4902926,"Sputnik-4","um003",578.2074584960939,"particles/cm³","2025-09-28T13:00:00Z","2025-09-28T18:00:00+05:00","Asia/Tashkent",41.204655,69.232522,,,,"AirGradient","AirGradient"
4902926,"Sputnik-4","um003",1006.6185122172038,"particles/cm³","2025-09-28T14:00:00Z","2025-09-28T19:00:00+05:00","Asia/Tashkent",41.204655,69.232522,,,,"AirGradient","AirGradient"
4902926,"Sputnik-4","um003",1344.0614286634657,"particles/cm³","2025-09-28T15:00:00Z","2025-09-28T20:00:00+05:00","Asia/Tashkent",41.204655,69.232522,,,,"AirGradient","AirGradient"
4902926,"Sputnik-4","um003",1090.3426193237303,"particles/cm³","2025-09-28T16:00:00Z","2025-09-28T21:00:00+05:00","Asia/Tashkent",41.204655,69.232522,,,,"AirGradient","AirGradient"
4902926,"Sputnik-4","um003",1035.7052489386665,"particles/cm³","2025-09-28T17:00:00Z","2025-09-28T22:00:00+05:00","Asia/Tashkent",41.204655,69.232522,,,,"AirGradient","AirGradient"
4902926,"Sputnik-4","um003",833.2299199422201,"particles/cm³","2025-09-28T18:00:00Z","2025-09-28T23:00:00+05:00","Asia/Tashkent",41.204655,69.232522,,,,"AirGradient","AirGradient"
4902926,"Sputnik-4","um003",1554.4983317057292,"particles/cm³","2025-09-28T19:00:00Z","2025-09-29T00:00:00+05:00","Asia/Tashkent",41.204655,69.232522,,,,"AirGradient","AirGradient"
4902926,"Sputnik-4","um003",2070.0797037760417,"particles/cm³","2025-09-28T20:00:00Z","2025-09-29T01:00:00+05:00","Asia/Tashkent",41.204655,69.232522,,,,"AirGradient","AirGradient"
4902926,"Sputnik-4","um003",1869.5887788560656,"particles/cm³","2025-09-28T21:00:00Z","2025-09-29T02:00:00+05:00","Asia/Tashkent",41.204655,69.232522,,,,"AirGradient","AirGradient"
4902926,"Sputnik-4","um003",1356.529926554362,"particles/cm³","2025-09-28T22:00:00Z","2025-09-29T03:00:00+05:00","Asia/Tashkent",41.204655,69.232522,,,,"AirGradient","AirGradient"
4902926,"Sputnik-4","um003",1241.2180414835614,"particles/cm³","2025-09-28T23:00:00Z","2025-09-29T04:00:00+05:00","Asia/Tashkent",41.204655,69.232522,,,,"AirGradient","AirGradient"
4902926,"Sputnik-4","um003",1352.3981608072918,"particles/cm³","2025-09-29T00:00:00Z","2025-09-29T05:00:00+05:00","Asia/Tashkent",41.204655,69.232522,,,,"AirGradient","AirGradient"
4902926,"Sputnik-4","um003",1445.163585408529,"particles/cm³","2025-09-29T01:00:00Z","2025-09-29T06:00:00+05:00","Asia/Tashkent",41.204655,69.232522,,,,"AirGradient","AirGradient"
4902926,"Sputnik-4","um003",1422.668957010905,"particles/cm³","2025-09-29T02:00:00Z","2025-09-29T07:00:00+05:00","Asia/Tashkent",41.204655,69.232522,,,,"AirGradient","AirGradient"
4902926,"Sputnik-4","um003",1178.482952372233,"particles/cm³","2025-09-29T03:00:00Z","2025-09-29T08:00:00+05:00","Asia/Tashkent",41.204655,69.232522,,,,"AirGradient","AirGradient"
4902926,"Sputnik-4","um003",1461.915500386556,"particles/cm³","2025-09-29T04:00:00Z","2025-09-29T09:00:00+05:00","Asia/Tashkent",41.204655,69.232522,,,,"AirGradient","AirGradient"
4902926,"Sputnik-4","um003",1642.9323827107748,"particles/cm³","2025-09-29T05:00:00Z","2025-09-29T10:00:00+05:00","Asia/Tashkent",41.204655,69.232522,,,,"AirGradient","AirGradient"
4902926,"Sputnik-4","um003",1266.7852167765298,"particles/cm³","2025-09-29T06:00:00Z","2025-09-29T11:00:00+05:00","Asia/Tashkent",41.204655,69.232522,,,,"AirGradient","AirGradient"
4902926,"Sputnik-4","um003",1219.263105943468,"particles/cm³","2025-09-29T07:00:00Z","2025-09-29T12:00:00+05:00","Asia/Tashkent",41.204655,69.232522,,,,"AirGradient","AirGradient"
4902926,"Sputnik-4","um003",978.7326649983723,"particles/cm³","2025-09-29T08:00:00Z","2025-09-29T13:00:00+05:00","Asia/Tashkent",41.204655,69.232522,,,,"AirGradient","AirGradient"
4902926,"Sputnik-4","um003",768.2945391337076,"particles/cm³","2025-09-29T09:00:00Z","2025-09-29T14:00:00+05:00","Asia/Tashkent",41.204655,69.232522,,,,"AirGradient","AirGradient"
4902926,"Sputnik-4","um003",684.3038766225178,"particles/cm³","2025-09-29T10:00:00Z","2025-09-29T15:00:00+05:00","Asia/Tashkent",41.204655,69.232522,,,,"AirGradient","AirGradient"
4902926,"Sputnik-4","um003",465.4425548977322,"particles/cm³","2025-09-29T11:00:00Z","2025-09-29T16:00:00+05:00","Asia/Tashkent",41.204655,69.232522,,,,"AirGradient","AirGradient"
4902926,"Sputnik-4","um003",349.7085843404134,"particles/cm³","2025-09-29T13:00:00Z","2025-09-29T18:00:00+05:00","Asia/Tashkent",41.204655,69.232522,,,,"AirGradient","AirGradient"
4902926,"Sputnik-4","um003",416.1640841166179,"particles/cm³","2025-09-29T14:00:00Z","2025-09-29T19:00:00+05:00","Asia/Tashkent",41.204655,69.232522,,,,"AirGradient","AirGradient"
4902926,"Sputnik-4","um003",615.8778915405275,"particles/cm³","2025-09-29T15:00:00Z","2025-09-29T20:00:00+05:00","Asia/Tashkent",41.204655,69.232522,,,,"AirGradient","AirGradient"
4902926,"Sputnik-4","um003",578.7443344116211,"particles/cm³","2025-09-29T16:00:00Z","2025-09-29T21:00:00+05:00","Asia/Tashkent",41.204655,69.232522,,,,"AirGradient","AirGradient"
4902926,"Sputnik-4","um003",527.7473472171359,"particles/cm³","2025-09-29T17:00:00Z","2025-09-29T22:00:00+05:00","Asia/Tashkent",41.204655,69.232522,,,,"AirGradient","AirGradient"
4902926,"Sputnik-4","um003",534.7541641235351,"particles/cm³","2025-09-29T18:00:00Z","2025-09-29T23:00:00+05:00","Asia/Tashkent",41.204655,69.232522,,,,"AirGradient","AirGradient"
4902926,"Sputnik-4","um003",622.4738736470541,"particles/cm³","2025-09-29T19:00:00Z","2025-09-30T00:00:00+05:00","Asia/Tashkent",41.204655,69.232522,,,,"AirGradient","AirGradient"
4902926,"Sputnik-4","um003",902.6462771945527,"particles/cm³","2025-09-29T20:00:00Z","2025-09-30T01:00:00+05:00","Asia/Tashkent",41.204655,69.232522,,,,"AirGradient","AirGradient"
4902926,"Sputnik-4","um003",770.0817883809406,"particles/cm³","2025-09-29T21:00:00Z","2025-09-30T02:00:00+05:00","Asia/Tashkent",41.204655,69.232522,,,,"AirGradient","AirGradient"
4902926,"Sputnik-4","um003",564.3175146314833,"particles/cm³","2025-09-29T22:00:00Z","2025-09-30T03:00:00+05:00","Asia/Tashkent",41.204655,69.232522,,,,"AirGradient","AirGradient"
4902926,"Sputnik-4","um003",592.9497919718425,"particles/cm³","2025-09-29T23:00:00Z","2025-09-30T04:00:00+05:00","Asia/Tashkent",41.204655,69.232522,,,,"AirGradient","AirGradient"
4902926,"Sputnik-4","um003",758.4958333333333,"particles/cm³","2025-09-30T00:00:00Z","2025-09-30T05:00:00+05:00","Asia/Tashkent",41.204655,69.232522,,,,"AirGradient","AirGradient"
4902926,"Sputnik-4","um003",1241.2835899353029,"particles/cm³","2025-09-30T01:00:00Z","2025-09-30T06:00:00+05:00","Asia/Tashkent",41.204655,69.232522,,,,"AirGradient","AirGradient"
4902926,"Sputnik-4","um003",1241.8683369954426,"particles/cm³","2025-09-30T02:00:00Z","2025-09-30T07:00:00+05:00","Asia/Tashkent",41.204655,69.232522,,,,"AirGradient","AirGradient"
4902926,"Sputnik-4","um003",1434.628425089518,"particles/cm³","2025-09-30T03:00:00Z","2025-09-30T08:00:00+05:00","Asia/Tashkent",41.204655,69.232522,,,,"AirGradient","AirGradient"
4902926,"Sputnik-4","um003",1622.5404607137043,"particles/cm³","2025-09-30T04:00:00Z","2025-09-30T09:00:00+05:00","Asia/Tashkent",41.204655,69.232522,,,,"AirGradient","AirGradient"
4902926,"Sputnik-4","um003",1691.0158365885418,"particles/cm³","2025-09-30T05:00:00Z","2025-09-30T10:00:00+05:00","Asia/Tashkent",41.204655,69.232522,,,,"AirGradient","AirGradient"
4902926,"Sputnik-4","um003",1615.4270741780601,"particles/cm³","2025-09-30T06:00:00Z","2025-09-30T11:00:00+05:00","Asia/Tashkent",41.204655,69.232522,,,,"AirGradient","AirGradient"
4902926,"Sputnik-4","um003",1043.9542035420736,"particles/cm³","2025-09-30T07:00:00Z","2025-09-30T12:00:00+05:00","Asia/Tashkent",41.204655,69.232522,,,,"AirGradient","AirGradient"
4902926,"Sputnik-4","um003",532.2002913157145,"particles/cm³","2025-09-30T08:00:00Z","2025-09-30T13:00:00+05:00","Asia/Tashkent",41.204655,69.232522,,,,"AirGradient","AirGradient"
4902926,"Sputnik-4","um003",384.8073577033149,"particles/cm³","2025-09-30T09:00:00Z","2025-09-30T14:00:00+05:00","Asia/Tashkent",41.204655,69.232522,,,,"AirGradient","AirGradient"
4902926,"Sputnik-4","um003",282.1182916005452,"particles/cm³","2025-09-30T10:00:00Z","2025-09-30T15:00:00+05:00","Asia/Tashkent",41.204655,69.232522,,,,"AirGradient","AirGradient"
4902926,"Sputnik-4","um003",255.5051522360908,"particles/cm³","2025-09-30T11:00:00Z","2025-09-30T16:00:00+05:00","Asia/Tashkent",41.204655,69.232522,,,,"AirGradient","AirGradient"
4902926,"Sputnik-4","um003",271.8241647084554,"particles/cm³","2025-09-30T12:00:00Z","2025-09-30T17:00:00+05:00","Asia/Tashkent",41.204655,69.232522,,,,"AirGradient","AirGradient"
4902926,"Sputnik-4","um003",287.1673202090793,"particles/cm³","2025-09-30T13:00:00Z","2025-09-30T18:00:00+05:00","Asia/Tashkent",41.204655,69.232522,,,,"AirGradient","AirGradient"
4902926,"Sputnik-4","um003",408.6493767208524,"particles/cm³","2025-09-30T14:00:00Z","2025-09-30T19:00:00+05:00","Asia/Tashkent",41.204655,69.232522,,,,"AirGradient","AirGradient"
4902926,"Sputnik-4","um003",409.16293156941737,"particles/cm³","2025-09-30T16:00:00Z","2025-09-30T21:00:00+05:00","Asia/Tashkent",41.204655,69.232522,,,,"AirGradient","AirGradient"
4902926,"Sputnik-4","um003",428.2486194610596,"particles/cm³","2025-09-30T17:00:00Z","2025-09-30T22:00:00+05:00","Asia/Tashkent",41.204655,69.232522,,,,"AirGradient","AirGradient"
4902926,"Sputnik-4","um003",478.71133550008136,"particles/cm³","2025-09-30T18:00:00Z","2025-09-30T23:00:00+05:00","Asia/Tashkent",41.204655,69.232522,,,,"AirGradient","AirGradient"
4902926,"Sputnik-4","um003",608.6218305799697,"particles/cm³","2025-09-30T19:00:00Z","2025-10-01T00:00:00+05:00","Asia/Tashkent",41.204655,69.232522,,,,"AirGradient","AirGradient"
4902926,"Sputnik-4","um003",800.2083747863771,"particles/cm³","2025-09-30T20:00:00Z","2025-10-01T01:00:00+05:00","Asia/Tashkent",41.204655,69.232522,,,,"AirGradient","AirGradient"
4902926,"Sputnik-4","um003",833.6266352335612,"particles/cm³","2025-09-30T21:00:00Z","2025-10-01T02:00:00+05:00","Asia/Tashkent",41.204655,69.232522,,,,"AirGradient","AirGradient"
4902926,"Sputnik-4","um003",783.8089552445846,"particles/cm³","2025-09-30T22:00:00Z","2025-10-01T03:00:00+05:00","Asia/Tashkent",41.204655,69.232522,,,,"AirGradient","AirGradient"
4902926,"Sputnik-4","um003",628.5947069803874,"particles/cm³","2025-09-30T23:00:00Z","2025-10-01T04:00:00+05:00","Asia/Tashkent",41.204655,69.232522,,,,"AirGradient","AirGradient"
4902926,"Sputnik-4","um003",442.89466756184896,"particles/cm³","2025-10-01T00:00:00Z","2025-10-01T05:00:00+05:00","Asia/Tashkent",41.204655,69.232522,,,,"AirGradient","AirGradient"
4902926,"Sputnik-4","um003",334.7694588979086,"particles/cm³","2025-10-01T01:00:00Z","2025-10-01T06:00:00+05:00","Asia/Tashkent",41.204655,69.232522,,,,"AirGradient","AirGradient"
4902926,"Sputnik-4","um003",290.4861665725708,"particles/cm³","2025-10-01T02:00:00Z","2025-10-01T07:00:00+05:00","Asia/Tashkent",41.204655,69.232522,,,,"AirGradient","AirGradient"
4902926,"Sputnik-4","um003",249.77562584347194,"particles/cm³","2025-10-01T03:00:00Z","2025-10-01T08:00:00+05:00","Asia/Tashkent",41.204655,69.232522,,,,"AirGradient","AirGradient"
4902926,"Sputnik-4","um003",291.30916538238523,"particles/cm³","2025-10-01T04:00:00Z","2025-10-01T09:00:00+05:00","Asia/Tashkent",41.204655,69.232522,,,,"AirGradient","AirGradient"
4902926,"Sputnik-4","um003",406.8359587351481,"particles/cm³","2025-10-01T05:00:00Z","2025-10-01T10:00:00+05:00","Asia/Tashkent",41.204655,69.232522,,,,"AirGradient","AirGradient"
4902926,"Sputnik-4","um003",534.4519548628065,"particles/cm³","2025-10-01T06:00:00Z","2025-10-01T11:00:00+05:00","Asia/Tashkent",41.204655,69.232522,,,,"AirGradient","AirGradient"
4902926,"Sputnik-4","um003",315.29907919565835,"particles/cm³","2025-10-01T07:00:00Z","2025-10-01T12:00:00+05:00","Asia/Tashkent",41.204655,69.232522,,,,"AirGradient","AirGradient"
4902926,"Sputnik-4","um003",275.119332631429,"particles/cm³","2025-10-01T08:00:00Z","2025-10-01T13:00:00+05:00","Asia/Tashkent",41.204655,69.232522,,,,"AirGradient","AirGradient"
4902926,"Sputnik-4","um003",254.86987552642825,"particles/cm³","2025-10-01T09:00:00Z","2025-10-01T14:00:00+05:00","Asia/Tashkent",41.204655,69.232522,,,,"AirGradient","AirGradient"
4902926,"Sputnik-4","um003",226.73945367986508,"particles/cm³","2025-10-01T10:00:00Z","2025-10-01T15:00:00+05:00","Asia/Tashkent",41.204655,69.232522,,,,"AirGradient","AirGradient"
4902926,"Sputnik-4","um003",223.96537570953373,"particles/cm³","2025-10-01T11:00:00Z","2025-10-01T16:00:00+05:00","Asia/Tashkent",41.204655,69.232522,,,,"AirGradient","AirGradient"
4902926,"Sputnik-4","um003",199.42795823415122,"particles/cm³","2025-10-01T12:00:00Z","2025-10-01T17:00:00+05:00","Asia/Tashkent",41.204655,69.232522,,,,"AirGradient","AirGradient"
4902926,"Sputnik-4","um003",277.1994844224718,"particles/cm³","2025-10-01T13:00:00Z","2025-10-01T18:00:00+05:00","Asia/Tashkent",41.204655,69.232522,,,,"AirGradient","AirGradient"
4902926,"Sputnik-4","um003",561.3720126258003,"particles/cm³","2025-10-01T14:00:00Z","2025-10-01T19:00:00+05:00","Asia/Tashkent",41.204655,69.232522,,,,"AirGradient","AirGradient"
4902926,"Sputnik-4","um003",721.1293901231555,"particles/cm³","2025-10-01T15:00:00Z","2025-10-01T20:00:00+05:00","Asia/Tashkent",41.204655,69.232522,,,,"AirGradient","AirGradient"
4902926,"Sputnik-4","um003",1001.4214520772299,"particles/cm³","2025-10-01T16:00:00Z","2025-10-01T21:00:00+05:00","Asia/Tashkent",41.204655,69.232522,,,,"AirGradient","AirGradient"
4902926,"Sputnik-4","um003",1103.8713432312013,"particles/cm³","2025-10-01T17:00:00Z","2025-10-01T22:00:00+05:00","Asia/Tashkent",41.204655,69.232522,,,,"AirGradient","AirGradient"
4902926,"Sputnik-4","um003",740.8670023600259,"particles/cm³","2025-10-01T18:00:00Z","2025-10-01T23:00:00+05:00","Asia/Tashkent",41.204655,69.232522,,,,"AirGradient","AirGradient"
4902926,"Sputnik-4","um003",812.3284859551322,"particles/cm³","2025-10-01T19:00:00Z","2025-10-02T00:00:00+05:00","Asia/Tashkent",41.204655,69.232522,,,,"AirGradient","AirGradient"
4902926,"Sputnik-4","um003",1308.9841776529947,"particles/cm³","2025-10-01T20:00:00Z","2025-10-02T01:00:00+05:00","Asia/Tashkent",41.204655,69.232522,,,,"AirGradient","AirGradient"
4902926,"Sputnik-4","um003",1806.3723002115885,"particles/cm³","2025-10-01T21:00:00Z","2025-10-02T02:00:00+05:00","Asia/Tashkent",41.204655,69.232522,,,,"AirGradient","AirGradient"
4902926,"Sputnik-4","um003",524.6332083384196,"particles/cm³","2025-10-01T22:00:00Z","2025-10-02T03:00:00+05:00","Asia/Tashkent",41.204655,69.232522,,,,"AirGradient","AirGradient"
4902926,"Sputnik-4","um003",526.1892482757569,"particles/cm³","2025-10-01T23:00:00Z","2025-10-02T04:00:00+05:00","Asia/Tashkent",41.204655,69.232522,,,,"AirGradient","AirGradient"
4902926,"Sputnik-4","um003",458.82104301452637,"particles/cm³","2025-10-02T00:00:00Z","2025-10-02T05:00:00+05:00","Asia/Tashkent",41.204655,69.232522,,,,"AirGradient","AirGradient"
4902926,"Sputnik-4","um003",539.7293748219809,"particles/cm³","2025-10-02T01:00:00Z","2025-10-02T06:00:00+05:00","Asia/Tashkent",41.204655,69.232522,,,,"AirGradient","AirGradient"
4902926,"Sputnik-4","um003",377.0146645863851,"particles/cm³","2025-10-02T02:00:00Z","2025-10-02T07:00:00+05:00","Asia/Tashkent",41.204655,69.232522,,,,"AirGradient","AirGradient"
4902926,"Sputnik-4","um003",471.1611256917318,"particles/cm³","2025-10-02T03:00:00Z","2025-10-02T08:00:00+05:00","Asia/Tashkent",41.204655,69.232522,,,,"AirGradient","AirGradient"
4902926,"Sputnik-4","um003",328.6898612976074,"particles/cm³","2025-10-02T04:00:00Z","2025-10-02T09:00:00+05:00","Asia/Tashkent",41.204655,69.232522,,,,"AirGradient","AirGradient"
4902926,"Sputnik-4","um003",1228.6718739827475,"particles/cm³","2025-10-02T05:00:00Z","2025-10-02T10:00:00+05:00","Asia/Tashkent",41.204655,69.232522,,,,"AirGradient","AirGradient"
4902926,"Sputnik-4","um003",567.7079166412353,"particles/cm³","2025-10-02T06:00:00Z","2025-10-02T11:00:00+05:00","Asia/Tashkent",41.204655,69.232522,,,,"AirGradient","AirGradient"
4902926,"Sputnik-4","um003",424.5526674906412,"particles/cm³","2025-10-02T07:00:00Z","2025-10-02T12:00:00+05:00","Asia/Tashkent",41.204655,69.232522,,,,"AirGradient","AirGradient"
4902926,"Sputnik-4","um003",306.8976687113444,"particles/cm³","2025-10-02T08:00:00Z","2025-10-02T13:00:00+05:00","Asia/Tashkent",41.204655,69.232522,,,,"AirGradient","AirGradient"
4902926,"Sputnik-4","um003",314.72324981689457,"particles/cm³","2025-10-02T09:00:00Z","2025-10-02T14:00:00+05:00","Asia/Tashkent",41.204655,69.232522,,,,"AirGradient","AirGradient"
4902926,"Sputnik-4","um003",309.9345412572225,"particles/cm³","2025-10-02T10:00:00Z","2025-10-02T15:00:00+05:00","Asia/Tashkent",41.204655,69.232522,,,,"AirGradient","AirGradient"
4902926,"Sputnik-4","um003",388.9197940826416,"particles/cm³","2025-10-02T11:00:00Z","2025-10-02T16:00:00+05:00","Asia/Tashkent",41.204655,69.232522,,,,"AirGradient","AirGradient"
4902926,"Sputnik-4","um003",473.04573741488986,"particles/cm³","2025-10-02T12:00:00Z","2025-10-02T17:00:00+05:00","Asia/Tashkent",41.204655,69.232522,,,,"AirGradient","AirGradient"
4902926,"Sputnik-4","um003",665.1415852864584,"particles/cm³","2025-10-02T13:00:00Z","2025-10-02T18:00:00+05:00","Asia/Tashkent",41.204655,69.232522,,,,"AirGradient","AirGradient"
4902926,"Sputnik-4","um003",836.5208333333333,"particles/cm³","2025-10-02T14:00:00Z","2025-10-02T19:00:00+05:00","Asia/Tashkent",41.204655,69.232522,,,,"AirGradient","AirGradient"
4902926,"Sputnik-4","um003",979.7429194132487,"particles/cm³","2025-10-02T15:00:00Z","2025-10-02T20:00:00+05:00","Asia/Tashkent",41.204655,69.232522,,,,"AirGradient","AirGradient"
4902926,"Sputnik-4","um003",1080.4446971469454,"particles/cm³","2025-10-02T16:00:00Z","2025-10-02T21:00:00+05:00","Asia/Tashkent",41.204655,69.232522,,,,"AirGradient","AirGradient"
4902926,"Sputnik-4","um003",902.4491638183594,"particles/cm³","2025-10-02T17:00:00Z","2025-10-02T22:00:00+05:00","Asia/Tashkent",41.204655,69.232522,,,,"AirGradient","AirGradient"
4902926,"Sputnik-4","um003",1079.1597100151912,"particles/cm³","2025-10-02T18:00:00Z","2025-10-02T23:00:00+05:00","Asia/Tashkent",41.204655,69.232522,,,,"AirGradient","AirGradient"
4902926,"Sputnik-4","um003",1545.5156733194988,"particles/cm³","2025-10-02T19:00:00Z","2025-10-03T00:00:00+05:00","Asia/Tashkent",41.204655,69.232522,,,,"AirGradient","AirGradient"
4902926,"Sputnik-4","um003",1007.3675356547037,"particles/cm³","2025-10-02T20:00:00Z","2025-10-03T01:00:00+05:00","Asia/Tashkent",41.204655,69.232522,,,,"AirGradient","AirGradient"
4902926,"Sputnik-4","um003",1172.2581637064616,"particles/cm³","2025-10-02T21:00:00Z","2025-10-03T02:00:00+05:00","Asia/Tashkent",41.204655,69.232522,,,,"AirGradient","AirGradient"
4902926,"Sputnik-4","um003",1210.4351303100586,"particles/cm³","2025-10-02T22:00:00Z","2025-10-03T03:00:00+05:00","Asia/Tashkent",41.204655,69.232522,,,,"AirGradient","AirGradient"
4902926,"Sputnik-4","um003",1173.3311325073244,"particles/cm³","2025-10-02T23:00:00Z","2025-10-03T04:00:00+05:00","Asia/Tashkent",41.204655,69.232522,,,,"AirGradient","AirGradient"
4902926,"Sputnik-4","um003",1093.8624186197917,"particles/cm³","2025-10-03T00:00:00Z","2025-10-03T05:00:00+05:00","Asia/Tashkent",41.204655,69.232522,,,,"AirGradient","AirGradient"
4902926,"Sputnik-4","um003",1278.9943740844726,"particles/cm³","2025-10-03T01:00:00Z","2025-10-03T06:00:00+05:00","Asia/Tashkent",41.204655,69.232522,,,,"AirGradient","AirGradient"
4902926,"Sputnik-4","um003",1448.026501464844,"particles/cm³","2025-10-03T02:00:00Z","2025-10-03T07:00:00+05:00","Asia/Tashkent",41.204655,69.232522,,,,"AirGradient","AirGradient"
4902926,"Sputnik-4","um003",1612.3780029296875,"particles/cm³","2025-10-03T03:00:00Z","2025-10-03T08:00:00+05:00","Asia/Tashkent",41.204655,69.232522,,,,"AirGradient","AirGradient"
4902926,"Sputnik-4","um003",2814.2811833699543,"particles/cm³","2025-10-03T04:00:00Z","2025-10-03T09:00:00+05:00","Asia/Tashkent",41.204655,69.232522,,,,"AirGradient","AirGradient"
4902926,"Sputnik-4","um003",2042.1646690368655,"particles/cm³","2025-10-03T05:00:00Z","2025-10-03T10:00:00+05:00","Asia/Tashkent",41.204655,69.232522,,,,"AirGradient","AirGradient"
4902926,"Sputnik-4","um003",1465.9814247979057,"particles/cm³","2025-10-03T06:00:00Z","2025-10-03T11:00:00+05:00","Asia/Tashkent",41.204655,69.232522,,,,"AirGradient","AirGradient"
4902926,"Sputnik-4","um003",1597.1642547607419,"particles/cm³","2025-10-03T07:00:00Z","2025-10-03T12:00:00+05:00","Asia/Tashkent",41.204655,69.232522,,,,"AirGradient","AirGradient"
4902926,"Sputnik-4","um003",1049.6179990132648,"particles/cm³","2025-10-03T08:00:00Z","2025-10-03T13:00:00+05:00","Asia/Tashkent",41.204655,69.232522,,,,"AirGradient","AirGradient"
4902926,"Sputnik-4","um003",851.2133476257322,"particles/cm³","2025-10-03T09:00:00Z","2025-10-03T14:00:00+05:00","Asia/Tashkent",41.204655,69.232522,,,,"AirGradient","AirGradient"
4902926,"Sputnik-4","um003",996.5209576924643,"particles/cm³","2025-10-03T10:00:00Z","2025-10-03T15:00:00+05:00","Asia/Tashkent",41.204655,69.232522,,,,"AirGradient","AirGradient"
4902926,"Sputnik-4","um003",1080.3945893181694,"particles/cm³","2025-10-03T11:00:00Z","2025-10-03T16:00:00+05:00","Asia/Tashkent",41.204655,69.232522,,,,"AirGradient","AirGradient"
4902926,"Sputnik-4","um003",1134.96919954088,"particles/cm³","2025-10-03T12:00:00Z","2025-10-03T17:00:00+05:00","Asia/Tashkent",41.204655,69.232522,,,,"AirGradient","AirGradient"
4902926,"Sputnik-4","um003",1137.691202290853,"particles/cm³","2025-10-03T13:00:00Z","2025-10-03T18:00:00+05:00","Asia/Tashkent",41.204655,69.232522,,,,"AirGradient","AirGradient"
4902926,"Sputnik-4","um003",1154.6627955118815,"particles/cm³","2025-10-03T14:00:00Z","2025-10-03T19:00:00+05:00","Asia/Tashkent",41.204655,69.232522,,,,"AirGradient","AirGradient"
4902926,"Sputnik-4","um003",1602.6305824279787,"particles/cm³","2025-10-03T15:00:00Z","2025-10-03T20:00:00+05:00","Asia/Tashkent",41.204655,69.232522,,,,"AirGradient","AirGradient"
4902926,"Sputnik-4","um003",2244.871105957031,"particles/cm³","2025-10-03T16:00:00Z","2025-10-03T21:00:00+05:00","Asia/Tashkent",41.204655,69.232522,,,,"AirGradient","AirGradient"
4902926,"Sputnik-4","um003",2245.5163214789495,"particles/cm³","2025-10-03T17:00:00Z","2025-10-03T22:00:00+05:00","Asia/Tashkent",41.204655,69.232522,,,,"AirGradient","AirGradient"
4902926,"Sputnik-4","um003",2727.522290039063,"particles/cm³","2025-10-03T18:00:00Z","2025-10-03T23:00:00+05:00","Asia/Tashkent",41.204655,69.232522,,,,"AirGradient","AirGradient"
4902926,"Sputnik-4","um003",2604.564306640625,"particles/cm³","2025-10-03T19:00:00Z","2025-10-04T00:00:00+05:00","Asia/Tashkent",41.204655,69.232522,,,,"AirGradient","AirGradient"
4902926,"Sputnik-4","um003",2334.9051839192707,"particles/cm³","2025-10-03T20:00:00Z","2025-10-04T01:00:00+05:00","Asia/Tashkent",41.204655,69.232522,,,,"AirGradient","AirGradient"
4902926,"Sputnik-4","um003",1968.9529264662003,"particles/cm³","2025-10-03T21:00:00Z","2025-10-04T02:00:00+05:00","Asia/Tashkent",41.204655,69.232522,,,,"AirGradient","AirGradient"
4902926,"Sputnik-4","um003",2021.815116882324,"particles/cm³","2025-10-03T22:00:00Z","2025-10-04T03:00:00+05:00","Asia/Tashkent",41.204655,69.232522,,,,"AirGradient","AirGradient"
4902926,"Sputnik-4","um003",2031.2042907714842,"particles/cm³","2025-10-03T23:00:00Z","2025-10-04T04:00:00+05:00","Asia/Tashkent",41.204655,69.232522,,,,"AirGradient","AirGradient"
4902926,"Sputnik-4","um003",2075.357998318142,"particles/cm³","2025-10-04T00:00:00Z","2025-10-04T05:00:00+05:00","Asia/Tashkent",41.204655,69.232522,,,,"AirGradient","AirGradient"
4902926,"Sputnik-4","um003",2017.7891545613609,"particles/cm³","2025-10-04T01:00:00Z","2025-10-04T06:00:00+05:00","Asia/Tashkent",41.204655,69.232522,,,,"AirGradient","AirGradient"
4902926,"Sputnik-4","um003",2725.611656188965,"particles/cm³","2025-10-04T02:00:00Z","2025-10-04T07:00:00+05:00","Asia/Tashkent",41.204655,69.232522,,,,"AirGradient","AirGradient"
4902926,"Sputnik-4","um003",2634.053157552083,"particles/cm³","2025-10-04T03:00:00Z","2025-10-04T08:00:00+05:00","Asia/Tashkent",41.204655,69.232522,,,,"AirGradient","AirGradient"
4902926,"Sputnik-4","um003",2596.3634684244794,"particles/cm³","2025-10-04T04:00:00Z","2025-10-04T09:00:00+05:00","Asia/Tashkent",41.204655,69.232522,,,,"AirGradient","AirGradient"
4902926,"Sputnik-4","um003",2535.077064344618,"particles/cm³","2025-10-04T05:00:00Z","2025-10-04T10:00:00+05:00","Asia/Tashkent",41.204655,69.232522,,,,"AirGradient","AirGradient"
4902926,"Sputnik-4","um003",2687.6865044487845,"particles/cm³","2025-10-04T06:00:00Z","2025-10-04T11:00:00+05:00","Asia/Tashkent",41.204655,69.232522,,,,"AirGradient","AirGradient"
4902926,"Sputnik-4","um003",1926.2525110880533,"particles/cm³","2025-10-04T08:00:00Z","2025-10-04T13:00:00+05:00","Asia/Tashkent",41.204655,69.232522,,,,"AirGradient","AirGradient"
4902926,"Sputnik-4","um003",1258.999087524414,"particles/cm³","2025-10-04T09:00:00Z","2025-10-04T14:00:00+05:00","Asia/Tashkent",41.204655,69.232522,,,,"AirGradient","AirGradient"
4902926,"Sputnik-4","um003",824.025893240264,"particles/cm³","2025-10-04T10:00:00Z","2025-10-04T15:00:00+05:00","Asia/Tashkent",41.204655,69.232522,,,,"AirGradient","AirGradient"
4902926,"Sputnik-4","um003",679.896413675944,"particles/cm³","2025-10-04T11:00:00Z","2025-10-04T16:00:00+05:00","Asia/Tashkent",41.204655,69.232522,,,,"AirGradient","AirGradient"
4902926,"Sputnik-4","um003",615.1374585469564,"particles/cm³","2025-10-04T12:00:00Z","2025-10-04T17:00:00+05:00","Asia/Tashkent",41.204655,69.232522,,,,"AirGradient","AirGradient"
4902926,"Sputnik-4","um003",638.215623219808,"particles/cm³","2025-10-04T13:00:00Z","2025-10-04T18:00:00+05:00","Asia/Tashkent",41.204655,69.232522,,,,"AirGradient","AirGradient"
4902926,"Sputnik-4","um003",750.4196655273437,"particles/cm³","2025-10-04T14:00:00Z","2025-10-04T19:00:00+05:00","Asia/Tashkent",41.204655,69.232522,,,,"AirGradient","AirGradient"
4902926,"Sputnik-4","um003",836.7569053649903,"particles/cm³","2025-10-04T15:00:00Z","2025-10-04T20:00:00+05:00","Asia/Tashkent",41.204655,69.232522,,,,"AirGradient","AirGradient"
4902926,"Sputnik-4","um003",930.9612917582194,"particles/cm³","2025-10-04T16:00:00Z","2025-10-04T21:00:00+05:00","Asia/Tashkent",41.204655,69.232522,,,,"AirGradient","AirGradient"
4902926,"Sputnik-4","um003",866.4363424513075,"particles/cm³","2025-10-04T17:00:00Z","2025-10-04T22:00:00+05:00","Asia/Tashkent",41.204655,69.232522,,,,"AirGradient","AirGradient"
4902926,"Sputnik-4","um003",851.6211639404297,"particles/cm³","2025-10-04T18:00:00Z","2025-10-04T23:00:00+05:00","Asia/Tashkent",41.204655,69.232522,,,,"AirGradient","AirGradient"
4902926,"Sputnik-4","um003",1156.7791574266223,"particles/cm³","2025-10-04T19:00:00Z","2025-10-05T00:00:00+05:00","Asia/Tashkent",41.204655,69.232522,,,,"AirGradient","AirGradient"
4902926,"Sputnik-4","um003",1419.0868225097656,"particles/cm³","2025-10-04T20:00:00Z","2025-10-05T01:00:00+05:00","Asia/Tashkent",41.204655,69.232522,,,,"AirGradient","AirGradient"
4902926,"Sputnik-4","um003",1737.6265799628366,"particles/cm³","2025-10-04T21:00:00Z","2025-10-05T02:00:00+05:00","Asia/Tashkent",41.204655,69.232522,,,,"AirGradient","AirGradient"
4902926,"Sputnik-4","um003",1783.596215311686,"particles/cm³","2025-10-04T22:00:00Z","2025-10-05T03:00:00+05:00","Asia/Tashkent",41.204655,69.232522,,,,"AirGradient","AirGradient"
4902926,"Sputnik-4","um003",1652.7681259155272,"particles/cm³","2025-10-04T23:00:00Z","2025-10-05T04:00:00+05:00","Asia/Tashkent",41.204655,69.232522,,,,"AirGradient","AirGradient"
4902926,"Sputnik-4","um003",1610.5441630045577,"particles/cm³","2025-10-05T00:00:00Z","2025-10-05T05:00:00+05:00","Asia/Tashkent",41.204655,69.232522,,,,"AirGradient","AirGradient"
4902926,"Sputnik-4","um003",2072.5114135742188,"particles/cm³","2025-10-05T01:00:00Z","2025-10-05T06:00:00+05:00","Asia/Tashkent",41.204655,69.232522,,,,"AirGradient","AirGradient"
4902926,"Sputnik-4","um003",2133.388955688477,"particles/cm³","2025-10-05T02:00:00Z","2025-10-05T07:00:00+05:00","Asia/Tashkent",41.204655,69.232522,,,,"AirGradient","AirGradient"
4902926,"Sputnik-4","um003",1885.4720041910807,"particles/cm³","2025-10-05T03:00:00Z","2025-10-05T08:00:00+05:00","Asia/Tashkent",41.204655,69.232522,,,,"AirGradient","AirGradient"
4902926,"Sputnik-4","um003",1679.7259084065754,"particles/cm³","2025-10-05T04:00:00Z","2025-10-05T09:00:00+05:00","Asia/Tashkent",41.204655,69.232522,,,,"AirGradient","AirGradient"
4902926,"Sputnik-4","um003",1257.4069999694823,"particles/cm³","2025-10-05T05:00:00Z","2025-10-05T10:00:00+05:00","Asia/Tashkent",41.204655,69.232522,,,,"AirGradient","AirGradient"
4902926,"Sputnik-4","um003",1009.7518064710829,"particles/cm³","2025-10-05T06:00:00Z","2025-10-05T11:00:00+05:00","Asia/Tashkent",41.204655,69.232522,,,,"AirGradient","AirGradient"
4902926,"Sputnik-4","um003",1068.568635813395,"particles/cm³","2025-10-05T07:00:00Z","2025-10-05T12:00:00+05:00","Asia/Tashkent",41.204655,69.232522,,,,"AirGradient","AirGradient"
4902926,"Sputnik-4","um003",995.4384570651583,"particles/cm³","2025-10-05T08:00:00Z","2025-10-05T13:00:00+05:00","Asia/Tashkent",41.204655,69.232522,,,,"AirGradient","AirGradient"
4902926,"Sputnik-4","um003",1192.565314907498,"particles/cm³","2025-10-05T09:00:00Z","2025-10-05T14:00:00+05:00","Asia/Tashkent",41.204655,69.232522,,,,"AirGradient","AirGradient"
4902926,"Sputnik-4","um003",761.5457514444987,"particles/cm³","2025-10-05T10:00:00Z","2025-10-05T15:00:00+05:00","Asia/Tashkent",41.204655,69.232522,,,,"AirGradient","AirGradient"
4902926,"Sputnik-4","um003",735.159915669759,"particles/cm³","2025-10-05T11:00:00Z","2025-10-05T16:00:00+05:00","Asia/Tashkent",41.204655,69.232522,,,,"AirGradient","AirGradient"
4902926,"Sputnik-4","um003",662.2061015658908,"particles/cm³","2025-10-05T12:00:00Z","2025-10-05T17:00:00+05:00","Asia/Tashkent",41.204655,69.232522,,,,"AirGradient","AirGradient"
4902926,"Sputnik-4","um003",958.887415822347,"particles/cm³","2025-10-05T13:00:00Z","2025-10-05T18:00:00+05:00","Asia/Tashkent",41.204655,69.232522,,,,"AirGradient","AirGradient"
4902926,"Sputnik-4","um003",1298.6994013006038,"particles/cm³","2025-10-05T14:00:00Z","2025-10-05T19:00:00+05:00","Asia/Tashkent",41.204655,69.232522,,,,"AirGradient","AirGradient"
4902926,"Sputnik-4","um003",1549.6832171815813,"particles/cm³","2025-10-05T15:00:00Z","2025-10-05T20:00:00+05:00","Asia/Tashkent",41.204655,69.232522,,,,"AirGradient","AirGradient"
4902926,"Sputnik-4","um003",1958.364269510905,"particles/cm³","2025-10-05T16:00:00Z","2025-10-05T21:00:00+05:00","Asia/Tashkent",41.204655,69.232522,,,,"AirGradient","AirGradient"
4902926,"Sputnik-4","um003",2239.309255472819,"particles/cm³","2025-10-05T17:00:00Z","2025-10-05T22:00:00+05:00","Asia/Tashkent",41.204655,69.232522,,,,"AirGradient","AirGradient"
4902926,"Sputnik-4","um003",2194.041676839193,"particles/cm³","2025-10-05T18:00:00Z","2025-10-05T23:00:00+05:00","Asia/Tashkent",41.204655,69.232522,,,,"AirGradient","AirGradient"
4902926,"Sputnik-4","um003",2359.64586452908,"particles/cm³","2025-10-05T19:00:00Z","2025-10-06T00:00:00+05:00","Asia/Tashkent",41.204655,69.232522,,,,"AirGradient","AirGradient"
4902926,"Sputnik-4","um003",1917.6181961059574,"particles/cm³","2025-10-05T20:00:00Z","2025-10-06T01:00:00+05:00","Asia/Tashkent",41.204655,69.232522,,,,"AirGradient","AirGradient"
4902926,"Sputnik-4","um003",1923.3716473049587,"particles/cm³","2025-10-05T21:00:00Z","2025-10-06T02:00:00+05:00","Asia/Tashkent",41.204655,69.232522,,,,"AirGradient","AirGradient"
4902926,"Sputnik-4","um003",1983.1887471516927,"particles/cm³","2025-10-05T22:00:00Z","2025-10-06T03:00:00+05:00","Asia/Tashkent",41.204655,69.232522,,,,"AirGradient","AirGradient"
4902926,"Sputnik-4","um003",2037.3128784179687,"particles/cm³","2025-10-05T23:00:00Z","2025-10-06T04:00:00+05:00","Asia/Tashkent",41.204655,69.232522,,,,"AirGradient","AirGradient"
4902926,"Sputnik-4","um003",1944.999619547526,"particles/cm³","2025-10-06T00:00:00Z","2025-10-06T05:00:00+05:00","Asia/Tashkent",41.204655,69.232522,,,,"AirGradient","AirGradient"
4902926,"Sputnik-4","um003",1579.5332629733618,"particles/cm³","2025-10-06T01:00:00Z","2025-10-06T06:00:00+05:00","Asia/Tashkent",41.204655,69.232522,,,,"AirGradient","AirGradient"
4902926,"Sputnik-4","um003",1084.7989171346028,"particles/cm³","2025-10-06T02:00:00Z","2025-10-06T07:00:00+05:00","Asia/Tashkent",41.204655,69.232522,,,,"AirGradient","AirGradient"
4902926,"Sputnik-4","um003",652.7845950232612,"particles/cm³","2025-10-06T03:00:00Z","2025-10-06T08:00:00+05:00","Asia/Tashkent",41.204655,69.232522,,,,"AirGradient","AirGradient"
4902926,"Sputnik-4","um003",543.3932239108616,"particles/cm³","2025-10-06T04:00:00Z","2025-10-06T09:00:00+05:00","Asia/Tashkent",41.204655,69.232522,,,,"AirGradient","AirGradient"
4902926,"Sputnik-4","um003",502.3871814727783,"particles/cm³","2025-10-06T05:00:00Z","2025-10-06T10:00:00+05:00","Asia/Tashkent",41.204655,69.232522,,,,"AirGradient","AirGradient"
4902926,"Sputnik-4","um003",549.6254156748454,"particles/cm³","2025-10-06T06:00:00Z","2025-10-06T11:00:00+05:00","Asia/Tashkent",41.204655,69.232522,,,,"AirGradient","AirGradient"
4902926,"Sputnik-4","um003",580.4704193115234,"particles/cm³","2025-10-06T07:00:00Z","2025-10-06T12:00:00+05:00","Asia/Tashkent",41.204655,69.232522,,,,"AirGradient","AirGradient"
4902926,"Sputnik-4","um003",584.0979443868002,"particles/cm³","2025-10-06T08:00:00Z","2025-10-06T13:00:00+05:00","Asia/Tashkent",41.204655,69.232522,,,,"AirGradient","AirGradient"
4902926,"Sputnik-4","um003",698.3946245829264,"particles/cm³","2025-10-06T09:00:00Z","2025-10-06T14:00:00+05:00","Asia/Tashkent",41.204655,69.232522,,,,"AirGradient","AirGradient"
4902926,"Sputnik-4","um003",793.2928344726562,"particles/cm³","2025-10-06T10:00:00Z","2025-10-06T15:00:00+05:00","Asia/Tashkent",41.204655,69.232522,,,,"AirGradient","AirGradient"
4902926,"Sputnik-4","um003",848.515171983507,"particles/cm³","2025-10-06T11:00:00Z","2025-10-06T16:00:00+05:00","Asia/Tashkent",41.204655,69.232522,,,,"AirGradient","AirGradient"
4902926,"Sputnik-4","um003",765.9568326314289,"particles/cm³","2025-10-06T12:00:00Z","2025-10-06T17:00:00+05:00","Asia/Tashkent",41.204655,69.232522,,,,"AirGradient","AirGradient"
4902926,"Sputnik-4","um003",792.5504859924317,"particles/cm³","2025-10-06T13:00:00Z","2025-10-06T18:00:00+05:00","Asia/Tashkent",41.204655,69.232522,,,,"AirGradient","AirGradient"
4902926,"Sputnik-4","um003",1021.7742367214627,"particles/cm³","2025-10-06T14:00:00Z","2025-10-06T19:00:00+05:00","Asia/Tashkent",41.204655,69.232522,,,,"AirGradient","AirGradient"
4902926,"Sputnik-4","um003",1123.1627481248645,"particles/cm³","2025-10-06T15:00:00Z","2025-10-06T20:00:00+05:00","Asia/Tashkent",41.204655,69.232522,,,,"AirGradient","AirGradient"
4902926,"Sputnik-4","um003",1270.7452845255534,"particles/cm³","2025-10-06T16:00:00Z","2025-10-06T21:00:00+05:00","Asia/Tashkent",41.204655,69.232522,,,,"AirGradient","AirGradient"
4902926,"Sputnik-4","um003",1805.716079203288,"particles/cm³","2025-10-06T17:00:00Z","2025-10-06T22:00:00+05:00","Asia/Tashkent",41.204655,69.232522,,,,"AirGradient","AirGradient"
4902926,"Sputnik-4","um003",2038.5555048624674,"particles/cm³","2025-10-06T18:00:00Z","2025-10-06T23:00:00+05:00","Asia/Tashkent",41.204655,69.232522,,,,"AirGradient","AirGradient"
4902926,"Sputnik-4","um003",2226.0751597086587,"particles/cm³","2025-10-06T19:00:00Z","2025-10-07T00:00:00+05:00","Asia/Tashkent",41.204655,69.232522,,,,"AirGradient","AirGradient"
4902926,"Sputnik-4","um003",2439.2752577039932,"particles/cm³","2025-10-06T20:00:00Z","2025-10-07T01:00:00+05:00","Asia/Tashkent",41.204655,69.232522,,,,"AirGradient","AirGradient"
4902926,"Sputnik-4","um003",2022.275116475423,"particles/cm³","2025-10-06T21:00:00Z","2025-10-07T02:00:00+05:00","Asia/Tashkent",41.204655,69.232522,,,,"AirGradient","AirGradient"
4902926,"Sputnik-4","um003",1785.6877532958986,"particles/cm³","2025-10-06T22:00:00Z","2025-10-07T03:00:00+05:00","Asia/Tashkent",41.204655,69.232522,,,,"AirGradient","AirGradient"
4902926,"Sputnik-4","um003",1838.888670349121,"particles/cm³","2025-10-06T23:00:00Z","2025-10-07T04:00:00+05:00","Asia/Tashkent",41.204655,69.232522,,,,"AirGradient","AirGradient"
4902926,"Sputnik-4","um003",1998.0750885009763,"particles/cm³","2025-10-07T00:00:00Z","2025-10-07T05:00:00+05:00","Asia/Tashkent",41.204655,69.232522,,,,"AirGradient","AirGradient"
4902926,"Sputnik-4","um003",2093.0125549316404,"particles/cm³","2025-10-07T01:00:00Z","2025-10-07T06:00:00+05:00","Asia/Tashkent",41.204655,69.232522,,,,"AirGradient","AirGradient"
4902926,"Sputnik-4","um003",2169.0484568278,"particles/cm³","2025-10-07T02:00:00Z","2025-10-07T07:00:00+05:00","Asia/Tashkent",41.204655,69.232522,,,,"AirGradient","AirGradient"
4902926,"Sputnik-4","um003",2294.008053927951,"particles/cm³","2025-10-07T03:00:00Z","2025-10-07T08:00:00+05:00","Asia/Tashkent",41.204655,69.232522,,,,"AirGradient","AirGradient"
4902926,"Sputnik-4","um003",1954.342621866862,"particles/cm³","2025-10-07T04:00:00Z","2025-10-07T09:00:00+05:00","Asia/Tashkent",41.204655,69.232522,,,,"AirGradient","AirGradient"
4902926,"Sputnik-4","um003",1645.2555811564132,"particles/cm³","2025-10-07T05:00:00Z","2025-10-07T10:00:00+05:00","Asia/Tashkent",41.204655,69.232522,,,,"AirGradient","AirGradient"
4902926,"Sputnik-4","um003",1302.2175532023114,"particles/cm³","2025-10-07T06:00:00Z","2025-10-07T11:00:00+05:00","Asia/Tashkent",41.204655,69.232522,,,,"AirGradient","AirGradient"
4902926,"Sputnik-4","um003",1070.976338450114,"particles/cm³","2025-10-07T07:00:00Z","2025-10-07T12:00:00+05:00","Asia/Tashkent",41.204655,69.232522,,,,"AirGradient","AirGradient"
4902926,"Sputnik-4","um003",1207.5679346720378,"particles/cm³","2025-10-07T08:00:00Z","2025-10-07T13:00:00+05:00","Asia/Tashkent",41.204655,69.232522,,,,"AirGradient","AirGradient"
4902926,"Sputnik-4","um003",1618.023287455241,"particles/cm³","2025-10-07T09:00:00Z","2025-10-07T14:00:00+05:00","Asia/Tashkent",41.204655,69.232522,,,,"AirGradient","AirGradient"
4902926,"Sputnik-4","um003",1220.8842023213704,"particles/cm³","2025-10-07T10:00:00Z","2025-10-07T15:00:00+05:00","Asia/Tashkent",41.204655,69.232522,,,,"AirGradient","AirGradient"
4902926,"Sputnik-4","um003",945.3197858174641,"particles/cm³","2025-10-07T11:00:00Z","2025-10-07T16:00:00+05:00","Asia/Tashkent",41.204655,69.232522,,,,"AirGradient","AirGradient"
4902926,"Sputnik-4","um003",973.9153667873807,"particles/cm³","2025-10-07T12:00:00Z","2025-10-07T17:00:00+05:00","Asia/Tashkent",41.204655,69.232522,,,,"AirGradient","AirGradient"
4902926,"Sputnik-4","um003",668.6184406627308,"particles/cm³","2025-10-07T13:00:00Z","2025-10-07T18:00:00+05:00","Asia/Tashkent",41.204655,69.232522,,,,"AirGradient","AirGradient"
4902926,"Sputnik-4","um003",832.6488345675998,"particles/cm³","2025-10-07T14:00:00Z","2025-10-07T19:00:00+05:00","Asia/Tashkent",41.204655,69.232522,,,,"AirGradient","AirGradient"
4902926,"Sputnik-4","um003",1178.0303582933216,"particles/cm³","2025-10-07T15:00:00Z","2025-10-07T20:00:00+05:00","Asia/Tashkent",41.204655,69.232522,,,,"AirGradient","AirGradient"
4902926,"Sputnik-4","um003",998.3230436537001,"particles/cm³","2025-10-07T16:00:00Z","2025-10-07T21:00:00+05:00","Asia/Tashkent",41.204655,69.232522,,,,"AirGradient","AirGradient"
4902926,"Sputnik-4","um003",1072.9229660034182,"particles/cm³","2025-10-07T17:00:00Z","2025-10-07T22:00:00+05:00","Asia/Tashkent",41.204655,69.232522,,,,"AirGradient","AirGradient"
4902926,"Sputnik-4","um003",1229.108009677463,"particles/cm³","2025-10-07T18:00:00Z","2025-10-07T23:00:00+05:00","Asia/Tashkent",41.204655,69.232522,,,,"AirGradient","AirGradient"
4902926,"Sputnik-4","um003",1475.815601433648,"particles/cm³","2025-10-07T19:00:00Z","2025-10-08T00:00:00+05:00","Asia/Tashkent",41.204655,69.232522,,,,"AirGradient","AirGradient"
4902926,"Sputnik-4","um003",1509.268154059516,"particles/cm³","2025-10-07T20:00:00Z","2025-10-08T01:00:00+05:00","Asia/Tashkent",41.204655,69.232522,,,,"AirGradient","AirGradient"
4902926,"Sputnik-4","um003",1435.4725036621094,"particles/cm³","2025-10-07T21:00:00Z","2025-10-08T02:00:00+05:00","Asia/Tashkent",41.204655,69.232522,,,,"AirGradient","AirGradient"
4902926,"Sputnik-4","um003",1348.297208150228,"particles/cm³","2025-10-07T22:00:00Z","2025-10-08T03:00:00+05:00","Asia/Tashkent",41.204655,69.232522,,,,"AirGradient","AirGradient"
4902926,"Sputnik-4","um003",1277.1292088826497,"particles/cm³","2025-10-07T23:00:00Z","2025-10-08T04:00:00+05:00","Asia/Tashkent",41.204655,69.232522,,,,"AirGradient","AirGradient"
4902926,"Sputnik-4","um003",1105.193167114258,"particles/cm³","2025-10-08T00:00:00Z","2025-10-08T05:00:00+05:00","Asia/Tashkent",41.204655,69.232522,,,,"AirGradient","AirGradient"
4902926,"Sputnik-4","um003",1042.0544614156088,"particles/cm³","2025-10-08T01:00:00Z","2025-10-08T06:00:00+05:00","Asia/Tashkent",41.204655,69.232522,,,,"AirGradient","AirGradient"
4902926,"Sputnik-4","um003",1342.4431259155274,"particles/cm³","2025-10-08T02:00:00Z","2025-10-08T07:00:00+05:00","Asia/Tashkent",41.204655,69.232522,,,,"AirGradient","AirGradient"
4902926,"Sputnik-4","um003",1376.9641098022464,"particles/cm³","2025-10-08T03:00:00Z","2025-10-08T08:00:00+05:00","Asia/Tashkent",41.204655,69.232522,,,,"AirGradient","AirGradient"
4902926,"Sputnik-4","um003",1739.5611814710828,"particles/cm³","2025-10-08T04:00:00Z","2025-10-08T09:00:00+05:00","Asia/Tashkent",41.204655,69.232522,,,,"AirGradient","AirGradient"
4902926,"Sputnik-4","um003",1735.7769678751629,"particles/cm³","2025-10-08T05:00:00Z","2025-10-08T10:00:00+05:00","Asia/Tashkent",41.204655,69.232522,,,,"AirGradient","AirGradient"
4902926,"Sputnik-4","um003",1738.5703348795575,"particles/cm³","2025-10-08T06:00:00Z","2025-10-08T11:00:00+05:00","Asia/Tashkent",41.204655,69.232522,,,,"AirGradient","AirGradient"
4902926,"Sputnik-4","um003",1605.9765436808268,"particles/cm³","2025-10-08T07:00:00Z","2025-10-08T12:00:00+05:00","Asia/Tashkent",41.204655,69.232522,,,,"AirGradient","AirGradient"
4902926,"Sputnik-4","um003",1258.355310228136,"particles/cm³","2025-10-08T08:00:00Z","2025-10-08T13:00:00+05:00","Asia/Tashkent",41.204655,69.232522,,,,"AirGradient","AirGradient"
4902926,"Sputnik-4","um003",1232.8144456651476,"particles/cm³","2025-10-08T09:00:00Z","2025-10-08T14:00:00+05:00","Asia/Tashkent",41.204655,69.232522,,,,"AirGradient","AirGradient"
4902926,"Sputnik-4","um003",1129.5977166069877,"particles/cm³","2025-10-08T10:00:00Z","2025-10-08T15:00:00+05:00","Asia/Tashkent",41.204655,69.232522,,,,"AirGradient","AirGradient"
4902926,"Sputnik-4","um003",1214.0678098551432,"particles/cm³","2025-10-08T11:00:00Z","2025-10-08T16:00:00+05:00","Asia/Tashkent",41.204655,69.232522,,,,"AirGradient","AirGradient"
4902926,"Sputnik-4","um003",1220.3584154533617,"particles/cm³","2025-10-08T12:00:00Z","2025-10-08T17:00:00+05:00","Asia/Tashkent",41.204655,69.232522,,,,"AirGradient","AirGradient"
4902926,"Sputnik-4","um003",1237.2095392862955,"particles/cm³","2025-10-08T13:00:00Z","2025-10-08T18:00:00+05:00","Asia/Tashkent",41.204655,69.232522,,,,"AirGradient","AirGradient"
4902926,"Sputnik-4","um003",1545.8918536150895,"particles/cm³","2025-10-08T14:00:00Z","2025-10-08T19:00:00+05:00","Asia/Tashkent",41.204655,69.232522,,,,"AirGradient","AirGradient"
4902926,"Sputnik-4","um003",1345.3984014337714,"particles/cm³","2025-10-08T15:00:00Z","2025-10-08T20:00:00+05:00","Asia/Tashkent",41.204655,69.232522,,,,"AirGradient","AirGradient"
4902926,"Sputnik-4","um003",1245.3068329782197,"particles/cm³","2025-10-08T16:00:00Z","2025-10-08T21:00:00+05:00","Asia/Tashkent",41.204655,69.232522,,,,"AirGradient","AirGradient"
4902926,"Sputnik-4","um003",1197.4039377000597,"particles/cm³","2025-10-08T17:00:00Z","2025-10-08T22:00:00+05:00","Asia/Tashkent",41.204655,69.232522,,,,"AirGradient","AirGradient"
4902926,"Sputnik-4","um003",1580.9017320421008,"particles/cm³","2025-10-08T18:00:00Z","2025-10-08T23:00:00+05:00","Asia/Tashkent",41.204655,69.232522,,,,"AirGradient","AirGradient"
4902926,"Sputnik-4","um003",2011.2628493800307,"particles/cm³","2025-10-08T19:00:00Z","2025-10-09T00:00:00+05:00","Asia/Tashkent",41.204655,69.232522,,,,"AirGradient","AirGradient"
4902926,"Sputnik-4","um003",2113.384682888455,"particles/cm³","2025-10-08T20:00:00Z","2025-10-09T01:00:00+05:00","Asia/Tashkent",41.204655,69.232522,,,,"AirGradient","AirGradient"
4902926,"Sputnik-4","um003",1970.9000830756295,"particles/cm³","2025-10-08T21:00:00Z","2025-10-09T02:00:00+05:00","Asia/Tashkent",41.204655,69.232522,,,,"AirGradient","AirGradient"
4902926,"Sputnik-4","um003",2033.415090264214,"particles/cm³","2025-10-08T22:00:00Z","2025-10-09T03:00:00+05:00","Asia/Tashkent",41.204655,69.232522,,,,"AirGradient","AirGradient"
4902926,"Sputnik-4","um003",1770.4566207885744,"particles/cm³","2025-10-08T23:00:00Z","2025-10-09T04:00:00+05:00","Asia/Tashkent",41.204655,69.232522,,,,"AirGradient","AirGradient"
4902926,"Sputnik-4","um003",1583.5521928575306,"particles/cm³","2025-10-09T00:00:00Z","2025-10-09T05:00:00+05:00","Asia/Tashkent",41.204655,69.232522,,,,"AirGradient","AirGradient"
4902926,"Sputnik-4","um003",1517.334834798177,"particles/cm³","2025-10-09T01:00:00Z","2025-10-09T06:00:00+05:00","Asia/Tashkent",41.204655,69.232522,,,,"AirGradient","AirGradient"
4902926,"Sputnik-4","um003",1737.8427459716795,"particles/cm³","2025-10-09T02:00:00Z","2025-10-09T07:00:00+05:00","Asia/Tashkent",41.204655,69.232522,,,,"AirGradient","AirGradient"
4902926,"Sputnik-4","um003",1775.8565183851451,"particles/cm³","2025-10-09T03:00:00Z","2025-10-09T08:00:00+05:00","Asia/Tashkent",41.204655,69.232522,,,,"AirGradient","AirGradient"
4902926,"Sputnik-4","um003",1871.03908589681,"particles/cm³","2025-10-09T04:00:00Z","2025-10-09T09:00:00+05:00","Asia/Tashkent",41.204655,69.232522,,,,"AirGradient","AirGradient"
4902926,"Sputnik-4","um003",1769.8935621473522,"particles/cm³","2025-10-09T05:00:00Z","2025-10-09T10:00:00+05:00","Asia/Tashkent",41.204655,69.232522,,,,"AirGradient","AirGradient"
4902926,"Sputnik-4","um003",1665.4115130954322,"particles/cm³","2025-10-09T06:00:00Z","2025-10-09T11:00:00+05:00","Asia/Tashkent",41.204655,69.232522,,,,"AirGradient","AirGradient"
4902926,"Sputnik-4","um003",1566.6275446573893,"particles/cm³","2025-10-09T07:00:00Z","2025-10-09T12:00:00+05:00","Asia/Tashkent",41.204655,69.232522,,,,"AirGradient","AirGradient"
4902926,"Sputnik-4","um003",1863.6763453165693,"particles/cm³","2025-10-09T08:00:00Z","2025-10-09T13:00:00+05:00","Asia/Tashkent",41.204655,69.232522,,,,"AirGradient","AirGradient"
4902926,"Sputnik-4","um003",1458.7298078748915,"particles/cm³","2025-10-09T09:00:00Z","2025-10-09T14:00:00+05:00","Asia/Tashkent",41.204655,69.232522,,,,"AirGradient","AirGradient"
4902926,"Sputnik-4","um003",1410.7409049140078,"particles/cm³","2025-10-09T10:00:00Z","2025-10-09T15:00:00+05:00","Asia/Tashkent",41.204655,69.232522,,,,"AirGradient","AirGradient"
4902926,"Sputnik-4","um003",1434.4316348605687,"particles/cm³","2025-10-09T11:00:00Z","2025-10-09T16:00:00+05:00","Asia/Tashkent",41.204655,69.232522,,,,"AirGradient","AirGradient"
4902926,"Sputnik-4","um003",1665.1851119995115,"particles/cm³","2025-10-09T12:00:00Z","2025-10-09T17:00:00+05:00","Asia/Tashkent",41.204655,69.232522,,,,"AirGradient","AirGradient"
4902926,"Sputnik-4","um003",1914.2735860188802,"particles/cm³","2025-10-09T13:00:00Z","2025-10-09T18:00:00+05:00","Asia/Tashkent",41.204655,69.232522,,,,"AirGradient","AirGradient"
4902926,"Sputnik-4","um003",2017.7621455891924,"particles/cm³","2025-10-09T14:00:00Z","2025-10-09T19:00:00+05:00","Asia/Tashkent",41.204655,69.232522,,,,"AirGradient","AirGradient"
4902926,"Sputnik-4","um003",2809.515546332465,"particles/cm³","2025-10-09T15:00:00Z","2025-10-09T20:00:00+05:00","Asia/Tashkent",41.204655,69.232522,,,,"AirGradient","AirGradient"
4902926,"Sputnik-4","um003",2776.310774739583,"particles/cm³","2025-10-09T16:00:00Z","2025-10-09T21:00:00+05:00","Asia/Tashkent",41.204655,69.232522,,,,"AirGradient","AirGradient"
4902926,"Sputnik-4","um003",3099.7989718967015,"particles/cm³","2025-10-09T17:00:00Z","2025-10-09T22:00:00+05:00","Asia/Tashkent",41.204655,69.232522,,,,"AirGradient","AirGradient"
4902926,"Sputnik-4","um003",2767.966059027778,"particles/cm³","2025-10-09T18:00:00Z","2025-10-09T23:00:00+05:00","Asia/Tashkent",41.204655,69.232522,,,,"AirGradient","AirGradient"
4902926,"Sputnik-4","um003",2413.793918185764,"particles/cm³","2025-10-09T19:00:00Z","2025-10-10T00:00:00+05:00","Asia/Tashkent",41.204655,69.232522,,,,"AirGradient","AirGradient"
4902926,"Sputnik-4","um003",2087.40760023329,"particles/cm³","2025-10-09T20:00:00Z","2025-10-10T01:00:00+05:00","Asia/Tashkent",41.204655,69.232522,,,,"AirGradient","AirGradient"
4902926,"Sputnik-4","um003",1883.6627110799154,"particles/cm³","2025-10-09T21:00:00Z","2025-10-10T02:00:00+05:00","Asia/Tashkent",41.204655,69.232522,,,,"AirGradient","AirGradient"
4902926,"Sputnik-4","um003",2320.086642964681,"particles/cm³","2025-10-09T22:00:00Z","2025-10-10T03:00:00+05:00","Asia/Tashkent",41.204655,69.232522,,,,"AirGradient","AirGradient"
4902926,"Sputnik-4","um003",2128.820497639974,"particles/cm³","2025-10-09T23:00:00Z","2025-10-10T04:00:00+05:00","Asia/Tashkent",41.204655,69.232522,,,,"AirGradient","AirGradient"
4902926,"Sputnik-4","um003",2332.239001464844,"particles/cm³","2025-10-10T00:00:00Z","2025-10-10T05:00:00+05:00","Asia/Tashkent",41.204655,69.232522,,,,"AirGradient","AirGradient"
4902926,"Sputnik-4","um003",2477.3956705729165,"particles/cm³","2025-10-10T01:00:00Z","2025-10-10T06:00:00+05:00","Asia/Tashkent",41.204655,69.232522,,,,"AirGradient","AirGradient"
4902926,"Sputnik-4","um003",2397.1220757378474,"particles/cm³","2025-10-10T02:00:00Z","2025-10-10T07:00:00+05:00","Asia/Tashkent",41.204655,69.232522,,,,"AirGradient","AirGradient"
4902926,"Sputnik-4","um003",2205.1573737250433,"particles/cm³","2025-10-10T03:00:00Z","2025-10-10T08:00:00+05:00","Asia/Tashkent",41.204655,69.232522,,,,"AirGradient","AirGradient"
4902926,"Sputnik-4","um003",2088.827924092611,"particles/cm³","2025-10-10T04:00:00Z","2025-10-10T09:00:00+05:00","Asia/Tashkent",41.204655,69.232522,,,,"AirGradient","AirGradient"
4902926,"Sputnik-4","um003",1820.8740773518882,"particles/cm³","2025-10-10T05:00:00Z","2025-10-10T10:00:00+05:00","Asia/Tashkent",41.204655,69.232522,,,,"AirGradient","AirGradient"
4902926,"Sputnik-4","um003",1512.3903964572482,"particles/cm³","2025-10-10T06:00:00Z","2025-10-10T11:00:00+05:00","Asia/Tashkent",41.204655,69.232522,,,,"AirGradient","AirGradient"
4902926,"Sputnik-4","um003",1766.5531577216252,"particles/cm³","2025-10-10T07:00:00Z","2025-10-10T12:00:00+05:00","Asia/Tashkent",41.204655,69.232522,,,,"AirGradient","AirGradient"
4902926,"Sputnik-4","um003",1881.1475309583877,"particles/cm³","2025-10-10T08:00:00Z","2025-10-10T13:00:00+05:00","Asia/Tashkent",41.204655,69.232522,,,,"AirGradient","AirGradient"
4902926,"Sputnik-4","um003",2292.3801981608076,"particles/cm³","2025-10-10T09:00:00Z","2025-10-10T14:00:00+05:00","Asia/Tashkent",41.204655,69.232522,,,,"AirGradient","AirGradient"
4902926,"Sputnik-4","um003",2488.2725748697912,"particles/cm³","2025-10-10T10:00:00Z","2025-10-10T15:00:00+05:00","Asia/Tashkent",41.204655,69.232522,,,,"AirGradient","AirGradient"
4902926,"Sputnik-4","um003",2080.295728895399,"particles/cm³","2025-10-10T11:00:00Z","2025-10-10T16:00:00+05:00","Asia/Tashkent",41.204655,69.232522,,,,"AirGradient","AirGradient"
4902926,"Sputnik-4","um003",2031.861324734158,"particles/cm³","2025-10-10T12:00:00Z","2025-10-10T17:00:00+05:00","Asia/Tashkent",41.204655,69.232522,,,,"AirGradient","AirGradient"
4902926,"Sputnik-4","um003",2439.8290771484376,"particles/cm³","2025-10-10T13:00:00Z","2025-10-10T18:00:00+05:00","Asia/Tashkent",41.204655,69.232522,,,,"AirGradient","AirGradient"
4902926,"Sputnik-4","um003",2715.705539279514,"particles/cm³","2025-10-10T14:00:00Z","2025-10-10T19:00:00+05:00","Asia/Tashkent",41.204655,69.232522,,,,"AirGradient","AirGradient"
4902926,"Sputnik-4","um003",3932.556469726562,"particles/cm³","2025-10-10T15:00:00Z","2025-10-10T20:00:00+05:00","Asia/Tashkent",41.204655,69.232522,,,,"AirGradient","AirGradient"
4902926,"Sputnik-4","um003",4720.616674804687,"particles/cm³","2025-10-10T16:00:00Z","2025-10-10T21:00:00+05:00","Asia/Tashkent",41.204655,69.232522,,,,"AirGradient","AirGradient"
4902926,"Sputnik-4","um003",4058.7714311079544,"particles/cm³","2025-10-10T17:00:00Z","2025-10-10T22:00:00+05:00","Asia/Tashkent",41.204655,69.232522,,,,"AirGradient","AirGradient"
4902926,"Sputnik-4","um003",3253.346362304688,"particles/cm³","2025-10-10T18:00:00Z","2025-10-10T23:00:00+05:00","Asia/Tashkent",41.204655,69.232522,,,,"AirGradient","AirGradient"
4902926,"Sputnik-4","um003",3345.80966796875,"particles/cm³","2025-10-10T19:00:00Z","2025-10-11T00:00:00+05:00","Asia/Tashkent",41.204655,69.232522,,,,"AirGradient","AirGradient"
4902926,"Sputnik-4","um003",3398.386735026042,"particles/cm³","2025-10-10T20:00:00Z","2025-10-11T01:00:00+05:00","Asia/Tashkent",41.204655,69.232522,,,,"AirGradient","AirGradient"
4902926,"Sputnik-4","um003",2748.506795247396,"particles/cm³","2025-10-10T21:00:00Z","2025-10-11T02:00:00+05:00","Asia/Tashkent",41.204655,69.232522,,,,"AirGradient","AirGradient"
4902926,"Sputnik-4","um003",2554.9377034505205,"particles/cm³","2025-10-10T22:00:00Z","2025-10-11T03:00:00+05:00","Asia/Tashkent",41.204655,69.232522,,,,"AirGradient","AirGradient"
4902926,"Sputnik-4","um003",2363.5665445963546,"particles/cm³","2025-10-10T23:00:00Z","2025-10-11T04:00:00+05:00","Asia/Tashkent",41.204655,69.232522,,,,"AirGradient","AirGradient"
4902926,"Sputnik-4","um003",2329.6263320922853,"particles/cm³","2025-10-11T00:00:00Z","2025-10-11T05:00:00+05:00","Asia/Tashkent",41.204655,69.232522,,,,"AirGradient","AirGradient"
4902926,"Sputnik-4","um003",2264.658862304688,"particles/cm³","2025-10-11T01:00:00Z","2025-10-11T06:00:00+05:00","Asia/Tashkent",41.204655,69.232522,,,,"AirGradient","AirGradient"
4902926,"Sputnik-4","um003",2075.905462137858,"particles/cm³","2025-10-11T02:00:00Z","2025-10-11T07:00:00+05:00","Asia/Tashkent",41.204655,69.232522,,,,"AirGradient","AirGradient"
4902926,"Sputnik-4","um003",2286.6132161458336,"particles/cm³","2025-10-11T03:00:00Z","2025-10-11T08:00:00+05:00","Asia/Tashkent",41.204655,69.232522,,,,"AirGradient","AirGradient"
4902926,"Sputnik-4","um003",2736.0848307291667,"particles/cm³","2025-10-11T04:00:00Z","2025-10-11T09:00:00+05:00","Asia/Tashkent",41.204655,69.232522,,,,"AirGradient","AirGradient"
4902926,"Sputnik-4","um003",2827.0772922092015,"particles/cm³","2025-10-11T05:00:00Z","2025-10-11T10:00:00+05:00","Asia/Tashkent",41.204655,69.232522,,,,"AirGradient","AirGradient"
4902926,"Sputnik-4","um003",3242.5457763671875,"particles/cm³","2025-10-11T06:00:00Z","2025-10-11T11:00:00+05:00","Asia/Tashkent",41.204655,69.232522,,,,"AirGradient","AirGradient"
4902926,"Sputnik-4","um003",3001.9436414930556,"particles/cm³","2025-10-11T07:00:00Z","2025-10-11T12:00:00+05:00","Asia/Tashkent",41.204655,69.232522,,,,"AirGradient","AirGradient"
4902926,"Sputnik-4","um003",2487.4216281467016,"particles/cm³","2025-10-11T08:00:00Z","2025-10-11T13:00:00+05:00","Asia/Tashkent",41.204655,69.232522,,,,"AirGradient","AirGradient"
4902926,"Sputnik-4","um003",2310.517066169508,"particles/cm³","2025-10-11T09:00:00Z","2025-10-11T14:00:00+05:00","Asia/Tashkent",41.204655,69.232522,,,,"AirGradient","AirGradient"
4902926,"Sputnik-4","um003",1905.4883461846246,"particles/cm³","2025-10-11T10:00:00Z","2025-10-11T15:00:00+05:00","Asia/Tashkent",41.204655,69.232522,,,,"AirGradient","AirGradient"
4902926,"Sputnik-4","um003",2130.695726691352,"particles/cm³","2025-10-11T11:00:00Z","2025-10-11T16:00:00+05:00","Asia/Tashkent",41.204655,69.232522,,,,"AirGradient","AirGradient"
4902926,"Sputnik-4","um003",1903.4292236328124,"particles/cm³","2025-10-11T13:00:00Z","2025-10-11T18:00:00+05:00","Asia/Tashkent",41.204655,69.232522,,,,"AirGradient","AirGradient"
4902926,"Sputnik-4","um003",2070.848146735297,"particles/cm³","2025-10-11T14:00:00Z","2025-10-11T19:00:00+05:00","Asia/Tashkent",41.204655,69.232522,,,,"AirGradient","AirGradient"
4902926,"Sputnik-4","um003",1954.5218141343857,"particles/cm³","2025-10-11T15:00:00Z","2025-10-11T20:00:00+05:00","Asia/Tashkent",41.204655,69.232522,,,,"AirGradient","AirGradient"
4902926,"Sputnik-4","um003",3066.5232033623593,"particles/cm³","2025-10-11T16:00:00Z","2025-10-11T21:00:00+05:00","Asia/Tashkent",41.204655,69.232522,,,,"AirGradient","AirGradient"
4902926,"Sputnik-4","um003",3139.4263346354164,"particles/cm³","2025-10-11T17:00:00Z","2025-10-11T22:00:00+05:00","Asia/Tashkent",41.204655,69.232522,,,,"AirGradient","AirGradient"
4902926,"Sputnik-4","um003",2775.923828125,"particles/cm³","2025-10-11T18:00:00Z","2025-10-11T23:00:00+05:00","Asia/Tashkent",41.204655,69.232522,,,,"AirGradient","AirGradient"
4902926,"Sputnik-4","um003",2339.8895182291667,"particles/cm³","2025-10-11T19:00:00Z","2025-10-12T00:00:00+05:00","Asia/Tashkent",41.204655,69.232522,,,,"AirGradient","AirGradient"
4902926,"Sputnik-4","um003",2113.53167775472,"particles/cm³","2025-10-11T20:00:00Z","2025-10-12T01:00:00+05:00","Asia/Tashkent",41.204655,69.232522,,,,"AirGradient","AirGradient"
4902926,"Sputnik-4","um003",1825.9515823364254,"particles/cm³","2025-10-11T21:00:00Z","2025-10-12T02:00:00+05:00","Asia/Tashkent",41.204655,69.232522,,,,"AirGradient","AirGradient"
4902926,"Sputnik-4","um003",1622.1280592176652,"particles/cm³","2025-10-11T22:00:00Z","2025-10-12T03:00:00+05:00","Asia/Tashkent",41.204655,69.232522,,,,"AirGradient","AirGradient"
4902926,"Sputnik-4","um003",1752.2556874593101,"particles/cm³","2025-10-11T23:00:00Z","2025-10-12T04:00:00+05:00","Asia/Tashkent",41.204655,69.232522,,,,"AirGradient","AirGradient"
4902926,"Sputnik-4","um003",1651.8539154052735,"particles/cm³","2025-10-12T00:00:00Z","2025-10-12T05:00:00+05:00","Asia/Tashkent",41.204655,69.232522,,,,"AirGradient","AirGradient"
4902926,"Sputnik-4","um003",1534.0054148356119,"particles/cm³","2025-10-12T01:00:00Z","2025-10-12T06:00:00+05:00","Asia/Tashkent",41.204655,69.232522,,,,"AirGradient","AirGradient"
4902926,"Sputnik-4","um003",1825.4663380940756,"particles/cm³","2025-10-12T02:00:00Z","2025-10-12T07:00:00+05:00","Asia/Tashkent",41.204655,69.232522,,,,"AirGradient","AirGradient"
4902926,"Sputnik-4","um003",2149.3388732910157,"particles/cm³","2025-10-12T03:00:00Z","2025-10-12T08:00:00+05:00","Asia/Tashkent",41.204655,69.232522,,,,"AirGradient","AirGradient"
4902926,"Sputnik-4","um003",2398.2589545355904,"particles/cm³","2025-10-12T04:00:00Z","2025-10-12T09:00:00+05:00","Asia/Tashkent",41.204655,69.232522,,,,"AirGradient","AirGradient"
4902926,"Sputnik-4","um003",2405.265535481771,"particles/cm³","2025-10-12T05:00:00Z","2025-10-12T10:00:00+05:00","Asia/Tashkent",41.204655,69.232522,,,,"AirGradient","AirGradient"
4902926,"Sputnik-4","um003",2452.993687778049,"particles/cm³","2025-10-12T06:00:00Z","2025-10-12T11:00:00+05:00","Asia/Tashkent",41.204655,69.232522,,,,"AirGradient","AirGradient"
4902926,"Sputnik-4","um003",2029.0467332628039,"particles/cm³","2025-10-12T07:00:00Z","2025-10-12T12:00:00+05:00","Asia/Tashkent",41.204655,69.232522,,,,"AirGradient","AirGradient"
4902926,"Sputnik-4","um003",1615.498321702745,"particles/cm³","2025-10-12T08:00:00Z","2025-10-12T13:00:00+05:00","Asia/Tashkent",41.204655,69.232522,,,,"AirGradient","AirGradient"
4902926,"Sputnik-4","um003",1465.8480524698891,"particles/cm³","2025-10-12T09:00:00Z","2025-10-12T14:00:00+05:00","Asia/Tashkent",41.204655,69.232522,,,,"AirGradient","AirGradient"
4902926,"Sputnik-4","um003",1502.0966232299807,"particles/cm³","2025-10-12T10:00:00Z","2025-10-12T15:00:00+05:00","Asia/Tashkent",41.204655,69.232522,,,,"AirGradient","AirGradient"
4902926,"Sputnik-4","um003",1692.8883502197266,"particles/cm³","2025-10-12T11:00:00Z","2025-10-12T16:00:00+05:00","Asia/Tashkent",41.204655,69.232522,,,,"AirGradient","AirGradient"
4902926,"Sputnik-4","um003",2160.5612034653172,"particles/cm³","2025-10-12T12:00:00Z","2025-10-12T17:00:00+05:00","Asia/Tashkent",41.204655,69.232522,,,,"AirGradient","AirGradient"
4902926,"Sputnik-4","um003",2582.182761863426,"particles/cm³","2025-10-12T13:00:00Z","2025-10-12T18:00:00+05:00","Asia/Tashkent",41.204655,69.232522,,,,"AirGradient","AirGradient"
4902926,"Sputnik-4","um003",3091.5178148674245,"particles/cm³","2025-10-12T14:00:00Z","2025-10-12T19:00:00+05:00","Asia/Tashkent",41.204655,69.232522,,,,"AirGradient","AirGradient"
4902926,"Sputnik-4","um003",3066.07652452257,"particles/cm³","2025-10-12T15:00:00Z","2025-10-12T20:00:00+05:00","Asia/Tashkent",41.204655,69.232522,,,,"AirGradient","AirGradient"
4902926,"Sputnik-4","um003",3680.3055013020835,"particles/cm³","2025-10-12T16:00:00Z","2025-10-12T21:00:00+05:00","Asia/Tashkent",41.204655,69.232522,,,,"AirGradient","AirGradient"
4902926,"Sputnik-4","um003",2352.744267319188,"particles/cm³","2025-10-12T17:00:00Z","2025-10-12T22:00:00+05:00","Asia/Tashkent",41.204655,69.232522,,,,"AirGradient","AirGradient"
4902926,"Sputnik-4","um003",1982.2361562093095,"particles/cm³","2025-10-12T18:00:00Z","2025-10-12T23:00:00+05:00","Asia/Tashkent",41.204655,69.232522,,,,"AirGradient","AirGradient"
4902926,"Sputnik-4","um003",1837.8120320638022,"particles/cm³","2025-10-12T19:00:00Z","2025-10-13T00:00:00+05:00","Asia/Tashkent",41.204655,69.232522,,,,"AirGradient","AirGradient"
4902926,"Sputnik-4","um003",1462.694669596354,"particles/cm³","2025-10-12T20:00:00Z","2025-10-13T01:00:00+05:00","Asia/Tashkent",41.204655,69.232522,,,,"AirGradient","AirGradient"
4902926,"Sputnik-4","um003",1411.4598368326824,"particles/cm³","2025-10-12T21:00:00Z","2025-10-13T02:00:00+05:00","Asia/Tashkent",41.204655,69.232522,,,,"AirGradient","AirGradient"
4902926,"Sputnik-4","um003",2835.361696879069,"particles/cm³","2025-10-12T22:00:00Z","2025-10-13T03:00:00+05:00","Asia/Tashkent",41.204655,69.232522,,,,"AirGradient","AirGradient"
4902926,"Sputnik-4","um003",2440.9371358235676,"particles/cm³","2025-10-12T23:00:00Z","2025-10-13T04:00:00+05:00","Asia/Tashkent",41.204655,69.232522,,,,"AirGradient","AirGradient"
4902926,"Sputnik-4","um003",2866.858455403646,"particles/cm³","2025-10-13T00:00:00Z","2025-10-13T05:00:00+05:00","Asia/Tashkent",41.204655,69.232522,,,,"AirGradient","AirGradient"
4902926,"Sputnik-4","um003",2808.336206054688,"particles/cm³","2025-10-13T01:00:00Z","2025-10-13T06:00:00+05:00","Asia/Tashkent",41.204655,69.232522,,,,"AirGradient","AirGradient"
4902926,"Sputnik-4","um003",2664.264244249132,"particles/cm³","2025-10-13T02:00:00Z","2025-10-13T07:00:00+05:00","Asia/Tashkent",41.204655,69.232522,,,,"AirGradient","AirGradient"
4902926,"Sputnik-4","um003",2364.851250712077,"particles/cm³","2025-10-13T03:00:00Z","2025-10-13T08:00:00+05:00","Asia/Tashkent",41.204655,69.232522,,,,"AirGradient","AirGradient"
4902926,"Sputnik-4","um003",1833.3778988308375,"particles/cm³","2025-10-13T04:00:00Z","2025-10-13T09:00:00+05:00","Asia/Tashkent",41.204655,69.232522,,,,"AirGradient","AirGradient"
4902926,"Sputnik-4","um003",1542.8559636433918,"particles/cm³","2025-10-13T05:00:00Z","2025-10-13T10:00:00+05:00","Asia/Tashkent",41.204655,69.232522,,,,"AirGradient","AirGradient"
4902926,"Sputnik-4","um003",1580.3449505276149,"particles/cm³","2025-10-13T06:00:00Z","2025-10-13T11:00:00+05:00","Asia/Tashkent",41.204655,69.232522,,,,"AirGradient","AirGradient"
4902926,"Sputnik-4","um003",1673.4890416463215,"particles/cm³","2025-10-13T07:00:00Z","2025-10-13T12:00:00+05:00","Asia/Tashkent",41.204655,69.232522,,,,"AirGradient","AirGradient"
4902926,"Sputnik-4","um003",1711.87513478597,"particles/cm³","2025-10-13T08:00:00Z","2025-10-13T13:00:00+05:00","Asia/Tashkent",41.204655,69.232522,,,,"AirGradient","AirGradient"
4902926,"Sputnik-4","um003",767.5751420762804,"particles/cm³","2025-10-13T09:00:00Z","2025-10-13T14:00:00+05:00","Asia/Tashkent",41.204655,69.232522,,,,"AirGradient","AirGradient"
4902926,"Sputnik-4","um003",242.4147899627686,"particles/cm³","2025-10-13T10:00:00Z","2025-10-13T15:00:00+05:00","Asia/Tashkent",41.204655,69.232522,,,,"AirGradient","AirGradient"
4902926,"Sputnik-4","um003",161.6070416132609,"particles/cm³","2025-10-13T11:00:00Z","2025-10-13T16:00:00+05:00","Asia/Tashkent",41.204655,69.232522,,,,"AirGradient","AirGradient"
4902926,"Sputnik-4","um003",196.57070833841962,"particles/cm³","2025-10-13T12:00:00Z","2025-10-13T17:00:00+05:00","Asia/Tashkent",41.204655,69.232522,,,,"AirGradient","AirGradient"
4902926,"Sputnik-4","um003",285.88567928738064,"particles/cm³","2025-10-13T13:00:00Z","2025-10-13T18:00:00+05:00","Asia/Tashkent",41.204655,69.232522,,,,"AirGradient","AirGradient"
4902926,"Sputnik-4","um003",337.84275249905056,"particles/cm³","2025-10-13T14:00:00Z","2025-10-13T19:00:00+05:00","Asia/Tashkent",41.204655,69.232522,,,,"AirGradient","AirGradient"
4902926,"Sputnik-4","um003",376.288498433431,"particles/cm³","2025-10-13T15:00:00Z","2025-10-13T20:00:00+05:00","Asia/Tashkent",41.204655,69.232522,,,,"AirGradient","AirGradient"
4902926,"Sputnik-4","um003",391.26743176778155,"particles/cm³","2025-10-13T16:00:00Z","2025-10-13T21:00:00+05:00","Asia/Tashkent",41.204655,69.232522,,,,"AirGradient","AirGradient"
4902926,"Sputnik-4","um003",482.6256944020588,"particles/cm³","2025-10-13T17:00:00Z","2025-10-13T22:00:00+05:00","Asia/Tashkent",41.204655,69.232522,,,,"AirGradient","AirGradient"
4902926,"Sputnik-4","um003",604.8862907833524,"particles/cm³","2025-10-13T18:00:00Z","2025-10-13T23:00:00+05:00","Asia/Tashkent",41.204655,69.232522,,,,"AirGradient","AirGradient"
4902926,"Sputnik-4","um003",810.6586376614041,"particles/cm³","2025-10-13T19:00:00Z","2025-10-14T00:00:00+05:00","Asia/Tashkent",41.204655,69.232522,,,,"AirGradient","AirGradient"
4902926,"Sputnik-4","um003",1050.2525800069172,"particles/cm³","2025-10-13T20:00:00Z","2025-10-14T01:00:00+05:00","Asia/Tashkent",41.204655,69.232522,,,,"AirGradient","AirGradient"
4902926,"Sputnik-4","um003",1172.912542215983,"particles/cm³","2025-10-13T21:00:00Z","2025-10-14T02:00:00+05:00","Asia/Tashkent",41.204655,69.232522,,,,"AirGradient","AirGradient"
4902926,"Sputnik-4","um003",1260.8110407511394,"particles/cm³","2025-10-13T22:00:00Z","2025-10-14T03:00:00+05:00","Asia/Tashkent",41.204655,69.232522,,,,"AirGradient","AirGradient"
4902926,"Sputnik-4","um003",1166.944585164388,"particles/cm³","2025-10-13T23:00:00Z","2025-10-14T04:00:00+05:00","Asia/Tashkent",41.204655,69.232522,,,,"AirGradient","AirGradient"
4902926,"Sputnik-4","um003",1453.4066228230795,"particles/cm³","2025-10-14T00:00:00Z","2025-10-14T05:00:00+05:00","Asia/Tashkent",41.204655,69.232522,,,,"AirGradient","AirGradient"
4902926,"Sputnik-4","um003",1310.6417088826497,"particles/cm³","2025-10-14T01:00:00Z","2025-10-14T06:00:00+05:00","Asia/Tashkent",41.204655,69.232522,,,,"AirGradient","AirGradient"
4902926,"Sputnik-4","um003",1327.6055555555556,"particles/cm³","2025-10-14T02:00:00Z","2025-10-14T07:00:00+05:00","Asia/Tashkent",41.204655,69.232522,,,,"AirGradient","AirGradient"