lat,lon,name
40.767426,72.35944,1-сонли умумий ўрта таълим мактаби
40.757557,72.36155,2-sonli umumiy o'rta ta'lim maktabi
40.81392,72.33597,Andijon shahar 3- umumiy o'rta ta'lim maktabi
40.807987,72.338135,4-sonli umumiy o'rta ta'lim maktabi
40.783714,72.33548,5-sonli umumiy o'rta ta'lim maktabi
40.769436,72.37803,Andijon shahar 6- sonli umumiy o'rta ta'lim maktabi
40.772865,72.36442,7-sonli umumiy o'rta ta'lim maktabi
40.794304,72.35672,8-sonli umumiy o'rta ta'lim maktabi
40.713715,72.404366,Andijon shahar 9- umumiy o'rta ta'lim maktabi
40.773243,72.3529,10-sonli umumiy o'rta ta'lim maktabi
40.748928,72.353645,11-sonli umumiy o'rta ta'lim maktabi
40.745983,72.33861,13-son umumiy o'rta ta'lim maktabi
40.768967,72.34409,14-sonli umumiy o'rta ta'lim maktabi
40.8012,72.336044,18-sonli umumiy o'rta ta'lim maktabi
40.767815,72.379265,Andijon shahar 19-sonli umumiy o'rta ta'lim maktabi
40.788723,72.36148,20-sonli umumiy o'rta ta'lim maktabi
40.81322,72.34165,Andijon shahar 21- umumiy o'rta ta'lim maktabi
40.785316,72.36562,22-sonli umumiy o'rta ta'lim maktabi
40.764835,72.32862,23-sonli umumiy o'rta ta'lim maktabi
40.77401,72.35943,24-sonli umumiy o'rta ta'lim maktabi
40.79807,72.352356,Andijon shahar 25-sonli umumiy o'rta ta'lim maktabionli umumiy o'rta ta'lim maktabi
40.78792,72.316864,Andijon shahar 27-umumiy o'rta ta'lim maktabi
40.7128,72.38039,28-sonli umumiy o'rta ta'lim maktabi
40.792767,72.34363,29-sonli umumiy o'rta ta'lim maktabi
40.750557,72.37246,Andijon shar 31- umumiy o'rta ta'lim maktabi
40.774403,72.33548,Andijon shahar 33-sonli umumiy o‘rta ta'lim maktabi
40.75704,72.36755,Andijon shahar 37- umumiy o'rta ta'lim maktabi
40.817326,72.354164,38-sonli umumiy o'rta ta'lim maktabi
40.78009,72.36134,40-sonli umumiy o'rta ta'lim maktabi
40.740692,72.32776,41-sonli umumiy o'rta ta'lim maktabi
40.77955,72.376816,42-сонли умумий ўрта таълим мактаби
40.752586,72.342995,43-sonli umumiy o'rta ta'lim maktabi
40.812424,72.356346,Andijon shahar MMT bo'limiga qarashli 44-sonli umumiy o'rta ta'lim maktabi
40.778248,72.33718,45-sonli umumiy o'rta ta'lim maktabi
40.744656,72.37616,Andijon shahar 47-umumiy o'rta ta'lim maktabi
40.783936,72.31704,48-sonli umumiy o'rta ta'lim maktabi
40.804447,72.3157,49-sonli umumiy o'rta ta'lim maktabi
40.745003,72.3419,50-sonli umumiy o'rta ta'lim maktabi
40.706676,72.458595,Andijon shahar 54-ayrim fanlar chuqur o‘qitiladigan sinflari mavjud umumiy o‘rta ta’lim maktabi
40.75917,72.36018,Andijon shahar 55-sonli umumiy o‘rta ta'lim maktabi
40.789803,72.35024,Andijon shahar 35-sonli ayrim fanlar chuqur o‘qitiladigan sinflari mavjud umumiy o‘rta ta’lim maktabi
40.765777587890625,72.36360931396484,"12-MM,Andijan,Andijan"
40.75714111328125,72.34495544433594,"13-IDUM,Andijan,Andijan"
40.749733,72.30568,51-sonli umumiy o‘rta ta'lim maktabi
40.80581,72.38477,52-umumiy o'rta ta'lim maktabi
40.7079,72.47013,67-Ayrim fanlar chuqur o'qitiladigan sinflari mavjud umumiy o'rta ta'lim maktabi
40.785640716552734,72.28689575195312,"13,Andijan,Andijan"
40.809685,72.358376,Andijon shahar 39-sonli umumiy o'rta ta'lim maktabi
40.766582,72.33598,34-sonli umumiy o'rta ta'lim maktabi
40.74592590332031,72.33834838867188,"26-MYM,Andijan,Andijan"
40.793007,72.321335,17-sonli umumiy o'rta ta'lim maktabi
40.781742,72.34401,Andijon shahar 36-umumiy o'rta ta'lim maktabi
40.77796,72.322624,16-sonli umumiy o'rta ta'lim maktabi
40.795227,72.34617,15-sonli umumiy o`rta ta'lim maktabi
40.782963,72.35232,30-sonli umumiy o'rta ta'lim maktabi
40.80023,72.98972,1-sonli umumiy o'rta ta'lim maktabi
40.81049,72.970856,2-sonli umumiy o'rta ta'lim maktabi
40.76757,73.040405,3-sonli umumiy o'rta ta'lim maktabi
40.797523,73.0006,4-sonli umumiy o'rta ta'lim maktabi
40.816154,72.985306,5-sonli umumiy o'rta ta'lim maktabi
40.83383,73.02549,6-sonli umumiy o'rta ta'lim maktabi
40.79319,72.99752,9-sonli ayrim fanlar chuqur o'qitiladigan sinflari mavjud umumiy o'rta ta'lim maktabi
40.7478,72.41115,1-sonli umumiy o‘rta ta'lim maktabi
40.72864,72.38243,4-sonli umumiy o'rta ta'lim maktabi
40.75903,72.458244,6-sonli umumiy o'rta ta'lim maktabi
40.77363,72.41569,7-sonli umumiy o'rta ta'lim maktabi
40.744038,72.49372,10-sonli umumiy o'rta ta'lim maktabi
40.79043,72.50586,11-sonli umumiy o'rta ta'lim maktabi
40.882103,72.41265,13-soni umumiy o'rta ta'lim maktabi
40.813698,72.37018,14-умумий урта таълим мактаби
40.80293,72.36516,16-sonli umumiy o'rta ta'lim maktabi
40.82172,72.325615,17-sonli umumiy o'rta ta'lim maktabi
40.85821,72.35687,29-sonli ixtisoslashtirilgan davlat umumta’lim maktabi
40.86187,72.35921,19-sonli umumiy o'rta ta'lim maktabi
40.81858,72.32041,20-sonli umumiy o'rta ta'lim maktabi
40.72685,72.37423,21-sonli umumiy o'rta talim maktabi
40.7227,72.35145,23-sonli umumiy o'rta ta'lim maktabi
40.7207,72.3247,24-sonli umumiy o'rta ta'lim maktabi
40.844616,72.42292,25-sonli umumiy o'rta ta'lim maktabi
40.87458,72.402176,26-sonli umumiy o'rta ta'lim maktabi
40.846043,72.435776,27-umumiy o'rta ta'lim maktabi
40.866585,72.471634,28-sonli umumiy o'rta ta'lim maktabi
40.886593,72.4463,30-sonli umumiy o'rta ta'lim maktabi
40.87392,72.5022,31-umumiy o'rta ta'lim maktabi
40.889782,72.46264,32-умумий урта таълим мактаби
40.846256,72.318405,33-sonli umumiy o'rta ta'lim maktabi
40.69081,72.30329,35-sonli umumiy o'rta ta'lim maktabi
40.833042,72.33175,36-sonli umumiy o'rta ta'lim maktabi
40.725307,72.430534,39-sonli umumiy o'rta ta'lim maktabi
40.7299,72.33925,71-sonli ayrim fanlar chuqur o'qitiladigan sinflari mavjud umumiy o'rta ta'lim maktabi
40.759464,72.46353,42-sonli umumiy o'rta ta'lim maktabi
40.73636,72.36328,43-son umumiy o'rta ta'lim maktabi
40.736485,72.34475,44-sonli umumiy o'rta ta'lim maktabi
40.79171371459961,72.43893432617188,"46,Andijan,Andijan"
40.858727,72.304276,47-sonli umumiy o'rta ta'lim maktabi
40.807114,72.48026,50-sonli umumiy o'rta ta'lim maktabi
40.799053,72.37318,"56-sonli matematika, fizika fanlari chuqurlashtirib o‘qitiladigan maktabi"
40.796547,72.388214,53-sonli umumiy o'rta ta'lim maktabi
40.75685,72.39809,54-sonli umumiy o'rta ta'lim maktabi umumiy o'rta ta'lim maktabi
40.765553,72.4349,55-sonli umumiy o'rta ta'lim maktabi
40.84961700439453,72.32593536376953,"36-DIMI,Andijan,Andijan"
40.73497,72.42228,3-sonli umumiy o'rta ta'lim maktabi
40.746407,72.43229,2-sonli umumiy o'rta ta'lim maktabi
40.736366,72.43833,5-sonli umumiy o'rta ta'lim maktabi
40.74839,72.471054,8-sonli umumiy o'rta ta'lim maktabi
40.854095,72.38984,9-sonli umumiy o'rta ta'lim maktabi
40.73854,72.47358,12-sonli umumiy o'rta ta'lim maktabi
40.798374,72.38198,15-умумий урта таълим мактаби
40.851532,72.457,29-sonli umumiy o'rta ta'lim maktabi
40.86953,72.53303,34-sonli umumiy o'rta ta'lim maktabi
40.849567,72.34065,37-sonli umumiy o'rta ta'lim maktabi
40.867416,72.336876,38-sonli umumiy o'rta ta'lim maktabi
40.7306,72.34859,41-sonli umumiy o'rta ta'lim maktabi
40.755154,72.44924,53-sonli ixtisoslashtirilgan davlat umumta’lim maktabi
40.833817,72.31228,48-sonli umumiy o'rta ta'lim maktabi
40.826912,72.38784,49-sonli umumiy o'rta ta'lim maktabi
40.879154,72.50562,52-umumiy o'rta ta'lim maktabi
40.745598,72.4059,10-sonli ixtisoslashtirilgan davlat umumta’lim maktabi
40.77362823486328,72.41568756103516,"7-IMMM,Andijan,Andijan"
40.6275,72.34583,1-sonli umumiy o'rta ta'lim maktabi
40.61889,72.31194,2-sonli umumiy o'rta ta'lim maktabisonli umumiy o‘rta ta'lim maktabi
40.662926,72.26604,4-sonli umumiy o'rta ta'lim maktabi
40.672466,72.27129,5-sonli umumiy o'rta ta'lim maktabi
40.691895,72.2801,ASAKA TUMANI MAKTABGACHA VA MAKTAB TA'LIM BO'LIMI 6-UMUMIY O'RTA TA'LIM MAKTABI
40.703335,72.26972,7-sonli umumiy o'rta ta'lim maktabi
40.725365,72.28112,8-umumiy o'rta ta'lim maktabi
40.72361,72.248886,9-sonli umumiy o'rta ta'lim maktabi
40.710278,72.25861,10-sonli umumiy o'rta ta'lim maktabi
40.689167,72.24639,11-sonli umumiy o'rta ta'lim maktabi
40.691162,72.22559,13-sonli umumiy o'rta ta'lim maktabi
40.713055,72.22389,14-sonli umumiy o'rta ta'lim maktabi
40.73818,72.20617,16-sonli umumiy o'rta ta'lim maktabi
40.71878,72.21053,18-sonli umumiy o'rta ta'lim maktabi
40.6818,72.21274,24-sonli umumiy o'rta ta'lim maktabi
40.67737,72.19143,26-sonli umumiy o'rta ta'lim maktabi
40.677383,72.26123,27-sonli umumiy o'rta ta'lim maktabi
40.665173,72.16338,28-sonli umumiy o‘rta ta'lim maktabi
40.66502,72.18666,29-sonli umumiy o'rta ta'lim maktabi
40.656242,72.20219,30-sonli umumiy o'rta ta'lim maktabi
40.642925,72.26189,33-sonli umumiy o'rta ta'lim maktabi
40.642918,72.212845,34-sonli umumiy o‘rta ta'lim maktabi
40.63399,72.17039,35-sonli umumiy o'rta ta'lim maktabi
40.614693,72.170235,36-sonli umumiy o'rta ta'lim maktabi
40.613407,72.15761,37-sonli umumiy o'rta ta'lim maktabi
40.64752,72.18233,39-sonli umumiy o'rta ta'lim maktabi
40.59732,72.19331,41-sonli umumiy o'rta ta'lim maktabi
40.58632,72.18336,42-sonli umumiy o'rta ta'lim maktabi
40.61784,72.1394,43-sonli umumiy o'rta ta'lim maktabi
40.59528,72.14361,44-sonli umumiy o'rta ta'lim maktabi
40.60914,72.13299,46-sonli umumiy o'rta ta'lim maktabi
40.59017,72.17139,48-sonli umumiy o'rta ta'lim maktabi
40.651108,72.22842,59-sonli umumiy o'rta ta'lim maktabi
40.66158,72.236,60-sonli umumiy o'rta ta'lim maktabi
40.592777,72.150276,11-sonli ayrim fanlar chuqur o'qitiladigan umumta'lim maktabi
40.654198,72.249985,42-sonli ayrim fanlar chuqur o'qitiladigan sinflari mavjud umumiy o'rta ta'lim maktabi
40.6225,72.28083,3-sonli umumiy o'rta ta'lim maktabi
40.664722,72.242775,12-sonli umumiy o'rta ta'lim maktabi
40.731625,72.230125,15-sonli umumiy o'rta ta'lim maktabi
40.709167,72.19889,20-sonli umumiy o'rta ta'lim maktabi
40.708195,72.17524,21-sonli umumiy o'rta ta'lim maktabi
40.662777,72.2125,31-sonli umumiy o'rta ta'lim maktabi
40.64942,72.214935,32-sonli umumiy o'rta ta'lim maktabi
40.629593,72.148026,38-sonli umumiy o'rta ta'lim maktabi
40.61266,72.19609,40-sonli umumiy o'rta ta'lim maktabi
40.594913,72.13072,45-sonli umumiy o'rta ta'lim maktabi
40.662903,72.21289,47-sonli umumiy o'rta ta'lim maktabi
40.665173,72.16338,50-sonli umumiy o'rta ta'lim maktabi
40.723892,72.184685,51-sonli umumiy o'rta ta'lim maktabi
40.682175,72.20142,23-sonli umumiy o'rta ta'lim maktabi
40.59041,72.220436,49-sonli umumiy o'rta ta'lim maktabi
40.647133,72.24809,54-sonli umumiy o'rta ta'lim maktabi
40.587257385253906,72.2174301147461,"49,Asaka,Andijan"
40.5875,72.18389,25-sonli ayrim fanlar chuqur o‘qitiladigan sinflari mavjud umumiy o‘rta ta’lim maktab-internati
40.660347,72.23746,24- sonli ayrim fanlar chuqur o'qitiladigan sinflari mavjud umumiy o'rta ta'lim maktabi
40.64722442626953,72.2480697631836,"54,Asaka,Andijan"
40.6544303894043,72.2499771118164,"24-DIMI,Asaka,Andijan"
40.748306,72.19233,17-sonli umumiy o'rta ta'lim maktabi
40.73593,72.195854,19-sonli umumiy o'rta ta'lim maktabi
40.609535,72.26569,22-sonli umumiy o'rta ta'lim maktabi
40.909157,71.83506,59-sonli ixtisoslashtirilgan davlat umumta’lim maktabi
40.896923,71.80294,2-sonli umumiy o'rta ta'lim maktabi
40.8989,71.84213,4-sonli umumiy o'rta ta'lim maktabi
40.796177,71.875374,5-sonli umumiy o'rta ta'lim maktabi
40.838257,71.94904,6-sonli umumiy o'rta ta'lim maktabi
40.87809,71.91826,7-sonli umumiy o'rta ta'lim maktabi
40.903008,71.8944,8-sonli umumiy o'rta ta'lim maktabi
40.913734,71.8699,9-sonli umumiy o'rta ta'lim maktabi
40.84897,71.926315,10-sonli umumiy o'rta ta'lim maktabi
40.803616,71.95708,11-sonli umumiy o'rta ta'lim maktabi
40.83613,71.89183,12-sonli umumiy o'rta ta'lim  maktabi
40.823997,71.932335,16-sonli umumiy o‘rta ta'lim maktabi
40.79307,71.89088,19-sonli umumiy o'rta ta'lim maktabi
40.821476,72.12853,22-sonli umumiy o'rta ta'lim maktabi
40.867855,72.10231,23-sonli umumiy o'rta ta'lim maktabi
40.859314,72.0767,24-sonli umumiy o'rta ta'lim maktabi
40.79307,71.89088,26-sonli umumiy o'rta ta'lim maktabi
40.81679,72.11856,27-sonli umumiy o‘rta ta'lim maktabi
40.84847,72.15594,29-sonli umumiy o'rta ta'lim maktabi
40.83677,72.20269,31-sonli umumiy o'rta ta'lim maktabi
40.87557,71.97625,35-sonli umumiy o'rta ta'lim maktabi
40.876316,71.95431,36-sonli umumiy o'rta ta'lim maktabi
40.8727,72.002594,37-sonli umumiy o'rta ta'lim maktabi
40.876644,71.98584,39-sonli umumiy o'rta ta'lim maktabi
40.87955,72.0302,40-sonli umumiy o'rta ta'lim maktabi
40.86999,71.95804,43-sonli umumiy o'rta ta'lim maktabi
40.88211,72.01242,44-sonli umumiy o'rta ta'lim maktabi
40.85044,72.06282,45-sonli umumiy o'rta ta'lim maktabi
40.855007,71.851974,48-sonli umumiy o'rta ta'lim maktabi
40.901855,71.85437,Baliqchi tumani 50-Ixtisoslashtirilgan davlat umumta'lim maktab
40.87205,71.98068,54-sonli umumiy o'rta ta'lim maktabi
40.850727,72.13294,55-sonli umumiy o'rta ta'lim maktabi
40.877254,71.97236,6-sonli Davlat ixtisoslashtirilgan maktab-internati
40.877266,71.973206,12-sonli davlat ixtisoslashtirilgan  umumta’lim maktab-internati
40.840874,71.96544,53-sonli umumiy o'rta ta'lim maktabi
40.82078,72.163124,28-sonli umumiy o‘rta ta'lim maktabi
40.881027,72.08943,61-sonli umumiy o‘rta ta'lim maktabi
40.811848,71.87411,30-sonli umumiy o'rta ta'lim maktabi
40.81629,71.8478,21-sonli umumiy o'rta ta'lim maktabi
40.828537,71.81997,17-sonli umumiy o'rta ta'lim maktabi
40.888794,71.883286,60-sonli ayrim fanlar chuqur o'qitiladigan sinflari mavjud maktab
40.815742,71.9637,20-sonli umumiy o'rta ta'lim maktabi
40.82973,71.84248,13-sonli umumiy o'rta ta'lim maktabi
40.90455,71.85013,14-sonli umumiy o'rta ta'lim maktabi
40.858704,71.9047,15-sonli umumiy o'rta ta'lim maktabi
40.80301,71.94019,47-sonli umumiy o‘rta ta'lim maktabi
40.838657,72.23362,49-sonli umumiy o'rta ta'lim maktabi
40.876457,72.09596,51-sonli umumiy o'rta ta'lim maktabi
40.839207,71.916145,52-sonli umumiy o'rta ta'lim maktabi
40.883144,71.970215,41-sonli umumiy o'rta ta'lim maktabi
40.901592,71.84437,34-sonli umumiy o'rta ta'lim maktabi
40.883327,72.048996,46-sonli umumiy o'rta ta'lim maktabi
40.89287,71.934166,38-sonli umumiy o'rta ta'lim maktabi
40.861877,72.002914,32-sonli umumiy o'rta ta'lim maktabi
40.908005,71.84457,33-sonli umumiy o'rta ta'lim maktabi
40.877293,72.07144,25-sonli umumiy o'rta ta'lim maktabi
40.903023,71.82809,42-sonli umumiy o'rta ta'lim maktabi
40.62902,72.50308,46-sonli ayrim fanlar chuqur o'qitiladigan sinflari mavjud umumiy o'rta ta'lim maktabi
40.628746,72.51381,2-sonli umumiy o'rta ta'lim maktabi
40.633976,72.504555,3-sonli umumiy o'rta ta'lim maktabi
40.643456,72.49774,4-sonli umumiy o'rta ta'lim maktabi
40.617107,72.50569,5-sonli umumiy o'rta ta'lim maktabi
40.63098,72.49401,6-sonli umumiy o'rta ta'lim maktabi
40.637955,72.44923,7-sonli umumiy o'rta ta'lim maktabi
40.636696,72.42925,8-sonli umumiy o'rta ta'lim maktabi
40.630882,72.37918,10-sonli umumiy o'rta ta'lim maktabi
40.646393,72.366264,12-sonli umumiy o'rta ta'lim maktabi
40.647877,72.36842,13-sonli umumiy o'rta ta'lim maktabi
40.65842,72.41075,15-sonli umumiy o'rta ta'lim maktabi
40.659718,72.43677,16-sonli umumiy o'rta ta'lim maktabi
40.599354,72.51761,17-sonli umumiy o'rta ta'lim maktabi
40.580074,72.55092,19-sonli umumiy o'rta ta'lim maktabi
40.58488,72.46482,68-sonli ayrim fanlar chuqur o'qitiladigan sinflari mavjud umumiy o'rta ta'lim maktabi
40.620083,72.45328,23-sonli umumiy o'rta ta'lim maktabi
40.61227,72.47354,24-sonli umumiy o'rta ta'lim maktabi
40.59537,72.54062,26-sonli umumiy o'rta ta'lim maktabi
40.600655,72.50815,27- umumiy o'rta ta'lim maktabi
40.640266,72.471054,31-sonli umumiy o'rta ta'lim maktabi
40.611977,72.455826,32-sonli umumiy o'rta ta'lim maktabi
40.64118576049805,72.53235626220703,"11-MMGEC,Buloqboshi,Andijan"
40.613625,72.455475,28-sonli umumiy o'rta ta'lim maktabi
40.578934,72.573944,18-sonli umumiy o'rta ta'lim maktabi
40.591194,72.49829,22-sonli umumiy o'rta ta'lim maktabii
40.577984,72.468376,25-sonli umumiy o'rta ta'lim maktabi
40.61866,72.4293,29-sonli umumiy o'rta ta'lim maktabi
40.585255,72.47436,55-sonli ayrim fanlar chuqur o‘qitiladigan sinflari mavjud umumiy o‘rta ta’lim maktabi
40.646484,72.36745,14-sonli ixtisoslashtirilgan davlat umumta’lim maktabi
40.633316,72.50397,43-sonli ayrim fanlar chuqur o'qitiladigan sinflari mavjud umumiy o'rta ta'lim maktabi
40.63361,72.406876,9-sonli umumiy o'rta ta'lim maktabi
40.65491,72.36168,14-sonli umumiy o'rta ta'lim maktabi
40.610023,72.54047,20-sonli umumiy o'rta ta'lim maktabi
40.718243,72.64778,1-sonli umumiy o'rta ta'lim maktabi
40.715588,72.6394,3-sonli umumiy o'rta ta'lim maktabi
40.717888,72.63211,4-sonli umumiy o'rta ta'lim maktabi
40.72437286376953,72.65203857421875,"6,Jalaquduq,Andijan"
40.6193,72.69939,73-sonli umumiy o'rta ta'lim maktabi
40.64735,72.64941,8-umumiy o'rta ta'lim maktabi
40.740555,72.656906,9-sonli umumiy o'rta ta'lim maktabi
40.598454,72.74193,10-sonli umumiy o'rta ta'lim maktabi
40.61052,72.727425,11-sonli umumiy o'rta ta'lim maktabi
40.719013,72.55751,13-sonli umumiy o'rta ta'lim maktabi
40.708458,72.63054,14-sonli umumiy o'rta ta'lim maktabi
40.69524,72.61236,62-sonli ixtisoslashtirilgan davlat umumta’lim maktabi
40.680733,72.58761,16-sonli umumiy o'rta ta'lim maktabi
40.70803,72.56055,17-sonli umumiy o'rta ta'lim maktabi
40.731976,72.61212,18-sonli umumiy o'rta ta'lim maktabi
40.756916,72.60856,19-sonli umumiy o'rta ta'lim maktabi
40.759766,72.612724,20-sonli umumiy o'rta ta'lim maktabi
40.754578,72.6569,22-sonli umumiy o'rta ta'lim maktabi
40.73812,72.68743,23-sonli umumiy o'rta ta'lim maktabi
40.76981,72.68992,24-sonli umumiy o'rta ta'lim maktabi
40.72778,72.70682,25-sonli umumiy o'rta ta'lim maktabi
40.74406,72.72013,26-sonli umumiy o'rta ta'lim maktabi
40.72062,72.723694,28-sonli umumiy o'rta ta'lim maktabi
40.81537,72.283745,29-sonli umumiy o'rta ta'lim maktabi
40.82491,72.732285,30-sonli umumiy o'rta ta'lim maktabi
40.820507,72.74781,32-sonli umumiy o'rta ta'lim maktabi
40.81617,72.63595,35-sonli umumiy o'rta ta'lim maktabi
40.82983,72.69172,36-sonli umumiy o'rta ta'lim maktabi
40.862537,72.57472,37-sonli umumiy o'rta ta'lim maktabi
40.85423,72.59037,38-sonli umumiy o'rta ta'lim maktabi
40.844437,72.63603,39-sonli umumiy o'rta ta'lim maktabi
40.818256,72.76289,40-sonli umumiy o'rta ta'lim maktabi
40.737556,72.583084,47-sonli umumiy o'rta ta'lim maktabi
40.738567,72.63135,48-sonli umumiy o'rta ta'lim maktabi
40.59778,72.737625,49-sonli ixtisoslashtirilgan davlat umumta’lim maktabi
40.80305,72.747665,49-sonli umumiy o'rta ta'lim maktabi
40.644955,72.735306,12-sonli umumiy o'rta ta'lim maktabi
40.771362,72.73555,27-sonli umumiy o'rta ta'lim maktabi
40.815887,72.73892,33-sonli umumiy o'rta ta'lim maktabi
40.696,72.56506,34-sonli umumiy o'rta ta'lim maktabi
40.79176,72.677826,41-sonli umumiy o'rta ta'lim maktabi
40.765774,72.71343,42-sonli umumiy o'rta ta'lim maktabi
40.72509,72.64222,2-sonli umumiy o'rta ta'lim maktabi
40.62671,72.71695,44-sonli umumiy o'rta ta'lim maktabi
40.72252,72.622284,45-sonli umumiy o'rta ta'lim maktabi
40.730476,72.57753,46-sonli umumiy o'rta ta'lim maktabi
40.81447,72.745316,50-sonli umumiy o'rta ta'lim maktabi
40.718544,72.646255,17-sonli ixtisoslashtirilgan davlat umumta’lim maktabi
40.745304,72.60908,21-sonli umumiy o'rta ta'lim maktabi
40.819096,72.74471,31-sonli umumiy o'rta ta'lim maktabi
40.7112,72.64969,5-sonli umumiy o'rta ta'lim maktabi
40.727535,72.70052,1-sonli ixtisoslashtirilgan davlat umumta’lim maktabi
40.823063,72.7432,7-sonli ayrim fanlar chuqur o‘qitiladigan sinflari mavjud umumiy o‘rta ta’lim maktabi
40.71868133544922,72.64651489257812,"17-DIMI,Jalaquduq,Andijan"
40.801697,72.64227,51-sonli umumiy o'rta ta'lim maktabi
40.649464,72.75734,43-sonli umumiy o'rta ta'lim maktabi
40.906715,72.24378,2-sonli umumiy o'rta ta'lim maktabi
40.88339,72.25066,3-sonli umumiy o'rta ta'lim maktabi
40.898346,72.228584,4-sonli umumiy o'rta ta'lim maktabi
40.890663,72.28016,6-sonli umumiy o'rta ta'lim maktabi
40.898296,72.31469,7-sonli umumiy o'rta ta'lim maktabi
40.866173,72.24284,9-sonli umumiy o‘rta ta'lim maktabi
40.890415,72.17595,10-sonli umumiy o'rta ta'lim maktabi
40.881996,72.19515,11-sonli umumiy o'rta ta'lim maktabi
40.883137,72.20606,12-sonli umumiy o'rta ta'lim maktabi
40.862507,72.18694,13-sonli umumiy o'rta ta'lim maktabi
40.85959,72.17317,14-sonli umumiy o‘rta ta’lim maktabi
40.90824,72.1485,15-sonli umumiy o'rta ta'lim maktabi
40.9245,72.25409,17-sonli umumiy o'rta ta'lim maktabi
40.945354,72.26979,18-sonli umumiy o'rta ta'lim maktabi
40.973984,72.2191,57-sonli ayrim fanlar chuqur o‘qitiladigan sinflari mavjud umumiy o‘rta ta’lim maktabi
40.99416,72.2365,21-sonli umumiy o'rta ta'lim maktabi
40.873913,72.23054,22-sonli umumiy o'rta ta'lim maktabi
40.921158,72.33277,24-sonli umumiy o'rta ta'lim maktabi
40.982452,72.21216,25-sonli umumiy o'rta ta'lim maktabi
40.916977,72.362076,26-sonli umumiy o'rta ta'lim maktabi
40.90409,72.37018,27-sonli umumiy o'rta ta'lim maktabi
40.930798,72.4128,28-sonli umumiy o'rta ta'lim maktabi
40.94659,72.39453,29-sonli umumiy o'rta ta'lim maktabi
40.90409,72.38018,30-sonli umumiy o'rta ta'lim maktabi
40.95884,72.257935,32-sonli umumiy o'rta ta'lim maktabi
40.979424,72.26083,33-sonli umumiy o'rta ta'lim maktabi
40.938915,72.31014,34-sonli umumiy o'rta ta'lim maktabi
40.92887,72.363556,35-sonli umumiy o‘rta ta'lim maktabi
40.930267,72.35593,36-sonli umumiy o'rta ta'lim maktabi
40.847916,72.24795,37-sonli umumiy o'rta ta'lim maktabi
40.857162,72.25506,38-sonli umumiy o'rta ta'lim maktabi
40.864594,72.14429,40-sonli umumiy o'rta ta'lim maktabi
40.901073,72.22169,42-sonli umumiy o'rta ta'lim maktabi
40.941086,72.21299,43-sonli umumiy o'rta ta'lim maktabi
40.926266,72.15742,44-sonli umumiy o'rta ta'lim maktabi
40.871284,72.2801,47-sonli umumiy o'rta ta'lim maktabi
40.941086,72.21499,48-sonli umumiy o'rta ta'lim maktabi
40.919693,72.40292,49-sonli umumiy o'rta ta'lim maktabi
40.969887,72.20709,50-sonli umumiy o'rta ta'lim maktabi
40.8404655456543,72.21745300292969,"39-DIMI,Izboskan,Andijan"
40.88687,72.24037,8-sonli ayrim fanlar chuqur o'qitiladigan sinflari mavjud umumiy o'rta ta'lim maktab-internati
40.855694,72.19404,8-sonli umumiy o'rta ta'lim maktabi
40.967613,72.22299,19-sonli umumiy o'rta ta'lim maktabi
40.90548,72.26753,23-sonli umumiy o'rta ta'lim maktabi
40.92011,72.20936,16-sonli umumiy o'rta ta'lim maktabi
40.88892,72.12739,39-sonli umumiy o'rta ta'lim maktabi
40.895206,72.34378,41-sonli umumiy o'rta ta'lim maktabi
40.930847,72.253555,45-sonli umumiy o'rta ta'lim maktabi
40.871284,72.2802,46-sonli umumiy o'rta ta'lim maktabi
40.8831672668457,72.20574188232422,"15-DIMI,Izboskan,Andijan"
40.883194,72.20561,15-sonli ayrim fanlar chuqur o‘qitiladigan sinflari mavjud umumiy o‘rta ta’lim maktab-internati.
40.52063,72.36407,1-sonli umumiy o'rta ta'lim maktabi
40.504776,72.38247,5-sonli umumiy o'rta ta'lim maktabi
40.50907,72.36123,6-sonli umumiy oʻrta taʼlim maktabi
40.53034,72.36926,8-sonli umumiy o'rta ta'lim maktabi
40.484375,72.32003,72- sonli xorijiy tillariga ixtisoslashgan davlat umumta'lim maktabi
40.482136,72.31126,10-sonli umumiy o'rta ta'lim maktabi
40.502625,72.29629,12-sonli umumiy õrta ta'lim maktabi
40.488926,72.247856,13-sonli umumiy o'rta ta'lim maktabi
40.50377,72.23952,14-sonli umumiy o'rta ta'lim maktabi
40.507645,72.27796,Andijon viloyati Marhamat tumani 16-sonli umumiy o'rta ta'lim maktabi
40.53832,72.29225,17-sonli umumiy o'rta ta'lim maktabi
40.51951599121094,72.3076400756836,"25-MM,Marhamat,Andijan"
40.519566,72.32184,19-sonli umumiy o'rta ta'lim maktabi
40.55273,72.24543,20-sonli umumiy o'rta ta'lim maktabi
40.569336,72.21561,21-sonli umumiy o'rta ta'lim maktabi
40.559505,72.3246,23-sonli umumiy o'rta ta'lim maktabi
40.54295,72.34644,24- sonli umumiy o'rta ta'lim maktabi
40.553753,72.39828,26-sonli umumiy o'rta ta'lim maktabi
40.55869,72.36134,27-sonli umumiy o'rta ta'lim maktabi
40.56992,72.378334,28-sonli umumiy o'rta ta'lim maktabi
40.605335,72.33967,29-sonli umumiy o'rta ta'lim maktabi
40.618484,72.37536,30-sonli umumiy o'rta ta'lim maktabi
40.573162,72.33204,31-sonli umumiy o'rta ta'lim maktabi
40.51968,72.293915,34-sonli umumiy o`rta ta`lim maktabi
40.56058120727539,72.3428955078125,"36,Marhamat,Andijan"
40.55951,72.342865,37- sonli umumiy o'rta ta'lim maktabi
40.56474,72.29987,38-sonli umumiy o'rta ta'lim maktabi
40.506058,72.32692,39-sonli umumiy o'rta ta'lim maktabi
40.49681,72.332504,40-sonli umumiy o'rta ta'lim maktabi
40.482475,72.328896,42-sonli umumiy o'rta ta'lim maktabi
40.495377,72.3412,43-sonli umumiy o'rta ta'lim maktabi
40.50325393676758,72.33602905273438,"47-DIMI,Marhamat,Andijan"
40.50114,72.33511,3-son ayrim fanlar chuqur o`rganiladigan  davlat ixtisoslashtirilgan  maktab-internati
40.495396,72.328445,31-sonli ayrim fanlar chuqur oʻqitiladigan sinflari mavjud umumiy oʻrta taʼlim maktabi
40.52377,72.34299,7-sonli umumiy o'rta ta'lim maktabi
40.50227,72.36844,2-sonli umumiy o'rta ta'lim maktabi
40.508892,72.255264,3-sonli umumiy o'rta ta'lim maktabi
40.50027,72.334366,47-sonli ayrim fanlar chuqur o'qitiladigan sinflari mavjud umumiy o'rta ta'lim maktabi
40.498337,72.26401,33-sonli umumiy o'rta ta'lim maktabi
40.504395,72.40223,35-sonli umumiy o'rta ta'lim maktabi
40.54624,72.381935,22-sonli ayrim fanlar chuqur o'qitiladigan sinflari mavjud umumiy o'rta ta'lim maktabi
40.60533,72.316574,32-sonli umumiy o'rta ta'lim maktabi
40.529583,72.25159,11-sonli umumiy o'rta ta'lim maktabi
40.49216,72.19024,15-sonli umumiy o'rta ta'lim maktabi
40.552467,72.26841,22-sonli umumiy o'rta ta'lim maktabi
40.746723,71.70979,1-sonli umumiy o'rta ta'lim maktabi
40.82854,71.7778,3-sonli umumiy o'rta ta'lim maktabi
40.86259,71.74044,5-sonli umumiy o'rta ta'lim maktabi
40.849033,71.68759,6-sonli umumiy o'rta ta'lim maktabi
40.776653,71.83507,8-sonli umumiy o'rta ta'lim maktabi
40.778065,71.7139,9-sonli umumiy o'rta ta'lim maktabi
40.79968,71.80197,10-sonli umumiy o'rta ta'lim maktabi
40.780724,71.76793,11-sonli umumiy o'rta ta'lim maktabi
40.81675,71.683876,13-sonli umumiy o'rta ta'lim maktabi
40.743412,71.77519,15-sonli umumiy o'rta ta'lim maktabi
40.752148,71.59164,16-sonli umumiy o'rta ta'lim maktabi
40.68702,71.61625,17-sonli umumiy o'rta ta'lim maktabi
40.747387,71.803955,18-sonli umumiy o'rta ta'lim maktabi
40.742367,71.71486,20-sonli umumiy o'rta ta'lim maktabi
40.746494,71.69804,21-sonli umumiy o'rta ta'lim maktabi
40.856724,71.68967,19-sonli umumiy o'rta ta'lim maktabi
40.875088,71.7233,2-sonli umumiy o'rta ta'lim maktabi
40.84627,71.6934,4-sonli umumiy o'rta ta'lim maktabi
40.84938,71.75003,7-sonli umumiy o'rta ta'lim maktabi
40.817913,71.78234,12-sonli umumiy o'rta ta'lim maktabi
40.71462,71.814224,14-sonli umumiy o'rta ta'lim maktabi
40.80332,71.59936,22-sonli umumiy o'rta ta'lim maktabi
40.84867,71.646675,23-sonli umumiy o'rta ta'lim maktabi
40.78515,71.66217,24-sonli umumiy o'rta ta'lim maktabi
40.744846,71.69707,16-sonli ixtisoslashtirilgan davlat umumta’lim maktabi
40.931328,72.49533,1-sonli umumiy o'rta ta'lim maktabi
40.92427,72.49077,2-sonli umumiy o'rta ta'lim maktabi
40.92317,72.50106,3-sonli umumiy o'rta ta'lim maktabi
40.93177,72.50666,4-sonli umumiy o'rta ta'lim maktabi
40.913082,72.51137,5-sonli umumiy o'rta ta'lim maktabi
40.92164,72.460686,8-sonli umumiy o'rta ta'lim maktabi
40.899925,72.39724,9-sonli umumiy o'rta ta'lim maktabi
40.926487,72.53632,10-sonli umumiy o'rta ta'lim maktabi
40.90621,72.53052,11-sonli umumiy o'rta ta'lim maktabi
40.900135,72.55011,13-sonli umumiy o'rta ta'lim maktabi
40.895927,72.56687,14-sonli umumiy o'rta ta'lim maktabi
40.949177,72.52048,15-sonli umumiy o'rta ta'lim maktabi
40.955376,72.53339,16-sonli umumiy o'rta ta'lim maktabi
40.956036,72.49503,69-sonli ayrim fanlarga ixtisoslashtirilgan davlat umumta’lim maktabi
40.962444,72.43394,19-sonli umumiy o'rta ta'lim maktabi
40.971348,72.47056,20-sonli umumiy o'rta ta'lim maktabi
40.98282,72.436104,22-sonli umumiy o'rta ta'lim maktabi
40.982845,72.35446,23-sonli umumiy o'rta ta'lim maktabi
40.901176,72.57215,24-sonli umumiy o'rta ta'lim maktabi
41.017544,72.433464,25-sonli umumiy o'rta ta'lim maktabi
40.955475,72.53328,26-sonli umumiy o'rta ta'lim maktabi
41.005203,72.36667,27-sonli umumiy oʻrta taʼlim maktabi
41.039562,72.34212,28-onli umumiy o'rta ta'lim maktabi
40.886486,72.44604,30-sonli umumiy o'rta ta'lim maktabi
40.96372,72.37834,31-sonli umumiy o'rta ta'lim maktabi
40.973278,72.3134,32-sonli umumiy o'rta ta'lim maktabi
40.911926,72.539986,33-sonli umumiy o'rta ta'lim maktabi
40.943775,72.443344,34-sonli umumiy o'rta ta'lim maktabi
41.048035,72.35059,35-sonli umumiy o'rta ta'lim maktabi
40.94055,72.50222,36-sonli umumiy o'rta ta'lim maktabi
40.92283630371094,72.46432495117188,"37,Pakhtaobod,Andijan"
40.953842,72.34455,38-sonli umumiy o'rta ta'lim maktabi
40.97651,72.44806,39-sonli umumiy o'rta ta'lim maktabi
40.926376,72.53713,41-sonli umumiy o'rta ta'lim maktabi
41.03149,72.33684,43-sonli umumiy o'rta ta'lim maktabi
40.97352,72.465614,46-sonli umumiy o'rta ta'lim maktabi
41.03893,72.35276,37-sonli ixtisoslashtirilgan davlat umumta’lim maktabi
40.96258,72.454926,21-sonli umumiy o'rta ta'lim maktabi
41.047203,72.34268,29-sonli umumiy o'rta ta'lim maktabi
40.923134,72.47089,6-sonli umumiy o'rta ta'lim maktabi
40.930695,72.55023,12-sonli umumiy o'rta ta'lim maktabi
41.009865,72.40801,40-sonli umumiy o'rta ta'lim maktabi
41.034214,72.359825,42-sonli umumiy o'rta ta'lim maktabi
40.89987,72.39923,44-sonli umumiy o'rta ta'lim maktabi
41.008305,72.33932,45-sonli umumiy o'rta ta'lim maktabi
40.925205,72.4689,51-sonli ayrim fanlar chuqur o‘qitiladigan sinflari mavjud umumiy o‘rta ta’lim maktabi
40.80036,72.16164,1-sonli umumiy o'rta ta'lim maktabi
40.80767,72.15884,2-sonli umumiy o'rta ta'lim maktabi
40.792583,72.16781,4-sonli  umumiy o'rta ta'lim maktabi
40.76645,72.21237,6-sonli umumiy o'rta ta'lim maktabi
40.75512,72.220985,7-sonli umumiy o'rta ta'lim maktabi
40.55761,72.54379,8-sonli umumiy o'rta ta'lim maktabi
40.762806,72.32543,10-sonli umumiy o'rta ta'lim maktabi
40.771477,72.350075,Oltinko'l tumani 11-sonli o'rta umumiy ta'lim maktabi11-sonli umumiy o'rta ta'lim maktabi
40.773827,72.29983,12-sonli umumiy o'rta ta'lim maktabi
40.78429,72.28574,13-sonli umumiy o'rta ta'lim maktabi
40.78429,72.28574,14-sonli umumiy o'rta ta'lim maktabi
40.828457,72.272804,15-sonli umumiy o'rta ta'lim maktabi
40.813927,72.30597,16-sonli umumiy o'rta ta'lim maktabi
40.744663,72.54648,17-sonli umumiy o'rta ta'lim maktabi
40.788803,72.26921,18-sonli umumiy o'rta ta'lim maktabi
40.775772,72.164635,21-sonli umumiy o'rta ta'lim maktabi
40.808468,72.23781,22-sonli umumiy o'rta ta'lim maktabi
40.818687,72.07569,25-sonli umumiy o'rta ta'lim maktabi
40.80557,72.46467,26-sonli umumiy o'rta ta'lim maktabi
40.846565,72.55668,27-sonli umumiy o'rta ta'lim maktabi
40.80216,71.99876,30-sonli umumiy o'rta ta'lim maktabi
40.805557,72.272804,31-sonli umumiy o'rta ta'lim maktabi
40.76007,72.317665,34-sonli umumiy o'rta ta'lim maktabi
40.757645,72.072426,37-sonli umumiy o'rta ta'lim maktabi
40.77409,72.11908,39-sonli umumiy o'rta ta'lim maktabi
40.76227,72.138115,40-sonli umumiy o‘rta ta'lim maktabi
40.7968,72.10743,42-sonli umumiy o'rta ta'lim maktabi
40.824783,72.26561,46-sonli umumiy o'rta ta'lim maktabi
40.82932,72.01776,48-sonli umumiy o'rta ta'lim maktabi
40.80204,72.17883,49-sonli umumiy o'rta ta'lim maktabii
40.871475,72.35217,50-sonli umumiy o'rta ta'lim maktabi
40.80570983886719,72.25321960449219,"52,Oltinkul,Andijan"
40.80731,72.159996,20-sonli ayrim fanlar chuqur o'qitiladigan sinflari mavjud umumiy o'rta ta'lim maktabi
40.813927,72.30597,28-sonli ayrim fanlar chuqur o'qitiladigan umumta'lim maktabi
40.766968,72.1882,5-sonli umumiy o'rta ta'lim maktabi
40.80571,72.25322,51-sonli umumiy o'rta ta'lim maktabi
40.814278,72.988655,43-sonli umumiy o'rta ta'lim maktabi
40.792286,72.20926,24-sonli umumiy o'rta ta'lim maktabi
40.75301,72.15684,44-sonli umumiy o'rta ta'lim maktabi
40.80047,72.14693,3-sonli umumiy o'rta ta'lim maktabi
40.801395,72.02609,29-sonli umumiy o'rta ta'lim maktabi
40.81505,72.54546,23-sonli umumiy o'rta ta'lim maktabi
40.802612,72.11748,36-sonli umumiy o'rta ta'lim maktabi
40.803272,72.06638,33-sonli umumiy o'rta ta'lim maktabi
40.792194,72.23956,20-sonli umumiy o'rta ta'lim maktabi
40.80027,72.16074,28-sonli umumiy o'rta ta'lim maktabi
40.772064,72.23346,45-sonli umumiy o'rta ta'lim maktabi
40.84164,72.04633,45-sonli ayrim fanlar chuqur o'qitiladigan umumta'lim maktabi
40.811165,72.26921,19-sonli umumiy o'rta ta'lim maktabi
40.833553,72.77747,38-sonli umumiy o'rta ta'lim maktabi
40.872055,72.24457,41-sonli umumiy o'rta ta'lim maktabi
40.821014,72.03848,32-sonli umumiy o'rta ta'lim maktabi
40.872055,72.24457,47-sonli umumiy o'rta ta'lim maktabi
40.78816,72.290375,35-sonli umumiy o'rta ta'lim maktabi
40.704464,72.06224,1-sonli umumiy o'rta ta'lim maktabi
40.71041,72.05872,2-sonli umumiy o'rta ta'lim maktabi
40.709835,72.071144,3-sonli umumiy o'rta ta'lim maktabi
40.710083,72.04648,4-sonli umumiy o'rta ta'lim maktabi
40.70382,72.043846,5-sonli umumiy o'rta ta'lim maktabi
40.699883,72.06183,7-sonli umumiy o'rta ta'lim maktabi
40.721077,72.05144,9-sonli umumiy o'rta ta'lim maktabi
40.717808,72.06738,10-sonli umumiy o'rta ta'lim maktabi
40.717808,72.06738,11-sonli umumiy o'rta ta'lim maktabiс
40.63499,72.10864,13-sonli umumiy o'rta ta'lim maktabi
40.72593,72.14342,14-sonli umumiy o‘rta ta'lim maktabi
40.702682,72.103,16-sonli umumiy o'rta ta'lim maktabi
40.712284,72.0866,17-sonli umumiy o'rta ta'lim maktabi
40.71498,71.98553,18-sonli umumiy o'rta ta'lim maktabi
40.683823,72.1302,19-sonli umumiy o'rta ta'lim maktabi
40.694828,72.119606,20-sonli umumiy o'rta ta'lim maktabi
40.6578,72.155464,21-sonli umumiy o'rta ta'lim maktabi
40.66199,72.12243,22-sonli umumiy o'rta ta'lim maktabi
40.784348,71.96311,23-sonli umumiy o'rta ta'lim maktabi
40.740353,72.008125,24-sonli umumiy o'rta ta'lim maktabi
40.778614,71.901184,25-sonli umumiy o'rta ta'lim maktabi
40.698837,72.14158,26-sonli umumiy o'rta ta'lim maktabi
40.718025,72.154526,64-sonli ixtisoslashtirilgan davlat umumta’lim maktabi
40.659523,72.03208,31-sonli umumiy o'rta ta'lim maktabi
40.782036,71.989174,32-sonli umumiy o'rta ta'lim maktabi
40.664482,72.06572,33-sonli umumiy o'rta ta'lim maktabi
40.62522,72.05341,35-sonli umumiy o'rta ta'lim maktabi
40.67995,72.08521,36-sonli umumiy o'rta ta'lim maktabi
40.66688,72.05259,37-sonli umumiy o'rta ta'lim maktabi
40.66614,72.09017,39-sonli umumiy o'rta ta'lim maktabi
40.63221,72.06738,40-sonli umumiy o'rta ta'lim maktabi
40.638695,72.04078,41-sonli umumiy o'rta ta'lim maktabi
40.740337,72.098946,42-sonli umumiy o'rta ta'lim maktabi
40.766747,72.04298,43-sonli umumiy o'rta ta'lim maktabi
40.77291,72.0621,44-sonli umumiy o'rta ta'lim maktabi
40.75621,72.05639,45-sonli umumiy o'rta ta'lim maktabi
40.645927,72.13076,46-sonli umumiy o'rta ta'lim maktabi
40.762302,72.02261,49-sonli umumiy o'rta ta'lim maktabi
40.761257,71.99844,53-sonli umumiy o'rta ta'lim maktabi
40.68114,72.02866,54-sonli umumiy o'rta ta'lim maktabi
40.736362,71.96892,55-sonli umumiy o'rta ta'lim maktabi
40.703884,72.08497,56-sonli umumiy o'rta ta'lim maktabi
40.729343,72.09111,57-sonli umumiy o'rta ta'lim maktabi
40.6718,72.13126,58-sonli umumiy o'rta ta'lim maktabi
40.734245,72.05052,59-sonli umumiy o'rta ta'lim maktabi
40.6689,72.06428,60-sonli umumiy o'rta ta'lim maktabi
40.705673,72.02053,61-sonli umumiy o'rta ta'lim maktabi
40.72626,72.029335,58-sonli ixtisoslashtirilgan davlat umumta’lim maktabi
40.701775,72.04893,63-sonli umumiy o'rta ta'lim maktabi
40.70619,72.030396,Shahrixon tumani 65-sonli umumiy o'rta ta'lim maktabi
40.719677,72.03498,66-sonli umumiy o'rta ta'lim maktabi
40.589188,72.18402,67-sonli umumiy o'rta ta'lim maktabi
40.62748,72.18924,68-sonli umumiy o'rta ta'lim maktabi
40.6689,72.06428,44-sonli ayrim fanlar chuqur o‘qitiladigan sinflari mavjud umumiy o‘rta ta’lim maktabi
40.707401275634766,72.05149841308594,"2-DIMI,Shahrikhon,Andijan"
40.77532,72.03229,4-sonli ayrim fanlar chuqur o‘qitiladigan sinflari mavjud umumiy o‘rta ta’lim maktab-internati
40.70388412475586,72.08496856689453,"15-MMI,Shahrikhon,Andijan"
40.699883,72.06183,6-sonli umumiy o'rta ta'lim maktabi
40.727215,72.069405,8-sonli umumiy o'rta ta'lim maktabi
40.684643,72.15605,12-sonli umumiy o'rta ta'lim maktabi
40.735153,72.15633,15-sonli umumiy o'rta ta'lim maktabi
40.683064,72.14178,Shahrixon tumani 29-sonli umumiy o'rta ta'lim maktabi
40.706703,71.96948,27-sonli umumiy o'rta ta'lim maktabi
40.658306,72.082115,38-sonli umumiy o'rta ta'lim maktabi
40.738068,72.13195,47-sonli umumiy o'rta ta'lim maktabi
40.762295,72.022606,48-sonli umumiy o'rta ta'lim maktabi
40.74772,72.019455,51-sonli umumiy o'rta ta'lim maktabi
40.63221,72.06738,52-sonli umumiy o'rta ta'lim maktabi
40.6331,72.0772,50-sonli umumiy o'rta ta'lim maktabi
40.727215,72.069405,64-sonli umumiy o'rta ta'lim maktabi
40.712273,72.75832,1-sonli umumiy o'rta ta'lim maktabi
40.730762,72.75374,3-sonli umumiy o'rta ta'lim maktabi
40.73232,72.740456,4-sonli umumiy o'rta ta'lim maktabi
40.726467,72.7638,5-sonli umumiy o'rta ta'lim maktabi
40.66555,72.65893,8-sonli umumiy o'rta ta'lim maktabi
40.726875,72.812675,10-sonli umumiy o'rta ta'lim maktabi
40.742004,72.75959,11-sonli umumiy o'rta ta'lim maktabi
40.794777,72.75309,14-sonli umumiy o'rta ta'lim maktabi
40.7612,72.83862,17-sonli umumiy o'rta ta'lim maktabi
40.814976,72.82564,20-sonli umumiy o'rta ta'lim maktabi
40.769863,72.88807,27-sonli umumiy o'rta ta'lim maktabi
40.748074,72.914795,32-sonli umumiy o'rta ta'lim maktabi
40.673107,72.786644,42-sonli umumiy o'rta ta'lim maktabi
40.75833,72.96004,49-sonli umumiy o'rta ta'lim maktabi
40.71121,72.762,50-sonli umumiy o'rta ta'lim maktabi
40.729485,72.8965,52-sonli umumiy o'rta ta'lim maktabi
40.72914,72.88321,55-sonli umumiy o'rta ta'lim maktabi
40.73766,72.8894,56-sonli umumiy o'rta ta'lim maktabi
40.715244,72.87463,54-sonli umumiy o'rta ta'lim maktabi
40.7251,72.88444,53-sonli umumiy o'rta ta'lim maktabi
40.730194,72.88312,51-sonli umumiy o'rta ta'lim maktabi
40.72023,72.77257,2-sonli umumiy o'rta ta'lim maktabi
40.730293,72.77026,39-sonli umumiy o'rta ta'lim maktabi
40.81897,72.83191,18-sonli ayrim fanlar chuqur o‘qitiladigan sinflari mavjud umumiy o‘rta ta’lim maktabii
40.74886,72.78676,5-sonli ayrim fanlar chuqur o‘qitiladigan sinflari mavjud umumiy o‘rta ta’lim maktabi
40.683716,72.69752,6-sonli umumiy o'rta ta'lim maktabi
40.698147,72.6674,7-sonli umumiy o'rta ta'lim maktabi
40.72979,72.78032,9-sonli umumiy o'rta ta'lim maktabi
40.745014,72.765305,65-sonli ayrim fanlar chuqur o‘qitiladigan sinflari mavjud umumiy o‘rta ta’lim maktabi
40.77792,72.755806,13-sonli umumiy o'rta ta'lim maktabi
40.753426,72.795494,15-sonli umumiy o'rta ta'lim maktabi
40.749187,72.7868,16-sonli umumiy o'rta ta'lim maktabi
40.74007,72.835175,18-sonli umumiy o'rta ta'lim maktabi
40.747345,72.86805,19-sonli umumiy o'rta ta'lim maktabi
40.795795,72.863846,23-sonli umumiy o'rta ta'lim maktabi
40.78909,72.82517,21-sonli umumiy o'rta ta'lim maktabi
40.800117,72.78936,22-sonli umumiy o'rta ta'lim maktabi
40.829205,72.83118,24-sonli umumiy o'rta ta'lim maktabi
40.815838,72.83408,25-sonli umumiy o'rta ta'lim maktabi
40.84534,72.848114,26-sonli umumiy o'rta ta'lim maktabi
40.76617,72.91466,28-sonli umumiy o'rta ta'lim maktabi
40.78922,72.90119,29-sonli umumiy o'rta ta'lim maktabi
40.785908,72.87653,30-sonli umumiy o'rta ta'lim maktabi
40.78668,72.948715,31-sonli umumiy o'rta ta'lim maktabi
40.76364,72.97407,33-sonli umumiy o'rta ta'lim maktabi
40.7708,72.97326,34-sonli umumiy o'rta ta'lim maktabi
40.763287,72.9751,35-sonli umumiy o'rta ta'lim maktabi
40.76083,72.964294,36-sonli umumiy o'rta ta'lim maktabi
40.7486,72.75569,37-sonli umumiy o'rta ta'lim maktabi
40.81574,72.79674,38-sonli umumiy o'rta ta'lim maktabi
40.840813,72.79381,40-sonli umumiy o'rta ta'lim maktabi
40.69395,72.83804,41-sonli umumiy o'rta ta'lim maktabi
40.694736,72.77905,43-sonli umumiy oʻrta taʼlim maktabi
40.67603,72.75041,44-sonli umumiy o'rta ta'lim maktabi
40.699547,72.732376,45-sonli umumiy o'rta ta'lim maktabi
40.815086,72.84588,46-sonli umumiy o'rta ta'lim maktabi
40.7972,72.93054,47-sonli umumiy o'rta ta'lim maktabi
40.804676,72.82937,48-sonli umumiy o'rta ta'lim maktabi
40.72833,72.758896,41-sonli ixtisoslashtirilgan davlat umumta’lim maktabi
40.78875,72.90012,30-sonli ayrim fanlar chuqur o‘qitiladigan sinflari mavjud umumiy o‘rta ta’lim maktabi
40.725563,72.88284,19-sonli ayrim fanlar chuqur o'qitiladigan sinflari mavjud umumiy o'rta ta'lim maktabi
40.665577,72.56853,1-sonli umumiy o'rta ta'lim maktabi
40.590588,72.738815,3-sonli umumiy o'rta ta'lim maktabi
40.597164,72.668,4-sonli umumiy o'rta ta'lim maktabi
40.602207,72.6453,5-sonli umumiy o'rta ta'lim maktabi
40.581066,72.65878,6-sonli umumiy o'rta ta'lim maktabi
40.658787,72.494125,7-sonli umumiy o'rta ta'lim maktabi
40.587257,72.599754,10-sonli umumiy o'rta ta'lim maktabi
40.564156,72.60674,12-sonli umumiy o'rta ta'lim maktabi
40.645435,72.60646,14-sonli umumiy o'rta ta'lim maktabi
40.693516,72.54278,19-sonli umumiy o'rta ta'lim maktabi
40.59465,72.628,21-sonli umumiy o'rta ta'lim maktabi
40.595673,72.72733,22-sonli umumiy o'rta ta'lim maktabi
40.650566,72.59096,66-sonli ixtisoslashtirilgan davlat umumta’lim maktabi
40.580517,72.619225,27-sonli umumiy o'rta ta'lim maktabi
40.67279,72.49724,30-sonli umumiy órta ta'lim maktabi
40.58725357055664,72.59980010986328,"4-MMI,Khujaobod,Andijan"
40.60447,72.64996,23-sonli ixtisoslashtirilgan davlat umumta’lim maktabi
40.672794342041016,72.56385803222656,"IXDTM,Khujaobod,Andijan"
40.693321228027344,72.50635528564453,"17-DTM,Khujaobod,Andijan"
40.670208,72.56426,2-sonli umumiy o'rta ta'lim maktabi
40.6696,72.521164,8-sonli umumiy o'rta ta'lim maktabi
40.653282,72.550896,9-sonli umumiy o'rta ta'lim maktabi
40.70141,72.509605,11-sonli umumiy o'rta ta'lim maktabi
40.652103,72.5176,13-sonli umumiy o'rta ta'lim maktabi
40.691513,72.48378,15-sonli umumiy o'rta ta'lim maktabi
40.582077,72.74797,16-sonli umumiy o'rta ta'lim maktabi
40.669037,72.57132,17-sonli umumiy o'rta ta'lim maktabi
40.611156,72.59619,18-sonli umumiy o'rta ta'lim maktabi
40.682568,72.511215,20-sonli umumiy o'rta ta'lim maktabi
40.66241,72.56126,24-sonli umumiy o'rta ta'lim maktabi
40.681267,72.59585,25-sonli umumiy o'rta ta'lim maktabi
40.60503,72.65282,26-sonli umumiy o'rta ta'lim maktabi
40.67976760864258,72.54267120361328,"28,Khujaobod,Andijan"
40.65698,72.47662,29-sonli umumiy o'rta ta'lim maktabi
40.672787,72.49724,31-sonli umumiy o'rta ta'lim maktabi
40.59884,72.68219,32-sonli umumiy o'rta ta'lim maktabi
40.66403,72.56195,40-sonli ayrim fanlar chuqur o'rganiladigan ixtisoslashtirilgan maktab-internati
40.686695,71.928345,1-sonli umumiy o'rta ta'lim maktabi
40.635704,71.98338,Bo'ston tumani 2-sonli umumiy o'rta ta'lim maktabi
40.679928,71.99233,3-sonli umumiy o'rta ta'lim maktabi
40.7324,71.93735,4-sonli umumiy o'rta ta'lim maktabi
40.66926,71.97762,52-sonli ayrim fanlar chuqur o' qitiladigan sinflari mavjud umumiy o'rta ta'lim maktabi
40.74574,71.88696,7-sonli umumiy oʻrta taʼlim maktabi
40.72834,71.89597,10-sonli umumiy oʼrta taʼlim maktabi
40.693584,71.950294,11-sonli umumiy o'rta ta'lim maktabi
40.71285,71.93243,13-sonli umumiy o‘rta ta’lim maktabi
40.68359,71.91354,14-sonli umumiy o‘rta taʼlim maktabi
40.63252,71.892334,19-sonli umumiy o'rta ta'lim maktabi
40.71491,71.86567,21-sonli umumiy o'rta ta'lim maktabi
40.694324,71.91905,61-Ixtisoslashtirilgan davlat umumta'lim maktabi
40.645535,71.92686,25-sonli umumiy o'rta ta'lim maktabi
40.679901123046875,71.85449981689453,"26-DIMI,Buz,Andijan"
40.76524,71.89388,5-sonli umumiy o'rta ta'lim maktabi
40.661057,71.959435,8-sonli umumiy o'rta ta'lim maktabi
40.745018,71.838264,9-sonli umumiy o'rta ta'lim maktabi
40.650864,71.91989,15-sonli umumiy o'rta ta'lim maktabi
40.685932,71.884796,16-sonli umumiy o'rta ta'lim maktabi
40.69433,71.83469,17-sonli umumiy o'rta ta'lim maktabi
40.657993,71.85027,Bo‘stontumani 18-sonli umumiy o'rta ta'lim maktabi
40.717655,71.94638,20-sonli umumiy o'rta ta'lim maktabi
40.681015,71.854515,23-sonli umumiy o'rta ta'lim maktabi
40.63542,71.94931,24-sonli umumiy o'rta ta'lim maktabi
40.685844,71.9118,48-sonli ixtisoslashtirilgan davlat umumta’lim maktabi
40.68956,71.90873,26-sonli umumiy o'rta ta'lim maktabi
40.02629,64.52869,2-sonli umumiy o'rta ta'lim maktabi
40.004536,64.65174,3-sonli umumiy o'rta ta'lim maktabi
40.016815,64.63523,4-sonli umumiy o'rta ta'lim maktabi
39.59212,64.36308,5-sonli umumiy o'rta ta'lim maktabi
40.01583,64.601006,7-sonli umumiy o'rta ta'lim maktabi
39.999603,64.56935,8-sonli umumiy o'rta ta'lim maktabi
40.037315,64.518654,9-sonli umumiy o'rta ta'lim maktabi
39.995262,64.54048,10-sonli umumiy o'rta ta'lim maktabi
40.058678,64.52495,11-sonli umumiy o'rta ta'lim maktabi
39.997875,64.475555,12-sonli umumiy o'rta ta'lim maktabi
39.996685,64.49096,13-sonli umumiy o'rta ta'lim maktabi
39.974136,64.476166,14-sonli umumiy o'rta ta'lim maktabi
39.97207,64.44821,15-sonli umumiy o'rta ta'lim maktabi
40.027832,64.485435,16-sonli umumiy o'rta ta'lim maktabi
40.015198,64.67541,17-sonli umumiy o'rta ta'lim maktabi
39.97387,64.56,18-sonli umumiy o'rta ta'lim maktabi
40.019794,64.509056,20-sonli umumiy o'rta ta'lim maktabi
40.02691,64.549995,21-sonli umumiy o'rta ta'lim maktabi
40.06398,64.469826,22-sonli umumiy o'rta ta'lim maktabi
40.02083,64.526085,23-sonli umumiy  o'rta ta'lim maktabi
39.96814,64.63042,24-sonli umumiy o'rta ta'lim maktabi
39.90847396850586,64.52423858642578,"25,Vobkent,Bukhara"
39.91084,64.522896,26-sonli umumiy o'rta ta'lim maktabi
39.95494,64.58979,27-sonli umumiy o'rta ta'lim maktabi
39.99795,64.47551,28-sonli umumiy o'rta ta'lim maktabi
39.934044,64.478165,31-sonli umumiy o'rta ta'lim maktabi
40.025047,64.53813,32-sonli umumiy o'rta ta'lim maktabi
40.061794,64.49047,33-sonli umumiy o'rta ta'lim maktabi
39.983776,64.576324,35-sonli umumiy o'rta ta'lim maktabi
39.97374,64.5164,37-sonli umumiy o'rta ta'lim maktabi
39.95657,64.42148,38-sonli umumiy o'rta ta'lim maktabi
40.00609,64.51513,40-sonli ixtisoslashtirilgan davlat umumta’lim maktabi
39.977776,64.53699,6-sonli umumiy o'rta ta'lim maktabi
40.04762,64.48979,19-sonli umumiy o'rta ta'lim maktabi
39.695716857910156,64.43609619140625,"6-IDUM,Vobkent,Bukhara"
40.0243,64.51428,1-sonli umumiy o'rta ta'lim maktabi
39.926315,64.50157,29-sonli umumiy o'rta ta'lim maktabi
39.955013,64.4906,30-sonli umumiy o'rta ta'lim maktabi
39.916676,64.57869,34-sonli umumiy o'rta ta'lim maktabi
40.005993,64.747765,36-sonli umumiy o'rta ta'lim maktabi
39.994625,64.58568,39-sonli umumiy o'rta ta'lim maktabi
40.028767,64.45878,42-sonli umumiy o'rta ta'lim maktabi
40.03969,64.38512,1-sonli umumiy o'rta ta'lim maktabi
40.017166,64.41086,2-сонли умумий ўрта таълим мактаби
40.05274,64.380936,3-сонли умумий ўрта таълим мактаби
39.994,64.37914,4-sonli umumiy o'rta ta'lim maktabi
40.031807,64.34311,7-сонли умумий ўрта таълим мактаби
40.067352,64.24764,8-сонли умумий ўрта таълим мактаби
40.089684,64.25656,9-сонли умумий ўрта таълим мактаби
40.081745,64.26162,10-umumiy o'rta ta'lim maktabi
40.085835,64.28239,11-сонли умумий ўрта таълим мактаби
40.048744,64.30193,12-сонли умумий ўрта таълим мактаби
40.062695,64.3015,14-сонли умумий ўрта таълим мактаби
40.09964,64.299614,15-сонли умумий ўрта таълим мактаби
40.084415,64.32733,16-сонли умумий ўрта таълим мактаби
40.107166,64.32936,17-сонли умумий ўрта таълим мактаби
40.112057,64.285446,18-сонли умумий ўрта таълим мактаби
40.048027,64.329414,21-сонли умумий ўрта таълим мактаби
40.033527,64.39225,28-сонли умумий ўрта таълим мактаби
40.021,64.325584,30-сонли умумий ўрта таълим мактаби
40.04111,64.39564,31-сонли ихтисослаштирилган давлат умумтаълим мактаби
40.0245,64.35841,32-сонли умумий ўрта таълим мактаби
40.05142,64.268974,39-сонли умумий ўрта таълим мактаби
40.07884,64.266624,46-сонли умумий ўрта таълим мактаби
40.04347229003906,64.38458251953125,"4-IDUM,Peshku,Bukhara"
40.031807,64.34311,6-сонли умумий ўрта таълим мактаби
40.039223,64.27389,13-сонли умумий ўрта таълим мактаби
40.111637,64.30675,19-сонли умумий ўрта таълим мактаби
40.093166,64.34228,20-сонли умумий ўрта таълим мактаби
40.06136,64.220474,22-сонли умумий ўрта таълим мактаби
40.849056,63.329674,24-сонли умумий ўрта таълим мактаби
40.894695,63.172943,25-сонли умумий ўрта таълим мактаби
40.005424,64.39666,26-сонли умумий ўрта таълим мактаби
41.170444,62.53003,27-сонли умумий ўрта таълим мактаби
40.010517,64.43028,29-сонли умумий ўрта таълим мактаби
40.11141586303711,64.28462219238281,"33,Peshku,Bukhara"
40.018135,64.30566,34-сонли умумий ўрта таълим мактаби
40.070667,64.33842,35-сонли умумий ўрта таълим мактаби
40.069527,64.29383,36-sonli umumiy o`rta ta'lim maktabi
40.057167,64.36197,37-сонли умумий ўрта таълим мактаби
40.070805,64.23542,38-сонли умумий ўрта таълим мактаби
40.039276,64.414696,41-сонли умумтаълим мактаби
40.05205,64.2057,42-сонли умумий ўрта таълим мактаби
40.05999,64.31638,43-сонли умумий ўрта таълим мактаби
40.094234,64.31547,44-сонли умумий ўрта таълим мактаби
40.04964,64.27864,45-сонли умумий ўрта таълим мактаби
40.07892,64.29681,40-сонли умумий ўрта таълим мактаби
40.083755,64.363335,5-сонли умумий ўрта таълим мактаби
40.046238,64.22447,23-сонли умумий ўрта таълим мактаби
40.106693,64.68336,G'ijduvon tuman 1-sonli umumiy o'rta ta'lim maktabi
40.12886,64.79811,2-sonli umumiy o'rta ta'lim maktabi
40.067722,64.58364,3- umumiy o'rta ta'lim maktabi
40.08562,64.77093,4-umumiy o'rta ta'lim maktabi
40.10003,64.67628,5-umumiy o'rta ta’lim maktabi
40.0469,64.62531,6-sonli umumiy o'rta ta'lim maktabi
40.075943,64.56925,7-sonli umumiy o'rta ta'lim maktabi
40.130943,64.70572,8-sonli umumiy o'rta ta'lim maktabi
40.14702,64.82322,9-sonli umumiy o'rta ta'lim maktabi
40.11877,64.71674,10-sonli umumiy o'rta ta'lim maktabi
40.129528,64.76903,11-sonli umumiy o'rta ta'lim maktabi
40.12636,64.65903,13-sonli umumiy o'rta ta'lim maktabi
40.057365,64.65312,14-sonli umumiy o'rta ta'lim maktabi
40.14803,64.65675,15-sonli umumiy o'rta ta'lim maktabi
40.154404,64.680214,16-sonli umumiy o'rta ta'lim maktabi
40.07892,64.612175,17-sonli umumiy o'rta ta'lim maktabi
40.0506,64.70185,18-sonli umumiy o'rta ta'lim maktabi
40.05572,64.73364,19-umumiy o'rta ta'lim maktabi
40.04133,64.68488,20-sonli umumiy o'rta ta'lim maktabi
40.09992,64.67761,21-sonli umumiy o'rta ta'lim maktabi
40.103863,64.704994,22-sonli umumiy o'rta ta'lim maktabi
40.04956,64.56755,23-sonli umumiy o'rta ta'lim maktabi
40.13196,64.68758,24-sonli umumiy o'rta ta'lim maktabi
40.053352,64.59841,25-sonli umumiy o'rta ta'lim maktabi
40.05584,64.54988,26-sonli umumiy o'rta ta'lim maktabi
40.088223,64.656166,28-sonli umumiy o'rta ta'lim maktabi
40.071835,64.73972,29-sonli umumiy o'rta ta'lim maktabi
40.07125,64.64936,30-sonli umumiy o'rta ta'lim maktabi
40.159832,64.7565,32-sonli umumiy o'rta ta'lim maktabi
40.160915,64.70328,33-sonli umumiy o'rta ta'lim maktabi
40.15414,64.78658,34-sonli umumiy o'rta ta'lim maktabi
40.100777,64.65265,35-sonli umumiy o'rta ta'lim maktabi
40.10939,64.73331,36-sonli umumiy o'rta ta'lim maktabi
40.03904,64.67657,37-sonli umumiy o'rta ta'lim maktabi
40.07573,64.73588,39-sonli umumiy o'rta ta'lim maktabi
40.15664,64.8515,41-sonli umumiy o'rta ta'lim maktabi
40.132,64.6705,42-umumiy o'rta ta'lim maktabi
40.05561,64.63536,43-sonli umumiy o'rta ta'lim maktabi
40.06769,64.69803,44-sonli umumiy o'rta ta'lim maktabi
40.101166,64.667114,45-sonli umumiy o'rta ta'lim maktab
40.11145,64.67988,46-sonli umumiy o'rta ta'lim maktabi
40.162083,64.734085,48-sonli umumiy o'rta ta'lim maktabi
40.076027,64.73219,49-sonli umumiy o'rta ta'lim maktabi
40.082584,64.6285,50-sonli umumiy o'rta ta'lim maktabi
40.042694,64.605415,51-sonli umumiy o'rta ta'lim maktabi
40.085,64.58419,52-sonli umumiy o'rta ta'lim maktabi
40.12692,64.79086,56-sonli umumiy o'rta ta'lim maktabi
40.05561,64.63536,58-sonli umumiy o'rta ta'lim maktabi
40.13427,64.79425,59-sonli umumiy o'rta ta'lim maktabi
40.095806,64.67236,60-umumta’lim maktabi
40.091175,64.66662,68-son umumiy o'rta ta'lim maktabi
40.10967,64.67597,67-sonli umumiy o'rta ta'lim maktabi
40.068874,64.71556,12-sonli umumiy o'rta ta'lim maktabi
40.107166,64.791695,27-sonli umumiy o'rta ta'lim maktabi
40.035168,64.58997,31-sonli umumiy o'rta ta'lim maktabi
40.0996,64.77126,40-umumiy o'rta ta'lim maktabi
40.1682,64.64455,55-sonli umumiy o'rta taʼlim maktabi
40.13078689575195,64.67204284667969,"65,Gijduvon,Bukhara"
40.074696,64.66897,64-sonli umumiy o'rta ta'lim maktabi
40.087055,64.67347,61-umumiy o'rta ta'lim maktabiixtisoslashtirilgan davlat umumta’lim maktabi
40.08448,64.77077,63-sonli ixtisoslashtirilgan davlat umumta’lim maktabi
40.11145,64.67988,66-umumiy o‘rta ta'lim maktabi
40.281063,64.66732,38-sonli umumiy o'rta ta'lim maktabi
40.075943,64.56925,62-xorijiy tillarni o'qitishga ixtisoslashtirilgan maktab-internati
40.065388,64.76253,47-sonli umumiy o'rta ta'lim maktabi
40.156455993652344,64.683837890625,"53,Gijduvon,Bukhara"
40.199223,64.82167,54-umumiy o'rta ta'lim maktabi
40.113743,64.65277,57-sonli umumiy o'rta ta'lim maktabi
39.85961,64.44686,1-umumta'lim maktabi
39.85936,64.45128,2-sonli umumiy o'rta ta'lim maktabi
39.864388,64.44097,3-umumiy o'rta ta'lim maktabi
39.829308,64.37806,5-sonli umumiy o'rta ta'lim maktabi
39.71703,64.39897,6-sonli umumiy o'rta ta'lim maktabi
39.885166,64.38539,7-sonli umumiy o'rta ta'lim maktabi
39.525997,64.27731,8-sonli umumiy o'rta ta'lim maktabi
39.88039,64.48435,9-sonli umumiy o'rta ta'lim maktabi
39.864376,64.51344,10-sonli umumiy o'rta ta'lim maktabi
39.895638,64.50711,11-sonli umumiy o'rta ta'lim maktabi
39.891277,64.52817,12-sonli umumiy o'rta ta'lim maktabi
39.92197,64.56561,13-sonli umumiy o'rta ta'lim maktabi
39.84711,64.48094,14-sonli umumiy o'rta ta'lim maktabi
39.8472,64.50385,15-sonli umumiy o'rta ta'lim maktabi
39.83411,64.44241,16-sonli umumiy o'rta ta'lim maktabi
39.809326,64.40671,17-sonli umumiy o'rta ta'lim maktabi
39.81178,64.33986,18-sonli umumiy o'rta ta'lim maktabi
39.784473,64.29762,19-sonli umumiy o'rta ta'lim maktabi
39.79275,64.36753,21-sonli umumiy o'rta ta'lim maktabi
39.782333,64.35328,22-sonli umumiy o'rta ta'lim maktabi
39.766945,64.32992,23-sonli umumiy o'rta ta'lim maktabi
39.78114,64.38456,25-sonli umumiy o'rta ta'lim maktabi
39.73465,64.34256,27-sonli umumiy o'rta ta'lim maktabi
39.70872,64.431915,28-sonli umumiy o'rta ta'lim maktabi
39.70011,64.457886,29-sonli umumiy o'rta ta'lim maktabi
39.71136,64.436905,30-sonli umumiy o'rta ta'lim maktabi
39.68861,64.42892,31-sonli umumiy o'rta ta'lim maktabi
39.69367,64.37525,32-sonli umumiy o'rta ta'lim maktabi
39.71703,64.38975,34-sonli umumiy o'rta ta'lim maktabi
39.841557,64.458664,50-sonli umumiy o'rta ta'lim maktabi
39.846138,64.451225,53-sonli ixtisoslashtirilgan davlat umumta’lim maktabi
39.862,64.39586,4-sonli umumiy o'rta ta'lim maktabi
39.72836,64.40303,35-sonli umumiy o'rta ta'lim maktabi
39.77497,64.28831,37-sonli umumiy o'rta ta'lim maktabi
39.813442,64.371414,39-sonli umumiy o'rta ta'lim maktabi
39.85097,64.41475,42-sonli umumiy o'rta ta'lim maktabi
39.671307,64.37761,43-sonli umumiy o'rta ta'lim maktabi
39.70272,64.40203,44-sonli umumiy o'rta ta'lim maktabi
39.90425,64.40064,45-sonli umumiy o'rta ta'lim maktabi
39.756557,64.36475,47-sonli umumiy o'rta ta'lim maktabi
39.78997,64.38533,51-sonli umumiy o'rta ta'lim maktabi
39.849777,64.449776,49-sonli umumiy o'rta ta'lim maktabi
39.79728,64.31661,20-sonli umumiy o'rta ta'lim maktabi
39.74064,64.31053,26-sonli umumiy o'rta ta'lim maktabi
39.696556,64.37942,33-sonli umumiy o'rta ta'lim maktabi
39.74053,64.383194,36-sonli umumiy o'rta ta'lim maktabi
39.856445,64.4913,24-sonli umumiy o'rta ta'lim maktabi
39.879444,64.34967,40-sonli umumiy o'rta ta'lim maktabi
39.902843,64.45347,41-sonli umumiy o'rta ta'lim maktabi
39.877083,64.42153,48-sonli umumiy o'rta ta'lim maktabi
39.711555,64.327415,38-sonli umumiy o'rta ta'lim maktabi
39.872723,64.46786,52-sonli umumiy o'rta ta'lim maktabi
39.87944412231445,64.34967041015625,"27-MMI,Bukhara,Bukhara"
39.747715,64.179825,1-сонли умумий ўрта таълим мактаби
39.728455,64.13468,2-сонли умумий ўрта таълим мактаби
39.73304,64.26701,3-сонли умумий ўрта таълим мактаби
39.748817,64.238495,5-сонли умумий ўрта таълим мактаби
39.728718,64.23003,6-сонли умумий ўрта таълим мактаби
39.753708,64.25227,7-сонли умумий ўрта таълим мактаби
39.715977,64.1807,8-сонли умумий ўрта таълим мактаби
39.72539,64.20306,9-сонли умумий ўрта таълим мактаби
39.709396,64.15956,10-сонли умумий ўрта таълим мактаби
39.69369,64.20548,11-sonli  umumiy  o'rta  ta'lim  maktabi
39.69074,64.1542,12-сонли умумий ўрта таълим мактаби
39.674324,64.149475,13-сонли умумий ўрта таълим мактаби
39.673283,64.14429,14-sonli umumiy o'rta ta'lim maktabi
39.666973,64.10401,15-сонли умумий ўрта таълим мактаби
39.64732,64.05725,17-sonli umumiy o'rta ta'lim maktabi
39.859417,64.44703,18-сонли умумий ўрта таълим мактаби
39.682255,64.06528,20-сонли умумий ўрта таълим мактаби
39.6886,64.08869,21-сонли умумий ўрта таълим мактаби
39.707363,64.11248,22-сонли умумий ўрта таълим мактаби
39.854385,64.26783,23-сонли умумий ўрта таълим мактаби
39.702713,64.0867,25-умум таълим мактаб
39.738148,64.110306,26-сонли умумий ўрта таълим мактаби
39.669018,64.0728,27-sonli umumiy o'rta ta'lim maktabi
39.759624,64.117714,31-son umumiy o'rta ta'lim maktabi
39.772594,64.18283,32-sonli umumiy o'rta ta'lim maktabi
39.775497,64.2116,33-сонли умумий ўрта таълим мактаби
39.800823,64.16639,36-сонли умумий ўрта таълим мактаби
39.807133,64.19971,Buxoro viloyati Jondor tuman 38-umumiy o'rta'lim maktabi
39.854385,64.26783,39-sonli umumiy o‘rta ta'lim maktab
39.80746,64.19911,40-sonli umumiy orrta ta'lim maktabii
39.807922,64.25405,41-сонли умумий ўрта таълим мактаби
39.79809,64.249794,Jondor tumani 42-maktab
39.852596,64.19089,44-сонли умумий ўрта таълим мактаби
39.853134,64.234764,45-сонли умумий ўрта таълим мактаби
39.81362,64.18454,46-sonli umumiy o'rta ta'lim maktabi
39.69074,64.154205,47-сонли умумий ўрта таълим мактаби
39.746387,64.18066,2-сонли ихтисослаштирилган давлат умумтаълим мактаби
39.742733,64.17361,50-sonli umumiy o'rta ta'lim maktabi
39.72626,64.255974,4-sonli umumiy o'rta ta'lim maktabi
39.72668,64.1959,48-sonli umumiy o'rta ta'lim maktabi
39.731106,64.08471,28-сонли умумий ўрта таълим мактаби
39.773308,64.13278,34-сонли умумий ўрта таълим мактаби
39.8261,64.28768,43-сонли умумий ўрта таълим мактаби
39.659492,64.07435,16-сонли умумий ўрта таълим мактаби
39.736984,64.122635,29-сонли умумий ўрта таълим мактаби
39.708843,64.09105,24-сонли умумий ўрта таълим мактаби
39.751286,64.148384,30-сонли умумий ўрта таълим мактаби
39.6378,64.03589,19-сонли умумий ўрта таълим мактаби
39.79098,64.127846,35-сонли умумий ўрта таълим мактаби
39.7596549987793,64.10266876220703,"49-IDUM,Jondor,Bukhara"
39.791603,64.16575,37-сонли умумий ўрта таълим мактаби
39.49624,64.79236,1-sonli umumiy o'rta ta'lim maktabi
39.49679,64.78742,2-сонли умумий ўрта таълим мактаби
39.454243,64.92875,3-sonli umumiy o'rta ta'lim maktabi
39.440063,64.878296,4-сонли умумий ўрта таълим мактаби
39.49605941772461,64.77259063720703,"7,Qorovulbozor,Bukhara"
39.497047,64.77351,8-sonli ixtisoslashtirilgan davlat umumta’lim maktabi
39.43306,65.02373,5-сонли умумий ўрта таълим мактаби
39.421436,64.73837,6-сонли умумий ўрта таълим мактаби
39.747135,64.57836,1-сонли умумий ўрта таълим мактаби
39.874187,64.59906,2-сонли умумий ўрта таълим мактаби
39.850883,64.56452,3-сонли умумий ўрта таълим мактаби
39.716576,64.479744,4-сонли умумий ўрта таълим мактаби
39.771626,64.571236,5-Умимий ўрта таьлим мактаби
39.84849,64.53843,7-sonli umumiy o'rta ta'lim maktabi
39.6641,64.4597,8-umumiy o'rta ta'lim maktabi
39.71598,64.5167,9-sonli umumiy o'rta talim maktrabi
39.742374,64.50625,10-сонли умумий ўрта таълим мактаби
39.751457,64.4835,11-сонли умумий ўрта таълим мактаби
39.80761,64.50486,12-sonli umumiy o'rta ta'lim maktabi
39.76785,64.49423,14-сонли умумий ўрта таълим мактаби
39.759563,64.56725,25-sonli umumiy o`rta ta`lim maktabi
39.826485,64.595924,6-сонли умумий ўрта таълим мактаби
39.74648,64.41386,13-сонли умумий ўрта таълим мактаби
39.874187,64.59906,15-umumta'lim maktab
39.723114,64.50266,16-сонли умумий ўрта таълим мактаби
39.798878,64.52899,17-сонли умумий ўрта таълим мактаби
39.747135,64.57836,19-сонли умумий ўрта таълим мактаби
39.796158,64.57175,21-сонли умумий ўрта таълим мактаби
39.742374,64.50625,18-sonli umumiy o'rta ta'lim maktabi
39.812412,64.54891,20-сонли умумий ўрта таълим мактаби
39.72272,64.55554,3-sonli umumiy o'rta ta'lim maktabi
39.718933,64.55012,4-sonli umumiy o'rta ta'lim maktabi
39.723213,64.56604,5-sonli ixtisoslashtirilgan davlat umumta’lim maktabi
39.72032,64.57163,6-sonli umumiy o'rta ta'lim maktabi
39.738644,64.553444,7-sonli umumiy o'rta ta'lim maktabi
39.7264,64.52547,8-sonli umumiy o'rta ta'lim maktabi
39.735813,64.53832,9-sonli umumiy o'rta ta'lim maktabi
39.72027,64.53978,10-sonli umumta’lim maktabi
39.72506332397461,64.54475402832031,"17-IDUM,Kogon,Bukhara"
39.722202,64.551285,1-sonli umumiy o'rta ta'lim maktabi
39.728817,64.542786,2-sonli umumiy o'rta ta'lim maktabi
39.530865,63.8213,1-сонли умумий ўрта таълим мактаби
39.607674,63.96949,2-сонли умумий ўрта таълим мактаби
39.58204,63.95123,5-sonli umumiy o'rta ta'lim maktabi
39.504723,63.84009,8-сонли умумий ўрта таълим мактаби
39.398773,63.81639,9-сонли умумий ўрта таълим мактаби
39.49028,63.78568,10-сонли умумий ўрта таълим мактаби
39.471245,63.71259,11-сонли умумий ўрта таълим мактаби
39.48703,63.69317,12-сонли умумий ўрта таълим мактаби
39.51891,63.83853,15-сонли умумий ўрта таълим мактаби
39.5594,63.84948,16-сонли умумий ўрта таълим мактаби
39.48644,63.74485,17-сонли умумий ўрта таълим мактаби
39.531914,63.82646,18-сонли умумий ўрта таълим мактаби
39.521328,63.79241,19-сонли умумий ўрта таълим мактаби
39.552776,63.7815,20-сонли умумий ўрта таълим мактаби
39.55098,63.7501,21-сонли умумий ўрта таълим мактаби
39.53094,63.72037,22-сонли умумий ўрта таълим мактаби
39.55692,63.8105,23-сонли умумий ўрта таълим мактаби
39.535095,63.78747,24-сонли умумий ўрта таълим мактаби
39.544155,63.67685,26-сонли умумий ўрта таълим мактаби
39.520218,63.68663,28-сонли умумий ўрта таълим мактаби
39.48738,63.63817,30-сонли умумий ўрта таълим мактаби
39.507603,63.64756,32-сонли умумий ўрта таълим мактаби
39.51302,63.76767,34-umumta'lim maktabi
39.493607,63.81051,38-сонли умумий ўрта таълим мактаби
39.548798,63.68052,40-сонли умумий ўрта таълим мактаби
39.472435,63.65231,41-sonli umumiy o'rta ta'lim maktabu
39.55465,63.74042,42-сонли умумий ўрта таълим мактаби
39.55464,63.80724,52-сонли умумий ўрта таълим мактаби
39.55861,63.90789,3-сонли умумий ўрта таълим мактаби
39.479225,63.67882,49-сонли умумий ўрта таълим мактаби
39.507786,63.72822,37-сонли умумий ўрта таълим мактаби
39.4577,63.67899,13-сонли умумий ўрта таълим мактаби
39.5129,63.69609,50-сонли умумий ўрта таълим мактаби
39.583065,63.95172,43-sonli umumiy o'rta ta'lim maktabi
39.522064,63.84756,47-сонли умумий ўрта таълим мактаби
39.491074,63.77379,39-сонли умумий ўрта таълим мактаби
39.55667,63.69703,51-сонли умумий ўрта таълим мактаби
39.473255,63.6179,44-сонли умумий ўрта таълим мактаби
39.503933,63.62876,46-сонли умумий ўрта таълим мактаби
39.48197,63.62526,33-сонли умумий ўрта таълим мактаби
39.499355,63.85422,4-сонли умумий ўрта таълим мактаби
39.58403,63.96723,6-сонли умумий ўрта таълим мактаби
39.557213,63.88686,14-сонли умумий ўрта таълим мактаби
39.50865,63.82502,27-сонли умумий ўрта таълим мактаби
39.47935,63.66067,29-сонли умумий ўрта таълим мактаби
39.526737,63.65478,31-сонли умумий ўрта таълим мактаби
39.497696,63.67089,35-сонли умумий ўрта таълим мактаби
39.47211,63.75075,36-сонли умумий ўрта таълим мактаби
39.472435,63.65231,45-сонли умумий ўрта таълим мактаби
39.51166534423828,63.84086227416992,"QXMM,Qorakul,Bukhara"
39.534134,63.69577,48-сонли умумий ўрта таълим мактаби
39.53995,63.94543,7-сонли умумий ўрта таълим мактаби
39.42187,63.80601,1-sonli  umumiy o'rta ta'lim maktabi
39.415802,63.81487,2-umumiy o'rta ta'lim maktab
39.46987,63.81843,3-sonli umumiy o'rta ta'lim maktabi
39.434616,63.790394,4-sonli umumiy o'rta ta'lim maktabi
39.444042,63.762245,5-sonli umumiy o'rta ta'lim maktabi
39.40812,63.713287,6-sonli umumiy o'rta ta'lim maktabi
39.405354,63.767513,7-sonli umumiy o'rta ta'lim maktabi
39.36891,63.748558,8-sonli umumiy o'rta ta'lim maktabi
39.398678,63.817104,9-umumiy o'rta ta'lim maktabi
39.379826,63.81297,10-sonli umumiy o'rta ta'lim maktabi
39.391304,63.785557,11-sonli umumiy o'rta ta'lim maktabi
39.46055,63.87292,12-umumiy o`rta ta`lim maktabi
39.432354,63.877754,13-sonli umumiy o'rta ta'lim maktabi
39.415367,63.84804,14-sonli umumiy o'rta ta'lim maktabi
39.380093,63.836136,15-sonli umumiy o'rta ta'lim maktabi
39.38322,63.890656,16-sonli umumiy o'rta ta'lim maktabi
39.392056,63.89292,17-sonli umumiy o'rta ta’lim maktabi
39.393726,63.936947,18-sonli umumiy o'rta ta'lim maktabi
39.4167,63.942364,19-sonli umumiy o'rta ta'lim maktabi
39.329647,63.9583,20-sonli umumiy o'rta ta'lim maktabi
39.373356,63.943527,21-sonli umumiy o'rta ta'lim maktabi
39.3664,63.894276,22-sonli umumiy o'rta ta'lim maktabi
39.43325,63.735676,23-sonli umumiy o'rta ta'lim maktabi
39.4558,63.744854,24-sonli umumiy o'rta ta'lim maktabi
39.406067,63.800365,25-sonli umumiy o'rta ta'lim maktabi
39.401924,63.74062,26-sonli umumiy o'rta ta'lim maktabi
39.444668,63.83566,27-sonli umumiy o'rta ta'lim maktabi
39.419094,63.796673,28-sonli umumiy o'rta ta'lim maktabi
39.409824,63.872448,29-sonli umumiy o'rta ta'lim maktabi
39.383877,63.851208,30-sonli umumiy o'rta ta'lim maktabi
39.41139221191406,63.781150817871094,"31,Olot,Bukhara"
39.355164,63.75215,32-sonli umumiy o'rta ta'lim maktabi
39.447334,63.899445,33-sonli umumiy o'rta ta'lim maktabi
39.38281,63.754387,34-sonli umumiy o'rta ta'lim maktabi
39.414654,63.81151,14-sonli ixtisoslashtirilgan davlat umumta’lim maktabi
39.93286,64.38679,1-сонли умумий ўрта таълим мактаби
39.937153,64.387146,2-сонли умумий ўрта таълим мактаби
39.932755,64.38014,3-сонли умумий ўрта таълим мактаби
39.949783,64.39798,4-сонли умумий ўрта таълим мактаби
39.98077,64.40873,5-сонли умумий ўрта таълим мактаби
39.976364,64.37581,6-сонли умумий ўрта таълим мактаби
39.94202,64.373886,7-sonli ixtisoslashtirilgan davlat umumta’lim maktabi
39.93724,64.343575,8-сонли умумий ўрта таълим мактаби
39.908676,64.33703,9-сонли умумий ўрта таълим мактаби
39.95041,64.346375,10-sonli umumiy o'rta ta'lim maktabi
39.95193,64.26674,11-sonli umumiy o'rta ta'lim maktabi
39.931633,64.30148,12-сонли умумий ўрта таълим мактаби
39.914135,64.331696,13-сонли умумий ўрта таълим мактаби
39.955063,64.30443,14-сонли умумий ўрта таълим мактаби
39.97458,64.31035,15-сонли умумий ўрта таълим мактаби
39.988724,64.29581,16-сонли умумий ўрта таълим мактаби
39.99655,64.24666,17-сонли умумий ўрта таълим мактаби
40.01027,64.26196,18-сонли умумий ўрта таълим мактаби
40.00838,64.21269,19-сонли умумий ўрта таълим мактаби
39.987286,64.20472,20-сонли умумий ўрта таълим мактаби
39.976486,64.22866,21-сонли умумий ўрта таълим мактаби
39.94754,64.254654,22-sonli umumiy o'rta ta'lim maktabi
39.959126,64.25441,23-sonli umumiy o`rta ta`lim maktabi
39.94755,64.27686,24-sonli umumiy o'rta ta'lim maktabi
39.93959,64.16289,Romitan tuman 25-sonli umumiy o'rta ta'lim maktabi
39.915997,64.2365,26-сонли умумий ўрта таълим мактаби
39.918354,64.24119,27-sonli umumiy o'rta ta'lim maktabi
39.899162,64.23387,28-сонли умумий ўрта таълим мактаби
39.877438,64.29587,29-сонли умумий ўрта таълим мактаби
39.85943,64.28185,30-sonli umumiy o'rta ta'lim maktabi
39.845978,64.319725,31-сонли умумий ўрта таълим мактаби
39.897236,64.27383,32-сонли умумий ўрта таълим мактаби
39.897564,64.28924,33-сонли умумий ўрта таълим мактаби
39.908085,64.29093,34-sonli umumta'lim maktabi
39.898457,64.29944,35-сонли умумий ўрта таълим мактаби
40.13019,63.45278,36-сонли умумий ўрта таълим мактаби
39.77734,64.45184,37-sonli umumiy o'rta ta'lim maktabi
40.71881,62.484028,38-сонли умумий ўрта таълим мактаби
40.54891,62.197052,39-umumiy orta maktab
40.393295,62.36947,40-сонли умумий ўрта таълим мактаби
39.93028,64.379906,41-sonli umumiy o'rta ta'lim maktabi
39.93028,64.379906,11-sonli  ixtisoslashtirilgan  davlat  umumta'lim  maktab-internati
40.130191802978516,63.452781677246094,"26-ICHBMMI,Romitan,Bukhara"
40.12251,64.50315,1-сонли умумий ўрта таълим мактаби
40.11636,64.49517,2-сонли умумий ўрта таълим мактаби
40.112408,64.56852,3-sonli umumiy o'rta ta'lim maktabi
40.148724,64.605804,4-sonli umumiy o'rta ta'lim maktabi
40.14714,64.5501,5-sonli umumiy o`rta ta`lim maktabi
40.144062,64.510056,6-сонли умумий ўрта таълим мактаби
40.177303,64.44925,7-sonli umumiy o'rta ta'lim maktabi
40.134502,64.37004,8-sonli umumiy o'rta ta'lim maktabi
40.133595,64.41389,9-сонли умумий ўрта таълим мактаби
40.11739,64.43509,10-sonli umumiy o`rta ta`lim maktabi
40.08932,64.4614,11-сонли умумий ўрта таълим мактаби
40.124016,64.47778,12-сонли умумий ўрта таълим мактаби
40.09255,64.504456,13-umumiy órta ta'lim maktabi
40.142742,64.577736,14-sonli umumiy o'rta ta'lim maktabi
40.102943,64.46136,15-sonli umumiy o'rta ta'lim maktabi
40.137867,64.47364,16- sonli umumta'lim maktabi
40.142147,64.48771,17-сонли умумий ўрта таълим мактаби
40.13158,64.51783,18-sonli umumiy o'rta ta'lim maktabi
40.12719,64.4545,19-sonli umumiy o'rta ta'lim maktabi
40.17125,64.42382,20-сонли умумий ўрта таълим мактаби
40.12026,64.41252,21-sonli umumiy o'rta ta'lim maktabi
40.160206,64.56782,22-sonli umumiy o'rta ta'lim maktabi
40.152542,64.60086,23-sonli umumiy o'rta ta'lim maktabi
40.12983,64.602036,24-sonli umumiy o'rta ta'lim maktabi
40.10387,64.487564,25-sonli umumiy o'rta tsalim maktabi
40.16773,64.543465,26-sonli umumiy o'rta ta'lim maktabi
40.10124,64.55199,27-sonli maktabi
40.10641,64.52932,28-sonli umumiy o'rta ta'lim maktabi
40.189182,64.48933,29-sonli umumiy o'rta ta'lim maktabi
40.16145,64.39171,30-сонли умумий ўрта таълим мактаби
40.07381,64.43513,31-sonli umumiy o'rta ta'lim maktabi
40.09141,64.40522,32-sonli umumiy o'rta ta'lim maktabi
40.11727,64.38309,33-sonli umumiy o'rta ta'lim maktabi
40.1278,64.47081,34-sonli umumiy o'rta ta'lim maktabi
40.15449,64.62176,35-сонли умумий ўрта таълим мактаби
40.10348,64.43301,36-сонли умумий ўрта таълим мактаби
40.114277,64.505226,38-sonli ixtisoslashtirilgan davlat umumta’lim maktabi
40.684937,63.793736,39-sonli umumiy o'rta ta'lim maktabi
40.11351,64.47277,40-sonli umumiy o`rta ta`lim maktabi
40.092445,64.47662,41-сонли умумий ўрта таълим мактаби
40.11786,64.54038,42-sonli umumta'lim maktabi
40.206947,64.58548,43-sonli umumiy o'rta ta'lim maktabi
40.091534,64.44488,44-сонли умумий ўрта таълим мактаби
40.15542,64.545296,45-сонли умумий ўрта таълим мактаби
40.14163,64.609215,46-сонли умумий ўрта таълим мактаби
40.17521,64.62478,47-сонли умумий ўрта таълим мактаби
40.1574,64.56017,48-сонли умумий ўрта таълим мактаби
40.14912,64.53584,49-sonli umumiy o'rta ta'lim maktabi
40.175613,64.604576,50-сонли умумий ўрта таълим мактаби
40.169018,64.38102,52-сонли умумий ўрта таълим мактаби
40.18234,64.42906,51-umumiy o'rta ta'lim maktabi
40.07973,64.48774,53-sonli umumiy o'rta ta'lim maktabi
40.14444,64.41142,54-sonli umumiy o'rta ta'lim maktabi
40.11945,64.498245,55-sonli umumiy o'rta ta'lim maktabi
40.127563,64.4536,56-sonli umumiy o`rta ta'lim maktabi
39.77077,64.44003,1-sonli umumiy o'rta ta'lim maktabi
39.770557,64.42721,2-sonli umumiy o'rta ta'lim maktabi
39.78371,64.402756,3-sonli umumiy o'rta ta'lim maktabi
39.775475,64.43169,4-sonli umumiy o'rta ta'lim maktabi
39.777664,64.42521,5-sonli umumiy o'rta ta'lim maktabi
39.776012,64.40988,6-sonli umumiy o'rta ta’lim maktabi
39.76475,64.454124,7-sonli  umumiy o'rta ta’lim maktabi
39.744408,64.43137,8-sonli umumiy o'rta ta'lim maktabi
39.773384,64.41261,9-sonli umumiy o'rta ta'lim maktabi
39.773373,64.41092,10-sonli umumiy o'rta ta'lim maktabi
39.791046,64.419685,11-sonli umumiy o'rta ta'lim maktabi
39.737762,64.43879,12-sonli umumiy o'rta ta'lim maktabi
39.746014,64.41396,13-sonli umumiy o'rta ta'lim maktabi
39.7692,64.40179,14-sonli umumiy o'rta ta'lim maktabi
39.78085,64.416306,15-sonli umumiy o'rta ta'lim maktabi
39.765877,64.45277,16-sonli umumiy o'rta ta'lim maktabi
39.766373,64.43484,17-sonli umumiy o'rta ta'lim maktabi
39.784695,64.42668,18-sonli umumiy o'rta ta'lim maktabi
39.760815,64.42781,19-sonli umumiy o'rta ta'lim maktabi
39.763798,64.46171,20-sonli umumiy o'rta ta'lim maktabi
39.751846,64.43057,21-sonli umumiy o'rta ta'lim maktabi
39.788338,64.430756,22-umumiy o'rta ta'lim  maktabi
39.753117,64.4313,23-sonli umumiy o'rta ta'lim maktabi
39.80499,64.46397,24-sonli umumiy o'rta ta'lim maktabi
39.793224,64.47434,25-sonli umumiy o'rta ta'lim maktabi
39.81754,64.42507,26-sonli umumiy o'rta ta'lim maktabi
39.803764,64.49129,27-sonli umumiy o'rta ta'lim maktabi
39.73753,64.43747,28-sonli umumiy o'rta ta'lim maktabi
39.76737,64.41334,29-sonli ixtisoslashtirilgan davlat umumta’lim maktabi
39.738914,64.437996,30-sonli umumiy o'rta ta'lim maktabi
39.74464,64.42049,31-sonli umumiy o'rta ta'lim maktabi
39.736267,64.431,32-sonli umumiy o'rta ta'lim maktabi
39.76282,64.390724,33-sonli umumiy o'rta ta'lim maktabi
39.744495,64.43387,34-sonli umumiy o'rta ta'lim maktabi
39.747204,64.40803,35-sonli ixtisoslashtirilgan davlat umumta’lim maktabi
39.73753,64.43747,36-sonli ixtisoslashtirilgan davlat umumta’lim maktabi
39.737453,64.437416,37-sonli umumiy o'rta ta'lim maktabi
39.753796,64.425644,38-sonli umumiy o'rta ta'lim maktabi
39.73753,64.43747,39-sonli umumiy o'rta ta’lim maktabi
39.77108,64.38226,40-sonli umumiy o'rta ta'lim maktabi
39.797985,64.41781,41-sonli umumiy o'rta ta'lim maktabi
39.773506,64.43361,42-sonli ixtisoslashtirilgan davlat umumta’lim maktabi
39.739674,64.40194,43-sonli umumiy o'rta ta'lim maktabi
39.75391387939453,64.40103149414062,"123-INTERNAT,Bukhara,Bukhara"
40.501194,67.879585,1-sonli umumiy o'rta ta'lim maktabi
40.471222,67.78455,2-sonli umumiy o'rta ta'lim maktabi
40.542805,67.78161,Arnasoy tumani 3-sonli umumiy o'rta ta'lim maktabi
40.61586,67.79522,Arnasoy tumani 4-sonli umumiy o'rta ta'lim maktabi
40.562943,67.88936,5-sonli umumiy o'rta ta'lim maktabi
40.699055,67.87136,6-sonli umumiy o'rta ta'lim maktabi
40.60967,67.79242,7-sonli umumiy o'rta ta'lim maktabi
40.499084,67.87628,8-sonli ayrim fanlar chuqur o'qitiladigan sinflari mavjud umumiy o'rta ta'lim maktabi
40.691307,67.83822,9-sonli umumiy o'rta ta'lim maktabi
40.501194,67.879585,10-sonli umumiy o'rta ta'lim maktabi
40.546833,67.77725,Arnasoy tuman 11-sonli umumiy o'rta ta'lim maktabi
40.467083,67.74842,12-sonli umumiy o'rta ta'lim maktabi
40.565723,67.89061,13-sonli umumiy o'rta ta'lim maktabi
40.473415,67.7877,14-sonli umumiy o'rta ta'lim maktabi
40.698307,67.87214,15-sonli umumiy o'rta ta'lim maktabi
40.61336,67.78631,16-sonli umumiy o'rta ta'lim maktabi
40.585445,67.79139,17-sonli umumiy o'rta ta'lim maktabi
40.600723,67.6295,18-sonli umumiy o'rta ta'lim maktabi
40.69042,67.83853,19-sonli umumiy o'rta ta'lim maktabi
40.498333,67.86694,20-sonli  umumiy o'rta ta’lim maktabi
40.49272,67.88086,Arnasoy tumani 22-sonli umumiy o'rta ta'lim maktabi
39.72378,67.66201,2-sonli umumiy o'rta ta'lim maktabi
39.73097,67.65058,3-sonli umumiy o'rta ta'lim maktabi
39.737415,67.63315,4-sonli umumiy o'rta ta'lim maktabi
39.75193,67.64686,6-sonli ayrim fanlar chuqur o‘qitiladigan sinflari mavjud umumiy o‘rta ta’lim maktabi
39.770973,67.71683,9-sonli umumiy o'rta ta'lim maktabi
39.76094,67.76979,10-sonli umumiy o'rta ta'lim maktabi
39.7472,67.77847,11-sonli umumiy o'rta ta'lim maktabi
39.726692,67.848,12-sonli umumiy o'rta ta'lim maktabi
39.746487,67.90499,13-sonli umumiy o'rta ta'lim maktabi
39.72323,67.928604,15-sonli umumiy o'rta ta'lim maktabi
39.727505,67.94308,16-sonli umumiy o'rta ta'lim maktabi
39.72051,67.96035,17-sonli umumiy o'rta ta'lim maktabi
39.714653,68.008705,19-sonli umumiy o'rta ta'lim maktabi
39.71426,68.13572,21-sonli umumiy o'rta ta'lim maktabi
39.722687,68.07396,22-sonli umumiy o'rta ta'lim maktabi
39.74627,67.979546,23-sonli umumiy o'rta ta'lim maktabi
39.765137,67.92652,24-sonli umumiy o'rta ta'lim maktabi
39.77906,67.87269,25-sonli umumiy o'rta ta'lim maktabi
39.777405,67.82048,26-sonli umumiy o'rta ta'lim maktabi
39.82315,67.77016,27-sonli umumiy o'rta ta'lim maktabi
39.834965,67.712326,28-sonli umumiy o'rta ta'lim maktabi
39.848686,67.709946,29-sonli umumiy o'rta ta'lim maktabi
39.86396,67.665695,30-sonli umumiy o'rta ta'lim maktabi
39.799313,67.498604,31-sonli umumiy o'rta ta'lim maktabi
39.786514,67.47821,32-sonli umumiy o'rta ta'lim maktabi
39.759693,67.5181,34-sonli umumiy o'rta ta'lim maktabi
39.754375,67.5035,35-sonli umumiy o'rta ta'lim maktabi
39.742195,67.466866,Jizzax viloyati Baxmal tumani Maktabgacha va maktab ta'limi bo`limiga qarashli 36-sonli umumiy o`rta ta'lim maktabi
39.737816,67.39621,37-sonli umumiy o'rta ta'lim maktabi
39.775955,67.53441,33-sonli umumiy o'rta ta'lim maktabi
39.7224,67.4064,38-sonli umumiy o'rta ta'lim maktabi
39.756493,67.88535,39-sonli umumiy o'rta ta'lim maktabi
39.740753,67.483665,40-sonli umumiy o'rta ta'lim maktabi
39.706932,67.45852,41-sonli umumiy o'rta ta'lim maktabi
39.696712,67.414734,42-sonli umumiy o'rta ta'lim maktabi
39.6829,67.54715,43-sonli umumiy o'rta ta'lim maktabi
39.658524,67.43212,44-sonli umumiy o'rta ta'lim maktabi
39.734406,67.7768,45-sonli umumiy o'rta ta'lim maktabi
39.643764,67.513855,46-sonli umumiy o'rta ta'lim maktabi
39.672756,67.56114,47-sonli umumiy o'rta ta'lim maktabi
39.695732,67.55558,48-sonli umumiy o'rta ta'lim maktabi
39.64358,67.550285,49-sonli umumiy o'rta ta'lim maktabi
39.69107,67.441376,Baxmal tuman MMTB ga qarashli 50-sonli umumiy o'rta ta'lim maktabi
39.68177,67.93773,51-sonli umumiy o'rta ta'lim maktabi
39.796032,67.81053,52-sonli umumiy o'rta ta'lim maktabi
39.6289,67.49833,53-sonli umumiy o'rta ta'lim maktabi
39.66882,67.51827,54-sonli umumiy o'rta ta'lim maktabi
39.674965,68.14195,55-sonli umumiy o'rta ta'lim maktabi
39.76708,67.4885,56-sonli umumiy o'rta ta'lim maktabi
39.765366,67.53233,Baxmal tumani 57-sonli umumiy o'rta ta'lim maktabi
39.683666,67.9777,58-sonli umumiy o'rta ta'lim maktabi
39.73959,67.69334,59-sonli umumiy o'rta ta'lim maktabi
39.739746,67.97658,60-sonli umumiyil o'rta ta'lim maktabi
39.690353,67.928535,61-sonli umumiy o'rta ta'lim maktabi
39.703743,68.16363,62-sonli umumiy o'rta ta'lim maktabi
39.725838,67.42269,63-sonli umumiy o'rta ta'lim maktabi
39.77126,67.52218,Baxmal tuman 64-sonli umumiy o'rta ta'lim maktabi
39.724117,67.63751,65-sonli umumiy o'rta ta'lim maktabi
39.753075,67.456985,66-sonli umumiy o'rta ta'lim maktabi
39.82184,67.747734,67-sonli umumiy o'rta ta'lim maktabi
39.76425,67.65436,68-умумий урта таълим мактаби
39.734657,67.635735,69-sonli umumiy o'rta ta'lim maktabi
39.716167,67.86612,70-sonli umumiy o'rta ta'lim maktabi
39.721046,67.904755,71-sonli umumiy o'rta ta'lim maktabi
39.700546,68.00842,72-sonli umumiy o'rta ta'lim maktabi
39.66431,67.41235,73-sonli umumiy o'rta ta'lim maktabi
39.71287,67.437454,Baxmal tumani 74-sonli umumiy o'rta ta'lim maktabi
39.696144,68.04406,75-sonli umumiy o'rta ta'lim maktabi
39.748184,67.48136,76-sonli umumiy o'rta ta'lim maktabi
39.64745,67.425896,77-sonli umumiy o'rta ta'lim maktabi
39.74497,67.61466,79-sonli umumiy o'rta ta'lim maktabi
39.71996,68.10001,80-sonli umumiy o'rta ta'lim maktabi
39.740513,67.65363,81-sonli sonli ayrim fanlar chuqur o‘qitiladigan sinflari mavjud umumiy o‘rta ta’lim maktabi
39.743073,67.65237,1-sonli umumiy o'rta ta'lim maktabi
39.751114,67.63253,5-sonli umumiy o'rta ta'lim maktabi
39.742252,67.66533,7-sonli umumiy o'rta ta'lim maktabi
39.75372,67.71818,8-sonli umumiy o'rta ta'lim maktabi
39.691902,67.915245,14-sonli umumiy o'rta ta'lim maktabi
39.725285,68.00242,18-sonli umumiy o'rta ta'lim maktabi
39.70471,68.03513,20-sonli umumiy o'rta ta'lim maktabi
39.892868,67.638855,2-sonli umumiy o'rta ta'lim maktabi
40.180218,67.29347,3-sonli umumiy o'rta ta'lim maktabi
40.033276,67.10855,1-sonli umumiy o'rta ta'lim maktabi
40.21419,67.33548,4-sonli umumiy o'rta ta'lim maktabi
40.14228,67.49038,5-sonli umumiy o'rta ta'lim maktabi
40.088806,67.20643,6-sonli umumiy o'rta ta'lim maktabi
40.037613,67.14558,7-sonli umumiy o'rta ta'lim maktabi
40.043545,67.370804,8-sonli umumiy o'rta ta'lim maktabi
40.051857,67.28878,9-sonli umumiy o'rta ta'lim maktabi
40.22863,67.28458,10-sonli umumiy o'rta ta'lim maktabi
40.07703,67.197105,11-sonli umumiy o'rta ta'lim maktabi
40.06718,67.654976,12-sonli umumiy o'rta ta'lim maktabiabi
39.964474,67.25598,13-sonli umumiy o'rta ta'lim maktabi
40.127155,67.423485,14-sonli umumiy o'rta ta'lim maktabi
39.94348,67.32965,15-sonli umumiy o'rta ta'lim maktabi
40.036327,67.58405,16-sonli umumiy o'rta ta'lim maktabi
39.904224,67.422134,17-sonli umumiy o'rta ta'lim maktabi
40.024124,67.45103,18-sonli umumiy o'rta ta'lim maktabi
39.952602,67.54537,19-sonli umumiy o'rta ta'lim maktabi
39.96841,67.56756,20-sonli umumiy o'rta ta'lim maktabi
40.15905,67.25046,21-sonli umumiy o'rta ta'lim maktabi
39.939816,67.45997,22-sonli umumiy o'rta ta'lim maktabi
39.988964,67.60562,23-sonli umumiy o'rta ta'lim maktabi
39.98195,67.56581,24-sonli umumiy o'rta ta'lim maktabi
40.03203,67.593735,25-sonli Ayrim fanlar chuqur o'qitiladigan sinflari mavjud umumiy o'rta ta'lim maktabi
39.99382,67.587944,26-sonli umumiy o‘rta ta'lim maktabi
40.00878,67.60306,27-sonli umumiy o'rta ta'lim maktabi
39.98204,67.599495,28-sonli umumiy o'rta ta'lim maktabi
39.930065,67.589035,29-sonli umumiy o'rta ta'lim maktabi
39.86601,67.59018,30-sonli umumiy o'rta ta'lim maktabi
39.91206,67.62957,31-sonli umumiy o'rta ta'lim maktabi
39.92026,67.65597,32-sonli umumiy o'rta ta'lim maktabi
39.904133,67.6751,33-sonli umumiy o'rta ta'lim maktabi
39.94294,67.58831,34-sonli umumiy o'rta ta'lim maktabi
40.198196,67.350876,35-sonli umumiy o'rta ta'lim maktabi
39.877872,67.496086,36-sonli umumiy o'rta ta'lim maktabi
40.07246,67.11738,37-sonli umumiy o'rta ta'lim maktabi
39.94938,67.29126,38-sonli umumiy o'rta ta'lim maktabi
39.97309,67.2461,39-sonli umumiy o'rta ta'lim maktabi
39.959927,67.214165,40-umumiy o'rta ta'lim maktabi
39.961403,67.14893,41-sonli umumiy o'rta ta'lim maktabi
40.023582,67.57614,42-sonli umumiy o'rta ta'lim maktabi
39.88354,67.586296,43-sonli umumiy o'rta ta'lim maktabi
40.021606,67.58635,44-sonli umumiy o'rta ta'lim maktabi
39.999187,67.561424,45-sonli umumiy o'rta ta'lim maktabi
39.950733,67.57391,46-sonli umumiy o'rta ta'lim maktabi
39.97334,67.506645,47-sonli umumiy o'rta ta'lim maktabi
40.122482,67.50522,48-sonli umumiy o'rta ta'lim maktabi
40.11734,67.094284,49-sonli umumiy o'rta ta'lim maktabi
40.154613,67.08051,50-sonli umumiy o'rta ta'lim maktabi
40.050636,67.108185,51-sonli umumiy o'rta ta'lim maktabi
39.931717,67.446625,52-sonli umumiy o'rta ta'lim maktabi
40.092068,67.57211,54-sonli umumiy o'rta ta'lim maktabi
39.952965,67.56133,55-sonli umumiy o'rta ta'lim maktabi
40.020638,67.594185,56-sonli umumiy o'rta ta'lim maktabi
39.90058,67.62079,57-sonli ayrim fanlar chuqur o‘qitiladigan sinflari mavjud umumiy o‘rta ta’lim maktabi
40.02815,67.61306,58-sonli umumiy o'rta ta'lim maktabi
40.16345,67.45432,59-sonli umumiy o'rta ta'lim maktabi
40.220955,67.34234,60-sonli umumiy o'rta ta'lim maktabi
39.98212,67.50181,62-sonli umumiy o'rta ta'lim maktabi
40.064556,67.670296,63-sonli umumiy o'rta ta'lim maktabi
40.129913,67.00752,64-sonli umumiy o'rta ta'lim maktabi
39.929535,67.48473,65-sonli umumiy o'rta ta'lim maktabi
39.904285,67.51131,66-sonli umumiy o'rta ta'lim maktabitabi
40.00385,67.54783,67-sonli umumiy o'rta ta'lim maktabi
40.123756,67.026085,68-sonli umumiy o'rta ta'lim maktabi
39.970383,67.198105,69-sonli umumiy o'rta ta'lim maktabi
39.96379,67.18092,70-sonli umumiy o'rta ta'lim maktabi
40.096382,67.10743,71-sonli umumiy o'rta ta'lim maktabi
39.951794,67.11103,72-sonli umumiy o'rta ta'lim maktabi
39.933506,67.42389,73-sonli umumiy o'rta ta'lim maktabi
40.018326,67.6222,74-sonli umumiy o'rta ta'lim maktabi
40.000965,67.607956,75-sonli umumiy o'rta ta'lim maktabi
39.959587,67.23368,76-sonli umumiy o'rta ta'lim maktabi
39.925198,67.67212,77-sonli umumiy o'rta ta'lim maktabi
40.039886,67.5912,78-sonli umumiy o'rta ta'lim maktabi
39.899742,67.64307,79-sonli umumiy o'rta ta'lim maktabi
39.924744,67.57117,80-sonli umumiy o'rta ta'lim maktabi
39.960148,67.5037,81-sonli umumiy o'rta ta'lim maktabi
40.19292,67.25379,82-umumiy o'rta ta'lim maktabi
39.93506,67.3842,83-sonli umumiy o'rta ta'lim maktabi
39.91197,67.636765,84-sonli umumiy o'rta ta'lim maktabi
39.99912,67.45241,85-sonli umumiy o'rta ta'lim maktabi
39.941116,67.459656,86-sonli umumiy o'rta ta'lim maktabi
39.900898,67.61937,87-sonli umumiy o'rta ta'lim maktabi
40.040005,67.59165,88-sonli ayrim fanlar chuqur o'qitiladigan sinflari mavjud umumiy o'rta ta'lim maktabi
40.031727,67.59366,90-sonli umumiy o'rta ta'lim maktabi
39.97378,67.5894,91-sonli umumiy o'rta ta'lim maktabi
40.13122,67.791084,1-sonli umumiy o'rta ta'lim maktabi
40.05661,67.87728,3-sonli umumiy o'rta ta'lim maktabi
40.14408,67.79894,4-sonli umumiy o'rta ta'lim maktabi
40.148193,67.758026,5-sonli umumiy o'rta ta'lim maktabi
40.159557,67.810196,6-sonli umumiy o'rta ta'lim maktabi
40.068577,67.82083,7-sonli umumiy o'rta ta'lim maktabi
40.231304,67.82389,8-sonli umumiy o'rta ta'lim maktabi
40.10686,67.9715,9-sonli umumiy o'rta ta'lim maktabi
40.172333,67.817,10-sonli umumiy o'rta ta'lim maktabi
40.15433,67.79836,11-sonli umumiy o'rta ta'lim maktabi
40.138527,67.86228,12-sonli umumiy o'rta ta'lim maktabi
40.212612,67.908,13-sonli umumiy o'rta ta'lim maktabi
40.123974,67.88233,14-sonli umumiy o'rta ta'lim maktabi
40.13189,67.9137,15-sonli umumiy o'rta ta'lim maktabi
40.16547,67.82061,16-sonli umumiy o'rta ta'lim maktabi
40.093,67.83847,17-sonli  umumiy o'rta ta’lim maktabi
40.087944,67.80903,18-sonli umumiy o'rta ta'lim maktabi
40.105995,67.920616,19-sonli umumiy o'rta ta'lim maktabi
40.08736,67.88094,20-sonli umumiy o'rta ta'lim maktabi
40.168194,67.80842,21-sonli umumiy o'rta ta'lim maktabi
40.174862,67.715775,22-sonli umumiy o'rta ta'lim maktabi
40.128418,67.85389,23-sonli umumiy o'rta ta'lim maktabi
40.11175,67.89631,24-sonli umumiy o'rta ta'lim maktabi
40.09403,67.84695,25-sonli umumiy o'rta ta'lim maktabi
40.189445,67.86889,27-sonli umumiy o'rta ta'lim maktabi
40.164223,67.79386,28-sonli umumiy o'rta ta'lim maktabi
40.172832,67.8215,29-sonli umumiy o'rta ta'lim maktabi
40.061054,67.89008,30-sonli umumiy o'rta ta'lim maktabi
40.170666,67.86533,31-sonli umumiy o'rta ta'lim maktabi
40.200443,67.8995,32-sonli umumiy o'rta ta'lim maktabi
40.14153,67.94158,33-sonli umumiy o'rta ta'lim maktabi
40.248806,67.72642,34-sonli umumiy o'rta ta'lim maktabi
40.05964,67.88958,35-sonli umumiy o'rta ta'lim maktabi
40.15686,67.82105,36-sonli umumiy o'rta ta'lim maktabi
40.25675,67.87092,37-sonli umumiy o'rta ta'lim maktabi
40.076557,67.84978,38-sonli umumiy o'rta ta'lim maktabi
40.013832,68.01664,39-sonli umumiy o'rta ta'lim maktabi
39.98478,68.01025,40-sonli umumiy o'rta ta'lim maktabi
39.916943,67.91319,41-sonli umumiy o'rta ta'lim maktabi
39.99486,67.91595,42-sonli umumiy o'rta ta'lim maktabi
39.913666,67.95169,43-sonli umumiy o'rta ta'lim maktabi
39.969723,67.99355,44-sonli umumiy o'rta ta'lim maktabi
39.920223,67.85739,45-sonli umumiy o'rta ta'lim maktabi
40.010666,67.99464,46-sonli umumiy o'rta ta'lim maktabi
40.020832,67.99453,47-sonli umumiy o'rta ta'lim maktabi
40.198,67.78692,49-sonli umumiy o'rta ta'lim maktabi
40.10267,67.89994,50-sonli umumiy o'rta ta'lim maktabi
40.162693,67.917915,51-sonli umumiy o'rta ta'lim maktabi
40.14853,67.977585,52-sonli umumiy o'rta ta'lim maktabi
39.997555,68.01386,53-sonli umumiy o'rta ta'lim maktabi
40.13497,67.883026,54-sonli umumiy o'rta ta'lim maktabi
40.068222,67.89,55-sonli umumiy o'rta ta'lim maktabi
39.935165,67.98275,56-sonli umumiy o'rta ta'lim maktabi
40.01136,67.990776,57-sonli umumiy o'rta ta'lim maktabi
40.08272,67.82494,58-sonli umumiy o'rta ta'lim maktabi
40.12097,67.922585,59-sonli umumiy o'rta ta'lim maktabi
40.16716766357422,67.82122039794922,"60,Sh.Rashidov,Jizzakh"
40.519894,68.03218,1-sonli umumiy o'rta ta'lim maktabi
40.525154,68.02739,2-sonli ayrim fanlar chuqur o`qitiladigan sinflari mavjud umumiy o`rta ta`lim maktabiat umumta’lim maktabi
40.575188,67.98569,3-sonli umumiy o'rta ta'lim maktabi
40.538162,68.10911,4-sonli umumiy o'rta ta'lim maktabi
40.43976,68.163864,5-sonli umumiy o'rta ta'lim maktabi
40.45771,68.07095,6-sonli ayrim fanlar chuqur o'qitiladigan sinflari mavjud umumiy o'rta ta'lim maktabi
40.597946,68.05664,7-sonli umumiy o'rta ta'lim maktabi
40.519756,67.96002,8-sonli umumiy o'rta ta'lim maktabi
40.62038,67.9185,9-sonli umumiy o'rta ta'lim maktabi
40.45856,68.08498,10-sonli umumiy o'rta ta'lim maktabi
40.53476,68.112724,11-sonli ixtisoslashtirilgan davlat umumta’lim maktabi
40.43989,68.16298,12-sonli umumiy o'rta ta'lim maktabi
40.525368,68.01835,13-sonli umumiy o'rta ta'lim maktabi
40.527065,68.0281,14-sonli umumiy o'rta ta'lim maktabi
40.54076,68.00279,15-sonli umumiy o'rta ta'lim maktabi
40.574703,67.98131,16-sonli umumiy o'rta ta'lim maktabi
40.59764,68.05663,17-sonli umumiy o'rta ta'lim maktabi
40.522568,68.02701,18-sonli umumiy o'rta ta'lim maktabi
40.617428,67.914154,19-sonli umumiy o'rta ta'lim maktabi
40.50524,68.0262,20-sonli umumiy o'rta ta'lim maktabi
40.10271,68.0436,1-sonli umumiy o'rta ta'lim maktabi
40.07946,68.165695,2-sonli umumiy o'rta ta'lim maktabiб
40.09385,68.1699,3-sonli umumiy o'rta ta'lim maktabi
40.153862,68.04887,4-sonli umumiy o'rta ta'lim maktabi
40.180595,68.26462,5-sonli umumiy o'rta ta'lim maktabi
40.10395,68.26919,6-sonli umumiy o'rta ta'lim maktabi
40.242527,68.22639,7-sonli umumiy o'rta ta'lim maktabi
40.079704,68.180984,8-sonli umumiy o'rta ta'lim maktabi
40.084465,68.15883,9-sonli ayrim fanlar chuqur o'qitiladigan sinflari mavjud umumiy o'rta ta'lim maktabi
40.17978,68.23596,10-sonli umumiy o'rta ta'lim maktabi
40.084236,68.29583,11-sonli umumiy o‘rta ta‘lim maktabi
40.071747,68.21104,12-sonli umumiy o'rta ta'lim maktabi
40.17059,68.15908,13-sonli umumiy o'rta ta'lim maktabi
40.101112,68.09067,14-sonli umumiy o'rta ta'lim maktabi
40.11364,68.16795,15-sonli umumiy o'rta ta'lim maktabi
40.115826,68.116486,Zarbdor tumani MMTB qarashli 16-sonli umumiy o'rta ta'lim maktabi
40.191147,68.116684,17-sonli umumiy o'rta ta'lim maktabi
40.183456,68.01672,18-sonli umumiy o'rta ta'lim maktabi
40.173946,68.2959,19-sonli umumiy o'rta ta'lim maktabi
40.23895,68.15221,20-sonli umumiy o'rta ta'lim maktabi
40.18624,68.01362,21-sonli umumiy o'rta ta'lim maktabi
40.087994,68.18985,22-sonli umumiy o'rta ta'lim maktabi
40.134987,68.28049,23-sonli umumiy o'rta ta'lim maktabi
40.08732,68.14261,Zarbdor tumani 24-sonli umumiy o'rta ta'lim maktabi
40.07861,68.16274,25-sonli ayrim fanlar chuqur o'qitiladigan sinflari mavjud umumiy o'rta ta'lim maktabi
40.103733,68.04591,26-sonli ayrim fanlar chuqur o‘qitiladigan sinflari mavjud umumiy o‘rta ta’lim maktabi
40.127934,68.34866,28-sonli ayrim fanlar chuqur o`qitiladigan sinflari mavjud umumiy o`rta ta`lim maktabi
40.22945,68.38915,29-sonli umumiy o'rta ta'lim maktabi
40.16866,68.16779,Zarbdor tuman 31-sonli ayrim fanlar chuqur o'qitiladigan sinflari mavjud umumiy o'rta ta'lim maktabi
40.091446,68.1436,32-sonli umumiy o'rta ta'lim maktabi
40.17864,68.391335,Zarbdor tumani 27-sonli umumiy o'rta ta'lim maktabi
40.18113,68.41752,30-sonli umumiy o'rta ta'lim maktabi
40.09886169433594,68.09127807617188,"ZEBM,Zarbdor,Jizzakh"
40.105918884277344,68.0876693725586,"KBMMI,Zarbdor,Jizzakh"
40.391193,67.81658,Zafarobod tumani 1-sonli umumiy o`rta ta`lim maktabi
40.321625,67.87478,2-sonli umumiy o'rta ta'lim maktabi
40.403263,67.90777,3-sonli umumiy o'rta ta'lim maktabi
40.286182,67.76137,4-sonli umumiy o'rta ta'lim maktabi
40.338585,67.75892,5-sonli umumiy o'rta ta'lim maktabi
40.28443,67.76199,6-sonli umumiy o'rta ta'lim maktabi
40.42314,67.67346,7-sonli umumiy o'rta ta'lim maktabi
40.33628,67.75949,8-sonli umumiy o`rta ta`lim maktabi
40.42194,67.67186,9-sonli umumiy o'rta ta'lim maktabi
40.38323,67.80832,10-sonli umumiy o'rta ta'lim maktabi
40.41388,67.69763,11-sonli umumiy o'rta ta'lim maktabi
40.4058,67.76296,12-sonli umumiy o'rta ta'lim maktabi
40.40626,67.9052,13-sonli umumiy o‘rta ta'lim maktabi
40.38331,67.81375,14-sonli umumiy o'rta ta'lim maktabi
40.30428,67.81003,15-sonli umumiy o'rta ta'lim maktabi
40.3246,67.8687,16-sonli umumiy o'rta ta'lim maktabi
40.382534,67.81103,17-sonli umumiy o'rta ta'lim maktabi
40.389965,67.82501,18-sonli umumiy o'rta ta'lim maktabi
40.34236,67.62479,19-sonli umumiy o'rta ta'lim maktabi
40.367523,67.685555,20-sonli umumiy o'rta ta'lim maktabi
39.96179,68.392525,1-sonli umumiy o'rta ta'lim maktabi
39.99739,68.54447,2-sonli umumiy o'rta ta'lim maktabi
40.025944,68.52247,3-sonli umumiy o'rta ta'lim maktabi
39.937027,68.23908,4-sonli umumiy o'rta ta'lim maktabi
39.979942,68.12961,5-sonli umumiy o'rta ta'lim maktabi
39.97178,68.09753,6-sonli umumiy o'rta ta'lim maktabi
39.96386,68.31903,7-sonli umumiy o'rta ta'lim maktabi
39.78533,68.39222,8-sonli umumiy o'rta ta'lim maktabi
39.976,68.46247,9-sonli umumiy o'rta ta'lim maktabi
39.968693,68.60003,10-sonli umumiy o'rta ta'lim maktabi
39.932575,68.57546,11-sonli umumiy o'rta ta'lim maktabi
40.029655,68.331245,12-sonli umumiy o'rta ta'lim maktabi
39.812584,68.18786,13-sonli umumiy o'rta ta'lim maktabi
39.81448,68.29424,14-sonli umumiy o'rta ta'lim maktabi
39.9646,68.41756,15-sonli umumiy o'rta ta'lim maktabi
39.993362,68.42253,16-sonli umumiy o'rta ta'lim maktabi
40.003887,68.58559,17- sonli umumiy o'rta ta'lim maktabi
39.83161,68.29978,18-sonli umumiy o'rta ta'lim maktabi
39.959457,68.50472,19-sonli umumiy o'rta ta'lim maktabi
39.95477,68.34573,20-sonli umumiy o'rta ta'lim maktabi
39.938805,68.49064,21-sonli umumiy o'rta ta'lim maktabi
40.0515,68.51881,22-sonli umumiy o'rta ta'lim maktabi
39.768528,68.37759,23-sonli umumiy o'rta ta'lim maktabi
39.977028,68.37689,24-sonli umumiy o'rta ta'lim maktabi
40.124893,68.502525,25-sonli umumiy o'rta ta'lim maktabi
40.011112,68.25536,26-sonli umumiy o'rta ta'lim maktabi
40.061,68.11208,27-sonli umumiy o'rta ta'lim maktabi
39.831223,68.39992,28-sonli umumiy o'rta ta'lim maktabi
40.15971,68.58607,29-sonli umumiy o'rta ta'lim maktabi
40.23111,68.56692,30-sonli umumiy o'rta ta'lim maktabi
39.94703,68.38333,31-sonli umumiy o'rta ta'lim maktabi
39.814056,68.261,32-sonli umumiy o'rta ta'lim maktabi
39.964443,68.64364,33-sonli umumiy o'rta ta'lim maktabi
39.959183,68.40681,34-sonli umumiy o'rta ta'lim maktabi
39.759556,68.41353,36-sonli umumiy o'rta ta'lim maktabi
39.94075,68.607,38-sonli umumiy o'rta ta'lim maktabi
40.123493,68.485306,39-sonli umumiy o'rta ta'lim maktabi
40.058167,68.18947,40-sonli umumiy o'rta ta'lim maktabi
39.89589,68.0845,41-sonli umumiy o'rta ta'lim maktabi
39.98578,68.46939,42-sonli umumiy o'rta ta'lim maktabi
40.122833,68.438835,43-sonli umumiy o'rta ta'lim maktabi
39.768055,68.33486,44-sonli umumiy o'rta ta'lim maktabi
39.960777,68.30453,45-sonli umumiy o'rta ta'lim maktabi
39.95628,68.23603,46-sonli umumiy o'rta ta'lim maktabi
40.067528,68.41847,47-sonli umumiy o'rta ta'lim maktabi
39.95425,68.16719,48-sonli umumiy o'rta ta'lim maktabi
39.98011,68.29205,49-sonli umumiy o'rta ta'lim maktabi
40.132915,68.48006,50-sonli umumiy o'rta ta'lim maktabi
39.95625,68.37839,51-sonli umumiy o'rta ta'lim maktabi
40.06867,68.16392,54-sonli umumiy o'rta ta'lim maktabi
40.01261,68.500305,55-sonli umumiy o'rta ta'lim maktabi
40.136307,68.49733,56-sonli umumiy o‘rta ta'lim maktabi
39.9659,68.37166,57-sonli umumiy o'rta ta'lim maktabi
39.958138,68.1217,58-sonli umumiy o'rta ta'lim maktabi
39.838196,68.495224,59-sonli umumiy o'rta ta'lim maktabi
39.969307,68.40628,60-sonli umumiy o'rta ta'lim maktabi
40.030167,68.35578,61-sonli umumiy o'rta ta'lim maktabi
39.979668,68.574585,62-sonli umumiy o'rta ta'lim maktabi
39.976307,68.40642,63-sonli umumiy o'rta ta'lim maktabi
39.99714,68.37881,64-sonli umumiy o'rta ta'lim maktabi
40.11322,68.486664,65-sonli umumiy o'rta ta'lim maktabi
39.90603,68.388695,66-sonli umumiy o'rta ta'lim maktabi
40.17564,68.51661,67-sonli umumiy o'rta ta'lim maktabi
40.06647,68.33319,68-sonli umumiy o'rta ta'lim maktabi
40.010918,68.48878,69-sonli umumiy o'rta ta'lim maktabi
40.08064,68.34675,70-sonli umumiy o'rta ta'lim maktabi
39.814194,68.261,71-sonli umumiy o'rta ta'lim maktabi
40.18353,68.59278,72-sonli umumiy o'rta ta'lim maktabi
40.01389,68.3125,73-sonli umumiy o'rta ta'lim maktabi
39.927,68.12228,74-sonli umumiy o'rta ta'lim maktabi
39.959972,68.38639,75-sonli umumiy o'rta ta'lim maktabi
40.665306,68.169304,1-sonli umumiy o'rta ta'lim maktabi
40.666637,68.17564,2-sonli umumiy o'rta ta'lim maktabi
40.666943,68.154724,3-sonli umumiy o'rta ta'lim maktabi
40.616585,68.191475,4-sonli umumiy o'rta ta'lim maktabi
40.664806,68.15711,5-sonli ixtisoslashtirilgan davlat umumta’lim maktabi
40.729416,68.103386,6-sonli umumiy o'rta ta'lim maktabi
40.75625,68.09297,7-sonli umumiy o'rta ta'lim maktabi
40.767056,68.02261,8-sonli umumiy o'rta ta'lim maktabi
40.697334,68.0305,9-sonli umumiy o'rta ta'lim maktabi
40.66039,68.160164,10-sonli umumiy o'rta ta'lim maktabi
40.704224,67.93919,11-sonli umumiy o'rta ta'lim maktabi
40.614918,68.190475,12-sonli umumiy o'rta ta'lim maktabi
40.727028,68.09789,13-sonli umumiy o'rta ta'lim maktabi
40.676193,68.18161,14-sonli umumiy o'rta ta'lim maktabi
40.768192,68.01961,15-sonli umumiy o'rta ta'lim maktabi
40.705055,68.03433,16-sonli umumiy o'rta ta'lim maktabi
40.674778,68.17739,17-sonli umumiy o'rta ta'lim maktabi
40.667557,68.17925,18-sonli ixtisoslashtirilgan davlat umumta’lim maktabi
40.748222,67.91233,19-sonli umumiy o'rta ta'lim maktabi
40.66739,68.17811,20-sonli umumiy o'rta ta'lim maktabi
40.313877,67.97077,1-sonli umumiy o'rta ta'lim maktabi
40.310257,67.960075,2-sonli umumiy o'rta ta'lim maktabi
40.323784,68.08024,3-sonli umumiy o'rta ta'lim maktabi
40.301243,67.954834,4-sonli umumiy o'rta ta'lim maktabi
40.401203,68.0863,5-sonli umumiy o'rta ta'lim maktabi
40.432095,67.96386,6-sonli umumiy o'rta ta'lim maktabi
40.236526,67.95649,7-sonli umumiy o'rta ta'lim maktabi
40.325397,67.97702,8-sonli ayrim fanlar chuqur o‘qitiladigan sinflari mavjud umumiy o‘rta ta’lim maktabi
40.31722,67.95078,9-sonli umumiy o'rta ta'lim maktabi
40.31742,68.088104,11-sonli umumiy o'rta ta'lim maktabi
40.313904,67.97284,12-sonli umumiy o'rta ta'lim maktabi
40.331318,67.95408,13-sonli umumiy o'rta ta'lim maktabi
40.413002,68.00856,14-sonli umumiy o'rta ta'lim maktabi
40.30937,67.94611,15-sonli umumiy o'rta ta'lim maktabi
40.403038,68.08815,16-sonli umumiy o'rta ta'lim maktabi
40.432224,67.96698,17-sonli umumiy o'rta ta'lim maktabi
40.35491,67.9777,18-sonli umumiy o'rta ta'lim maktabi
40.30224,67.978226,19-sonli umumiy o'rta ta'lim maktabi
40.329777,67.98825,20-sonli umumiy o'rta ta'lim maktabi
40.30891799926758,67.96019744873047,"31,Pakhtakor,Jizzakh"
40.41559,67.181145,1-sonli umumiy o'rta ta'lim maktabi
40.370968,67.27848,2-sonli umumiy o'rta ta'lim maktabi
40.38576,67.277,3-sonli umumiy o'rta ta'lim maktabi
40.359272,67.40366,4-sonli umumiy o'rta ta'lim maktabi
40.397717,67.17974,5-sonli umumiy o`rta ta'lim maktabi
40.379997,67.2381,6-sonli umumiy o'rta ta'lim maktabi
40.352077,67.26302,7-sonli umumiy o'rta ta'lim maktabi
40.344414,67.39,8-sonli umumiy o'rta ta'lim maktabi
40.577892,67.146225,9-sonli umumiy o'rta ta'lim maktabi
40.51104,67.347534,10-sonli umumiy o'rta ta'lim maktabi
40.474747,67.06285,11-sonli umumiy o'rta ta'lim maktabi
40.405647,67.16581,12-sonli umumiy o'rta ta'lim maktabi
40.55759,66.902756,13-sonli umumiy o'rta ta'lim maktabi
40.543262,66.80357,14-sonli umumiy o'rta ta'lim maktabi
40.326405,67.48002,15-sonli umumiy o'rta ta'lim maktabi
40.259663,67.63421,16-sonli umumiy o'rta ta'lim maktabi
40.504883,66.977066,17-sonli umumiy o'rta ta'lim maktabi
40.39051,66.91925,18-sonli umumiy o'rta ta'lim maktabi
40.53181,66.95171,19-sonli umumiy o'rta ta'lim maktabi
40.384167,67.32986,20-sonli umumiy o'rta ta'lim maktabi
40.338943,67.297676,21-sonli umumiy o'rta ta'lim maktabi
40.366558,67.219086,22-sonli umumiy o'rta ta'lim maktabi
40.379208,67.20423,23-sonli umumiy o'rta ta'lim maktabi
40.36727,67.1654,25-sonli umumiy o'rta ta'lim maktabi
40.325516,67.351326,26-sonli umumiy o'rta ta'lim maktabi
40.42067,67.09393,27-sonli umumiy o'rta ta'lim maktabi
40.450363,67.03344,28-sonli umumiy o'rta ta'lim maktabi
40.365112,67.255585,29-sonli umumiy o'rta ta'lim maktabi
40.404922,67.24222,30-sonli umumiy o'rta ta'lim maktabi
40.784252,66.86683,31-sonli umumiy o'rta ta'lim maktabi
40.597595,66.73025,32-sonli umumiy o'rta ta'lim maktabi
40.423923,67.1779,33-sonli umumiy o'rta ta'lim maktabi
40.254303,67.627426,35-sonli umumiy o'rta ta'lim maktabi
40.347324,66.987404,37-sonli umumiy o'rta ta'lim maktabi
40.27444,66.895874,38-sonli umumiy o'rta ta'lim maktabi
40.2134,67.09315,40-sonli umumiy o'rta ta'lim maktabi
40.291386,66.94769,43-sonli umumiy o'rta ta'lim maktabi
40.252346,67.20148,44-sonli umumiy o'rta ta'lim maktabi
40.584515,66.802155,46-sonli umumiy o'rta ta'lim maktabi
40.38981,67.15163,47-sonli umumiy o'rta ta'lim maktabi
40.521896,66.79434,49-sonli umumiy o'rta ta'lim maktabi
40.96495,67.28388,50-sonli umumiy o'rta ta'lim maktabi
40.493484,67.00065,51-sonli umumiy o'rta ta'lim maktabi
40.409702,67.18404,55-sonli umumiy o'rta ta'lim maktabi
40.321793,67.04211,56-sonli umumiy o'rta ta'lim maktabi
40.49671,67.264854,59-sonli ayrim fanlar chuqur o‘qitiladigan sinflari mavjud umumiy o‘rta ta’lim maktabi
40.232334,67.148476,61-sonli umumiy o'rta ta'lim maktabi
40.14504,66.95605,62-sonli umumiy o'rta ta'lim maktabi
40.219284,67.182724,64-sonli umumiy o'rta ta'lim maktabi
40.24504,67.18761,65-sonli umumiy o'rta ta'lim maktabi
40.22685,67.11115,66-sonli umumiy o'rta ta'lim maktabi
40.199986,67.04573,67-sonli umumiy o'rta ta'lim maktabi
40.23671,67.05324,68-sonli umumiy o'rta ta'lim maktabi
40.271427,67.08269,69-sonli umumiy o'rta ta'lim maktabi
40.281734,67.0429,70-sonli umumiy o'rta ta'lim maktabi
40.301117,67.07238,71-sonli umumiy o'rta ta'lim maktabi
40.299015,67.02915,72-sonli umumiy o'rta ta'lim maktabi
40.310223,67.01821,73-sonli umumiy o'rta ta'lim maktabi
40.350918,67.03268,74-sonli umumiy o'rta ta'lim maktabi
40.321037,66.96467,75-sonli umumiy o'rta ta'lim maktabi
40.360485,66.94478,76-sonli umumiy o'rta ta'lim maktabi
40.302128,66.90794,77-sonli umumiy o'rta ta'lim maktabi
40.339672,66.9126,78-sonli umumiy o'rta ta'lim maktabi
40.37418,66.91552,79-sonli umumiy o'rta ta'lim maktabi
40.33681,66.918015,80-sonli ayrim fanlar chuqur o‘qitiladigan sinflari mavjud umumiy o‘rta ta’lim maktabi
39.97712,68.66456,4-sonli umumiy o'rta ta'lim maktabi
39.90617,68.76494,6-sonli umumiy o'rta ta'lim maktabi
39.95688,68.777885,8-sonli umumiy o'rta ta'lim maktabi
39.941086,68.72463,10-sonli umumiy o'rta ta'lim maktabi
39.910862,68.78645,12-sonli umumiy o'rta ta'lim maktabi
39.9111,68.87237,18-sonli umumiy o'rta ta'lim maktabi
39.92265,68.77291,19-sonli umumiy o'rta ta'lim maktabi
40.107582,67.82189,1-sonli umumiy o'rta ta'lim maktabi
40.16083,67.85489,2-sonli umumiy o'rta ta'lim maktabi
40.106724,67.832726,3-sonli umumiy o'rta ta'lim maktabi
40.11539,67.84453,4-sonli umumiy o'rta ta'lim maktabi
40.10986,67.849,5-sonli umumiy o'rta ta'lim maktabi
40.12336,67.82692,6-sonli ayrim fanlar chuqur o'qitiladigan sinflari mavjud umumiy o'rta ta'lim maktabi
40.112656,67.86095,7-sonli ayrim fanlar chuqur o'qitiladigan sinflari mavjud umumiy o'rta ta'lim maktabi
40.149776,67.84209,8-sonli ayrim fanlarni chuqurlashtirib oʻqitiladigan sinflari mavjud umumiy oʻrta taʼlim mktabi
40.122944,67.81844,9-sonli umumiy o'rta ta'lim maktabi
40.144444,67.81472,10-sonli umumiy o'rta ta'lim maktabi
40.14347,67.85286,11-sonli umumiy o'rta ta'lim maktabi
40.107056,67.86144,12-sonli umumiy o'rta ta'lim maktabi
40.1015,67.86614,13-sonli umumiy o'rta ta'lim maktabi
40.143528,67.83125,14-sonli umumiy o'rta ta'lim maktabi
40.118084,67.81245,15-sonli umumiy o'rta ta'lim maktabi
40.144638,67.81756,16-sonli umumiy o'rta ta'lim maktabi
40.11689,67.85711,17-sonli umumiy o'rta ta'lim maktabi
40.097137,67.84536,18-sonli umumiy o'rta ta'lim maktabi
40.136,67.82758,19-sonli umumiy o'rta ta'lim maktabi
40.061417,67.84253,20-sonli umumiy o'rta ta'lim maktabi
40.107277,67.84611,21-sonli umumiy o'rta ta'lim maktabi
40.104942,67.82994,22-sonli Ayrim fanlar chuqur o`qitiladigan sinflari mavjud umumiy o`rta ta`lim maktabi
40.097942,67.779724,23-sonli umumiy o'rta ta'lim maktabi
40.08808,67.73522,24-sonli umumiy o'rta ta'lim maktabi
40.161472,67.83769,25-sonli umumiy o'rta ta'lim maktabi
40.09728,67.83678,26-sonli umumiy o'rta ta'lim maktabi
40.11937,67.84121,27-sonli umumiy o'rta ta'lim maktabi
40.09728,67.81856,28-sonli umumiy o'rta ta'lim maktabi
40.178223,67.84211,29-umumiy o‘rta ta’lim maktabi
40.10560989379883,67.84894561767578,"32,Jizzakh,Jizzakh"
40.47606,71.734276,1-sonli umumiy o'rta ta'lim maktabi
40.46216,71.72791,2-sonli umumiy o'rta ta'lim maktabi
40.46764,71.72514,3-sonli umumiy o'rta ta'lim maktabi
40.469536,71.71205,4-sonli umumiy o'rta ta'lim maktabi
40.47322,71.753426,5-sonli umumiy o'rta ta'lim maktabi
40.47433,71.7473,6-sonli ixtisoslashtirilgan davlat umumta’lim maktabi
40.480602,71.71255,7-sonli umumiy o'rta ta'lim maktabi
40.458836,71.71875,8-sonli umumiy o'rta ta'lim maktabi
40.466854,71.7312,9-sonli umumiy o'rta ta'lim maktabi
40.483437,71.72865,10-sonli umumiy o'rta ta'lim maktabi
40.461975,71.72038,11-sonli umumiy o'rta ta'lim maktabi
40.47934,71.728035,12-sonli umumiy o'rta ta'lim maktabi
40.47136,71.7329,13-sonli umumiy o'rta ta'lim maktabi
40.4853,71.71945,14-sonli umumiy o'rta ta'lim maktabi
40.435577,71.71056,15-sonli umumiy o'rta ta'lim maktabi
40.46167,71.70443,16-sonli umumiy o'rta ta'lim maktabi
40.452377,71.73414,17-sonli umumiy o'rta ta'lim maktabi
40.474754,71.73916,18-sonli umumiy o'rta ta'lim maktabi
40.484985,71.743,19-sonli umumiy o'rta ta'lim maktabi
40.457558,71.71442,20-sonli umumiy o'rta ta'lim maktabi
40.445164,71.72135,21-sonli umumiy o'rta ta'lim maktabi
40.46671,71.755775,23-sonli umumiy o'rta ta'lim maktabi
40.488075,71.71198,24-sonli umumiy o'rta ta'lim maktabi
40.4345,71.7148,25-sonli umumiy o'rta ta'lim maktabi
40.469,71.7011,26-sonli umumiy o'rta ta'lim maktabi
40.491894,71.72549,27-sonli umumiy o'rta ta'lim maktabi
40.4739,71.76051,28-sonli umumiy o'rta ta'lim maktabi
40.44899,71.717514,29-sonli umumiy o'rta ta'lim maktabi
40.467377,71.744514,30-sonli umumiy o'rta ta'lim maktabi
40.463715,71.74875,31-sonli umumiy o'rta ta'lim maktabi
40.483162,71.70085,32-sonli umumiy o'rta ta'lim maktabi
40.461555,71.71701,1-sonli ayrim fanlar chuqur o`qitiladigan sinflari mavjud umumiy o`rta ta`lim maktabi
40.47623825073242,71.73636627197266,"2-MM,Margilon,Ferghana"
40.47977828979492,71.7286148071289,"MM,Margilon,Ferghana"
40.472721099853516,71.75041961669922,"22-MM,Margilon,Ferghana"
40.43659210205078,71.72563171386719,"MI,Margilon,Ferghana"
40.359493,71.778496,1- umumiy o'rta ta'lim maktabi
40.390625,71.78045,Farg'ona shahar 2- sonli ayrim fanlar chuqur o'qitiladigan   sinflari mavjud umumiy o'rta ta'lim maktabi
40.392853,71.767876,3-sonli umumiy o'rta ta'lim maktabi
40.370598,71.78904,4-sonli umumiy o'rta ta'lim maktabi
40.376072,71.81127,5-sonli umumiy o'rta ta'lim maktabi
40.387997,71.77271,6-sonli umumiy o'rta ta'lim maktabi
40.368046,71.827576,7-sonli umumiy o'rta ta'lim maktabi
40.353992,71.846214,8-sonli umumiy o'rta ta'lim maktabi
40.38187,71.791756,9-sonli umumiy o'rta ta'lim maktabi
40.379997,71.7874,10-sonli umumiy o'rta ta'lim maktabi
40.376358,71.81687,11-sonli umumiy o'rta ta'lim maktabi
40.440132,71.76498,12-sonli umumiy o'rta ta'lim maktabi
40.38386,71.79923,13-sonli umumiy o'rta ta'lim maktabi
40.380497,71.78383,14-sonli umumiy o'rta ta'lim maktabi
40.359493,71.778496,15-sonli umumiy o'rta ta'lim maktabi
40.359493,71.778496,16-sonli umumiy o'rta ta'lim maktabi
40.43174,71.75251,17-sonli umumiy o'rta ta'lim maktabi
40.364513,71.77745,18-sonli umumiy o'rta ta'lim maktabi
40.445267,71.73583,19-sonli umumiy o'rta ta'lim maktabi
40.397747,71.78599,20-sonli umumiy o'rta ta'lim maktabi
40.44542,71.763565,21-sonli umumiy o'rta ta'lim maktabi
40.433014,71.764,22-sonli umumiy o'rta ta'lim maktabi
40.367348,71.83133,23-sonli umumiy o'rta ta'lim maktabi
40.437855,71.76715,24-sonli umumiy o'rta ta'lim maktabi
40.43649,71.75746,25-sonli umumiy o'rta ta'lim maktabi
40.371056,71.7783,26-sonli umumiy o'rta ta'lim maktabi
40.35953,71.83967,27-sonli umumiy o'rta ta'lim maktabi
40.35463,71.8484,28-sonli umumiy o'rta ta'lim maktabi
40.35902,71.84682,29-sonli umumiy o'rta ta'lim maktabi
40.43338,71.746185,30-sonli umumiy o'rta ta'lim maktabi
40.411236,71.753006,31-sonli umumiy o‘rta ta'lim maktabi
40.4151,71.78259,32-sonli umumiy o'rta ta'lim maktabi
40.411674,71.77346,33-sonli umumiy o'rta ta'lim maktabi
40.39899,71.81396,34-sonli umumiy o'rta ta'lim maktabi
40.391033,71.838326,35-sonli umumiy o'rta ta'lim maktabi
40.364666,71.79657,36-sonli umumiy o'rta ta'lim maktabi
40.357693,71.80667,Farg'ona shahar 37-sonli umumiy o'rta ta'lim maktabi
40.437603,71.732796,38-sonli umumiy o'rta ta'lim maktabi
40.422703,71.739944,39-sonli umumiy o'rta ta'lim maktabi
40.34848,71.68864,40-sonli ayrim fanlar chuqur o‘qitiladigan sinflari mavjud umumiy o‘rta ta’lim maktabi
40.382072,71.75411,41-ayrim fanlar chuqur  o'rganiladigan davlat ixtisoslashtirilgan o'rta ta'lim maktabi
40.37063,71.81101,42-sonli umumiy o'rta ta'lim maktabi
40.38145,71.83283,43-sonli umumiy o'rta ta'lim maktabi
40.37247848510742,71.78719329833984,"1-MM,Ferghana,Ferghana"
40.39084,71.762024,4-sonli ayrim fanlar chuqur o'rganiladigan ixtisoslashtirilgan maktab-internati
40.38319396972656,71.79647064208984,"86-INTERNAT,Ferghana,Ferghana"
40.39214324951172,71.78632354736328,"MM,Ferghana,Ferghana"
40.392143,71.78632,Farg'ona shahar ayrim fanlar chuqur o'qitiladigan sinflari mavjud umumiy o'rta ta'lim maktab-internati
40.289314,71.987755,1-sonli umumiy o'rta ta'lim maktabi
40.29991,71.97986,2-sonli ayrim fanlar chuqur o'rganiladigan ixtisoslashtirilgan maktab
40.39297103881836,71.76933288574219,"MM,Quvasoy,Ferghana"
40.27731,71.9941,4-sonli umumiy o'rta ta'lim maktabi
40.271523,71.96853,5-sonli umumiy o'rta ta'lim maktabi
40.34171,71.87355,6-sonli umumiy o'rta ta'lim maktabi
40.29947,71.95723,7-sonli umumiy o'rta ta'lim maktabi
40.30577,71.95785,8-sonli umumiy o'rta ta'lim maktabi
40.331207,71.86446,9-sonli umumiy o'rta ta'lim maktabi
40.27387,72.020355,10-sonli umumiy o'rta ta'lim maktabi
40.319305,71.95455,11-sonli ixtisoslashtirilgan davlat umumta’lim maktabi
40.33805,71.9743,12-sonli umumiy o'rta ta'lim maktabi
40.373116,71.98055,13-sonli umumiy o'rta ta'lim maktabi
40.37802,71.987305,14-sonli umumiy o'rta ta'lim maktabi
40.388805,72.03851,15-sonli umumiy o'rta ta'lim maktabi
40.369923,71.942795,16-sonli umumiy o'rta ta'lim maktabi
40.421112,71.90569,17-sonli umumiy o'rta ta'lim maktabi
40.42038,71.93588,18-sonli umumiy o'rta ta'lim maktabi
40.38263,71.8621,19-sonli umumiy o'rta ta'lim maktabi
40.369892,71.879166,20-sonli umumiy o'rta ta'lim maktabi
40.340725,71.906296,21-sonli umumiy o'rta ta'lim maktabi
40.37711,71.96519,22-sonli umumiy o'rta ta'lim maktabi
40.44581,71.94848,23-sonli umumiy o'rta ta'lim maktabi
40.28848,72.01037,24-sonli umumiy o'rta ta'lim maktabi
40.310463,71.86893,25-sonli umumiy o'rta ta'lim maktabi
40.41168,71.82962,26-sonli umumiy o'rta ta'lim maktabi
40.430813,71.848755,27-sonli umumiy o'rta ta'lim maktabi
40.397892,71.90786,28-sonli umumiy o'rta ta'lim maktabi
40.29125,71.99952,29-sonli umumiy o'rta ta'lim maktabi
40.535748,70.92315,1-umumiy o'rta ta'lim maktabi
40.542324,70.97467,2-sonli umumiy o'rta ta'lim maktabi
40.537933349609375,70.94570922851562,"3,Kokand,Ferghana"
40.531876,70.93794,4-sonli umumiy o'rta ta'lim maktabi
40.535236,70.95491,5-sonli umumiy o'rta ta'lim maktabi
40.530243,70.94211,6-sonli ixtisoslashtirilgan davlat umumta’lim maktabi
40.518856,70.92548,7-sonli umumiy o'rta ta'lim maktabi
40.540386,70.9528,8-sonli umumiy o'rta ta'lim maktabi
40.548118591308594,70.94547271728516,"9,Kokand,Ferghana"
40.529778,70.952774,10-sonli umumiy o'rta ta'lim maktabi
40.532455,70.965416,11-sonli umumiy o'rta ta'lim maktabi
40.542267,70.93731,12-sonli umumiy o'rta ta'lim maktabi
40.521103,70.94519,13-sonli umumiy o'rta ta'lim maktabi
40.546703,70.93393,14-sonli umumiy o'rta ta'lim maktabi
40.53888,70.92755,15-sonli umumiy o'rta ta'lim maktabi
40.52258,70.93902,16-sonli umumiy o'rta ta'lim maktabi
40.521317,70.92891,17-sonli umumiy o'rta ta'lim maktabi
40.528923,70.96241,18-sonli umumiy o'rta ta'lim maktabi
40.525486,70.94895,19-sonli umumiy o'rta ta'lim maktabi
40.54447,70.924736,20-sonli umumiy o'rta ta'lim maktabi
40.519405,70.95135,Nabi Rahimov nomli 21-sonli umumiy o'rta ta'lim maktabi
40.51323,70.92431,22-sonli umumiy o'rta ta'lim maktabi
40.526814,70.93609,23-sonli umumiy o'rta ta'lim maktabi
40.544647,70.95897,25-sonli umumiy o'rta ta'lim maktabi
40.533276,70.94759,26-sonli umumiy o'rta ta'lim maktabi
40.551258,70.92724,27-sonli umumiy o'rta ta'lim maktabi
40.52821,70.92453,Qo'qon shahar 28-sonli umumiy o'rta ta'lim maktabi
40.540997,70.96726,29-sonli umumiy o'rta ta'lim maktabi
40.478245,70.9866,30-sonli umumiy o'rta ta'lim maktabi
40.543816,70.980545,31-sonli umumiy o'rta ta'lim maktabi
40.528103,70.93352,32-umumiy orta ta'lim maktabi
40.54727,70.9684,33-sonli umumiy o'rta ta'lim maktabi
40.504,70.92264,34-sonli umumiy o'rta ta'lim maktabi
40.514168,70.90567,35-sonli umumiy o'rta ta'lim maktabi
40.534092,70.907234,36-sonli umumiy o'rta ta'lim maktabi
40.54295,70.91716,37-sonli umumiy o'rta ta'lim maktabi
40.553467,70.95129,38-sonli umumiy o'rta ta'lim maktabi
40.55784,70.9624,39-sonli umumiy o'rta ta'lim maktabi
40.523087,70.93837,40-sonli umumiy o'rta ta’lim maktabi
40.523304,70.92869,41-sonli umumiy o'rta ta'lim maktabi
40.52816,70.89812,42-sonli umumiy o'rta ta'lim maktabi
40.53852462768555,70.93468475341797,"4-INTERNAT,Kokand,Ferghana"
40.535743713378906,70.91815185546875,"5-INTERNAT,Kokand,Ferghana"
40.53395080566406,70.92367553710938,"9-INTERNAT,Kokand,Ferghana"
40.53581,70.91843,VILOYAT MAKTABGACHA VA MAKTAB TALIMI BOSHQARMASI  tasarrufidagi 5-sonli ixtisoslashtirilgan davlat umumta’lim maktabi
40.461185,71.20832,1-sonli ixtisoslashtirilgan davlat umumta’lim maktabi
40.447456,71.22515,2-sonli umumiy o'rta ta'lim maktabi
40.43525,71.23304,3-sonli umumiy o'rta ta'lim maktabi
40.450382,71.22644,4-sonli umumiy o'rta ta'lim maktabi
40.46924,71.22668,5-sonli umumiy o'rta ta'lim maktabi
40.478653,71.259155,6-sonli umumiy o'rta ta'lim maktabi
40.489563,71.32423,7-sonli umumiy o'rta ta'lim maktabi
40.468227,71.221565,8-sonli umumiy o'rta ta'lim maktabi
40.467865,71.221725,9-sonli umumiy o'rta ta'lim maktabi
40.477787,71.19305,10-sonli umumiy o'rta ta'lim maktabi
40.493412,71.181786,11-sonli umumiy o'rta ta'lim maktabi
40.50847,71.20353,12-sonli umumiy o'rta ta'lim maktabi
40.517372,71.22388,13-sonli umumiy o'rta ta'lim maktabi
40.531506,71.173256,14-sonli umumiy o'rta ta'lim maktabi
40.528927,71.19841,Bag'dod tumani 15-umumiy o'rta ta'lim maktabi
40.563137,71.22069,16-sonli umumiy o'rta ta'lim maktabi
40.461815,71.2138,17-sonli umumiy o'rta ta'lim maktabi
40.52653,71.13059,18-sonli umumiy o'rta ta'lim maktabi
40.510143,71.11528,19-sonli umumiy o'rta ta'lim maktabi
40.481182,71.12981,20-sonli umumiy o'rta ta'lim maktabi
40.46424,71.0897,21-sonli umumiy o'rta ta'lim maktabi
40.48448,71.14799,22-sonli umumiy o'rta ta'lim maktabi
40.47264,71.15852,23-sonli umumiy o'rta ta'lim maktabi
40.460835,71.22049,24-sonli umumiy o'rta ta'lim maktabi
40.449654,71.17999,25-sonli umumiy o'rta ta'lim maktabi
40.42973,71.165726,26-sonli umumiy o'rta ta'lim maktabi
40.42794,71.17149,27-sonli umumiy o'rta ta'lim maktabi
40.501083,71.1507,28-sonli umumiy o'rta ta'lim maktabi
40.48954,71.135506,29-sonli umumiy o'rta ta'lim maktabi
40.480244,71.14059,30-sonli umumiy o'rta ta'lim maktabi
40.520714,71.16028,31-sonli umumiy o'rta ta'lim maktabi
40.507133,71.179146,32-sonli umumiy o'rta ta'lim maktabi
40.44365,71.200066,33-sonli umumiy o'rta ta'lim maktabi
40.486256,71.15805,34-sonli umumiy o'rta ta'lim maktabi
40.46802,71.20045,35-umumiy o'rta ta'lim maktabi
40.556995,71.262856,36-sonli umumiy o'rta ta'lim maktabi
40.452763,71.176,37-sonli umumiy o'rta ta'lim maktabi
40.495293,71.23956,"38-UMUMIY O`RTA TA`LIM MAKTABI BAG'DOD TUMANI MAKTABGACHA VA MAKTAB TA’LIMI BO`LIMI TASARRUFIDAGI"""
40.509785,71.179115,39-sonli umumiy o'rta ta'lim maktabi
40.50137,71.101974,40-sonli umumiy o'rta ta'lim maktabi
40.500546,71.16992,41-sonli umumiy o'rta ta'lim maktabi
40.473507,71.17268,42-sonli umumiy o'rta ta'lim maktabi
40.444714,71.1419,43-sonli umumiy o'rta ta'lim maktabi
40.593006,71.39835,44-sonli umumiy o'rta ta'lim maktabi
40.489967,71.11086,45-sonli umumiy o'rta ta'lim maktabi
40.52902,71.18268,46-sonli umumiy o'rta ta'lim maktabi
40.40721,71.12544,47-sonli umumiy o'rta ta'lim maktabi
40.43127,71.089714,48-sonli umumiy o'rta ta'lim maktabi
40.458523,71.17096,49-sonli umumiy o'rta ta'lim maktabi
40.53729,71.24995,50-sonli umumiy o'rta ta'lim maktabi
40.449,71.22027,51-sonli umumiy o'rta ta'lim maktabi
40.4902,71.09995,52-sonli umumiy o'rta ta'lim maktabi
40.477093,71.19551,53-sonli umumiy o'rta ta'lim maktabi
40.52032,71.16841,54-sonli umumiy o'rta ta'lim maktabi
40.45508,71.191826,55-sonli umumiy o'rta ta'lim maktabi
40.41546,71.1223,56-sonli umumiy o'rta ta'lim maktabi
40.465057373046875,71.20515441894531,"1-MM,Baghdad,Ferghana"
40.501083,71.1507,Farg'ona viloyati Bag'dod tumani 2-sonli ayrim fanlar chuqur o'qitiladigan sinflari mavjud umumiy o'tra ta'lim maktabi
40.44572,71.1654,3-sonli ayrim fanlarga chuqur o'qitiladigan sinflari mavjud umumiy o'rta ta'lim maktabi
40.45922088623047,71.21379852294922,"88-MM,Baghdad,Ferghana"
40.438217,70.60872,1-sonli umumiy o'rta ta'lim maktabi
40.43519,70.59515,2-sonli umumiy o'rta ta'lim maktabi
40.452896,70.613396,3-sonli umumiy o'rta ta'lim maktabi
40.40379,70.597595,4-sonli umumiy o'rta ta'lim maktabi
40.498985,70.62334,5-sonli umumiy o'rta ta'lim maktabi
40.509544,70.638054,6-sonli umumiy o'rta ta'lim maktabi
40.471207,70.58018,7-sonli umumiy o'rta ta'lim maktabi
40.431602,70.58295,8-sonli umumiy o'rta ta'lim maktabi
40.46978,70.56058,9-sonli umumiy o'rta ta'lim maktabi
40.441093,70.535736,10-sonli umumiy o'rta ta'lim maktabi
40.420937,70.55414,11-sonli umumiy o'rta ta'lim maktabi
40.41703,70.54839,12-sonli umumiy o'rta ta'lim maktabi
40.44442,70.50433,13- umumiy o'rta ta'lim maktabi
40.444656,70.6013,14-sonli umumiy o'rta ta'lim maktabi
40.433647,70.44108,15-sonli umumiy o'rta ta'lim maktabi
40.410637,70.466415,16-sonli umumiy o'rta ta'lim maktabi
40.387684,70.48188,17-sonli umumiy o'rta ta'lim maktabi
40.377953,70.457275,18-sonli umumiy o'rta ta'lim maktabi
40.401943,70.51918,19-sonli umumiy o'rta ta'lim maktabi
40.41759,70.5904,20-sonli umumiy o'rta ta'lim maktabi
40.40696,70.60568,21-sonli umumiy o'rta ta'lim maktabi
40.417328,70.62285,22-sonli umumiy o'rta ta'lim maktabi
40.42671,70.6411,23-sonli umumiy o'rta ta'lim maktabi
40.427876,70.64558,24-sonli umumiy o'rta ta'lim maktabi
40.4094,70.64834,25-sonli umumiy o'rta ta'lim maktabi
40.356487,70.66559,26-sonli umumiy o'rta ta'lim maktabi
40.350716,70.6431,27-sonli umumiy o'rta ta'lim maktabi
40.488914,70.53716,28-sonli umumiy o'rta ta'lim maktabi
40.342464,70.691826,29-sonli umumiy o'rta ta'lim maktabi
40.422565,70.68361,30-sonli umumiy o'rta ta'lim maktabi
40.455177,70.6976,31-sonli umumiy o'rta ta'lim maktabi
40.450855,70.67069,32-sonli umumiy o'rta ta'lim maktabi
40.470722,70.63165,34-sonli umumiy o'rta ta'lim maktabi
40.44622,70.479515,35-sonli umumta’lim maktabi
40.423492,70.48787,36-sonli umumiy o'rta ta'lim maktabi
40.408257,70.51563,37-sonli umumiy o'rta ta'lim maktabi
40.45349,70.56307,38-sonli umumiy o'rta ta'lim maktabi
40.47921,70.59788,39-sonli umumiy o'rta ta'lim maktabi
40.38061,70.65073,40-sonli umumiy o'rta ta'lim maktabi
40.36296,70.681,41-sonli umumiy o'rta ta'lim maktabi
40.344276,70.70811,42-sonli umumiy o'rta ta'lim maktabi
40.34917,70.667175,43-sonli umumiy o'rta ta'lim maktabi
40.34222,70.672226,44-sonli umumiy o'rta ta'lim maktabi
40.43275,70.601425,45-sonli umumiy o'rta ta'lim maktabi
40.431725,70.68666,46-sonli umumiy o'rta ta'lim maktabi
40.421574,70.65557,47-sonli umumiy o'rta ta'lim maktabi
40.339787,70.61965,48-sonli umumiy o'rta ta'lim maktabi
40.44665,70.58157,Beshariq tumani MMTBga qarashli49-sonli umumiy o'rta ta'lim maktabi
40.327847,70.655945,50-sonli umumiy o'rta ta'lim maktabi
40.47231,70.51603,51-sonli umumiy o'rta ta'lim maktabi
40.40972,70.52726,52-sonli umumiy o'rta ta'lim maktabi
40.435207,70.61218,54-sonli ayrim fanlar chuqur o‘qitiladigan sinflari mavjud umumiy o‘rta ta’lim maktabi
40.392895,70.49079,55-sonli umumiy o'rta ta'lim maktabi
40.447964,70.654305,56-sonli umumiy o'rta ta'lim maktabi
40.445087,70.602425,1-sonli ayrim fanlar chuqur o‘qitiladigan sinflari mavjud umumiy o‘rta ta’lim maktabi
40.43393325805664,70.58905029296875,"3-MM,Besharyk,Ferghana"
40.471104,70.65388,33-sonliayrim fanlar chuqur o'qitiladigan sinflari mavjud  umumiy o'rta ta'lim maktabi
40.582344,70.91448,1-sonli umumiy o'rta ta'lim maktabi
40.568775,70.91124,2-sonli umumiy o'rta ta'lim maktabi
40.575813,70.93068,Dang'ara tumani MMTB tasarrufidagi 3-sonli umumiy o'rta ta'lim maktabi
40.6175,70.90063,4-sonli umumiy o'rta ta'lim maktabi
40.690544,70.82041,5-sonli umumiy o'rta ta'lim maktabi
40.66702,70.827065,6-sonli umumiy o'rta ta'lim maktabi
40.642414,70.807686,7-sonli umumiy o'rta ta'lim maktabi
40.676388,70.79909,8-sonli umumiy o'rta ta'lim maktabi
40.671856,70.78302,9-sonli umumiy o'rta ta'lim maktabi
40.659653,70.75779,10-sonli umumiy o'rta ta'lim maktabi
40.630974,70.71468,11-sonli umumiy o'rta ta'lim maktabi
40.527782,70.88011,12-sonli umumiy o'rta ta'lim maktabi
40.528877,70.844925,13-sonli umumiy o'rta ta'lim maktabi
40.5482,70.87104,14-sonli ayrim fanlar chuqur o‘qitiladigan sinflari mavjud umumiy o‘rta ta’lim maktabi
40.562523,70.842926,15-sonli umumiy o'rta ta'lim maktabi
40.552906,70.85244,16-sonli umumiy o'rta ta'lim maktabi
40.53121,70.890785,17-sonli umumiy o'rta ta'lim maktabi
40.57019,70.878624,18-sonli umumiy o'rta ta'lim maktabi
40.57998,70.8646,19-sonli umumiy o'rta ta'lim maktabi
40.665707,70.757996,20-sonli umumiy o'rta ta'lim maktabi
40.726704,70.957085,21-sonli umumiy o'rta ta'lim maktabi
40.693893,70.9188,22-sonli umumiy o'rta ta'lim maktabi
40.575993,70.924,23-sonli  umumiy o'rta ta’lim maktabi-206884347
40.57891,70.94932,24-sonli umumiy o'rta ta'lim maktabi
40.605244,70.94356,26-sonli umumiy o'rta ta'lim maktabi
40.635906,70.96067,27-sonli umumiy o'rta ta'lim maktabi
40.634315,70.928116,28-sonli umumiy o'rta ta'lim maktabi
40.660004,70.92831,29-sonli umumiy o'rta ta'lim maktabi
40.67007,70.92173,30-sonli umumiy o'rta ta'lim maktabi
40.681946,70.89957,31-sonli umumiy o'rta ta'lim maktabi
40.69059,70.9256,32-sonli umumiy o'rta ta'lim maktabi
40.705036,70.945465,33-sonli umumiy o'rta ta'lim maktabi
40.726,70.920845,34-sonli umumiy o'rta ta'lim maktabi
40.596916,70.963554,35-sonli umumiy o'rta ta'lim maktabi
40.709293,70.8624,36-sonli umumiy o'rta ta'lim maktabi
40.66523,70.95163,37-sonli umumiy o'rta ta'lim maktabi
40.628174,70.88302,38-sonli umumiy o'rta ta'lim maktabi
40.58182,70.911674,39-sonli umumiy o'rta ta'lim maktabi
40.67248,70.88046,40-sonli umumiy o'rta ta'lim maktabi
40.566433,70.87858,Ayrim fanlar chuqur o'qitiladigan sinflari mavjud umumiy o'rta ta'lim maktabi
40.580803,70.90799,2-sonli ixtisoslashtirilgan davlat umumta’lim maktabi
40.52726364135742,70.88275909423828,"85-INTERNAT,Dangara,Ferghana"
40.485516,71.76002,1-sonli umumiy o'rta ta'lim maktabi
40.488167,71.75517,2-sonli  davlat umumta’lim maktabi
40.47614,71.7764,3-sonli umumiy o'rta ta'lim maktabi
40.508644,71.76436,4-sonli umumiy o'rta ta'lim maktabi
40.53959,71.76454,5-sonli umumiy o'rta ta'lim maktabi
40.5198,71.74018,6-sonli umumiy o'rta ta'lim maktabi
40.4747,71.766846,7-sonli umumiy o'rta ta'lim maktabi
40.49313,71.78459,8-sonli umumiy o'rta ta'lim maktabi
40.500214,71.801094,9-sonli umumiy o'rta ta'lim maktabi
40.521587,71.79348,10-sonli umumiy o'rta ta'lim maktabi
40.498653,71.81637,11-sonli umumiy o'rta ta'lim maktabi
40.499508,71.83629,12-sonli umumiy o'rta ta’lim maktabi
40.467484,71.83221,13-sonli umumiy o'rta ta'lim maktabi
40.529396,71.820496,14-sonli umumiy o'rta ta'lim maktabi
40.50677,71.8629,15-sonli umumiy o'rta ta'lim maktabi
40.526947,71.85207,16-sonli umumiy o'rta ta'lim maktabi
40.512527,71.89057,17-sonli umumiy o'rta ta'lim maktabi
40.566105,71.88221,18-sonli umumiy o'rta ta'lim maktabi
40.565727,71.869965,19-sonli umumiy o'rta ta'lim maktabi
40.59048,71.891304,20-sonli umumiy o'rta ta'lim maktabi
40.560608,71.84385,21-sonli umumiy o'rta ta'lim maktabi
40.576214,71.845085,22-sonli umumiy o'rta ta'lim maktabi
40.59104,71.9164,23-sonli umumiy o'rta ta'lim maktabi
40.6224,71.879326,24-sonli umumiy o'rta ta'lim maktabi
40.487263,71.768684,25-sonli umumiy o'rta ta'lim maktabi
40.51437,71.878204,26-sonli umumiy o'rta ta'lim maktabi
40.515266,71.83717,27-sonli umumiy o'rta ta'lim maktabi
40.48286,71.78812,28-sonli umumiy o'rta ta'lim maktabi
40.60009,71.86268,29-sonli umumiy o'rta ta'lim maktabi
40.550793,71.79068,30-sonli umumiy o'rta ta'lim maktabi
40.57537,71.77869,31-sonli umumiy o'rta ta'lim maktabi
40.587624,71.77751,32-sonli umumiy o'rta ta'lim maktabi
40.53612,71.76576,33-sonli umumiy o'rta ta'lim maktabi
40.562305,71.75821,34-sonli umumiy o'rta ta'lim maktabi
40.579563,71.761086,35-sonli umumiy o'rta ta'lim maktabi
40.533916,71.75483,36-sonli umumiy o'rta ta'lim maktabi
40.52335,71.75494,37-sonli umumiy o'rta ta'lim maktabi
40.479084,71.86065,38-sonli umumiy o'rta ta'lim maktabi
40.50026,71.725716,39-sonli umumiy o'rta ta'lim maktabi
40.43608,71.90676,40-sonli umumiy o'rta ta'lim maktabi
40.57513,71.833206,41-sonli umumiy o'rta ta'lim maktabi
40.48369,71.83356,42-sonli umumiy o'rta ta'lim maktabi
40.492657,71.86934,43-sonli umumiy o'rta ta'lim maktabi
40.55779,71.88427,44-sonli umumiy o'rta ta'lim maktabi
40.55163,71.802505,45-sonli umumiy o'rta ta'lim maktabi
40.4697,71.784,49-sonli umumiy o'rta ta'lim maktabi
40.55004,71.82924,50-sonli umumiy o'rta ta'lim maktabi
40.514362,71.8782,51-sonli umumiy o'rta ta'lim maktabi
40.490765,71.748985,2-sonli ixtisoslashtirilgan davlat umumta’lim maktabi
40.49788284301758,71.79691314697266,"1-MM,Toshloq,Ferghana"
39.967785,71.13274,1-sonli umumiy o'rta ta'lim maktabi
39.962627,71.13578,2-sonli ixtisoslashtirilgan davlat umumta’lim maktabi
39.948963,71.13646,3-sonli umumiy o'rta ta'lim maktabi
39.950237,71.12151,4-sonli umumiy o'rta ta'lim maktabi
39.944244,71.1342,5-sonli umumiy o'rta ta'lim maktabi
40.005802,71.159615,6-sonli umumiy o'rta ta'lim maktabi
39.944187,71.151726,7-sonli umumiy o'rta ta'lim maktabi
39.945328,71.16414,8-sonli umumiy o'rta ta'lim maktabi
39.93677,71.16541,9-sonli umumiy o'rta ta'lim maktabi
39.93205,71.16764,10-sonli umumiy o'rta ta'lim maktabi
39.946423,71.099556,So'x tumani maktabgacha va maktab ta'limi bo'limi tasarrufidagi 12-sonli xorijiy tillarga ixtisoslashtirilgan davlat umumta'lim maktabi  davlat muassasasi
39.907276,71.066345,13-sonli umumiy o'rta ta'lim maktabi
39.90599,71.06677,14-sonli umumiy o'rta ta'lim maktabi
39.98513,71.11126,15-sonli umumiy o'rta ta'lim maktabi
40.02495,71.11503,16-sonli umumiy o'rta ta'lim maktabi
40.029446,71.10738,17-sonli umumiy o'rta ta'lim maktabi
40.067486,71.100784,18-sonli umumiy o'rta ta'lim maktabi
40.11136,71.08124,19-sonli umumiy o'rta ta'lim maktabi
40.144657,71.07246,20-sonli umumiy o'rta ta'lim maktabi
40.170002,71.05163,21-sonli umumiy o'rta ta'lim umumta'lim maktabi
39.972027,71.15049,22-sonli umumiy o'rta ta'lim maktabi
39.972256,71.109406,23-sonli umumiy o'rta ta'lim maktabi
40.11497,71.079895,24-sonli umumiy o'rta ta'lim maktabi
39.945766,71.18314,25-sonli umumiy o'rta ta'lim maktabi
39.9756,71.141045,26-sonli umumiy o'rta ta'lim maktabi
40.12667,71.0785,27-sonli umumiy o'rta ta'lim maktabi
39.928574,71.09,28-sonli umumiy o'rta ta'lim maktabi
39.937595,71.144646,29-sonli umumiy o'rta ta'lim maktabi
39.945522,71.163345,1-sonli ayrim fanlar chuqur o'qitiladigan sinflari mavjud umumiy o'rta ta'lim maktabi
40.144123,71.074684,3-sonli ayrim fanlar  chuqur o'qitiladigan sinflari  mavjud  umumiy o'rta  ta'lim  maktabi
40.482624,70.767334,1-sonli ayrim fanlar chuqurlashtirilib o'qitishga  ixtisoslashtirilgan maktab
40.482624,70.767334,2-sonli ayrim fanlar chuqurlashtirilib o'qitishga  ixtisoslashtirilgan maktab
40.471165,70.76741,3-sonli umumiy o'rta ta'lim maktabi
40.46725,70.72331,4-sonli umumiy oʻrta taʼlim maktabi
40.493988,70.6997,5-sonli umumiy o'rta ta'lim maktabi
40.50409,70.748375,6-sonli umumiy o'rta ta'lim maktabi
40.497208,70.782074,7-sonli umumiy o'rta ta'lim maktabi
40.48128,70.781395,8-sonli umumiy o'rta ta'lim maktabi
40.460926,70.78263,9-sonli umumiy o'rta ta'lim maktabi
40.46279,70.7963,10-sonli umumiy o'rta ta'lim maktabi
40.449474,70.786385,11-sonli umumiy o'rta ta'lim maktabi
40.439224,70.78691,12-sonli umumiy o'rta ta'lim maktabi
40.43079,70.80995,13-sonli umumiy o'rta ta'lim maktabi
40.419697,70.79123,14-sonli umumiy o'rta ta'lim maktabi
40.41595,70.78844,15-sonli umumiy o'rta ta'lim maktabi
40.45254,70.824,16-sonli umumiy o'rta ta'limi
40.458504,70.830345,17-sonli umumiy o'rta ta'lim maktabi
40.480186,70.82109,18-sonli umumiy o'rta ta'lim maktabi
40.488964,70.85066,20-sonli umumiy o'rta ta'lim maktabi
40.469128,70.864296,21-sonli umumiy o'rta ta'lim maktabi
40.49672,70.86015,22-sonli umumiy o'rta ta'lim maktabi
40.513046,70.8768,23-sonli umumiy o'rta ta'lim maktabi
40.481037,70.884544,24-sonli umumiy o'rta ta'lim maktabi
40.52635,70.81737,25-sonli umumiy o'rta ta'lim maktabi
40.526024,70.80384,26-sonli umumiy o'rta ta'lim maktabi
40.547607,70.7981,27-sonli umumiy o'rta ta'lim maktabi
40.53921,70.73393,28-sonli umumiy o'rta ta'lim maktabi
40.541256,70.70411,29-sonli umumiy o'rta ta'lim maktabi
40.59538,70.73753,30-sonli umumiy o'rta ta'lim maktabi
40.448467,70.82497,31-sonli umumiy o'rta ta'lim maktabi
40.45584,70.74453,32-sonli umumiy o'rta ta'lim maktabi
40.477665,70.81016,33-sonli umumiy o'rta ta'lim maktabi
40.45908,70.77398,34-sonli ayrim fanlar chuqur o‘qitiladigan sinflari mavjud umumiy o‘rta ta’lim maktabi
40.412636,70.79772,35-sonli umumiy o'rta ta'lim maktabi
40.495457,70.830894,36-sonli umumiy o'rta ta'lim maktabi
40.476322,70.74756,37-sonli umumiy o'rta ta'lim maktabi
40.458622,71.64324,1-sonli umumiy o'rta ta'lim maktabi
40.45745,71.624306,2-sonli umumiy o'rta ta'lim maktabi
40.42252,71.6691,3-sonli umumiy o'rta ta'lim maktabi
40.521645,71.56439,4-sonli umumiy o'rta ta'lim maktabi
40.459652,71.67128,5-sonli umumiy o'rta ta'lim maktabi
40.456562,71.61272,6-sonli umumiy o'rta ta'lim maktabi
40.442394,71.65157,7-sonli umumiy o'rta ta'lim maktabi
40.441048,71.628944,8-sonli umumiy o'rta ta'lim maktabi
40.494614,71.596115,9-sonli umumiy o'rta ta'lim maktabi
40.504856,71.616135,10-sonli umumiy o'rta ta'lim maktabi
40.47336,71.6489,11-sonli umumta'lim maktabi
40.42821,71.64927,12-sonli umumiy o'rta ta'lim maktabi
40.449265,71.59791,13-sonli umumiy o'rta ta'lim maktabi
40.472176,71.626686,14-sonli umumiy o'rta ta'lim maktabi
40.465973,71.689,15-sonli umumiy o'rta ta'lim maktabi
40.567158,71.70062,16-sonli umumiy o'rta ta'lim maktabi
40.50189,71.71577,17-sonli umumiy o'rta ta'lim maktabi
40.519436,71.70133,18-sonli umumiy o'rta ta'lim maktabi
40.528057,71.683365,19-sonli umumiy o'rta ta'lim maktabi
40.522404,71.65361,20-sonli umumiy o'rta ta’lim maktabi
40.531517,71.72677,21-sonli umumiy o'rta ta'lim maktabi
40.534233,71.7103,22-sonli umumiy o'rta ta'lim maktabi
40.55832,71.72287,23-sonli umumiy o'rta ta'lim maktabi
40.531887,71.61659,24-sonli umumiy o'rta ta'lim maktabi
40.504417,71.54657,25-sonli umumiy o'rta ta'lim maktabi
40.549335,71.537796,26-sonli umumiy o'rta ta'lim maktabi
40.495445,71.68666,27-sonli umumiy o'rta ta'lim maktabi
40.539486,71.665855,28-sonli umumiy o'rta ta'lim maktabi
40.506954,71.66039,29-sonli umumiy o'rta ta'lim maktabi
40.491398,71.60975,30-sonli umumiy o'rta ta'lim maktabi
40.58257,71.72849,31-sonli umumiy o'rta ta'lim maktabi
40.47614,71.55134,32-sonli umumiy o'rta ta'lim maktabi
40.484978,71.64862,33-sonli umumiy o'rta ta'lim maktabi
40.560497,71.597336,34-sonli umumiy o'rta ta'lim maktabi
40.46725,71.63778,35- umumiy o'rta ta'lim maktabi
40.61763,71.64586,36-sonli umumiy o'rta ta'lim maktabi
40.44749,71.69693,37-sonli umumiy oʻrta taʼlim maktabi
40.544743,71.71919,38-sonli umumiy o'rta ta'lim maktabi
40.56965,71.6616,39-sonli umumiy o'rta ta'lim maktabi
40.475964,71.679924,40-sonli umumiy o'rta ta'lim maktabi
40.46563,71.59235,42-sonli umumiy o'rta ta'lim maktabi
40.572773,71.70943,43-sonli umumiy o'rta ta'lim maktabi
40.519566,71.723045,45- sonli umumiy o'rta ta'lim maktabi
40.488148,71.67063,46-sonli umumiy o'rta ta'lim maktabi
40.44038,71.68372,47-sonli umumiy o'rta ta'lim maktabi
40.54656,71.652176,48-umumiy o'rta ta'lim maktabi
40.457214,71.69252,49-sonli umumiy o'rta ta'lim maktabi
40.447456,71.70949,50-umumiy o'rta ta'lim maktabi
40.48817825317383,71.654052734375,"1-MM,Qushtepa,Ferghana"
40.460426,71.67255,2-sonli ixtisoslashtirilgan davlat umumta’lim maktabi
39.9946,71.80647,1-sonli umumiy o'rta ta'lim maktabi
39.96565,71.767914,2-sonli umumiy o'rta ta'lim maktabi
40.169582,71.734146,3-sonli umumiy o'rta ta'lim maktabi
40.181522,71.72914,4-sonli umumiy o'rta ta'lim maktabi
40.254204,71.69524,5-sonli umumiy o'rta ta'lim maktabi
40.267063,71.75087,6-sonli umumiy o'rta ta'lim maktabi
40.21991,71.61983,7-sonli umumiy o'rta ta'lim maktabi
40.21989,71.60557,8-sonli umumiy o'rta ta'lim maktabi
40.224358,71.579414,9- umumiy o'rta ta'lim maktabi
40.227898,71.55021,10-sonli umumiy o'rta ta'lim maktabi
40.22601,71.537315,11-sonli umumiy o'rta ta'lim maktabi
40.244705,71.57724,12-sonli umumiy o'rta ta'lim maktabi
40.2521,71.58675,13-sonli umumiy o'rta ta'lim maktabi
40.25979,71.577644,14-sonli umumiy o'rta ta'lim maktabi
40.254353,71.56166,15-sonli umumiy o'rta ta'lim maktabi
40.258137,71.54265,16-sonli umumiy o'rta ta'lim maktabi
40.256245,71.51949,17-sonli umumiy o'rta ta'lim maktabi
40.160603,71.727066,18-sonli umumiy o'rta ta'lim maktabi
40.186844,71.71655,19-sonli umumiy o'rta ta'lim maktabi
40.19368,71.73135,20-sonli umumiy o'rta ta'lim maktabi
40.221256,71.80729,21-sonli umumiy o'rta ta'lim maktabi
40.31188,71.6643,22-sonli umumiy o'rta ta'lim maktabi
40.266933,71.52106,23-sonli umumiy o'rta ta'lim maktabi
40.38145,71.7388,44-sonli umumiy o'rta ta'lim maktabi
40.54005432128906,71.66313171386719,"25,Ferghana,Ferghana"
40.38145,71.7388,45-sonli umumiy o'rta ta'lim maktabi
40.365772,71.64726,27-sonli umumiy o'rta ta'lim maktabi
40.306362,71.61169,28-sonli umumiy o'rta ta'lim maktabi
40.41319,71.6956,29-sonli umumiy o'rta ta'lim maktabi
40.22637,71.55743,30-sonli umumiy o'rta ta'lim maktabi
40.234375,71.60289,31-sonli ayrim fanlar chuqur o‘qitiladigan sinflari mavjud umumiy o‘rta ta’lim maktabi
40.20424,71.75062,32-sonli umumiy o'rta ta'lim maktabi
40.31084,71.76456,33-sonli umumiy o'rta ta'lim maktabi
40.2806,71.83254,34-sonli umumiy o'rta ta'lim maktabi
40.309834,71.86225,35-sonli umumiy o'rta ta'lim maktabi
40.261864,71.928474,36-sonli umumiy o'rta ta'lim maktabi
40.334515,71.82173,37-sonli umumiy o'rta ta'lim maktabi
40.306572,71.840775,38-sonli umumiy o'rta ta'lim maktabi
40.316643,71.83398,39-sonli umumiy o'rta ta'lim maktabi
40.313442,71.81648,40-sonli umumiy o'rta ta'lim maktabi
40.294785,71.79673,41-sonli umumiy o'rta ta'lim maktabi
40.232746,71.75149,42- umumiy o'rta ta'lim maktabi-sonli umumiy o'rta ta'lim maktabi
40.231384,71.75738,43-sonli umumiy o'rta ta'lim maktabi
40.29589,71.833664,44-sonli umumiy o'rta ta'lim maktabi
40.222248,71.795296,45-sonli umumiy o'rta ta'lim maktabi
40.212547,71.81286,46-sonli umumiy o'rta ta'lim maktabi
40.267704,71.899124,47-sonli umumiy o'rta ta'lim maktabi
40.2594,71.857445,48-sonli o'rta ta'lim maktabi
40.271442,71.90596,49-sonli umumiy o'rta ta'lim maktabi
40.241962,71.94185,50-sonli umumiy o'rta ta'lim maktabi
40.290966,71.52175,51-sonli umumiy o'rta ta'lim maktabi
40.29391,71.510506,52-sonli umumiy o'rta ta'lim maktabi
40.2840461730957,71.46797180175781,"53,Ferghana,Ferghana"
40.29075,71.437065,54-sonli umumiy o'rta ta'lim maktabi
40.223717,71.73858,55-sonli umumiy o'rta ta'lim maktabi
40.313713,71.67908,56-sonli umumiy o'rta ta'lim maktabi
40.250656,71.82449,57-sonli umumiy o'rta ta'lim maktabi
40.28472,71.478874,58-sonli umumiy o'rta ta'lim maktabi
40.286602,71.80622,59-sonli umumiy o'rta ta'lim maktabi
40.200844,71.66946,60-sonli umumiy o'rta ta'lim maktabi
40.228924,71.55582,61- umumiy o'rta ta'lim maktabi
40.17919158935547,71.72886657714844,"1-MM,Ferghana,Ferghana"
40.255035,71.54322,2-ixtisoslashtirilgan davlat umumta’lim maktab-internati
40.3827,70.81151,O'zbekiston tumani maktabgacha va maktab ta'limi bo'limi tasarrufidagi 1-umumiy o'rta ta'lim maktabi
40.36604,70.749245,2-sonli umumiy o'rta ta'lim maktabi
40.43287,70.86575,3-sonli umumiy o'rta ta'lim maktabi
40.35497,70.77915,4-sonli umumiy o'rta ta'lim maktabi
40.37523,70.75875,5-sonli umumiy o'rta ta'lim maktabi
40.347088,70.74019,6-sonli umumiy o'rta ta'lim maktabi
40.376976,70.79352,7-sonli umumiy o'rta ta'lim maktabi
40.341076,70.781586,8-sonli umumiy o'rta ta'lim maktabi
40.285706,70.800865,9-sonli umumiy o'rta ta'lim maktabi
40.348663,70.82266,10-sonli umumiy o'rta ta'lim maktabi
40.341446,70.906395,11-sonli umumiy o'rta ta'lim maktabi
40.361477,70.97705,12-sonli umumiy o'rta ta'lim maktabi
40.410187,70.851364,13-sonli umumiy o'rta ta'lim maktabi
40.407635,70.91847,14- sonli umumiy o'rta ta'lim maktabi
40.417107,70.89851,15-sonli umumiy o'rta ta'lim maktabi
40.45313,70.88856,16-sonli umumiy o'rta ta'lim maktabi
40.337543,70.99624,17-sonli umumiy o'rta ta'lim maktabi
40.44078,70.88258,O'zbekiston tumani maktabgacha va maktab ta'limi bo'limi 18- sonli ayrim fanlar chuqur o'qitiladigan sinflari mavjud umumiy o'rta ta'lim maktabi
40.430542,70.839165,19-sonli umumiy o'rta ta'lim maktabi
40.406334,70.83524,20-sonli umumiy o'rta ta'lim maktabi
40.383324,70.83503,21-sonli ayrim fanlar chuqur o‘qitiladigan sinflari mavjud umumiy o‘rta ta’lim maktabi
40.39286,70.80378,22-sonli umumiy o'rta ta'lim maktabi
40.39041,70.89488,23-sonli umumiy o'rta ta'lim maktabi
40.371063,70.824196,24-sonli umumiy o'rta ta'lim maktabi
40.499386,70.934525,3-sonli umumiy o'rta ta'lim maktabi
40.369,70.7671,26-sonli umumiy o'rta ta'lim maktabi
40.48949,70.965225,27-sonli umumiy o'rta ta'lim maktabi
40.339455,70.868996,28-sonli umumiy o'rta ta'lim maktabi
40.475494,70.913246,29-sonli umumiy o'rta ta'lim maktabi
40.4739,70.92382,30-sonli umumiy o'rta ta'lim maktabi
40.399284,70.8445,O'zbekiston tumani MMTB ga qarashli 31-sonli umumiy o'rta ta'lim maktabi
40.5037,70.909355,O'zbekiston tumani maktabgacha va maktab ta'limi bo'limi 32-sonli umumiy o'rta ta'lim maktabi
40.498035,70.97689,9-sonli umumiy o'rta ta'lim maktabi
40.406998,70.9506,34- sonli umumiy o'rta ta'lim maktabi
40.335217,70.8591,O`zbekiston tumani 35-sonli umumiy o'rta ta'lim maktabi
40.363243,70.7982,36-sonli umumiy o'rta ta'lim maktabi
40.35442,70.745384,37-sonli umumiy o'rta ta'lim maktabi
40.40114,70.818054,38-sonli umumiy o'rta ta'lim maktabi
40.439854,70.8471,39-sonli umumiy o'rta ta'lim maktabi
40.50187,70.895485,O'zbekiston tumani maktabgacha va maktab ta'limi bo'limi 40-sonli umumiy o'rta ta'lim maktabi
40.36476,70.941605,41-sonli umumiy o'rta ta'lim maktabi
40.446365,70.87421,42-sonli umumiy o'rta ta'lim maktabi
40.512318,70.96335,43-sonli umumiy o'rta ta'lim maktabi
40.51529,70.98093,44-sonli umumiy o'rta ta'lim maktabi
40.46783,70.90968,45-sonli umumiy o'rta ta'lim maktabi
40.384464,70.87102,46-sonli umumiy o'rta ta'lim maktabi
40.455215,70.863815,47-sonli umumiy o'rta ta'lim maktabi
40.36106,70.72657,48-sonli umumiy o'rta ta'lim maktabi
40.37327,70.809006,49-sonli umumiy o'rta ta'lim maktabi
40.390015,70.784256,50-sonli umumiy o'rta ta'lim maktabi
40.351185,70.80689,51-sonli umumiy o'rta ta'lim maktabi
40.340485,70.73483,52-sonli umumiy o'rta ta'lim maktabi
40.491806,70.92676,O'zbekiston tumani maktabgachaha va maktab ta'limi bo'limi tasarrufidagi 53-umumiy o`rta ta`lim maktabi
40.48025,70.9417,55-sonli umumiy o'rta ta'lim maktabi
40.49108,70.916664,56-sonli umumiy o'rta ta'lim maktabi
40.49431,70.947685,57-sonli umumiy o'rta ta'lim maktabi
40.336918,70.963165,58-sonli umumiy o'rta ta'lim maktabi
40.37932,70.73462,59-sonli umumiy o‘rta ta'lim maktabi
40.468536,70.88875,60-sonli umumiy o'rta ta'lim maktabi
40.42045,70.87095,61-sonli ayrim fanlar chuqur  o'qitiladigan sinflari mavjud umumiy o'rta ta'lim maktabi
40.33566,70.92927,62-sonli umumiy o'rta ta'lim maktabi
40.379745,70.97969,63-sonli umumiy o'rta ta'lim maktabi
40.378094,70.945595,64-sonli umumiy o'rta ta'lim maktabi
40.37771224975586,70.94515228271484,"65-MM,Uzbekistan,Ferghana"
40.36605,70.7441,66-umumiy o'rta ta'lim maktabi
40.38188,70.76023,67-sonli umumiy o'rta ta'lim maktabi
40.36952,70.77863,68-sonli umumiy o'rta ta'lim maktabi
40.367874,70.87086,69-sonli umumiy o'rta ta'lim maktabi
40.421524,70.83817,70-umumiy o'rta ta'lim maktabi
40.403362,70.86805,71-sonli umumiy o'rta ta'lim maktabi
40.65633,71.745674,1-sonli umumiy o'rta ta'lim maktabi
40.653934,71.73915,2-sonli umumiy o'rta ta'lim maktabi
40.664047,71.743614,3-sonli umumiy o'rta ta'lim maktabi
40.6829,71.74138,4-sonli umumiy o'rta ta'lim maktabi
40.66673,71.728874,5-sonli umumiy o'rta ta'lim maktabi
40.664757,71.71602,6-sonli umumiy o'rta ta'lim maktabi
40.658733,71.7177,7-sonli umumiy o'rta ta'lim maktabi
40.67341,71.696556,8-sonli umumiy o'rta ta'lim maktabi
40.721943,71.67008,9-sonli umumiy o'rta ta'lim maktabi
40.670464,71.66524,10-sonli umumiy o'rta ta'lim maktabi
40.64261,71.65929,11-sonli umumiy o'rta ta'lim maktabi
40.66023,71.75843,12-sonli umumiy o'rta ta'lim maktabi
40.633774,71.75605,13-sonli umumiy o'rta ta'lim maktabi
40.63355,71.74646,14-sonli umumiy o'rta ta'lim maktabi
40.62818,71.75387,15-sonli umumiy o'rta ta'lim maktabi
40.622696,71.73599,16-sonli umumiy o'rta ta'lim maktabi
40.605804,71.74174,17-sonli umumiy o'rta ta'lim maktabi
40.613316,71.69903,18-sonli umumiy o'rta ta'lim maktabi
40.6185,71.69686,19-sonli umumiy o'rta ta'lim maktabi
40.623833,71.67714,20-sonli umumiy o'rta ta'lim maktabi
40.658756,71.77534,21-sonli umumiy o'rta ta'lim maktabi
40.63555,71.78165,22-sonli umumiy o'rta ta'lim maktabi
40.648,71.808205,23-sonli umumiy o'rta ta'lim maktabi
40.62082,71.79518,24-sonli umumiy o'rta ta'lim maktabi
40.605198,71.78578,25-sonli umumiy o'rta ta'lim maktabi
40.598812,71.79871,26-sonli umumiy o'rta ta'lim maktabi
40.607616,71.81231,27-sonli umumiy o'rta ta'lim maktabi
40.615643,71.83428,28-sonli umumiy o'rta ta'lim maktabi
40.606583,71.83099,29-sonli umumiy o'rta ta'lim maktabi
40.62246,71.83439,30-sonli umumiy o'rta ta'lim maktabi
40.578262,71.81378,31-sonli umumiy o'rta ta'lim maktabi
40.69,71.551315,32-sonli umumiy o'rta ta'lim maktabi
40.617786,71.44948,33-sonli umumiy o'rta ta'lim maktabi
40.68252,71.71698,34-sonli umumiy o'rta ta'lim maktabi
40.692863,71.66217,35-sonli umumiy o'rta ta'lim maktabi
40.671192,71.74761,36-sonli umumiy o'rta ta’lim maktabi
40.69697,71.68457,37-sonli umumiy o'rta ta'lim maktabi
40.60353088378906,71.8299560546875,"38,Yozyovon,Ferghana"
40.65663,71.73247,39-sonli umumiy o'rta ta’lim maktabi
40.53647,72.067,1-sonli umumiy o'rta ta'lim maktabi
40.561264,72.07188,2-sonli umumiy o'rta ta'lim maktabi
40.512466,71.88696,3-sonli umumiy o'rta ta'lim maktabi
40.566723,72.08792,4-umumiy o'rta ta'lim maktabi
40.49567,72.03475,5-sonli umumiy o'rta ta'lim maktabi
40.499653,71.9704,6-sonli umumiy o'rta ta'lim maktabi
40.538532,72.014305,7-sonli umumiy o'rta ta'lim maktabi
40.533318,71.98925,8-sonli umumiy o'rta ta'lim maktabi
40.5177,72.06515,9-sonli umumiy o'rta ta'lim maktabi
40.583782,72.00182,10-sonli umumiy o'rta ta'lim maktabi
40.551765,72.11791,11-sonli umumiy o'rta ta'lim maktabi
40.494247,72.08033,12- sonli umumiy o'rta ta'lim maktabi
40.59606,72.07403,13-sonli umumiy o'rta ta'lim maktabi
40.57816,72.12305,14-sonli umumiy o'rta ta'lim maktabi
40.562187,72.14654,15-sonli umumiy o'rta ta'lim maktabi
40.530323,72.13661,16-sonli umumiy o'rta ta'lim maktabi
40.529625,72.077805,17-sonli umumiy o'rta ta'lim maktabi
40.537964,72.04794,18-sonli umumiy o'rta ta'lim maktabi
40.505146,72.09952,19-sonli umumiy o'rta ta'lim maktabi
40.5222,71.92158,20-sonli umumiy o'rta ta'lim maktabi
40.512787,72.01511,Quva MMTV 21-sonli umumiy o'rta ta'lim maktabi
40.5889,72.0096,22-sonli umumiy o'rta ta'lim maktabi
40.524788,72.12021,23-sonli umumiy o'rta ta'lim maktabi
40.556454,72.05578,24-sonli umumiy o'rta ta'lim maktabi
40.548218,71.97349,25-sonli umumiy o'rta ta'lim maktabi
40.494408,72.06403,26-sonli umumiy o'rta ta'lim maktabi
40.54528,71.99929,27-sonli umumiy o'rta ta'lim maktabi
40.605732,71.96673,28-sonli umumiy o'rta ta'lim maktabi
40.521553,71.93243,29-sonli umumiy o'rta ta'lim maktabi
40.490353,72.02911,30-sonli umumiy o'rta ta'lim maktabi
40.479736,71.96528,31-sonli umumiy o'rta ta'lim maktabi
40.528366,71.99184,32-sonli umumiy o'rta ta'lim maktabi
40.54123,72.094086,33-sonli umumiy o'rta ta'lim maktabi
40.511044,72.04166,34-sonli umumiy o'rta ta'lim maktabi
40.553753,72.03874,35-sonli umumiy o'rta ta'lim maktabi
40.53993,71.99269,36-sonli umumiy o'rta ta'lim maktabi
40.484306,71.92484,Quva tumani Maktabgacha va Maktab ta`lim bo`limiga qarashli 37-sonli umumiy o'rta ta'lim maktabi
40.55383,72.09618,38-sonli umumiy o'rta ta'lim maktabi
40.509922,72.12458,39-sonli umumiy o'rta ta'lim maktabi
40.493855,72.04967,40-sonli umumiy o'rta ta'lim maktabi
40.599598,72.09135,41-sonli umumiy o'rta ta'lim maktabi
40.572994,72.00681,42-sonli umumiy o'rta ta'lim maktabi
40.587303,71.992546,43-sonli umumiy o'rta ta'lim maktabi
40.545784,72.03054,44-sonli umumiy o'rta ta'lim maktabi
40.474277,72.12171,45- sonli umumiy o'rta ta'lim maktabi
40.583714,72.0248,46-sonli umumiy o'rta ta'limmaktabi
40.529114,72.01166,47- umumiy o'rta ta'lim maktabi
40.496117,71.98053,48-sonli umumiy o'rta ta'lim maktabi
40.52009,72.04693,49-sonli umumiy o'rta ta'lim maktabi
40.490353,72.02911,50-sonli umumiy o'rta ta'lim maktabi
40.530785,71.95476,51-sonli umumiy o'rta ta'lim maktabi
40.531105,72.07072,52-sonli umumiy o'rta ta'lim maktabi
40.462437,71.9686,53-sonli umumiy o'rta ta'lim maktabi
40.54651,72.16444,54-sonli umumiy o'rta ta'lim maktabi
40.587032,72.09672,55-sonli umumiy o'rta ta'lim maktabi
40.510925,71.92218,56-sonli umumiy o'rta ta'lim maktabi
40.57692,71.96924,57-sonli umumiy o'rta ta'lim maktabi
40.550106,72.072266,58-sonli umumiy o'rta ta'lim maktabi
40.5469,72.09239,59-sonli umumiy o'rta ta'lim maktabi
40.519707,72.074356,60-sonli umumiy o'rta ta'lim maktabi
40.50453,72.03686,61-sonli umumiy o'rta ta'lim maktabi
40.51055,71.921715,62-sonli ayrim fanlar chuqur o‘qitiladigan sinflari mavjud umumiy o‘rta ta’lim maktab-internati
40.54015350341797,72.10041046142578,"63-MM,Quva,Ferghana"
40.521595,72.05193,64-sonli umumiy o'rta ta'lim maktabi
40.521446,72.05158,65-sonli umumiy o'rta ta'lim maktabi
40.572685,72.07004,66-sonli umumiy o‘rta ta'lim maktabi
40.53589,72.08854,67-sonli umumiy o'rta ta'lim maktabi
40.510075,72.075714,Fargʻona viloyatiMMaktabgacha va maktab ta'limi boshqarmasi tasarrufidagi Xorijiy tillarni va aniq fanlarni oʻqitishga ixtisoslashtirilgan maktab-internatiktab-internati
40.361336,71.27444,1-sonli umumiy o'rta ta'lim maktabi
40.36554,71.274254,2-sonli umumiy o'rta ta'lim maktabi
40.39914,71.28149,3-sonli umumiy o'rta ta'lim maktabi
40.416573,71.243034,4-sonli ixtisoslashtirilgan davlat umumta’lim maktabi
40.415096,71.212425,5-sonli umumiy o'rta ta'lim maktabi
40.393223,71.18987,6-sonli umumiy o'rta ta'lim maktabi
40.370205,71.29883,7-sonli umumiy o'rta ta'lim maktabi Rishton tumani To'da qishlog'i To'raobod MFY  Maktab ko'chasi 16-uy
40.370667,71.25344,8-sonli umumiy o'rta ta'lim maktabi
40.435043,71.258286,9-sonli umumiy o'rta ta'lim maktabi
40.395344,71.38543,10-sonli umumiy o'rta ta'lim maktabi
40.347557,71.2637,11-sonli umumiy o'rta ta'lim maktabi
40.386124,71.18581,12-sonli umumiy o'rta ta'lim maktabi
40.394924,71.28081,13- umumiy o'rta ta'lim maktabi
40.388073,71.23535,14-sonli umumiy o'rta ta'lim maktabi
40.377502,71.25764,15-sonli umumiy o'rta ta'lim maktabi
40.431366,71.26127,16-sonli umumiy o'rta ta'lim maktabi
40.53961,71.415115,17-umumiy o'rta ta'lim maktabi
40.37964,71.26433,18-sonli umumiy o'rta ta'lim maktabi
40.496384,71.38036,19-sonli umumiy o'rta ta'lim maktabi
40.366394,71.27185,20-sonli umumiy o'rta ta'lim maktabi
40.377693,71.135155,21-sonli umumiy o'rta ta'lim maktabi
40.39469,71.19481,22-sonli umumiy o'rta ta'lim maktabi
40.357426,71.35525,23-sonli umumiy o'rta ta'lim maktabi
40.34456,71.089905,24-sonli umumiy o'rta ta'lim maktabi
40.355415,71.07026,25-sonli umumiy o'rta ta'lim maktabi
40.35381,71.26591,26-sonli umumiy o'rta ta'lim maktabi
40.34997,71.28426,27-sonli ixtisoslashtirilgan davlat umumta’lim maktabi
40.341812,71.29849,28-sonli umumiy o'rta ta'lim maktabi
40.362633,71.30655,29-sonli umumiy o'rta ta'lim maktabi
40.37698,71.35591,30- umumiy o'rta ta’lim maktabi
40.393524,71.3273,31-sonli umumiy o'rta ta'lim maktabi
40.391636,71.28483,32-sonli umumiy o'rta ta'lim maktabi
40.41594,71.28975,33-sonli umumiy o'rta ta'lim maktabi
40.394257,71.259254,34-sonli umumiy o'rta ta'lim maktabi
40.403633,71.25267,35-sonli umumiy o'rta ta'lim maktabi
40.409267,71.23695,36-sonli umumiy o'rta ta'lim maktabi
40.406384,71.2145,37-sonli umumiy o'rta ta'lim maktabi
40.426815,71.194214,38-sonli umumiy o'rta ta'lim maktabi
40.386616,71.219894,39-sonli umumiy o'rta ta'lim maktabi
40.37064,71.260506,40-sonli umumiy o'rta ta'lim maktabi
40.41764,71.35437,41-sonli umumiy o'rta ta'lim maktabi
40.38932,71.47196,42-sonli umumiy o'rta ta'lim maktabi
40.374504,71.11433,43-sonli umumiy o'rta ta'lim maktabi
40.23865,71.03734,44-sonli umumiy o'rta ta'lim maktabi
40.429386,71.25719,45-sonli umumiy o'rta ta'lim maktabi
40.443558,71.38776,46-sonli umumiy o'rta ta'lim maktabi
40.409298,71.21989,47-sonli umumiy o'rta ta'lim maktabi
40.390724,71.200424,48-sonli umumiy o'rta ta'lim maktabi
40.41736,71.20473,49-sonli umumiy o'rta ta'lim maktabi
40.389477,71.22883,50-sonli umumiy o'rta ta'lim maktabi
40.365505,71.219986,51-sonli umumiy o'rta ta'lim maktabi
40.350613,71.211136,52-sonli umumiy o'rta ta'lim maktabi
40.439564,71.27358,53-sonli umumiy o'rta ta'lim maktabi
40.42856,71.204155,54-sonli umumiy o'rta ta'lim maktabi
40.39976,71.36098,56-sonli umumiy o'rta ta'lim maktabi
40.453587,71.28509,55-sonli umumiy o'rta ta'lim maktabi
40.378704,71.21029,57-sonli umumiy o'rta ta'lim maktabi
40.36542,71.298195,58-sonli umumiy o'rta ta'lim maktabi
40.39101,71.20089,59-sonli umumiy o'rta ta'lim maktabi
40.352837,71.140625,60-sonli umumiy o'rta ta'lim maktabi
40.38799,71.16221,61-sonli umumiy o'rta ta'lim maktabi
40.428143,71.317924,62-sonli umumiy o'rta ta'lim maktabi
40.411747,71.24203,63-sonli umumiy o'rta ta'lim maktabi
40.429165,71.23341,64-sonli umumiy o'rta ta'lim maktabi
40.40576,71.28928,65-sonli umumiy o'rta ta'lim maktabi
40.41076,71.25265,1-sonli ixtisoslashtirilgan davlat umumta’lim maktabi
40.434696,71.258316,2-sonli ayrim fanlar chuqur o'qitiladigan sinflari mavjud umumta'lim maktabi
40.390728,71.46789,1-sonli umumiy o'rta ta'lim maktabi
40.39384,71.487434,2-sonli umumiy o'rta ta'lim maktabi
40.387386,71.46038,3-sonli umumiy o'rta ta'lim maktabi
40.375843,71.47989,4-sonli umumiy o'rta ta'lim maktabi
40.39898,71.47342,5-sonli umumiy o'rta ta'lim maktabi
40.37758,71.4483,6-sonli umumiy o'rta ta'lim maktabi
40.3717,71.419426,7-sonli umumiy o'rta ta'lim maktabi
40.367313,71.439545,8-sonli umumiy o'rta ta'lim maktabi
40.347946,71.38917,9-sonli umumiy o'rta ta'lim maktabi
40.32259,71.36976,10-sonli umumiy o'rta ta'lim maktabi
40.328377,71.31548,11-sonli umumiy o'rta ta'lim maktabi
40.322247,71.36963,Oltiariq tumati 12-sonli umumiy o'rta ta'lim maktabi
40.38895,71.50373,13-sonli umumiy o'rta ta'lim maktabi
40.398335,71.49762,14-sonli umumiy o'rta ta'lim maktabi
40.378437,71.52807,15-sonli umumiy o'rta ta'lim maktabi
40.41125,71.60114,16-sonli umumiy o'rta ta'lim maktabi
40.40038,71.593925,17-sonli umumiy o'rta ta'lim maktabi
40.417213,71.620575,18-sonli umumiy o'rta ta'lim maktabi
40.428852,71.58116,19-sonli umumiy o'rta ta'lim maktabi
40.425022,71.501366,20-sonli umumiy o'rta ta'lim maktabi
40.42419,71.50114,21-sonli umumiy o'rta ta'lim maktabi
40.405655,71.42111,Oltiariq tumani 22-sonli umumiy o'rta ta'lim maktabi
40.36453,71.42214,23-sonli umumiy o'rta ta'lim maktabi
40.447758,71.49682,24-sonli umumiy o'rta ta'lim maktabi
40.370018,71.47242,25-sonli umumiy o'rta ta'lim maktabi
40.442356,71.41489,26-sonli umumiy o'rta ta'lim maktabi
40.359264,71.493904,27-sonli umumiy o'rta ta'lim maktabi
40.35782,71.40824,28-sonli umumiy o'rta ta'lim maktabi
40.503777,71.436775,29-sonli umumiy o'rta ta'lim maktabi
40.40595,71.48613,30-sonli umumiy o'rta ta'lim maktabi
40.37729,71.49626,31-sonli ayrim fanlar chuqur o'qitiladigan sinflari mavjud umumiy o`rta ta`lim maktabi
40.404808,71.61281,32-sonli umumiy o'rta ta'lim maktabi
40.427895,71.52196,33-sonli umumiy o'rta ta'lim maktabi
40.41881,71.4714,34-sonli ayrim fanlar chuqur o‘qitiladigan sinflari mavjud umumiy o‘rta ta’lim maktabi
40.391342,71.506516,35-sonli umumiy o'rta ta'lim maktabi
40.37961,71.46237,36-sonli umumiy o'rta ta'lim maktabi
40.37539,71.48071,37-sonli umumiy o'rta ta'lim maktabi
40.378464,71.522446,38-sonli umumiy o'rta ta'lim maktabi
40.415756,71.505516,39-umumiy o'rta ta'lim maktabi
40.38648,71.441444,40-sonli umumiy o'rta ta'lim maktabi
40.364876,71.49627,41-sonli umumiy o'rta ta'lim maktabi
40.421055,71.62151,42-sonli umumiy o'rta ta'lim maktabi
40.326218,71.32526,43-sonli umumiy o'rta ta'lim maktabi
40.41891860961914,71.50450134277344,"1-MM,Oltyariq,Ferghana"
40.407326,71.50523,2-sonli ayrim fanlar chuqur o'qitiladigan  sinflari mavjud umumiy o'rta ta'lim maktabi
40.42072,71.6033,3-sonli ixtisoslashtirilgan davlat umumta’lim maktabi
40.409626,71.47634,4-aniq va ijtimoiy fanlarga ixtisoslashtirilgan davlat umumta'lim maktabi
40.5503,71.05314,1-sonli umumiy o'rta ta'lim maktabi
40.515594,71.02474,2-sonli umumiy o'rta ta'lim maktabi
40.544884,71.07444,3-sonli umumiy o'rta ta'lim maktabi
40.527477,71.0203,4-sonli umumiy o‘rta ta'lim maktabi
40.54151,71.06,5-sonli umumiy o'rta ta'lim maktabi
40.5755,71.04868,6-sonli umumiy o'rta ta'lim maktabi
40.578033,71.04148,7-sonli umumiy o'rta ta'lim maktabi
40.569504,71.01383,8-sonli umumiy o'rta ta'lim maktabi
40.58507,71.006805,9-sonli umumiy o'rta ta'lim maktabi
40.59216,70.992226,10-sonli umumiy o'rta ta'lim maktabi
40.52225,71.03706,11-sonli umumiy o'rta ta'lim maktabi
40.86225,70.9768,12-sonli umumiy o'rta ta'lim maktabi
40.642,70.995,13-sonli umumiy o'rta ta'lim maktabi
40.564327,70.979294,14-sonli umumiy o'rta ta'lim maktabi
40.546505,70.989075,15-sonli umumiy o‘rta ta'lim maktabi
40.522263,71.00984,16-sonli umumiy o'rta ta'lim maktabi
40.53208,70.99909,17-sonli umumiy o'rta ta'lim maktabi
40.527996,70.99495,46-sonli umumiy o'rta ta'lim maktabi
40.508015,71.02143,19-sonli umumiy o'rta ta'lim maktabi
40.511215,71.044525,20-sonli umumiy o'rta ta'lim maktabi
40.49951,71.08376,21-sonli umumiy o‘rta ta'lim maktabi
40.491413,71.07226,22-sonli umumiy o'rta ta'lim maktabi
40.436916,71.0252,23-sonli umumiy o'rta ta'lim maktabi
40.408638,71.01414,24-sonli umumiy o'rta ta'lim maktabi
40.382298,71.00131,25-sonli umumiy o'rta ta'lim maktabi
40.339348,71.02315,26-sonli umumiy o'rta ta'lim maktabi
40.647247,71.018745,27-sonli umumiy o'rta ta'lim maktabi
40.54391,71.0533,28-sonli umumiy o‘rta ta'lim maktabi
40.544373,71.05516,29-sonli umumiy o'rta ta'lim maktabi
40.55071,71.03003,30-sonli umumiy o'rta ta'lim maktabi
40.597107,71.0065,31-sonli umumiy o'rta ta'lim maktabi
40.516243,71.09067,32-sonli umumiy o'rta ta'lim maktabi
40.504513,71.00249,33-sonli umumiy o'rta ta'lim maktabi
40.485966,71.05038,34-sonli umumiy o'rta ta'lim maktabi
40.482334,70.989784,35-sonli umumiy o'rta ta'lim maktabi
40.42908,70.99983,36-sonli umumiy o'rta ta'lim maktabi
40.554768,71.093056,37-sonli umumiy o'rta ta'lim maktabi
40.600674,71.03321,38-sonli umumiy o'rta ta'lim maktabi
40.589878,71.05737,39-sonli umumiy o'rta ta'lim maktabi
40.485966,71.05038,40-sonli umumiy o'rta ta'lim maktabi
40.639133,71.02843,41-sonli umumiy o'rta ta'lim maktabi
40.704617,71.02949,42-sonli umumiy o'rta ta'lim maktabi
40.554234,71.021996,43-sonli umumiy o'rta ta'lim maktabi
40.58114,71.32573,44-sonli umumiy o'rta ta'lim maktabi
40.41617,71.03901,45-sonli umumiy o'rta ta'lim maktabi
40.44787,71.05142,46-sonli umumiy o'rta ta'lim maktabi
40.625393,71.020195,47-sonli umumiy o'rta ta'lim maktabi
40.503063,71.03858,48-sonli umumiy o'rta ta'lim maktabi
40.54338,71.01467,49-sonli umumiy o'rta ta'lim maktabi
40.3845,71.02969,50-sonli umumiy o'rta ta'lim maktabi
40.655586,70.99019,51-sonli umumiy o'rta ta'lim maktabi
40.4925,71.082825,52-sonli umumiy o‘rta ta;lim maktabi
40.4673,71.06263,53-sonli umumiy o'rta ta'lim maktabi
40.588684,71.0199,54-sonli umumiy o'rta ta'lim maktabi
40.537533,71.08835,55-sonli umumiy o'rta ta'lim maktabi
40.531242,71.08945,56-sonli umumiy o'rta ta'lim maktabi
40.53995132446289,71.11762237548828,"1-MM,Uchkuprik,Ferghana"
40.544388,71.06324,2-sonli ayrim fanlar chuqur o'rganiladigan ixtisoslashtirilgan maktab-internati
40.563324,71.14101,Buvayda tumani 1-sonli umumiy oʻrta taʼlim maktabi
40.555832,71.138855,2-sonli umumiy o'rta ta'lim maktabi
40.54878,71.123795,3-sonli umumiy o'rta ta'lim maktabi
40.546288,71.18997,4-sonli umumiy o'rta ta'lim maktabi
40.555473,71.152435,Buvayda tumani 5-sonli umumiy o'rta ta'lim maktabi
40.563244,71.14317,6-sonli umumiy o'rta ta'lim maktabi
40.566616,71.13631,Buvayda tumani 7-sonli umumiy o'rta ta'lim maktabi
40.593727,71.178474,8-sonli umumiy o'rta ta'lim maktabi
40.61326,71.62271,9-sonli umumiy o'rta ta'lim maktabi
40.59915,71.16688,10-sonli umumiy o'rta ta'lim maktabi
40.613243,71.19207,11-sonli umumiy o'rta ta'lim maktabi
40.566612,71.13631,12-sonli umumiy o'rta ta'lim maktabi
40.598846,71.154335,13-sonli umumiy o'rta ta'lim maktabi
40.566612,71.1363,Buvayda tumani 14-sonli umumiy o‘rta ta'lim maktabi
40.566612,71.136314,15-sonli umumiy o'rta ta'lim maktabi
40.566612,71.13631,16-sonli umumiy o'rta ta'lim maktabi
40.566612,71.136314,17-sonli umumiy o'rta ta'lim maktabi
40.56493,71.12554,Buvayda tumani 18-sonli umumiy o'rta ta'lim maktabi
40.58453,71.118256,19-sonli umumiy o'rta ta'lim maktabi
40.573437,71.19438,20-sonli umumiy o'rta ta'lim maktabi
40.610672,71.07561,Buvayda tumani 21-sonli umumiy o'rta ta'lim maktabi
40.58936,71.07927,22-sonli umumiy o'rta ta'lim maktabi
40.630928,71.09565,Buvayda tumani23-sonli umumiy o'rta ta'lim maktabi
40.6342,71.0811,24-sonli umumiy o'rta ta'lim maktabi
40.646896,71.09416,25-sonli umumiy o'rta ta'lim maktabi
40.61835,71.057755,Farg'ona viloyati Buvayda tumani 26-sonli umumiy o'rta ta'lim maktabi
40.6379,71.04008,27-sonli umumiy o'rta ta'lim maktabi
40.665398,71.02577,Buvayda tumani 28-sonli umumiy o'rta ta'lim maktabi
40.67309,71.051186,29-sonli umumiy o'rta ta'lim maktabi
40.566612,71.13631,30-sonli umumiy o'rta ta'lim maktabi
40.605736,71.16759,31-sonli umumiy o'rta ta'lim maktabi
40.63367,71.1643,32-sonli umumiy o'rta ta'lim maktabi
40.61941,71.07163,Buvayda tumani 33-sonli umumiy o'rta ta'lim maktabi
40.63594,71.22059,Buvayda tumani 34-umumiy o'rta ta'lim maktabi
40.61276626586914,71.1595458984375,"35,Buvayda,Ferghana"
40.66806,71.088974,Farg'ona viloyati   Buvayda tumani  36-sonli umumiy o'rta ta'lim maktabi
40.650013,71.384705,37-sonli umumiy o'rta ta'lim maktabi-sonli umumiy o'rta ta'lim maktabi
40.601444,71.107216,Buvayda tumani 38-sonli umumiy o'rta ta'lim maktabi
40.63597,71.08011,Buvayda tumani 39-sonli umumiy o'rta ta'lim maktabi
40.566612,71.13631,40-sonli umumiy o'rta ta'lim maktabi
40.607895,71.22803,41-sonli umumiy o'rta ta'lim maktabi
40.590546,71.15292,Buvayda tumani 42-sonli umumiy o'rta ta'lim maktabi
40.566612,71.136314,43-sonli umumiy o'rta ta'lim maktabi
40.566616,71.1363,Buvayda tumani 44-sonli umumiy o'rta ta'lim maktabi
40.624084,71.097855,Buvayda tumani 45-sonli umumiy o'rta ta'lim maktabi
40.632946,71.03937,46-sonli umumiy o'rta ta'lim maktabi o'rta ta'lim maktabi
40.581326,71.12501,Buvayda tumani 47-sonli umumiy o'rta ta'lim maktabi
40.566616,71.1363,48-sonli umumiy o'rta ta'lim maktabi
40.64821,71.11638,Buvayda tumani 49-sonli  umumiy o'rta ta'lim maktabi umumiy o'rta ta'lim maktabi
40.64613,71.047485,50-sonli umumiy o'rta ta'lim maktabi
40.66943,71.068634,51-sonli umumiy o'rta ta'lim maktabi
40.67827,71.05366,52-sonli umumiy o'rta ta'lim maktabi
40.56514358520508,71.14169311523438,"2-IDUM,Buvayda,Ferghana"
40.593807,71.11719,2-sonli ayrim fanlar chuqur o'qitiladigan sinflari mavjud umumiy o'rta ta'lim maktabi
38.845734,65.27348,1-sonli umumiy o'rta ta’lim maktabi
38.885406,65.33414,2-sonli umumiy o'rta ta'lim maktabi
38.785507,65.30929,3-sonli umumiy o'rta ta'lim maktabi
38.85515,65.31618,4-sonli umumiy o'rta ta'lim maktabi
38.890434,65.310265,5-sonli umumiy o'rta ta'lim maktabi
38.876617,65.33372,6-sonli umumiy o'rta ta'lim maktabi
38.938362,65.27067,7-sonli umumiy o'rta ta'lim maktabi
38.924137,65.26064,8-sonli umumiy o'rta ta'lim maktabi
38.934,65.266525,9-sonli umumiy o'rta ta'lim maktabi
38.92415,65.246994,10-sonli umumiy o'rta ta'lim maktabi
38.964676,65.29775,11-sonli umumiy o'rta ta'lim maktabi
38.954617,65.287125,12-sonli umumiy o'rta ta'lim maktabi
38.745388,65.38314,13-sonli umumiy o'rta ta'lim maktabi
38.710457,65.426,14-sonli umumiy o'rta ta'lim maktabi
38.71814,65.27985,15-sonli umumiy o'rta ta'lim maktabi
38.75547,65.129555,16-sonli umumiy o'rta ta'lim maktabi
38.71058,65.18549,17-sonli umumiy o'rta ta'lim maktabi
38.665287,65.18366,18-sonli umumiy o'rta ta'lim maktabi
38.91415,65.25344,19-sonli umumiy o'rta ta'lim maktabi
38.933743,65.26719,20-sonli umumiy o‘rta ta'lim maktabi
38.88509,65.33345,21-sonli umumiy o'rta ta'lim maktabi
39.029057,65.084175,22-sonli umumiy o'rta ta'lim maktabi
39.028732,65.08511,23-sonli umumiy o'rta ta'lim maktabi
39.021416,65.06953,24-sonli umumiy o'rta ta'lim maktabi
39.00299,65.06626,25-sonli umumiy o'rta ta'lim maktabi
38.95613,65.10375,26-sonli umumiy o'rta ta'lim maktabi
38.920788,65.1691,27-sonli umumiy o'rta ta'lim maktabi
38.97815,65.22545,28-sonli umumiy o'rta ta'lim maktabi
38.992138,65.267395,29-sonli umumiy o'rta ta'lim maktabi
38.96747,65.31353,30-sonli umumiy o'rta ta'lim maktabi
38.89659,65.21396,31-sonli umumiy o'rta ta'lim maktabi
38.895065,65.22805,32-sonli umumiy o'rta ta'lim maktabi
38.889282,65.20895,33-sonli umumiy o'rta ta'lim maktabi
38.889156,65.20795,34-sonli umumiy o'rta ta'lim maktabi
38.84404,65.18152,35-sonli umumiy o'rta ta'lim maktabi
38.758434,65.2412,36-sonli umumiy o'rta ta'lim maktabi
39.024548,65.105515,37-sonli umumiy o'rta ta'lim maktabi
38.854557,65.28324,38-sonli umumiy o'rta ta'lim maktabi
38.79726,65.31448,39-sonli umumiy o'rta ta'lim maktabi
38.83844,65.23813,40-sonli umumiy o'rta ta'lim maktabi
38.824165,66.46458,1-sonli umumiy o'rta ta'lim maktabi
38.77219,66.44365,2-sonli umumiy o'rta ta'lim maktabi
38.909508,66.436295,3-sonli umumiy o'rta ta'lim maktabi
38.85474,66.24711,4-sonli umumiy o'rta ta'lim maktabi
38.81348,66.56318,5-sonli umumiy o'rta ta'lim maktabi
38.888645,66.543144,6-sonli umumiy o'rta ta'lim maktabi
38.815857,66.467545,7-sonli umumiy o'rta ta'lim maktabi
38.665638,66.76611,8-sonli umumiy o'rta ta'lim maktabi
38.629272,67.03572,9-sonli umumiy o'rta ta'lim maktabi
38.85147,66.579506,10-sonli umumiy o'rta ta'lim maktabi
38.93678,66.34639,11-sonli umumiy o'rta ta'lim maktabi
38.822895,66.26738,12-sonli umumiy o'rta ta'lim maktabi
38.93804,66.277336,13-sonli umumiy o'rta ta'lim maktabi
38.992275,66.35681,14-sonli umumiy o'rta ta'lim maktabi
38.864075,66.17322,15-sonli umumiy o'rta ta'lim maktabi
38.80436,66.558876,16-sonli umumiy o'rta ta'lim maktabi
38.801834,66.49652,17-sonli umumiy o'rta ta'lim maktabi
38.753845,66.43189,18-sonli umumiy o'rta ta'lim maktabi
38.775574,66.397026,19-sonli umumiy o'rta ta'lim maktabi
38.8473,66.366035,20-sonli umumiy o'rta ta'lim maktabi
38.845222,66.3379,21-sonli umumiy o'rta ta'lim maktabi
38.84855,66.4038,22-sonli umumiy o'rta ta'lim maktabi
38.918945,66.29351,23-sonli umumiy o'rta ta'lim maktabi
38.85978,66.262505,24-sonli umumiy o'rta ta'lim maktabi
38.758617,66.65618,25-sonli umumiy o'rta ta'lim maktabi
38.73543,66.67477,26-sonli umumiy o'rta ta'lim maktabi
38.89753,66.25066,27-sonli umumiy o'rta ta'lim maktabi
38.9068,66.409035,28-sonli umumiy o'rta ta'lim maktabi
38.590935,66.892006,29-sonli umumiy o'rta ta'lim maktabi
38.600605,66.97209,30-sonli umumiy o'rta ta'lim maktabi
38.703648,66.72649,31-sonli umumiy o'rta ta'lim maktabi
38.82206,66.31013,32-sonli umumiy o'rta ta'lim maktabi
38.79555,66.577225,33-sonli umumiy o'rta ta'lim maktabi
38.743626,66.667915,34-sonli umumiy o'rta ta'lim maktabi
38.661625,66.79578,35-sonli umumiy o'rta ta'lim maktabi
38.891495,66.500046,36-sonli umumiy o'rta ta'lim maktabi
38.653755,66.7871,37-sonli umumiy o'rta ta'lim maktabi
38.893394,66.40327,38-sonli umumiy o'rta ta'lim maktabi
38.848415,66.13252,39-sonli umumiy o'rta ta'lim maktabi
38.904484,66.37385,40-sonli umumiy o'rta ta'lim maktabi
38.931847,66.24075,41-sonli umumiy o'rta ta'lim maktabi
38.910282,66.2079,42-sonli umumiy o'rta ta'lim maktabi
38.945896,66.322815,43-sonli umumiy o'rta ta'lim maktabi
38.86092,66.207436,44-sonli umumiy o'rta ta'lim maktabi
39.014954,66.430984,45-sonli umumiy o'rta ta'lim maktabi
38.78309,66.61607,46-sonli umumiy o'rta ta'lim maktabi
38.899124,66.43221,47-sonli umumiy o'rta ta'lim maktabi
38.86939,66.501656,48-sonli umumiy o'rta ta'lim maktabi
38.835823,66.54666,49-sonli umumiy o'rta ta'lim maktabi
38.826588,66.605774,50-sonli umumiy o'rta ta'lim maktabi
38.796688,66.41951,51-sonli umumiy o'rta ta'lim maktabi
38.845898,66.23242,52-sonli umumiy o'rta ta'lim maktabi
38.93102,66.22139,53-sonli umumiy o'rta ta'lim maktabi
38.908073,66.1985,54-sonli umumiy o'rta ta'lim maktabi
38.596516,66.852005,55-sonli umumiy o'rta ta'lim maktabi
38.94315,66.270226,56-sonli umumiy o'rta ta'lim maktabi
38.68427,66.759575,57-sonli umumiy o'rta ta'lim maktabi
38.85452,66.1895,58-sonli umumiy o'rta ta'lim maktabi
38.81877,66.26583,59-sonli umumiy o'rta ta'lim maktabi
38.770054,66.73041,60-sonli umumiy o'rta ta'lim maktabi
38.81603,66.465164,61-sonli umumiy o'rta ta'lim maktabi
38.99883,66.386314,62-sonli umumiy o'rta ta'lim maktabi
38.81132,66.47625,63-sonli umumiy o'rta ta'lim maktabi
38.879093,66.22934,64-sonli umumiy o'rta ta'lim maktabi
38.817375,66.57934,65-sonli umumiy o'rta ta'lim maktabi
38.8431,66.43013,66-sonli umumiy o'rta ta'lim maktabi
38.791317,66.535645,67-sonli umumiy o'rta ta'lim maktabi
38.890785,66.466576,68-sonli umumiy o'rta ta'lim maktabi
39.005974,66.340965,69-sonli umumiy o'rta ta'lim maktabi
38.79508,66.55789,70-sonli umumiy o'rta ta'lim maktabi
39.05374,66.337975,71-sonli umumiy o'rta ta'lim maktabi
38.823364,66.48109,72-sonli umumiy o'rta ta'lim maktabi
38.929848,66.28134,73-sonli umumiy o'rta ta'lim maktabi
38.97535,66.35134,74-sonli umumiy o'rta ta'lim maktabi
38.728775,66.74964,75-sonli umumiy o'rta ta'lim maktabi
38.911884,66.43144,76-sonli umumiy o'rta ta'lim maktabi
38.98545,66.33939,77-sonli umumiy o'rta ta'lim maktabi
38.634113,67.01718,78-sonli umumiy o'rta ta'lim maktabi
38.820446,66.29317,79-sonli umumiy o'rta ta'lim maktabi
38.903164,66.5481,80-sonli umumiy o'rta ta'lim maktabi
38.870502,66.2687,81-sonli umumiy o'rta ta'lim maktabi
38.82158,66.328606,82-sonli umumiy o'rta ta'lim maktabi
38.80523,66.45914,83-sonli umumiy o'rta ta'lim maktabi
38.83977,66.184204,84-sonli umumiy o'rta ta'lim maktabi
38.61176,66.9301,85-sonli umumiy o'rta ta'lim maktabi
38.785305,66.398994,86-sonli umumiy o'rta ta'lim maktabi
38.70419,66.6318,87-sonli umumiy o'rta ta'lim maktabi
38.794525,66.50918,88-sonli umumiy o'rta ta'lim maktabi
39.032654,66.41441,90-sonli umumiy o'rta ta'lim maktabi
38.834152,66.4369,91-sonli umumiy o'rta ta'lim maktabi
38.652905,66.77721,92-sonli umumiy o'rta ta'lim maktabi
38.8407,66.58031,93-sonli umumiy o'rta ta'lim maktabi
38.803974,66.540276,94-sonli umumiy o'rta ta'lim maktabi
38.9176,66.21718,95-sonli umumiy o'rta ta'lim maktabi
38.81108,66.48483,89-sonli umumiy o'rta ta'lim maktabi
39.253136,65.16479,1-sonli umumiy o'rta ta'lim maktabi
39.25866,65.139496,2-sonli umumiy o'rta ta'lim maktabi
39.265057,65.14517,3-sonli umumiy o'rta ta'lim maktabi
39.2699,65.17585,4-sonli umumiy o'rta ta'lim maktabi
39.243023,65.15994,5-sonli umumiy o'rta ta'lim maktabi
39.117153,65.430885,6-sonli umumiy o'rta ta'lim maktabi
39.10503,65.422226,7-sonli umumiy o'rta ta'lim maktabi
39.105495,65.43139,8-sonli umumiy o'rta ta'lim maktabi
39.09518,65.2988,9-sonli umumiy o'rta ta'lim maktabi
39.10263,65.342476,10-sonli umumiy o'rta ta'lim maktabi
39.044052,65.28333,11-sonli umumiy o'rta ta'lim maktabi
39.096355,65.34514,12-sonli umumiy o'rta ta'lim maktabi
39.09338,65.322914,13-sonli umumiy o'rta ta'lim maktabi
39.115353,65.18355,14-sonli umumiy o'rta ta'lim maktabi
39.17212,65.21494,15-sonli umumiy oʻrta taʼlim maktabi umumiy o'rta ta'lim maktabi
39.22832,65.14141,16-sonli umumiy o'rta ta'lim maktabi
39.138504,65.12295,17-sonli umumiy o'rta ta'lim maktabi
39.16759,65.149574,18-sonli umumiy o'rta ta'lim maktabi
39.00911,64.98445,19-sonli umumiy o'rta ta'lim maktabi
39.316086,65.06297,20-sonli umumiy o'rta ta'lim maktabi
39.229626,65.14637,21-sonli umumiy o'rta ta'lim maktabi
39.24728,65.10832,22-sonli umumiy o'rta ta'lim maktab
39.23631,65.127975,23-sonli umumiy o'rta ta'lim maktabi
39.27069,65.13789,24-sonli umumiy o'rta ta'lim maktabi
39.211437,65.06607,25-sonli 25-sonli  umumiy o'rta'lim maktabia'lim maktabi
39.401897,65.043945,26-sonli umumiy o'rta ta'lim maktabi
39.440536,65.177185,27-sonli umumiy o'rta ta'lim maktabi
39.25555,65.14629,28-sonli umumiy oʻrta ta'lim maktabi
39.113403,65.417786,29-sonli umumiy o'rta ta'lim maktabi
39.10184,65.28446,30-sonli umumiy o'rta ta'lim maktabi
39.090622,65.30704,31-sonli umumiy o'rta ta'lim maktabi
39.103115,65.335464,32-sonli umumiy o'rta ta'lim maktabi
39.094715,65.32772,33-sonli umumiy o'rta ta'lim maktabi
38.852142,65.73017,1-sonli umumiy oʻrta taʼlim maktabi
38.87162,65.76106,2-sonli umumiy o'rta ta'lim maktabi
38.890575,65.740456,3-sonli umumiy o'rta ta'lim maktabi
38.820553,65.66084,4-sonli umumiy o'rta ta'lim maktabi
38.86417,65.95829,5-sonli umumiy o'rta ta'lim maktabi
38.756657,65.75115,6-sonli umumiy o'rta ta'lim maktabi
38.779423,65.7548,7-sonli umumiy o'rta ta'lim maktabi
38.817486,65.67423,8-sonli umumiy o'rta ta'lim maktabi
38.821835,65.69036,9-sonli umumiy o'rta ta'lim maktabi
38.816475,65.65235,10-sonli umumiy o'rta ta'lim maktabi
38.724747,65.60469,11-sonli umumiy o'rta ta'lim maktabi
38.82243,65.65006,12-sonli umumiy o'rta ta'lim maktabi
38.794163,65.82518,14-sonli umumiy o'rta ta'lim maktabi
38.770523,65.76195,15-sonli umumiy o'rta ta'lim maktabi
38.818497,65.865776,16-sonli umumiy o'rta ta'lim maktabi
38.82714,65.68944,17-sonli umumiy o'rta ta'lim maktabi
38.847767,65.60123,18-sonli umumiy o'rta ta'lim maktabi
38.842136,65.70594,19-sonli umumiy o'rta ta'lim maktabi
38.832607,65.72284,20-sonli umumiy o'rta ta'lim maktabi
38.839832,65.73375,21-sonli umumiy o'rta ta'lim maktabi
38.86361,65.73196,22-sonli umumiy o'rta ta'lim maktabi
38.782,65.54445,23-sonli umumiy o'rta ta'lim maktabi
38.810375,65.544945,24-sonli umumiy o'rta ta'lim maktabi
38.78737,65.56001,25-sonli umumiy o'rta ta'lim maktabi
38.891724,65.770874,26-sonli umumiy o'rta ta'lim maktabi
38.86444,65.843445,27-sonli umumiy o'rta ta'lim maktabi
38.88463,65.85407,28-sonli umumiy oʻrta taʼlim maktabi
38.88508,65.91359,29-sonli umumiy o'rta ta'lim maktabi
38.84244,65.88837,30-sonli umumiy o'rta ta'lim maktabi
38.93845,65.95185,31-sonli umumiy o'rta ta'lim maktabi
38.810234,65.64606,32-sonli umumiy o'rta ta'lim maktabi
38.773502,65.7986,33-sonli umumiy o`rta ta’lim maktabi
38.780025,65.74185,34-sonli umumiy o'rta ta'lim maktabi
38.818474,65.74455,35-sonli umumiy o'rta ta'lim maktabi
38.795746,65.80009,36-sonli umumiy o'rta ta'lim maktabi
38.80552,65.65002,37-sonli umumiy o'rta ta'lim maktabi
38.827114,65.630135,38-sonli umumiy o'rta ta'lim maktabi
38.806366,65.60582,39-sonli umumiy o'rta ta'lim maktabi
38.910458,65.79155,40-sonli umumiy o'rta ta'lim maktabi
38.868053,65.623825,41-sonli umumiy o'rta ta'lim maktabi
38.87055,65.66532,42-sonli umumiy o'rta ta'lim maktabi
38.901722,65.682014,43-sonli umumiy o'rta ta'lim maktabi
38.897312,65.651665,44-sonli umumiy o'rta ta'lim maktabi
38.85451,65.86822,45-sonli umumiy o'rta ta'lim maktabi
38.921257,65.62001,46-sonli umumiy o'rta ta'lim maktabi
38.834526,65.58734,47-sonli umumiy o'rta ta'lim maktabi
38.94544,65.60756,48-sonli umumiy o'rta ta'lim maktabi
38.93025,65.59688,49-sonli umumiy o'rta ta'lim maktabi
38.947067,65.63294,50-sonli umumiy o'rta ta'lim maktabi
38.908104,65.73166,51-sonli umumiy o'rta ta'lim maktabi
38.802742,65.639786,52-sonli umumiy o'rta ta'lim maktabi
38.66093,65.787254,53-sonli umumiy o'rta ta'lim maktabi
38.736694,65.741295,56-sonli umumiy o'rta ta'lim maktabi
38.765903,65.84979,57-sonli umumiy o'rta ta'lim maktabi
38.782375,65.77316,55-sonli umumiy o'rta ta'lim maktabi
38.932842,65.926506,54-sonli umumiy o'rta ta'lim maktabi
38.855220794677734,65.61194610595703,"10-MM,Karshi,Kashkadarya"
38.788227,65.54396,59-sonli umumiy o'rta ta'lim maktabi
38.846478,65.94351,60-sonli umumiy o'rta ta'lim maktabi
38.87375,65.96436,61-sonli umumiy o'rta ta'lim maktabi
38.628807,65.77092,62-sonli umumiy o'rta ta'lim maktabi
38.83109,65.649734,63-sonli umumiy o'rta ta'lim maktabi
38.79212,65.7859,64-sonli umumiy o'rta ta'lim maktabi
38.8244,65.7115,65-sonli umumiy o'rta ta'lim  maktabi
38.851303,65.91939,66-sonli umumiy o'rta ta'lim maktabi
38.84569,65.91004,67-sonli  umumiy o'rta ta'lim maktabi
38.750847,65.86103,68-sonli umumiy o'rta ta'lim maktabi
38.90095,65.78893,69-sonli umumiy o'rta ta'lim maktabi
38.870678,65.86591,70-sonli umumiy o'rta ta'lim maktabi
38.86274337768555,65.78230285644531,"A.ORIPOV IM,Karshi,Kashkadarya"
38.347878,66.49798,1-sonli umumiy o'rta ta'lim maktabi
38.318172,66.39915,2-sonli umumiy o'rta ta'lim maktabi
38.280212,66.225845,3-sonli umumiy o'rta ta'lim maktabi
38.21999,66.335526,4-sonli umumiy o'rta ta'lim maktabi
38.224033,66.401,5-sonli umumiy o'rta ta'lim maktabi
38.128124,66.630394,6-sonli umumiy o'rta ta'lim maktabi
38.27505,66.79281,7-sonli umumiy o'rta ta'lim maktabi
38.406216,66.63622,8-sonli umumiy o'rta ta'lim maktabi
38.40693,66.78858,9-sonli umumiy o'rta ta'lim maktabi
38.395077,66.96223,10-sonli umumiy o'rta ta'lim maktabi
38.342773,66.85853,11-sonli umumiy o'rta ta'lim maktabi
38.576065,66.65238,12-sonli umumiy o'rta ta'lim maktabi
38.49206,66.70039,13-sonli umumiy o'rta ta'lim maktabi
38.6027,66.73957,14-sonli umumiy o'rta ta'lim maktabi
38.538467,66.88492,15-sonli umumiy o'rta ta'lim maktabi
38.557766,66.84353,16-sonli umumiy o'rta ta'lim maktabi
38.63794,67.127045,17-sonli umumiy o'rta ta'lim maktabi
38.63794,67.127045,18-sonli umumiy o'rta ta'lim maktabi
38.532345,66.49822,19-sonli umumiy o'rta ta'lim maktabi
38.477825,66.43274,20-sonli umumiy o'rta ta'lim maktabi
38.419735,66.45283,21-sonli umumiy o'rta ta'lim maktabi
38.38514,66.46773,22-sonli umumiy o'rta ta'lim maktabi
38.35291,66.45029,23-sonli umumiy o'rta ta'lim maktabi
38.300304,66.44446,24-sonli umumiy o'rta ta'lim maktabi
38.300373,66.40505,25-sonli umumiy o'rta ta'lim maktabi
38.181953,66.12165,26-sonli umumiy o'rta ta'lim maktabi
38.16006,66.47445,27-sonli umumiy o'rta ta'lim maktabi
38.12876,66.364365,28-sonli umumiy o'rta ta'lim maktabi
38.092873,66.58153,29-sonli umumiy o'rta ta'lim maktabi
38.229527,66.5453,30-sonli umumiy o'rta ta'lim maktabi
38.267,66.609856,31-sonli umumiy o'rta ta'lim maktabi
38.302765,66.55834,32-sonli umumiy o'rta ta'lim maktabi
38.265015,66.49927,33-sonli umumiy o'rta ta'lim maktabi
38.354366,66.544106,34- sonli umumiy o'rta ta'lim maktabi
38.345867,66.621506,35-sonli umumiy o'rta ta'lim maktabi
38.402966,66.58912,36-sonli umumiy o'rta ta'lim maktabi
38.42966,66.63954,37-sonli umumiy o'rta ta'lim maktabi
38.41476,66.73996,38-sonli umumiy o'rta ta'lim maktabi
38.36536,66.68396,39-sonli umumiy o'rta ta'lim maktabi
38.301327,66.68872,40-sonli umumiy o'rta ta'lim maktabi
38.371872,66.75947,41-sonli umumiy o'rta ta'lim maktabi
38.35013,66.82529,42-sonli umumiy o'rta ta'lim maktabi
38.3535,66.918465,43-sonli umumiy o'rta ta'lim maktabi
38.38556,66.94684,44-sonli umumiy o'rta ta'lim maktabi
38.419376,67.000595,45-sonli umumiy o'rta ta'lim maktabi
38.430965,67.020805,46-sonli umumiy o'rta ta'lim maktabi
38.445072,67.04251,47-sonli umumiy o'rta ta'lim maktabi
38.5846,66.69666,48-sonli umumiy o'rta ta'lim maktabi
38.59722,66.76824,49-sonli umumiy o'rta ta'lim maktabi
38.482635,66.55195,50-sonli umumiy o'rta ta'lim maktabi
38.53735,66.52179,51-sonli umumiy o'rta ta'lim maktabi
38.55356,66.723404,52-sonli umumiy o'rta ta'lim maktabi
38.629005,66.66571,53-sonli umumiy o'rta ta'lim maktabi
38.528267,66.846176,umiy o'rta ta'lim maktabi
38.554226,66.911064,55-sonli umumiy o'rta ta'lim maktabi
38.3819,66.76451,56-sonli umumiy o'rta ta'lim maktabi
38.626907,67.12691,57-sonli umumiy o'rta ta'lim maktabi
38.676926,67.19772,58-sonli umumiy o'rta ta'lim maktabi
38.357502,66.4798,59-sonli umumiy o'rta ta'lim maktabi
38.41406,66.89731,60-sonli umumiy o'rta ta'lim maktabi
38.377758,66.91633,61-sonli umumiy o'rta ta'lim maktabi
38.40632,66.45567,62-sonli umumiy o'rta ta'lim maktabi
38.566254,66.6033,63-sonli umumiy o'rta ta'lim maktabi
38.46873,66.67039,64-sonli umumiy o'rta ta'lim maktabi
38.53718,66.86662,65-sonli umumiy o'rta ta'lim maktabi
38.363472,66.80052,66-sonli umumiy o'rta ta'lim maktabi
38.511257,66.71671,67-sonli umumiy o'rta ta'lim maktabi
38.35025,66.48403,Dehqonobod tumani 68-sonli umumiy oʻrta taʼlim maktabi
38.34902,66.49797,69- sonli umumiy o'rta ta'lim maktabi
38.34177,66.56161,70-sonli umumiy o'rta ta'lim maktabi
38.18368,66.460106,71-sonli umumiy o'rta ta'lim maktabi
38.565895,66.96155,72-sonli umumiy o'rta ta'lim maktabi
38.042225,66.50705,73-sonli umumiy o'rta ta'lim maktabi
38.6116,67.167885,74-sonli umumiy o'rta ta'lim maktabi
38.415394,66.79127,75-sonli umumiy o'rta ta'lim maktabi
38.633583,66.6978,76-sonli umumiy o'rta ta'lim maktabi
38.339752,66.574875,77-sonli umumiy o'rta ta'lim maktabi
38.512836,66.66615,78-sonli umumiy o'rta ta'lim maktabi
38.283142,66.64626,79-sonli umumiy o'rta ta'lim maktabi
38.420624,66.614296,80-sonli umumiy o'rta ta'lim maktabi
38.385,66.704704,81-sonli umumiy o'rta ta'lim maktabi
38.337143,66.82668,82-sonli umumiy o'rta ta'lim maktabi
38.505505,66.600784,83-sonli umumiy o'rta ta'lim maktabi
38.341587,66.75212,84-sonli umumiy o'rta ta'lim maktabi
38.33468,66.58404,85-sonli umumiy o'rta ta'lim maktabi
38.62448,66.63795,86-sonli umumiy o'rta ta'lim maktabi
38.347363,66.50059,87-sonli umumiy o'rta ta'lim maktabi
38.25562,66.542305,88-sonli umumiy o'rta ta'lim maktabi
38.353874,66.51247,89-sonli umumiy o'rta ta'lim maktabi
38.424587,67.02447,90-sonli umumiy o'rta ta'lim maktabi
38.641388,67.1204,91-sonli umumiy o'rta ta'lim maktabsonli umumiy o'rta ta'lim maktabi
38.336082,66.449265,92-sonli umumiy o'rta ta'lim maktabi
38.370853,66.71084,93-sonli umumiy o'rta ta'lim maktabi
38.390278,66.72471,94-sonli umumiy o'rta ta'lim maktabi
38.40926,66.977615,95-sonli umumiy o'rta ta'lim maktabi
38.39679,66.783295,96-sonli umumiy o'rta ta'lim maktabi
39.11431,66.866264,1-sonli  umumiy o'rta ta’lim maktabii
39.10942,66.87004,2-sonli umumiy o'rta ta'lim maktabi
39.117233,66.87909,3-sonli  umumiy o'rta ta’lim maktabi
39.126396,66.88024,4-sonli umumiy o'rta ta'lim maktabi
39.1072,66.8619,5-sonli umumiy o'rta ta'lim maktabi
39.104797,66.8965,6-sonli umumiy o'rta ta'lim maktabi
39.112125,66.844154,7-sonli umumiy o'rta ta'lim maktabi
39.112206,66.92419,8-sonli umumiy o'rta ta'lim maktabi
39.09942,66.896675,9-sonli umumiy o'rta ta'lim maktabi
39.13508,66.83915,11-sonli umumiy o'rta ta'lim maktabi
39.113605,66.83018,10-sonli umumiy o'rta ta'lim maktabi
39.1347,66.789406,12-sonli umumiy o'rta ta'lim maktabi
39.126198,66.82375,13-sonli umumiy o'rta ta'lim maktabi
39.14229,66.85253,14-sonli umumiy o'rta ta'lim maktabi
39.11216,66.78279,15-sonli umumiy o'rta ta'lim maktabi
39.116287,66.77073,16-sonli umumiy o'rta ta'lim maktabi
39.10827,66.75111,17-sonli umumiy o'rta ta'lim maktabi
39.12414,66.76552,18-sonli umumiy o'rta ta'lim maktabi
39.132404,66.73467,19-sonli umumiy o'rta ta'lim maktabi
39.15127,66.840935,20-sonli umumiy o‘rta ta’lim maktabi
39.14729,66.82719,21-sonli umumiy o'rta ta'lim maktabi
39.167473,66.81368,22-sonli umumiy o'rta ta'lim maktabi
39.176228,66.83525,23-sonli umumiy o'rta ta'lim maktabi
39.145653,66.87088,24-sonli umumiy o'rta ta'lim maktabi
39.156654,66.88383,25-sonli umumiy o'rta ta'lim maktabi
39.172115,66.86837,26-sonli umumiy o'rta ta'lim maktabi
39.187523,66.86524,27-sonli umumiy o'rta ta'lim maktabi
39.225273,66.91011,28-sonli umumiy o'rta ta'lim maktabi
39.137695,66.89284,29-sonli umumiy o'rta ta'lim maktabi
39.135754,66.9105,30-sonli umumiy o'rta ta'lim maktabi
39.138073,66.91814,31-sonli umumiy o'rta ta'lim maktabi
39.118275,66.90784,32-sonli umumiy o'rta ta'lim maktabi
39.11689,66.89894,33-sonli umumiy o'rta ta'lim maktabi
39.12515,66.88427,34-sonli umumiy o'rta ta'lim maktabi
39.135536,66.93642,35-sonli umumiy o'rta ta'lim maktabi
39.12826,66.953094,36-sonli umumiy o'rta ta'lim maktabi
39.143677,66.94612,37-sonli umumiy o'rta ta'lim maktabi
39.14938,66.93048,38-sonli umumiy o'rta ta'lim maktabi
39.165565,66.958565,39-sonli umumiy o'rta ta'lim maktabi
39.10065,66.99794,40-sonli umumiy o'rta ta'lim maktabi
39.162777,66.97665,41-sonli umumiy o'rta ta'lim maktabi
39.231148,66.903915,42-sonli umumiy o'rta ta'lim maktabi
39.18812,67.10753,43-sonli umumiy o'rta ta'lim maktabi
39.11828,66.98402,44-sonli umumiy o'rta ta'lim maktabi
39.106503,66.98203,45-sonli umumiy o'rta ta'lim maktabi
39.093204,66.976974,46-sonli umumiy o'rta ta'lim maktabi
39.085274,67.000046,47-sonli umumiy o'rta ta'lim maktabi
39.08363,66.02853,48-sonli umumiy o'rta ta'lim maktabi
39.06775,67.024506,49-sonli umumiy o'rta ta'lim maktabi
39.047947,67.03862,50-sonli umumiy o'rta ta'lim maktabi
39.040573,67.052895,51-sonli umumiy o'rta ta'lim maktabi
39.19436,66.99451,52-sonli umumiy o'rta ta'lim maktabi
39.205135,66.99999,53-sonli umumiy o'rta ta'lim maktabi
39.21915,67.01043,54-sonli umumiy o’rta ta’lim maktabi
39.207623,67.01918,55-sonli umumiy o'rta ta'lim maktabi
39.23796,67.0457,56-sonli umumiy o'rta ta'lim maktabi
39.246895,67.06989,57-sonli umumiy o'rta ta'lim maktabi
39.27086,67.10625,58-sonli umumiy o'rta ta'lim maktabi
39.20676,66.97308,59-sonli umumiy o'rta ta'lim maktabi
39.194786,67.39719,60-sonli umumiy o'rta ta'lim maktabi
39.178627,67.030334,61-sonli umumiy o'rta ta'lim maktabi
39.180336,67.03878,62-sonli umumiy o'rta ta'lim maktabi
39.1894,67.15647,63-sonli umumiy o'rta ta'lim maktabi
39.18179,67.146576,64-sonli umumiy o'rta ta'lim maktabi
39.188183,67.17183,65-sonli umumiy o'rta ta'lim maktabi
39.18802,67.1855,66-sonli umumiy o'rta ta'lim maktabi
39.195724,67.26826,67-sonli umumiy o'rta ta'lim maktabi
39.211643,67.30893,68-sonli umumiy o'rta ta'lim maktabi
39.171406,66.880745,69-sonli umumiy o'rta ta'lim maktabi
39.152523,66.78975,70-sonli umumiy o'rta ta'lim maktabi
39.107018,66.75905,71-sonli umumiy o'rta ta'lim maktabi
39.172462,66.698235,72-sonli umumiy o'rta ta'lim maktabi
39.1939,66.69114,73-sonli umumiy o'rta ta'lim maktabi
39.20429,66.747116,74-sonli umumiy o'rta ta'lim maktabi
39.222095,66.756966,75-sonli umumiy o'rta ta'lim maktabi
39.241898,66.79251,76-sonli umumiy o'rta ta'lim maktabi
39.20371,66.781334,77-sonli umumiy o'rta ta'lim maktabi
39.218487,66.68789,78-sonli umumiy o'rta ta'lim maktabi
39.29431,66.6796,79-sonli umumiy o'rta ta'lim maktabi
39.28979,66.73082,80-sonli umumiy o‘rta ta'lim maktabi
39.122814,66.97052,81-sonli umumiy o'rta ta'lim maktabi
39.170147,66.96902,82-sonli umumiy o'rta ta'lim maktabi
39.1993,66.79269,83-sonli umumiy o'rta ta'lim maktabi
39.122414,66.847626,84-sonli umumiy o'rta ta'lim maktabi
39.147606,66.916176,85-sonli umumiy o'rta ta'lim maktabi
39.18704,66.85607,86-sonli umumiy o'rta ta'lim maktabi
39.131405,66.870186,87-sonli umumiy o'rta ta'lim maktabi
39.191776,67.24196,88-sonli umumiy o'rta ta'lim maktabi
39.214546,66.733955,89-sonli umumiy o'rta ta'lim maktabi
39.179836,67.01093,90-sonli umumiy o'rta ta'lim maktabi
39.146236,66.95644,91-sonli umumiy o'rta ta'lim maktabi
39.205536,66.76397,92-sonli umumiy o'rta ta'lim maktabi
39.126698,66.90454,96-sonli umumiy o'rta ta'lim maktabi
39.107628,66.86546,97-sonli umumiy o'rta ta'lim maktabi
39.031513,65.58436,1-sonli umumiy o'rta ta'lim maktabi
39.036236,65.585205,2-sonli umumiy o'rta ta'lim maktabi
39.03172,65.561264,3-sonli umumiy o'rta ta'lim maktabi
39.046375,65.56284,4-sonli umumiy o'rta ta'lim maktabi
39.049633,65.58077,5-sonli umumiy o'rta ta'lim maktabi
39.05481,65.59176,6-sonli umumiy o'rta ta'lim maktabi
39.03875,65.574936,7-sonli umumiy o'rta ta'lim maktabi
39.026836,65.59387,8-sonli umumiy o'rta ta'lim maktabi
39.04007,65.58575,9-sonli umumiy oʻrta taʼlim maktabi
39.055317,65.56956,10-sonli umumiy o'rta ta'lim maktabi
39.02834,65.571144,11-sonli umumiy o'rta ta'lim maktabi
39.0405,65.74345,12-sonli umumiy o'rta ta'lim maktabi
38.94466,65.74715,13-sonli umumiy o'rta ta'lim maktabi
38.99186,65.77351,14-sonli umumiy o'rta ta'lim maktabi
38.988544,65.69159,15-sonli umumiy o'rta ta'lim maktabi
39.40543,65.77616,16-sonli umumiy o'rta ta'lim maktabi
39.02107,65.51132,17-sonli umumiy o'rta ta'lim maktabi
39.02243,65.71366,18-sonli umumiy o'rta ta'lim maktabi
38.97729,65.75814,19-sonli umumiy o'rta ta'lim maktabi
38.961426,65.68518,20-sonli umumiy o'rta ta'lim maktabi
39.00684,65.79028,21-sonli umumiy o'rta ta'lim maktabi
39.10072,65.96495,22-sonli umumiy o'rta ta'lim maktabi
39.038837,65.70496,23-sonli umumiy o'rta ta'lim maktabi
39.296738,65.70104,24-sonli umumiy o'rta ta'lim maktabi
39.090866,65.81345,25-sonli umumiy o'rta ta'lim maktabi
39.006905,65.630165,26-sonli umumiy o'rta ta'lim maktabi
38.959698,65.76164,27-sonli umumiy o'rta ta'lim maktabi
38.93262,65.78572,28-sonli umumiy o'rta ta'lim maktabi
38.975525,65.55212,29-sonli umumiy o'rta ta'lim maktabi
38.995472,65.72632,30-sonli umumiy o'rta ta'lim maktabi
39.05504,65.73295,31-sonli umumiy o'rta ta'lim maktabi
39.052067,65.68877,32-sonli umumiy o'rta ta'lim maktabi
39.02191,65.6197,33-sonli umumiy o'rta ta'lim maktabi
39.066917,65.714806,34-sonli umumiy o'rta ta'lim maktabi
39.026836,65.59387,35-sonli umumiy o'rta ta'lim maktabi
39.182922,65.94018,36-sonli umumiy o'rta ta'lim maktabi
39.05526,65.83842,37-sonli umumiy o'rta ta'lim maktabi
38.996475,65.63667,38-sonli umumiy o'rta ta'lim maktabi
39.189186,66.00749,39-sonli umumiy o'rta ta'lim maktabi
39.283787,65.88833,40-sonli umumiy o'rta ta'lim maktabi
39.19185,65.74673,41-sonli umumiy o'rta ta'lim maktabi
39.17433,65.75829,42-sonli umumiy o'rta ta'lim maktabi
39.212154,65.8214,43-sonli umumiy o'rta ta'lim maktabi
38.960537,65.78372,44-sonli umumiy o'rta ta'lim maktabi
39.13037,65.84429,45-sonli umumiy o'rta ta'lim maktabi
39.349857,65.9235,46-sonli umumiy o'rta ta'lim maktabi
39.037846,65.78278,47-sonli umumiy o'rta ta'lim maktabi
39.023445,65.48939,48-sonli umumiy o'rta ta'lim maktabi
39.101517,65.60159,49-sonli umumiy o'rta ta'lim maktabi
39.026836,65.59387,50-sonli umumiy o'rta ta'lim maktabi
39.17929,65.65734,51-sonli umumiy o'rta ta'lim maktabi
39.129635,65.6139,52-sonli umumiy o'rta ta'lim maktabi
39.21803,65.58196,53-sonli umumiy o'rta ta'lim maktabi
39.178864,65.92679,54-sonli umumiy o'rta ta'lim maktabi
39.11446,65.86796,55-sonli umumiy o'rta ta'lim maktabi
39.08313,65.71393,56-sonli umumiy o'rta ta'lim maktabi
38.982956,65.6886,57-sonli umumiy o'rta ta'lim maktabi
39.397194,65.74213,58-sonli umumiy o'rta ta'lim maktabi
39.006947,65.74542,59-sonli umumiy o'rta ta'lim maktabi
39.05481,65.80175,60-sonli umumiy o'rta ta'lim maktabi
39.178368,65.591255,61-sonli umumiy o'rta ta'lim maktabi
39.051598,65.718864,62-sonli umumiy o'rta ta'lim maktabi
39.15286,65.50924,63-sonli umumiy o'rta ta'lim maktabi
39.026836,65.59387,64-sonli umumiy o'rta ta'lim maktabi
39.02894,65.74649,65-sonli umumiy o'rta ta'lim maktabi
39.229195,65.687325,66-sonli  o'rta umumiy  ta'lim maktabi
38.95596,66.41474,67-sonli umumiy o'rta ta'lim maktabi
39.094925,65.774124,68-sonli umumiy o'rta ta'lim maktabi
39.16473,65.765915,69-sonli umumiy o'rta ta'lim maktabi
39.225555,65.84001,70-sonli umumiy o'rta ta'lim maktabi
39.035484,65.73375,71-sonli umumiy o'rta ta'lim maktabi
39.01201,65.7292,72-sonli umumiy o'rta ta'lim maktabi
39.04517,65.719025,73-sonli umumiy o'rta ta'lim maktabi
38.998234,65.659035,75-sonli umumiy o'rta ta'lim maktabi
38.984993,65.67239,76-sonli umumiy o'rta ta'lim maktabi
38.967052,65.73508,77-sonli umumiy o'rta ta'lim maktabi
39.026836,65.59387,78-sonli umumiy o'rta ta'lim maktabi
39.081276,65.46795,79-sonli umumiy o'rta ta'lim maktabi
38.921165,65.786995,80-sonli umumiy o'rta ta'lim maktabi
39.347527,65.71533,81-sonli umumiy o'rta ta'lim maktabi
39.035904,65.55224,82-sonli umumiy o'rta ta'lim maktabi
38.998264,65.6814,83-sonli umumiy o'rta ta'lim maktabi
39.01201,65.7292,84-sonli umumiy o'rta ta'lim maktabi
39.02771,65.57102,85-sonli umumiy o'rta ta'lim maktabi
39.086433,65.54894,86-sonli umumiy o'rta ta'lim maktabi
39.01656,65.69702,87-sonli umumiy o'rta ta'lim maktabi
39.038418,65.69156,88-sonli umumiy o'rta ta'lim maktabi
38.979965,65.67903,89-sonli umumiy o'rta ta'lim maktabi
38.961636,65.79078,90-sonli umumiy o'rta ta'lim maktabi
39.00269,65.65528,91-sonli umumiy o'rta ta'lim maktabi
39.019833,65.59063,92-sonli umumiy o'rta ta'lim maktabi
39.029236,65.72121,93-sonli umumiy o'rta ta'lim maktabi
39.040665,65.6049,94-sonli umumiy o'rta ta'lim maktabi
39.03963,65.743996,95-sonli umumiy o'rta ta'lim maktabi
39.056103,65.745384,96-sonli umumiy o'rta ta'lim maktabi
39.023815,65.51786,97-sonli umumiy o'rta ta'lim maktabi
39.064137,65.5516,98-sonli umumiy o'rta ta'lim maktabi
39.412315,65.78969,99-sonli umumiy o'rta ta'lim maktabi
39.050034,65.58763,100-sonli umumiy o'rta ta'lim maktabi
39.01201,65.7292,101-sonli umumiy o'rta ta'lim maktabi
39.026836,65.59387,102-sonli umumiy o'rta ta'lim maktabi
38.614853,66.25023,1-sonli umumiy o'rta ta`lim maktabi
38.627907,66.124725,2-sonli umumiy o'rta ta'lim maktabi
38.59282,66.25461,3-sonli umumiy o'rta ta'lim maktabi
38.607903,66.2649,4-sonli umumiy o'rta ta'lim maktabi
38.664356,66.23533,5-sonli umumiy o'rta ta'lim maktabi
38.616734,66.24532,6-sonli umumiy o'rta ta'lim maktabi
38.604874,66.25295,7-sonli umumiy o'rta ta'lim maktabi
38.845688,66.07886,8-sonli umumiy o'rta ta'lim maktabi
38.657207,66.18723,9-sonli umumiy o'rta ta'lim maktab
38.784294,66.172905,10-sonli umumiy o'rta ta'lim maktabi
38.74862,66.227684,11-sonli umumiy o'rta ta'lim maktabi
38.60287,66.19328,12-sonli umumiy o'rta ta'lim maktabi
38.542873,66.39091,13-sonli umumiy o'rta ta'lim maktabi
38.62059,66.278076,14-sonli umumiy o'rta ta'lim maktabi
38.586983,66.24321,15-sonli umumiy o'rta ta'lim maktabi
38.606255,66.280136,16-sonli umumiy o'rta ta'lim maktabi
38.587364,66.26659,17-sonli umumiy o'rta ta'lim maktabi
38.58408,66.211266,18-sonli umumiy o'rta ta'lim maktabi
38.461227,66.306885,19-sonli umumiy o'rta ta'lim maktabi
38.58927,66.27627,20-sonli umumiy o'rta ta'lim maktabi
38.672806,66.300835,21-sonli umumiy o'rta ta'lim maktabi
38.66254,66.315704,22-sonli umumiy o'rta ta'lim maktabi
38.67375,66.337845,23-sonli umumiy o'rta ta'lim maktabi
38.59207,65.97498,24-sonli umumiy o'rta ta'lim maktabi
38.372814,66.12605,25-sonli umumiy o'rta ta'lim maktabi
38.7002,66.2141,26-sonli umumiy o'rta ta'lim maktabi
38.68328,66.17648,27-sonli umumiy o'rta ta'lim maktabi
38.70034,66.24462,28-sonli umumiy o'rta ta'lim maktabi
38.703712,66.15001,29-sonli umumiy o'rta ta'lim maktabi
38.745075,66.16138,30-sonli umumiy o'rta ta'lim maktabi
38.629433,66.1652,31-sonli umumiy o'rta ta'lim maktabi
38.628998,66.09834,32-sonli umumiy o'rta ta'lim maktabi
38.649055,66.100075,33-sonli umumiy o'rta ta'lim maktabi
38.624584,66.24867,34-sonli umumiy o'rta ta'lim maktabi
38.299927,66.04035,35-sonli umumiy o'rta ta'lim maktabi
38.788246,66.07756,36-sonli umumiy o'rta ta'lim maktabi
38.70421,66.0584,37-sonli umumiy o'rta ta'lim maktabi
38.722843,65.9402,38-sonli umumiy o'rta ta'lim maktabi
38.547916,66.40445,39-sonli umumiy o'rta ta'lim maktabi
38.485546,66.35127,40-sonli umumiy o'rta ta'lim maktabi
38.69238,66.26613,41-sonli umumiy o'rta ta'lim maktabi
38.796597,66.05355,42-sonli umumiy o'rta ta'lim maktabi
38.742664,65.89112,43-sonli umumiy o'rta ta'lim maktabi
38.83614,66.09637,44-sonli umumiy o'rta ta'lim maktabi
38.852177,66.05031,45-sonli umumiy o'rta ta'lim maktabi
38.618595,66.450745,46-sonli umumiy o'rta ta'lim maktabi
38.665718,66.10726,47-sonli umumiy o'rta ta'lim maktabi
38.605785,66.15444,48-sonli umumiy o'rta ta'lim maktabi
38.484997,66.3451,49-sonli umumiy o'rta ta'lim maktabi
38.59875,66.240456,50-sonli umumiy o'rta ta'lim maktabi
38.634518,66.291504,51-sonli umumiy o'rta ta'lim maktabi
38.63651,66.24628,52-sonli umumiy o'rta ta'lim maktabi
38.62827,66.256165,53-sonli umumiy o'rta ta'lim maktabi
38.665714,66.29652,54-sonli umumiy o'rta ta'lim maktabi
38.805714,66.08011,55-sonli umumiy o'rta ta'lim maktabi
38.726635,66.1325,56-sonli umumiy o'rta ta'lim maktabi
38.357872,65.868065,57-sonli umumiy o'rta ta'lim maktabi
38.624863,66.18637,58-sonli umumiy o'rta ta'lim maktabi
38.68298,66.00028,59-sonli umumiy o'rta ta'lim maktabi
38.635853,66.11213,60-sonli umumiy o'rta ta'lim maktabi
38.838436,66.102325,61-sonli umumiy o'rta ta'lim maktabi
38.744698,66.2095,62-sonli umumiy o'rta ta'lim maktabi
38.702595,66.03332,63-sonli umumiy o'rta ta'lim maktabi
38.791996,66.17615,64-sonli umumiy o'rta ta'lim maktabi
38.559303,66.33311,65-sonli umumiy o'rta ta'lim maktabi
38.63865,66.14976,66-sonli umumiy o'rta ta'lim maktabi
38.60682,65.942856,67-sonli umumiy o'rta ta'lim maktabi
38.62212,66.25651,68-sonli umumiy o'rta ta'lim maktabi
38.747353,66.23411,69-sonli umumiy o'rta ta'lim maktabi
38.58661,66.27844,70-sonli umumiy o'rta ta'lim maktabi
38.67338,66.32577,71-sonli umumiy o'rta ta'lim maktabi
38.67078,66.04937,72-sonli umumiy o'rta ta'lim maktabi
38.66437,66.25377,73-sonli umumiy o'rta ta'lim maktabi
38.635242,66.21465,74-sonli umumiy o'rta ta'lim maktabi
38.611324,66.2428,75-sonli umumiy o'rta ta'lim maktabi
38.618560791015625,66.2657241821289,"76-IMI,Guzar,Kashkadarya"
38.628906,66.252655,77-sonli umumiy o'rta ta'lim maktabi
38.768917,65.92496,78-sonli umumiy o'rta ta'lim maktabi
38.60682,66.28807,79-sonli umumiy o'rta ta'lim maktabi
38.925587,66.83877,1-sonli umumiy o'rta ta'lim maktabi
38.981293,66.67928,2-sonli umumiy o'rta ta'lim maktabi
38.8484,66.91409,3-sonli umumiy o'rta ta'lim maktabi
38.97051,66.88091,4-sonli umumiy o'rta ta'lim maktabi
38.93361,66.741165,5-sonli umumiy o'rta ta'lim maktabi
38.984116,66.7502,6-sonli umumiy o'rta ta'lim maktabi
38.977707,66.79189,7-sonli umumiy o'rta ta'lim maktabi
38.927197,66.49533,8-sonli umumiy o'rta ta'lim maktabi
39.001873,66.680504,9-sonli umumiy o'rta ta'lim maktabi
38.988117,66.61722,10-sonli umumiy o'rta ta'lim maktabi
38.9406,66.58628,11-sonli umumiy o'rta ta'lim maktabi
38.93672,66.66234,12-sonli umumiy o'rta ta'lim maktabi
38.919796,67.0369,13-sonli umumiy o'rta ta'lim maktabi
38.91919,66.81279,14-sonli umumiy o'rta ta'lim maktabi
38.838543,66.871506,15-sonli umumiy o'rta ta'lim maktabi
38.932713,66.90672,16-sonli umumiy o'rta ta'lim maktabi
38.987267,66.69334,17-sonli umumiy o'rta ta'lim maktabi
38.95832,66.62132,18-sonli umumiy o'rta ta'lim maktabi
38.97992,66.55807,19-sonli umumiy o'rta ta'lim maktabi
38.9213,66.85108,20-sonli umumiy o'rta ta'lim maktabi
38.982273,66.66876,21-sonli umumiy o'rta ta'lim maktabi
38.848766,66.95753,22-sonli umumiy o'rta ta'lim maktabi
38.916763,66.568436,23-sonli umumiy o'rta ta'lim maktabi
38.795128,66.82223,24-sonli umumiy o'rta  ta'lim maktabi
38.88839,67.07937,25-sonli umumiy o'rta ta'lim maktabi
38.95928,66.80424,26-sonli umumiy o'rta ta'lim maktabi
38.95522,66.751526,27-sonli umumiy o'rta ta'lim maktabi
38.927757,66.780426,28-sonli umumiy o'rta ta'lim maktabi
38.9535,66.78805,29-sonli umumiy o'rta ta'lim maktabi
38.937927,66.88355,30-sonli umumiy o'rta ta'lim maktabi
38.930725,66.98747,31-sonli umumiy o'rta ta'lim maktabi
38.929356,66.53926,32-sonli umumiy o'rta ta'lim maktabi
38.999363,66.641914,33-sonli umumiy o'rta ta'lim maktabi
38.938976,66.844734,34-sonli umumiy o'rta ta'lim maktabi
38.99476,66.8463,35-sonli umumiy o'rta ta'lim maktabi
38.97296,66.82204,36-sonli umumiy o'rta ta'lim maktabi
39.004917,66.752014,37-sonli umumiy o'rta ta’lim maktabi
38.88856,66.9465,38-sonli umumiy o'rta ta'lim maktabi
38.87337,66.76292,39-sonli umumiy o'rta ta'lim maktabi
38.999317,66.727486,40-sonli umumiy o'rta ta'lim maktabi
38.92867,66.86984,41-sonli umumiy o'rta ta'lim maktabi
38.948887,66.851135,42-sonli umumiy o'rta  ta'lim maktabi
38.98398,66.86176,43-sonli umumiy o'rta ta'lim maktabi
38.92601,66.59561,44-sonli umumiy o'rta ta'lim maktabi
38.935406,66.67934,45-sonli umumiy o'rta ta'lim maktabi
38.789707,66.809296,46-sonli umumiy o'rta ta'lim maktabi
38.852947,66.7462,47-sonli umumiy o'rta ta'lim maktabi
38.983475,66.90556,48-sonli umumiy o'rta ta'lim maktabi
38.938072,66.83089,50-sonli umumiy o'rta ta'lim maktabi
38.92706,66.64707,51-sonli umumiy o'rta ta'lim maktabi
39.03357,66.680336,52-sonli umumiy o'rta ta'lim maktabi
39.01741,66.70978,53-sonli umumiy o'rta ta'lim maktabi
38.827015,66.93661,54-sonli umumiy o'rta ta'lim maktabi
38.929672,66.89736,55-sonli umumiy o'rta ta'lim maktabi
38.873177,67.07359,56-sonli umumiy o'rta ta'lim maktabi
38.769417,66.832,57-sonli umumiy o'rta ta'lim maktabi
38.96574,66.58722,58-sonli umumiy o'rta ta'lim maktabi
38.94897,66.72545,59-sonli umumiy o'rta ta'lim maktabi
38.91595,66.47905,60-sonli umumiy o'rta ta'lim maktabi
39.004333,66.664085,61-sonli umumiy o'rta ta'lim maktabi
38.954758,66.47904,62- sonli  umumiy o'rta ta'lim maktabi
38.854305,67.05348,63-sonli umumiy o'rta ta'lim maktabi
38.95318,66.672134,64-sonli umumiy o'rta ta'lim maktabi
38.860985,66.67521,65-sonli umumiy o'rta ta'lim maktabi
38.85598,66.70892,66-sonli umumiy o'rta ta'lim maktabi
38.91088,66.830246,67-sonli umumiy o'rta ta'lim maktabi
38.84412,67.09531,68-sonli umumiy o'rta ta'lim maktabi
38.93284,66.94132,69-sonli umumiy o'rta ta'lim maktabi
38.990974,66.771324,70-sonli umumiy o'rta ta'lim maktabi
38.96629,66.86572,71-sonli umumiy o'rta ta'lim maktabi
38.857853,66.64304,72-sonli umumiy o'rta ta'lim maktabi
38.991264,66.60559,73-sonli umumiy o'rta ta'lim maktabi
38.92102,66.8457,74-sonli umumiy o'rta ta'lim maktabi
38.977184,66.694954,75-sonli umumiy o'rta ta'lim maktabi
38.90752,67.05004,76-sonli umumiy o'rta ta'lim maktabi
38.976,66.67724,77-sonli umumiy o'rta ta'lim maktabi
38.84589,67.126274,78-sonli umumiy o'rta ta'lim maktabi
38.960384,66.75219,79-sonli umumiy o'rta ta'lim maktabi
38.971306,66.55593,80-sonli umumiy o'rta ta'lim maktabi
38.880344,66.926704,82-sonli umumiy o'rta ta'lim maktabi
38.96983,66.70431,83-sonli umumiy o'rta ta'lim maktabi
38.929626,66.56377,84-sonli umumiy o'rta ta'lim maktabi
38.926594,66.475044,85-sonli umumiy o'rta ta'lim maktabi
38.886917,66.95287,86-sonli umumiy o'rta ta'lim maktabi
38.807117,66.85113,88-sonli umumiy o'rta ta'lim maktabi
38.84882,66.981514,89-sonli umumiy o'rta ta'lim maktabi
38.907024,66.50181,90-sonli umumiy o'rta ta'lim maktabi
39.002277,66.73578,91-sonli umumiy o'rta ta'lim maktabi
38.936188,66.785126,92-sonli umumiy o'rta ta'lim maktabi
38.821793,66.89657,93-sonli umumiy o'rta ta'lim maktabi
38.938843,66.73174,94-sonli umumiy o'rta ta'lim maktabi
38.89729,67.10795,95-sonli umumiy o'rta ta'lim maktabi
38.984856,66.79189,96-sonli umumiy o'rta ta'lim maktabi
38.954666,66.690506,97-sonli umumiy o'rta ta'lim maktabi
38.930748,66.96804,98-sonli umumiy o'rta ta'lim maktabi
38.878914,66.617386,99-sonli umumiy o'rta ta'lim maktabi
38.966553,66.68097,100-sonli umumiy o'rta ta'lim maktabi
38.925007,67.0228,101-sonli umumiy o'rta ta'lim maktabi
38.91799,67.05005,103-sonli umumiy o'rta ta'lim maktabi
38.90067,66.64935,104-sonli umumiy o'rta ta'lim maktabi
38.924385,66.840904,49-sonli umumiy o`rta ta’lim maktabi
38.987571716308594,66.75788879394531,"14-MM,Yakkabog,Kashkadarya"
39.07986,67.46652,1-sonli umumiy o'rta ta'lim maktabi
39.02766,66.9666,2-sonli umumiy o'rta ta'lim maktabi
39.01886,66.87615,3-sonli umumiy o'rta ta'lim maktabi
39.049507,66.96372,4-sonli umumiy o'rta ta'lim maktabi
39.036446,66.89709,5-sonli umumiy o'rta ta'lim maktabi
39.027435,66.85214,6-sonli umumiy o'rta ta'lim maktabi
39.013584,66.85768,7-sonli umumiy o'rta ta'lim maktabi
39.036686,67.12693,8-sonli umumiy o'rta ta'lim maktabi
38.999424,67.03937,9-sonli umumiy o'rta ta'lim maktabi
39.026638,66.80517,10-sonli umumiy o'rta ta'lim maktabi
39.09262,66.68215,11-sonli umumiy o'rta ta'lim maktabi
39.057274,66.776245,12-sonli umumiy o'rta ta'lim maktabi
39.047718,66.75037,13-sonli umumiy o'rta ta'lim maktabi
39.04815,66.67196,14-sonli umumiy o'rta ta'lim maktabi
39.05648,66.74548,15-sonli umumiy o'rta ta'lim maktabi
39.076736,66.72017,16-sonli umumiy o'rta ta'lim maktabi
39.06233,66.67404,17-sonli umumiy o'rta ta'lim maktabi
39.090805,66.67144,18-sonli umumiy o'rta ta'lim maktabi
39.068577,66.77387,19-sonli umumiy o'rta ta'lim maktabi
39.06597,66.8086,20-sonli umumiy o'rta ta'lim maktabi
39.04421,66.706116,21-sonli umumiy o'rta ta'lim maktabi
39.08119,66.9015,22-sonli umumiy o'rta ta'lim maktabi
39.069115,66.97594,23-sonli umumiy o'rta ta'lim maktabi
39.089493,66.7839,24-sonli umumiy o'rta ta'lim maktabi
39.034782,66.76397,25-sonli umumiy o'rta ta'lim maktabi
39.084446,66.9188,26-sonli umumiy o'rta ta'lim maktabi
39.072617,66.950264,27-sonli umumiy o'rta ta'lim maktabiи
39.074326,66.742,28-sonli umumiy o'rta ta'lim maktabi
39.088226,66.954956,29-sonli umumiy o'rta ta'lim maktabi
39.040684,66.97043,30-sonli umumiy o'rta ta'lim maktabi
39.060066,66.992294,31-sonli umumiy o'rta ta'lim maktabi
39.038776,66.99731,32-sonli umumiy o'rta ta'lim maktabi
39.037704,67.02028,33-sonli umumiy o'rta ta'lim maktabi
39.0961,66.886566,34-sonli umumiy o'rta ta'lim maktabi
39.029716,67.06862,35-sonli umumiy o'rta ta'lim maktabi
39.031403,67.127045,36-sonli umumiy o‘rta ta'lim maktabi
39.036102,66.9292,37-sonli umumiy o'rta ta'lim maktabi
39.01823,66.96062,38-sonli umumiy o'rta ta'lim maktabi
39.003445,67.01815,39-sonli umumiy o'rta ta'lim maktabi
38.995445,67.05207,40-sonli umumiy o'rta ta'lim maktabiи
39.019806,66.98574,41-sonli umumiy o'rta ta'lim maktabi
39.002197,66.94334,42-sonli umumiy o'rta ta'lim maktabi
38.98807,66.99282,43-sonli umumiy o'rta ta'lim maktabi
39.002438,66.98793,44-sonli umumiy o'rta ta'lim maktabi
39.054024,66.92286,45-sonli umumiy o'rta ta'lim maktabi
39.057552,66.947205,46-sonli umumiy o'rta ta'lim maktabi
38.99538,66.96727,47-sonli umumiy o'rta ta'lim maktabi
38.963184,67.14242,48-sonli umumiy o'rta ta'lim maktabi
38.897995,67.248955,49-sonli umumiy o'rta ta'lim maktabi
38.94787,67.2535,50-sonli umumiy o'rta ta'lim maktabi
38.904926,67.201,51-sonli umumiy o'rta ta'lim maktabi
38.9479,67.17266,52-sonli umumiy o'rta ta'lim maktabi
38.933613,67.211655,53-sonli umumiy o'rta ta'lim maktabi
38.99161,67.066605,54-sonli umumiy o'rta ta'lim maktabi
38.88833,67.14768,55-sonli umumiy o'rta ta'lim maktabi
38.9246,67.23309,56-sonli umumiy o'rta ta'lim maktabi
39.03365,67.37403,57-sonli umumiy o'rta ta'lim maktabi
39.07746,67.456,58-sonli umumiy o'rta ta'lim maktabi
39.01485,67.27253,59-sonli umumiy o'rta ta'lim maktabi
39.060055,66.69171,60-sonli umumiy o'rta ta'lim maktabi
39.035015,67.258705,61-sonli umumiy o'rta ta'lim maktabi
39.00793,67.32742,62-sonli umumiy o'rta ta'lim maktabi
38.999508,67.27004,63-sonli umumiy o'rta ta'lim maktabi
39.117542,67.520546,64-sonli umumiy o'rta ta'lim maktabi
38.972412,67.30413,65-sonli umumiy o'rta ta'lim maktabi
38.988686,67.2706,66-sonli umumiy o'rta ta'lim maktabi
39.091915,66.748314,67-sonli umumiy o'rta ta'lim maktabi
38.990997,66.95227,68-sonli umumiy o'rta ta'lim maktabi
38.947807,67.26151,69-sonli umumiy o'rta ta'lim maktabi
39.014843,66.80996,70-sonli umumiy o'rta ta'lim maktabi
39.034813,67.09943,71-sonli umumiy o'rta ta'lim maktabi
39.0342,67.0488,72-sonli umumiy o'rta ta'lim maktabi
39.054417,67.007645,73-sonli umumiy o'rta ta'lim maktabi
39.086014,66.70904,74-sonli umumiy o'rta ta'lim maktabi
39.03543,66.9606,75-sonli umumiy o'rta ta'lim maktabi
39.01649,67.220406,76-sonli umumiy o'rta ta'lim maktabi
38.979538,67.1139,77-sonli umumiy o'rta ta'lim maktabi
39.04571,66.987404,78-sonli umumiy o'rta ta'lim maktabi
39.118893,66.709305,79-sonli umumiy o'rta ta'lim maktabi
39.02185,67.30781,80-sonli umumiy o'rta ta'lim maktabi
39.107437,66.81089,81-sonli umumiy o'rta ta'lim maktabi
39.033417,67.12605,84-sonli umumiy o‘rta ta'lim maktabi
39.03915023803711,67.02061462402344,"6-MM,Shakhrisabz,Kashkadarya"
39.051643,66.835976,25-sonli umumiy o‘rta ta’lim maktabi
39.0316047668457,67.12464141845703,"15-GSIS,Shakhrisabz,Kashkadarya"
39.05352020263672,66.80221557617188,"16-BS,Shakhrisabz,Kashkadarya"
38.919468,65.40422,1-sonli umumiy o'rta ta'lim maktabi
38.928158,65.40888,2-sonli umumiy o'rta ta'lim maktabi
39.04214,65.459435,3-sonli umumiy o'rta ta'lim maktabi
39.054386,65.412575,4-sonli umumiy o'rta ta'lim maktabi
39.00273,65.420815,5- sonli umumiy o'rta ta'lim maktabi
38.87682,65.333786,6-sonli umumiy o'rta ta'lim maktabi
39.106636,65.42309,7-sonli umumiy o'rta ta'lim maktabi
39.104626,65.43548,8-sonli umumiy o'rta ta'lim maktabi
38.98475,65.46199,9-sonli umumiy o'rta ta'lim maktabi
39.10221,65.34991,10-sonli umumiy o'rta ta'lim maktabi
38.994118,65.499725,Kasbi tumani MMTB qarashli 11-sonli umumiy o'rta ta'lim maktabi
38.973522,65.352165,12-sonli umumiy o'rta ta'lim maktabi
39.09098,65.369774,13-sonli umumiy o'rta ta'lim maktabi
39.066383,65.39548,14-sonli umumiy o'rta ta'lim maktabi
38.83415,65.37096,15-sonli umumiy o'rta ta'lim maktabi
38.920746,65.39086,Kasbi tumani 16-sonli umumiy o'rta ta'lim maktabi
39.021107,65.51133,17-sonli umumiy o'rta ta'lim maktabi
38.930855,65.46725,18-umumiy o'rta ta'lim maktabi
38.858047,65.48857,19-sonli umumiy o'rta ta'lim maktabi
38.947662,65.4157,20-sonli umumiy o'rta ta'lim maktabi
38.869785,65.36561,21-sonli umumiy o'rta ta'lim maktabi
39.011322,65.46308,22-sonli umumiy o'rta ta'lim maktabi
38.914085,65.58891,23-sonli umumiy o'rta ta'lim maktabi
39.039783,65.4756,24- sonli umumiy o'rta ta'lim maktabi
39.021355,65.44206,25-sonli umumiy o'rta ta'lim maktabi
38.88102,65.553665,26-sonli umumiy o'rta ta'lim maktabi
38.9106,65.42798,27-sonli umumiy o'rta ta'lim maktabi
39.04971,65.44908,28-sonli umumiy o'rta ta'lim maktabi
39.112312,65.41693,29-sonli umumiy o'rta ta'lim maktabi
38.84603,65.51112,30-sonli umumiy o'rta ta'lim maktabi
38.894943,65.57635,31-sonli umumiy o'rta ta'lim maktabi
38.89074,65.37144,32-sonli umumiy o'rta ta'lim maktabi
39.11034,65.37376,33-UMUMIY O'RTA TA'LIM MAKTABI
38.981537,65.36027,34-sonli umumiy o'rta ta'lim maktabi
38.95752,65.5573,35-sonli umumiy o'rta ta'lim maktabi
38.95824,65.50283,36-sonli umumiy o'rta ta'lim maktabi
38.8634,65.51984,37-sonli umumiy o'rta ta'lim maktabi
38.95389,65.35617,38-sonli umumiy o'rta ta'lim maktabi
38.954666,65.46741,39-sonli umumiy o'rta ta'lim maktabi
38.819416,65.46605,40-sonli umumiy o'rta ta'lim maktabi
38.8162,65.477646,41-sonli umumiy o'rta ta'lim maktabi
38.75665,65.49227,42-sonli umumiy o'rta ta'lim maktabi
39.00426,65.43065,43-sonli umumiy o'rta ta'lim maktabi
38.81674,65.47046,44-sonli umumiy o'rta ta'lim maktabi
38.966553,65.53507,45-sonli umumiy o'rta ta'lim maktabi
38.951996,65.428696,46-sonli umumiy o'rta ta'lim maktabi
38.9807,65.488365,47-sonli umumiy o'rta ta'lim maktabi
39.0235,65.48938,48-sonli umumiy o'rta ta'lim maktabi
38.941486,65.393585,49-sonli umumiy o'rta ta'lim maktabi
38.673588,65.3049,50-sonli umumiy o'rta ta'lim maktabi
39.006588,65.45327,51-sonli umumiy o'rta ta'lim maktabi
38.839817,65.37559,52-sonli umumiy o'rta ta'lim maktabi
38.832745,65.37341,53-sonli umumiy o'rta ta'lim maktabi
38.997932,65.39276,54- umumiy o'rta ta'lim maktabi
39.042168,65.43665,55-sonli umumiy o'rta ta'lim maktabi
38.932346,65.424965,56-sonli umumiy o'rta ta'lim maktabi
39.037636,65.454834,57-sonli umumiy o'rta ta'lim maktabi
38.84093,65.4636,58-sonli umumiy o'rta ta'lim maktabi
38.995167,65.52152,59-sonli umumiy o'rta ta'lim maktabi
38.952427,65.40674,60-sonli umumiy o'rta ta'lim maktabi
38.927955627441406,65.42779541015625,"11-DIUTM,Kasbi,Kashkadarya"
38.645466,65.69941,1-sonli umumiy o‘rta ta’lim maktabi
38.623245,65.68578,2-sonli umumiy o'rta ta'lim maktabi
38.623215,65.68577,3-sonli umumiy o'rta ta'lim maktabi
38.29551,65.5467,4-sonli umumiy o'rta ta'lim maktabi
38.640686,65.68538,5-sonli umumiy o'rta ta'lim maktabi
38.61872,65.72563,6-sonli umumiy o'rta ta'lim maktabi
38.652645,65.69943,7-sonli umumiy o'rta ta'lim maktabi
38.64147,65.45178,8-sonli umumiy o'rta ta'lim maktabi
38.770866,65.74283,9-sonli umumiy o'rta ta'lim maktabi
38.71529,65.68584,10-sonli umumiy o'rta ta'lim maktabi
38.763107,65.72725,11-sonli umumiy o'rta ta'lim maktabi
38.568737,65.719635,12-sonli umumiy o'rta ta'lim maktabi
38.656895,65.68849,13-sonli umumiy o'rta ta'lim maktabi
38.583134,65.80028,Nishon tumani 14-sonli umumiy o'rta ta'lim maktabi
38.615913,65.82191,15-sonli umumiy o'rta ta'lim maktabi
38.496456,65.70649,Nishon tumani 16-sonli umumiy o'rta ta'lim maktabi
38.52586,65.67132,17-sonli umumiy o‘rta ta‘lim maktabi
38.627823,65.61547,18-sonli umumiy o'rta ta'lim maktabi
38.555115,65.645744,19-sonli umumiy o'rta ta'lim maktabi
38.491314,65.63804,20-sonli umumiy o'rta ta'lim maktabi
38.44645,65.51773,21-sonli umumiy o'rta ta'lim maktabi
38.42348,65.4783,22-sonli umumiy o'rta ta'lim maktabi
38.50975,65.5191,23-sonli umumiy o'rta ta'lim maktabi
38.56325,65.5495,24-sonli umumiy o'rta ta'lim maktabi
38.603462,65.54811,25-sonli umumiy o'rta ta'lim maktabi
38.418102,65.40526,26-sonli umumiy o'rta ta'lim maktabi
38.721973,65.74838,27-sonli umumiy o'rta ta'lim maktabi
38.49733,65.595345,28-sonli umumiy o'rta ta'lim maktabi
38.541447,65.60632,29-sonli umumiy o'rta ta'lim maktabi
38.477604,65.68048,30-sonli umumiy o'rta ta'lim maktabi
38.74691,65.71204,31-sonli umumiy o'rta ta'lim maktabi
38.62515,65.46974,32-sonli umumiy o'rta ta'lim maktabi
38.56639,65.71357,33-sonli umumiy o'rta ta'lim maktabi
38.305878,65.55114,34-sonli umumiy o'rta ta'lim maktabi
38.490868,65.652145,35-sonli umumiy o'rtata’lim maktabi
38.4529,65.46036,36-sonli umumiy o'rta ta'lim maktabi
38.417362,65.384346,37-sonli umumiy o'rta ta'lim maktabi
38.496048,65.657684,38-sonli umumiy o'rta ta'lim maktabi
38.2993,65.54555,39-sonli umumiy o'rta ta'lim maktabi
38.59977,65.78496,Nishon tumani 40-sonli umumiy o'rta ta'lim maktabi
39.06001,66.833694,1-sonli umumiy o'rta ta'lim maktabi
39.058716,66.85345,2-sonli umumiy o'rta ta'lim maktabi
39.040146,66.8408,3-sonli umumiy o'rta ta'lim maktabi
39.0482,66.82418,4-sonli umumiy o'rta ta'lim maktabi
39.05227,66.83428,5-sonli umumiy o'rta ta'lim maktabi
39.091476,66.83993,6-sonli umumiy o'rta ta'lim maktabi
39.08819,66.843704,7-sonli umumiy o'rta ta'lim maktabi
39.076492,66.84038,8-sonli umumiy o'rta ta'lim maktabi
39.04723,66.830124,9-sonli umumiy o'rta ta'lim maktabi
39.04875,66.816574,10-sonli umumiy o'rta ta'lim maktabi
39.062435,66.84244,11-sonli umumiy o'rta ta'lim maktabi
39.067764,66.824615,12-sonli umumiy o'rta ta'lim maktab
39.06119,66.82096,13-sonli umumiy o'rta ta'lim maktabi
39.092197,66.82854,14- sonli umumiy o'rta ta'lim maktabi
39.077274,66.84277,15-sonli umumiy o'rta ta'lim maktabi
39.044003,66.86589,16-sonli umumiy o'rta ta'lim maktabi
39.032642,66.82672,17-sonli umumiy o'rta ta'lim maktabi
39.04228,66.79522,18-sonli umumiy o'rta ta'lim maktabi
39.084076,66.866646,19-sonli umumiy o'rta ta'lim maktabi
39.06806,66.87049,20-sonli umumiy o'rta ta'lim maktabi
39.052216,66.86889,22-sonli umumiy o'rta ta'lim maktabi
39.0905,66.818115,23-sonli umumiy o'rta ta'lim maktabi
39.031803,66.56791,1-sonli umumiy o'rta ta'lim maktabi
39.032055,66.58215,2-sonli umumiy o'rta ta'lim maktabi
39.02877,66.574,3-sonli umumiy o'rta ta'lim maktabi
39.031467,66.58224,4-сонли умумий ўрта таълим мактаби
39.036777,66.54748,6-sonli umumiy o'rta ta'lim maktabi
39.035175,66.53244,7-sonli umumiy o'rta ta'lim maktabi
39.027493,66.54446,8-sonli umumiy o'rta ta'lim maktabi
38.99445,66.5242,9-sonli umumiy o'rta ta'lim maktabi
38.983864,66.51629,10-sonli umumiy o'rta ta'lim maktabi
39.002445,66.52373,11-sonli umumiy o'rta ta'lim maktabi
39.00307,66.52817,12-sonli umumiy o'rta ta'lim maktabi
39.04738,66.52652,13-sonli umumiy o'rta ta'lim maktabi
39.040073,66.51118,14-sonli umumiy o'rta ta'lim maktabi
39.034355,66.498276,15-sonli umumiy o'rta ta'lim maktabi
39.118336,66.47859,16-sonli umumiy o'rta ta'lim maktabi
39.096478,66.4288,17-sonli umumiy o'rta ta'lim maktabi
39.06025,66.49444,18-sonli umumiy o'rta ta'lim maktabi
39.007828,66.49268,19-sonli umumiy o'rta ta'lim maktabi
39.02335,66.48054,20-sonli umumiy o'rta ta'lim maktabi
39.022827,66.501785,21-sonli umumiy o'rta ta'lim maktabi
38.983414,66.48853,22-sonli umumiy o'rta ta'lim maktabi
38.98322,66.46723,23-sonli umumiy o'rta ta'lim maktabi
38.993683,66.48618,24-umumiy o`rta ta`lim maktabi
38.970806,66.4816,25-sonli umumiy o'rta ta'lim maktabi
39.036186,66.46164,26-sonli umumiyo'rta ta'lim maktabi
39.06041,66.57543,27-sonli umumiy o'rta ta'lim maktabi
39.06478,66.56741,28-sonli umumiy o'rta ta'lim maktabi
39.07437,66.57191,29-sonli umumiy o'rta ta'lim maktabi
39.054047,66.5887,30-sonli umumiy o'rta ta'lim maktabi
39.114464,66.53677,31-sonli umumiy o'rta ta'lim maktabi
39.12377,66.51377,32-sonli umumiy o'rta ta'lim maktabi
39.050106,66.56023,33-sonli umumiy o'rta ta'lim maktabi
39.037125,66.614426,34-sonli umumiy o'rta ta'lim maktabi
39.03398,66.62197,35-sonli umumiy o'rta ta'lim maktabi
39.03447,66.59562,36-сонли умумий ўрта таълим мактаби
39.073013,66.59889,37-sonli umumiy o'rta ta'lim maktabi
39.081505,66.60591,38-sonli umumiy o'rta ta'lim maktabi
39.088898,66.60983,39-sonli umumiy o'rta ta'lim maktabi
39.08303,66.62751,40-sonli umumiy o'rta ta'lim maktabi
39.056076,66.62598,41-sonli umumiy o'rta ta'lim maktabi
39.208237,66.54637,42-sonli umumiy o'rta ta'lim maktabi
39.083584,66.65154,43-sonli umumiy o'rta ta'lim maktabi
39.25589,66.19779,15-sonli umumiy o'rta ta'lim maktabi
39.071762,66.63648,45-sonli umumiy o'rta ta'lim maktabi
39.115814,66.626816,46-sonli umumiy o'rta ta'lim maktabi
39.129425,66.62971,47-sonli umumiy o'rta ta'lim maktabi
39.285217,66.6092,48-sonli umumiy o'rta ta'lim maktabi
39.30516,66.63432,49-sonli umumiy o'rta ta'lim maktabi
39.268387,66.58288,50-sonli umumiy o'rta ta'lim maktabi
39.281345,66.60151,51-sonli umumiy o'rta ta'lim maktabi
39.269928,66.60104,52-sonli umumiy o'rta ta'lim maktabi
39.25864,66.59304,53-sonli umumiy o'rta ta'lim maktabi
39.359604,66.66722,54-sonli umumiy o'rta ta'lim maktabi
39.354717,66.62348,55-sonli umumiy o'rta ta'lim maktabi
39.34288,66.26081,40-sonli umumiy o'rta ta'lim maktabi
39.356285,66.690674,57-sonli umumiy o'rta ta'lim maktabi
39.38881,66.710976,58-sonli umumiy o'rta ta'lim maktabi
39.349945,66.7159,59-sonli umumiy o'rta ta'lim maktabi
39.33037,66.71495,60-sonli umumiy o'rta ta'lim maktabi
39.38225,66.28509,33-sonli umumiy o'rta ta'lim maktabi
39.33738,66.72683,62-sonli umumiy o'rta ta'lim maktabi
39.237434,66.43793,63-sonli umumiy oʻrta taʼlim maktabi
39.2524,66.41815,64-sonli umumiy o'rta ta'lim maktabi
39.266354,66.40667,65-sonli umumiy o'rta ta'lim maktabi
39.22702,66.39716,66-sonli umumiy o'rta ta'lim maktabi
39.271896,66.38755,67-sonli umumiy o'rta ta'lim maktabi
39.293728,66.36143,68-sonli umumiy o'rta ta'lim maktabi
39.2353,66.47395,69-sonli umumiy o'rta ta'lim maktabi
39.240875,66.52838,70-sonli umumiy o'rta ta'lim maktabi
39.30352,66.48656,71-sonli umumiy o'rta ta'lim maktabi
39.308228,66.468025,72-sonli umumiy oʻrta taʼlim maktabi
39.309498,66.45095,73-sonli umumiy o'rta ta'lim maktabi
39.35646,66.577385,74-sonli umumiy o'rta ta'lim maktabi
39.244644,66.452415,75-sonli umumiy o'rta ta'lim maktabi
39.32995,66.509254,76-sonli umumiy o'rta ta'lim maktabi
39.16975,66.48832,77-sonli umumiy o'rta ta'lim maktabi
39.17103,66.45752,78-sonli umumiy o'rta ta'lim maktabi
39.275642,66.66908,79-sonli umumiy o'rta ta'lim maktabi
39.174343,66.41697,80-sonli umumiy o'rta ta'lim maktabi
39.24165,66.50147,81-sonli umumiy o'rta ta'lim maktabi
39.223587,66.44514,82-sonli umumiy o'rta ta'lim maktabi
39.32243,66.393036,83-sonli umumiy o'rta ta'lim maktabi
39.246525,66.341194,Ko`kdala tumani XTB ga qarashli 23-sonli umumiy o'rta ta'lim maktabi
39.26161,66.35642,24-sonli umumiy o'rta ta'lim maktabi
39.23349,66.32306,25-sonli umumiy o'rta ta'lim maktabi
39.25366,66.36561,26-sonli umumiy o'rta ta'lim maktabi
39.22759,66.3459,27-sonli umumiy o'rta ta'lim maktabi
39.27904,66.30807,28-sonli umumiy o'rta ta'lim maktabi
39.1493,66.39113,66-sonli umumiy o'rta ta'lim maktabi
39.1067,66.34521,67-sonli umumiy o'rta ta'lim maktabi
39.14258,66.35285,68-sonli umumiy o'rta ta'lim maktabi
39.17688,66.37515,69-sonli Umumiy o'rta ta'lim maktabi
39.16054,66.38126,70-sonli umumiy o'rta ta'lim maktabi
39.13615,66.38232,71-sonli umumiy o'rta ta'lim maktabi
39.131084,66.43283,72-sonli umumiy o'rta ta'lim maktabi
39.066223,66.60277,97-sonli umumiy o'rta ta'lim maktabi
39.16494,66.35375,73-sonli umumiy o'rta ta'lim maktabi
39.16415,66.30832,74-sonli umumiy o'rta ta'lim maktabi
39.15746,66.33415,75-sonli umumiy o'rta ta'lim maktabi
39.1402,66.31833,76-sonli umumiy o'rta ta'lim maktabi
39.14131,66.30665,77-sonli umumiy o'rta ta'lim maktabi
39.15368,66.28866,78-sonli umumiy o'rta ta'lim maktabi
39.14624,66.24977,79-sonli umumiy o'rta ta'lim maktabi
39.16705,66.24462,80-sonli umumiy o'rta ta'lim maktabi
39.13739,66.22202,81-sonli umumiy o'rta ta'lim maktabi
39.15442,66.26912,82-sonli umumiy o'rta ta'lim maktabi
39.15264,66.3196,83-sonli umumiy o'rta ta'lim maktabi
39.3997,66.7248,109-sonli umumiy o'rta ta'lim maktabi
39.064243,66.58233,110-sonli umumiy o'rta ta'lim maktabi
39.23203,66.15635,6-sonli umumiy o'rta ta'lim maktabi
39.22796,66.16026,7-sonli umumiy o'rta ta'lim maktabi
39.21659,66.09013,8-sonli umumiy o'rta ta'lim maktabi
39.18102,66.0755,9-sonli umumiy o'rta ta'lim maktabi
39.13645,66.11342,10-sonli umumiy o'rta ta'lim maktabi
39.16339,66.11352,11-sonli umumiy o'rta ta'lim maktabi
39.13681,66.07738,12-sonli umumiy o'rta ta'lim maktabi
39.12858,66.15976,13-sonli umumiy o'rta ta'lim maktabi
39.14781,66.17574,14-sonli umumiy o'rta ta'lim maktabi
39.29048,66.11586,53-sonli umumiy o'rta ta'lim maktabi
39.30455,66.12897,54-sonli umumiy o'rta ta'lim maktabi
39.27629,66.12744,55-sonli umumiy o'rta ta'lim maktabi
39.30887,66.04612,56-sonli umumiy o'rta ta'lim maktabi
39.29175,66.04329,57-sonli umumiy o'rta ta'lim maktabi
39.25113,66.02909,58-sonli umumiy o'rta ta'lim maktabi
39.23791,66.032,59-sonli umumiy o'rta ta'lim maktabi
39.31894,66.14748,60-sonli umumiy o'rta ta'lim maktabi
39.36557,66.18856,41-sonli umumiy o'rta ta'lim maktabi
39.39082,66.22014,42-sonli umumiy o'rta ta'lim maktabi
39.37842,66.19556,43-sonli umumiy o'rta ta'lim maktabi
39.37223,66.22476,44-sonli umumiy o'rta ta'lim maktabi
39.34317,66.17247,45-sonli umumiy o'rta ta'lim maktabi
39.34369,66.29778,46-sonli umumiy o'rta ta'lim maktabi
39.37915,66.37461,34-sonli umumiy o'rta ta'lim maktabi
39.37197,66.4227,35-sonli umumiy o'rta ta'lim maktabi
39.39,66.39759,36-sonli umumiy o'rta ta'lim maktabi
39.30989,66.31476,37-sonli umumiy o'rta ta'lim maktabi
39.24757,66.26767,29-sonli umumiy o'rta ta'lim maktabi
39.243504,66.24836,Koʻkdala tuman MMTBga qarashli 30-umumiy oʻrta taʼlim maktab
39.22627,66.2457,3-sonli umumiy o'rta ta'lim maktabi
39.30997,66.20721,17-sonli umumiy o'rta ta'lim maktabi
39.30215,66.27496,18-sonli umumiy o'rta ta'lim maktabi
39.37311,66.35739,38-sonli umumiy o'rta ta'lim maktabi
39.08564,66.1093,88-sonli umumiy o'rta ta'lim maktabi
39.02302,66.12332,89-sonli umumiy o'rta ta'lim maktabi
38.96355,66.10812,90-sonli umumiy o'rta ta'lim maktabi
39.01655,66.04134,91-sonli umumiy o'rta ta'lim maktabi
38.94223,66.01159,92-sonli umumiy o'rta ta'lim maktabi
39.29247,66.02819,52-sonli umumiy o'rta ta'lim maktabi
39.10197,66.486885,84-sonli umumiy o'rta ta'lim maktabi
39.2869,66.11085,61-sonli umumiy o'rta ta'lim maktabi
39.30112,66.25828,19-sonli umumiy o'rta ta'lim maktabi
39.34628,66.18077,47-sonli umumiy o'rta ta'lim maktabi
39.28969,66.21817,20-sonli umumiy o'rta ta'lim maktabi
39.138275,66.54293,85-sonli umumiy o'rta ta'lim maktabi
39.12008,66.67324,86-sonli umumiy o'rta ta'lim maktabi
39.010952,66.47682,87-sonli umumiy o'rta ta'lim maktabi
39.27685,66.26317,21-sonli umumiy o'rta ta'lim maktabi
39.19271,66.35534,84-sonli umumiy o'rta ta'lim maktabi
39.02087,66.57663,44-sonli umumiy o'rta ta'lim maktabi
39.109474,66.607025,88-sonli umumiy o'rta ta'lim maktabi
39.09803,66.33242,85-sonli umumiy o'rta ta'lim maktabi
39.224632,66.464096,89-sonli umumiy o'rta ta'lim maktabi
39.365196,66.565475,90-sonli umumiy o'rta ta'lim maktabi
39.35472,66.655945,91-sonli umumiy o'rta ta'lim maktabi
39.297382,66.61837,92-sonli umumiy o'rta ta'lim maktabi
39.35548,66.1903,48-sonli umumiy o'rta ta'lim maktabi
39.16986,66.32785,86-sonli umumiy o'rta ta'lim maktabi
39.25401,66.24187,31-sonli umumiy o'rta ta'lim maktabi
39.037125,66.614426,93-sonli umumiy o'rta ta'lim maktabi
39.21501,66.42228,94-sonli umumiy o'rta ta'lim maktabi
39.128643,66.64976,95-sonli umumiy o'rta ta'lim maktabi
39.03259,65.98028,93-sonli umumiy o'rta ta'lim maktabi
39.25334,66.51474,98-sonli umumiy o'rta ta'lim maktabi
39.075634,66.637596,99-sonli umumiy o'rta ta'lim maktabi
39.28297,66.15629,62-sonli umumiy o'rta ta'lim maktabi
39.333225,66.66061,100-sonli umumiy o'rta ta'lim maktabi
39.288403,66.6168,101-sonli umumiy oʻrta taʼlim maktabi
39.114395,66.53662,102-sonli umumiy o'rta ta'lim maktabi
39.2432,66.50975,103-sonli umumiy o'rta ta'lim maktabi
39.27686,66.07334,63-sonli umumiy o'rta ta'lim maktabi
39.01347,66.00681,94-sonli umumiy o'rta ta'lim maktabi
39.02219,65.91904,95-sonli umumiy o'rta ta'lim maktabi
39.2265,66.18364,5-sonli umumiy o'rta ta'lim maktabi
39.14818,66.28936,87-sonli umumiy o'rta ta'lim maktabi
39.225685,66.50255,104-sonli umumiy o'rta ta'lim maktabi
39.014847,66.5099,105-sonli umumiy o'rta ta'lim maktabi
39.314434,66.709114,123-sonli umumiy o'rta ta'lim maktab
39.032283782958984,66.58248901367188,"6-MM,Chirakchi,Kashkadarya"
39.02074,66.57644,124-sonli umumiy o'rta ta'lim maktabi
38.990211486816406,66.5191421508789,"19-BS,Chirakchi,Kashkadarya"
38.864,65.79871,1-sonli umumiy o'rta ta'lim maktabi
38.87466,65.7962,2-sonli umumiy o'rta ta'lim maktabi
38.86544,65.79825,3-sonli umumiy o'rta ta'lim maktabi
38.87372,65.80624,4-sonli umumiy o'rta ta'lim maktabi
38.85403,65.79674,5-sonli umumiy o'rta ta'lim maktabi
38.8115,65.78703,6-sonli umumiy o'rta ta'lim maktabi
38.86168,65.81266,7-sonli umumiy o'rta ta'lim maktabi
38.87838,65.80906,8-sonli umumiy o'rta ta'lim maktabi
38.85041,65.79314,Qarshi shahar 9-sonli umumiy o'rta ta'lim maktabi
38.84839,65.80043,10-sonli umumiy o'rta ta'lim maktabi
38.83564,65.78997,11-sonli umumiy o'rta ta'lim maktabi
38.82757,65.78382,12-sonli umumiy o'rta ta'lim maktabi
38.87215,65.79778,13-sonli umumiy o'rta ta'lim maktabi
38.8507,65.78618,14-sonli umumiy o'rta ta'lim maktabi
38.83443,65.80267,15-sonli umumiy o'rta ta'lim maktabi
38.81849,65.7749,16-sonli umumiy o'rta ta'lim maktabi
38.92602,65.75723,17-sonli umumiy o'rta ta'lim maktabi
38.93105,65.74611,18-sonli umumiy o'rta ta'lim maktabi
38.83386,65.80027,19-sonli umumiy o'rta ta'lim maktabi
38.82615,65.74211,20-sonli umumiy o'rta ta'lim maktabi
38.86939,65.80904,21-sonli umumiy o'rta ta'lim maktabi
38.84046,65.76648,22-sonli umumiy o'rta ta'lim maktabi
38.84076,65.80414,23-sonli umumiy o'rta ta'lim maktabi
38.80432,65.78174,24-sonli umumiy o'rta ta'lim maktabi
38.82724,65.80146,25-sonli umumiy o'rta ta'lim maktabi
38.83258,65.78777,26-sonli umumiy o'rta ta'lim maktabi
38.85786,65.76377,27-sonli umumiy o'rta ta'lim maktabi
38.85492,65.77872,28-sonli umumiy o'rta ta'lim maktabi
38.85176,65.81131,29-sonli umumiy o'rta ta'lim maktabi
38.86557,65.78107,30-sonli umumiy o'rta ta'lim maktabi
38.83371,65.83474,31-sonli umumiy o'rta ta'lim maktabi
38.87553,65.78243,32-sonli umumiy o'rta ta'lim maktabi
38.87697,65.83236,34-sonli umumiy o'rta ta'lim maktabi
38.89882,65.83884,35-sonli umumiy o'rta ta'lim maktabi
38.89264,65.84548,36-sonli umumiy o'rta ta'lim maktabi
38.81576,65.81743,37-sonli umumiy o'rta ta'lim maktabi
38.82447,65.79881,38-sonli umumiy o'rta ta'lim maktabi
38.89172,65.81119,39-sonli umumiy o'rta ta'lim maktabi
38.84818,65.80337,40-sonli umumiy o'rta ta'lim maktabi
38.8796,65.82261,41-sonli ayrim fanlar chuqur o'qitiladigan sinflari mavjud umumiy o'rta ta'lim maktabi
38.83193,65.77805,42-sonli umumiy o'rta ta'lim maktabii
38.85463,65.8352,43-sonli umumiy o'rta ta'lim maktabi
38.82438,65.81647,44-sonli umumiy o'rta ta'lim maktabi
38.86398,65.76316,45-sonli umumiy o'rta ta'lim maktabi
38.88644,65.7927,46-sonli  umumiy o'rta ta’lim maktabi
38.85522,65.85051,47-sonli umumiy o'rta ta'lim maktabi
38.82974,65.77947,49-sonli umumiy o'rta ta'lim maktabi
38.54146,65.48114,50-sonli umumiy o'rta ta’lim maktabi
38.854087829589844,65.81116485595703,"17-ICHBITM,Karshi,Kashkadarya"
38.847328186035156,65.77584838867188,"18-KBICHDM,Karshi,Kashkadarya"
38.8326530456543,65.78652954101562,"33-ICHBITM,Karshi,Kashkadarya"
40.097416,65.38106,1-sonli ixtisoslasht umumta’lim maktabi
40.086864,65.38387,2-sonli umumiy o'rta ta'lim maktabi
40.12358,65.38156,3-sonli ixtisoslashtirilgan davlat umumta’lim maktabi
40.11153,65.37063,4-sonli ayrim fanlar chuqur o`qitiladigan sinflari mavjud umumiy o`rta ta`lim maktabi
40.07686,65.38853,5-sonli ixtisoslashtirilgan davlat umumta’lim maktabi
40.09049,65.37553,6-sonli umumiy o'rta ta'lim maktabi
40.11885,65.35979,7-sonli umumiy o'rta ta'lim maktabi
40.1094,65.37709,8-sonli ixtisoslashtirilgan davlat umumta’lim maktabi
40.08581,65.31981,9-sonli umumiy o'rta ta'lim maktabi
40.07595,65.39821,Navoiy viloyati Navoiy shahar Maktabgacha va maktab ta'limi bo'limiga qarashli10-umumiy o'rta ta'lim maktabi
40.11873,65.3686,11-sonli ayrim fanlar chuqur o'rganiladigan ixtisoslashtirilgan maktab
40.12271,65.366356,12-sonli ixtisoslashtirilgan davlat umumta’lim maktabi
40.09488,65.37245,13-sonli umumiy o'rta ta'lim maktabi
40.08507,65.40747,14-umumiy o‘rta ta`lim maktabi
40.08661,65.36044,15-sonli ixtisoslashtirilgan davlat umumta’lim maktabi
40.10304,65.37869,16-сонли айрим фанлар чуқур ўқитиладиган синфлари мавжуд умумий ўрта таълим мактаби
40.118755,65.36082,17-sonli umumiy o'rta ta'lim maktabi
40.09214,65.3834,18-sonli umumiy o'rta ta'lim maktabi
40.11267,65.39789,20-sonli umumiy o'rta ta'lim maktabi
41.57094,64.19858,1-sonli ayrim fanlar chuqur o'qitiladigan sinflari mavjud umumiy o'rta ta'lim maktabi
41.57449,64.19066,2-sonli umumiy o'rta ta'lim maktabi
41.5655,64.20422,3-sonli ayrim fanlar chuqur o'qitiladigan sinflari mavjud umumiy o'rta ta'lim maktabi
41.57456,64.21058,4-sonli umumiy o'rta ta'lim maktabi
41.52614,64.59906,5-sonli umumiy o'rta ta'lim maktabi
41.17987,64.24268,6-sonli umumiy o'rta ta'lim maktabi
41.53064,64.59175,7-sonli umumiy o'rta ta'lim maktabi
41.56437,64.20156,8-sonli ayrim fanlar chuqur o'qitiladigan sinflari mavjud umumiy o'rta ta'lim maktabi
41.56842,64.16964,9-sonli umumiy o'rta ta'lim maktabi
41.56917,64.21644,10-sonli umumiy o'rta ta'lim maktabi
41.58119201660156,64.21174621582031,"11-MM,Zarafshon,Navoi"
41.57847,64.21617,12-sonli umumiy o'rta ta'lim maktabi
41.57428,64.22197,13-sonli ixtisoslashtirilgan davlat umumta’lim maktabi
40.14797,65.36714,1-sonli umumiy o'rta ta'lim maktabi
40.13936,65.36558,2-sonli informatika va axborot texnologiyalarini chuqurlashtirib o'qitishga ixtisoslashtirilgan davlat umumta’lim maktabi
40.13364,65.27331,3-sonli umumiy o'rta ta'lim maktabi
40.13567,65.31181,4-сонли инглиз тилига ихтисослаштирилган давлат умумтаълим мактаби
40.14214,65.35272,Karmana tuman 5-sonli matematika fanini chuqurlashtirib o'qitishga ixtisoslashtirilgan maktab
40.13979,65.39457,6-sonli umumiy o'rta ta'lim maktabi
40.13225,65.34378,7-sonli umumiy o'rta ta'lim maktabi
40.09064,65.44136,8-sonli umumiy o'rta ta'lim maktabi
40.16342,65.05178,9-sonli umumiy o'rta ta'lim maktabi
40.14769,65.28878,10-sonli umumiy o'rta ta'lim maktabi
40.09378,65.46142,12-sonli umumiy o'rta ta'lim maktabi
40.14736,65.42436,13-sonli umumiy o'rta ta'lim maktabi
40.15442,65.46428,14-sonli umumiy o'rta ta'lim maktabi
40.13739,65.36942,15-sonli umumiy o'rta ta'lim maktabi
40.16172,65.00322,16-sonli umumiy o'rta ta'lim maktabi
40.15206,65.32744,17-sonli umumiy o'rta ta'lim maktabi
40.12681,65.29967,18-sonli umumiy o'rta ta'lim maktabi
40.13769,65.27822,19-sonli umumiy o'rta ta'lim maktabi
40.16433,65.44031,20-sonli umumiy o'rta ta'lim maktabi
40.16044,65.48772,21-sonli umumiy o'rta ta'lim maktabi
40.16317,65.01475,Hamza Umarov nomidagi 22-sonli umumiy o'rta ta'lim maktabi
40.12358,65.03208,23-sonli umumiy o'rta ta'lim maktabi
40.15769,65.07583,24-sonli umumiy o'rta ta'lim maktabi
40.13281,65.49708,25-sonli umumiy o'rta ta'lim maktabi
40.10272,65.06961,Karmana tumani 26-sonli umumiy o'rta ta'lim maktabi
40.13186,65.18917,27-sonli umumiy o'rta ta'lim maktabi
40.13047,65.17967,28-sonli umumiy o'rta ta'lim maktabi
40.11814,65.08378,29-sonli umumiy o'rta ta'lim maktabi
40.07089,65.4405,30-sonli umumiy o'rta ta'lim maktabi
40.12928,65.42178,31-sonli umumiy o'rta ta'lim maktabi
40.15175,65.21267,11-sonli umumiy o'rta ta'lim maktabi
40.21998,65.30472,1-sonli umumiy o'rta ta'lim maktabi
40.22888,65.30468,Navoiy viloyati Navbahor tumani 2-sonli umumiy o'rta ta'lim maktabi
40.24507,65.22986,Navbahor tumani 3-sonli umumiy o'rta ta'lim maktabi
40.26143,65.19383,Navbahor tumani 4-sonli umumiy o'rta ta'lim maktabi
40.20567,65.28344,5-sonli umumiy o'rta ta'lim maktabi
40.21887,65.26507,6-sonli umumiy o'rta ta'lim maktabi
40.23162,65.20274,7-sonli umumiy o'rta ta'lim maktabi  ta'lim maktabi
40.21775,65.33817,Navbahor tumani 8-sonli umumiy o'rta ta'lim maktabi
40.17345,65.15605,9-sonli umumiy o'rta ta'lim maktabi
40.19351,65.48052,Navbahor tumani 10-sonli umumiy o'rta ta'lim maktabi
40.19264,65.49187,Navoiy viloyati Navbahor tumani 11-umumiy o'rta ta'lim maktabi
40.17495,65.57281,12-sonli umumiy o'rta ta'lim maktabi
40.18259,65.55818,13-sonli umumiy o'rta ta'lim maktabi
40.19096,65.24429,14-sonli ayrim fanlar chuqur o‘qitiladigan sinflari mavjud umumiy o‘rta ta’lim maktabi
40.18649,65.18228,Navbahor tumani 15-sonli umumiy o'rta ta'lim maktabi
40.17692,65.20349,Navbahor tuman 16-sonli umumiy o'rta ta'lim maktabi
40.17344,65.15606,17-sonli umumiy o'rta ta'lim maktabi
40.17296,65.12724,Navoiy viloyati Navbahor tumani18-sonli umumiy o'rta ta'lim maktabi
40.17927,65.36171,Navbahor tumani 19-sonli umumiy o'rta ta'lim maktabi maktab
40.24369,65.25343,20-sonli umumiy o'rta ta'lim maktabi
40.2043,65.3614,Navoiy viloyati Navbahor tumani 21-sonli ayrim fanlar chuqur o'qitiladigan sinflari mavjud umumiy o'rta ta'lim maktabi
40.19748,65.32801,22-sonli umumiy o'rta ta'lim maktabi
40.176014,65.29917,Navbahor tumani 23-sonli umumiy o'rta ta'lim maktabi
40.12183,65.12643,Navbahor tuman 24-sonli umumiy o‘rta ta'lim maktabi
40.19053,65.3757,Navbahor tumani 25-sonli umumiy o'rta ta'lim maktabi
40.20346,65.41394,Navoiy viloyati Navbahor tumani 26-sonli umumiy o'rta ta'lim maktabi
40.18518,65.51572,Navoiy viloyati Navbahor tuman 27-sonli umumiy o‘rta ta'lim maktabi
40.16725,65.59999,Navbahor tumani 28-sonliumumiy o'rta ta'lim maktabi
40.2005,65.21867,Navoiy viloyati Navbahor tumani 29-sonli umumiy o'rta ta'lim maktabi
40.19681,65.44006,Navbahor tuman 30-sonli umumiy o'rta ta'lim maktabi
40.18238,65.55753,Navoiy viloyati Navbahor tumani 31-sonli umumiy o'rta ta'lim maktabi
40.14297,65.59681,Navoiy viloyati Navbahor tumani32-sonli umum o'rta ta'lim maktabi
40.17973,65.32979,33-sonli umumiy o'rta ta'lim maktabi
40.23594,65.28519,34-sonli umumiy o'rta ta'lim maktabi
40.21896,65.3219,36-sonli umumiy o'rta ta'lim maktabi
40.20394,65.24854,Navbahor tumani 37-sonli ayrim fanlar chuqur o‘qitiladigan sinflari mavjud umumiy o‘rta ta’lim maktab-internati
40.203674,65.24846,35-sonli umumiy o‘rta ta'lim maktabi
40.55694580078125,65.70136260986328,"1,Nurota,Navoi"
40.55875,65.68775,2-sonli umumiy o'rta ta'lim maktabi
40.566185,65.67511,3-sonli umumiy o'rta ta'lim maktabi
40.597157,65.71204,4-sonli umumiy o'rta ta'lim maktabi
40.56003,65.68447,5-sonli umumiy o'rta ta'lim maktabi
40.39944,64.92464,7-sonli umumiy o'rta ta'lim maktabi
40.46731,65.59953,8-sonli umumiy o'rta ta'lim maktabi
40.496853,66.16397,9-sonli umumiy o'rta ta'lim maktabi
40.381454,65.705086,10-sonli umumiy o'rta ta'lim maktabi
40.54435,65.86661,Nurota tumani 11-umumiy o`rta ta'lim maktabi
40.55165,65.93741,12-sonli umumiy o'rta ta'lim maktabi
40.44829,66.04623,13-sonli umumiy o'rta ta'lim maktabi
40.512337,66.12575,14-sonli umumiy o'rta ta'lim maktabi
40.37594,66.19364,15-sonli umumiy o'rta ta'lim maktabi
40.36619,65.58556,16-sonli umumiy o'rta ta'lim maktabi
40.39486,65.59007,17-sonli umumiy o'rta ta'lim maktabi
40.56694,65.68894,18-сонли умумий ўрта таълим мактаби
40.72953,66.11047,20-sonli umumiy o'rta ta'lim maktabi
40.63586,66.64192,21-sonli umumiy o'rta ta'lim maktabi
40.727123,66.10943,22-sonli umumiy o'rta ta'lim maktabi
40.984512,65.85832,Nurota tumani 23-sonli umumiy o‘rta ta'lim maktabi
40.67057,66.2383,24-sonli umumiy o'rta ta'lim maktabi
40.39761,65.6546,25-sonli umumiy o'rta ta'lim maktabi
40.545788,66.02264,26-sonli umumiy o'rta ta'lim maktabi
40.55572,65.68942,27-sonli umumiy o'rta ta'lim maktabi
40.68199,66.1564,Nurota tuman 28-sonli umumiy oʻrta ta'lim maktabi
40.73122,66.10639,29-sonli umumiy o'rta ta'lim maktabi
40.686497,66.5593,30-sonli umumiy o'rta ta'lim maktabi
40.862297,66.15076,31-sonli umumiy o'rta ta'lim maktabi
40.730125,66.41652,32-sonli umumiy o'rta ta'lim maktabi
40.56822,65.76405,33-sonli umumiy o'rta ta'lim maktabi
40.820072,66.641495,35-sonli umumiy o'rta ta'lim maktabi
40.56003,65.68447,36-sonli umumiy o'rta ta'lim maktabi
40.56003,65.68447,37-sonli umumiy o'rta ta'lim maktabi
40.60561,65.72767,38-sonli umumiy o'rta ta'lim maktabi
40.36808,66.16272,Nurota tuman 39-sonli umumiy o'rta ta'lim maktabi
40.55811,65.701,40-sonli umumiy o'rta ta'lim maktabi
40.67103,66.58294,41-sonli umumiy o'rta ta'lim maktabi
40.561996,65.68883,42-sonli umumiy o'rta ta'lim maktabi
40.671413,66.58293,43-sonli umumiy o‘rta ta'lim maktabi
40.65886,66.28072,Nurota tumani 44-sonli umumiy o`rta ta`lim maktabi
40.40667,66.11278,45-sonli umumiy o'rta ta'lim maktabi
40.658855,66.28074,46-sonli umumiy o'rta ta'lim maktabi
40.61545,66.67293,47-sonli umumiy o'rta ta'lim maktabitabi
40.540974,65.91996,48-sonli umumiy o'rta ta'lim maktabi
40.623486,66.67506,49-sonli umumiy o'rta ta'lim maktabi
40.552334,66.00805,51-sonli umumiy o'rta ta'lim maktabi
40.527817,66.08222,Nurota tumani 52-sonli umumiy o'rta ta'lim maktabi
40.8487,66.3997,53-sonli umumiy o'rta ta'lim maktabi
40.577766,65.69753,50-sonli umumiy o'rta ta'lim maktabi
40.56311,65.71352,Nurota  tumani 34-sonli umumiy o'rta ta'lim maktabi
40.585236,65.48351,19-sonli umumiy o'rta ta'lim maktabi
40.54938,65.71409,6-sonli umumiy o'rta ta'lim maktabi
40.28218,65.13168,Konimex tumani 1-sonli ayrim fanlar chuqur o'qitiladigan sinflari  mavjud  umumiy  o'rta  ta'lim maktabi
40.27642,65.14361,2-sonli umumiy o'rta ta'lim maktabi
40.31294,64.94022,3-sonli umumiy o'rta ta'lim maktabi
40.74064,65.14094,4-sonli umumiy o'rta ta'lim maktabi
40.92658,65.62769,5-sonli umumiy o'rta ta'lim maktabi
41.01703,64.38617,6-sonli umumiy o'rta ta'lim maktabi
40.26408,65.14789,7-sonli umumiy o'rta ta'lim maktabi
41.50122,66.15136,8-sonli umumiy o'rta ta'lim maktabi
40.28186,65.12489,9-sonli umumiy o'rta ta'lim maktabi
40.29897,64.96331,10-sonli umumiy o'rta ta'lim maktabi
41.13808,66.42092,11-sonli umumiy o'rta ta'lim maktabi
40.28861,65.05586,12-sonli umumiy o'rta ta'lim maktabi
40.67556,65.35756,13-sonli umumiy o'rta ta'lim maktabi
40.86186,65.4635,14-sonli umumiy o'rta ta'lim maktabi
41.09769,65.96375,15-sonli umumiy o'rta ta'lim maktabi
41.91547,65.979,17-sonli umumiy o'rta ta'lim maktabi
41.10192,64.80969,18-sonli umumiy o'rta ta'lim maktabi
40.28197,65.01942,19-sonli umumiy o'rta ta'lim maktabi
40.97597,64.38092,20-sonli umumiy o'rta ta'lim maktabi
41.70681,66.46997,21-sonli umumiy o'rta ta'lim maktabi
40.28122,65.13619,22-sonli umumiy o'rta ta'lim maktabi
41.21506,65.90325,23-sonli umumiy o'rta ta'lim maktabi
41.33278,66.30147,25-sonli umumiy o'rta ta'lim maktabi
40.29208,64.98803,26-sonli umumiy o'rta ta'lim maktabi
41.38428,65.80411,27-sonli umumiy o'rta ta'lim maktabi
40.52688980102539,65.02302551269531,"28,Konimekh,Navoi"
40.27738952636719,65.14205932617188,"29,Konimekh,Navoi"
41.18461,66.56956,32-sonli umumiy o'rta ta'lim maktabi
41.11931,66.57803,33-sonli umumiy o'rta ta'lim maktabi
41.13858,64.24542,34-sonli umumiy o'rta ta'lim maktabi
41.34592,64.01444,35-sonli umumiy o'rta ta'lim maktabi
40.532677,65.02243,16-sonli umumiy o'rta ta'lim maktabi
40.795376,65.419754,24-sonli umumiy o'rta ta'lim maktabi
40.28939,64.97908,30-sonli umumiy o'rta ta'lim maktabi
40.27616,65.14387,31-sonli umumiy o'rta ta'lim maktabi
40.92627,65.636024,36-sonli umumiy o'rta ta'lim maktabi
40.52689,65.02303,28-sonli umumiy o'rta ta'lim maktabi
40.064236,64.813866,1-sonli umumiy o'rta ta'lim maktabi
39.9288,64.62923,2-sonli umumiy o`rta ta'lim maktabi
40.06618,64.80451,3-sonli umumiy o'rta ta'lim maktabi
40.05455,64.82556,4-sonli ayrim fanlar chuqur oʻqitiladigan sinflari mavjud umumiy oʻrta taʼlim maktabi
40.03596,64.84779,5-sonli ayrim fanlar chuqur oʻqitiladigan sinflari mavjud umumiy oʻrta taʼlim maktabi
40.03421,64.76216,6-sonli umumiy o'rta ta'lim maktabi
40.05145,64.80668,7-sonli umumiy o'rta ta'lim maktabi
40.07751,64.83678,8-sonli umumiy o'rta ta'lim maktabi
40.01155,64.81092,9-sonli umumiy o'rta ta'lim maktabi
39.9754,64.78369,10-sonli umumiy o'rta ta'lim maktabi
40.01455,64.78317,11-sonli umumiy o'rta ta'lim maktabi
40.024,64.76543,12-sonli umumiy o'rta ta'lim maktabi
40.00605,64.74644,13-sonli umumiy o'rta ta'lim maktabi
39.9909,64.75263,14-sonli umumiy o'rta ta'lim maktabi.
39.99364,64.69821,15-sonli umumiy o'rta ta'lim maktabi
39.99302,64.72014,16-sonli umumiy o'rta ta'lim maktabi
39.97057,64.733,17-sonli umumiy o'rta ta'lim maktabi
39.96622,64.70007,18-sonli umumiy o'rta ta'lim maktabi
39.966263,64.66383,19-sonli umumiy o'rta ta'lim maktabi
39.9484,64.65942,20-sonli umumiy o'rta ta'lim maktabi
40.09465,64.81804,21-sonli umumiy o'rta ta'lim maktabi
40.11283,64.82692,22-sonli umumiy o'rta ta'lim maktabi
40.12308,64.83549,23-sonli umumiy o'rta ta'lim maktabi
40.158,64.90534,24-sonli umumiy o'rta ta'lim maktabi
40.18101,64.9734,25-sonli umumiy o'rta ta'lim maktabi
40.17338,64.9466,26-sonli umumiy o'rta ta'lim maktabi
40.17588,64.93118,27-umumiy o'rta ta'lim maktab
40.19237,64.9009,28-sonli umumiy o'rta ta'lim maktabi
40.15752,64.92583,29-sonli umumiy o'rta ta'lim maktabi
39.99373,64.76452,30-sonli umumiy o'rta ta'lim maktabi
40.07747,64.88102,31-sonli umumiy o'rta ta'lim maktabi
40.27765,64.78666,32-sonli umumiy o'rta ta'lim maktabi
39.93397,64.64966,33-sonli umumiy o'rta ta'lim maktabi
39.88106,65.06068,34-sonli umumiy o'rta ta'lim maktabi
40.16083,64.89001,35-sonli umumiy o'rta ta'lim maktabi320
40.0801,64.80788,36-sonli umumiy o'rta ta'lim maktabi
40.02895,64.82239,37-sonli umumiy o'rta ta'lim maktabi
39.98913,64.71713,38-sonli umumiy o'rta ta'lim maktabi
40.03825,64.85092,39-sonli umumiy o'rta ta'lim maktabi
40.06251907348633,64.81165313720703,"40,Qiziltepa,Navoi"
40.03972,64.85364,41-sonli umumiy o'rta ta'lim maktabi
39.98758,64.71005,42-sonli umumiy o'rta ta'lim maktabi
39.95623,64.6663,43-умумий ўрта таълим мактаби
39.359962463378906,64.69654846191406,"36-MMI,Qiziltepa,Navoi"
40.13357,65.70169,1-sonli umumiy o'rta ta'lim maktabi
40.09981,65.71875,2-sonli umumiy o'rta ta'lim maktabi
40.07265,65.8412,3-sonli umumiy o'rta ta'lim maktabi
40.09075,65.83842,4-sonli umumiy o'rta ta'lim maktabi
40.08443,65.87467,5-sonli umumiy o'rta ta'lim maktabi
40.03417,65.85827,6-sonli umumiy o'rta ta'lim maktabi
40.03944,65.96055,7-sonli ixtisoslashtirilgan davlat umumta’lim maktabi
40.053604,65.805084,8-sonli umumiy o'rta ta'lim maktabi
40.09421,65.80099,9-sonli umumiy o'rta ta'lim maktabi
40.0784,65.90907,10-sonli umumiy o'rta ta'lim maktabi
40.04031,65.97811,11-sonli umumiy o'rta ta'lim maktabi
40.09234,65.93848,12-sonli umumiy o'rta ta'lim maktabi
40.10285,65.9172,13-sonli umumiy o'rta ta'lim maktabi
40.0671,65.9904,14-sonli umumiy o'rta ta'lim maktabi
40.05179,66.02358,Xatirchi tumsni 15-umumiy o'rta ta'lim maktabi
40.06373,66.0368,16-sonli umumiy o'rta ta'lim maktabi
40.05397,66.08464,17-sonli umumiy o'rta ta'lim maktabi
40.06511,65.93295,18-sonli umumiy o'rta ta'lim maktabi
40.0831,65.97222,19-sonli umumiy o'rta ta'lim maktabi
40.0323,65.96924,O`ZB. RES. MAKTABGACHA VA MAKTAB TA'LIMI VAZIRLIGI NAVOIY VILOYATI XATIRCHI TUMANI 20-INFORMATIKA VA AXBOROT TEXNOLOGIYALARI FANINICHUQURLASHTIRIB O`QITISHGA IXTISOSLASHTIRILGAN DAVLAT UMUMTA`LIM  MAKTABI
40.12153,65.79176,Xatirchi tumani 21-sonli umumiy o'rta ta'lim maktabi
40.09219,65.73708,Xatirchi tumani 22-sonli umumiy o'rta ta'lim maktabi
40.27404,65.98076,23-sonli umumiy o'rta ta'lim maktabi
40.07394,66.00517,24-sonli umumiy o'rta ta'lim maktabi
40.08206,65.95014,25-sonli umumiy o'rta ta'lim maktabi
40.20846,66.00325,26-sonli umumiy o'rta ta'lim maktabi
40.05808,65.95445,27-sonli umumiy o'rta ta'lim maktabi
40.04512,65.91832,28-sonli umumiy o'rta ta'lim maktabi
40.103,65.66902,29-sonli umumiy o'rta ta'lim maktabi
40.26916,66.01829,30-sonli umumiy o'rta ta'lim maktabi
40.05459,65.9243,31- umumiy o'rta ta'lim maktabi
40.15611,66.09668,32-sonli umumiy o'rta ta'lim maktabi
40.04331,65.97266,33-sonli umumiy o'rta ta'lim maktabi
40.03873,66.00039,34-sonli umumiy o'rta ta'lim maktabi
40.03486,65.95391,35-sonli umumiy o'rta ta'lim maktabi
40.05554,65.87731,36-sonli umumiy o'rta ta'lim maktabi
40.40153,65.97598,Xatirchi tumani 37-sonli umumiy o'rta ta'lim maktabi
40.09595,65.8128,38-sonli umumiy o'rta ta'lim maktabi
40.13124,66.15659,39-sonli umumiy o'rta ta'lim maktabi
40.26572,66.12119,40-sonli umumiy o'rta ta'lim maktabi
40.114548,66.13334,41-sonli umumiy o'rta ta'lim maktabi
40.07571,65.69071,42-sonli umumiy o'rta ta'lim maktabi
40.13799,65.6716,43-sonli umumiy o'rta ta'lim maktabi
40.10767,65.74388,44-sonli umumiy o'rta ta'lim maktabi
40.09606,65.76411,45-sonli umumiy o'rta ta'lim maktabi
40.1158,65.6686,46-sonli umumiy o'rta ta'lim maktabi
40.30961,66.06733,47-sonli umumiy o'rta ta'lim maktabi
40.203423,65.919426,48-sonli umumiy o'rta ta'lim maktabi
40.27926,65.88221,49-sonli umumiy o'rta ta'lim maktabi
40.05581,65.77257,50-sonli umumiy o'rta ta'lim maktabi
40.10269,65.8912,Xatirchi tuman 51-sonli umumiy o'rta ta'lim maktabi
40.25654,66.0606,52-sonli umumiy o'rta ta'lim maktabi
40.067528,66.115364,53- umumiy o'rta ta'lim maktabi
40.09825,65.86086,54-sonli umumiy o'rta ta'lim maktabi
40.16873,66.01809,55-sonli umumiy o'rta ta'lim maktabi
40.21697,66.04594,56-sonli umumiy o'rta ta'lim maktabi
40.140755,66.00903,57-sonli umumiy o'rta ta'lim maktabi
40.39717,65.98082,58-sonli umumiy o'rta ta'lim maktabi
40.14589,65.80238,59-sonli umumiy o'rta ta'lim maktabi
40.18712,65.83991,60-sonli umumiy o'rta ta'lim maktabi
40.08443,66.05183,61-sonli umumiy o'rta ta'lim maktabi
40.13369,65.64088,62-sonli umumiy o'rta ta'lim maktabi
40.27696,66.06045,63-sonli umumiy o'rta ta'lim maktabi
40.02602,65.92417,64-sonli umumiy o'rta ta'lim maktabi
40.0341,65.96308,65-sonli umumiy o'rta ta'lim maktabi
40.11206,65.95469,66-sonli umumiy o'rta ta'lim maktabi
40.1088,66.05751,67-sonli umumiy o'rta ta'lim maktabi
40.26947,66.1426,68-sonli umumiy o'rta ta'lim maktabi
40.06015,66.05525,69-sonli umumiy o'rta ta'lim maktabi
40.04343,66.06828,70-sonli umumiy o'rta ta'lim maktabi
40.27931,65.88222,71-sonli umumiy o'rta ta'lim maktabi
40.11019,65.90766,72-sonli umumiy o'rta ta'lim maktabi
40.10584,65.80714,73-sonli umumiy o'rta ta'lim maktabi
40.08667,65.73145,74-sonli umumiy o'rta ta'lim maktabi
40.09356,65.77365,75-sonli umumiy o'rta ta'lim maktabi
40.21403,65.95668,76-sonli umumiy o'rta ta'lim maktabi
40.13735,66.09216,77-sonli umumiy o'rta ta'lim maktabi
40.05757,65.92303,78-sonli umumiy o'rta ta'lim maktabi
40.19093,65.95645,79-sonli umumiy o'rta ta'lim maktabi
40.32195,65.91707,80-sonli umumiy o'rta ta'lim maktabi
40.04944,66.03255,81-sonli umumiy o'rta ta'lim maktabi
40.08471,66.08763,82-sonli umumiy o'rta ta'lim maktabi
40.0742,66.03149,83-sonli umumiy o'rta ta'lim maktabi
40.04165,65.86111,84-sonli umumiy o'rta ta'lim maktabi
40.02715,65.96351,85-sonli umumiy o'rta ta'lim maktabi
40.18098,66.06265,86-sonli umumiy o'rta ta'lim maktabi
40.03756,65.80181,87-sonli umumiy o'rta ta'lim maktabi
40.0402946472168,65.97810363769531,"88,Khatirchi,Navoi"
42.53909,63.29763,1-sonli umumiy o'rta ta'lim maktabi
42.49783,63.77392,2-sonli umumiy o'rta ta'lim maktabi
42.16038,63.56155,3-sonli xorijiy tillarni chuqurlashtirib o`qitishga ixtisoslashtirilgan davlat umumta`lim maktabi
42.15216,63.55337,4-sonli umumiy o'rta ta'lim maktabi
42.17149,63.58499,Учқудуқ туман 5-sonli umumiy o'rta ta'lim maktabi
41.0895,63.22333,6-sonli umumiy o'rta ta'lim maktabi
42.15467,63.56981,7-сонли айрим фанлар чуқур ўқитиладиган синфлари мавжуд умумий ўрта таълим мактаби
41.85827,63.88246,8-sonli umumiy o'rta ta'lim maktabi
42.158073,63.55869,9-sonli umumiy o'rta ta'lim maktabi
42.15615,63.55554,10-sonli umumiy o'rta ta'lim maktabi
42.25467,62.86013,11-sonli umumiy o'rta ta'lim maktabi
42.11378,63.65444,12-sonli umumiy o'rta ta'lim maktabi
42.22763,63.89649,13-sonli umumiy o'rta ta'lim maktabi
43.45567,64.16647,14-sonli umumiy o'rta ta'lim maktabi
41.75333,62.46291,15-sonli umumiy o'rta ta'lim maktabi
43.56916809082031,62.87922286987305,"16,Uchquduq,Navoi"
42.15682,63.54983,18-sonli umumiy o'rta ta'lim maktabi
43.157554626464844,62.91958236694336,"19,Uchquduq,Navoi"
42.15919,63.57473,20-sonli umumiy o'rta ta'lim maktabi
41.75714,64.62928,1-sonli ixtisoslashtirilgan davlat umumta’lim maktabi
41.20083,65.20406,3-sonli umumiy o'rta ta'lim maktabi
41.76069,64.63172,4-sonli umumiy o'rta ta'lim maktabi
41.99633,65.22929,5-sonli umumiy o'rta ta'lim maktabi
41.73492,64.56694,6-sonli umumiy o'rta ta'lim maktabi
41.9795,65.00744,7-sonli umumiy o'rta ta'lim maktabi
42.11175,65.84081,8-sonli umumiy o'rta ta'lim maktabi
42.02061,65.33919,9-sonli umumiy o'rta ta'lim maktabi
41.06758,65.59408,10-sonli umumiy o'rta ta'lim maktabi
42.18175,65.83719,11-sonli umumiy o'rta ta'lim maktabi
42.00011,65.45756,13-sonli umumiy o'rta ta'lim maktabi
41.33831,65.58575,17-sonli umumiy o'rta ta'lim maktabi
41.53976,64.14071,16-sonli umumiy o'rta ta'lim maktabi
41.747906,64.62315,12-sonli umumiy o'rta ta'lim maktabi
41.721924,64.5254,15-sonli umumiy o'rta ta'lim maktabi
42.103535,65.63506,14-sonli umumiy o'rta ta'lim maktabi
41.7186,64.53108,Томди тумани табиий фанларни чуқурлаштириб ўқитишга ИМИ
41.557613,60.62323,1-sonli umumiy o‘rta ta’lim maktabi
41.55168,60.64631,2-sonli umumiy oʻrta ta'lim maktabi
41.558697,60.624825,3-сонли айрим фанлар чуқур ўқитиладиган синфлари мавжуд умумий ўрта таълим мактаби
41.54775,60.60115,4-sonli umumiy o'rta ta'lim maktabi
41.547985,60.622658,5-sonli umumiy o'rta ta'lim maktabi
41.553978,60.60716,6-sonli umumiy o'rta ta'lim maktabi
41.5579,60.63503,7-sonli umumiy o'rta ta'lim maktabi
41.56467,60.622044,8-sonli umumiy o'rta ta'lim maktabi
41.543118,60.611786,9-sonli umumiy o'rta ta'lim maktabi
41.565918,60.622417,10-sonli umumiy o'rta ta'lim maktabi
41.5423,60.640587,11-sonli umumiy o'rta ta'lim maktabi
41.54912,60.637295,12-sonli umumiy o'rta ta'lim maktabi
41.56543,60.636005,MMTB ga qarashli 13-sonli umumiy o'rta ta'lim maktabi
41.56501,60.613354,14-sonli umumiy o'rta ta'lim maktabi
41.555096,60.63912,15-sonli umumiy o'rta ta'lim maktabi
41.541874,60.652336,Xorazm viloyati Urganch shahar 16-sonli umumiy o'rta ta'lim maktabi
41.559685,60.649136,17-sonli umumiy o'rta ta'lim maktabi
41.56942,60.610317,18-sonli umumiy o'rta ta`lim maktab
41.569687,60.607857,19-sonli ayrim fanlar chuqur o'qitiladigan sinflari mavjud umumiy o'rta ta`lim maktabi
41.565823,60.623432,21-sonli ayrim fanlar chuqur o'qitiladigan sinflari mavjud umumta’lim maktabi
41.588345,60.582714,22-sonli umumiy o'rta ta'lim maktabi
41.540363,60.65878,23-sonli umumiy o'rta ta'lim maktabi
41.551083,60.635857,24-сонли айрим фанлар чуқур  ўқитиладиган синфлари мавжуд  умумий ўрта таълим мактаби
41.533237,60.681244,25-sonli ayrim fanlar chuqur o'qitiladigan sinflari mavjud umumy o'rta ta'lim maktabi
41.55359,60.666992,26-sonli umumiy o'rta ta'lim maktabi
41.540573,60.634712,28-sonli umumiy o'rta ta'lim maktabi
41.542213,60.625526,29-sonli umumiy o'rta ta'lim maktabi
41.56934,60.632538,30-sonli ayrim fanlar chuqur o'qitiladigan sinflari mavjud umumiy o'rta ta'lim maktabi
41.58295,60.598427,Urganch shahar 31-son umumiy o'rta ta'lim maktabi
41.56996536254883,60.67147445678711,"32 BS,Urgench,Khorezm"
41.5451,60.60705,Urganch shahar 6-son ayrim fanlar chuqur o'qitiladigan sinflari mavjud umumiy o'rta ta'lim maktab-internatisonli ixtisoslashtirilgan davlat umumta’lim maktabi
41.55503,60.638298,Xorazm viloyati Urganch shahridagi 8-sonli ayrim fanlar chuqur o'qitiladigan sinflari mavjud umumiy o'rta ta'lim maktab-internati
41.562885,60.62905,20-sonli umumiy o'rta ta'lim maktabi
41.545696,60.608006,32-sonli umumiy o'rta ta'lim maktabi
41.55608367919922,60.6523323059082,"96 BS,Urgench,Khorezm"
41.394436,60.359676,1-sonli umumiy o'rta ta'lim maktabi
41.3802,60.351646,2-son Ayrim fanlar chuqur o'qitiladigan sinflari mavjud umumiy o'rta ta'lim maktabi
41.383495,60.35513,3-sonli umumiy o'rta ta'lim maktabi
41.381027,60.36596,4-sonli umumiy o'rta ta'lim maktabi
41.37796,60.348366,5-sonli umumiy o'rta ta'lim maktabi
41.40673,60.34329,6-sonli  ayrim fanlar chuqur o'qitiladigan sinflari mavjud umumiy o'rta ta'lim  maktabi
41.42156,60.406715,7-sonli umumiy o'rta ta'lim maktabi
41.377407,60.366344,8-sonli umumiy o'rta ta'lim maktabi
41.39285,60.350773,9-son umumiy o'rta ta'lim maktabi
41.38547,60.370193,10-sonli umumiy o'rta ta'lim maktabi
41.401237,60.34089,11-son ayrim fanlar chuqur o'qitiladigan sinflari mavjud umumiy o'rta ta'lim maktabi
41.38379,60.376186,12-sonli umumiy o'rta ta'lim maktabi
41.364983,60.366646,13-sonli umumiy o'rta ta'lim maktabi
41.42353,60.40426,14-sonli umumiy o'rta ta'lim maktabi
41.372643,60.346497,15-sonli umumiy o'rta ta'lim maktabi
41.41185,60.360344,16-sonli umumiy o'rta ta'lim maktabi
41.385136,60.360905,17-sonli ayrim fanlar chuqur o`qitiladigan sinflari mavjud umumiy o`rta ta`lim maktabi
41.398106,60.373264,18-sonli umumiy o'rta ta'lim maktabi
41.390747,60.36064,19-sonli umumiy o'rta ta'lim maktabi
41.381977,60.361607,20-sonli ixtisoslashtirilgan davlat umumta’lim maktabi
41.379395,60.350834,56-sonli ayrim fanlar chuqur o'qitiladigan sinflari mavjud umumiy o'rta ta'lim maktab-internati
41.382667541503906,60.34791564941406,"97-IDMI,Khiva,Khorezm"
41.3831672668457,60.35361099243164,"121 BS,Khiva,Khorezm"
41.358143,60.811554,1-sonli umumiy o'rta ta'lim maktabi
41.34704,60.81611,2-sonli umumiy o'rta ta'lim maktabi
41.36943,60.83117,3-sonli ayrim fanlar chuqur o'qitiladigan sinflari mavjud   umumta’lim maktabi
41.35334,60.788353,4-sonli umumiy o'rta ta'lim maktabi
41.37218,60.77623,5-sonli umumiy o'rta ta'lim maktabi
41.33439,60.86858,6-sonli umumiy o'rta ta'lim maktabi
41.348633,60.799374,7-sonli umumiy o'rta ta'lim maktabi
41.36852,60.91795,8-sonli umumiy o'rta ta'lim maktabi
41.33584,60.90136,9-sonli umumiy o'rta ta'lim maktabi
41.313858,60.928658,10-sonli umumiy o'rta ta'lim maktabi
41.32663,60.97522,11-sonli umumiy o'rta ta'lim maktabi
41.3407,60.98907,12-sonli umumiy o'rta ta'lim maktabi
41.365955,61.008507,13-sonli umumiy o'rta ta'lim maktabi
41.33625,60.76156,14-sonli umumiy o'rta ta'lim maktabi
41.35154,60.83876,15-sonli umumiy o'rta ta'lim maktabi
41.3804,60.85054,16-sonli umumiy o'rta ta'lim maktabi
41.32694,60.79082,17-sonli umumiy o'rta ta'lim maktabi
41.36872,60.74905,19-sonli umumiy o'rta ta'lim maktabi
41.34615,60.71858,20-sonli umumiy o'rta ta'lim maktabi
41.30965,60.69961,21-sonli umumiy o'rta ta'lim maktabi
41.33006,60.69034,22-sonli umumiy o'rta ta'lim maktabi
41.34773,60.86719,23-sonli umumiy o'rta ta'lim maktabi
41.31681,60.85394,24-sonli umumiy o'rta ta'lim maktabi
41.36478,60.90848,25-sonli umumiy o'rta ta'lim maktabi
41.38811,60.92619,26-sonli umumiy o'rta ta'lim maktabi
41.391083,60.975384,27-sonli umumiy o'rta ta'lim maktabi
41.35234,60.71014,28-sonli umumiy o'rta ta'lim maktabi
41.31786,60.88666,29-sonli umumiy o'rta ta'lim maktabi
41.33698,60.910355,30-sonli umumiy o'rta ta'lim maktabi
41.30793,60.91444,31-sonli umumiy o'rta ta'lim maktabi
41.344547,60.940285,32-sonli umumiy o'rta ta'lim maktabi
41.38689,60.79147,33-sonli umumiy o'rta ta'lim maktabi
41.32844,60.938377,34-sonli umumiy o'rta ta'lim maktabi
41.34625,60.95197,35-sonli umumiy o'rta ta'lim maktabi
41.35376,60.81548,36-sonli umumiy o'rta ta'lim maktabi
41.31095,60.67179,37-sonli umumiy o'rta ta'lim maktabi
41.334106,60.71719,38-sonli umumiy o'rta ta'lim maktabi
41.37909,60.814316,39-sonli umumiy o'rta ta'lim maktabi
41.376,60.891247,40-sonli umumiy o'rta ta'lim maktabi
41.3615,60.86825,42-sonli umumiy o'rta ta'lim maktabi
41.300682,60.95249,43-sonli umumiy o'rta ta'lim maktabi
41.34786,60.77715,44-sonli umumiy o'rta ta'lim maktabi
41.33843,60.83375,45-sonli umumiy o'rta ta'lim maktabi
41.35224914550781,60.80086135864258,"46,Bogot,Khorezm"
41.340942,60.874123,47-sonli ayrim fanlar chuqur o'qitiladigan sinflari mavjud umumiy o'rta ta’lim maktabi
41.35212,60.74657,48-sonli umumiy o'rta ta'lim maktabi
41.338104,60.924168,49-sonli umumiy o'rta ta'lim maktabi
41.35653,60.84118,2-sonli ixtisoslashtirilgan davlat umumta’lim maktabi
41.37004,60.83126,3-son ayrim fanlar chuqur o'qitiladigan sinflari mavjud umumiy o'rta ta'lim maktab -internati
41.359779357910156,60.800804138183594,"AFCHUMI,Bogot,Khorezm"
41.846085,60.393642,1-sonli ayrim fanlar chuqur o'qitiladigan sinflari mavjud umumiy o'rta ta'lim maktabi
41.842487,60.394802,Xorazm viloyati Gurlan tumani 2-sonli umumiy o'rta ta'lim maktabi
41.84145,60.404713,3-sonli umumiy o'rta ta'lim maktabi
41.832844,60.399124,4-sonli umumiy o'rta ta'lim maktabi
41.84673,60.38118,5-umumiy o'rta ta'lim maktabi
41.84716,60.395027,6-sonli ayrim fanlar chuqur o'qitiladigan sinflari mavjud umumiy o'rta ta'lim maktabi
41.8968,60.388638,7-sonli umumiy o'rta ta'lim maktabi
41.91381,60.37544,8-sonli umumiy o'rta ta'lim maktabi
41.887882,60.40104,9-sonli umumiy o'rta ta'lim maktabi
41.942394,60.38514,10-sonli umumiy o'rta ta'lim maktabi
41.934723,60.412285,11-sonli umumiy o'rta ta'lim maktabi
41.932793,60.38461,12-sonli umumiy o'rta ta'lim maktabi
41.941498,60.305397,13-sonli umumiy o'rta ta'lim maktabi
41.94364,60.299686,14-sonli umumiy o'rta ta'lim maktabi
41.915478,60.327457,15-sonli umumiy o'rta ta'lim maktabi
41.928253,60.29136,16-sonli umumiy o'rta ta'lim maktabi
41.93815,60.247925,17-sonli umumiy o'rta ta'lim maktabi
41.918827,60.28136,18-sonli umumiy o'rta ta'lim maktabi
41.867916,60.351295,19-sonli umumiy o'rta ta'lim maktabi
41.894447,60.32417,20-sonli  umumiy o'rta ta'lim maktabi
41.841568,60.36525,21-sonli umumiy o'rta ta'lim maktabi
41.81969,60.341602,22-sonli umumiy o'rta ta'lim maktabi
41.84561,60.337997,23-sonli umumiy o'rta ta'lim maktabi
41.826496,60.396507,24- umumiy o'rta ta'lim maktabi
41.815395,60.433434,25-sonli umumiy o'rta ta'lim maktabi
41.854347,60.42092,26-sonli umumiy o'rta ta'lim maktabi
41.862087,60.402805,27-sonli umumiy o'rta ta'lim maktabi
41.841755,60.455044,28-sonli umumiy o'rta ta'lim maktabi
41.872948,60.305508,29-sonli umumiy o'rta ta'lim maktabi
41.846035,60.298523,30-sonli umumiy o'rta ta'lim maktabi
41.88262,60.279606,31-sonli umumiy o'rta ta'lim maktabi
41.877075,60.35304,32-sonli umumiy o'rta ta'lim maktabi
41.920616,60.20182,33-sonli umumiy o'rta ta'lim maktabi
41.87424,60.243355,34-sonli umumiy o'rta ta'lim maktabi
41.89366,60.245583,35-sonli umumiy o'rta ta'lim maktabi
41.855656,60.176815,36-SONLI UMUMIY O'RTA TA'LIM MAKTABI
41.78795,60.346786,37-sonli umumiy o'rta ta'lim maktabi
41.832912,60.236813,38-sonli umumiy o'rta ta'lim maktabi
41.830246,60.382736,39-sonli umumiy o'rta ta'lim maktabi
41.93888,60.31238,40-sonli ayrim fanlar chuqur oʻqitiladigan sinflari mavjud umumiy o'rta ta'lim maktabi
41.863693,60.307186,41-sonli umumiy o'rta ta'lim maktabi
41.856068,60.38578,42-sonli ayrim  fanlar chuqur o‘qitiladigan sinflari mavjud umumiy o‘rta ta’lim  maktabi
41.85072326660156,60.39961242675781,"43-MMI,Gurlan,Khorezm"
41.823338,60.40947,44-sonli umumiy o'rta ta'lim maktabi
41.508232,60.484146,1-sonli umumiy o'rta ta'lim maktabi
41.53184,60.35377,2-sonli umumiy o'rta ta'lim maktabi
41.53884,60.40784,3-sonli umumiy o'rta ta'lim maktabi
41.52222,60.35789,4-sonli ayrim fanlar chuqur o‘qitiladigan sinflari mavjud umumiy o‘rta ta’lim maktabi
41.52491,60.34336,5-sonli ayrim fanlar chuqur o'qitiladigan sinflari mavjud umumiy o'rta ta'lim maktabi
41.5434,60.29935,6-sonli umumiy o'rta ta'lim maktabi
41.49624,60.51223,7-sonli umumiy o'rta ta'lim maktabi
41.51622009277344,60.35441589355469,"8,Qushkupir,Khorezm"
41.51628,60.4343,9-sonli ayrim fanlar chuqur o`qitiladigan sinflari mavjud umumiy o`rta ta`lim maktabi
41.51211,60.4689,10-sonli umumiy o'rta ta'lim maktabi
41.508232,60.484146,11-sonli umumiy o'rta ta'lim maktabi
41.47214,60.50147,12-sonli umumiy o'rta ta'lim maktabi
41.48176,60.47705,13-sonli umumiy o'rta ta'lim maktabi
41.47184,60.38998,14-sonli umumiy o'rta ta'lim maktabi
41.47769,60.37307,15-sonli umumiy o'rta ta'lim maktabi
41.49755,60.36492,16-sonli umumiy o'rta ta'lim maktabi
41.4784,60.29763,17-sonli umumiy o'rta ta'lim maktabi
41.46999,60.32393,18-sonli umumiy o'rta ta'lim maktabi
41.46796,60.27302,19-sonli umumiy o'rta ta'lim maktabi
41.49868,60.2549,20-sonli umumiy o'rta ta'lim maktabi
41.46693,60.23797,21-sonli umumiy o'rta ta'lim maktabi
41.44888,60.20665,22-sonli umumiy o'rta ta'lim maktabi
41.46919,60.17351,23-sonli umumiy o'rta ta'lim maktabi
41.47962,60.1225,24-sonli umumiy o'rta ta'lim maktabi
41.52804,60.35739,25-sonli umumiy o'rta ta'lim maktabi
41.50775,60.18578,26-sonli umumiy o'rta ta'lim maktabi
41.49983,60.18054,27-sonli umumiy o'rta ta'lim maktabi
41.49309,60.20592,28-sonli umumiy o'rta ta'lim maktabi
41.51587,60.16748,29-sonli umumiy o'rta ta'lim maktabi
41.56689,60.18707,30-sonli umumiy o'rta ta'lim maktabi
41.58389,60.19159,31-sonli umumiy o'rta ta'lim maktabi
41.55576,60.17409,32-sonli umumiy o'rta ta'lim maktabi
41.59563,60.18951,33-sonli umumiy o'rta ta'lim maktabi
41.56971,60.16387,34-sonli umumiy o'rta ta'lim maktabi
41.55644,60.21632,35-сонли умумий ўрта таълим мактаби
41.55665,60.26271,36-son umumiy o'rta ta'lim maktabi
41.47244,60.41268,37-sonli umumiy o'rta ta'lim maktabi
41.57608,60.24254,38-sonli umumiy o'rta ta'lim maktabi
41.45645,60.19759,39-sonli umumiy o'rta ta'lim maktabi
41.50488,60.15356,40-sonli umumiy o'rta ta'lim maktabi
41.47757,60.15013,41-sonli umumiy o'rta ta'lim maktabi
41.54099,60.20198,42-sonli umumiy o'rta ta'lim maktabi
41.48544,60.36757,43-sonli umumiy o'rta ta'lim maktabi
41.46849,60.33395,44-sonli umumiy o'rta ta'lim maktabi
41.57588,60.20648,45-sonli umumiy o'rta ta'lim maktabi
41.47373,60.18027,46-sonli umumiy o'rta ta'lim maktabi
41.4678,60.21059,47-sonli umumiy o'rta ta'lim maktabi
41.47889,60.29488,48-sonli umumiy o'rta ta'lim maktabi
41.51198,60.20358,49-sonli umumiy o'rta ta'lim maktabi
41.53641,60.41074,50-sonli umumiy o'rta ta'lim maktabi
41.44613,60.17444,51-sonli umumiy o'rta ta'lim maktabi
41.46244,60.52096,52-sonli umumiy o'rta ta'lim maktabi
41.53856,60.3411,4-sonli umumiy o'rta ta'lim maktabi
41.554466,60.58578,1-sonli umumiy o'rta ta'lim maktabi
41.584892,60.614555,2-sonli umumiy o'rta ta'lim maktabi
41.520153,60.614567,3-sonli umumiy o'rta ta'lim maktabi
41.616093,60.581715,4-sonli umumiy o'rta ta'lim maktabi
41.561153,60.687134,5-sonli umumiy o'rta ta'lim maktabi
41.54728,60.572796,6-sonli umumiy o'rta ta'lim maktabi
41.60203,60.63429,7-sonli umumiy o'rta ta'lim maktabi
41.611954,60.64767,8-sonli umumiy o'rta ta'lim maktabi
41.606403,60.509003,9-sonli umumiy o'rta ta'lim maktabi
41.54798,60.46493,10-sonli umumiy o'rta ta'lim maktabi
41.625134,60.683987,11-sonli umumiy o'rta ta'lim maktabi
41.591248,60.605293,12-sonli umumiy o'rta ta'lim maktabi
41.510803,60.641983,13-sonli umumiy o'rta ta'lim maktabi
41.52257,60.509052,14-sonli umumiy o'rta ta'lim maktabi
41.528725,60.60746,15-sonli umumiy o'rta ta'lim maktabi
41.580578,60.67566,16-sonli umumiy o'rta ta'lim maktabi
41.519024,60.69756,17-sonli umumiy o'rta ta'lim maktabi
41.5801,60.730946,18-sonli umumiy o'rta ta'lim maktabi
41.593304,60.542515,19-sonli umumiy o'rta ta'lim maktabi
41.531723,60.449158,20-sonli umumiy o'rta ta'lim maktabi
41.50717,60.534405,23-sonli umumiy o'rta ta'lim maktabi
41.522697,60.54026,24-sonli umumiy o'rta ta'lim maktabi
41.574535,60.455677,26-sonli umumiy o'rta ta'lim maktabi
41.57949,60.55372,27-sonli umumiy o'rta ta'lim maktabi
41.548992,60.79603,28-sonli umumiy o‘rta ta'lim maktabi
41.497417,60.58121,29-sonli umumiy o'rta ta'lim maktabi
41.61521,60.508884,31-sonli umumiy o'rta ta'lim maktabi
41.62116,60.62111,32-sonli umumiy o'rta ta'lim maktabi
41.50859,60.66421,33-sonli umumiy o'rta ta'lim maktabi
41.62389,60.47608,35-sonli umumiy o'rta ta'lim maktabi
41.56025,60.57905,36-sonli ayrim fanlar chuqur o'qitiladigan sinflari mavjud umumiy o'rta ta'lim maktabi
41.56095,60.59129,38-sonli umumiy o'rta ta'lim maktabi
41.553722,60.704887,39-sonli umumiy o'rta ta'lim maktabi
41.53087,60.68208,40-sonli umumiy o'rta ta'lim maktabi
41.598083,60.462894,41-sonli umumiy o'rta ta'lim maktabi
41.530125,60.57345,42-sonli umumiy o'rta ta'lim maktabi
41.621548,60.58431,43-sonli umumiy o'rta ta'lim maktabi
41.57956,60.566017,44-sonli umumiy o'rta ta'lim maktabi
41.51213836669922,60.64175796508789,"45-BS,Urgench,Khorezm"
41.6253,60.68668,46-sonli umumiy o'rta ta'lim maktabi
41.518883,60.61382,47-sonli sonli ayrim fanlar chuqur o‘qitiladigan sinflari mavjud umumiy o‘rta ta’lim maktabi
41.600246,60.670746,48-sonli umumiy o'rta ta'lim maktabi
41.538525,60.515804,49-sonli umumiy o'rta ta'lim maktabi
41.524155,60.68455,50-sonli umumiy o'rta ta'lim maktabi
41.311584,61.08753,1-sonli umumiy o'rta ta'lim maktabi
41.284946,61.216965,2-sonli umumiy o'rta ta'lim maktabi
41.260155,61.11779,3-sonli umumiy o'rta ta'lim maktabi
41.26388,61.141308,4-sonli umumiy o'rta ta'lim maktabi
41.322987,61.02766,5-sonli umumiy o'rta ta'lim maktabi
41.288788,61.07159,6-sonli umumiy o'rta ta'lim maktabi
41.323784,61.11845,7-sonli umumiy o'rta ta'lim maktabi
41.288788,61.07159,8-sonli umumiy o'rta ta'lim maktabi
41.287,61.140835,9-sonli umumiy o'rta ta'lim maktabi
41.288788,61.07159,10-sonli umumiy o'rta ta'lim maktabi
41.31259,61.08271,11-sonli umumiy o'rta ta'lim maktabi
41.27651,61.24337,12-sonli umumiy o'rta ta'lim maktabi
41.304638,61.15782,13-sonli umumiy o'rta ta'lim maktabi
41.288788,61.07159,14-sonli umumiy o'rta ta'lim maktabi
41.29548,61.071857,15-sonli umumiy o'rta ta'lim maktabi
41.349075,61.083607,16-sonli umumiy o'rta ta'lim maktabi
41.321026,61.055996,17-sonli umumiy o'rta ta'lim maktabi
41.288788,61.07159,18-sonli umumiy o'rta ta'lim maktabi
41.2993,61.022667,19-sonli umumiy o'rta ta'lim maktabi
41.32387,61.101215,20-sonli umumiy o'rta ta'lim maktabi
41.316006,61.074577,21-sonli umumiy o'rta ta'lim maktabi
41.247128,61.19663,22-sonli umumiy o'rta ta'lim maktabi
41.321987,61.063923,23-sonli umumiy o'rta ta'lim maktabi
41.287273,61.181797,24-sonli umumiy o'rta ta'lim maktabi
41.28099,61.123104,26-sonli umumiy o'rta ta'lim maktabi
41.288788,61.07159,27-sonli umumiy o'rta ta'lim maktabi
41.31373,61.005035,28-sonli umumiy o'rta ta'lim maktabi
41.257706,61.129807,29-sonli umumiy o'rta ta'lim maktabi
41.260155,61.11779,30-sonli umumiy o'rta ta'lim maktabi
41.380077,61.06414,31-sonli umumiy o'rta ta'lim maktabi
41.28342,61.16697,32-sonli umumiy o'rta ta'lim maktabi
41.34735,61.112267,33-sonli umumiy o'rta ta'lim maktabi
41.317413,61.096188,34-sonli umumiy o'rta ta'lim maktabi
41.26433,61.183052,35-sonli umumiy o'rta ta'lim maktabi
41.295853,61.046227,36-sonli umumiy o'rta ta'lim maktabi
41.31263,61.069756,38-sonli umumiy o'rta ta'lim maktabi
41.35526,61.044304,39-sonli umumiy o'rta ta'lim maktabi
41.2751,61.126457,40-sonli umumiy o'rta ta'lim maktabi
41.280285,61.172993,41-sonli umumiy o'rta ta'lim maktabi
41.27689,61.079918,42-sonli umumiy o'rta ta'lim maktabi
41.276882,61.077724,43-sonli umumiy o'rta ta'lim maktabi
41.2891,61.26208,44-sonli umumiy o'rta ta'lim maktabi
41.311584,61.08753,45-sonli umumiy o'rta ta'lim maktabi
41.272858,61.161472,46-sonli umumiy o'rta ta'lim maktabi
41.288788,61.07159,47-sonli umumiy o'rta ta'lim maktabi
41.32253,61.07695,48-sonli umumiy o'rta ta'lim maktabi
41.300186,61.112602,49-sonli umumiy o'rta ta'lim maktabi
41.284855,61.148987,50-sonli umumiy o'rta ta'lim maktabi
41.32661056518555,61.07030487060547,"1-MMI,Khazorasp,Khorezm"
41.426918,60.734222,1-sonli umumiy o‘rta ta'lim maktabi
41.457527,60.70875,2-sonli umumiy o'rta ta'lim maktabi
41.43125,60.85653,3-sonli umumiy o'rta ta'lim maktabi
41.427277,60.773167,4-sonli umumiy o'rta ta'lim maktabi
41.49542,60.74647,Xonqa tumani 5-sonli umumiy o'rta ta'lim maktabi
41.42619,60.819363,6-sonli umumiy o'rta ta'lim maktabi
41.43875,60.749584,7-sonli umumiy o'rta ta'lim maktabi
41.513695,60.772472,8-sonli umumiy o'rta ta'lim maktabi
41.426483,60.722946,Xonqa tumani 9-sonli umumiy o'rta ta'lim maktabi
41.52597,60.742527,10-sonli umumiy o'rta ta'lim maktabi
41.458385,60.75264,11-sonli umumiy o'rta ta'lim maktabi
41.437332,60.64964,12-sonli umumiy o'rta ta'lim maktabi
41.408585,60.78047,13-sonli umumiy o'rta ta'lim maktabi
41.403584,60.816334,14-sonli umumiy o'rta ta'lim maktabi
41.46269,60.68464,16-sonli umumiy o'rta ta'lim maktabi
41.435165,60.898167,17-sonli umumiy o'rta ta'lim maktabi
41.430225,60.831123,18-sonli umumiy o'rta ta'lim maktabi
41.498333,60.72372,19-sonli umumiy o'rta ta'lim maktabi
41.47675,60.75672,20-sonli umumiy oʻrta taʼlim maktabi
41.446278,60.624443,21-sonli umumiy o'rta ta'lim maktabi
41.458694,60.807674,22-sonli umumiy o'rta ta'lim maktabi
41.47364,60.651585,23-sonli umumiy o'rta ta'lim maktabi
41.44052,60.89648,24-sonli umumiy o’rta ta’lim maktabi 
41.39864,60.8978,25-sonli umumiy o'rta ta'lim maktabi
41.437637,60.787224,26-sonli umumiy o'rta ta'lim maktabi
41.487946,60.75778,27-sonli umumiy o'rta ta'lim maktabi
41.460445,60.803192,28-sonli umumiy o'rta ta'lim maktabi
41.49989,60.781193,29-sonli umumiy o'rta ta'lim maktabi
41.421112,60.871113,30-sonli umumiy o'rta ta'lim maktabi
41.46091,60.759445,31-sonli umumiy o'rta ta'lim maktabi
41.401333,60.832474,32-sonli umumiy o'rta ta'lim maktabi
41.43582,60.85858,Xonqa tumani 33-sonli umumiy o'rta ta'lim maktabii
41.46153,60.682167,34-sonli umumiy o'rta ta'lim maktabi
41.468803,60.77409,35-sonli umumiy o'rta ta'lim maktabi
41.47322,60.780807,36-sonli umumiy o’rta ta’lim maktabi
41.467304,60.792194,37-sonli ayrim fanlar chuqur o'qitiladigan sinflari mavjud umumiy o'rta ta'lim maktabi
41.489193,60.78189,38-sonli umumiy o'rta ta'lim maktabi
41.47867,60.774418,39-sonli umumiy o'rta ta'lim maktabi
41.479053,60.78699,40-sonli umumiy o'rta ta'lim maktabi
41.476112,60.76511,41-sonli ixtisoslashtirilgan davlat umumta’lim maktabi
41.472954,60.779747,42-sonli umumiy o'rta ta'lim maktabi
41.498165,60.871944,43-sonli umumiy o'rta ta'lim maktabi
41.40161,60.855583,44-sonli umumiy o'rta ta'lim maktabi
41.46103,60.82461,45-sonli umumiy o'rta ta'lim maktabi
41.43486,60.67286,46-sonli umumiy o'rta ta'lim maktabi
41.48177,60.76806,48-sonli ayrim fanlar chuqur o'qitiladigan sinflari mavjud umumiy o'rta ta’lim maktab-internati
41.427948,60.710617,49-sonli ayrim fanlar chuqur o'qitiladigan sinflari mavjud umumiy o'rta ta'lim maktabi
41.406116,60.760044,50-sonli umumiy o'rta ta'lim maktabi
41.48954,60.797424,51-sonli umumiy o'rta ta'lim maktabi
41.51934,60.809837,52-sonli umumiy o'rta ta'lim maktabi
41.48997116088867,60.798831939697266,"7-MM,Khonqa,Khorezm"
41.388577,60.435524,1-sonli umumiy o'rta ta'lim maktabi
41.440693,60.53325,2-sonli umumiy o'rta ta'lim maktabi
41.429184,60.42766,3-sonli umumiy o'rta ta'lim maktabi
41.391094,60.478912,4-sonli umumiy o'rta ta'lim maktabi
41.437183,60.436214,5-sonli umumiy o'rta ta'lim maktabi
41.391094,60.478912,6-sonli umumiy o'rta ta'lim maktabi
41.378925,60.29715,7-sonli umumiy o'rta ta'lim maktabi
41.429184,60.42766,8-sonli umumiy o'rta ta'lim maktabi
41.393414,60.31918,9-sonli umumiy o'rta ta'lim maktabi
41.393414,60.31918,10-sonli umumiy o'rta ta'lim maktabi
41.459755,60.382763,11-sonli umumiy o'rta ta'lim maktabi
41.431873,60.4332,12-sonli umumiy o'rta ta'lim maktabi
41.465515,60.471592,13-sonli umumiy o'rta ta'lim maktabi
41.482765,60.55115,14-sonli umumiy o'rta ta'lim maktabi
41.470856,60.572056,15-sonli umumiy o'rta ta'lim maktabi
41.394333,60.472782,16-sonli umumiy o'rta ta'lim maktabi
41.396034,60.438473,17-sonli umumiy o'rta ta'lim maktabi
41.361862,60.429012,18-sonli umumiy o'rta ta'lim maktabi
41.361862,60.429012,19-sonli umumiy o'rta ta'lim maktabi
41.388985,60.51355,20-sonli umumiy o'rta ta'lim maktabi
41.424534,60.40478,21-sonli umumiy o'rta ta'lim maktabi
41.372944,60.32756,22-sonli umumiy o'rta ta'lim maktabi
41.376896,60.385063,23-sonli umumiy o'rta ta'lim maktabi
41.453003,60.572582,24-sonli umumiy o'rta ta'lim maktabi
41.429184,60.42766,25-sonli umumiy o'rta ta'lim maktabi
41.500874,60.510323,26-sonli umumiy o'rta ta'lim maktabi
41.44666,60.39948,27-sonli umumiy o'rta ta'lim maktabi
41.381676,60.36335,Xiva tumani 28-sonli ayrim fanlar chuqur o‘qitiladigan sinflari mavjud umumiy o‘rta ta’lim maktabi
41.424217,60.25609,29-sonli umumiy o'rta ta'lim maktabi
41.460773,60.466503,30-sonli umumiy o'rta ta'lim maktabi
41.397034,60.452312,31-sonli umumiy o'rta ta'lim maktabi
41.392803,60.361942,32-sonli umumiy o'rta ta'lim maktabi
41.363594,60.31082,33-sonli umumiy o'rta ta'lim maktabi
41.386425,60.4654,34-sonli umumiy o`rta ta`lim maktabi
41.463024,60.553,35-sonli umumiy o'rta ta'lim maktabi
41.385555,60.437412,36-sonli umumiy o'rta ta'lim maktabi
41.386425,60.4654,37-sonli ayrim fanlar chuqur o'qitiladigan sinflari mavjud umumiy o'rta ta'lim maktabi
41.429184,60.42766,38-sonli umumiy o'rta ta'lim maktabi
41.398693,60.4626,39-sonli umumiy o'rta ta'lim maktabi
41.34931,60.426594,40-sonli umumiy o'rta ta'lim maktabi
41.653175,60.288376,1-sonli umumiy o'rta ta'lim maktabi
41.663147,60.29098,2-sonli umumiy o'rta ta'lim maktabi
41.7417,60.154984,3-sonli umumiy o'rta ta'lim maktabi
41.68909,60.24703,4-sonli umumiy o'rta ta'lim maktabi
41.695457,60.355633,5-sonli umumiy o'rta ta'lim maktabi
41.785847,60.13051,6-sonli umumiy o'rta ta'lim maktabi
41.78609,60.159893,7-sonli umumiy o'rta ta'lim maktabi
41.75454,60.16349,8-sonli umumiy o'rta ta'lim maktabi
41.754948,60.19593,O'zbekiston Respublikasi  maktabgacha va maktab ta'limi vazirligi Xorazam viloyati Shovot tumani 9-sonli umumiy o'rta ta'lim maktabi
41.786564,60.105553,10-sonli umumiy o'rta ta'lim maktabi
41.770054,60.187122,11-sonli umumiy o'rta ta'lim maktabi
41.73926,60.212036,12-sonli umumiy o'rta ta'lim maktabi
41.742565,60.241615,13-sonli umumiy o'rta ta'lim maktabi
41.757782,60.08855,14-sonli umumiy o'rta ta'lim maktabi
41.747868,60.098614,15-sonli umumiy o'rta ta'lim maktabi
41.729942,60.122833,16-sonli umumiy o'rta ta'lim maktabi
41.699062,60.156586,17-sonli umumiy o'rta ta'lim maktabi
41.732635,60.17937,18-sonli umumiy o'rta ta'lim maktabi
41.74957,60.146385,19-sonli umumiy o'rta ta'lim maktabi
41.68763,60.19711,20-sonli umumiy o'rta ta'lim maktabi
41.673283,60.25227,21-sonli umumiy o'rta ta'lim maktabi
41.706917,60.232002,Shovot tuman 22-sonli umumiy o'rta ta'lim maktabi
41.64169,60.25414,23-sonli umumiy o'rta ta'lim maktabi
41.59641,60.338207,24-sonli umumiy o'rta ta'lim maktabi
41.674202,60.277115,25-sonli umumiy o'rta ta'lim maktabi
41.651054,60.314022,26-sonli umumiy o'rta ta'lim maktabi
41.66264,60.28352,27-sonli ayrim fanlar chuqur o'qitiladigan sinflari mavjud umumiy o'rta ta'lim maktabi
41.660084,60.25349,28-sonli umumiy o'rta ta'lim maktabi
41.64641,60.295067,29-sonli umumiy o'rta ta'lim maktabi
41.625725,60.298923,30-sonli umumiy o'rta ta'lim maktabi
41.738197,60.31735,31-sonli umumiy o'rta ta'lim maktabi
41.6914,60.33089,32-sonli umumiy o'rta ta'lim maktabi
41.661583,60.367554,33-sonli ixtisoslashtirilgan davlat umumta’lim maktabi
41.707943,60.310364,34-sonli umumiy o'rta ta'lim maktabi
41.653446,60.349117,35-sonli umumiy o'rta ta'lim maktabi
41.70636,60.3645,36-sonli umumiy o'rta ta'lim maktabi
41.687733,60.38709,37-sonli umumiy o'rta ta'lim maktabi
41.66391,60.413227,38-sonli umumiy o'rta ta'lim maktabi
41.642673,60.416096,39-sonli umumiy o'rta ta'lim maktabi
41.66994,60.32043,40-sonli umumiy o'rta ta'lim maktabi
41.66076,60.302284,41-sonli umumiy oʻrta ta’lim maktabi
41.689274,60.28415,42-sonli umumiy o'rta ta'lim maktabi
41.716526,60.133972,43-sonli umumiy o'rta ta'lim maktabi
41.67125,60.186745,44-sonli umumiy o'rta ta'lim maktabi
41.717613,60.338356,45-sonli umumiy o'rta ta'lim maktabi
41.70886,60.281265,46-sonli umumiy o'rta ta'lim maktabi
41.74146,60.34455,47-sonli umumiy o'rta ta'lim maktabi
41.682877,60.224453,48-sonli umumiy o'rta ta'lim maktabi
41.686546,60.352413,Ayrim fanlar chuqur o'qitiladigan sinflari mavjud 49-son umumiy o'rta ta'lim maktabi
41.639507,60.4439,50-sonli umumiy o'rta ta'lim maktabi
41.71689,60.252327,51-sonli umumiy o'rta ta'lim maktabi
41.72762,60.290302,52-sonli umumiy o'rta ta'lim maktabi
41.740044,60.156162,53-sonli ayrim fanlar chuqur o‘qitiladigan sinflari mavjud umumiy o‘rta ta’lim maktabi
41.36308,60.604656,1-sonli umumiy o'rta ta'lim maktabi
41.411465,60.55114,2-sonli umumiy o'rta ta'lim maktabi
41.38487,60.535427,3-sonli umumiy o'rta ta'lim maktabi
41.342087,60.56296,4-sonli umumiy o'rta ta'lim maktabi
41.335297,60.627094,5-sonli umumiy o'rta ta'lim maktabi
41.381954,60.548954,6-sonli umumiy o'rta ta'lim maktabi
41.312008,60.51162,7-sonli umumiy o'rta ta'lim maktabi
41.30932,60.47028,8-sonli umumiy o'rta ta'lim maktabi
41.34066,60.63485,9-sonli umumiy o'rta ta'lim maktabi
41.39176,60.62526,10-sonli umumiy o'rta ta'lim maktabi
41.326614,60.5136,11-sonli umumiy o'rta ta'lim maktabi
41.401035,60.67114,12-sonli umumiy o'rta ta'lim maktabi
41.386887,60.692947,13-sonli umumiy o'rta ta'lim maktabi
41.384377,60.718327,14-sonli umumiy o'rta ta'lim maktabi
41.41246,60.63514,15-sonli umumiy o'rta ta'lim maktabi
41.399567,60.695442,16-sonli umumiy o'rta ta'lim maktabi
41.33233,60.595043,17-sonli umumiy o'rta ta'lim maktabi
41.34868,60.57345,18-sonli umumiy o'rta ta'lim maktabi
41.340767,60.66542,19-sonli umumiy o'rta ta'lim maktabi
41.29424,60.503677,20-sonli umumiy o'rta ta'lim maktabi
41.34387,60.53546,21-sonli umumiy o'rta ta'lim maktabi
41.379032,60.638504,22-sonli umumiy o'rta ta'lim maktabi
41.38261,60.58813,23-sonli umumiy o'rta ta'lim maktabi
41.406994,60.584766,24-sonli umumiy o'rta ta'lim maktabi
41.424706,60.56446,25-sonli umumiy o'rta ta'lim maktabi
41.378662,60.520874,26-sonli umumiy o'rta ta'lim maktabi
41.360638,60.56928,27-sonli umumiy o'rta ta'lim maktabi
41.413456,60.679195,28-sonli umumiy o'rta ta'lim maktabi
41.366974,60.613075,29-sonli umumiy o'rta ta'lim maktabi
41.31162,60.54464,30-sonli umumiy o'rta ta'lim maktabi
41.36751,60.600777,31-sonli ixtisoslashtirilgan davlat umumta’lim maktabi
41.3637,60.533443,32-sonli umumiy o'rta ta'lim maktabi
41.304752,60.635395,33-sonli umumiy o'rta ta'lim maktabi
41.40316,60.725506,35-sonli umumiy o'rta ta'lim maktabi
41.359253,60.614876,36-sonli umumiy o'rta ta'lim maktabi
41.41066,60.551323,37-sonli ayrim fanlar chuqur o‘qitiladigan sinflari mavjud umumiy o‘rta ta’lim maktabi
41.36751,60.613846,38-sonli ayrim fanlar chuqur o‘qitiladigan sinflari mavjud umumiy o‘rta ta’lim maktabi
41.30966,60.50905,39-sonli ayrim fanlar chuqur o‘qitiladigan sinflari mavjud umumiy o‘rta ta’lim maktabi
41.362373,60.60111,40-sonli umumiy o'rta ta'lim maktabi
41.71285,60.536247,Янгибозор тумани 1-sonli umumiy o'rta ta'lim maktabi
41.70477,60.5438,2-sonli umumiy o'rta ta'lim maktabi
41.64105,60.619377,3-sonli umumiy o'rta ta'lim maktabi
41.65889,60.570423,4-sonli umumiy o'rta ta'lim maktabi
41.64426,60.543175,5-sonli umumiy o'rta ta'lim maktabi
41.686207,60.524185,6-sonli umumiy o'rta ta'lim maktabi
41.642956,60.4909,7-sonli umumiy o'rta ta'lim maktabi
41.644012,60.45902,8-sonli umumiy o'rta ta'lim maktabi
41.69946,60.449097,9-sonli umumiy o'rta ta'lim maktabi
41.718983,60.39304,10-sonli umumiy o'rta ta'lim maktabi
41.726624,60.43178,Yangibozor tumani 11-sonli umumiy o'rta ta'lim maktabi
41.753185,60.509796,12-son umumiy o'rta ta'lim maktabi
41.798435,60.471836,13-sonli umumiy o'rta ta'lim maktabi
41.787647,60.437237,14-sonli umumiy o'rta ta'lim maktabi
41.70989,60.53062,15-sonli umumiy o'rta ta'lim maktabi
41.702457,60.58602,16-sonli umumiy o'rta ta'lim maktabi
41.66625,60.488487,17-sonli umumiy o'rta ta'lim maktabi
41.664898,60.446255,18-sonli umumiy o'rta ta'lim maktabi
41.747856,60.390453,19-sonli umumiy o'rta ta'lim maktabi
41.749954,60.488033,20-sonli umumiy o'rta ta'lim maktabi
41.7245,60.58479,21-sonli umumiy o'rta ta'lim maktabi
41.639244,60.511284,22-sonli umumiy o'rta ta'lim maktabi
41.662773,60.534504,Yangibozor tuman 23-sonli umumiy o'rta ta'lim maktabi
41.712486,60.49291,24-sonli umumiy o'rta ta'lim maktabi
41.78544,60.378826,25-sonli umumiy o'rta ta'lim maktabi
41.6797,60.529438,Yangibozor tuman 26-sonli umumiy o'rta ta'lim maktabi
41.769917,60.455036,27-sonli umumiy o'rta ta'lim maktabi
41.723705,60.443718,28-sonli umumiy o'rta ta'lim maktabi
41.625336,60.48509,29-sonli umumiy o'rta ta'lim maktabi
41.718468,60.564205,30-sonli umumiy o'rta ta'lim maktabi
41.793163,60.435913,31-sonli umumiy o'rta ta'lim maktabi
41.639645,60.49312,32-sonli umumiy o'rta ta'lim maktabi
41.721996,60.516056,33-sonli umumiy o'rta ta'lim maktabi
41.71502685546875,60.51880645751953,"10-MMI,Yangibozor,Khorezm"
41.22619,61.31737,21-sonli ayrim fanlar chuqur o‘qitiladigan sinflari mavjud umumiy o‘rta ta'lim maktabi
41.221268,61.31633,2-sonli umumiy o'rta ta'lim maktabi
41.21062,61.325233,3-sonli umumiy o'rta ta'lim maktabi
41.22353,61.30568,4-sonli umumiy o'rta ta'lim maktabi
41.22297286987305,61.32164001464844,"5,Tuproqqala,Khorezm"
41.220184,61.258778,6-sonli ayrim fanlari chuqur o'qitiladigan umumiy o'rta ta'lim maktabi
41.197617,61.31179,7-sonli umumiy o'rta ta'lim maktabi
41.198948,61.300926,8-sonli umumiy o'rta ta'lim maktabi
41.18816,61.285927,9-sonli umumiy o'rta ta'lim maktabi
41.193752,61.33834,10-sonli umumiy o'rta ta'lim maktabi
41.05734,61.912086,11-sonli umumiy o'rta ta'lim maktabi
40.91059,62.04224,12-sonli umumiy o'rta ta'lim maktabi
40.966595,62.031445,13-sonli umumiy o'rta ta'lim maktabi
40.847622,62.04608,14-sonli umumiy o'rta ta'lim maktabi
40.807636,62.0493,15-sonli umumiy o'rta ta'lim maktabi
41.094864,61.959824,16-son umumiy o‘rta ta'lim maktabi
41.18508,61.2791,17-sonli umumiy o'rta ta'lim maktabi
41.191895,61.31148,18-sonli umumiy o'rta ta'lim maktabi
41.236183,61.270527,20-sonli umumiy o'rta ta'lim maktabi
39.671047,66.970474,1-sonli umumiy o'rta ta'lim maktabi
39.6546,66.97249,SAMARQAND SHAHAR 2- SONLI AYRIM FANLAR CHUQUR O‘QITILADIGAN SINFLARI MAVJUD UMUMIY O‘RTA TA’LIM MAKTABI
39.649742,66.97511,3-sonli umumiy o'rta ta'lim maktabi
39.6546,66.97249,4-umumiy o'rta ta'lim maktab
39.64581,66.99011,5-sonli umumiy o'rta ta'lim maktabi
39.658237,66.96983,6-sonli umumiy o'rta ta'lim maktabi
39.668262,66.93605,7-sonli umumiy o'rta ta'lim maktabi
39.647217,66.96414,8-sonli ayrim fanlar chuqur o‘qitiladigan umumiy o‘rta ta'lim maktabi
39.634464,66.95781,9-ayrim fanlar chuqur o'qitiladigan sinflari mavjud umumiy o'rta ta'lim maktabi
39.66346,66.97207,10-sonli umumiy o'rta ta'lim maktabi
39.692936,66.95895,11-sonli umumiy o'rta ta'lim maktabi
39.649487,66.94118,12-sonli umumiy o'rta ta'lim maktabi
39.66142,66.93606,13-sonli umumiy o'rta ta'lim maktabi
39.65504,66.92419,14-sonli umumiy o'rta ta'lim maktabi
39.68947,66.94434,15-sonli umumiy o'rta ta'lim maktabi
39.671295,66.85368,16-sonli umumiy o'rta ta'lim maktabi
39.647285,66.948906,17-sonli umumiy o'rta ta'lim maktabi
39.651733,66.92996,18-sonli umumiy o'rta ta'lim maktabi
39.663002,66.943634,19- sonli umum ta'lim maktabi
39.633617,66.93858,20-sonli umumiy o'rta ta'lim maktabi
39.658722,66.98026,21-sonli umumiy o'rta ta'lim maktabi
39.643738,66.97373,22-sonli umumiy o'rta ta'lim maktabi
39.660114,67.02198,23-sonli umumiy o'rta ta'lim maktab
39.63372,66.9167,24-sonli umumiy o'rta ta'lim maktabi
39.65744,66.989365,25-sonli umumiy o'rta ta'lim maktabi
39.656055,66.98644,26-sonli umumiy o'rta ta'lim maktabi
39.649853,66.98343,27-sonli umumiy o'rta ta'lim maktabi
39.692482,66.92309,28-sonli umumiy o'rta ta'lim maktabi
39.65428,66.91915,29-sonli umumiy o'rta ta'lim maktabi
39.6585,66.95947,30-sonli umumiy o'rta ta'lim maktabi
39.6373,66.98592,31-sonli umumiy o'rta ta'lim maktabi
39.681557,66.875374,32-sonli umumiy o'rta ta'lim maktabi
39.663708,66.93164,33-sonli umumiy o'rta ta'lim maktabi
39.64509,66.95115,34-sonli umumiy o'rta ta'lim maktabi
39.656982,66.950966,35-sonli umumiy o'rta ta'lim maktabi
39.66686,66.87755,36-sonli umumiy o'rta ta'lim maktabi
39.653564,66.951866,37-sonli ayrim fanlar chuqur o'rganiladigan ixtisoslashtirilgan maktab
39.671246,67.00886,38-sonli umumiy o'rta ta'lim maktabi
39.65983,66.91488,39-sonli umumiy o'rta ta'lim maktabi
39.68668,66.98283,40-sonli umumiy o'rta ta'lim maktabi
39.68087,66.888725,41-umumiy o'rta ta'limmaktab
39.677055,66.93276,42-sonli umumiy o'rta ta'lim maktabi
39.677883,66.92825,43-sonli ayrim fanlar chuqur o'qitiladigan sinflari mavjud umumiy o'rta ta'lim maktabi
39.672974,66.95128,44-sonli umumiy o'rta ta'lim maktabi
39.650795,66.961426,45-sonli umumiy o'rta ta'lim maktabi
39.63712,66.95598,46-sonli umumiy o'rta ta'lim maktabi
39.68296,66.92649,48-sonli umumiy o'rta ta'lim maktabi
39.680115,66.92421,49-sonli umumiy o'rta ta'lim maktabi
39.649296,66.92542,50-sonliumumiy o'rta ta'lim maktabi
39.673298,66.941,51-sonli ayrim fanlar chuqur o'qitiladigan sinflari mavjud umumiy o'rta ta'lim maktabi
39.646,66.979195,52 -sonli umumiy o'rta ta'lim maktabi
39.63823,66.93415,53-sonli umumiy o'rta ta'lim maktabi
39.66694,66.85867,54-sonli umumiy o'rta ta'lim maktabi
39.640343,66.91557,55-sonli umumiy o'rta ta'lim maktabi
39.668102,67.0061,56-sonli umumiy o'rta ta'lim maktabi
39.69698,67.061,57-umumiy o'rta ta'lim maktabisonli umumiy o'rta ta'lim maktabi
39.67275,67.00738,58-sonli umumiy o'rta ta'lim maktabi
39.68295,66.9674,59-sonli umumiy o'rta ta'lim maktabi
39.680355,66.989655,60-sonli umumiy o'rta ta'lim maktabi
39.594402,66.94677,61-sonli umumiy o'rta ta'lim maktabi
39.686222,66.99771,62-sonli umumiy o'rta ta'lim maktabi
39.657764,66.90918,63-sonli umumiy o'rta ta'lim maktabi
39.66085,66.909744,64-sonli umumiy o'rta ta'lim maktabi
39.658585,67.0088,65-sonli umumiy o'rta ta'lim maktabi
39.685017,66.902275,66-sonli umumiy o'rta ta'lim maktabi
39.68834,66.959,67-sonli umumiy o'rta ta'lim maktabi
39.676373,66.90778,68-sonli umumiy o'rta ta'lim maktabi
39.67948,66.99374,69-sonli umumiy o'rta ta'lim maktabi
39.683228,66.99913,70-umumiy o'rta ta'lim maktabi
39.642944,66.92609,71-sonli umumiy o'rta ta'lim maktabi
39.643124,66.91288,72-sonli umumiy o'rta ta'lim maktabi
39.62514,66.927185,73-sonli umumiy o'rta ta'lim maktabii umumiy o'rta ta'lim maktabi
39.624187,66.947464,74-sonli umumiy o'rta ta'lim maktabi
39.62184,66.97002,75-sonli umumiy o'rta ta'lim maktabi
39.630424,66.98104,76-sonli umumiy o'rta ta'lim maktabi
39.637962,67.00089,77-sonli umumiy o'rta ta'lim maktabi
39.69821,67.013756,78-sonli umumiy o'rta ta'lim maktabi
39.69821,67.013756,79-umumiy o'rta ta'lim maktabi
39.716614,66.92936,80-sonli umumiy o'rta ta'lim maktabi
39.659996032714844,66.97689819335938,"1-IDUM,Samarkand,Samarkand"
39.656925201416016,66.93258666992188,"1-BMSM,Samarkand,Samarkand"
39.66108,66.911674,1-sonli ayrim fanlar chuqur o'qitiladigan sinflari mavjud umumiy o'rta ta'lim maktabi
39.649383544921875,66.98946380615234,"59-MMI,Samarkand,Samarkand"
39.67448806762695,66.84701538085938,"60-MMI,Samarkand,Samarkand"
39.644744873046875,66.97090148925781,"61-MMI,Samarkand,Samarkand"
39.7967643737793,66.91321563720703,"62-MMI,Samarkand,Samarkand"
39.899033,66.257034,1-sonli umumiy o'rta ta'lim maktabi
39.906796,66.25767,2- sonli umumiy o'rta ta'lim maktabi
39.897823,66.25734,3-sonli umumiy o'rta ta'lim maktabi
39.89716,66.26627,4-sonli umumiy o'rta ta'lim maktabi
40.0086555480957,66.25601959228516,"5-ММИ,Kattaqurgon,Samarkand"
39.9045,66.257324,6-sonli umumiy o'rta ta'lim maktabi
39.899192810058594,66.22799682617188,"7,Kattaqurgon,Samarkand"
39.900085,66.240875,9-sonli umumiy o'rta ta'lim maktabi
39.8938,66.27146,11-umumiy o'rta  ta'lim maktabi
39.736977,65.99298,12-sonli umumiy o'rta ta'lim maktabi
39.912167,66.25069,13-sonli umumiy o'rta ta'lim maktabi
39.905994,66.27055,14-sonli umumiy o'rta ta'lim maktabi
39.733,65.9937,15-sonli umumiy o'rta ta'lim maktabi
39.91304,66.269135,16-sonli ixtisoslashtirilgan davlat umumta’lim maktabi
39.903683,66.27797,17-sonli umumiy o'rta ta'lim maktabi
39.893658,66.26843,18-sonli umumiy o'rta ta'lim maktabi
39.89591,66.3045,20-sonli umumiy o'rta ta'lim maktabi
39.763054,67.28998,1-sonli umumiy o'rta ta'lim maktabi
39.643974,67.355606,2-sonli umumiy o'rta ta'lim maktabi
39.78314,67.31281,3-sonli umumiy o'rta ta'lim maktabi
39.73387,67.33311,4-sonli umumiy o'rta ta'lim maktabi
39.760193,67.3834,5-sonli  umumiy o'rta ta’lim maktabi
39.696865,67.388306,6-sonli umumiy o'rta ta'lim maktabi
39.65802,67.39195,7-sonli umumiy o'rta ta'lim maktabi
39.687508,67.33941,8-sonli umumiy o'rta ta'lim maktabi
39.598827,67.33043,9-sonli umumiy o'rta ta'lim maktabi
39.56428,67.38878,10-sonli umumiy o'rta ta'lim maktabi
39.634537,67.40837,11-sonli umumiy o'rta ta'lim maktabi
39.636242,67.317444,12-sonli umumiy o'rta ta'lim maktabi maktab
39.60776,67.35862,13-sonli umumiy o'rta ta'lim maktabi
39.642345,67.26855,14-sonli umumiy o'rta ta'lim maktabi
39.7048,67.28394,15-sonli umumiy o'rta ta'lim maktabi
39.71626,67.23122,16-sonli umumiy o'rta ta'lim maktabi
39.793247,67.36776,17-sonli umumiy o'rta ta'lim maktabi
39.78795,67.25006,18-sonli umumiy o'rta ta'lim maktabi
39.81055,67.209206,19-sonli umumiy o'rta ta'lim maktabi
39.78526,67.29841,20-umumiy o'rta ta'lim maktabi
39.768612,67.22725,21-sonli umumiy o'rta ta'lim maktabi
39.751045,67.27227,22-sonli umumiy o'rta ta'lim maktabi
39.75902,67.26705,23-sonli umumiy o'rta ta'lim maktabi
39.852005,67.35046,24-sonli umumiy o'rta ta'lim maktab
39.855003,67.430046,25-sonli umumiy o'rta ta'lim maktabii
39.773376,67.41533,26-sonli umumiy o'rta ta'lim maktab
39.825764,67.424416,27-sonli umumiy o'rta ta'lim maktabi
39.587795,67.29154,28-soni umumiy o'rta ta'lim maktabi
39.658802,67.23642,29-sonli umumiy o'rta ta'lim maktabi
39.781143,67.45627,30-sonli umumiy o'rta ta'lim maktabi
39.81943,67.51888,31-sonli umumiy o'rta ta'lim maktabi
39.790928,67.21926,32-sonli umumiy o'rta ta'lim maktabi
39.773815,67.344635,33-sonli umumiy o'rta ta'lim maktab
39.768764,67.27496,34-sonli umumiy o'rta ta'limmaktabi
39.740902,67.370544,35-sonli umumiy o'rta ta'lim maktabi
39.725365,67.30079,36-sonli umumiy o'rta ta'lim maktabi
39.669655,67.31181,37-sonli umumiy o'rta ta'lim maktabi
39.61532,67.25766,38-sonli umumiy o'rta ta'lim maktabi
39.607,67.445465,39-sonli umumiy o'rta ta'lim maktabi
39.58479,67.35176,40-sonli umumiy o'rta ta'lim maktabi
39.54285,67.438705,41-sonli umumiy o'rta ta'lim maktabi
39.6557,67.34164,42-sonli umumiy o'rta ta'lim maktabi
39.627197,67.32373,43-sonli umumiy o'rta ta'lim maktabi
39.603233,67.30779,44-sonli umumiy o'rta ta'lim maktabi
39.61209,67.28261,45-sonli umumiy o'rta ta'lim maktabi
39.762814,67.257996,46-sonli umumiy o'rta ta'lim maktabi
39.640137,67.25242,48-sonli umumiy o'rta ta'lim maktab
39.62188,67.24415,49-sonli umumiy o'rta ta'lim maktab
39.667885,67.357414,50-sonli umumiy o'rta ta'lim maktabi
39.71379,67.38779,51-sonli umumiy o'rta ta'lim maktabi
39.695,67.31525,52-sonli umumiy o'rta ta'lim maktabi
39.67277,67.26476,53-sonli umumiy o'rta ta'lim maktabi
39.692398,67.24054,54-sonli umumiy o'rta ta'lim maktabi
39.766777,67.29215,55-sonli umumiy o'rta ta'lim maktabi
39.63681,67.23355,56-sonli umumiy o'rta ta'lim maktabi
39.696774,67.329094,57-sonli umumiy oʻrta taʼlim maktabi
39.576706,67.333046,58-sonli umumiy o'rta ta'lim maktabi
39.58823,67.309715,59-sonli umumiy o'rta ta'lim maktabi
39.624176,67.29246,60-sonli umumiy o'rta ta'lim maktabi
39.75636,67.401,61-sonli umumiy o'rta ta'lim maktabi
39.6401,67.275635,62-sonli umumiy o'rta ta'lim maktabi
39.702038,67.39061,63-sonli umumiy o'rta ta'lim maktabi
39.62671,67.35204,65-sonli umumiy o'rta ta'lim maktabi
39.786552,67.27823,66-sonli umumiy o'rta ta'lim maktabi
39.591267,67.37551,67-sonli umumiy o'rta ta'lim maktabi
39.632538,67.37143,68-sonli umumiy o'rta ta'lim maktabi
39.588642,67.34002,69-sonli umumiy o'rta ta'lim maktabi
39.696983,67.37661,70-sonli umumiy o'rta ta'lim maktabi
39.758698,67.38621,71-sonli umumiy oʻrta taʼlim maktabi
39.886642,67.01646,1-sonli umumiy o'rta ta'lim maktabi
39.868584,67.05702,2-sonli umumiy o'rta ta'lim maktabi
39.732914,67.09172,3-sonli umumiy o'rta ta'lim maktabi
39.78734,66.988014,4-sonli umumiy o'rta ta'lim maktabi
39.772697,67.0278,5-sonli umumiy o'rta ta'lim maktabi
39.792522,67.021385,6-sonli umumiy o'rta ta'lim maktabi
39.76716,66.98719,7-ayrim fanlar chuqurlashtirib o'qitiladigan sinflari mavjud umumiy o'rta ta'lim maktabi
39.806095,67.00356,8-sonli umumiy o'rta ta'lim maktabi
39.83226,67.11706,9-sonli umumiy o'rta ta'lim maktabi
39.81407,67.1674,10-sonli umumiy o'rta ta'lim maktabi
39.81586,67.11269,11-sonli umumiy o'rta ta'lim maktabi
39.756653,67.00989,12-sonli umumiy o'rta ta'lim maktabi
39.82954,67.09349,13-sonli umumiy o'rta ta'lim maktabi
39.77918,67.05742,14-sonli umumiy o'rta ta'lim maktabi
39.79454,67.070724,15-sonli umumiy o'rta ta'lim maktabi
39.771965,67.13115,16-sonli umumiy o'rta ta'lim maktabi
39.751278,67.106514,17-sonli umumiy o'rta ta'lim maktabi
39.727005,67.13201,18-sonli umumiy o'rta ta'lim maktabi
39.72759,67.02214,19-sonli umumiy o'rta ta'lim maktabi
39.732334,67.05395,20-sonli umumiy o'rta ta'lim maktabi
39.71627,67.04557,21-sonli umumiy o'rta ta'lim maktabi
39.72107,67.08423,22-sonli umumiy o'rta ta'lim maktabi
39.69303,67.08857,23-sonli ixtisoslashtirilgan davlat umumta’lim maktabi
39.67841,67.11608,24-sonli umumiy o'rta ta'lim maktabi
39.660957,67.12936,25-sonli umumiy o'rta ta'lim maktabi
39.688595,67.13546,26-sonli umumiy o'rta ta'lim maktabi
39.70434,67.17225,27-sonli umumiy o'rta ta'lim maktabi
39.68225,67.15937,Jomboy tuman 28- maktabi
39.68315,67.19715,29-sonli umumiy o'rta ta'lim maktabi
39.648438,67.203995,30-sonli umumiy o'rta ta'lim maktabi
39.71805,67.11572,31-sonli umumiy o'rta ta'lim maktabi
39.71773,67.14326,32-sonli umumiy o'rta ta'lim maktabi
39.655994,67.16303,33-sonli umumiy o'rta ta'lim maktabi
39.802944,67.039024,34-sonli umumiy o'rta ta'lim maktabi
39.783123,67.10419,35-sonli umumiy o'rta ta'lim maktabi
39.63149,67.21444,36-sonli umumiy o'rta ta'lim maktabi
39.762733,67.10786,37-sonli umumiy o'rta ta'lim maktabi
39.845467,67.074875,38-sonli umumiy o'rta ta'lim maktabi
39.828434,67.01725,39-sonli umumiy o'rta ta'lim maktabi
39.70388,67.100395,40-sonli ixtisoslashtirilgan davlat umumta’lim maktabi
39.6104,67.228096,41-sonli umumiy o'rta ta'lim maktabi
39.73589,67.10695,42-sonli umumiy o'rta ta'lim maktabi
39.758495,67.07025,43-sonli umumiy o'rta ta'lim maktabi
39.74021,67.047455,44-sonli umumiy o'rta ta'lim maktabi
39.70202,67.14007,45-sonli umumiy o'rta ta'lim maktabi
39.696377,67.108086,46-sonli umumiy o'rta ta'lim maktabi
39.75721,67.23375,47-sonli umumiy o'rta ta'lim maktabi
39.776,67.20467,48-sonli umumiy o'rta ta'lim maktabi
39.754673,67.2021,49-sonli umumiy o'rta ta'lim maktabi
39.752632,67.16258,50-sonli umumiy o'rta ta'lim maktabi
39.735867,67.18782,51-sonli umumiy o'rta ta'lim maktabi
39.736477,67.24797,52-sonli umumiy o'rta ta'lim maktabi
39.822014,67.07468,53-sonli umumiy o'rta ta'lim maktabi
39.841988,67.02674,54-sonli umumiy o'rta ta'lim maktabi
39.862656,67.004166,55-sonli umumiy o'rta ta'lim maktabi
39.69007,67.10256,56-sonli ixtisoslashtirilgan davlat umumta’lim maktabi
39.9467,66.538155,1-sonli umumiy o'rta ta'lim maktabi
39.93658,66.58038,2-sonli umumiy o'rta ta'lim maktabi
39.94913,66.58147,3-sonli umumiy o'rta ta'lim maktabi
39.903194,66.54154,4-sonli umumiy o'rta ta'lim maktabi
39.940334,66.55224,5-sonli umumiy o'rta ta'lim maktabi
39.88083,66.59895,6-sonli umumiy o'rta ta'lim maktabi
39.904007,66.59642,7-sonli umumiy o'rta ta'lim maktabi
39.96029,66.49398,8-sonli umumiy o'rta ta'lim maktabi
39.94183,66.39022,9-umumiy o'rta ta'lim maktabi
39.887657,66.52917,10-sonli umumiy o'rta ta'lim maktabi
39.960518,66.41324,11-sonli umumiy o'rta ta'lim maktabi
39.95265,66.43118,12-sonli umumiy o'rta ta'lim maktabi
39.984962,66.4008,13-sonli umumiy o'rta ta'lim maktabi
40.065014,66.55866,14-sonli umumiy o'rta ta'lim maktabi
39.921097,66.50241,15-sonli umumiy o'rta ta'lim maktabi
39.94454,66.43385,16-sonli umumiy o'rta ta'lim maktabi
39.96025,66.609924,17-sonli umumiy o'rta ta'lim maktabi
39.884457,66.55054,18-sonli umumiy o'rta ta'lim maktabi
40.00726,66.55103,19-sonli umumiy o'rta ta'lim maktabi
39.953,66.45874,20-sonli umumiy o'rta ta'lim maktabi
39.979218,66.42252,21-sonli umumiy o'rta ta'lim maktabi
40.042847,66.61226,22-sonli umumiy o'rta ta'lim maktabi
39.953804,66.62198,23-sonli umumiy o'rta ta'lim maktabi
40.12706,66.54578,24-sonli umumiy o'rta ta'lim maktabi
39.864655,66.54621,25-sonli umumiy o'rta ta'lim maktabi
39.903137,66.573654,26-sonli umumiy o'rta ta'lim maktabi
39.949917,66.36857,27-sonli umumiy o'rta ta'lim maktabi
39.970234,66.53338,28-sonli umumiy o'rta ta'lim maktabi
39.94272,66.49717,29-sonli umumiy o'rta ta'lim maktabi
39.95523,66.528435,30-sonli umumiy o'rta ta'lim maktabi
39.919846,66.526665,31-sonli umumiy o'rta ta'lim maktabi
39.85598,66.59075,32-sonli umumiy o'rta ta'lim maktabi
39.96787,66.47839,33-sonli umumiy o'rta ta'lim maktabi
40.13906,66.49385,34-sonli umumiy o'rta ta'lim maktabi
39.96255,66.48415,35-sonli umumiy o'rta ta'lim maktabi
40.0377,66.517296,36-sonli umumiy o'rta ta'lim maktabi
40.013596,66.48078,37-sonli umumiy o'rta ta'lim maktabi
40.004063,66.46346,38-sonli ixtisoslashtirilgan davlat umumta’lim maktabi
40.019596,66.464775,39-sonli umumiy o'rta ta'lim maktabi
40.051693,66.50764,40-sonli umumiy o'rta ta'lim maktabi
40.000996,66.54037,41-sonli umumiy o'rta ta'lim maktabi
40.00789,66.531395,42-sonli umumiy o'rta ta'lim maktabi
39.96879,66.55752,43-sonli umumiy o'rta ta'lim maktabi
40.01691,66.57221,44-sonli umumiy o'rta ta'lim maktabi
40.014896,66.589455,45-sonli umumiy o'rta ta'lim maktabi
39.976643,66.613884,46-sonli umumiy o'rta ta'lim maktabi
39.97706,66.59463,47-sonli umumiy o'rta ta'lim maktabi
40.00714,66.510185,48-sonli umumiy o'rta ta'lim maktabi
39.963364,66.68292,49-sonli umumiy o'rta ta'lim maktabi
39.98078,66.6634,50-sonli umumiy o'rta ta'lim maktabi
40.003777,66.49719,51-sonli ixtisoslashtirilgan davlat umumta’lim maktabi
40.004047,66.625885,52-sonli umumiy o'rta ta'lim maktabi
40.00115,66.57697,53-sonli umumiy o'rta ta'lim maktabi
39.935516,66.395744,54-sonli umumiy o'rta ta'lim maktabi
39.899593,66.51119,55-sonli umumiy o'rta ta'lim maktabi
39.983505,66.4945,56-sonli umumiy o'rta ta'lim maktabi
40.0487,66.5452,57-sonli umumiy o'rta ta'lim maktabi
39.976997,66.63171,58-sonli umumiy o'rta ta'lim maktabi
39.926956,66.42458,59-sonli umumiy o'rta ta'lim maktabi
39.85982,66.57239,60-sonli umumiy o'rta ta'lim maktabi
40.18316,66.51663,61-sonli umumiy o'rta ta'lim maktabi
39.919888,66.45928,62-sonli umumiy o'rta ta'lim maktabi
39.99449,66.435425,63-sonli umumiy o'rta ta'lim maktabi
39.899467,66.46221,64-sonli umumiy o'rta ta'lim maktabi
39.90671,66.501564,65-sonli umumiy o'rta ta'lim maktabi
39.890697,66.49583,66-sonli umumiy o'rta ta'lim maktabi
40.054947,66.483864,67-sonli umumiy o'rta ta'lim maktabi
39.845783,66.58588,68-sonli umumiy o'rta ta'lim maktabi
40.05746,66.64287,69-sonli umumiy o'rta ta'lim maktabi
40.096413,66.69437,70-sonli umumiy o'rta ta'lim maktabi
40.104984,66.727875,71-sonli umumiy o'rta ta'lim maktabi
40.081757,66.68375,72-sonli umumiy o'rta ta'lim maktabi
40.11433,66.748375,73-sonli umumiy o'rta ta'lim maktabi
39.921745,66.49637,74-sonli umumiy o'rta ta'lim maktabi
39.98836,66.452866,75-sonli umumiy o'rta ta'lim maktabi
39.99389,66.64892,76-sonli umumiy o'rta ta'lim maktabi
40.069656,66.65707,77-sonli umumiy o'rta ta'lim maktabi
40.1895,66.54176,78-sonli umumiy o'rta ta'lim maktabi
40.15029,66.45434,79-sonli umumiy o'rta ta'lim maktabi
40.07315,66.52531,80-sonli umumiy o'rta ta'lim maktabi
40.152504,66.536064,81-sonli umumiy o'rta ta'lim maktabi
39.915627,66.4368,82-sonli umumiy o'rta ta'lim maktabi
39.884914,66.58121,83-sonli umumiy o'rta ta'lim maktabi
39.96588,66.46299,84-sonli umumiy o'rta ta'lim maktabi
39.924595,66.563995,85-sonli umumiy o'rta ta'lim maktabi
39.99053,66.38207,86-sonli umumiy o'rta ta'lim maktabi
39.99605,66.59973,87-sonli umumiy o'rta ta'lim maktabi
40.166843,66.51553,88-sonli umumiy o'rta ta'lim maktabi
40.004787,66.551636,89-sonli umumiy o'rta ta'lim maktabi
39.921547,66.46494,90-sonli umumiy o'rta ta'lim maktabi
40.085003,66.70366,91-sonli umumiy o'rta ta'lim maktabi
39.9279,66.40051,92-sonli umumiy o'rta ta'lim maktabi
40.11264,66.71024,93-sonli umumiy o'rta ta'lim maktabi
39.891785,66.55108,94-sonli umumiy o'rta ta'lim maktabi
39.897423,66.52759,95-sonli umumiy o'rta ta'lim maktabi
39.96236,66.49856,1-sonli ixtisoslashtirilgan davlat umumta’lim maktabi
40.00544,66.5446,2-sonli ixtisoslashtirilgan davlat umumta’lim maktabi
40.011402,66.2245,1-sonli umumiy o'rta ta'lim maktabi
40.006577,66.23951,2-sonli umumiy o'rta ta'lim maktabi
40.014454,66.231766,3-sonli umumiy o'rta ta'lim maktabi
40.00802,66.22997,4-sonli umumiy o'rta ta'lim maktabi
40.008083,66.25751,5-sonli umumiy o'rta ta'lim maktabi
40.020718,66.26004,6-sonli umumiy o'rta ta'lim maktabi
40.046593,66.27271,7-sonli umumiy o'rta ta'lim maktabi
40.017258,66.28663,8-sonli umumiy o'rta ta'lim maktabi
40.01079,66.31053,9-sonli umumiy o'rta ta'lim maktabi
40.007595,66.33632,10-sonli umumiy o'rta ta'lim maktabi
40.00231,66.34437,11-sonli umumiy o'rta ta'lim maktabi
39.973164,66.35605,12-умумий урта таълим мактаби
39.964558,66.318016,13-sonli umumiy o'rta ta'lim maktabi
39.97541,66.28602,14-sonli umumiy o'rta ta'lim maktabi
39.990177,66.240906,15-sonli umumiy o'rta ta'lim maktabi
39.972733,66.252716,16-умумий урта таълим мактаби
39.997456,66.20637,17-sonli umumiy o'rta ta'lim maktabi
39.970856,66.19903,18-sonli umumiy o'rta ta'lim maktabi
40.015316,66.19633,19-sonli umumiy o'rta ta'lim maktabi
40.007633,66.177795,20-sonli umumiy o'rta ta'lim maktabi
40.037647,66.185165,21-sonli umumiy o'rta ta'lim maktabi
39.9876,66.1516,22-sonli umumiy o'rta ta'lim maktabi
39.96346,66.11291,23-sonli umumiy o'rta ta'lim maktabi
39.986206,66.12166,24-sonli umumiy o'rta ta'lim maktabi
39.989513,66.08435,25-sonli ixtisoslashtirilgan davlat umumta’lim maktabi
39.97074,66.149124,26-sonli umumiy o'rta ta'lim maktabi
40.02221,66.14061,27-sonli umumiy o'rta ta'lim maktabi
40.050438,66.12564,28-sonli umumiy o'rta ta'lim maktabi
40.024433,66.12763,29-sonli umumiy o'rta ta'lim maktabi
40.010666,66.06219,30-sonli umumiy o'rta ta'lim maktabi
40.02162,66.03513,31-sonli umumiy o'rta ta'lim maktabi
39.94835,66.23562,32-sonli umumiy o'rta ta'lim maktabi
39.939453,66.27238,33-sonli umumiy o'rta ta'lim maktabi
39.917625,66.24545,34-sonli umumiy o'rta ta'lim maktabi
39.92785,66.21788,35-sonli umumiy o'rta ta'lim maktabi
39.92284,66.18651,36-sonli umumiy o'rta ta'lim maktabi
39.906723,66.22543,37-sonli umumiy o'rta ta'lim maktabi
39.897102,66.2362,38-sonli umumiy o'rta ta'lim maktabi
39.881187,66.24227,39-sonli umumiy o'rta ta'lim maktabi
39.879826,66.26856,40-sonli umumiy o'rta ta'lim maktabi
39.86447,66.269424,41-sonli umumiy o'rta ta'lim maktabi
39.85282,66.271774,42-sonli umumiy o'rta ta'lim maktabi
39.851093,66.26316,43-sonli umumiy o'rta ta'lim maktabi
39.84709,66.2269,44-sonli umumiy o'rta ta'lim maktabi
39.737293,66.17639,45-sonli umumiy o'rta ta'lim maktabi
40.04378,66.331436,46-sonli umumiy o'rta ta'lim maktabi
39.806396,66.40636,47-sonli umumiy o'rta ta'lim maktabi
39.82371,66.36118,48-sonli umumiy o'rta ta'lim maktabi
39.836624,66.30783,49-sonli umumiy o'rta ta'lim maktabi
39.91751,66.27363,50-sonli umumiy o'rta ta'lim maktabi
39.915005,66.290855,51-sonli umumiy o'rta ta'lim maktabi
40.024433,66.12763,53-sonli umumiy o'rta ta'lim maktabi
39.932358,66.244835,54-sonli umumiy o'rta ta'lim maktabi
39.923695,66.31157,55-sonli umumiy o'rta ta'lim maktabi
39.913532,66.33085,56-sonli ixtisoslashtirilgan davlat umumta’lim maktabi
39.913876,66.36433,57-sonli umumiy o'rta ta'lim maktabi
39.9098,66.38195,58-sonli umumiy o'rta ta'lim maktabi
39.899574,66.42161,59-sonli umumiy o'rta ta'lim maktabi
39.839184,66.37532,60-sonli umumiy o'rta ta'lim maktabi
40.049473,66.10373,61-sonli umumiy o'rta ta'lim maktabi
40.01556,65.981834,62-sonli umumiy o'rta ta'lim maktabi
40.086136,66.31988,63-sonli umumiy o'rta ta'lim maktabi
40.07987,66.31461,64-sonli umumiy o'rta ta'lim maktabi
40.17229,66.38493,65-sonli umumiy o'rta ta'lim maktabi
39.899136,66.397255,66-sonli umumiy o'rta ta'lim maktabi
40.19104,66.35746,67-sonli umumiy o'rta ta'lim maktabi
40.123055,66.227646,68-sonli umumiy o'rta ta'lim maktabi
40.207676,66.328384,69-sonli umumiy o'rta ta'lim maktabi
40.186718,66.28267,70-sonli umumiy o'rta ta'lim maktabi
40.165966,66.27744,71-sonli umumiy o'rta ta'lim maktabi
40.211903,66.2555,72-sonli umumiy o'rta ta'lim maktabi
40.172485,66.2356,73-sonli umumiy o'rta ta'lim maktabi
40.23093,66.19384,74-sonli umumiy o'rta ta'lim maktabi
40.253643,66.18819,75-sonli umumiy o'rta ta'lim maktabi
40.094048,66.342285,76-sonli umumiy o'rta ta'lim maktabi
40.04076,66.24074,77-sonli umumiy o'rta ta'lim maktabi
40.19977,66.299484,78-sonli umumiy o'rta ta'lim maktabi
40.19837,66.4211,79-sonli umumiy o'rta ta'lim maktabi
40.158253,66.375336,80-sonli umumiy o'rta ta'lim maktabi
40.281605,66.23535,81-sonli umumiy o'rta ta'lim maktabi
40.1441,66.44734,82-sonli umumiy o'rta ta'lim maktabi
40.158955,66.39935,83-sonli umumiy o'rta ta'lim maktabi
40.24288,66.2837,84-sonli umumiy o'rta ta'lim maktabi
40.07888,66.33605,85-sonli umumiy o'rta ta'lim maktabi
40.193356,66.18943,88-sonli umumiy o'rta ta'lim maktabi
39.90881,66.19739,89-sonli umumiy o'rta ta'lim maktabi
39.990707,66.13308,90-sonli umumiy o'rta ta'lim maktabi
40.10681,66.42286,91-sonli umumiy o'rta ta'lim maktabi
40.032047,66.08581,92-sonli umumiy o'rta ta'lim maktabi
39.988384,66.1087,93-sonli umumiy o'rta ta'lim maktabi
40.01108,66.02552,94-sonli umumiy o'rta ta'lim maktabi
39.89011,66.44874,95-sonli umumiy o'rta ta'lim maktabi
40.022133,66.22848,96-sonli umumiy o'rta ta'lim maktabi
40.012886,66.16044,97-sonli umumiy o'rta ta'lim maktabi
39.993137,66.23784,98-sonli umumiy o'rta ta'lim maktabi
40.059196,66.14575,99 umumiy o‘rta ta'lim maktabi
39.92787,66.29109,100-sonli umumiy o'rta ta'lim maktabi
40.139687,66.306114,101-sonli umumiy o'rta ta'lim maktabi
39.915905,66.34612,102-sonli umumiy o'rta ta'lim maktabi
39.845142,66.417694,103-sonli umumiy o'rta ta'lim maktabi
40.121784,66.39426,104-sonli umumiy o'rta ta'lim maktabi
40.16745,66.23365,105-sonli umumiy o'rta ta'lim maktabi
39.98871,66.23401,1-sonli ixtisoslashtirilgan davlat umumta’lim maktabi
40.13101,66.38449,1-sonli umumiy o'rta ta'lim maktabi
40.11159,66.34129,2-sonli umumiy o'rta ta'lim maktabi
40.20084,66.13369,3-sonli umumiy o'rta ta'lim maktabi
40.21435,66.2109,4-sonli umumiy o'rta ta'lim maktabi
40.14157,66.36359,5-sonli umumiy o'rta ta'lim maktabi
40.22202,66.1851,6-sonli umumiy o'rta ta'lim maktabi
40.47064,66.218025,7 umumiy o‘rta ta'lim maktabi
40.12593,66.31216,8-sonli umumiy o'rta ta'lim maktabi
40.0646,66.35038,9-sonli umumiy oʻrta taʼlim maktabi
40.05149,66.3249,10-sonli umumiy o'rta ta'lim maktabi
40.09242,66.37264,11-sonli umumiy o'rta ta'lim maktabi
40.08258,66.36189,12-sonli umumiy o'rta ta'lim maktabi
40.05232,66.33443,13-sonli umumiy o'rta ta'lim maktabi
40.23393,66.41424,14-sonli umumiy o'rta ta'lim maktabi
40.20007,66.46362,15-sonli umumiy o'rta ta'lim maktabi
40.07527,66.35164,16-sonli umumiy o'rta ta'lim maktabi
40.20121,66.14165,17-sonli umumiy o'rta ta'lim maktabi
40.1829,66.38499,18-sonli umumiy o'rta ta'lim maktabi
40.25444,66.17192,19-sonli umumiy o'rta ta'lim maktabi
40.523415,66.35132,20 umumiy o‘rta ta'lim maktabi
40.37224,66.21518,21-sonli umumiy o'rta ta'lim maktabi
40.20481,66.39499,22-sonli umumiy o'rta ta'lim maktabi
40.21428,66.17216,23-sonli umumiy o'rta ta'lim maktabi
40.25376,66.771904,24-sonli umumiy o'rta ta'lim maktabi
40.346622,66.20451,25-sonli umumiy o'rta ta'lim maktabita'lim maktabi
40.1842,66.44037,26-sonli umumiy o'rta ta'lim maktabi
40.19595,66.15228,27-sonli umumiy o'rta ta'lim maktabi
40.485138,66.31455,28 umumiy o‘rta ta'lim maktabi
40.521694,66.278725,29 umumiy o‘rta ta'lim maktabi
40.08116,66.39471,30-sonli umumiy o'rta ta'lim maktabi
40.21045,66.17195,31-sonli umumiy o'rta ta'lim maktabi
40.23452,66.20333,32-sonli umumiy o'rta ta'lim maktabi
40.1954,66.38027,33-sonli umumiy o'rta ta'lim maktabi
40.18171,66.44063,34-sonli umumiy o'rta ta’lim maktabi
40.06062,66.34114,35-sonli umumiy o'rta ta'lim maktabi
40.490692,66.31406,36 umumiy o‘rta ta'lim maktabi
40.57343,66.48061,37-sonli umumiy o'rta ta'lim maktabi
40.22333,66.39161,38-sonli umumiy o'rta ta'lim maktabi
40.33543,66.25105,39-sonli umumiy o'rta ta'lim maktabi
40.23207,66.32561,40-sonli umumiy o'rta ta'lim maktabi
40.39564514160156,66.3477783203125,"41,Qushrabot,Samarkand"
40.24575,66.18447,42-sonli umumiy o'rta ta'lim maktabi
40.18165,66.26333,43-sonli umumiy o'rta ta'lim maktabi
40.17416,66.34037,44-sonli umumiy o'rta ta'lim maktabi
40.23032,66.23325,45-sonli umumiy o'rta ta'lim maktabi
40.24428,66.21307,46-sonli umumiy o'rta ta'lim maktabi
40.500046,66.34685,47-sonli umumiy o'rta ta'lim maktabi
40.29245,66.2005,48-sonli umumiy o'rta ta'lim maktabi
40.15133,66.3833,49-sonli umumiy o'rta ta'lim maktabi
40.14377,66.41006,50-sonli umumta'lim maktabi
40.17056,66.27121,51-sonli umumiy o'rta ta'lim maktabi
40.30146,66.26097,52-sonli umumiy o'rta ta'lim maktabi
40.19547,66.24394,53-sonli umumiy o'rta ta'lim maktabi
40.21111,66.30432,54-sonli umumiy o'rta ta'lim maktabi
40.24347,66.28361,55-sonli umumiy o'rta ta'lim maktabi
40.19576,66.25212,56-sonli umumiy o'rta ta'lim maktabi
40.24293,66.21127,57-umumiy oʻrta taʼlim maktabi
40.21037,66.19523,58-sonli umumiy o'rta ta'lim maktabi
40.30468,66.23424,59-sonli umumiy o'rta ta'lim maktabi
40.18584,66.3612,60-sonli umumiy o'rta ta'lim maktabi
40.20109,66.18023,61-sonli umumiy o'rta ta'lim maktabi
40.24516,66.24145,62-sonli umumiy o'rta ta'lim maktabi
40.18111,66.31331,63-sonli umumiy o'rta ta'lim maktabi
40.22554,66.36534,64-sonli umumiy o'rta ta'lim maktabi
40.24529,66.19282,65-sonli umumiy o'rta ta'lim maktabi
40.26,66.36022,66-sonli umumiy o'rta ta'lim maktabi
40.36276,66.2632,67-sonli umumiy o'rta ta'lim maktabi
40.277035,66.754585,68-sonli umumiy o'rta ta'lim maktabi
40.3182,66.76658,69-sonli umumiy o'rta ta'lim maktabi
40.19141,66.46018,70-sonli umumiy o'rta ta'lim maktabi
40.23244,66.46182,71-sonli umumiy o'rta ta'lim maktabi
40.21461,66.43537,72-sonli umumiy o'rta ta'lim maktabi
40.2052,66.41401,73-sonli umumiy o'rta ta'lim maktabi
40.18589,66.41314,74-sonli umumiy o'rta ta'lim maktabi
40.17161,66.41369,75-sonli umumiy o'rta ta'lim maktabi
40.19457,66.39381,76-sonli umumiy o'rta ta'lim maktabi
40.21211,66.39004,77-sonli umumiy o'rta ta'lim maktabi
40.20979,66.65588,78-sonli umumiy o'rta ta'lim maktabi
40.12512,66.39459,79-sonli umumiy o'rta ta'lim maktabi
40.4775,66.25675,80 umumiy o‘rta ta'lim maktabi
40.233807,66.64936,81 umumiy o‘rta ta'lim maktabi
40.14017,66.38577,82-sonli ixtisoslashtirilgan davlat umumta’lim maktabi
40.14416,66.38578,83-sonli umumiy o'rta ta'lim maktabi
40.29117,66.19594,84-sonli umumiy o'rta ta'lim maktabi
40.259895,66.621826,85-sonli umumiy o'rta ta'lim maktabi
40.1604,66.36414,86-sonli umumiy o'rta ta'lim maktabi
40.368,66.76844,87 umumiy o‘rta ta'lim maktabi
40.22048,66.46064,88-sonli umumiy o'rta ta'lim maktabi
40.07473,66.35554,89-sonli umumiy o'rta ta'lim maktabi
39.92717,66.17256,1-sonli umumiy o‘rta ta’lim maktabi
39.922436,66.14025,2-sonli umumiy o'rta ta'lim maktabi
39.92483,66.118324,3-sonli umumiy o'rta ta'lim maktabi
39.923615,66.10527,4-sonli umumiy o'rta ta'lim maktabi
39.92437,66.09595,5-sonli umumiy o'rta ta'lim maktabi
39.938526,66.07367,6 -sonli umumiy o'rta ta'lim maktabi
39.954826,66.05096,7 -sonli umumiy o'rta  ta'lim maktabi
39.940254,66.048775,8-sonli umumiy o'rta ta'lim maktabi
39.92524,66.04552,9-sonli umumiy o'rta ta'lim maktabi
39.940678,66.02927,10-sonli umumiy o'rta ta'lim maktabi
39.927834,66.02462,11-sonli umumiy o'rta ta'lim maktabi
39.950825,66.01011,12-sonli umumiy o'rta ta'lim maktabi
39.990196,65.8931,13-sonli umumiy o'rta ta'lim maktabi
39.92411,66.08742,14-sonli umumiy o'rta ta'lim maktabi
39.94356,65.98254,15-sonli umumiy o'rta ta'lim maktabi
39.976013,65.84155,16-sonli umumiy o'rta ta'lim maktabi
39.960773,65.93244,17-sonli umumiy oʻrta taʼlim maktabi
39.939896,65.966675,18-sonli umumiy o'rta ta'lim maktabi
39.955807,65.96699,19-sonli umumiy o'rta ta'lim maktabi
39.974937,65.9866,20-sonli umumiy o'rta ta'lim maktabi
39.979504,65.97283,21-sonli umumiy o'rta ta'lim maktabi
39.926693,66.16043,22-сонли умумий ўрта таълим мактаби
39.953808,65.86209,23-sonli ixtisoslashtirilgan davlat umumta’lim maktabi
39.926437,65.968185,24-sonli umumiy o'rta ta'lim maktabi
39.95121,65.8764,25-sonli umumiy o'rta ta'lim maktabi
39.889664,65.83825,26-sonli umumiy o'rta ta'lim maktabi
39.898487,65.93744,27-sonli umumiy o'rta ta'lim maktabi
39.944626,65.92126,28-sonli umumiy o'rta ta'lim maktabi
39.981922,65.87855,29-sonli umumiy o'rta ta'lim maktabi
39.970062,65.86414,30-sonli umumiy o'rta ta'lim maktabi
39.977367,65.84826,31 --sonli umumiy o'rta ta'lim maktabi
39.995605,65.82095,32 - sonli umumiy o'rta ta'lim maktabi
39.974617,65.810905,33-sonli umumiy o'rta ta'lim maktabi
39.962383,65.80025,34-sonli umumiy o'rta ta'lim maktabi
39.955154,65.81666,35-sonli umumiy o`rta ta`lim
39.94485,65.83794,36-sonli umumiy o'rta ta'lim maktabi
39.915325,66.03706,37-sonli umumiy o'rta ta'lim maktabi
39.988525,65.92219,38-sonli umumiy o'rta ta'lim maktabi
40.0067,65.92262,39 -sonli umumiy o'rta ta'lim maktabi
39.979843,65.90809,40 -sonli umumiy õrta ta'lim maktabi
39.9596,65.91342,41 -sonli umumiy o'rta ta'lim maktabi
39.96173,65.90432,42 -сонли умумий урта таълим мактаби
39.948174,65.89128,43-sonli umumiy o'rta ta'lim maktabi
39.937393,65.873146,44-umumiy o'rta ta'lim maktabi
39.978703,65.88501,45-sonli umumiy o'rta ta'lim maktabi
39.98057,65.86722,46-sonli umumiy o'rta ta'lim maktabi
39.964424,65.96188,47-sonli umumiy o'rta ta'lim maktabi
39.91408,66.140755,48-sonli umumiy o'rta ta'lim maktabi
39.95422,65.99715,49-sonli umumiy o'rta ta'lim maktabi
39.982258,65.96001,50-sonli umumiy oʻrta taʼlim maktabi
39.96532440185547,65.96552276611328,"62,Narpay,Samarkand"
39.957146,65.85044,52-sonli umumiy o'rta ta'lim maktabi
39.971035,65.89156,53-sonli umumiy o'rta ta'lim maktabi
39.955418,65.82611,54-sonli umumiy o'rta ta'lim maktabi
39.927994,65.92512,55-sonli umumiy o'rta ta'lim maktabi
39.92275,65.92845,56-sonli umumiy o'rta ta'lim maktabi
39.923325,65.93598,57-sonli umumiy o'rta ta'lim maktabi
39.915962,65.83491,58-sonli umumiy o'rta ta'lim maktabi
39.923897,65.9108,59-sonli umumiy o'rta ta'lim maktabi
39.914707,65.92112,60-sonli umumiy o'rta ta'lim maktabi
39.93156,65.93381,61-айрим фанлар чукур
39.919666,65.93926,64-sonli umumiy o'rta ta'lim maktabi
39.917496,65.95244,65-sonli umumiy o'rta ta'lim maktabi
39.931202,65.91718,66-sonli umumiy o'rta ta'lim maktabi
39.94534,66.05002,67-sonli umumiy oʻrta taʼlim umumiy o'rta ta'lim maktabi
39.921566,65.92977,68-sonli umumiy o'rta ta'lim maktabi
39.943523,65.93231,69-sonli umumiy o'rta ta'lim maktabi
39.926086,66.09782,70-sonli umumiy o'rta ta'lim maktabi
39.922752,66.1542,71-sonli umumiy o'rta ta'lim maktabi
39.93654251098633,66.12389373779297,"13-BMSM,Narpay,Samarkand"
39.610695,66.292,1-sonli umumiy o'rta ta'lim maktabi
39.608394622802734,66.284912109375,"2,Nurobod,Samarkand"
39.576954,66.35665,3-umumta’lim maktabi
39.581512,66.38421,4-sonli umumiy o'rta ta'lim maktabi
39.59809,66.43037,5-sonli umumiy o'rta ta'lim maktabi
39.643417,66.44786,6-sonli umumiy o'rta ta'lim maktabi
39.57708,66.474724,7-sonli umumiy o'rta ta'lim maktabi
39.53223,66.78688,8-sonli umumiy o'rta ta'lim maktabi
39.52421,66.7667,9-sonli umumiy o'rta ta'lim maktabi
39.535667,66.737335,10-sonli umumiy o'rta ta'lim maktabi
39.527508,66.735245,11-sonli umumiy o'rta ta'lim maktabi
39.52054,66.64463,12-sonli umumiy o'rta ta'lim maktabi
39.51686,66.62826,13-sonli umumiy o'rta ta'lim maktabi
39.509415,66.593605,14-sonli umumiy o'rta ta'lim maktabi tashkiloti
39.53413,66.56245,15-sonli umumiy o'rta ta'lim maktabi
39.507397,66.50699,16-sonli umumiy o'rta ta'lim maktabi
39.4948,66.50923,17-sonli umumiy o'rta ta'lim maktabi
39.47431,66.46775,18-sonli umumiy o'rta ta'lim maktabi
39.42663,66.50755,19-sonli umumiy o'rta ta'lim maktabi
39.41642,66.55153,20-sonli umumiy o'rta ta'lim maktabi
39.410316,66.46062,21-sonli umumiy o'rta ta'lim maktabi
39.415936,66.43058,22-sonli umumiy oʻrta taʼlim maktabi
39.445923,66.40581,23-sonli umumiy o'rta ta'lim maktabi
39.465416,66.3859,24-sonli umumiy o'rta ta'lim maktabi
39.458755,66.30267,25-sonli umumiy o'rta ta'lim maktabi
39.55005,66.32938,26-sonli umumiy o'rta ta'lim maktabi
39.444874,66.00621,27-sonli umumiy o'rta ta'lim maktabi
39.482082,66.17118,28-sonli umumiy o'rta ta'lim maktabi
39.461994,66.10676,29-sonli umumiy o'rta ta'lim maktabi
39.450882,66.02093,30-sonli umumiy o'rta ta'lim maktabi
39.411617,65.972244,31-sonli umumiy o'rta ta'lim maktabi
39.551266,66.078415,32-sonli umumiy o'rta ta'lim maktabi
39.5893,66.15603,33-sonli umumiy o'rta ta'lim maktabi
39.62036,66.25068,34-sonli umumiy o'rta ta'lim maktabi
39.705357,66.28527,35-sonli umumiy o'rta ta'lim maktabi
39.687836,66.34866,36-sonli umumiy o'rta ta'lim maktabi
39.704487,65.40173,37-sonli umumiy o'rta ta'lim maktabii
39.67814,66.45205,38-sonli umumiy o'rta ta'lim maktabi
39.74984,66.238014,39- umumiy o'rta ta'lim maktabi
39.71211,66.4228,40-sonli umumiy o'rta ta'lim maktabi
39.742577,66.40531,41-sonli umumiy o'rta ta'lim maktabi
39.778645,66.44562,42-sonli umumiy o'rta ta'lim maktabi
39.60161,65.53451,43-sonli umumiy o'rta ta'lim maktabi
39.41255,66.451195,44-sonli umumiy o'rta ta'lim maktabi
39.434135,66.41336,45-sonli umumiy o'rta ta'lim maktabi
39.785587,66.09651,46-sonli umumiy o'rta ta'lim maktabi
39.80173,65.99637,47-sonli umumiy o'rta ta'lim maktabi
39.674118,65.98072,48-sonli umumiy o'rta ta'lim maktabi
39.74166,65.92823,49-sonli umumiy o'rta ta'lim maktabi
39.82632,65.755516,50-sonli umumiy o'rta ta'lim maktabi
39.529865,66.6646,51-sonli umumiy o'rta ta'lim maktabi
39.667385,66.05828,52-sonli umumiy o'rta ta'lim maktabi
39.650005,65.9745,53-sonli umumiy o'rta ta'lim maktabi
39.538628,65.940834,54-sonli umumiy o'rta ta'lim maktabi
39.527527,65.92374,55-sonli umumiy o'rta ta'lim maktabi
39.69157,65.789986,56-sonli umumiy o'rta ta'lim maktabi
39.703365,65.81538,57-sonli umumiy o'rta ta'lim maktabi
39.72842,65.77297,58-sonli umumiy o'rta ta'lim maktabk
39.690193,65.47973,59-sonli umumiy o'rta ta'lim maktabi
39.470623,66.45786,60-sonli umumiy o'rta ta'lim maktabi
39.617344,66.29801,61-sonli  o'rta ta'lim maktabi
39.453953,66.038345,62-sonli umumiy o'rta ta'lim maktabi
39.401817,66.461784,63-sonli umumiy o'rta ta'lim maktabi
39.697994,65.791176,64-sonli umumiy o'rta ta'lim maktabi
39.749928,65.743225,66-sonli umumiy o'rta ta'lim  maktabi
39.741833,66.39766,67-sonli umumiy o'rta ta'lim maktabi
39.73989,66.44516,68-sonli umumiy o'rta ta'lim maktabi
39.69161,66.3792,69-sonli umumiy o'rta ta'lim maktabi
39.51568,65.91379,70-sonli umumiy o'rta ta'lim maktabi
39.659252,65.777245,71-sonli umumiy o'rta ta'lim maktabi
39.695732,66.43767,72-sonli umumiy o'rta ta'lim maktabi
39.70287,65.83978,73-sonli umumiy o'rta ta'lim maktabi
39.826267,66.32277,74-sonli umumiy o'rta ta'lim maktabi
39.584698,66.35218,75-sonli umumiy o'rta ta'lim maktabi
39.477505,66.18866,76-sonli umumiy o'rta ta'lim maktabi
39.5993,66.29839,77-sonli umumiy o'rta ta'lim maktabi
39.929527,66.66297,1-sonli umumiy o'rta ta'lim maktabi
39.930893,66.64504,2-sonli umumiy o'rta ta'lim maktabi
39.858276,66.7963,3-sonli umumiy o'rta ta'lim maktabi
39.91486,66.67403,4-sonli umumiy o'rta ta'lim maktabi
39.934776,66.65814,5-sonli umumiy o'rta ta'lim maktabi
39.936584,66.61769,6-sonli umumiy o'rta ta'lim maktabi
39.91704,66.60712,7-sonli umumiy o'rta ta'lim maktabi
39.908585,66.62628,8-sonli umumiy o'rta ta'lim maktabi
39.89936,66.649864,9-sonli umumiy o'rta ta'lim maktabi
39.88714,66.63742,10-sonli umumiy o'rta ta'lim maktabi
39.867638,66.64464,11-sonli umumiy o'rta ta'lim maktabi
39.85483,66.64203,12-sonli umumiy o'rta ta'lim maktabi
39.845585,66.626526,13-sonli umumiy o'rta ta'lim maktabi
39.834694,66.66519,14-sonli umumiy o'rta ta'lim maktabi
39.850693,66.68889,15-sonli umumiy o'rta ta'lim maktabi
39.83975,66.70375,16-sonli umumiy o'rta ta'lim maktabi
39.806004,66.74686,17-sonli umumiy o'rta ta'lim maktabi
39.84375,66.73341,18-sonli umumiy o'rta ta'lim maktabi
39.84397,66.75789,19-sonli umumiy o'rta ta'lim maktabi
39.88447,66.74714,20-umumiy o'rta talim maktabi
39.88403,66.69864,21-sonli umumiy o'rta ta'lim maktabi
39.882137,66.71372,22-umumiy o'rta talim maktabi
39.904778,66.69119,23-sonli ixtisoslashtirilgan davlat umumta’lim maktabi
39.896946,66.72339,24-sonli umumiy o'rta ta'lim maktabi
39.7287,66.95231,25-sonli umumiy o'rta ta'lim maktabi
39.89414,66.765335,26-sonli umumiy o'rta ta'lim maktabi
39.892723,66.77883,27-sonli umumiy o'rta ta'lim maktabi
39.87225,66.79208,28-sonli umumiy o'rta ta'lim maktabi
39.85064,66.79797,29-sonli umumiy o'rta ta'lim maktabi
39.847584,66.81883,30-sonli umumiy o'rta ta'lim maktabi
39.85489,66.822586,31-sonli umumiy o'rta ta'lim maktabi
39.80958,66.859085,32-sonli umumiy o'rta ta'lim maktabi
39.798695,66.86769,33-sonli umumiy o'rta ta'lim maktabi
39.81439,66.87801,34-sonli umumiy o'rta ta'lim maktabi
39.804195,66.785805,35-sonli umumiy o'rta ta'lim maktabi
39.788235,66.82846,36-sonli umumiy o'rta ta'lim maktabi
39.778362,66.89264,37--sonli umumiy o'rta ta'lim maktabi
39.759937,66.91635,38-sonli umumiy o'rta ta'lim maktabi
39.76475,66.90161,39-sonli umumiy o'rta ta'lim maktabi
39.739277,66.9752,40-sonli umumiy o'rta ta'lim maktabi
39.745583,66.92622,41-sonli umumiy o'rta ta'lim maktabi
39.719524,67.00414,42-sonli umumiy o'rta ta'lim maktabi
39.859833,66.728836,43-sonli umumiy o'rta ta'lim maktabi
39.887974,66.661896,44-sonli umumiy o'rta ta'lim maktabi
39.879223,66.75692,45-umumiy o'rta ta'lim maktabi
39.81714,66.70686,46-sonli umumiy o'rta ta'lim maktabi
39.876583,66.74864,47-umumiy o'rta ta'lim maktabi
39.772083,66.91897,48-sonli umumiy o'rta ta'lim maktabi
39.832943,66.77352,49-sonli umumiy o'rta ta'lim maktabi
39.838413,66.64228,50-sonli umumiy o'rta ta'lim maktabi
39.840668,66.81903,51-sonli umumiy o'rta ta'lim maktabi
39.93063735961914,66.64505767822266,"52,Akdarya,Samarkand"
39.767418,66.855255,53-sonli umumiy o'rta ta'lim maktabi
39.91529,66.74852,55-sonli umumiy o'rta ta'lim maktabi
39.853138,66.64572,56-sonli umumiy o'rta ta'lim maktabi
39.84477615356445,66.73655700683594,"57,Akdarya,Samarkand"
39.87753677368164,66.75878143310547,"63-EMMI,Akdarya,Samarkand"
39.669586,66.751305,1-sonli umumiy o'rta ta'lim maktabi
39.65544,66.73981,2-sonli umumiy o'rta ta'lim maktabi
39.68363,66.71298,3-sonli umumiy o'rta ta'lim maktabi
39.712883,66.693954,4-sonli umumiy o'rta ta'lim maktabi
39.772423,66.67736,5-sonli umumiy o'rta ta'lim maktabi
39.752457,66.70104,6-sonli umumiy o'rta ta'lim maktabi
39.637554,66.58508,7-sonli umumiy o'rta ta'lim maktabi
39.7168,66.66778,8-sonli umumiy o'rta ta'lim maktabi
39.6056,66.577065,9-sonli umumiy o'rta ta'lim maktabi
39.587643,66.56275,10-sonli umumiy o'rta ta'lim maktabi
39.739784,66.681046,11-sonli umumiy o'rta ta'lim maktabi
39.688538,66.684044,12-sonli umumiy o'rta ta'lim maktabi
39.678253,66.69274,13-sonli umumiy o'rta ta'lim maktabi
39.672344,66.70528,14-sonli umumiy o'rta ta'lim maktabi
39.736145,66.698265,15-sonli umumiy o'rta ta'lim maktabi
39.673626,66.680824,16-sonli umumiy o'rta ta'lim maktabi
39.70113,66.64439,17-sonli umumiy o'rta ta'lim maktabi
39.661636,66.66357,18-sonli umumiy o'rta ta'lim maktabi
39.72372,66.657425,19-sonli umumiy o'rta ta'lim maktabi
39.69998,66.77046,20-sonli umumiy o'rta ta'lim maktabi
39.709675,66.66462,21-sonli umumiy o'rta ta'lim maktabi
39.676735,66.63541,22-sonli umumiy o'rta ta'lim maktabi
39.733414,66.640945,23-sonli umumiy o'rta ta'lim maktabi
39.683334,66.66938,24-sonli umumiy o'rta ta'lim maktabi
39.699696,66.69599,25-sonli umumiy o'rta ta'lim maktabi
39.694096,66.78353,26-sonli umumiy o'rta ta'lim maktabi
39.66512,66.77605,27-sonli umumiy o'rta ta'lim maktabi
39.71045,66.653564,28-sonli umumiy o'rta ta'lim maktabi
39.664295,66.679085,29-sonli umumiy o'rta ta'lim maktabi
39.744953,66.82736,30-sonli umumiy o'rta ta'lim maktabi
39.66733,66.72946,31-sonli umumiy o'rta ta'lim maktabi
39.731564,66.80497,32-sonli  umumiy o'rta ta'lim maktabi aktabi
39.6927,66.75731,33-sonli umumiy o'rta ta'lim maktabi
39.72993,66.68266,34-sonli umumiy o'rta ta'lim maktabi
39.71017,66.84245,35-sonli umumiy o'rta ta'lim maktabi
39.696438,66.85939,36-sonli umumiy o'rta ta'lim maktabi
39.721577,66.8234,37-sonli umumiy o'rta ta'lim maktabi
39.747646,66.76665,38-umumiy o`rta ta`lim maktabi
39.692616,66.72546,39-sonli umumiy o'rta ta'lim maktabi
39.739624,66.73204,40-sonli umumiy o'rta ta'lim maktabi
39.713932,66.75984,41-sonli umumiy o'rta ta'lim maktabi
39.680225,66.770355,42-sonli umumiy o'rta ta'lim maktabi
39.662064,66.71728,43-sonli umumiy o'rta ta'lim maktabi
39.709084,66.736275,44-sonli umumiy o'rta ta'lim maktabi
39.65899,66.70264,45-sonli umumiy o'rta ta'lim maktabi
39.713654,66.802505,46-sonli umumiy o'rta ta'lim maktabi
39.76371,66.74027,47-sonli umumiy o'rta ta'lim maktabi
39.69901,66.738396,48-sonli umumiy o'rta ta'lim maktabi
39.686447,66.749214,49-sonli umumiy o'rta ta'lim maktabi
39.73063,66.78064,50-sonli umumiy o'rta ta'lim maktabi
39.69666,66.81433,51-sonli umumiy o'rta ta'lim maktabi
39.687008,66.839874,52-sonli umumiy o'rta ta'lim maktabi
39.692257,66.8263,53-sonli umumiy o'rta ta'lim maktabi
39.683186,66.86719,54-sonli umumiy o'rta ta'lim maktabi
39.694443,66.82762,55-sonli umumiy o'rta ta'lim maktabi
39.68341,66.861115,56-sonli umumiy o'rta ta'lim maktabi
39.678104,66.822975,57-sonli umumiy o'rta ta'lim maktabi
39.76311,66.6627,58-sonli umumiy o'rta ta'lim maktabi
39.657673,66.579025,59-sonli umumiy o'rta ta'lim maktabi
39.63301,66.55411,60-sonli umumiy o'rta ta'lim maktabi
39.660713,66.60264,61-sonli umumiy o'rta ta'lim maktabi
39.678047,66.60246,62-sonli umumiy o'rta ta'lim maktabi
39.738968,66.79337,63-sonli umumiy o'rta ta'lim maktabi
39.658443,66.6484,64-sonli umumiy o'rta ta'lim maktabi
39.67608,66.60486,65-sonli umumiy o'rta ta'lim maktabi
39.71739,66.7618,66-sonli umumiy o'rta ta'lim maktabi
39.646824,66.70477,67-sonli umumiy o'rta ta'lim maktabi
39.6799,66.652275,68-sonli umumiy o'rta ta'lim maktabi
39.686592,66.628845,69-sonli umumiy o'rta ta'lim maktabi
39.727592,66.73048,70-sonli umumiy o'rta ta'lim maktabi
39.67774,66.494514,71-sonli umumiy o'rta ta'lim maktabi
39.692898,66.720955,72-sonli umumiy o'rta ta'lim maktabi
39.688293,66.60578,73-sonli umumiy o'rta ta'lim maktabi
39.681095,66.777176,74-sonli umumiy o'rta ta'lim maktabi
39.687775,66.770004,75-sonli umumiy o'rta ta'lim maktabi
39.63051,66.65622,76-sonli umumiy o'rta ta'lim maktabi
39.716106,66.55763,78-sonli umumiy o'rta ta'lim maktabi
39.77346,66.48641,79-sonli umumiy o'rta ta'lim maktabi
39.757366,66.56084,80-sonli umumiy o'rta ta'lim maktabi
39.769024,66.6087,81-sonli umumiy o'rta ta'lim maktabi
39.751644,66.57298,82-sonli umumiy o'rta ta'lim maktabi
39.786655,66.53525,83-sonli umumiy o'rta ta'lim maktabi
39.786606,66.63826,84-sonli umumiy o'rta ta'lim maktabi
39.78101,66.5867,85-sonli umumiy o'rta ta'lim maktabi
39.77855,66.69013,86-sonli umumiy o'rta ta'lim maktabi
39.80223,66.57499,87-sonli umumiy o'rta ta'lim maktabi
39.816235,66.57336,Pastdarg'om tuman Maktabgacha va maktab ta'limi bo'limiga qarashli 88-umumiy o'rta ta'lim maktabi
39.80555,66.59101,89-sonli umumiy o'rta ta'lim maktabi
39.87662,66.4735,90-sonli umumiy o'rta ta'lim maktabi
39.86136,66.495605,91-sonli umumiy o'rta ta'lim maktabi
39.827316,66.49812,92-sonli umumiy o'rta ta'lim maktabi
39.833332,66.54544,93-sonli umumiy o'rta ta'lim maktabi
39.816288,66.51728,94-sonli umumiy o'rta ta'lim maktabi
39.73089,66.51144,95-sonli umumiy o'rta ta'lim maktabi
39.632633,66.50083,96-sonli umumiy o'rta ta'lim maktabi
39.805714,66.53085,97-sonli umumiy o'rta ta'lim maktabi
39.812748,66.58334,98-sonli umumiy o'rta ta'lim maktabi
39.68367,66.5764,99-sonli umumiy o'rta ta'lim maktabi
39.719597,66.6029,100-sonli umumiy o'rta ta'lim maktabi
39.72358,66.488556,101-sonli umumiy o'rta ta'lim maktabi
39.85102,66.50889,102-sonli umumiy o'rta ta'lim maktabi
39.711227,66.62086,103-sonli umumiy o'rta ta'lim maktabi
39.730167,66.6068,104-sonli umumiy o'rta ta'lim maktabi
39.753258,66.63269,105-sonli umumiy o'rta ta'lim maktabi
39.83748,66.508545,106-sonli umumiy o'rta ta'lim maktabi
39.845276,66.48313,107-sonli umumiy o'rta ta'lim maktabi
39.84781,66.534775,108-sonli umumiy o'rta ta'lim maktabi
39.799282,66.65,109-sonli umumiy o'rta ta'lim maktabi
39.595123,66.51594,110-sonli umumiy o'rta ta'lim maktabi
39.753605,66.58361,111-sonli umumiy o'rta ta'lim maktabi
39.704437,66.614655,112-sonli umumiy o'rta ta'lim maktabi
39.74669,66.52986,113-sonli umumiy o'rta ta'lim maktabi
39.81166,66.49271,114-sonli umumiy o'rta ta'lim maktabi
39.756245,66.61302,115-sonli umumiy o'rta ta'lim maktabi
39.678074,66.578,116-sonli umumiy o'rta ta'lim maktabi
39.795815,66.47283,117-sonli umumiy o'rta ta'lim maktabi
39.839924,66.49041,118-sonli umumiy o'rta ta'lim maktabi
39.56349,66.5778,119-sonli umumiy o'rta ta'lim maktabi
39.556282,66.60585,120-sonli umumiy o'rta ta'lim maktabi
39.810726,66.46336,121-sonli umumiy o'rta ta'lim maktabi
39.741974,66.586365,122-sonli umumiy o'rta ta'lim maktabi
39.665474,66.60548,123-sonli umumiy o'rta ta'lim maktabi
39.613827,66.67483,124-sonli umumiy o'rta ta'lim maktabi
39.710575,66.652176,125-sonli umumiy o'rta ta'lim maktabi
39.657578,66.69553,126-sonli umumiy o'rta ta'lim maktabi
39.66169,66.561485,127-sonli umumiy o'rta ta'lim maktabi
39.715588,66.759834,77-sonli umumiy o'rta ta'lim maktabi
39.9854,66.8495,1-sonli umumiy o'rta ta'lim maktabi
39.95723,66.877846,2-sonli umumiy o'rta ta'lim maktabi
39.959343,66.8612,3-sonli umumiy o'rta ta'lim maktabi
39.964108,66.83268,4-sonli umumiy o'rta ta'lim maktabi
39.951252,66.854225,5-sonli umumiy o'rta ta'lim maktabi
39.99419,66.84281,6-sonli umumiy o'rta ta'lim maktabi
39.928364,66.82706,7-sonli umumiy o'rta ta'lim maktabi
39.946213,66.835205,8-sonli umumiy o'rta ta'lim
39.957523,66.818665,9-sonli umumiy o'rta ta'lim maktabi
39.9611,66.77244,10-sonli umumiy o'rta ta'lim maktabi
39.932907,66.735596,11-sonli umumiy o'rta ta'lim maktabi
39.94986,66.74103,12-sonli umumiy o'rta ta'lim maktabi
39.98334,66.70866,13-sonli umumiy o'rta ta'lim maktabi
40.00138,66.74642,14-sonli umumiy o'rta ta'lim maktabi
40.01115,66.78029,15-sonli umumiy o'rta ta'lim maktabi
40.02103,66.79,16-sonli umumiy o'rta ta'lim maktabi
40.016018,66.730484,17-sonli umumiy o'rta ta'lim maktabi
40.020344,66.75929,18-sonli umumiy o'rta ta'lim maktabi
40.039455,66.7553,19-sonli umumiy o'rta ta'lim maktabi
40.01441,66.82756,20-sonli umumiy o'rta ta'lim maktabi
40.02492,66.846016,21-sonli umumiy o'rta ta'lim maktabi
39.99277,66.80696,22- sonli umumiy o‘rta taʼlim maktabi
39.992252,66.82216,23-sonli umumiy o'rta ta'lim maktabi
39.99735,66.85618,24-sonli umumiy o'rta ta'lim maktabi
39.991604,66.89836,25-sonli umumiy o'rta ta'lim maktabi
39.99705,66.92714,26-sonli umumiy o'rta ta'lim maktabi
39.988808,66.88518,27-sonli umumiy o'rta ta'lim maktabi
40.004677,66.96324,28-sonli umumiy o'rta ta'lim maktabi
40.01401,67.02043,29-sonli umumiy o'rta ta'lim maktabi
40.063522,66.74141,30-sonli umumiy o'rta ta'lim maktabi
40.09012,66.81236,31-sonli umumiy o'rta ta'lim maktabi
40.153687,66.92763,32-sonli umumiy o'rta ta'lim maktabi
40.213062,66.88707,33-sonli umumiy o'rta ta'lim maktabi
40.180748,66.8561,34-sonli umumiy o'rta ta'lim maktabi
40.186546,66.830025,35-sonli umumiy o'rta ta'lim maktabi
40.225235,66.812386,36-sonli umumiy o'rta ta'lim maktabi
40.27532,66.87487,37 umumiy o‘rta ta'lim maktabi
40.31588,66.84531,38-sonli umumiy o'rta ta'lim maktabi
40.374794,66.84786,39-sonli umumiy o'rta ta'lim maktabi
40.405365,66.830765,40-sonli umumiy o'rta ta'lim maktabi
39.935658,66.843796,41-sonli umumiy o'rta ta'lim maktabi
40.0076,66.712616,42-sonli umumiy o'rta ta'lim maktabi
39.998524,66.67751,43-sonli umumiy o'rta ta'lim maktabi
40.011646,66.790886,44-sonli umumiy o'rta ta'lim maktabi
40.005005,66.75936,45- uumiy o'rta ta'lim maktabi
39.96565,66.881096,46-sonli umumiy o'rta ta'lim maktabi
40.01897,66.969925,47- umumta'lim maktabi
40.247665,66.869255,48-sonli umumiy o'rta ta'lim maktabi
40.07138,66.883484,49-sonli umumiy o'rta ta'lim maktabi
40.1928,66.81805,50-sonli umumiy o'rta ta'lim maktabi
39.97166,66.76379,51-sonli umumiy o'rta ta'lim maktabi
40.181717,66.83859,52-sonli umumiy o'rta ta'lim maktabi
39.96694,66.9475,53-sonli umumiy o'rta ta'lim maktabi
39.992252,66.78732,54-sonli umumiy o'rta ta'lim maktabi
40.15709,66.93666,55-sonli umumiy o'rta ta'lim maktabi
39.95011,66.92679,56-sonli umumiy o'rta ta'lim maktabi
39.89899,66.92588,Payariq tumani maktabgacha va maktab ta'limi bo'limiga qarashli 57-sonli umumiy o'rta ta'lim maktabi
39.939957,66.92025,58-sonli umumiy o'rta ta'lim maktabi
39.9407,66.89306,59-sonli umumiy o'rta ta'lim maktabi
39.981365,66.99764,60-sonli umumiy o'rta ta'lim maktabi
39.951748,66.8962,61-sonli umumiy o'rta ta'lim maktabi
39.928555,66.914604,62-sonli umumiy o'rta ta'lim maktabi
39.95855,66.90148,63-sonli umumiy o'rta ta'lim maktabi
39.9034,66.96599,64-sonli umumiy o'rta ta'lim maktabi
39.904934,66.90418,65-sonli umumiy o'rta ta'lim maktabi
39.906677,66.84526,66-sonli umumiy o'rta ta'lim maktabi
39.9244,66.93033,67-sonli umumiy o'rta ta'lim maktabi
39.9142,66.872894,68-sonli umumiy o'rta ta'lim maktabi
39.910336,66.980515,69-sonli umumiy o'rta ta'lim maktabi
39.900536,66.91257,70-sonli umumiy o'rta ta'lim maktabi
39.867153,66.87405,71 -sonli umumiy o'rta ta'lim maktabi
39.845695,66.889404,72-sonli umumiy o'rta ta'lim maktabi
39.846584,66.918015,73-sonli umumiy o'rta ta'lim maktabi
39.87548,66.95604,74-sonli umumiy o'rta ta'lim maktabi
39.87975,66.90134,75-sonli umumiy o'rta ta'lim maktabi
39.90357,66.920525,76-sonli umumiy o'rta ta'lim maktabi
39.88612,66.822395,77-sonli umumiy o'rta ta'lim maktabi
39.919853,66.86991,78-sonli umumiy o'rta ta'lim maktabi
39.921654,66.85806,79-sonli umumiy o'rta ta'lim maktabi
39.915752,66.85858,80-sonli umumiy o'rta ta'lim maktabi
39.81506,66.953896,81-sonli umumiy o'rta ta'lim maktabi
39.812572,66.9177,82-sonli umumiy o'rta ta'lim maktabi
39.826508,66.972916,83-sonli umumiy o'rta ta'lim maktabi
39.849205,66.979195,84-sonli umumiy o'rta ta'lim maktabi
39.85586,66.94228,85-sonli umumiy o'rta ta'lim maktabi
39.92782,66.763275,86-sonli umumiy o'rta ta'lim maktabi
39.876934,66.848335,87-sonli umumiy o'rta ta'lim maktabi
39.784744,66.94599,88-sonli umumiy o'rta ta'lim maktabi
39.779472,66.958984,89-sonli umumiy o'rta ta'lim maktabi
39.890873,66.9496,90-sonli umumiy o'rta ta'lim maktabi
39.826607,67.00843,91-sonli umumiy o'rta ta'lim maktabi
39.921024,66.78802,92-sonli umumiy o'rta ta'lim maktabi
39.91058,66.826836,93-sonli umumiy o'rta ta'lim maktabi
39.8985,66.808846,94-sonli umumiy o'rta ta'lim maktabi
39.85621,66.95513,95-sonli umumiy o'rta ta'lim maktabi
39.973053,66.96666,96-sonli umumiy o'rta ta'lim maktabi
39.934273,66.88102,97-sonli umumiy o'rta ta'lim maktabi
39.878643,66.92437,98-sonli umumiy o'rta ta'lim maktabi
39.88758,66.87024,99-sonli umumiy o'rta ta'lim maktabi
40.10846,65.5057,1-sonli umumiy o'rta ta'lim maktabi
40.08515,65.47666,2-sonli umumiy o'rta ta'lim maktabi
40.09059,65.50046,3-sonli umumiy o'rta ta'lim maktabi
40.12485,65.51226,4-sonli umiy o'rta ta'lim maktabi
40.14221,65.52801,5-sonli umumiy o'rta ta'lim maktabi
40.11563,65.53411,6-sonli umumiy o'rta ta'lim maktabi
40.09421,65.53679,7-sonli umumiy o'rta ta'lim maktabi
40.07684,65.53218,8-sonli umumiy o'rta ta'lim maktabi
40.09823,65.55264,9-sonli umumiy o'rta ta'lim maktabi
40.12741,65.55366,10-sonli umumiy o'rta ta'lim maktabi
40.11519,65.57309,11-sonli umumiy o'rta ta'lim maktabi
40.0899,65.57922,12-sonli umumiy o'rta ta'lim maktabi
40.08938,65.60272,13-sonli umumiy o'rta ta'lim maktabi
40.07524,65.601074,14-sonli umumiy o'rta ta'lim maktabi
40.09269,65.61957,15-sonli umumiy o'rta ta'lim maktabi
40.07723,65.63245,16-sonli umumiy o'rta ta'lim maktabi
40.06721,65.6235,17-sonli umumiy o'rta ta'lim maktabi
40.06724,65.63823,18-umumiy o'rta ta'lim umumta’lim maktabi
40.03588,65.62011,19-sonli umumiy o'rta ta'lim maktabi
40.04044,65.65868,20-sonli umumiy o'rta ta'lim maktabi
40.02279,65.66851,21-sonli umumiy o'rta ta'lim maktabi
40.03444,65.67276,22-sonli umumiy o'rta ta'lim maktabi
40.03086,65.65099,23-sonli umumiy o'rta ta'lim maktabi
40.03032,65.67852,24-sonli umumiy o'rta ta'lim maktabi
40.01787,65.6823,25-sonli umumiy o'rta ta'lim maktabi
40.0037,65.71554,27-sonli umumiy o'rta ta'lim maktabi
39.98518,65.69716,28-sonli umumiy o'rta ta'lim maktabi
39.98017,65.71624,29-sonli umumiy o'rta ta'lim maktabi
39.969063,65.708534,30-sonli umumiy o'rta ta'lim maktabi
39.95679,65.72598,31-sonli umumiy o'rta ta'lim maktabi
39.99336,65.74237,32-sonli umumiy o'rta ta'lim maktabi
39.951,65.74014,33-sonli umumiy o'rta ta'lim maktabi
39.96907,65.68756,34-sonli umumiy o'rta ta'lim maktabi
40.00612,65.76377,35-sonli umumiy o'rta ta'lim maktabi
39.97226,65.76445,36-sonli umumiy o'rta ta'lim maktabi
39.97146,65.78005,37-sonli umumiy o'rta ta'lim maktabi
39.99894,65.78587,38-sonli umumiy o'rta ta'lim maktabi
39.95443,65.79206,39-sonli umumiy o'rta ta'lim maktabi
39.98588,65.797,40-sonli umumiy o'rta ta'lim maktabi
40.10522,65.53693,41-sonli umumiy o'rta ta'lim maktabi
40.01975,65.73204,42-sonli umumiy o'rta ta'lim maktabi
39.96926,65.74161,43-sonli umumiy o'rta ta'lim maktabi
39.75249,65.60377,44-sonli umumiy o'rta ta'lim maktabi
39.83465,65.50271,45-sonli umumiy o'rta ta'lim maktabi
40.10549,65.56354,46-sonli umumiy o'rta ta'lim maktabi
40.0806,65.5662,47-sonli umumiy o'rta ta'lim maktabi
39.91561,65.78526,48-sonli umumiy o'rta ta'lim maktabi
39.66256,66.88935,1-sonli umumiy o'rta ta'lim maktabi
39.67189,66.892845,2-sonli umumiy o'rta ta’lim maktabi
39.648132,66.888596,3-sonli umumiy o'rta ta'lim maktabi
39.619953,67.03177,4-sonli umumiy o'rta ta'lim maktabi
39.604153,66.87056,5-sonli umumiy o'rta ta'lim maktabi
39.66082,66.896835,6-sonli umumiy o'rta ta'lim maktab-sonli umumiy o'rta ta'lim maktabi
39.655403,67.039894,7-sonli umumiy o'rta ta'lim maktabi
39.725994,66.91497,8-sonli umumiy o'rta ta'lim maktabi
39.6492,66.88682,9-sonli umumiy o'rta ta'lim maktabi
39.615135,66.95816,10-sonli umumiy o'rta ta'lim maktabi
39.715717,66.87698,11-sonli umumiy o'rta ta'lim maktabi
39.620186,66.93968,12-sonli umumiy o'rta ta'lim maktabi
39.72635,66.85148,13-umumiy o'rta ta'lim maktab
39.621937,66.984924,14-sonli umumiy o'rta ta'lim maktabi
39.616447,66.92481,15-sonli umumiy o'rta ta'lim maktabi
39.61283,66.954765,16-sonli umumiy o'rta ta'lim maktabi
39.611156,66.97299,17-sonli umumiy o'rta ta'lim maktabi
39.52887,66.89229,18-sonli umumiy o'rta ta'lim maktabi
39.536674,66.95689,19-sonli umumiy o'rta ta'lim maktabi
39.70035,66.9267,20-sonli umumiy o'rta ta'lim maktab
39.622257,66.99356,21-sonli umumiy o'rta ta’lim maktabi
39.606483,66.98819,22-sonli umumiy o'rta ta'lim maktabi
39.658733,67.01856,23-sonli umumiy o'rta ta'lim maktabi
39.639458,67.02984,24-sonli umumiy o'rta ta'lim maktabi
39.55932,66.99136,25-sonli umumiy o'rta ta'lim maktabi
39.57774,66.91891,26-sonli umumiy o'rta ta'lim maktabi
39.554424,67.01664,27-sonli umumiy o'rta ta'lim maktabi
39.53006,66.84239,28-sonli umumiy o'rta ta'lim maktabi
39.628654,67.00225,29-sonli umumiy o'rta ta'lim maktabi
39.550148,66.91131,30-sonli umumiy o'rta ta'lim maktabi
39.735893,66.85378,31-sonli umumiy o'rta ta'lim maktabi
39.50782,66.871635,32-sonli umumiy o'rta ta'lim maktabi
39.594074,67.01208,33-umumiy o'rta ta'lim maktabi
39.614098,66.94415,34-sonli umumiy o'rta ta'lim maktabi
39.56161,66.863754,35-sonli umumiy o'rta ta'lim maktabi
39.666862,66.87756,36-sonli umumiy o'rta ta'lim maktabi
39.61245,66.99607,37-sonli umumiy o'rta ta'lim maktabi
39.57839,66.962715,38-sonli umumiy o'rta ta’lim maktabi
39.592194,66.999825,39- umumiy o'rta ta'lim maktab
39.59945,67.02285,40-sonli umumiy o'rta ta'lim maktabi
39.611885,67.01529,41-sonli umumiy o'rta ta'lim maktabii
39.645237,67.02397,42-sonli umumiy o'rta ta'lim maktabi
39.62266,67.011406,43-sonli umumiy o'rta ta'lim maktabi
39.641464,67.013,44-sonli umumiy o`rta ta'lim maktabi
39.581326,67.01975,45-sonli umumiy o'rta ta'lim maktabi
39.53396,67.015274,46-sonli umumiy o'rta ta'lim maktabi
39.596855,66.973495,47-sonli umumiy o'rta ta'lim maktabi
39.69419,66.88967,49-sonli umumiy o'rta ta'lim maktabi
39.563633,66.961845,50-sonli umumiy o'rta ta'lim maktabi
39.590492,66.90924,51-sonli umumiy o'rta ta'lim maktabi
39.590694,66.93222,52-sonli umumiy o'rta ta'lim maktabi
39.667156,67.041565,53-sonli umumiy o'rta ta'lim maktabi
39.60022,67.008675,54-sonli umumiy o'rta ta'lim maktabi
39.65477752685547,66.88796997070312,"55,Samarkand,Samarkand"
39.5723,67.04403,1-sonli umumiy o'rta ta'lim maktabi
39.58703,67.04887,2-sonli umumiy o'rta ta'lim maktabi
39.578053,67.05263,3-sonli umumiy o'rta ta'lim maktabi
39.576366,67.06684,4-sonli umumiy o'rta ta'lim maktabi
39.567017,67.074615,5-sonli umumiy o'rta ta'lim maktabi
39.553364,67.08193,6-sonli umumiy o'rta ta'lim maktabi
39.554,67.10942,7-sonli umumiy o'rta ta'lim maktabi
39.59757,67.043785,8-sonli umumiy o'rta ta'lim maktabi
39.59156,67.065765,Toyloq tuman 9-sonli umumiy o'rta ta'lim maktabi
39.57366,67.0853,10-sonli umumiy o'rta ta'lim maktabi
39.613533,67.03804,11-sonli umumiy o'rta ta'lim maktabi
39.62947,67.05111,12-sonli umumiy o'rta ta'lim maktabi
39.604237,67.06093,13-sonli umumiy o'rta ta'lim maktabi
39.614944,67.07322,14-sonli umumiy o'rta ta'lim maktabi
39.642212,67.09092,15-sonli ayrim fanlar chuqurlashtirib o'qitiladigan sinflari mavjud umumiy o'rta ta'lim maktabi
39.645676,67.108246,16-sonli umumiy o'rta ta'lim maktabi
39.657192,67.087555,17-sonli umumiy o'rta ta'lim maktabi
39.62525,67.09356,18-sonli umumiy o'rta ta'lim maktabi
39.62385,67.14475,19-sonli umumiy o'rta ta'lim maktabi
39.60541,67.11245,20-sonli umumiy o'rta ta'lim maktabi
39.603333,67.087425,21-sonli umumiy o‘rta ta'lim maktabi
39.59352,67.098434,22-sonli umumiy o'rta ta'lim maktabi
39.59046,67.10673,23-sonli umumiy o'rta ta'lim maktabi
39.586548,67.12565,24-sonli umumiy o'rta ta'lim maktabi
39.55814,67.13306,25-sonli umumiy o'rta ta'lim maktabi
39.54828,67.14139,26-sonli ayrim fanlar chuqurlashtirib o'qitilayotgan sinflari mavjud umumiy o'rta ta'lim maktabi
39.540585,67.15525,27-sonli umumiy o'rta ta'lim maktabi
39.54828,67.14139,Toyloq tuman Maktabgacha va maktab ta'limi vazirligi tizimidagi 28-umumiy o'rta ta'lim maktabi 28-umumiy o'rta ta'lim maktabi
39.509583,67.20306,29-sonli umumiy o'rta ta'lim maktabi
39.513668,67.19875,30-sonli ayrim fanlar chuqurlashtirib o'qitiladigan sinflari mavjud umumiy o'rta ta'lim maktabi
39.594776,67.16125,31-sonli umumiy o'rta ta'lim maktabi
39.60797,67.18264,32-sonli umumiy o'rta ta'lim maktabi
39.584167,67.19,33-sonli umumiy o'rta ta'lim maktabi
39.584167,67.19,34-sonli umumiy o'rta ta'lim maktabi
39.57789,67.20067,35-sonli umumiy o'rta ta'lim maktabi
39.575974,67.22575,36-sonli umumiy o'rta ta'lim maktabi
39.568222,67.21689,37-sonli umumiy o'rta ta'lim maktabi
39.556694,67.24425,38-sonli umumiy o'rta ta'lim maktabi
39.562416,67.19945,39-sonli umumiy o'rta ta'lim maktabi
39.56425,67.171,40- umumiy o'rta ta'lim maktabi
39.55378,67.190475,41-sonli umumiy o'rta ta'lim maktabi
39.54678,67.19603,42-sonli umumiy o'rta ta'lim maktabi
39.54225,67.21889,43-sonli umumiy o'rta ta'lim maktabi
39.55475,67.25875,44-sonli umumiy o'rta ta'lim maktabi
39.526054,67.25814,45-sonli umumiy o'rta ta'lim maktabi
39.51386,67.2482,46-sonli umumiy o'rta ta'lim maktabi
39.54305,67.27705,47-sonli umumiy o'rta ta'lim maktabi
39.544277,67.31458,48-sonli umumiy o'rta ta'lim maktabi
39.544083,67.333916,49-sonli umumiy o'rta ta'lim maktabi
39.543526,67.344284,50-sonli umumiy o‘rta ta'lim maktabi
39.61072,67.08708,51-sonli umumiy o'rta ta'lim maktabi
39.60411,67.04728,52-sonli umumiy o'rta ta'lim maktabi
39.572056,67.15628,53-sonli umumiy o'rta ta'lim maktabi
39.63225,67.07792,54-sonli umumiy o'rta ta'lim maktabi
39.512417,67.25389,55-sonli umumiy o'rta ta'lim maktabi
39.546444,67.12231,56-sonli umumiy o'rta ta'lim maktabi
39.5703,67.18411,57-sonli ayrim fanlar chuqurlashtirib o'qitiladigan sinflari mavjud umumiy o'rta ta'lim maktabi
39.631832,67.04317,59-sonli umumiy o'rta ta'lim maktabi
39.54828,67.14139,60-sonli umumiy o'rta ta'lim maktabi
39.5692253112793,67.2416000366211,"61,Taylak,Samarkand"
39.40567,67.24494,1-umumiy o‘rta ta’lim maktabi
39.39244,67.24021,2-umumiy o‘rta ta’lim maktabi
39.40015,67.23785,3-umumiy o‘rta ta’lim maktabi
39.417465,67.2513,4-umumiy o‘rta ta’lim maktabi
39.40903,67.26691,5-umumiy o‘rta ta’lim maktabi
39.41573,67.2778,6-umumiy o‘rta ta’lim maktabi
39.41099,67.28353,7-umumiy o‘rta ta’lim maktabi
39.389824,67.3055,8-umumiy o‘rta ta’lim maktabi
39.40851,67.17139,9-umumiy o‘rta ta’lim maktabi
39.447968,67.36628,10-umumiy o‘rta ta’lim maktabi
39.397034,67.3557,11-umumiy o‘rta ta’lim maktabi
39.427097,67.35062,12-umumiy o‘rta ta’lim maktabi
39.453648,67.03265,13-umumiy o‘rta ta’lim maktabi
39.444466,67.41998,14-umumiy o‘rta ta’lim maktabi
39.457737,67.39339,15-umumiy o‘rta ta’lim maktabi
39.470722,67.4174,16-umumiy o‘rta ta’lim maktabi
39.489243,67.3324,17-umumiy o‘rta ta’lim maktabi
39.511288,67.36316,18-umumiy o‘rta ta’lim maktabi
39.526962,67.357605,20-umumiy o‘rta ta’lim maktabi
39.52331,67.320175,21-umumiy o‘rta ta’lim maktabi
39.470757,67.28696,22-umumiy o‘rta ta’lim maktabi
39.500534,67.20859,23-umumiy o‘rta ta’lim maktabi
39.482613,67.28126,24-umumiy o‘rta ta’lim maktabi
39.493977,67.26731,25-umumiy o‘rta ta’lim maktabi
39.488426,67.245186,26-umumiy o‘rta ta’lim maktabi
39.468536,67.27367,27-umumiy o‘rta ta’lim maktabi
39.48426,67.20669,28-umumiy o‘rta ta’lim maktabi
39.46616,67.22776,29-umumiy o‘rta ta’lim maktabi
39.39469,67.31572,30-umumiy o‘rta ta’lim maktabi
39.507294,67.13727,31-umumiy o‘rta ta’lim maktabi
39.366577,67.28746,32-umumiy o‘rta ta’lim maktabi
39.455585,67.18131,33-umumiy o‘rta ta’lim maktabi
39.469547,67.157,34-umumiy o‘rta ta’lim maktabi
39.46048,67.209526,35-umumiy o‘rta ta’lim maktabi
39.46315,67.24012,36-umumiy o‘rta ta’lim maktabi
39.460793,67.08886,37-umumiy o‘rta ta’lim maktabi
39.385334,67.36362,38-umumiy o‘rta ta’lim maktabi
39.499344,67.07608,39-umumiy o‘rta ta’lim maktabi
39.530266,67.1045,40-umumiy o‘rta ta’lim maktabi
39.398872,67.003174,41-umumiy o‘rta ta’lim maktabi
39.391773,67.049324,43-umumiy o‘rta ta’lim maktabi
39.424316,67.04882,44-umumiy o‘rta ta’lim maktabi
39.38333,66.99148,45-umumiy o‘rta ta’lim maktabi
39.49239,67.029655,46-umumiy o‘rta ta’lim maktabi
39.46246,67.127396,47-umumiy o‘rta ta’lim maktabi
39.429462,67.14023,48-umumiy o‘rta ta’lim maktabi
39.397255,67.185234,49-umumiy o‘rta ta’lim maktabi
39.401386,67.09265,50-umumiy o‘rta ta’lim maktabi
39.45606,67.14689,51-umumiy o‘rta ta’lim maktabi
39.41587,67.169205,52-umumiy o‘rta ta’lim maktabi
39.40419,67.39839,53-umumiy o‘rta ta’lim maktabi
39.40259,67.24682,54-umumiy o‘rta ta’lim maktabi
39.399208,67.22827,55-umumiy o'rta ta'lim maktabi
39.42265,67.20524,56-umumiy o‘rta ta’lim maktabi
39.478596,67.31228,57-umumiy o‘rta ta’lim maktabi
39.498196,67.29381,58-umumiy o‘rta ta’lim maktabi
39.496582,67.05312,59-umumiy o‘rta ta’lim maktabi
39.394676,66.95836,60-umumiy o‘rta ta’lim maktabi
39.430435,67.07616,61-umumiy o‘rta ta’lim maktabi
39.541298,67.37305,62-umumiy o‘rta ta’lim maktabi
39.49934,67.156815,63-umumiy o‘rta ta’lim maktabi
39.43081,67.4129,64-umumiy o‘rta ta’lim maktabi
39.482758,67.093575,65-umumiy o‘rta ta’lim maktabi
39.420387,67.28412,66-umumiy o‘rta ta’lim maktabi
39.378143,67.35942,67-umumiy o‘rta ta’lim maktabi
39.412907,67.29104,70-umumiy o‘rta ta’lim maktabi
39.396034,67.37331,71-umumiy o‘rta ta’lim maktabi
39.384106,67.41986,72-umumiy o‘rta ta’lim maktabi
39.407997,67.42572,73-umumiy o‘rta ta’lim maktabi
39.43911,67.439354,74-umumiy o'rta ta'lim maktabi
39.407333,67.37246,75-umumiy o‘rta ta’lim maktabi
39.532547,67.361015,76- umumiy o'rta ta'lim maktabi
39.531406,67.295715,77-umumiy o'rta ta'lim maktabi
39.509262,67.2849,78-umumiy  o'rta ta'lim maktabi
39.461807,67.25708,79- umumiy o'rta ta'lim maktabi
39.32674,66.991196,80-umumiy o‘rta ta’lim maktabi
39.466476,67.22757,81-umumiy o'rta ta'lim maktabi
39.44528,67.11887,82-umumiy o'rta ta'lim maktabi
39.41819,67.27275,83-umumiy o'rta ta'lim maktabi
39.502518,67.12475,84-umumiy o‘rta ta’lim maktabi
39.412716,67.23366,85-umumiy o'rta ta'lim maktabi
39.398342,67.24205,86-umumiy o‘rta ta’lim maktabi
39.514225,67.02286,87-umumiy o'rta ta'lim maktabi
39.442005,67.348495,88-umumiy o‘rta ta’lim maktabi
39.39835,67.245964,89- umumiy o'rta ta'lim maktabi
39.510773,67.31788,91-umumiy o‘rta ta’lim maktabi
39.387123,67.3938,92-umumiy o‘rta ta’lim maktabi
39.529007,67.33799,93-umumiy o‘rta ta’lim maktabi
39.467842,67.29514,94-umumiy o‘rta ta’lim maktabi
39.4041,67.12983,95- umumiy o'rta ta'lim maktabi
39.407024,67.274704,97-umumiy o'rta ta'lim maktabi
39.35738,67.357445,98-sonli umumiy o'rta ta'lim maktabi
39.388348,67.32534,99- umumiy o'rta ta'lim maktabi
39.52444,67.14076,100-umumiy o‘rta ta’lim maktabi
39.51758,67.37899,101 umumiy o‘rta ta'lim maktabi
39.40661,67.19358,102-umumiy o‘rta ta’lim maktabi
39.4683,67.03719,103 umumiy o‘rta ta'lim maktabi
39.427357,67.335815,104 umumiy o‘rta ta'lim maktabi
39.46627,67.26698,106-umumiy o‘rta ta’lim maktabi
39.47239,67.20558,107-umumiy o‘rta ta’lim maktabi
39.3944,67.04969,108 umumiy o‘rta ta'lim maktabi
39.4027214050293,67.266357421875,"109,Urgut,Samarkand"
39.4836,67.12047,110-umumiy o‘rta ta’lim maktabi
39.320145,66.942764,111-umumiy o‘rta ta’lim maktabi
39.38922,67.00163,112 umumiy o‘rta ta'lim maktabi
39.44474411010742,67.41954040527344,"113,Urgut,Samarkand"
39.48031,67.22265,114 umumiy o‘rta ta'lim maktabi
39.40332,66.94398,115-umumiy o‘rta ta’lim maktabi
39.362236,66.944214,116 umumiy o‘rta ta'lim maktabi
39.48033,67.25246,118-umumiy o‘rta ta’lim maktabi
39.4807,67.43766,119-umumiy o‘rta ta’lim maktabi
39.48806,67.1836,120-umumiy o‘rta ta’lim maktabi
39.41568,67.24692,121-umumiy o‘rta ta’lim maktabi
39.40431,67.26657,122-umumiy o‘rta ta’lim maktabi
39.42221,67.23718,123-umumiy o‘rta ta’lim maktabi
39.385426,67.40397,124 umumiy o‘rta ta'lim maktabi
39.4112663269043,67.14836120605469,"125,Urgut,Samarkand"
39.49049,67.40573,126-umumiy o‘rta ta’lim maktabi
39.40558,67.39947,127-umumiy o‘rta ta’lim maktabi
39.46273,67.21031,128-umumiy o‘rta ta’lim maktabi
39.515408,67.298836,131 umumiy o‘rta ta'lim maktabi
39.49938,67.33695,132- umumiy o'rta ta'lim maktabi
39.49938,67.33695,133-umumiy o‘rta ta’lim maktabi
39.47975,67.22686,134-umumiy o‘rta ta’lim maktabi
39.46824,67.29191,135-umumiy o‘rta ta’lim maktabi
39.39633,67.29418,136-umumiy o‘rta ta’lim maktabi
39.40319,67.25062,138-umumiy o‘rta ta’lim maktabi
39.46591,67.08221,139-umumiy o‘rta ta’lim maktabi
39.43304,67.16306,140-umumiy o‘rta ta’lim maktabi
39.49676,67.270164,141 umumiy o‘rta ta'lim maktabi
39.41898,67.24898,142-umumiy o‘rta ta’lim maktabi
39.43748,67.23256,143-umumiy o‘rta ta’lim maktabi
39.378372,67.23849,144 umumiy o‘rta ta'lim maktabi
39.54142,67.04088,148-umumiy o‘rta ta’lim maktabi
39.42364501953125,67.2374038696289,"149,Urgut,Samarkand"
39.52149,67.11655,150-umumiy o‘rta ta’lim maktabi
39.49815,67.23621,151-umumiy o‘rta ta’lim maktabi
39.45473,67.15848,152-umumiy o‘rta ta’lim maktabi
39.49815,67.23621,153-umumiy o'rta ta'lim maktabi
39.87703323364258,66.7585220336914,"MI,Urgut,Samarkand"
42.463398,59.611942,1-sonli ayrim fanlar chuqur o‘qitiladigan sinflari mavjud umumiy o‘rta ta’lim maktabi
42.456566,59.567936,2-sonli ayrim fanlar chuqur o'qitiladigan sinflari mavjud umumiy o'rta ta'lim maktabi
42.464905,59.622013,3-sonli umumiy o'rta ta'lim maktabi
42.45977,59.627117,4-sonli umumiy o'rta ta'lim maktabi
42.476852,59.60204,5-sonli umumiy o'rta ta'lim maktabi
42.460217,59.59431,6-sonli umumiy o'rta ta'lim maktabi
42.420715,59.619305,7-sonli umumiy o'rta ta'lim maktabi
42.505306,59.600258,8-sonli umumiy o'rta ta'lim maktabi
42.477722,59.615574,9-sonli umumiy o‘rta ta'lim maktabi
42.45377731323242,59.5765266418457,"10- INTERNAT,Nukus,Karakalpakstan"
42.447933,59.60737,11-sonli umumiy o'rta ta'lim maktabi
42.47156,59.604473,12-sonli umumiy o'rta ta'lim maktabi
42.379734,59.6177,13-sonli umumiy o'rta ta'lim maktabi
42.08741,60.285404,14-sonli umumiy o'rta ta'lim maktabi
42.47293,59.551865,15-sonli umumiy o'rta ta'lim maktabi
42.396114,59.634087,16-sonli umumiy o'rta ta'lim maktabi
42.447914,59.62615,17-sonli umumiy o'rta ta'lim maktabi
42.467995,59.58045,18-sonli umumiy o'rta ta'lim maktabi
42.44189,59.629993,19-sonli umumiy o'rta ta'lim maktabi
42.394203,59.628006,20-sonli umumiy o'rta ta'lim maktabi
42.48625,59.60223,21-sonli umumiy o'rta ta'lim maktabi
42.450333,59.642918,22-sonli ayrim fanlar chuqur o‘qitiladigan sinflari mavjud umumiy o‘rta ta’lim maktabi
42.462418,59.636337,23-sonli umumiy o'rta ta'lim maktabi
42.444374,59.56639,24-sonli umumiy o'rta ta'lim maktabi
42.393333,59.62835,25-sonli umumiy o'rta ta'lim maktabi
42.473484,59.590775,26-sonli umumiy o'rta ta'lim maktabi
42.437405,59.635525,27-sonli umumiy o'rta ta'lim maktabi
42.511845,59.61732,28-sonli ayrim fanlar chuqur o'qitiladigan sinflari mavjud umumiy o'rta ta'lim maktabi
42.468967,59.563354,29-sonli umumiy o'rta ta'lim maktabi
42.34424,59.753597,30-sonli umumiy o'rta ta'lim maktabi
42.455723,59.589912,31-sonli ayrim fanlar chuqur o'qitiladigan sinflari mavjud umumiy o'rta ta’lim maktabi
42.455738,59.61363,32-sonli umumiy o'rta ta'lim maktabi
42.453766,59.634357,33-sonli ayrim fanlar chuqur o‘qitiladigan sinflari mavjud umumiy o‘rta ta’lim maktabi
42.447483,59.641132,34-sonli umumiy o'rta ta'lim maktabi
42.529564,59.615364,35-sonli umumiy o'rta ta'lim maktabi
42.440956,59.633003,36-sonli umumiy o'rta ta'lim maktabi
42.463963,59.613068,37-sonli ayrim fanlar chuqur o‘qitiladigan sinflari mavjud umumiy o‘rta ta’lim maktabi
42.436996,59.625237,38-sonli umumiy o'rta ta'lim maktabi
42.399788,59.627033,39-sonli umumiy o'rta ta'lim maktabi
42.514317,59.624424,40-sonli umumiy o'rta ta'lim maktabi
42.451366,59.64751,41-sonli umumiy o'rta ta'lim maktabi
42.44166,59.592583,42-sonli umumiy o'rta ta'lim maktabi
42.534313,59.626827,43-sonli umumiy o'rta ta'lim maktabi
42.463505,59.651615,44-sonli umumiy o'rta ta'lim maktabi
42.46518,59.67138,45-sonli umumiy o'rta ta'lim maktabi
42.46895,59.592236,47-sonli umumiy o'rta ta'lim maktabi
42.468884,59.603786,48-sonli ayrim fanlar chuqur o‘qitiladigan sinflari mavjud umumiy o‘rta ta’lim maktabi
42.534367,59.626617,49-sonli umumiy o'rta ta'lim maktabi
42.41184,59.61229,50-sonli umumiy o'rta ta'lim maktabi
42.413513,59.603085,51-sonli umumiy o'rta ta'lim maktabi
42.119667,60.046207,1-sonli umumiy o'rta ta'lim maktabi
41.988884,60.195576,2-sonli umumiy o'rta ta'lim maktabi
42.33407,59.942257,3-sonli umumiy o'rta ta'lim maktabi
42.136467,60.006855,4-sonli umumiy o'rta ta'lim maktabi
42.10697,60.11657,5-sonli umumiy o'rta ta'lim maktabi
42.047653,60.20364,6-sonli umumiy o'rta ta'lim maktabi
42.12836,60.17443,7-sonli umumiy o'rta ta'lim maktabi
41.95422,60.11924,8-sonli umumiy o'rta ta'lim maktabi
42.0046,60.245174,9-sonli umumiy o'rta ta'lim maktabi
41.958183,60.191162,10-sonli umumiy o'rta ta'lim maktabi
42.219147,60.09879,11-sonli umumiy o'rta ta'lim maktabi
42.074272,60.077168,12-sonli umumiy o'rta ta'lim maktabi
42.04751,60.090374,13-sonli umumiy o'rta ta'lim maktabi
42.030563,60.158382,14-sonli umumiy o'rta ta'lim maktabi
41.981705,60.045498,15-sonli umumiy o'rta ta'lim maktabi
42.112526,60.060028,16-sonli ayrim fanlar chuqur o'qitiladigan sinflari mavjud umumiy o'rta ta'lim maktabi
41.983227,59.9729,17-sonli umumiy o'rta ta'lim maktabi
42.21548,60.073105,18-sonli umumiy o'rta ta'lim maktabi
42.011757,60.19957,19-sonli umumiy o'rta ta'lim maktabi
41.9401,60.056137,20-sonli umumiy o'rta ta'lim maktabi
42.003315,60.15066,21-sonli umumiy o'rta ta'lim maktabi
42.17786,60.08389,22-sonli umumiy o'rta ta'lim maktabi
41.908855,60.11603,23-sonli umumiy o'rta ta'lim maktabi
42.24023,60.15401,24-sonli umumiy o'rta ta'lim maktabi
42.144222,59.98038,25-sonli umumiy o'rta ta'lim maktabi
42.136456,60.105022,26-sonli umumiy o'rta ta'lim maktabi
42.06765,60.126835,27-sonli umumiy o'rta ta'lim maktabi
42.190235,60.09767,28-sonli umumiy o'rta ta'lim maktabi
42.241787,60.013306,29-sonli umumiy o'rta ta'lim maktabi
42.117283,60.05458,30-sonli umumiy o'rta ta'lim maktabi
42.116528,60.067726,31-sonli umumiy o'rta ta'lim maktabi
42.14479,60.158203,32-sonli umumiy o'rta ta'lim maktabi
42.17294,60.116413,33-sonli umumiy o'rta ta'lim maktabi
41.96622,60.09454,34-sonli umumiy o'rta ta'lim maktabi
41.97729,59.991295,35-sonli umumiy o'rta ta'lim maktabi
42.104362,60.057,36-sonli umumiy o'rta ta'lim maktabi
41.98563,60.075996,37-sonli umumiy o'rta ta'lim maktabi
42.12213,60.059753,38-sonli ayrim fanlar chuqur o'qiitiladigan sinflari mavjud umumiy o'rta ta'lim  maktabi
42.257122,59.974392,39-sonli umumiy o'rta ta'lim maktabi
42.108494,60.07529,40-sonli umumiy o'rta ta'lim maktabi
42.09901,60.23477,41-sonli umumiy o'rta ta'lim maktabi
42.157837,60.074818,42-sonli umumiy o'rta ta'lim maktabi
42.060623,60.239754,43-sonli umumiy o'rta ta'lim maktabi
42.032917,60.23503,44-sonli umumiy o'rta ta’lim maktab
42.06646,60.1923,45-sonli umumiy o'rta ta'lim maktabi
42.013493,60.057545,46-sonli umumiy o'rta ta'lim maktabi
42.19677,60.037197,47-sonli umumiy o'rta ta`lim maktabi
42.07157,60.215073,48-sonli umumiy o'rta ta'lim maktabi
41.961678,60.232185,49-sonli umumiy o'rta ta'lim maktabi
42.106274,60.20948,50-sonli umumiy o'rta ta'lim maktabi
42.023643,60.1276,51-sonli umumiy o'rta ta'lim maktabi
41.986904,60.219994,52-sonli umumiy o'rta ta'lim maktabi
41.88873,60.149925,53-sonli umumiy o'rta ta'lim maktabi
42.21216,60.199146,54-sonli umumiy o'rta ta'lim maktabi
42.135075,60.065575,55-sonli umumiy o'rta ta'lim maktabi
42.10056,60.06919,56-sonli umumiy o'rta ta'lim maktabi
42.088356,60.13001,57-sonli umumiy o'rta ta'lim maktabi
42.322826,59.990536,58-sonli umumiy o'rta ta'lim maktabi
42.18182,60.057213,59-sonli umumiy o'rta ta'lim maktabi
42.032795,60.20895,60-сонли умумий ўрта таьлим мактаби
42.280922,59.937164,61-sonli umumiy o'rta ta'lim maktabi
42.139866,60.037685,62-sonli umumiy o'rta ta'lim maktabi
42.044113,60.22391,63-sonli umumiy o'rta ta'lim maktabi
42.086685,60.087837,64-sonli umumiy o'rta ta'lim maktabi
42.22074,60.082775,65-sonli umumiy o'rta ta'lim maktabi
42.307655,59.777664,66-sonli umumiy o'rta ta'lim maktabi
42.23723,60.05534,67-sonli umumiy o'rta ta'lim maktabi
41.977077,60.174343,68-sonli umumiy o'rta ta'lim maktabi
41.97077,60.02994,69-sonli umumiy o'rta ta'lim maktabi
41.913265,60.07704,70-sonli umumiy o'rta ta'lim maktabi
42.099445,60.16919,71-sonli umumiy o'rta ta'lim maktabi
42.074547,60.256084,72-sonli umumiy o'rta ta'lim maktabi
41.99302,59.956215,73-sonli umumiy o'rta ta'lim maktabi
42.275703,59.94722,74-sonli umumiy o'rta ta'lim maktabi
42.21641,60.04597,75-sonli umumiy o'rta ta'lim maktabi
42.121635,60.085606,76-sonli umumiy o'rta ta'lim maktabi
41.94994,60.213257,77-sonli umumiy o'rta ta'lim maktabi
41.986637,60.237473,78-sonli umumiy o'rta ta'lim maktabi
41.99552,60.07518,79-sonli umumiy o'rta ta'lim maktabi
42.120403,60.0713,82-sonli umumiy o'rta ta'lim maktabi
41.98025,60.039272,83-sonli umumiy o'rta ta'lim maktabi
41.936935,60.04871,84-sonli umumiy o'rta ta'lim maktabi
41.991833,60.198574,85-sonli umumiy o'rta ta'lim maktabi
42.044865,60.20744,86-sonli umumiy o'rta ta'lim maktabi
41.70085,60.737183,1-sonli umumiy o'rta ta'lim maktabi
41.77107,60.70935,2-sonli umumiy o'rta ta'lim maktabi
41.74457,60.7317,3-sonli umumiy o'rta ta'lim maktabi
41.9291,60.57635,4-sonli umumiy o'rta ta'lim maktabi
41.703556,60.76644,5-sonli umumiy o'rta ta'lim maktabi
41.644974,60.7858,6-sonli umumiy oʻrta taʼlim maktabi
41.687172,60.782715,7-sonli umumiy o'rta ta'lim maktabi
41.712593,60.811123,9-sonli umumiy o'rta ta'lim maktabi
41.94339,60.771847,10-sonli umumiy o'rta ta'lim maktabi
41.717915,60.745476,11-sonli umumiy o'rta ta'lim maktabi
41.764767,60.835606,12-sonli umumiy o'rta ta'lim maktabi
41.76878,60.73769,13-sonli umumiy o'rta ta'lim maktabi
41.7121,60.727238,14-sonli umumiy o'rta ta'lim maktabi
41.782463,60.725693,15-sonli umumiy o'rta ta'lim maktabi
41.77324,60.670692,16-sonli umumiy o'rta ta'lim maktabi
41.886257,60.650322,17-sonli umumiy o'rta ta'lim maktabi
41.89298,60.754974,18-sonli umumiy o'rta ta'lim maktabi
41.71207,60.702904,19-sonli umumiy o'rta ta'lim maktabi
41.918385,60.716362,20-sonli umumiy o'rta ta'lim maktabi
41.846016,60.58286,21-sonli umumiy o'rta ta'lim maktabi
41.81113,60.570236,22-sonli umumiy o'rta ta'lim maktabi
41.87355,60.664978,23-sonli umumiy o'rta ta'lim maktabi
41.967724,60.64175,24-sonli umumiy o'rta ta'lim maktabi
41.9534,60.490635,25-sonli umumiy o'rta ta'lim maktabi
41.90411,60.496674,26-sonli umumiy o'rta ta'lim maktabi
41.687813,60.744095,27-sonli umumiy o'rta ta'lim maktabi
41.8827,60.569927,28-sonli umumiy o'rta ta'lim maktabi
41.82857,60.56962,29-sonli umumiy o'rta ta'lim maktabi
41.832954,60.60622,30-sonli umumiy o'rta ta'lim maktabi
41.504044,60.99522,31-sonli umumiy o'rta ta'lim maktabi
41.91375,60.567196,32-sonli umumiy o'rta ta'lim maktabi
41.878216,60.543022,33-sonli umumiy o'rta ta'lim maktabi
41.897385,60.664066,34-sonli umumiy o'rta ta'lim maktabi
41.68144989013672,60.737815856933594,"35,Beruniy,Karakalpakstan"
41.73432,60.711147,36-sonli umumiy o'rta ta'lim maktabi
41.87048,60.519245,37-sonli umumiy o'rta ta'lim maktabi
41.67049,60.7745,38-sonli umumiy o'rta ta'lim maktabi
41.854244,60.721394,39-сонли умумий ўрта таълим мактаби
41.937668,60.745483,40-sonli umumiy o'rta ta'lim maktabi
41.84956,60.54195,41-sonli umumiy o'rta ta'lim maktabi
41.869194,60.566875,42-sonli umumiy o'rta ta'lim maktabi
41.90543,60.603657,43-sonli umumiy o'rta talim maktabi
41.914658,60.769215,44-sonli umumiy o'rta ta'lim maktabi
41.936455,60.60539,45-sonli umumiy o'rta ta'lim maktabi
41.65541,60.769356,46-sonli umumiy o'rta ta'lim maktabi
41.724068,60.768562,47-sonli umumiy o'rta ta'lim maktabi
41.685905,60.80961,48-sonli ayrim fanlar chuqur o‘qitiladigan sinflari mavjud umumiy o‘rta ta’lim maktabi
41.697144,60.72615,49-sonli umumiy o'rta ta'lim maktabi
41.68378,60.754284,50- sonli umumiy o'rta ta'lim maktabi
41.67207,60.731827,51-sonli umumiy o'rta ta'lim maktabi
41.74139,60.6999,52-sonli umumiy o'rta ta'lim maktabi
41.768074,60.694897,53-sonli umumiy o'rta ta'lim maktabi
41.931206,60.65096,54-sonli umumiy o'rta ta'lim maktabi
41.791744,60.637024,55-sonli umumiy o'rta ta'lim maktabi
41.834972,60.648293,56-sonli umumiy o'rta ta'lim maktabi
41.808266,60.582424,57-sonli umumiy o'rta ta'lim maktabi
41.93113,60.53749,58-sonli umumiy o'rta ta'lim maktabi
41.690697,60.770813,59-sonli umumiy o'rta ta'lim maktabi
41.75278,60.72816,60-sonli umumiy o'rta ta'lim maktabi
41.65537,60.81049,61-sonli umumiy o'rta ta'lim maktabi
41.683403,60.74384,62-sonli umumiy o'rta ta'lim maktabi
41.683193,60.7649,Beruniy tumani 63-sonli umumiy o'rta ta'lim maktabi
41.69323,60.75828,64-sonli umumiy o'rta ta'lim maktabi
41.692837,60.74692,65-sonli ayrim fanlar chuqur o‘qitiladigan sinflari mavjud umumiy o‘rta ta’lim maktabi
41.700623,60.751907,66-sonli umumiy o'rta ta'lim maktabi
41.68143,60.72013,67-sonli umumiy o'rta ta'lim maktabi
41.85971,60.61039,68-sonli umumiy o'rta ta'lim maktabi
41.681274,60.769592,69-sonli umumiy o'rta ta'lim maktabi
41.714798,60.764008,70-sonli umumiy o'rta ta'lim maktabi
41.85653,60.567898,71-sonli umumiy o'rta ta'lim maktabi
41.741695,60.72457,72-sonli umumiy o'rta ta'lim maktabi
43.001385,59.354996,1-sonli umumiy o'rta ta'lim maktabi
43.018124,59.36574,2-sonli ayrim fanlar chuqur o'qitiladigan sinflari mavjud umumiy o'rta ta'lim maktabi
43.010337829589844,59.35613250732422,"3,Buzatov,Karakalpakstan"
43.04395,59.367992,4-sonli umumiy o'rta ta'lim maktabi
42.95445,59.309174,5-sonli umumiy o'rta ta'lim maktabi
42.924267,59.320293,6-sonli umumiy o'rta ta'lim maktabi
42.84693,59.420532,7-sonli umumiy o'rta ta'lim maktabi
42.9166,59.488865,8-sonli umumiy o'rta ta'lim maktabi
42.86722,59.472927,9-sonli umumiy o'rta ta'lim maktabi
43.01221,59.388313,10-sonli umumiy o'rta ta'lim maktabi
43.238907,59.226963,11-sonli umumiy o'rta ta'lim maktabi
43.10368,59.16938,12-sonli umumiy o'rta ta'lim maktabi
43.2236,59.589333,13-sonli umumiy o'rta ta'lim maktabi
43.22173,59.59332,14-sonli umumiy o'rta ta'lim maktabi
43.286137,59.5025,15-sonli umumiy o'rta ta'lim maktabi
43.026615,60.021812,1-sonli umumiy o‘rta ta'lim maktabi
43.029693603515625,60.010807037353516,"2,Qorauzak,Karakalpakstan"
42.760597,59.938133,3-sonli umumiy o'rta ta'lim maktabi
42.861378,59.949677,4-sonli umumiy o'rta ta'lim maktabi
42.915867,59.973457,5-sonli umumiy o'rta ta'lim maktabi
43.00042,60.007404,6-sonli umumiy o'rta ta'lim maktabi
43.06641,60.003674,7-sonli umumiy o'rta ta'lim maktabi
43.007397,60.091686,8-sonli umumiy o'rta ta'lim maktabi
42.945488,60.098564,9-sonli umumiy o'rta ta'lim maktabi
43.10103,60.037495,10-sonli umumiy o'rta ta'lim maktabi
43.115097,60.061684,11-sonli umumiy o'rta ta'lim maktabi
43.166637,60.025105,12-sonli umumiy o'rta ta'lim maktabi
43.211773,60.04295,13-sonli umumiy o'rta ta'lim maktabi
42.830017,59.909607,14-sonli umumiy o'rta ta'lim maktabi
42.861088,59.99107,15-sonli umumiy o'rta ta'lim maktabi
43.021763,60.06452,16-sonli umum talim makatabi
42.940636,60.026794,17-sonli umumiy o'rta ta'lim maktabi
43.007378,59.969547,18-sonli umumiy o‘rta ta'lim maktabi
43.150093,59.912647,19-sonli umumiy o'rta ta'lim maktabi
43.109074,59.973877,20-sonli umumiy o'rta ta'lim maktabi
43.16573,59.96793,21-sonli umumiy o'rta ta'lim maktabi
43.10022,59.906532,22-sonli umumiy o'rta ta'lim maktabi
42.94896,59.98383,23-sonli umumiy o'rta ta'lim maktabi
42.973873,60.116425,24-sonli umumiy o'rta ta'lim maktabi
43.181244,60.05867,25-sonli umumiy o'rta ta'lim maktabi
43.022747,60.027622,26-sonli ayrim fanlar chuqur o'qitiladigan sinflari mavjud umumiy o'rta ta'lim maktabi
42.917538,59.945095,27-sonli umumiy orta talim maktabi
43.027805,60.004696,28-sonli umumiy o'rta ta'lim maktabi
42.921177,59.97845,29-sonli umumiy o'rta ta'lim maktabi
43.100056,60.09014,30-sonli umumiy o'rta ta'lim maktabi
43.043568,60.02843,31-sonli umumiy o'rta ta'lim maktabi
42.847073,60.040424,32-sonli umumiy o'rta ta'lim maktabi
43.03098,60.00948,33-sonli umumiy o'rta ta'lim maktabi
42.803123,58.91349,1-sonli ayrim fanlar chuqur o'qitiladigan sinflari mavjud umumiy o'rta ta'lim maktabi
42.835026,59.005707,2-sonli umumiy o'rta ta'lim maktabi
42.841984,59.00187,3-sonli umumiy o'rta ta'lim maktabi
42.85086,58.961327,4-sonli umumiy o'rta ta'lim maktabi
42.81815,59.094788,5-sonli umumiy o'rta ta'lim maktabi
42.7689,59.068253,6-sonli umumiy o'rta ta'lim maktabi
42.789127,59.01132,7-sonli umumiy o'rta ta'lim maktabi
42.817005,59.00049,8-sonli umumiy o'rta ta'lim maktabi
42.761623,59.038837,9-sonli umumiy o'rta ta'lim maktabi
42.83362,59.034508,10-sonli umumiy o'rta ta'lim maktabi
42.818787,58.988445,11-sonli umumiy o'rta ta'lim maktabi
42.667225,59.199944,13-sonli umumiy o'rta ta'lim maktabi
42.829628,59.008514,14-sonli umumiy o'rta ta'lim maktabi
42.900288,58.945595,15-sonli umumiy o'rta ta'lim maktabi
42.706295,59.07968,16-sonli umumiy o'rta ta'lim maktabi
42.61421,59.27807,17-sonli umumiy o'rta ta'lim maktabi
42.887592,59.00709,18-sonli ayrim fanlar chuqur o'qitiladigan sinflari mavjud umumiy o'rta ta'lim maktabi
42.784157,59.037132,19-sonli ayrim fanlar chuqur o'qitiladigan sinflari mavjud umumiy o'rta ta'lim maktabi
42.729588,59.077736,20-sonli umumiy o'rta ta'lim maktabi
42.88178,59.19106,21-sonli umumiy o'rta ta'lim maktabi
42.866425,58.93318,22-sonli umumiy o'rta ta'lim maktabi
42.668175,59.192795,23-sonli umumiy o'rta ta'lim maktabi
42.76769,59.144398,24-sonli umumiy o'rta ta'lim maktabi
42.77521,59.60514,1-sonli umumiy o'rta ta'lim maktabi
42.675545,59.72884,2-sonli umumiy o'rta ta'lim maktabi
42.825203,59.517963,3-sonli umumiy o'rta ta'lim maktabi
42.74648,59.827915,4-sonli umumiy o'rta ta'lim maktabi
42.77917,59.616688,5-sonli umumiy o'rta ta'lim maktabi
42.6016,59.65642,6-sonli umumiy o'rta ta'lim maktabi
42.783978,59.86296,7-sonli umumiy o'rta ta'lim maktabi
42.69362,59.729683,8-sonli umumiy o'rta ta'lim maktabi
42.77435,59.610146,9-sonli ayrim fanlar chuqur o'qitiladigan sinflari mavjud umumiy o'rta ta'lim maktabi
42.802013,59.63328,10-sonli umumiy o'rta ta'lim maktabi
42.81817,59.687565,11-sonli umumiy o'rta ta'lim maktabi
42.74742,59.554165,12-sonli umumiy o'rta ta'lim maktabi
42.84822,59.64987,13-sonli umumiy o'rta ta'lim maktabi
42.767277,59.62136,14-sonli umumiy o'rta ta'lim maktabi
42.83781,59.554565,15-sonli umumiy o'rta ta'lim maktabi
42.70257,59.60558,16-sonli umumiy o'rta ta'lim maktabi
42.66743,59.90433,17-sonli umumiy o'rta ta'lim maktabi
42.768414,59.659565,18-sonli umumiy o'rta ta'lim maktabi
42.68533,59.727028,19-sonli umumiy o'rta ta'lim maktabi
42.6515,59.671978,20-sonli umumiy o'rta ta'lim maktabi
42.615143,59.682236,21-sonli umumiy o'rta ta'lim maktabi
42.748524,59.73478,22-sonli umumiy o'rta ta'lim maktabi
42.69609,59.689857,23-sonli umumiy o'rta ta'lim maktabi
42.71058,59.774673,24-sonli umumiy o'rta ta'lim maktabi
42.65869,59.77734,25-sonli umumiy o'rta ta'lim maktabi
42.730335,59.657112,26-sonli umumiy o'rta ta'lim maktabi
42.781715,59.75263,27-sonli umumiy o'rta ta'lim maktabi
42.791462,59.579453,30-sonli umumiy o'rta ta'lim maktabi
42.708485,59.822536,33-sonli umumiy o'rta ta'lim maktabi
42.805782,59.810135,34-sonli umumiy o'rta ta'lim maktabi
42.75247,59.488068,35-sonli umumiy o'rta ta'lim maktabi
42.74634,59.804207,36-sonli umumiy o'rta ta'lim maktabi
42.70055,59.866737,37-sonli umumiy o'rta ta'lim maktabi
42.743443,59.87679,38-sonli umumiy o'rta ta'lim maktabi
42.836967,59.48363,39-sonli umumiy o'rta ta'lim maktabi
42.62949,59.724987,40-sonli umumiy o'rta ta'lim maktabi
42.745083,59.56951,41-sonli umumiy o'rta ta'lim maktabi
42.77465,59.605793,55-sonli ayrim fanlar chuqur o'qitiladigan sinflari mavjud umumiy o'rta ta'lim maktabi
43.094597,58.785954,1-sonli umumiy  o'rta  ta'lim maktabi
43.01195,58.877983,2-sonli umumiy o'rta ta'lim maktabi
43.146305,58.724636,3-sonli umumiy o'rta ta'lim maktabi
42.96021,58.851467,4-sonli umumiy o'rta ta'lim maktabi
43.186245,58.589756,5-sonli umumiy o'rta ta'lim maktabi
42.90223,58.848877,6-sonli umumiy o'rta ta'lim maktabi
43.05186,58.799847,7-sonli umumiy o'rta ta'lim maktabi
42.93673,58.90009,8-sonli umumiy o'rta ta'lim maktabi
42.932472,58.813866,9-sonli umumiy o'rta ta'lim maktabi
42.992027,58.84495,10-sonli umumiy o'rta ta'lim maktabi
42.960575,58.924297,12-sonli umumiy o'rta ta'lim maktabi
42.926037,58.99523,13-sonli umumiy o'rta ta'lim maktabi
43.02293,58.76913,14-sonli umumiy o'rta ta'lim maktabi
43.054733,58.740894,15-sonli umumiy o'rta ta'lim maktabi
43.261555,58.620064,17-sonli umumiy o'rta ta'lim maktabi
43.072716,58.82504,18-sonli umumiy o'rta ta'lim maktabi
42.923504,58.728485,19-sonli umumiy o'rta ta'lim maktabi
43.013294,59.095146,20-sonli umumiy o'rta ta'lim maktabi
42.986423,58.760742,21-sonli umumiy o'rta ta'lim maktabi
43.148964,58.862385,22-sonli umumiy o'rta ta'lim maktabi
42.89016,58.858887,23-sonli umumiy o'rta ta'lim maktabi
43.087345,58.9899,24-sonli umumiy o'rta ta'lim maktabi
44.77034,56.19926,26-sonli umumiy o'rta ta'lim maktabi
43.15343,58.211445,31-sonli umumiy o'rta ta'lim maktabi
43.02719,58.839703,32-sonli umumiy o'rta ta'lim maktabi
43.031216,58.874924,33-sonli umumiy o'rta ta'lim maktabi
43.0695,58.89345,34-sonli ayrim fanlar chuqur o'qitiladigan sinflari mavjud umumiy o'rta ta'lim  maktabi
43.046837,58.841557,35-sonli ayrim fanlar chuqur o'qitiladigan sinflari mavjud umumiy o'rta ta'lim maktabi
43.041653,58.848904,36-sonli umumiy o'rta ta'lim maktabi
43.03694,58.8616,37-sonli umumiy o'rta ta'lim maktabi
43.060284,58.89255,38-sonli umumiy o'rta ta'lim maktabi
43.074368,58.907684,39-sonli ayrim fanlar chuqur o'qitiladigan sinflari mavjud umumiy o'rta ta'lim maktabi
43.07931,58.92163,40-sonli umumiy o'rta ta'lim maktabi
43.082855,58.906815,41-sonli umumiy o'rta ta'lim maktabi
43.072205,58.914707,42-sonli umumiy o'rta ta'lim maktabi
43.057034,58.846474,43-sonli umumiy o'rta ta'lim maktabi
43.0582,58.907497,44-sonli umumiy o'rta ta'lim maktabi
43.05028,58.817448,46-sonli umumiy o'rta ta'lim maktabi
43.05555,58.841103,47-sonli umumiy o'rta ta'lim maktabi
43.063644,58.86795,48-sonli umumiy o'rta ta'lim maktabi
43.04453,58.841663,50-sonli ayrim fanlar chuqur o'qitiladigan sinflari mavjud umumiy o'rta ta'lim maktabi
43.03473,58.839752,51-sonli umumiy o'rta ta'lim maktabi
43.10575,58.378307,52-sonli umumiy o'rta ta'lim maktabi
43.046185,58.855682,53-sonli umumiy o'rta ta'lim maktabi
43.973843,57.495914,54-sonli umumiy o'rta ta'lim maktabi
43.973843,57.495914,55-sonli umumiy o'rta ta'lim maktabi
44.014416,57.52778,57-sonli umumiy o'rta ta'lim maktabi
43.7599,59.02367,1-sonli umumiy o‘rta ta'lim maktabi
43.76044,59.02611,2-sonli umumiy o'rta ta'lim maktabi
43.76753,59.03116,3-sonli ayrim fanlar chuqur o'qitiladigan sinflari mavjud umumiy o'rta ta'lim maktabi
43.78958,59.02448,4-sonli umumiy o'rta ta'lim maktabi
43.77561,59.02717,5-sonli umumiy o'rta ta'lim maktabi
43.82462,58.88601,6-sonli umumiy o'rta ta'lim maktabi
43.68851,59.04736,7-sonli umumiy o'rta ta'lim maktabi
43.60396,59.00745,9-sonli umumiy o'rta ta'lim maktabi
43.57442,59.10621,10-sonli umumiy o'rta ta'lim maktabi
43.5714,59.1453,11-sonli umumiy o'rta ta'lim maktabi
43.60429,59.24258,12-sonli umumiy o'rta ta'lim maktabi
43.41201,59.63241,14-sonli umumiy o'rta ta'lim maktabi
43.42663,59.66459,15-sonli umumiy o‘rta ta'lim maktabi
43.15539,59.13207,16-sonli umumiy o'rta ta'lim maktabi
43.20711,59.12732,17-sonli umumiy o'rta ta'lim maktabi
43.29506,58.95591,18-sonli umumiy o'rta ta'lim maktabi
42.59342,59.53475,1-sonli ayrim fanlar chuqur o‘qitiladigan sinflari mavjud umumiy o‘rta ta’lim maktabi
42.633034,59.51002,2-sonli umumiy o'rta ta'lim maktabi
42.63936,59.477524,3-sonli umumiy o'rta ta'lim maktabi
42.48775,59.57072,4-sonli umumiy o'rta ta'lim maktabi
42.59616,59.59428,5-sonli umumiy o'rta ta'lim maktabi
42.601616,59.543354,6-sonli umumiy o'rta ta'lim maktabi
42.54055,59.52243,7-sonli umumiy o'rta ta'lim maktabi
42.58477,59.5645,8-sonli umumiy o'rta ta'lim maktabi
42.58675,59.723274,9-sonli umumiy o'rta ta'lim maktabi
42.580906,59.410545,10-sonli umumiy o'rta ta'lim maktabi
42.763153,59.332916,11-sonli umumiy o'rta ta'lim maktabi
42.574547,59.670387,12-sonli umumiy o'rta ta'lim maktabi
42.692303,59.48127,13-sonli umumiy o'rta ta'lim maktabi
42.64797,59.52169,14-sonli umumiy o'rta ta'lim maktabi
42.630043,59.552887,15-sonli umumiy o'rta ta'lim maktabi
42.54391,59.555676,16-sonli umumiy o'rta ta'lim maktabi
42.509113,59.573723,17-sonli umumiy o'rta ta'lim maktabi
42.627033,59.81274,18-sonli umumiy o'rta ta'lim maktabi
42.4819,59.58482,19-sonli umumiy o'rta ta'lim maktabi
42.59239,59.75482,20-sonli umumiy o'rta ta'lim maktabi
42.601456,59.533386,21-sonli umumiy o'rta ta'lim maktabi
42.563377,59.648262,22-sonli umumiy o'rta ta'lim maktabi
42.632687,59.47729,23-sonli umumiy o'rta ta'lim maktabi
42.500057,59.543694,25-sonli umumiy o'rta ta'lim maktabi
42.60598,59.505753,26-sonli umumiy o'rta ta'lim maktabi
42.709488,59.4259,27-sonli umumiy o'rta ta'lim maktabi
42.57806,59.60683,28-sonli umumiy o'rta ta'lim maktabi
42.635387,59.340538,29-sonli umumiy o'rta ta'lim maktabi
42.6428,59.471992,30-sonli umumiy o'rta ta'lim maktabi
42.584965,59.55526,31-sonli umumiy o'rta ta'lim maktabi
42.550304,59.570595,32-sonli umumiy o'rta ta'lim maktabi
42.340244,59.570305,1-sonli umumiy o'rta ta'lim maktabi
42.330006,59.589733,2-sonli umumiy o'rta ta'lim maktabi
42.33272,59.573677,3-sonli umumiy o'rta ta'lim maktabi
42.345562,59.56782,4-sonli umumiy o'rta ta'lim maktabi
42.30799,59.58912,5-sonli umumiy o'rta ta'lim maktabi
42.336006,59.58127,6-sonli ayrim fanlar chuqur o'qitiladigan sinfi mavjud umumiy o'rta ta'lim maktabi
42.346317,59.605293,7-sonli umumiy o'rta ta'lim maktabi
42.35935,59.594814,8-sonli umumiy o'rta ta'lim maktabi
42.33097,59.56115,9-sonli ayrim fanlar chuqur o‘qitiladigan sinflari mavjud  umumiy o‘rta ta’lim maktabi
42.30647,59.534645,10-sonli umumiy o'rta ta'lim maktabi
42.309208,59.675053,11-sonli umumiy o'rta ta'lim maktabi
42.29523,59.575325,12-sonli umumiy o'rta ta'lim maktabi
42.30252,59.620255,13-sonli umumiy o'rta ta'lim maktabi
42.32976,59.634975,14-sonli umumiy o'rta ta'lim maktabi
42.29885,59.55251,15-sonli umumiy o'rta ta'lim maktabi
42.335243,59.507214,16-sonli umumiy o'rta ta'lim maktabi
42.33554,59.56628,17-sonli umumiy o'rta ta'lim maktabi
42.341434,59.54111,18-sonli umumiy o'rta ta'lim maktabi
42.30327,59.50974,19-sonli umumiy o'rta ta'lim maktabi
42.30991,59.44152,20-sonli umumiy o'rta ta'lim maktabi
42.341877,59.408398,21-sonli umumiy o'rta ta'lim maktabi
42.341137,59.465824,22-sonli umumiy o'rta ta'lim maktabi
43.013504,60.278633,1-sonli umumiy o'rta ta'lim maktabi
43.02548,60.292007,2-sonli umumiy o'rta ta'lim maktabi
43.024734,60.278076,3-sonli ayrim fanlar chuqur o'qitiladigan sinflari mavjud umumiy o'rta ta'lim maktabi
43.009735,60.297634,4-sonli umumiy o'rta ta'lim maktabi
43.018967,60.300407,5-sonli ayrim fanlar chuqur o'qitiladigan sinflari mavjud umumiy o'rta ta'lim maktabi
43.030216,60.265934,6-sonli ayrim fanlar chuqur o'qitiladigan sinfi mavjud umumiy o'rta ta'lim maktabi
43.02036,60.331196,7-sonli umumiy o'rta ta'lim maktabi
42.97344,60.24704,8-sonli umumiy o'rta ta'lim maktabi
43.061993,60.188457,9-sonli umumiy o'rta ta'lim maktabi
43.060738,60.222954,10-sonli umumiy o'rta ta'lim maktabi
43.04787,60.236217,11-sonli umumiy o'rta ta'lim maktabi
43.154633,60.34069,12-sonli umumiy o'rta ta'lim maktabi
43.149323,60.362846,13-sonli umumiy o'rta ta'lim maktabi
43.157864,60.434196,14-sonli umumiy o'rta ta'lim maktabi
43.149364,60.507824,15-sonli umumiy o'rta ta'lim maktabi
42.99824,60.431477,16-sonli umumiy o'rta ta'lim maktabi
42.991074,60.43723,17-sonli umumiy o'rta ta'lim maktabi
43.073574,60.46725,18-sonli umumiy o'rta ta'lim maktabi
42.961117,60.391426,19-sonli umumiy o‘rta ta'lim maktabi
42.909527,60.441917,20-sonli umumiy o'rta ta'lim maktabi
42.935234,60.318672,21-sonli umumiy o'rta ta'lim maktabi
43.02355,60.447212,22-sonli umumiy o'rta ta'lim maktabi
43.48625,61.59248,23-sonli umumiy o'rta ta'lim maktabi
41.55558,60.996014,1-sonli umumiy o'rta ta'lim maktabi
41.475533,61.05488,2-sonli  umumiy o'rta ta'lim maktabi
41.561108,61.001156,3-sonli umumiy o'rta ta'lim maktabi
41.521187,60.992947,4-sonli umumiy o'rta ta'lim maktabi
41.557674,60.976513,5-sonli umumiy o'rta ta'lim maktabi
41.560234,61.04994,6-sonli umumiy o'rta ta'lim maktabi
41.402542,61.210224,7-sonli umumiy o'rta ta'lim maktabi
41.585453,61.008205,8-sonli umumiy o'rta ta'lim maktabi
41.61028,61.051575,9-sonli umumiy o'rta ta'lim maktabi
41.58015,60.926025,10-sonli umumiy o'rta ta'lim maktabi
41.454712,61.105892,11-sonli umumiy o'rta ta'lim maktabi
41.530487,60.979256,12-sonli umumiy o'rta ta'lim maktabi
41.4819,61.12123,13-sonli umumiy o'rta ta'lim maktabi
41.434647,61.120964,14-sonli umumiy o'rta ta'lim maktabi
41.63915,60.96063,15-sonli umumiy o'rta ta'lim maktabi
41.55027,61.00424,16-sonli umumiy o'rta ta'lim maktabi
41.490753,61.033173,17-sonli umumiy o'rta ta'lim maktabi
41.55583,61.01017,18-sonli ayrim fanlar chuqur o'qitiladigan sinflari mavjud umumiy o'rta ta'lim maktabi
41.516964,61.033253,19-sonli umumiy o'rta ta'lim maktabi
41.66693,61.05955,20-sonli umumiy o'rta ta'lim maktabi
41.581936,61.052322,21-sonli umumiy o'rta ta'lim maktabi
41.550262,60.989143,22-sonli umumiy o'rta ta'lim maktabi
41.49183,61.05391,23-sonli umumiy o'rta ta'lim maktabi
41.506138,61.119877,24-sonli umumiy o'rta ta'lim maktabi
41.678795,60.954937,25-sonli umumiy o'rta ta'lim maktabi
41.368874,61.265602,26-sonli umumiy o'rta ta'lim maktabi
41.5602,60.931145,27-sonli umumiy oʻrta ta'lim maktabi
41.72292,61.12713,28-sonli umumiy o'rta ta'lim maktabi
41.5683,61.01689,29-sonli umumiy o'rta ta'lim maktabi
41.5448,60.999817,30-sonli umumiy oʻrta taʼlim maktabi
41.50414,60.99537,31-sonli umumiy o'rta ta'lim maktabi
41.57429,60.985878,32-sonli umumiy o'rta ta'lim maktabi
41.477337,61.08007,33-sonli umumiy o'rta ta'lim maktabi
41.41343,61.164955,34-sonli umumiy o'rta ta'lim maktabi
41.463543,61.086617,35-sonli umumiy o'rta ta'lim maktabi
41.622547,60.972553,36-sonli umumiy o'rta ta'lim maktabi
41.601604,60.998222,37-sonli umumiy o'rta ta'lim maktabi
41.722336,61.169857,38-sonli umumiy o'rta ta'lim maktabi
41.897964,61.21177,39-sonli umumiy o'rta ta'lim maktabi
41.567646,60.954433,40-sonli ayrim fanlar chuqur o'qitiladigan sinflari mavjud maktab
41.829796,61.24641,41-sonli umumiy o'rta ta'lim maktabi
41.447357,61.12209,42-sonli umumiy o'rta ta'lim maktabi
41.50695,61.062145,43-sonli umumiy o'rta ta'lim maktabi
41.538475,61.0339,44-sonli umumiy o'rta ta'lim maktabi
41.54686,61.024673,45-sonli umumiy o'rta ta'lim maktabi
41.960926,61.334206,46-sonli umumiy o'rta ta'lim maktabi
41.900784,61.15854,47-sonli umumiy o'rta ta'lim maktabi
41.895874,61.388294,48-sonli umumiy o'rta ta'lim maktabi
41.68463,61.097004,49-sonli umumiy o'rta ta'lim maktabi
41.86145,61.473915,50-sonli umumiy o‘rta ta'lim maktabi
41.597218,61.059025,51-sonli umumiy o'rta ta'lim maktabi
41.790997,61.15068,52-sonli umumiy o'rta ta'lim maktabi
41.43204,61.143864,55-sonli umumiy o'rta ta'lim maktabi
41.730625,61.20909,56-sonli umumiy o'rta ta'lim maktabi
41.224724,61.370735,58-sonli umumiy o'rta ta'lim maktabi
41.465748,61.122208,59-sonli umumiy o'rta ta'lim maktabi
41.6565,60.958424,60-sonli umumiy o'rta ta'lim maktabi
41.49093,61.01229,61-sonli umumiy o'rta ta'lim maktabi
41.585723876953125,61.009639739990234,"62,Turtkul,Karakalpakstan"
41.544384,61.011482,63-sonli umumiy o'rta ta'lim maktabi
41.490967,61.05486,64-sonli umumiy o'rta ta'lim maktabi
41.571594,61.0347,65-sonli umumiy o'rta ta'lim maktabi
41.389805,61.20228,67-sonli umumiy o'rta ta'lim maktabi
41.54025,60.995224,68-sonli ayrim fanlar chuqur o'qitiladigan sinflari mavjud umumiy o'rta ta'lim maktabi
41.413868,61.20055,69-sonli umumiy o'rta ta'lim maktabi
41.61871,61.06372,70-sonli umumiy o'rta ta'lim maktabi
41.55769348144531,60.990638732910156,"5-INTERNAT,Turtkul,Karakalpakstan"
42.38258,59.51943,1-sonli umumiy o'rta ta'lim maktabi
42.40633,59.4384,2-sonli ayirim fanlar chuqur o`qitiladigan sinflari mavjud umumiy o`rta ta`lim maktabi
42.413303,59.454468,3-sonli umumiy o'rta ta'lim maktabi
42.4159,59.463425,4-sonli umumiy o'rta ta'lim maktabi
42.42576,59.49229,5-sonli umumiy o'rta ta'lim maktabi
42.394287,59.462227,6-sonli ayirim fanlar chuqur o'qitiladigan sinflari mavjud umumiy o'rta ta'lim maktabi
42.447906,59.382812,7-sonli umumiy o'rta ta'lim maktabi
42.39945,59.42057,8-sonli umumiy o'rta ta'lim maktabi
42.48125,59.347363,9-sonli umumiy o'rta ta'lim maktabi
42.42185,59.40406,10-sonli umumiy o'rta ta'lim maktabi
42.559383,59.231716,11-sonli umumiy o'rta ta'lim maktabi
42.37245,59.31096,12-sonli umumiy o'rta ta'lim maktabi
42.447906,59.382812,13-sonli umumiy o'rta ta'lim maktabi
42.4432,59.44498,14-sonli umumiy o'rta ta'lim maktabi
42.4232,59.44935,15-сонли айрим фанлар чуқур ўқитиладиган синфлари мавжуд умумий ўрта таълим мактаби
42.49981,59.325157,16-sonli umumiy o'rta ta'lim maktabi
42.489708,59.322712,17-sonli umumiy o'rta ta'lim maktabi
42.489708,59.322712,18-sonli umumiy o'rta ta'lim maktabi
42.40984,59.447,19-sonli umumiy o'rta ta'lim maktabi
42.40984,59.486,20-sonli umumiy o'rta ta'lim maktabi
42.36431,59.45713,21-sonli umumiy o'rta ta'lim maktabi
42.400402,59.453976,22-sonli umumiy o'rta ta'lim maktabi
42.435165,59.542637,23-sonli umumiy o'rta ta'lim maktabi
42.43367,59.473843,24-sonli umumiy o'rta ta'lim maktabi
42.447956,59.537846,25-sonli umumiy o'rta ta'lim maktabi
42.43134,59.54137,26-sonli umumiy o'rta ta'lim maktabi
42.407787,59.47163,27-sonli umumiy o'rta ta'lim maktabi
42.426254,59.47497,28-sonli umumiy o'rta ta'lim maktabi
42.426,59.481014,29-sonli umumiy o'rta ta'lim maktabi
42.51184,59.32046,30-sonli umumiy o'rta ta'lim maktabi
42.53973,59.33567,31-sonli umumiy o'rta ta'lim maktabi
42.406742,59.453766,32-sonli umumiy o'rta ta'lim maktabi
42.41899,59.42408,33-sonli umumiy o'rta ta'lim maktabi
42.40753,59.413265,34-sonli umumiy o'rta ta'lim maktabi
42.409508,59.43905,35-sonli umumiy o'rta ta'lim maktabi
42.481133,59.419197,36-sonli umumiy o'rta ta'lim maktabi
42.44741,59.35147,37-sonli umumiy o'rta ta'lim maktabi
42.38072,59.393616,38-sonli umumiy o'rta ta'lim maktabi
42.433197,59.528038,39-sonli umumiy o'rta ta'lim maktabi
42.414234,59.443974,40-sonli umumiy o'rta ta'lim maktabi
42.414234,59.443974,41-sonli ayrim fanlar chuqur o`qitiladigan sinflari mavjud umumiy o`rta ta`lim maktabi
42.3782,59.55374,42-sonli umumiy o'rta ta'lim maktabi
42.40488815307617,59.45283126831055,"6-BS,Khujayli,Karakalpakstan"
42.82961,59.766388,1-sonli umumiy o'rta ta'lim maktabi
43.089966,59.787468,2-sonli umumiy o'rta ta'lim maktabi
42.906113,59.683475,3-sonli umumiy o'rta ta'lim maktabi
43.031586,59.84683,4-sonli umumiy o'rta ta'lim maktabi
42.893017,59.789345,5-sonli umumiy o'rta ta'lim maktabi
42.866844,59.87008,6-sonli umumiy o'rta ta'lim maktabi
42.958622,59.86121,7-sonli umumiy o'rta ta'lim maktabi
43.059284,59.862244,8-sonli umumiy o'rta ta'lim maktabi
42.94541,59.77007,9-sonli umumiy o'rta ta'lim maktabi
42.959564,59.75875,10-sonli umumiy o'rta ta'lim maktabi
43.041027,59.63846,11-sonli umumiy o'rta ta'lim maktabi
43.204998,59.66495,12-sonli umumiy o'rta ta'lim maktabi
42.914345,59.786533,13-sonli umumiy o'rta ta'lim maktabi
43.087463,59.706734,14-sonli umumiy o'rta ta'lim maktabi
43.046757,59.602142,15-sonli umumiy o'rta ta'lim maktabi
42.936516,59.781467,16-sonli umumiy o'rta ta'lim maktabi
42.936863,59.61823,17-sonli umumiy o'rta ta'lim maktabi
42.98741,59.68352,18-sonli umumiy o'rta ta'lim maktabi
42.98742,59.68235,19-sonli umumiy o'rta ta'lim maktabi
42.94774,59.693726,20-sonli umumiy o'rta ta'lim maktabi
42.93127,59.80215,21-sonli umumiy o'rta ta'lim maktabi
43.079544,59.63346,22-sonli umumiy o'rta ta'lim maktabi
42.921394,59.809414,23-sonli umumiy o'rta ta'lim maktabi
42.857815,59.755486,24-sonli umumiy o'rta ta'lim maktabi
43.022575,59.929855,25-sonli umumiy o'rta ta'lim maktabi
43.114964,59.548622,26-sonli umumiy o'rta ta'lim maktabi
43.014202,59.735146,27-sonli umumiy o'rta ta'lim maktabi
43.045116,59.788303,28-sonli umumiy o'rta ta'lim maktabi
43.056293,59.695217,29-sonli umumiy o'rta ta'lim maktabi
43.084496,59.85512,30-sonli umumiy o'rta ta'lim maktabi
43.09063,59.7582,31-sonli umumiy o'rta ta'lim maktabi
42.931824,59.747578,32-sonli umumiy o'rta ta'lim maktabi
42.892216,59.61839,33-sonli umumiy o'rta ta'lim maktabi
43.09696,59.789417,34-sonli umumiy o'rta ta'lim maktabi
43.08815,59.818497,35-sonli umumiy o'rta ta'lim maktabi
42.9338,59.762924,36-sonli ayrim fanlar chuqur o'qitiladigan sinflari mavjud umumiy o'rta ta'lim maktabi
42.938118,59.766068,37-sonli umumiy o'rta ta'lim maktabi
42.92609,59.778862,38-sonli umumiy o'rta ta'lim maktabi
42.938496,59.78446,39-sonli umumiy o'rta ta'lim maktabi
42.932396,59.78281,40-sonli umumiy o'rta ta'lim maktabi
42.925304,59.7764,41-sonli umumiy o'rta ta'lim maktabi
42.942802,59.805466,42-sonli umumiy o'rta ta'lim maktabi
42.940754,59.772427,43-sonli ayrim fanlar chuqur o'qitiladigan sinflari mavjud umumiy o'rta ta'lim maktabi
42.925976,59.794304,44-sonli umumiy o'rta ta'lim maktabi
42.910854,59.664803,45-sonli umumiy o'rta ta'lim maktabi
42.94148,59.790146,48-sonli umumiy o'rta ta'lim maktabi
42.918507,59.781315,49-sonli umumiy o'rta ta'lim maktabi
42.63731,58.91797,1-sonli umumiy o‘rta ta'lim maktabi
42.64047,58.867607,2-sonli umumiy o'rta ta'lim maktabi
42.611317,58.897835,3-sonli umumiy o'rta ta'lim maktabi
42.643684,58.928463,4-sonli umumiy o'rta ta'lim maktabi
42.62157,58.99699,5-sonli umumiy o‘rta ta'lim maktabi
42.565895,59.027443,6-sonli umumiy o'rta ta'lim maktabi
42.63158,58.93213,7-sonli umumiy o'rta ta'lim maktabi
42.675694,58.934616,8-sonli umumiy o'rta ta'lim maktabi
42.770275,58.788795,9-sonli ayrim fanlar chuqur o'qitiladigan sinflari mavjud umumiy o'rta ta'lim maktabi
42.80746,58.747005,10-sonli umumiy o'rta ta'lim maktabi
42.758446,58.71837,11-sonli umumiy o'rta ta'lim maktabi
42.69689,58.783943,12-sonli umumiy o'rta ta'lim maktabi
42.553463,59.120396,13-sonli umumiy o'rta ta'lim maktabi
42.66158,58.886883,14-sonli  umumiy o'rta ta'lim maktabi
42.62035,59.13205,15-sonli umumiy o'rta ta'lim maktabi
42.632862,58.91181,16-sonli umumiy o'rta ta'lim maktabi
42.624035,59.20288,17-sonli umumiy o'rta ta'lim maktabi
42.7676,58.81053,18-sonli umumiy o'rta ta'lim maktabi
42.797855,58.778835,19-sonli umumiy o'rta ta'lim maktabi
42.738,58.77107,20-sonli umumiy o'rta ta'lim maktabi
42.578186,59.214615,21-sonli umumiy o'rta ta'lim maktabi
42.797688,58.69264,22-sonli umumiy o'rta ta'lim maktabi
42.628773,58.94288,23-sonli umumiy o'rta ta'lim maktabi
42.666283,59.11486,24-sonli umumiy o'rta ta'lim maktabi
42.66305,59.166718,25-sonli umumiy o'rta ta'lim maktabi
42.77156,58.772747,26-sonli umumiy o'rta ta'lim maktabi
42.603867,59.056606,27-sonli umumiy o'rta ta'lim maktabi
42.610294342041016,59.151424407958984,"28,Shumanay,Karakalpakstan"
42.84079,58.723152,29-sonli umumiy o'rta ta'lim maktabi
42.72175,58.9084,30-sonli umumiy o'rta ta'lim maktabi
42.61319,59.18615,31-sonli umumiy o'rta ta'lim maktabi
42.613083,59.16768,32-sonli umumiy o'rta ta'lim maktabi
42.63187,58.9264,33-sonli ayrim fanlar chuqur o'qitiladigan sinflari mavjud umumiy o'rta ta'lim maktabi
41.580463,60.909863,1-sonli umumiy o'rta ta'lim maktabi
41.633324,60.837696,2-sonli umumiy o'rta ta'lim maktabi
41.620728,60.82228,3-sonli umumiy o'rta ta'lim maktabi
41.6383,60.820984,4-sonli umumiy o'rta ta'lim maktabi
41.60239,60.84725,5-sonli umumiy o'rta ta'lim maktabi
41.60238,60.8471,6-sonli umumiy o'rta ta'lim maktabi
41.63553,60.898388,7-sonli umumiy o'rta ta'lim maktabi
41.57758,60.89419,8-sonli umumiy o'rta ta'lim maktabi
41.581028,60.874084,9-sonli umumiy o'rta ta'lim maktabi
41.580032,60.925762,10-sonli umumiy o'rta ta'lim maktabi
41.665775,60.886826,11-sonli umumiy o'rta ta'lim maktabi
41.545692,60.936085,12-sonli umumiy o'rta ta'lim maktabi
41.69415,60.988964,13-sonli ayrim fanlar chuqur o'qitiladigan sinflari mavjud umumiy o'rta ta'lim maktabi
41.73925,60.982075,14-sonli umumiy o'rta ta'lim maktabi
41.69783,60.96596,15-sonli umumiy o'rta ta'lim maktabi
41.80679,61.064228,16-sonli umumiy o‘rta ta'lim maktabi
41.880554,60.8945,17-sonli umumiy o'rta ta'lim maktabi
41.780487,61.055546,18-sonli umumiy o'rta ta'lim maktabi
41.85947,61.0735,19-sonli umumiy o'rta ta'lim maktabi
41.94433,61.09809,20-sonli umumiy o'rta ta'lim maktabi
41.823967,60.918186,21-sonli umumiy o'rta ta'lim maktabi
41.840073,60.916264,22-sonli umumiy o‘rta ta'lim maktabi
41.628624,60.80389,23-sonli umumiy o'rta ta'lim maktabi
41.612164,60.923916,24-sonli umumiy o'rta ta'lim maktabi
41.601425,60.868465,25-sonli umumiy o'rta ta'lim maktabi
41.713898,60.876,26-sonli umumiy o'rta ta'lim maktabi
41.56023,60.931248,27-sonli umumiy o'rta ta'lim maktabi
41.596592,60.936806,28-sonli umumiy o'rta ta'lim maktabi
41.69139,60.95674,29-sonli umumiy o'rta ta'lim maktabi
41.728165,61.03114,30-sonli umumiy o'rta ta'lim maktabi
41.999058,61.121544,31-sonli umumiy o'rta ta'lim maktabi
41.899117,60.844025,32-sonli umumiy o'rta ta'lim maktabi
42.66545,61.520153,33-sonli umumiy o'rta ta'lim maktabi
41.78174,60.924625,34-sonli umumiy o'rta ta'lim maktabi
41.925873,60.799557,35-sonli umumiy o'rta ta'lim maktabi
41.86267,60.919834,36-sonli umumiy o'rta ta'lim maktabi
41.890606,61.0741,37-sonli umumiy o'rta ta'lim maktabi
41.951107,61.020832,38-sonli umumiy o'rta ta'lim maktabi
41.815056,60.894405,39-sonli umumiy o'rta ta'lim maktabi
41.75879,61.055252,40-sonli umumiy o'rta ta'lim maktabi
41.53926,60.950027,41-sonli umumiy o'rta ta'lim maktabi
41.68172,60.97624,42-sonli umumiy o'rta ta'lim maktabi
41.711388,61.003216,43-sonli umumiy o'rta ta'lim maktabi
41.831833,61.081043,44-sonli umumiy o'rta ta'lim maktabi
41.816357,61.0853,45-sonli umumiy o'rta ta'lim maktabi
41.61921,60.932415,46-sonli umumiy o'rta ta'lim maktabi
41.844505,60.92417,47-sonli umumiy o'rta ta'lim maktabi
41.646656,60.924927,48-sonli umumiy o'rta ta'lim maktabi
41.57273,60.891003,49-sonli umumiy o'rta ta'lim maktabi
41.878307,60.875313,50-sonli umumiy o'rta ta'lim maktabi
41.913925,61.08959,51-sonli umumiy o'rta ta'lim maktabi
41.712826,60.979557,52-sonli umumiy o'rta ta'lim maktabi
41.63032,60.837944,53-sonli umumiy o'rta ta'lim maktabi
41.618626,60.85224,54-sonli umumiy o'rta ta'lim maktabi
41.903774,60.912453,55-sonli umumiy o'rta ta'lim maktabi
41.72103,60.90161,56-sonli umumiy o'rta ta'lim maktabi
41.76583,60.91803,57-sonli umumiy o‘rta ta'lim maktabi
41.59047,60.89767,58-sonli umumiy o'rta ta'lim maktabi
41.719074,60.949116,59-sonli umumiy o'rta ta'lim maktabi
41.823425,61.06617,60-sonli umumiy o'rta ta'lim maktabi
41.85508,60.931694,61-sonli ayrim fanlar chuqur o'qitiladigan sinflari mavjud umumiy o'rta ta'lim maktabi
41.82198,60.915882,62-sonli umumiy o'rta ta'lim maktabi
41.75957,60.95333,63-sonli umumiy o'rta ta'lim maktabi
41.799404,60.95024,64-sonli umumiy o'rta ta'lim maktabi
41.666218,60.98765,65-sonli umumiy o'rta ta'lim maktabi
41.8323,60.93353,66-sonli ayrim fanlar chuqur o'qitiladigan sinflari mavjud umumiy o'rta ta'lim maktabi
41.717484,60.97405,67-sonli umumiy o'rta ta'lim maktabi
41.596436,60.865913,68-sonli ayrim fanlar chuqur o'qitiladigan sinflari mavjud umumiy o'rta ta'lim maktabi
41.80647,61.06369,69-sonli ayrim fanlar chuqur o‘qitiladigan sinflari mavjud umumiy o‘rta ta’lim maktabi
41.595154,60.935085,70-sonli ayrim fanlar chuqur o'qitiladigan sinflari mavjud umumiy o'rtata'lim maktabi
41.624477,60.89891,71-sonli ayrim fanlar chuqur o'qitiladigan sinflari mavjud umumiy o'rta ta'lim maktabi
41.862056732177734,60.889278411865234,"13-INTERNAT,Ellikkala,Karakalpakstan"
41.003193,71.66654,1-sonli umumiy o'rta ta'lim maktabi
41.009842,71.631065,2-sonli umumiy o'rta ta'lim maktabi
40.990337,71.65992,3-sonli umumiy o'rta ta'lim maktabi
41.000217,71.68449,4-sonli umumiy o'rta ta'lim maktabi
40.99607,71.67403,5-sonli umumiy o'rta ta'lim maktabi
40.994854,71.67343,6-sonli umumiy o'rta ta'lim maktabi
40.999023,71.66556,7-sonli umumiy o'rta ta'lim maktabi
40.98968,71.67689,8-sonli umumiy o'rta ta'lim maktabi
41.020416,71.700035,9-sonli umumiy o'rta ta'lim maktabi
40.983017,71.675385,10-sonli umumiy o'rta ta'lim maktabi
40.993053,71.68127,11-sonli umumiy o'rta ta'lim maktabi
40.995056,71.663864,12-sonli umumiy o'rta ta'lim maktabi
41.010544,71.6734,13-sonli umumiy o'rta ta'lim maktabi
41.01154,71.72527,14-sonli umumiy o'rta ta'lim maktabi
41.005104,71.68811,15-sonli umumiy o'rta ta'lim maktabi
41.009296,71.69783,16-sonli umumiy o'rta ta'lim maktabi
40.981857,71.693794,17-sonli umumiy o'rta ta'lim maktabi
40.990227,71.65256,19-sonli umumiy o'rta ta'lim maktabi
40.993427,71.650665,20-sonli umumiy o'rta ta'lim maktabi
40.978603,71.65496,21-sonli umumiy o'rta ta'lim maktabi
40.99441,71.691284,22-sonli umumiy o'rta ta'lim maktabi
41.01322,71.68723,23-sonli umumiy o'rta ta'lim maktabi
40.975967,71.66758,24-sonli umumiy o'rta ta'lim maktabi
40.983875,71.65116,25-sonli umumiy o'rta ta'lim maktabi
41.017174,71.71482,26-sonli umumiy o'rta ta'lim maktabi
40.98426,71.7006,27-sonli umumiy o'rta ta'lim maktabi
40.985073,71.6862,28-sonli umumiy o'rta ta'lim maktabi
40.987354,71.71043,29-sonli umumiy o'rta ta'lim maktabi
41.0175,71.70775,30-sonli umumiy o'rta ta'lim maktabi
41.003952,71.6757,31-sonli umumiy o'rta ta'lim maktabi
41.016586,71.69631,32-sonli umumiy o'rta ta'lim maktabi
41.00219,71.65115,34-sonli umumiy o'rta ta'lim maktabi
41.017265,71.66492,35-sonli umumiy o'rta ta'lim maktabi
41.00239,71.69815,36-sonli umumiy o'rta ta'lim maktabi
40.975933,71.694145,37-sonli umumiy o'rta ta'lim maktabi
40.985214,71.663536,38-sonli umumiy o'rta ta'lim maktabi
41.003017,71.64522,39-sonli umumiy o'rta ta'lim maktabi
41.00786,71.68123,40-sonli umumiy o'rta ta'lim maktabi
40.985874,71.64508,41-sonli umumiy o'rta ta'lim maktabi
41.00256,71.69757,43-sonli umumiy o'rta ta'lim maktabi
41.018257,71.689804,44-sonli umumiy o'rta ta'lim maktabi
41.011982,71.67963,45-sonli umumiy o'rta ta'lim maktabi
40.99618,71.69622,46-sonli umumiy o'rta ta'lim maktabi
40.992992,71.646324,47-sonli umumiy o'rta ta'lim maktabi
40.97836,71.68072,50-sonli umumiy o'rta ta'lim maktabi
40.990322,71.63808,51-sonli umumiy o'rta ta'lim maktabi
41.023003,71.61585,55-sonli umumiy o'rta ta'lim maktabi
41.009785,71.62057,57-sonli ayrim fanlar chuqur o‘qitiladigan sinflari mavjud umumiy o‘rta ta’lim maktab
41.043617,71.6785,59-sonli umumiy o'rta ta'lim maktabi
41.026752,71.63613,60-sonli umumiy o'rta ta'lim maktabi
41.04194,71.66969,61-sonli boshlang'ich ta'lim maktabi
41.03034,71.67497,62-sonli umumiy o'rta ta'lim maktabi
41.037357,71.705956,63-sonli umumiy o'rta ta'lim maktabi
41.081413,71.6311,65-sonli umumiy o'rta ta'lim maktabi
40.99471,71.66481,66-sonli umumiy o'rta ta'lim maktabi
40.96909,71.65071,67-sonli umumiy o'rta ta'lim maktabi
41.02918,71.614334,68-sonli umumiy o'rta ta'lim maktabi
41.065914,71.63227,69-sonli umumiy o'rta ta'lim maktabi
41.02728,71.653755,70-sonli umumiy o'rta ta'lim maktabi
41.048717,71.66542,71-sonli umumiy o'rta ta'lim maktabi
41.04527,71.75093,73-sonli umumiy o'rta ta'lim maktabi
41.02173,71.74014,74-sonli umumiy o'rta ta'lim maktabi
41.01156,71.733505,75-sonli umumiy o'rta ta'lim maktabi
41.031075,71.7352,76-sonli umumiy o'rta ta'lim maktabi
41.040474,71.733665,83-sonli umumiy o'rta ta'lim maktabi
41.029377,71.719185,85-sonli umumiy o'rta ta'lim maktabi
41.04807,71.62738,86-sonli ayrim fanlar chuqur o'qitiladigan sinflari mavjud umumiy o'rta ta'lim maktabi
41.04365,71.611465,87-sonli umumiy o'rta ta'lim maktabi
40.99424,71.72308,88-sonli umumiy o'rta ta'lim maktabi
40.990753,71.70192,1-sonli ayrim fanlar chuqur o‘qitiladigan sinflari mavjud umumiy o‘rta ta’lim maktabi
40.99237060546875,71.63785552978516,"2-DIMI,Namangan,Namangan"
41.009987,71.61919,8-sonli ayrim fanlar chuqur o'qitiladigan sinflari mavjud maktab-internati
41.03594207763672,71.68051147460938,"49-MIMI,Yangi Namangan,Namangan"
40.914165,72.11183,1-umumiy o`rta ta`lim maktabi
40.91353,72.11751,2-sonli umumiy o'rta ta'lim maktabi
40.915905,72.127144,3-sonli umumiy o'rta ta'lim maktabi
40.966217,72.11103,4-sonli umumiy o'rta ta'lim maktabi
40.918953,72.108246,5-sonli umumiy o'rta ta'lim maktabi
40.928436,72.13309,6-sonli umumiy o'rta ta'lim maktabi
40.946068,72.12511,7-sonli umumiy o'rta ta'lim maktabi
40.963818,72.101456,9-sonli umumiy o'rta ta'lim maktabi
40.94926,72.086136,10-  sonli umumiy o'rta ta'lim maktabi
40.9266,72.09175,11-sonli umumiy o'rta ta'lim maktabi
40.903183,72.10862,Namangan viloyati Norin tumani 12-sonli umumiy o'rta ta'lim maktabi
40.90162,72.097824,13-sonli umumiy o'rta ta'lim maktabi
40.9244,72.03416,Norin numani MMTBga qarashli 14-sonli umumiy o'rta ta'lim maktabi
40.90185,72.05796,15-sonli umumiy o'rta talim maktabi
40.922855,72.048935,16-sonli umumiy o'rta ta'lim maktabi
40.93756,72.04256,17-sonli umumiy o'rta ta'lim maktabi
40.944496,72.05913,18-sonli umumiy o'rta ta'lim maktabi
40.962757,72.05484,Norin tumani 19-sonli umumiy o'rta ta'lim maktabi
40.980576,72.049034,20-sonli umumiy o'rta ta'lim maktabi
40.98468,72.06291,21-sonli umumiy o'rta ta'lim maktabi
40.972527,72.016914,22-sonli umumiy o'rta ta'lim maktabi
40.97235,71.98816,23-sonli umumiy o`rta ta`lim maktab
40.933815,71.99708,24-sonli umumiy oʻrta taʼlim maktabi
40.94648,71.98831,25-sonli umumiy o'rta ta'lim maktabi
40.898907,72.023994,26-sonli umumiy o'rta ta'lim maktabi
40.93081,72.00953,27-sonli umumiy o'rta ta'lim maktabita'lim maktabi
40.943367,72.02044,Норин тумани 28 -сонли умий Урта таьлим мактаби28-sonli umumiy o'rta ta'lim maktabi
40.90231,71.977394,29-sonli umumiy o'rta ta'lim maktabi
40.943386,71.95878,30-sonli umumiy  o'rta  ta'lim  maktabi
40.943974,71.98284,31-sonli umumiy o'rta ta'lim maktabi
40.959904,71.97616,32-sonli umumiy o'rta ta'lim maktabi
40.941578,71.97781,33-sonli umumiy o'rta ta'lim maktabi
40.93928,71.97256,Norin tumani 34-sonli ayrim sinflari chuqur o`qitiladigan sinflari mavjud umumiy o`rta ta`lim maktabi
40.95753,71.91154,35-sonli umumiy o'rta ta'lim maktabi
40.908623,71.95546,36-umumiy o'rta ta'lim maktabi
40.914795,71.93242,Norin tumani 37- sonli umumiy o'rta ta'lim maktabi
40.948574,71.89996,38-sonli umumiy o'rta ta'lim maktabi
40.93722,71.922935,39-sonli umumiy o'rta ta'lim maktabi
40.928226,71.90076,40-sonli umumiy o'rta ta'lim maktabi
40.929676,71.91127,41-sonli umumiy o'rta ta'lim maktabi
40.93656,71.877556,42-sonli umumiy o'rta ta'lim maktabi
40.92789,71.83859,43-sonli umumiy o'rta ta'lim maktabi
40.925735,71.83067,44-sonli umumiy o'rta ta'lim maktabi
41.058495,71.81565,1-sonli umumiy o'rta ta'lim maktabi
41.05125,71.81909,2-sonli umumiy o'rta ta'lim maktabi
41.055145,71.83117,3-sonli umumiy o'rta ta'lim maktabi
41.08372,71.87549,4-sonli umumiy o'rta ta'lim maktabi
41.080917,71.86286,5-sonli umumiy o'rta ta'lim maktabi
41.081623,71.832275,6-sonli umumiy o‘rta ta'lim maktabi
41.141647,71.75881,7-sonli umumiy o‘rta ta'lim maktabi
41.073334,71.80071,8-sonli ayrim fanlar chuqur o'qitiladigan sinflari mavjud bo'lgan umumiy o'rta ta’lim maktabi
41.065678,71.79407,9-sonli umumiy o'rta ta'lim maktabi
41.351517,71.81534,10-sonli umumiy o'rta ta'lim maktabi
41.130558,71.779366,11-sonli ayrim fanlar chuqur o`qitiladigan sinflari mavjud  umumiy o`rta ta’lim maktabi
41.13677,71.76076,12-sonli umumiy o'rta ta'lim maktabi
41.15997,71.7476,13-sonli umumiy o'rta ta'lim maktabi
41.140373,71.79705,14-sonli uumiy o'rta ta'lim maktabi
41.165813,71.80947,15-sonli umumiy o'rta ta'lim maktabi
41.202026,71.82545,16-sonli umumiy o'rta ta'lim maktabi
41.199078,71.809456,17-sonli umumiy o'rta ta'lim maktabi
41.22609,71.82322,18-sonli umumiy o'rta ta'lim maktabi
41.233273,71.826805,19- sonli umumiy o'rta ta'lim maktabi
41.38601,71.816345,20-sonli umumiy o'rta ta'lim maktabi
41.27055,71.836525,21-sonli umumiy o'rta ta'lim maktabi
41.28988,71.83651,Chortoq tuman 22-sonli umumta'lim ta'lim maktabi
41.311195,71.809456,23-sonli umumiy o'rta ta'lim maktabi
41.291836,71.85048,24-sonli umumiy o`rta ta`lim  maktabi
41.07685,71.81558,25-sonli umumiy o'rta ta'lim maktabirta ta'lim maktabi
41.315933,71.844345,Chortoq tumani 26-sonli umumiy o'rta ta'lim maktabi
41.313637,71.85993,27-sonli umumiy o'rta ta'lim maktabi
41.09954,71.7957,28-sonli umumiy o'rta ta'lim maktabi
41.394447,71.78148,29-sonli umumiy o'rta ta'lim maktabi
41.401745,71.79015,30-sonli umumiy o`rta ta'lim maktabi
41.285587,71.827545,31-sonli umumiy o'rta ta'lim maktabi
41.1198,71.87553,Chortoq tuman 32-sonli umumiy o'rta ta'lim maktabi
41.059265,71.825584,33-sonli umumiy o'rta ta'lim maktabi
41.22209,71.84364,chortoq tumani 34-sonli umumiy o'rta ta'lim maktabi
41.113495,71.82077,35-sonli umumiy o'rta ta'lim maktabi
41.076866,71.815575,36-sonli umumiy o'rta ta'lim maktabi
41.36348,71.784744,37-sonli umumiy o'rta ta'lim maktabi
41.074055,71.785355,38-sonli umumiy o'rta ta'lim maktabi
41.31233,71.84589,Chortoq tumani Maktabgacha va maktab ta'limi bo'limiga qarashli   39-sonli umumiy o'rta talim maktabi
41.07577,71.821335,40-sonli umumiy o'rta ta'lim maktabi
41.070198,71.82828,41-sonli umumiy o'rta ta'lim maktabi
41.068108,71.832634,42-sonli umumiy o`rta ta`lim maktabi
41.080208,71.81712,43-umumta'lim maktabi
41.088913,71.80167,44-sonli umumiy  o'rta ta'lim maktabi
41.074524,71.849525,45-sonli umumiy o'rta ta'lim maktabi
41.06707,71.796684,Chortoq tuman 46-sonli umumiy o'rta ta'lim maktabi
41.0722,71.812965,47-sonli umumiy o'rta ta'lim maktabi
41.084637,71.797676,Chortoq tuman 48-sonli ayrim fanlar chuqur o‘qitiladigan sinflari mavjud bo‘lgan umumiy o‘rta ta’lim maktabi
41.12469,71.792435,49-sonli umumiy o'rta ta'lim maktabi
41.083485,71.80621,50-sonli umumiy o'rta ta'lim maktabi
41.1167,71.7827,Chortoq tuman 51-sonli umumiy o'rta ta'lim maktabi
41.04946,71.81178,52-sonli umumiy o'rta ta'lim maktabi
41.068764,71.8247,53-sonli ayrim fanlar chuqur o'qitiladigan sinflari mavjud umumiy o'rta ta'lim maktabi
41.123173,71.77247,54-sonli umumiy o'rta ta'lim maktabi
41.096031188964844,71.79548645019531,"20-DIMI,Chortoq,Namangan"
41.00096,71.23002,1-sonli umumiy o'rta ta'lim maktabi
41.00671,71.229095,2-sonli umumiy o`rta ta`lim maktabi
41.000065,71.239075,3-sonli umumiy o'rta ta'lim maktabi
41.01388,71.229965,4-sonli umumiy o'rta ta'lim maktabi
40.990776,71.21711,5-sonli umumiy o'rta ta'lim maktabi
40.99611282348633,71.24627685546875,"6,Chust,Namangan"
41.00384,71.217064,7-sonli umumiy o`rta ta'lim maktabi
41.009914,71.241066,8-sonli umumiy o‘rta ta'lim maktabi
40.99392,71.24095,9-sonli umumiy o'rta ta'lim maktabi
41.019115,71.23303,10-sonli umumiy o'rta ta'lim maktabi
41.014236,71.21627,11-sonli umumiy o'rta ta'lim maktabi
41.13073,71.12014,12-sonli umumiy o'rta ta'lim maktabi
41.118446,71.24341,13-sonli umumiy o'rta ta'lim maktabi
41.066364,71.3281,14-sonli umumiy o'rta ta'lim maktabi
41.039593,71.19439,15-sonli umumiy o'rta ta'lim maktabi
41.024445,71.2585,16-sonli umumiy o‘rta ta'lim maktabi
41.009468,71.093605,17-sonli umumiy o'rta ta'lim maktabi
40.9901,71.048035,18-sonli umumiy o'rta ta'lim maktabi
41.07854,71.205536,19-sonli umumiy o'rta ta'lim maktabi
41.002094,71.09268,20-sonli umumiy o'rta ta'lim maktabi
41.014866,71.101776,21-sonli umumiy o'rta ta'lim maktabi
40.968815,71.0788,22-sonli umumiy o'rta ta'lim maktabi
41.04415,71.23976,23-sonli umumiy o'rta ta'lim maktabi
40.893166,71.26209,24-sonli umumiy o'rta ta'lim maktabi
40.982834,71.25583,25-sonli umumiy o'rta ta'lim maktabi
41.08329,71.11413,26-sonli umumiy o'rta ta'lim maktabi
40.956367,71.23729,27-sonli umumiy o'rta ta'lim maktabi
41.07122,71.14796,28-sonli umumiy o'rta ta'lim maktabi
41.043972,71.318275,29-sonli umumiy o'rta ta'lim maktabi
41.025505,71.16158,30-sonli umumiy o'rta ta'lim maktabi
41.102757,71.32602,31-sonli umumiy o'rta ta'lim maktabi
41.157764,71.247894,32-sonli umumiy o'rta ta'lim maktabi
41.053055,71.10482,33-sonli umumiy o'rta ta'lim maktabi
41.108257,71.18899,34-sonli umumiy o'rta ta'lim maktabi
41.086662,71.37278,35-sonli umumiy o'rta ta'lim maktabi
40.96669,71.178215,36-sonli umumiy o'rta ta'lim maktabi
40.88952,71.30326,37-sonli umumiy o'rta ta'lim maktabi
41.027,71.06675,38-sonli umumiy o'rta ta'lim maktabi
41.03383,71.26748,39-sonli umumiy o'rta ta'lim maktab
41.009724,71.11091,41-sonli umumiy o'rta ta'lim maktabi
41.136005,71.111565,42-sonli umumiy o'rta ta'lim maktabi
41.041615,71.08948,43-sonli umumiy o'rta ta'lim maktabi
41.07788,71.30979,44-sonli umumiy o'rta ta'lim maktabi
41.104984,71.13531,45-sonli umumiy o'rta ta'lim maktabi
40.967884,71.36625,46-sonli umumiy o'rta ta'lim maktabi
41.020157,71.27223,47-sonli umumiy o'rta ta'lim maktabi
41.110817,71.158035,48-sonli umumiy o‘rta ta'lim maktabi
41.024406,71.25326,49-sonli ayrim fanlar chuqur o‘qitiladigan sinflari mavjud umumiy o‘rta ta'lim maktabi
41.12589,71.25064,50-sonli umumiy o'rta ta'lim maktabi
40.987778,71.0471,51-sonli umumiy o'rta ta'lim maktabi
41.029095,71.16229,52-Ayrm fanlar chuqur o'qitiladigan sinflari mavjud umumiy o'rta ta'lim maktabi
40.88595,71.24014,53-sonli umumiy o'rta ta'lim maktabi
41.05451,71.26973,54-sonli umumiy o'rta ta'lim maktabi
40.99046,71.09307,55-sonli umumiy o'rta ta'lim maktabi
41.002747,71.07778,56-sonli umumiy oʻrta taʼlim maktabi
41.071205,71.20892,57-sonli umumiy o'rta ta'lim maktabi
41.112877,71.2378,58-sonli umumiy o'rta ta'lim maktabi
41.13503,71.117645,59-sonli umumiy o'rta ta'lim maktabi
41.112324,71.249725,60-sonli umumiy o'rta ta'lim maktabi
40.99869,71.34,61-sonli umumiy o'rta ta'lim maktabi
41.058144,71.11877,62-sonli umumiy o'rta ta'lim maktabi
40.978786,71.10071,63-sonli umumiy o'rta ta'lim maktabi
41.00285,71.224815,64-sonli umumiy o'rta ta'lim maktabi
41.004475,71.199486,65-sonli umumiy o'rta ta'lim maktabi
40.980305,71.22616,66-sonli umumiy o'rta ta'lim maktabi
41.12333,71.128845,67-sonli umumiy o'rta ta'lim maktabi
41.01606,71.15634,68-sonli umumiy o'rta ta'lim maktabi
40.98859,71.27167,69-sonli umumiy o'rta ta'lim maktabi
41.00771,71.09097,70- sonli ayrim fanlar chuqur o`qitiladigan sinflari mavjud umumiy o`rta ta`lim maktabi
41.01355,71.09814,71-sonli umumiy o'rta ta'lim maktabi
41.118965,71.131134,72-sonli umumiy o'rta ta'lim maktabi
41.10706,71.39617,73-sonli umumiy o'rta ta'lim maktabi
40.996624,71.2553,74-sonli umumiy o'rta ta'lim maktabi
40.9876,71.238716,75-sonli umumiy o'rta ta'lim maktabi
40.972492,71.2163,76-sonli umumiy o'rta ta'lim maktabi
41.259583,71.54286,1-sonli umumiy o'rta ta'lim maktabi
41.259632,71.55869,Kosonsoy tumani 2-sonli umumiy o'rta ta'lim maktabi
41.267136,71.55047,3-sonli umumiy o'rta ta'lim maktabi
41.260086,71.54458,4-sonli umumiy o'rta ta'lim maktabi
41.254963,71.54978,5-sonli umumiy o'rta ta'lim maktabi
41.24841,71.537895,Kosonsoy tumani 6-sonli umumiy o'rta ta'lim maktabi
41.257,71.54969,7-sonli umumiy o'rta ta'lim maktabi
41.24414,71.54833,8-sonli umumiy o'rta ta'lim maktabi
41.2516,71.55158,9-sonli umumiy o'rta ta'lim maktabi
41.2309,71.54212,10-сонли айрим фанлар чукур укитиладиган синфлари мавжуд  умумий урта таълим мактаби
41.125484,71.42998,11-sonli umumiy o'rta ta'lim maktabi
41.25414,71.534615,12-sonli umumiy o'rta ta'lim maktabi
41.24623,71.5258,13-sonli umumiy o'rta ta'lim maktabi
41.23875,71.53064,14-сонлиумумий  ўрта таълим мактаби
41.234028,71.534225,15-sonli umumiy o'rta ta'lim maktabi
41.22061,71.49433,16-sonli umumiy o'rta ta'lim maktabi
41.18964,71.47953,17-sonli umumiy o'rta ta'lim maktabi
41.22775,71.53678,18-sonli umumiy o'rta ta'lim maktabi
41.194416,71.52197,Kosonsoy tumani 19-sonli umumiy o'rta ta'lim maktabi
41.191776,71.50642,20-sonli umumiy o'rta ta'lim maktabi
41.179527,71.51676,21-sonli umumiy o'rta ta'lim maktabi
41.189743,71.458046,Kosonsoy tumani 22-sonli umumiy o'rta ta'lim maktabi
41.201443,71.4667,23-sonli umumiy o'rta ta'lim maktabi
41.170193,71.46594,24-sonli umumiy o'rta ta'lim maktabi
41.270084,71.595085,25-sonli umumiy o'rta ta'lim maktabi
41.15811,71.478546,26-sonli umumiy o'rta ta'lim maktabi
41.131233,71.49736,27-sonli umumiy o'rta ta'lim maktabi
41.160454,71.50876,28-sonli umumiy o'rta ta'lim maktabi
41.256474,71.514,29-sonli umumiy o'rta ta'lim maktabi
41.04636,71.58811,30-sonli umumiy o'rta ta'lim maktabi
41.08775,71.56761,31-sonli umumiy o'rta ta'lim maktabi
41.115112,71.56069,Kosonsoy tuman 32-sonli umumiy o'rta ta'lim maktabi
41.10214,71.57933,33-sonli umumiy o'rta ta'lim maktabi
41.122444,71.56759,34-sonli umumiy o'rta ta'lim maktabi
41.19406,71.53623,35-sonli umumiy o'rta ta'lim maktabi
41.204277,71.539696,36-sonli umumiy o'rta ta'lim maktabi
41.2275,71.63834,37-sonli umumiy o'rta ta'lim maktabi
41.254723,71.528305,38-sonli umumiy o'rta ta'lim maktabi
41.23823,71.5903,Kosonsoy tumani 39-сонли умумий ўрта таълим мактаби
41.087944,71.51756,40-sonli umumiy o'rta ta'lim maktabi
41.209,71.54144,41-sonli umumiy o'rta ta'lim maktabi
41.187553,71.515114,42-sonli umumiy o'rta ta'lim maktabi
41.24411,71.530136,43- сонли умумий ўрта таълим мактаби
41.262436,71.53317,Kosonsoy tuman 44-sonli umumiy o'rta ta'lim maktabi
41.244804,71.5528,Kosonsoy tuman 45-sonli umumta'lim maktabi
41.24925,71.54364,46-sonli umumiy o'rta ta'lim maktabi
41.158333,71.50589,47-sonli umumiy o'rta ta'lim maktabi
41.17675,71.512276,48-sonli umumiy o'rta ta'lim maktabi
41.27953,71.55278,49 -sonli umumiy o'rta ta'lim maktabi
41.181915,71.56331,50-sonli umumiy o'rta ta'lim maktabi
41.150444,71.66642,51-sonli umumiy o'rta ta'lim maktabi
41.21984100341797,71.52950286865234,"52,Kosonsoy,Namangan"
41.112865,71.55942,53-sonli umumiy o'rta ta'lim maktabi
41.265972,71.58295,54-sonli umumiy o'rta ta'lim maktabi
41.19056,71.49884,9-sonli ixtisoslashtirilgan davlat umumta’lim maktabi
41.27661,71.533806,22-sonli ayrim fanlar chuqur o`qitiladigan sinflari mavjud umumiy o`rta ta'lim maktabi
41.250083923339844,71.54580688476562,"44-DIMI,Kosonsoy,Namangan"
41.28066635131836,71.5393295288086,"45-DIMI,Kosonsoy,Namangan"
41.11275,72.07772,1-sonli umumiy o‘rta ta'lim maktabi
41.131638,72.09186,2-sonli ayrim fanlar chuqur o'qitiladigan sinflari mavjud umumiy o'rta ta'lim maktabi
41.02497,72.12642,3-sonli umumiy o'rta ta'lim maktabi
41.083195,72.07847,4-sonli umumiy o'rta ta'lim maktabi
41.110653,72.08201,5-sonli umumiy o'rta ta'lim maktabi
41.105446,72.093864,6-sonli umumiy o'rta ta'lim maktabi
41.086834,72.11278,7-sonli umumiy o'rta ta'lim maktabi
41.062256,72.027306,8-sonli umumiy o'rta ta'lim maktabi
41.059845,72.02125,9-sonli umumiy o'rta ta'lim maktabi
41.005165,72.00486,10-sonli umumiy o'rta ta'lim maktabi
40.975834,71.95047,11-sonli umumiy o'rta ta'lim maktabi
40.975693,71.95072,12-sonli umumiy o'rta ta'lim maktabi
40.998222,71.96753,13-sonli umumiy o‘rta ta'lim makatbi
40.956165,71.940636,Uchqo'rg'on tumani 14-sonli umumiy o'rta ta'lim maktabi
41.056667,72.05058,15-sonli umumiy o'rta ta'lim maktabi
41.03572,72.073135,16-sonli umumiy o'rta ta'lim maktabi
41.005253,72.05564,17-sonli umumiy o'rta ta'lim maktabi
41.03036,72.05258,18-sonli umumiy o'rta ta'lim maktabi
40.987583,72.079666,19-sonli umumiy o'rta ta'lim maktabi
40.99147,72.101135,20-sonli umumiy o'rta ta'lim maktabi
40.958027,72.08083,21-sonli ayrim fanlar chuqur o'qitiladigan sinflari mavjud umumiy o'rta ta'lim maktabi
41.00222,72.14383,22-sonli umumiy o'rta ta'lim maktabi
40.980278,72.15603,23-sonli umumiy o'rta ta'lim maktabi
41.020557,72.11256,24-sonli umumiy o'rta ta'lim maktabi
41.04625,72.170135,25-sonli umumiy o'rta ta'lim maktabi
41.028362,72.169914,26-sonli umumiy o'rta ta'lim maktabi
41.068085,72.17433,27-sonli umumiy o'rta ta'lim maktabi
41.090473,72.14028,28-sonli umumiy o'rta ta'lim maktabi
41.058556,72.12652,29-sonli umumiy o'rta ta'lim maktabi
41.122612,72.121025,30-sonli umumiy o'rta ta'lim maktabi
40.95953,71.95658,31-sonli umumiy o'rta ta'lim maktabi
41.01325,72.09839,32-sonli umumiy o'rta ta'lim maktabi
41.022083,72.096085,33-sonli umumiy o`rta ta'lim maktabi
41.10533,72.06539,34-sonli ayrim fanlar chuqur o'qitiladigan sinflari mavjud umumiy o'rta ta'lim maktabi
41.103527,72.16439,35-sonli umumiy o'rta ta'lim maktabi
41.018417,72.11367,36-sonli umumiy o'rta ta'lim maktabi
41.15008,72.15217,37-sonli umumiy o'rta ta'lim maktabi
41.07672,72.05136,38-sonli ayrim fanlar chuqur o'qitiladigan sinflari mavjud umumiy o'rta ta'lim maktabi
41.128807,72.08622,39-sonli umumiy o'rta ta'lim maktabi
41.108166,72.075775,40-sonli umumiy o'rta ta'lim maktabi
41.000526,72.12991,41-sonli umumiy o'rta ta'lim maktabi
41.11992,72.09031,42-sonli umumiy o'rta ta'lim maktabi
41.107056,72.07164,Ayrim fanlari chuquqrlashtirib o`qitiladigan sinflari mavjud umumiy o`rta ta'lim maktabi
41.045193,72.07608,44-sonli umumiy o'rta ta'lim maktabi
41.060444,72.02067,45-sonli umumiy o'rta ta'lim maktabi
41.06325912475586,72.02777862548828,"46,Uchkurgan,Namangan"
41.11578,72.09589,6-sonli ayrim fanlar chuqur o‘qitiladigan sinflari mavjud umumiy o‘rta ta’lim maktabi
40.9733,71.72035,Namangan tuman 1-sonli umumiy o'rta ta'lim maktabi
40.966507,71.754166,2-sonli umumiy o'rta ta'lim maktabi
40.962505,71.71555,3-sonli umumiy o'rta ta'lim maktabi
40.890938,71.551926,4-sonli umumiy o'rta ta'lim maktabi
40.95123,71.72917,6-sonli umumiy o'rta ta'lim maktabi
40.934456,71.75889,7-sonli umumiy o'rta ta'lim maktabi
40.92359,71.72439,8-sonli umumiy o'rta ta'lim maktabi
40.92586,71.68041,9-sonli umumiy o'rta ta'lim maktabi
40.916004,71.72114,10-sonli umumiy o'rta ta'lim maktabi
40.906845,71.702385,11-sonli umumiy o'rta ta'lim maktabi
40.920185,71.69065,12-sonli umumiy o'rta ta'lim maktabi
40.90372,71.67124,13-sonli umumiy o'rta ta'lim maktabi
40.900784,71.673195,14-sonli umumiy o'rta ta'lim maktabi
40.900196,71.648224,15-sonli umumiy o'rta ta'lim maktabi
40.89504,71.62824,16-sonli umumiy o'rta ta'lim maktabi
40.897923,71.55981,17-sonli umumiy o'rta ta'lim maktabi
40.890938,71.551926,18-sonli umumiy o'rta ta'lim maktabi
40.91969,71.57343,19-sonli ixtisoslashtirilgan davlat umumta’lim maktabi
40.92429,71.57032,20-sonli umumiy o'rta ta'lim maktabi
40.928356,71.53972,21-sonli umumiy o'rta ta'lim maktabi
40.927727,71.58558,Namangan tumani 22-sonli ixtisoslashtirilgan davlat umumta’lim maktabi
40.93552,71.59541,23-sonli ayrim fanlar chuqur o‘qitiladigan sinflari mavjud umumiy o‘rta ta’lim maktabi
40.948124,71.59583,Namangan tumani 24-sonli umumiy o'rta ta'lim maktabi
40.95585,71.559975,25-sonli umumiy o'rta ta'lim maktabi
40.93716,71.61937,26-sonli umumiy o'rta ta'lim maktabi
40.96051,71.62069,27-sonli umumiy o'rta ta'lim maktabi
40.961777,71.68504,29-sonli umumiy o'rta ta'lim maktabi
40.954376,71.67092,30-sonli umumiy o'rta ta'lim maktabi
40.96242,71.65931,31-sonli umumiy o'rta ta'lim maktabi
40.933083,71.60914,32-sonli umumiy o'rta ta'lim maktabi
40.953583,71.630066,Namangan tumani 37-sonli umumiy o'rta ta'lim maktabi
40.898575,71.56199,39-sonli umumiy o'rta ta'lim maktabi
40.917892,71.57607,40-sonli umumiy o'rta ta'lim maktabi
40.89296,71.602264,41-sonli umumiy o'rta ta'lim maktabi
40.943634,71.67678,42-sonli umumiy o'rta ta'lim maktabi
40.95463180541992,71.6533203125,"21-DIMI,Namangan,Namangan"
40.85773,71.60062,1-sonli umumiy o'rta ta'lim maktabi
40.85418,71.48362,2-sonli umumiy o'rta ta'lim maktabi
40.85293,71.54874,3-sonli umumiy o'rta ta'lim maktabi
40.85435,71.52803,4-sonli umumiy o'rta ta'lim maktabi
40.837193,71.51485,5-sonli umumiy o'rta ta'lim maktabi
40.835663,71.50348,6-sonli ayrim fanlar chuqur o‘qitiladigan sinflari mavjud umumiy o‘rta taʼlim maktabi
40.864845,71.455154,7-sonli umumiy o'rta ta'lim maktabi
40.82736,71.32301,Mingbuloq tumani 8-sonli umumiy o'rta ta'lim maktabi
40.816032,71.52798,9-sonli umumiy o'rta ta'lim maktabi
40.827435,71.49263,10-sonli umumiy o'rta ta'lim maktabi
40.83238,71.48392,11-sonli umumiy o'rta ta'lim maktabi
40.830444,71.4654,12-sonli umumiy o'rta ta'lim maktabi
40.854443,71.45725,Mingbuloq tuman 13-sonli umumiy o'rta ta'lim maktabi
40.86344,71.46122,14-  sonli  umumiy o'rta ta'lim maktabi
40.856064,71.44157,15-sonli Ayrim fanlar chuqur o`qitiladigan sinflari mavjud umumiy o`rta ta`lim maktabi davlat muassassasi
40.86206,71.38273,16-sonli umumiy o'rta ta'lim  maktabi.
40.864,71.35137,17-umumiy o'rta ta'lim maktabi
40.85439,71.307175,Mingbuloq tuman 18-sonli umumiy o'rta ta'lim maktab(206873574)
40.830734,71.40962,19-somli umumiy o'rta maktabi
40.82131,71.4256,20-sonli umumiy o'rta ta'lim maktabi
40.77998,71.56386,21-sonli umumiy o'rta ta'lim maktabi
40.81661,71.39863,22-sonli umumiy o`rta ta`lim maktabi
40.816223,71.34409,23- sonli umumiy o'rta ta'lim maktabii
40.812412,71.31438,24-umumiy o'rta ta'lim maktabiumumiy o'rta ta'lim maktabi
40.82755,71.35057,25-sonli umumiy o'rta ta'lim maktabimaktab
40.837635,71.2724,26-sonli umumiy o`rta ta`lim maktabi
40.786842,71.4624,27-sonli umumiy o'rta ta'lim maktabi
40.829002,71.22682,28-sonli umumiy o'rta ta'lim maktabi
40.788017,71.2457,29- sonli umumiy o'rta ta'lim maktabiab
40.86445,71.5002,30-sonli umumiy o'rta ta'lim maktabi
40.820053,71.17175,Mingbuloq tuman31- sonli ayrim fanlar chuqur o'qitiladigan sinflari mavjud umumiy o'rta ta'lim maktabi
40.782166,71.15083,32-sonli umumiy o'rta ta'lim maktabi
40.81966,71.16931,33-sonli umumiy o'rta ta'lim maktabi
40.802162,71.299545,34-sonli umumiy o'rta ta'lim maktabi
40.78088,71.42172,Mingbuloq   tumani   35-maktab
40.816036,71.442604,Minloq    tumani   36-maktab
40.85684,71.25948,37-sonli umumiy o'rta ta'lim maktabi
40.8501,71.49797,38-sonli umumiy o'rta ta'lim maktabi
40.778545,71.28387,Mingbuloq tumani 39-sonli umumiy o'rta ta'lim maktabi
40.83543,71.48146,40-sonli umumiy o'rta ta'lim maktabi
40.819843,71.5192,41-sonli umumiy o'rta ta`lim maktabi
40.87422,71.42643,42-sonli umumiy o'rta ta'lim maktabi
40.81271,71.49643,43-sonli umumiy o'rta ta'lim  maktabi
40.768326,71.51984,44-sonli umumiy o'rta ta'lim maktabi
40.86001,71.40103,45-sonli umumiy o’rta ta’lim maktabi
40.819756,71.28414,46-sonli umumiy o'rta ta'lim maktabi
40.762226,71.23395,48-sonli umumiy o'rta ta'lim maktabi
40.85824966430664,71.45269775390625,"13-MM,Mingbuloq,Namangan"
40.797417,71.48812,50-sonli umumiy o'rta ta'lim maktabi
40.841522,71.49465,51-umumiy o'rta ta'lim maktab
40.875015,71.10188,1-sonli ayrim fanlar chuqur o'qitiladigan sinflari mavjud umumiy o'rta ta'lim maktabi
40.925694,71.054054,2-sonli umumiy o'rta ta'lim maktabi
41.02286,70.88525,3-sonli umumiy o'rta ta'lim maktabi
40.864277,71.06416,4-sonli umumiy o'rta ta'lim maktabi
40.776085,71.06347,5-sonli umumiy o`rta ta`li maktab
40.842583,71.03208,6-sonli umumiy o'rta ta'lim maktabi
40.860832,71.13875,7-sonli umumiy o'rta ta'lim maktabi
40.85878,71.12031,8-sonli umumiy o'rta ta'lim maktabi
40.908916,71.14531,9-sonli umumiy o'rta ta'lim maktabi
40.864334,71.18631,10-sonli ayrim fanlar chuqur o' qitiladigan sinflari mavjud umumiy  o'rta ta`lim maktabiumumta’lim maktabi
40.86943,71.2227,11-sonli ixtisoslashtirilgan davlat umumta’lim maktabi
41.016888,70.88842,Pop tumani12-sonli umumiy o'rta ta'lim maktabi
40.81503,70.96789,13-sonli umumiy o'rta ta'lim maktabi
40.825417,71.149414,14-sonli umumiy o'rta ta'lim maktabi
40.826756,71.09378,15-sonli umumiy o'rta ta'lim maktabi
40.796253,70.93454,16-sonli umumiy o'rta ta'lim maktabi
40.77407,70.91929,17-sonli umumiy o'rta ta'lim maktabi
40.74139,70.833885,Поп тумани 18-мактаб
40.87661,70.78714,19-sonli umumiy o'rta ta'lim maktabi
40.950443,70.76722,20-sonli umumiy o'rta ta'lim maktabi
41.042522,70.71711,21-sonli umumiy o'rta ta'lim maktabi
41.073055,70.878555,Pop tumani 22-sonli umum o'rta ta'lim maktabi
40.882607,71.09573,Namangan viloyati Pop tumani 23-sonli umumiy o'rta ta'lim maktabi
40.800774,70.98683,24-sonli umumiy o'rta ta'lim maktabi
40.834583,71.00625,Pop tumani 25-sonli umumiy o'rta ta'lim maktabi
40.94961,70.76869,26-sonli umumiy o'rta ta'lim maktabi
40.877556,71.185974,27-sonli umumiy o'rta ta'lim maktabi
40.805363,70.91106,28-sonli umumiy o'rta ta'lim maktab
40.991047,70.74308,29-sonli umumiy o'rta ta'lim maktabi
40.81172,70.96036,30-sonli umumiy o'rta ta'lim maktabi
41.02542,70.92292,31-sonli umumiy o'rta ta'lim maktabi
40.87478,71.15794,32-sonli umumiy o'rta ta'lim maktabi
40.891582,71.22703,33-sonli umumiy oʻrta taʼlim maktabi
40.893917,71.09819,34-sonli umumiy o'rta ta'lim maktabi
40.858055,71.19314,35-sonli umumiy o'rta ta'lim maktabi
40.85264,71.150696,36-sonli umumiy o'rta ta'lim maktabi
40.895638,71.15517,37-sonli umumiy o'rta ta'lim maktabi
40.85914,71.05661,38-sonli umumiy o'rta ta'lim maktabi
40.758755,71.02758,39-sonli umumiy o'rta ta'lim maktabi
40.870445,71.097336,40-sonli ayrim fanlari chuqur o'qitiladigan sinflari mavjud umumiy o'rta ta'lim maktabi
40.83939,71.01808,41-sonli umumiy o'rta ta'lim maktabi
40.894417,70.78956,42-sonli umumiy o'rta ta'lim maktabi
40.72372,71.08247,43-sonli umumiy o'rta ta'lim maktabi
40.986443,70.644165,44-sonli umumiy o'rta ta'lim maktabi
40.785194,71.01636,45-sonli umumiy o'rta ta'lim maktabi
40.788895,71.110054,46-sonli umumiy o'rta ta'lim maktabi
40.740215,70.9857,47-sonli umumiy o'rta ta'lim maktabi
40.829193,71.05811,48-sonli umumiy o'rta ta'lim maktabi
40.761166,70.89653,49-sonli umumiy o'rta ta'lim maktabi
40.94097,70.77247,Pop tumani 50-sonli umumiy o'rta ta'lim maktabi
40.798306,70.89533,51-sonli umumiy o'rta ta'lim maktabi
40.84689,70.98911,52-sonli umumiy o`rta ta'lim maktabi
40.81061,71.09889,53-sonli umumiy o'rta ta'lim maktabi
40.759315,70.82097,54-sonli umumiy o'rta ta'lim maktabi
40.88211,71.06689,55-sonli umumiy o'rta ta'lim maktabi
40.92108,71.17411,56-sonli umumiy o'rta ta'lim maktabi
40.797688,70.94214,57-sonli umumiy o‘rta ta'lim maktabi
40.74586486816406,70.96571350097656,"58,Pop,Namangan"
41.083942,70.89953,59-sonli umumiy o'rta ta'lim maktabi
40.88447,70.77286,60-sonli umumiy o'rta ta'lim maktabi
41.04822,70.87828,61-sonli umumiy o'rta ta'lim maktabi
40.756306,71.07776,62-sonli umumiy o'rta ta'lim maktabi
40.96478,70.75731,63-sonli umumiy o'rta ta'lim maktabi
40.857475,71.189835,64-sonli umumiy o'rta ta'lim maktabi
40.877056,71.11803,65-sonli umumiy o'rta ta'lim maktabi
40.83686,70.80867,66-sonli umumiy o'rta ta'lim maktabi
40.87622,71.101135,67-sonli ayrim fanlari chuqur o'qitiladigan sinflari mavjud umumiy o'rta ta'lim maktabi
40.86431121826172,71.1122055053711,"68,Pop,Namangan"
40.898083,70.77926,69-sonli umumiy o'rta ta'lim maktabi
40.867638,71.22742,70-sonli umumiy o'rta ta'lim maktabi
40.998554,70.73978,71-sonli umumiy o`rta ta`lim maktabi
40.768444,70.89931,72-sonli umumiy o'rta ta'lim maktabi
40.799557,70.93136,73-sonli umumiy o'rta ta'lim maktabi
40.795555114746094,70.93402862548828,"16-DIMI,Pop,Namangan"
40.882755,71.10442,11-sonli ayrim fanlar chuqur o'qitiladigan umumiy o'rta ta'lim maktabi
41.03324,71.847206,1-sonli ayrim fanlar chuqur o‘qitiladigan sinflari mavjud umumiy o‘rta ta’lim maktabi
40.95012,71.79625,2-sonli umumiy o'rta ta'lim maktabi
41.016132,71.76304,3-sonli umumiy o'rta ta'lim maktabi
41.08357,72.00089,4-sonli umumiy o'rta ta'lim maktabi
41.07878,71.97321,5 - sonli umumiy o'rta ta'lim maktabi
41.030575,71.841354,6-sonli umumiy o'rta ta'lim maktabi
41.07056,71.92943,7-sonli umumiy o'rta ta'lim  maktabi
41.08827,72.008026,8-sonli umumiy o'rta ta'lim maktabi
41.08248,71.99905,9-umumiy o`rta ta`lim maktabi
41.011215,71.81085,10-sonli umumiy o'rta ta'lim maktabi
41.02241,71.79473,11-sonli umumiy o'rta ta'lim maktabi
40.97756,71.84753,12-sonli ayrim fanlar chuqur o'qitiladigan sinflari mavjud  umumiy o'rta ta’lim maktabi
41.00936,71.81595,13-sonli umumiy o'rta ta'lim maktabi
41.03098,71.92709,14-sonli umumiy o'rta ta'lim maktabi
41.03094,71.93009,15-sonli umumiy o'rta ta'lim maktabi
41.01912,71.77693,16-sonli umumiy o'rta ta'lim maktabi
40.95719,71.79672,17-sonli umumiy o'rta ta'lim maktabi
40.95631,71.80919,18-sonli umumiy o'rta ta'lim maktabi
40.96295,71.87862,19-sonli umumiy o'rta ta'lim maktabi
41.02899,71.747406,20-sonli umumiy o'rta ta'lim maktabi
41.00918,71.78063,21-sonli umumiy o'rta  maktabi
41.05937,71.89505,22-sonli ayrim fanlar chuqur o‘qitiladigan sinflari mavjud umumiy o‘rta ta’lim maktabi
41.03232,71.85945,23-sonli umumiy  o'rta ta'lim maktabi
40.94324,71.7729,24-sonli umumiy o'rta ta'lim maktabi
41.07484,71.950874,Uychi tumani 25-sonli maktabi
41.02193,71.83994,26-sonli umumiy o'rta ta'lim maktabi
41.00986,71.79301,27-sonli umumiy o'rta ta'lim maktabi
41.070393,71.89358,28-sonli umumiy o'rta ta'lim maktabi
41.01267,71.760025,29-sonli umumiy o'rta ta'lim maktabi
41.11276,71.93434,30-sonli umumiy o'rta ta'lim maktabi
41.02726,71.82957,31-sonli umumiy o'rta ta'lim maktabi
41.05293,71.92882,Uychi tumani 32-sonli umumiy o'rta ta'lim maktab
41.01345,71.813614,33-sonli umumiy o'rta ta'lim maktabi
41.05053,71.882576,34-sonli umumiy o'rta ta'lim maktabi
41.01245,71.75253,35-sonli umumiy o'rta ta'lim maktabi
41.02953,71.850624,36-sonli umumiy o'rta ta'lim maktabi
41.023865,71.80863,37-sonli umumiy o'rta ta'lim maktabi
41.01072,71.82594,38-sonli umumiy o'rta ta'lim maktabi
41.03694,71.86268,39-sonli umumiy o'rta ta'lim maktabi
41.0255,71.84881,40-sonli ayrim fanlar chuqur o'qitiladigan sinflari mavjud umumiy o'rta ta'lim maktabi
41.06549,71.90939,41-sonli umumiy o'rta ta'lim maktabi
41.11987,71.989494,42-sonli umumiy o'rta ta'lim maktabi
40.99488,71.91683,43-sonli umumiy o'rta ta'lim maktabi
41.0331,71.77244,44-sonli  umumiy o'rta ta'lim maktabi
41.01815,71.775444,45-sonli umumiy o'rta ta'lim maktabi
41.192253,71.722755,1-sonli umumiy o'rta ta'lim maktabi
41.212,71.776474,Namangan viloyati Yangiqo'rg'on  tuman 2-sonli umumiy o'rta ta'lim maktabi
41.06822,71.72477,3-sonli umumiy o`rta ta`lim maktabi
41.073856,71.658455,4-sonli umumiy o'rta ta'lim maktabi
41.10358,71.63413,5-sonli umumiy o'rta ta'lim maktabi
41.092625,71.67051,6-sonli umumiy o'rta ta'lim maktabi
41.12907,71.653534,7-sonli umumiy o'rta ta'lim maktabi
41.059677,71.656334,8-sonli umumiy o'rta ta'lim maktabi
41.21584,71.734795,9-sonli umumiy o'rta ta'lim maktabi
41.20786,71.72191,10-sonli umumiy o`rta ta'lim maktabi
41.180305,71.731705,11-sonli umumiy o'rta ta'lim maktabi
41.196274,71.72242,12-sonli umumiy o'rta ta'lim maktabi
41.227737,71.78193,13-sonli umumiy o'rta ta'lim maktabi
41.236588,71.77479,14-sonli ayrim fanlar chuqur o'qitiladigan sinflari mavjud umumiy o'rta ta'lim maktabi
41.22982,71.78764,15-sonli umumiy o'rta ta'lim maktabi
41.29457,71.67375,16-sonli umumiy o'rta ta'lim maktabi
41.221504,71.78691,17-sonli umumiy o'rta ta'lim maktabi
41.475292,71.73218,18-sonli umumiy o'rta ta'lim maktabi
41.260395,71.770676,19-sonli umumiy o'rta ta'lim maktabi
41.27507,71.802734,20-sonli umumiy o'rta ta'lim maktabi
41.276806,71.81169,21-sonli umumiy o'rta ta'lim maktabi
41.21013,71.706924,22-sonli umumiy o'rta ta'lim maktabi
41.196114,71.703156,23-sonli umumiy o'rta ta'lim maktabi
41.246098,71.69594,24-sonli umumiy o'rta ta'lim maktabi
41.244022,71.712776,25-sonli umumiy o'rta ta'lim maktabi
41.301167,71.68029,26-sonli umumiy o'rta ta'lim maktabi
41.300888,71.67497,27-sonli umumiy o`rta ta'lim maktabi
41.343166,71.67032,28-sonli umumiy o'rta ta'lim maktabi
41.360786,71.69429,29-sonli umumiy o'rta ta'lim  maktabi
41.410206,71.67972,30-sonli umumiy o'rta ta'lim maktabi
41.371098,71.659996,31-sonli umumiy o'rta ta'lim maktabi
41.446438,71.68793,Yangiqo'rg'on tumani 32-sonli umumiy o'rta ta'lim maktabi
41.521008,71.70324,33-sonli umumiy o'rta ta'lim maktabi
41.48749,71.68919,34-sonli umumiy o'rta ta'lim maktabi
41.207104,71.77258,35-sonli umumiy o'rta ta'lim maktabi
41.441246,71.67896,36-sonli umumiy o'rta ta'lim maktabi
41.15237,71.69022,37-sonli umumiy o'rta ta'lim maktabi
41.23748,71.76576,38-sonli umumiy o'rta ta'lim maktabi
41.194366,71.68415,39-sonli umumiy o'rta ta'lim maktabi
41.22299,71.69977,40-sonli ayrim fanlar chuqur o'qitiladigan sinflari mavjud umumiy o'rta ta'lim maktabi
41.315174,71.67411,41-sonli umumiy o'rta ta'lim maktabi
41.296093,71.71902,42-sonli umumiy o`rta ta`lim maktabi
41.27831,71.80357,43-sonli umumiy o'rta ta'lim maktabi
41.516396,71.70324,44-sonli umumiy o'rta ta'lim maktabi
41.188107,71.725746,45-sonli umumiy o'rta ta'lim maktabi
41.30353,71.63253,46-sonli umumiy o'rta ta'lim maktabi
41.380127,71.68162,47-sonli umumiy o'rta ta'lim maktabi
41.393383,71.761986,48-sonli umumiy o'rta ta'lim maktabi
41.38904,71.73423,49-sonli umumiy o'rta ta'lim maktabi
41.181316,71.72233,50-sonli umumiy o'rta ta'lim maktabi
41.5257,71.71523,51-sonli umumiy o'rta ta'lim maktabi
41.16681,71.70486,52-sonli umumiy o'rta ta'lim maktabi
41.345367,71.6986,53-sonli umumiy o'rta ta'im maktabi
41.128963,71.68701,54-sonli umumiy o'rta ta'lim maktabi
41.375477,71.72603,55-sonli umumiy o'rta ta'lim maktabi
41.39118,71.78024,56-sonli umumiy o'rta ta'lim maktabi
41.310814,71.75871,57-sonli umumiy o'rta ta'lim maktabi
41.23461,71.77857,Namangan viloyati Yangiqo‘rg‘on tuman 58-sonli umumiy o'rta ta'lim maktabi
41.306355,71.7215,59-sonli umumiy o'rta ta'lim maktabi
41.26667,71.79945,60-sonli umumiy o'rta ta'lim maktabi
41.269222,71.7623,61-sonli umumiy o'rta ta'lim maktabi
41.359104,71.67732,62-sonli umumiy o`rta ta`lim maktabi
41.30493,71.681046,63-sonli umumiy o'rta ta'lim maktabi
41.057484,71.666626,64-sonli umumiy o'rta ta'lim maktabi
41.23756408691406,71.77169036865234,"10-MM,Yangikurgon,Namangan"
41.000343,71.51684,1-Ayrim fanlar chuqur o'qitiladigan sinflari mavjud umumiy o'rta ta'lim maktabi
41.004623,71.52299,2-sonli umumiy o'rta ta'lim maktabi
40.998184,71.50756,3-sonli umumiy o'rta ta'lim maktabi
41.013535,71.5133,4-sonli umumiy oʻrta taʼlim maktabi
40.8962,71.46343,6-sonli umumiy o'rta ta'lim maktabi
41.012024,71.5191,7-sonli umumiy o'rta ta'lim maktabi
40.986908,71.4866,8-sonli umumiy o'rta ta'lim maktabi
40.993317,71.51458,9-sonli umumiy o'rta ta'lim maktabi
40.891933,71.53093,To`raqo`rg`on tumani 11-sonli umumiy o'rta ta'lim maktabi
40.997707,71.50322,12 sonli umumiy o'rta ta'lim maktabi
40.99233,71.49832,13-sonli ayrim fanlar chuqur o‘qitiladigan sinflari mavjud umumiy o‘rta ta’lim maktabi
40.964886,71.45874,14-sonli umumiy o'rta ta'lim maktabi
40.97286,71.45874,To'raqo'rg'on tuman 15-sonli umumiy o'rta ta'lim maktabi
40.956825,71.45874,16-sonli umumiy o'rta ta'lim maktabi
40.944103,71.45091,17-sonli umumiy o'rta ta'lim maktabi
40.938934,71.424324,18-sonli umumiy o'rta ta'lim maktabi
40.935074,71.424324,To'raqo'rg'on tumani 19-sonli umumiy o'rta ta'lim maktabi
40.92314,71.424324,20-sonli umumiy o'rta ta'lim maktabi
40.893547,71.38451,21-sonli umumiy o'rta ta'lim maktabi
40.897594,71.38451,22-sonli umumiy o'rta ta'lim maktabi
40.90846,71.368126,23-sonli umumiy o'rta ta'lim maktabi
40.909866,71.368126,24-  sonli umumiy o`rta ta'lim maktabi
40.905014,71.368126,25-sonli umumiy o'rta ta'lim maktabi maktab
40.933582,71.368126,26-sonli umumiy o'rta ta'lim maktabi
40.92473,71.368126,27-sonli umumiy o'rta ta'lim maktabi
40.91774,71.4372,28-sonli umumiy o'rta ta'lim maktabi
40.89357,71.4372,29-sonli umumiy o'rta ta'lim maktabi
40.942913,71.4372,30-sonli umumiy o'rta ta'lim maktabi
40.93035,71.4372,31-sonli umumiy o'rta ta'lim maktabi
40.906635,71.470795,32-sonli umumiy o'rta ta'lim maktabi
40.899075,71.47018,33-sonli umumiy o'rta ta'lim maktabi
40.88973,71.46382,34-sonli umumiy o'rta ta'lim maktabi
40.893238,71.470825,35-sonli umumiy o`rta ta'lim maktabi
40.897083,71.470825,36-sonli umumiy o'rta ta'lim maktabi
40.88962,71.470825,37-sonli umumiy o'rta ta'lim maktabi
40.916496,71.51847,38-sonli umumiy o'rta ta'lim maktabi
41.0859,71.51847,39-sonli umumiy o'rta ta'lim maktabi
40.90307,71.51847,40-sonli umumiy o'rta ta'lim maktabi.
40.930077,71.51404,41-sonli umumiy o'rta ta'lim maktabi
41.04823,71.48499,42-sonli umumiy o'rta ta'lim maktabi
40.927025,71.428444,43-sonli umummiy o'rta ta'lim maktabi
40.92532,71.44928,44-sonli umumiy o'rta ta'lim maktabi
40.963634,71.44928,45-sonli umumiy o'rta ta'lim maktabi
40.910748,71.44928,46-sonli umumiy o'rta ta'lim maktabi
40.966015,71.439255,47-sonli umumiy o'rta ta'lim maktabi
40.896107,71.50539,48-sonli umumiy o‘rta taʼlim maktabi
40.929966,71.41807,49-sonli umumiy o'rta ta'lim maktabi
41.010258,71.48925,50-sonli umumiy o'rta ta'lim maktabi
40.972816,71.45631,51-sonli umumiy o'rta ta'lim maktabi
40.91125,71.47133,52-sonli umumiy o‘rta ta'lim maktabi
40.894375,71.46955,53-sonli umumiy o‘rta ta'lim maktabi
41.04423,71.49805,To'raqo'rg'on 54-sonli umumiy o'rta ta'lim maktabi
40.98353,71.51466,55-sonli umumiy o'rta ta'lim maktabi
41.068512,71.484436,56-sonli umumiy o'rta ta'lim maktabi
40.891006,71.510216,58-sonli umumiy o'rta ta'lim maktabi
41.009235,71.52156,60-sonli umumiy o'rta ta'lim maktabi
40.945805,71.50266,61-sonli umumiy o'rta ta'lim maktabi
40.94694,71.40213,62- sonli umumiy o`rta talim maktabi
41.007446,71.513054,4-sonli ayrim fanlari chuqur o‘qitiladigan sinflari mavjud maktab-interneti
40.946922,71.50089,17-sonli ayrim fanlar chuqur o‘qitiladigan sinflari mavjud maktab-internat
40.898963928222656,71.4682388305664,"48-DIMI,Turakurgan,Namangan"
37.220547,67.28164,1-sonli umumiy o'rta ta'lim maktabi
37.21491,67.27684,2-sonli umumiy o'rta ta'lim maktabi
37.22533,67.271385,3-sonli umumiy o'rta ta'lim maktabi
37.217087,67.27268,4-sonli umumiy o'rta ta'lim maktabi
37.21318,67.30025,5-sonli umumiy o'rta ta'lim maktabi
37.211147,67.2764,6-sonli umumiy o'rta ta'lim maktabi
37.205475,67.2946,7-sonli umumiy o‘rta ta’lim maktabi
37.237244,67.259,8-sonli umumiy o'rta ta'lim maktabi
37.241013,67.27601,Termiz shahar 9-sonli umumiy o'rta ta'lim maktabi
37.232117,67.27955,10-sonli umumiy o'rta ta'lim maktabi
37.238575,67.275826,11-sonli umumiy o'rta ta'lim maktabi
37.226658,67.294334,12-sonli umumiy o'rta ta'lim maktabi
37.242214,67.29502,13-sonli umumiy o'rta ta'lim maktabi
37.20915,67.26599,14-sonli umumiy o'rta ta'lim maktabi
37.249462,67.28596,15-sonli umumiy o'rta ta'lim maktabi
37.247017,67.284676,16-sonli umumiy o'rta ta'lim maktabi
37.23869,67.31777,17-sonli umumiy o'rta ta'lim maktabi
37.23794,67.30467,18-sonli umumiy o'rta ta'lim maktabi
37.20695,67.28592,19-sonli umumiy o'rta ta'lim maktabi
37.2507,67.31759,Surxondaryo viloyati Termiz shahar 20-sonli  umumiy o'rta ta'lim maktabi
37.25741,67.315445,21-sonli umumiy o'rta ta'lim maktabi
37.245846,67.26227,22-sonli umumiy o'rta ta'lim maktabi
37.256725,67.283424,23-sonli umumiy o'rta ta'lim maktabi
37.25079,67.27567,24-sonli umumiy o'rta ta'lim maktabi
37.265583,67.30302,25-sonli umumiy o'rta ta'lim maktabi
37.459183,67.146996,1-sonli umumiy o'rta ta'lim maktabi
37.468082,67.15366,2-sonli umumiy o'rta ta'lim maktabi
37.48375,67.11222,Angor tumani 3-sonli umumiy o‘rta ta’lim maktabi
37.43783,67.223946,4-sonli umumiy o'rta ta'lim maktabi
37.51097,67.11961,5-sonli umumiy o'rta ta'lim maktabi
37.45336,67.20022,6-sonli umumiy o'rta ta'lim maktabi
37.45111,67.09397,7-sonli umumiy o'rta ta'lim maktabi
37.46397,67.211334,8-sonli umumiy o'rta ta'lim maktabi
37.491833,67.14308,10-sonli umumiy o'rta ta'lim maktabi
37.404083,67.113914,11-sonli umumiy o'rta ta'lim maktabi
37.410667,67.10061,12-sonli umumiy o'rta ta'lim maktabi
37.49211,67.19114,13-sonli umumiy o'rta ta'lim maktabi
37.494446,67.23878,14-sonli umumiy o'rta ta'lim maktabi
37.47136,67.24533,15-sonli umumiy o'rta ta'lim maktabi
37.50386,67.17414,16-sonli umumiy o'rta ta'lim maktabi
37.508835,67.247,17-sonli umumiy o'rta ta'lim maktabi
37.451416,67.30492,18-sonli umumiy o'rta ta'lim maktabi
37.493195,67.15153,19-sonli umumiy o'rta ta'lim maktabi
37.417137,67.1778,20-sonli umumiy o'rta ta'lim maktabi
37.423027,67.21445,21-sonli umumiy o'rta ta'lim maktabi
37.416557,67.1895,22-sonli umumiy o'rta ta'lim maktabi
37.4445,67.161224,23-sonli umumiy o'rta ta'lim maktabi
37.43875,67.10503,24-sonli umumiy o'rta ta'lim maktabi
37.440193,67.18778,25-sonli umumiy o'rta ta'lim maktabi
37.441032,67.12918,26-sonli umumiy o'rta ta'lim maktabi
37.42148,67.17628,27-sonli umumiy o'rta ta'lim maktabi
37.424084,67.15867,28-sonli umumiy o'rta ta'lim maktabi
37.46711,67.10848,29-sonli umumiy o'rta ta'lim maktabi
37.412083,67.1765,30-sonli umumiy o'rta ta'lim maktabi
37.4431,67.28329,31-sonli umumiy o'rta ta'lim maktabi
37.381,67.109665,32-sonli umumiy o'rta ta'lim maktabi
37.38575,67.18164,33-sonli umumiy o'rta ta'lim maktabi
37.445415,67.14425,34-sonli umumiy o'rta ta'lim maktabi
37.470444,67.14825,35-sonli umumiy o'rta ta'lim maktabi
37.40075,67.205025,36-sonli umumiy o`rta ta'lim maktabi
37.45815,67.1753,37-sonli umumiy o'rta ta'lim maktabi
37.45699,67.23837,38-sonli umumiy o'rta ta'lim maktabi
37.386806,67.14028,39-sonli umumiy o'rta ta'lim maktabi
37.438416,67.09325,40-sonli umumiy o'rta ta'lim maktabi
37.44556,67.21497,41-sonli umumiy o'rta ta'lim maktabi
37.381638,67.22414,42-sonli umumiy o'rta ta'lim maktabi
37.456554,67.32853,43-sonli umumiy o'rta ta'lim maktabi
37.45960235595703,67.14656066894531,"3-IM,Angor,Surkhandarya"
37.856472,67.388885,1-sonli umumiy o‘rta ta’lim maktabi
37.85422,67.35811,2-sonli umumiy o'rta ta'lim maktabi
37.915054,67.45372,3-sonli umumiy o'rta ta'lim maktabi
37.879223,67.421364,4-sonli umumiy o'rta ta'lim maktabi
37.824055,67.34595,5-sonli umumiy o'rta ta'lim maktabi
37.874584,67.34778,6-sonli umumiy o'rta ta'lim maktabi
37.857388,67.312164,7-sonli umumiy o'rta ta'lim maktabi
37.854694,67.37139,8-sonli umumiy o'rta ta'lim maktabi
37.823917,67.34578,9-sonli umumiy o'rta ta'lim maktabi
37.80764,67.31817,10-sonli umumiy o'rta ta'lim maktabi
37.7855,67.33405,11-sonli umumiy o'rta ta'lim maktabi
37.850807,67.36447,12-sonli umumiy o'rta ta'lim maktabi
37.849445,67.40639,13-sonli umumiy o'rta ta'lim maktabi
37.83878,67.40628,14-sonli umumiy o'rta ta'lim maktabi
37.803055,67.392624,15-sonli umumiy o'rta ta'lim maktabi
37.822166,67.40144,16-sonli umumiy o'rta ta'lim maktabi
37.702,67.38192,17-sonli umumiy o'rta ta'lim maktabi
37.83211,67.458275,Bandixon tumani 18-sonli umumiy o'rta ta'lim maktabi
37.79386,67.42072,19-sonli umumiy o'rta ta'lim maktabi
37.84089,67.43667,20-sonli umumiy o'rta ta'lim maktabi
37.79386,67.45428,21-sonli umumiy o'rta ta'lim maktabi
37.819195,67.43281,22-sonli umumiy o'rta ta'lim maktabi
37.839222,67.42289,23-sonli umumiy o'rta ta'lim maktabi
37.80325,67.33867,24-sonli umumiy o'rta ta'lim maktabi
37.778805,67.19764,25-sonli umumiy o'rta ta'lim maktabi
37.75025,67.31067,26-sonli umumiy o'rta ta'lim maktabi
37.818695,67.25897,27-sonli umumiy o'rta ta'lim maktabi
37.7595,67.15356,28-sonli umumiy o'rta ta'lim maktabi
37.81961,67.28822,29-sonli umumiy o'rta ta'lim maktabi
37.79189,67.30397,30-sonli umumiy o'rta ta'lim maktabi
37.934223,67.41289,31-sonli umumiy o'rta ta'lim maktabi
37.934223,67.41289,32-sonli umumiy o'rta ta'lim maktabi
37.940918,67.450554,33-sonli umumiy o'rta ta'lim maktabi
37.971222,67.49114,34-sonli umumiy o‘rta ta'lim maktabi
37.92325,67.43342,35-sonli umumiy o`rta ta'lim maktabi
37.89411,67.463776,36-sonli umumiy o'rta ta'lim  maktabi
37.79386,67.45428,37-sonli umumiy o'rta ta'lim maktabi
37.84961,67.40567,38-sonli umumiy o'rta ta'lim maktabi
37.978641510009766,67.57861328125,"7-IMI,Bandikhan,Surkhandarya"
38.20158,67.20489,1-sonli umumiy o'rta ta'lim maktabi
38.21081,67.20026,2-sonli umumiy o'rta ta'lim maktab
38.227795,67.193985,3-sonli umumiy o'rta ta'lim maktabi
38.218903,67.20542,4-sonli umumiy o'rta ta'lim maktabi
38.212086,67.19033,5-sonli umumiy o'rta ta'lim maktabi
38.203487,67.22187,6-sonli umumiy o'rta ta'lim maktabi
38.21805,67.189896,7-sonli umumiy o'rta ta'lim maktabi
38.218014,67.18996,8-sonli umumiy o'rta ta'lim maktabi
38.186108,67.02738,9-sonli umumiy o'rta ta'lim maktabi
38.18612,67.0273,10-sonli umumiy o'rta ta'lim maktabi
38.21474,67.01891,11-sonli umumiy o'rta ta'lim maktabi
38.22934,67.13946,12-sonli umumiy o'rta ta'lim maktabi
38.20204,67.21262,13-sonli umumiy o'rta ta'lim maktabi
38.33528,67.02819,14-sonli umumiy o'rta ta'lim maktabi
38.473537,67.18801,15-sonli umumiy o'rta ta'lim maktabi
38.197777,66.94043,16-sonli umumiy o'rta ta'lim maktabi
38.325237,67.36522,17-sonli umumiy o'rta ta'lim maktabi
38.374065,67.42654,18-sonli umumiy o'rta ta'lim maktabi
38.352886,67.46145,19-sonli umumiy o'rta ta'lim maktabi
38.211246,66.920494,20-sonli umumiy o'rta ta'lim maktabi
38.210148,67.084496,21-sonli umumiy o'rta ta'lim maktabi
38.21797,67.24531,22-sonli umumiy o'rta ta'lim maktabi
38.066242,66.97837,23-sonli umumiy o'rta ta'lim maktabi
38.392395,67.13918,24-sonli umumiy o'rta ta'lim maktabi
38.20804,67.20353,25-sonli umumiy o'rta ta'lim maktabi
38.08939,67.02616,26-sonli umumiy o'rta ta'lim maktabi
38.18916,67.26774,27-sonli umumiy o'rta ta'lim maktabi
38.156925,67.36861,28-sonli umumiy o'rta ta'lim maktabi
38.22971,67.32068,29-sonli umumiy o'rta ta'lim maktabi
38.108776,67.394394,30-sonli umumiy o'rta ta'lim maktabi
38.152287,67.318375,31-sonli umumiy o'rta ta'lim maktabi
38.09578,67.24669,32-sonli umumiy o'rta ta'lim maktabi
38.19652,67.19586,33-sonli umumiy o'rta ta'lim maktabi
38.12687,67.18546,35-sonli umumiy o'rta ta'lim maktabi
38.11417,67.04494,36-sonli umumiy o'rta ta'lim maktabi
38.04661,67.01535,37-sonli umumiy o'rta ta'lim maktabi
38.1026,67.03346,38-sonli umumiy o'rta ta'lim maktabi
38.182705,67.20794,39-sonli umumiy o'rta ta'lim maktabi
38.323177,67.05732,40-sonli umumiy o'rta ta'lim maktabi
38.070915,66.97135,41-sonli umumiy o'rta ta'lim maktabi
37.96854,67.16069,42-sonli umumiy o'rta ta'lim maktabi
38.0003,66.92266,43-sonli umumiy o'rta ta'lim maktabi
38.382378,67.408134,44-sonli umumiy o'rta ta'lim maktabi
37.94693,67.03614,45-sonli umumiy o'rta ta'lim maktabi
38.34096,67.08865,46-sonli umumiy o'rta ta'lim maktabi
38.210575,67.207924,47-sonli umumiy o'rta ta'lim maktab
38.07153,67.20336,48-sonli umumiy o'rta ta'lim maktabi
38.125816,67.35457,49-sonli umumiy o'rta ta'lim maktabi
38.3871,67.44502,50-sonli umumiy o'rta ta'lim maktabi
38.33693,67.36263,53-sonli umumiy o'rta ta'lim maktabi
38.176308,67.037735,54-sonli umumiy o'rta ta'lim maktabi
38.16513,67.19527,55-sonli umumiy o'rta ta'lim maktabi
38.387115,67.44503,56-sonli umumiy o'rta ta'lim maktabi
38.184464,67.18519,57-sonli umumiy o'rta ta'lim maktabi
38.3113,67.383705,58-sonli umumiy o'rta ta'lim maktabi
38.31087,67.35755,59-sonli umumiy o'rta ta'lim maktabi
38.182053,67.04001,61-sonli umumiy o'rta ta'lim maktabi
38.326977,67.06457,62-sonli umumiy o'rta ta'lim maktabi
38.20855712890625,67.2032470703125,"10-MM,Boysun,Surkhandarya"
38.34838,67.89419,1-sonli umumiy o'rta ta'lim maktabi
38.328285,67.92388,2-sonli umumiy o'rta ta'lim maktabi
38.25178,67.932045,3-sonli umumiy o'rta ta'lim maktabi
38.27505,67.933945,4-sonli umumiy o'rta ta'lim maktabi
38.307877,67.90414,5-sonli umumiy o'rta ta'lim maktabi
38.288353,67.98144,6-sonli umumiy o'rta ta'lim maktabi
38.116558,68.23263,66-sonli umumiy o'rta ta'lim maktabi
38.30042,67.86476,8-sonli umumiy o'rta ta'lim maktabi
38.30777,67.89129,9-sonli umumiy o'rta ta'lim maktabi
38.2851,67.838425,10-sonli umumiy o'rta ta'lim maktabi
38.39149,67.878,11-sonli umumiy o'rta ta'lim maktabi
38.186607,68.27355,67-sonli umumiy o'rta ta'lim maktabi
38.332817,67.866646,13-sonli umumiy o'rta ta'lim maktabi
38.35604,67.83601,14-sonli umumiy o'rta ta'lim maktabi
38.32051,67.82595,15-sonli umumiy o'rta ta'lim maktabi
38.441105,67.697174,16-sonli umumiy o'rta ta'lim maktabi
38.342472,67.9109,17-sonli umumiy o'rta ta'lim maktabi
38.30858,67.93113,18-sonli umumiy o'rta ta'lim maktabi
38.383656,67.91264,19-sonli umumiy o'rta ta'lim maktabi
38.374416,67.95283,20-sonli umumiy o'rta ta'lim maktabi
38.40801,67.86804,21-sonli umumiy o'rta ta'lim maktabi
38.367294,67.89449,22-sonli umumiy o'rta ta'lim maktabi
38.23343,67.88912,23-sonli umumiy o'rta ta'lim maktabi
38.163956,67.89619,24-sonli umumiy o'rta ta'lim maktabi
38.17847,67.85181,25-sonli umumiy o'rta ta'lim maktabi
38.145123,67.90598,26-sonli umumiy o'rta ta'lim maktabi
38.204533,67.83307,27-sonli umumiy o'rta ta'lim maktabi
38.229645,67.81855,28-sonli umumiy o'rta ta'lim maktabi
38.220272,67.89144,29-sonli umumiy o‘rta ta'lim maktabi
38.170258,67.9154,30-sonli umumiy o'rta ta'lim maktabi
38.229584,67.86274,31-sonli umumiy o'rta ta'lim maktabi
38.20092,67.88588,32-sonli umumiy o'rta ta'lim maktabi
38.215725,67.91853,33-sonli umumiy o'rta ta'lim maktabi
38.30453,67.86209,34-sonli umumiy o'rta ta'lim maktabi
38.27344,67.853806,35-sonli umumiy o'rta ta'lim maktabi
38.35884,67.870224,36-sonli umumiy o'rta ta'lim maktabi
38.33727,67.81721,37-sonli umumiy o'rta ta'lim maktabi
38.27073,67.822426,38-sonli umumiy o'rta ta'lim maktabi
38.218113,67.938965,39-sonli umumiy o'rta ta'lim maktabi
38.249344,67.942444,40-sonli umumiy o'rta ta'lim maktabi
38.308918,67.983475,41-sonli umumiy o'rta ta'lim maktabi
38.354168,67.82311,42-sonli umumiy o'rta ta'lim maktabi
38.206696,68.25138,68-sonli umumiy o'rta ta'lim maktabi
38.253002,67.87588,44-sonli umumiy o'rta ta'lim maktabi
38.269585,67.972115,45-sonli umumiy o'rta ta'lim maktabi
38.37582,67.831535,46-sonli umumiy o'rta ta'lim maktabi
38.156906,67.87203,47-sonli umumiy o'rta ta'lim maktabi
38.24727,67.83535,48-sonli umumiy o'rta ta'lim maktabi
38.192448,67.93155,49-sonli umumiy o'rta ta'lim maktabi
38.176678,67.8885,50-sonli umumiy o'rta ta'lim maktabi
38.322903,67.97307,51-sonli umumiy o'rta ta'lim maktabi
38.209587,67.85488,52-sonli umumiy o'rta ta'lim maktabi
38.178497,67.903824,54-sonli umumiy o'rta ta'lim maktabi
38.175804,67.88509,55-sonli umumiy o'rta ta'lim maktabi
38.2861,67.798645,56-sonli umumiy o'rta ta'lim maktabi
38.313675,67.79156,57-sonli umumiy o'rta ta'lim maktabi
38.341877,67.71823,58-sonli umumiy o'rta ta'lim maktabi
38.362244,67.658714,59-sonli umumiy o'rta ta'lim maktabi
38.363464,67.69372,60-sonli umumiy o'rta ta'lim maktabi
38.329754,67.73619,61-sonli umumiy o'rta ta'lim maktabi
38.4022,67.69545,62-sonli umumiy o'rta ta'lim maktabi
38.321148,67.90014,63-sonli umumiy o'rta ta'lim maktabi
38.402367,67.85953,64-sonli umumiy o'rta ta'lim maktabi
38.36496,67.69155,65-sonli umumiy o'rta ta'lim maktabi
38.222816,67.911285,66-sonli umumiy o'rta ta'lim maktabi
38.164646,67.893974,67-sonli umumiy o'rta ta'lim maktabi
38.201706,67.901924,68-sonli umumiy o'rta ta'lim maktabi
38.314972,67.915924,69-sonli umumiy o'rta ta'lim maktabi
38.23613,67.92832,70-sonli umumiy o'rta ta'lim maktabi
38.076458,68.016914,71-sonli umumiy o'rta ta'lim maktabi
38.38576,67.92608,72-sonli umumiy o'rta ta'lim maktabi
38.275185,67.94552,73-sonli umumiy o'rta ta'lim maktabi
38.27007,67.9032,74-sonli umumiy o'rta ta'lim maktabi
38.272633,67.89558,75-sonli umumiy o'rta ta'lim maktabi
38.270695,67.89029,76-sonli umumiy o'rta ta'lim maktabi
38.275772,67.89786,77-sonli umumiy o'rta ta'lim maktabi
38.26492,67.90984,78-sonli umumiy o'rta ta'lim maktabi
38.285675,67.896484,79-sonli umumiy o'rta ta'lim maktabi
38.29259,67.898994,80-sonli umumiy o'rta ta'lim maktabi
38.26207,67.89376,81-sonli umumiy o'rta ta'lim maktabi
38.255424,67.91434,82-sonli umumiy o'rta ta'lim maktabi
38.25905,67.88648,83-sonli umumiy o'rta ta'lim maktabi
38.278145,67.88116,84-sonli umumiy o'rta ta'lim maktabi
38.274906,67.87228,85-sonli umumiy o'rta ta'lim maktabi
38.290375,67.82703,86-sonli umumiy o'rta ta'lim maktabi
38.237423,67.954605,87-sonli umumiy o'rta ta'lim maktabi
38.20994,67.91829,88-sonli umumiy o'rta ta'lim maktabi
38.281616,67.95343,89-sonli umumiy o'rta ta'lim maktabi
38.358414,67.92599,90-sonli umumiy o'rta ta'lim maktabi
38.33125,67.93912,91-sonli umumiy o'rta ta'lim maktabi
38.149815,67.91596,92-sonli umumiy o'rta ta'lim maktabi
38.40942,67.85657,93-sonli umumiy o'rta ta'lim maktabi
38.367588,67.6841,94-sonli umumiy o'rta ta'lim maktabi
38.26007,67.89099,95-sonli umumiy o'rta ta'lim maktabi
38.194244,67.83915,96-sonli umumiy o'rta ta'lim maktabi
38.398415,67.67485,97-sonli umumiy o'rta ta'lim maktabi
38.27032,67.90435,98-sonli umumiy o'rta ta'lim maktabi
38.28169,67.9032,108-sonli umumiy o'rta ta'lim maktabi
37.51104,67.42341,1-sonli umumiy o'rta ta'lim maktabi
37.507908,67.42072,2-sonli umumiy o'rta ta'lim maktabi
37.72463,67.51389,3-sonli umumiy o'rta ta'lim maktabi
37.678402,67.505806,4-sonli umumiy o'rta ta'lim maktabi
37.577816,67.510956,5-sonli umumiy o‘rta ta'lim maktabi
37.73732,67.51081,6-sonli umumiy o'rta ta'lim maktabi
37.514187,67.41613,7-sonli umumiy o'rta ta'lim maktabi
37.617382,67.5684,8-sonli umumiy o'rta ta'lim maktabi
37.51802,67.33814,9-sonli umumiy o'rta ta'lim maktabi
37.608765,67.45175,10-sonli umumiy o'rta ta'lim maktabi
37.538807,67.433464,11-sonli umumiy o'rta ta'lim maktabi
37.494545,67.39158,12-sonli umumiy o'rta ta'lim maktabi
37.517475,67.463585,13-sonli umumiy o'rta ta'lim maktabi
37.50457,67.40948,14-sonli umumiy o'rta ta'lim maktabi
37.53639,67.47469,15-sonli umumiy o'rta ta'lim maktabi
37.66582,67.48503,16-sonli umumiy o'rta ta'lim maktabi
37.49191,67.47041,17-sonli umumiy o'rta ta'lim maktabi
37.779263,67.54117,18-sonli umumiy o'rta ta'lim maktabi
37.481834,67.40426,19-sonli umumiy o'rta ta'lim maktabi
37.575443,67.44754,20-sonli umumiy o'rta ta'lim maktabi
37.46714,67.423874,21-sonli umumiy o'rta ta'lim maktabi
37.562958,67.48806,22-sonli umumiy o'rta ta'lim maktabi
37.713303,67.50138,23-sonli umumiy o'rta ta'lim maktabi
37.47463,67.39747,24-sonli umumiy o'rta ta'lim maktabi
37.519287,67.424286,25-sonli umumiy o'rta ta'lim maktab
37.58112,67.43972,26-sonli umumiy o'rta ta'lim maktabi
37.628693,67.453316,27-sonli umumiy o'rta ta'lim maktabi
37.51019,67.40302,28-sonli umumiy o'rta ta'lim maktabi
37.70492,67.51541,29-sonli umumiy o'rta ta'lim maktabi
37.375816,67.4198,30-sonli umumiy o'rta ta'lim maktabi
37.50197,67.41445,31-sonli umumiy o'rta ta'lim maktabi
37.48776,67.42175,32-sonli umumiy o'rta ta'lim maktabi
37.470547,67.364235,33-sonli umumiy o'rta ta'lim maktabi
37.443844,67.39082,34-sonli umumiy o'rta ta'lim maktabi
37.552696,67.50448,35-sonli umumiy o'rta ta'lim maktabi
37.49716,67.446495,36-sonli umumiy o'rta ta'lim maktabi
37.43268,67.45052,37-sonli umumiy o'rta ta'lim maktabi
37.60032,67.51166,38-sonli umumiy o'rta ta'lim maktabi
37.757023,67.520355,39-sonli umumiy o'rta ta'lim maktabi
37.397827,67.434456,40-sonli umumiy o'rta ta'lim maktabi
37.59227,67.45828,41-sonli umumiy o'rta ta'lim maktabi
37.699673,67.49352,42-sonli umumiy o'rta ta'lim maktabi
37.648556,67.4666,43-sonli umumiy o'rta ta'lim maktabi
37.59556,67.57621,44-sonli umumiy o'rta ta'lim maktabi
37.526676,67.425285,45-sonli umumiy o'rta ta'lim maktabi
37.54445,67.40016,46-sonli umumiy o'rta ta'lim maktabi
37.442383,67.41296,47-sonli umumiy o'rta ta'lim maktabi
37.52383,67.523445,48-sonli umumiy o'rta ta'lim maktabi
37.595406,67.59455,49-sonli umumiy o'rta ta'lim maktabi
37.60986,67.46235,50-sonli umumiy o'rta ta'lim maktabi
37.419807,67.43511,51-sonli umumiy o'rta ta'lim maktabi
37.711533,67.47158,52-sonli umumiy o'rta ta'lim maktabi
37.621674,67.598366,53-sonli umumiy o'rta ta'lim maktabi
37.619156,67.623085,54-sonli umumiy o'rta ta'lim maktabi
37.460503,67.46038,55-sonli umumiy o'rta ta'lim maktabi
37.551746,67.55325,56-sonli umumiy o'rta ta'lim maktabi
37.734848,67.49743,57-sonli umumiy o'rta ta'lim maktabi
37.688133,67.46822,58-sonli umumiy o'rta ta'lim maktabi
37.47636,67.476746,59-sonli umumiy o'rta ta'lim maktabi
37.56904,67.57131,60-sonli umumiy o'rta ta'lim maktabi
37.546288,67.42856,61-sonli umumiy o'rta ta'lim maktabi
37.586266,67.55903,62-sonli umumiy o'rta ta'lim maktabi
37.40821,67.44123,63-sonli umumiy o'rta ta'lim maktabi
37.642223,67.46544,64-sonli umumiy o'rta ta'lim maktabi
37.473923,67.46447,65-sonli umumiy o'rta ta'lim maktabi
37.4646,66.932396,1-sonli umumiy o'rta ta'lim maktabi
37.50423,66.93737,2-sonli umumiy o'rta ta'lim maktabi
37.486683,66.886314,3-sonli umumiy o'rta ta'lim maktabi
37.454685,66.89428,4-sonli umumiy o'rta ta'lim maktabi
37.49225,66.90479,5-sonli umumiy o'rta ta'lim maktabi
37.41641,67.04332,6-sonli umumiy o'rta ta'lim maktabi
37.508804,67.06299,7-sonli umumiy o'rta ta'lim maktabi
37.50545,67.03048,8-sonli umumiy o'rta ta'lim maktabi
37.506084,67.04699,9-sonli umumiy o'rta ta'lim maktabi
37.4589,67.00845,10-sonli umumiy o'rta ta'lim maktabi
37.52024,67.10377,11-sonli umumiy o'rta ta'lim maktabi
37.470905,67.05563,12-sonli umumiy o'rta ta'lim maktabi
37.449013,67.05192,13-sonli umumiy o'rta ta'lim maktabi
37.446213,66.81193,14-sonli umumiy o'rta ta'lim maktabi
37.4796,66.86008,15-sonli umumiy o'rta ta'lim maktabi
37.505413,66.859665,16-sonli umumiy o'rta ta'lim maktabi
37.468147,66.82803,17-sonli umumiy o'rta ta'lim maktabi
37.40101,66.747154,18-sonli umumiy o'rta ta'lim maktabi
37.4087,66.6872,19- sonli umumiy o'rta ta'lim maktabi
37.399624,67.064964,20-sonli umumiy o'rta ta'lim maktabi
37.42465,66.98777,21-sonli umumiy o'rta ta'lim maktabi
37.39207,66.59586,22-sonli umumiy o'rta ta'lim maktabi
37.478584,66.822945,23-sonli umumiy o'rta ta'lim maktabi
37.405365,67.06976,24-sonli umumiy o'rta ta'lim maktabi
37.485596,66.783165,25-sonli umumiy o'rta ta'lim maktabi
37.537838,67.10324,26-sonli umumiy o'rta ta'lim maktabi
37.430748,66.70077,27-sonli umumiy o'rta ta'lim maktabi
37.43015,66.82998,28-sonli umumiy o'rta ta'lim maktabi
37.397858,66.540405,29-sonli umumiy o'rta ta'lim maktabi
37.467224,67.04116,30-sonli umumiy o'rta ta'lim maktabi
37.421085,66.982376,31-sonli umumiy o'rta ta'lim maktabi
37.518776,67.078094,32-umumiy o'rta ta'lim maktab
37.45641,66.92428,33-sonli umumiy o'rta ta'lim maktabi
37.468147,66.82803,34-sonli umumiy o'rta ta'lim maktabi
37.421867,66.64,35-sonli umumiy o'rta ta'lim maktabi
37.440136,66.96923,36-sonli umumiy o'rta ta'lim maktabi
37.434036,66.79491,37-sonli umumiy o'rta ta'lim maktabi
37.393875,66.70607,38-sonli umumiy o'rta ta'lim maktabi
37.502308,66.961105,39-sonli umumiy o'rta ta'lim maktabi
37.411922,66.73635,40-sonli umumiy o'rta ta'lim maktabi
37.4036,67.04814,41-sonli umumiy o'rta ta'lim maktabi
37.50503,66.78534,42-sonli umumiy o'rta ta'lim maktabi
37.47239,66.87621,43-sonli umumiy o'rta ta'lim maktabi
37.459297,66.923416,44-sonli umumiy o'rta ta'lim maktabi
37.422237,66.951706,45-sonli umumiy o'rta ta'lim maktabi
37.42382,67.00969,46-sonli umumiy o'rta ta'lim maktabi
37.516693,66.89827,47- sonli umumiy o'rta ta'lim maktabi
37.47748,66.950455,48-sonli umumiy o'rta ta'lim maktabi
37.429054,66.765465,49-sonli umumiy o'rta ta'lim maktabi
37.49394,66.91584,50-sonli umumiy o'rta ta'lim maktabi
37.531288146972656,66.82557678222656,"51,Muzrabot,Surkhandarya"
37.47748,66.950455,52-sonli umumiy o'rta ta'lim maktabi
37.457283,66.910934,53-sonli umumiy o'rta ta'lim maktabi
37.505463,66.99987,54-sonli umumiy o'rta ta'lim maktabi
37.414448,66.81913,55-sonli umumiy o'rta ta'lim maktabi
37.507523,67.01379,56-sonli umumiy o'rta ta'lim maktabi
38.17286,67.730446,1-sonli umumiy o'rta ta'lim maktabi
38.164165,67.736305,2-sonli umumiy o'rta ta'lim maktabi
38.191277,67.74186,3-sonli umumiy o'rta ta'lim maktabi
38.196194,67.69722,4-sonli umumiy o'rta ta'lim maktabi
38.18397,67.70328,5-sonli umumiy o'rta ta'lim maktabi
38.125805,67.72517,6-sonli umumiy o'rta ta'lim maktabi
38.128998,67.747215,7-sonli umumiy o'rta ta'lim maktabi
38.13392,67.71692,8-sonli umumiy o'rta ta'lim maktabi
38.12025,67.67739,9-sonli umumiy o'rta ta'lim maktabi
38.16336,67.67455,10-sonli umumiy o‘rta ta'lim maktabi
38.079693,67.698555,11-sonli umumiy o'rta ta'lim maktabi
38.104637,67.66097,12-sonli umumiy o'rta ta'lim maktabi
38.086666,67.67455,14-sonli umumiy o'rta ta'lim maktabi
38.066,67.6985,15-sonli umumiy o'rta ta'lim maktabi
38.14936,67.77194,16-sonli umumiy o'rta ta'lim maktabi
38.159973,67.77903,17-sonli umumiy o'rta ta'lim maktabi
38.17139,67.78228,18-sonli umumiy o'rta ta'lim maktabi
38.20597,67.72489,19-sonli umumiy o'rta ta'lim maktabi
38.20964,67.72967,20-sonli umumiy o'rta ta'lim maktabi
38.220833,67.69419,21-sonli umumiy o'rta ta'lim maktabi
38.19908,67.80231,22-sonli umumiy o'rta ta'lim maktabi
38.230362,67.79039,23-sonli umumiy o'rta ta'lim maktabi
38.21803,67.772224,24-sonli umumiy o'rta ta'lim maktabi
38.223305,67.75181,25-sonli umumiy o'rta ta'lim maktabi
38.250805,67.7823,26-sonli umumiy o'rta ta'lim maktabi
38.238777,67.75025,27-sonli umumiy o'rta ta'lim maktabi
38.182,67.763664,28-sonli umumiy o'rta ta'lim maktabi
38.13353,67.799194,Oltinsoy tumani Maktabgacha taʼlim va Maktab bo‘limiga qarashli 29-sonli umumiy o'rta ta'lim maktabi
38.113445,67.73089,30-sonli umumiy o'rta ta'lim maktabi
38.146,67.77094,31-sonli umumiy o'rta ta'lim maktabi
38.292862,67.53555,32-sonli umumiy o'rta ta'lim maktabi
38.269943,67.64628,33-sonli umumiy o'rta ta'lim maktabi
38.2785,67.76847,34-sonli umumiy o'rta ta'lim maktabi
38.263443,67.63153,35-sonli umumiy o'rta ta'lim maktabi
38.320946,67.6402,36-sonli umumiy o'rta ta'lim maktabi
38.31008,67.598694,37-sonli umumiy o'rta ta'lim maktabi
38.329777,67.65722,38-sonli umumiy o'rta ta'lim maktabi
38.330082,67.62781,39-sonli umumiy o'rta ta'lim maktabi
38.2895,67.60719,40-sonli umumiy o'rta ta'lim maktabi
38.297085,67.55839,41-sonli umumiy o'rta ta'lim maktabi
38.27936,67.657974,42-sonli umumiy o'rta ta'lim maktabi
38.243557,67.70856,43-sonli umumiy o'rta ta'lim maktabi
38.176167,67.735085,44-sonli umumiy o'rta ta'lim maktabi
38.118416,67.7085,45-sonli umumiy o'rta ta'lim maktabi
38.154694,67.7055,46-sonli umumiy o'rta ta'lim maktabi
38.073193,67.649864,47-sonli umumiy o'rta ta'lim maktabi
38.158195,67.73006,48-sonli umumiy o'rta ta'lim maktabi
38.153416,67.75561,50-sonli umumiy o'rta ta'lim maktabi
38.17664,67.75214,51-sonli umumiy o'rta ta'lim maktabi
38.141945,67.75467,52-sonli umumiy o'rta ta'lim maktabi
38.114418,67.68117,53-sonli umumiy o'rta ta'lim maktabi
38.24511,67.71856,54-sonli umumiy o'rta ta'lim maktabi
38.215805,67.76303,55-sonli umumiy o'rta ta'lim maktabi
38.202415,67.792114,56-sonli umumiy o'rta ta'lim maktabi
38.20289,67.69283,57-sonli umumiy o'rta ta'lim maktabi
38.04589,67.72347,59-sonli umumiy o'rta ta'lim maktabi
38.25947,67.519196,60-sonli umumiy o'rta ta'lim maktabi
38.065277,67.67514,61-sonli umumiy o'rta ta'lim maktabi
38.263557,67.742165,62-sonli umumiy o'rta ta'lim maktabi
38.22825,67.75814,63-sonli umumiy o'rta ta'lim maktabi
38.19386,67.68894,64-sonli umumiy o'rta ta'lim maktabi
38.23203,67.713,65-sonli umumiy o'rta ta'lim maktabi
38.303333,67.650475,66-sonli umumiy o'rta ta'lim maktabi
38.085,67.63294,67-sonli umumiy o'rta ta'lim maktabi
38.31386,67.638054,68-sonli umumiy o'rta ta'lim maktabi
38.41844,67.9597,1-sonli umumiy o'rta ta'lim maktabii
38.407814,67.952705,2-sonli umumiy o'rta ta'lim maktabi
38.390785,67.970024,3-sonli umumiy o'rta ta'lim maktabi
38.4655,67.95896,4-sonli umumiy o'rta ta'lim maktabi
38.470333,67.96699,5-sonli umiy o'rta ta'lim maktabi
38.551605,67.98417,6-sonli umumiy o'rta ta'lim maktabi
38.4436,67.89636,7-sonli umumiy o'rta ta'lim maktabi
38.609047,67.772644,8-sonli umumiy o'rta ta'lim maktabi
38.442295,67.942474,9-sonli umum ta'lim maktabi
38.394016,67.97139,10-sonli umumiy o'rta ta'lim maktabi
38.421772,67.964096,11-sonli umumiy o'rta ta'lim maktabi
38.416313,67.907684,12-sonli umum ta'lim
38.612003,67.77425,13-sonli umumiy o'rta ta'lim maktabi
38.43348,67.806885,14-sonli umumiy o'rta ta'lim maktabi
38.47626,67.71172,15-sonli umumiy o'rta ta'lim maktabi
38.5318,67.57593,16-sonli umumiy o'rta ta'lim maktabi
38.410667,67.986115,17-sonli umumiy o'rta ta'lim maktabi
38.428387,67.99329,18-sonli umumiy o'rta ta'lim maktabi
38.42864,67.9933,19-sonli umumiy o'rta ta'lim maktabi
38.453903,67.99437,20-sonli umumiy o'rta ta'lim maktabi
38.405483,67.989075,21-sonli umumiy o'rta ta'lim maktabi
38.43839,67.99739,22-sonli umumiy o'rta ta'lim maktabi
38.494278,68.01204,23-sonli umumiy o'rta ta'lim maktabi
38.453045,67.92034,24-sonli umumiy o'rta ta'lim maktabi
38.466274,67.957085,25-sonli umumiy o'rta ta'lim maktabi
38.506264,67.89313,26-sonli umumiy o'rta ta'lim maktabi
38.48352813720703,67.9665298461914,"27,Saryasia,Surkhandarya"
38.459633,67.91118,28-sonli umumiy o'rta ta'lim maktabi
38.423584,67.94069,29-sonli umumiy o'rta ta'lim maktabi
38.476627,68.08999,30-sonli umumiy o'rta ta'lim maktabi
38.509525,68.06275,31-sonli umumiy o'rta ta'lim maktabi
38.491825,68.070526,32-sonli umumiy o'rta ta'lim maktabi
38.55188,68.05004,33-sonli umumiy o'rta ta'lim maktabi
38.437252,68.03969,34-sonli umumiy o'rta ta'lim maktabi
38.5191,68.042816,35-sonli umumiy o'rta ta'lim maktabi
38.431385,68.060234,36-sonli umumiy o'rta ta'lim maktabi
38.45371,67.96247,37-sonli umumiy o'rta ta'lim maktabi
38.467773,67.8699,38-sonli umumiy o'rta ta'lim maktabi
38.54572,67.545364,39-sonli umumiy o'rta ta'lim maktabi
38.567265,67.599945,40-sonli umumiy o'rta ta'lim maktabi
38.390347,67.996056,41-sonli umumiy o'rta ta'lim maktabi
38.527527,67.597916,42-sonli umumiy o'rta ta'lim maktabi
38.44822,68.06671,43-sonli umumiy o'rta ta'lim maktabi
38.586246,67.44705,44-sonli umumiy o'rta ta'lim maktabi
38.466984,67.96362,45-sonli umumiy o'rta ta'lim maktabi
38.645714,67.8293,46-sonli umumiy o'rta ta'lim maktabi
38.400543,67.968544,47-sonli umumiy o'rta ta'lim maktabi
38.56412,67.80917,48-sonli umumiy o'rta ta'lim maktabi
38.38497,67.97934,49-sonli umumiy o'rta ta'lim maktabi
38.49951,68.08878,50-sonli umumiy o'rta ta'lim maktabi
38.481564,67.90387,51-sonli umumiy o'rta ta'lim maktabi
38.452515,67.88615,52-sonli umumiy o'rta ta'lim maktabi
38.48909,67.9072,53-sonli umumiy o'rta ta'lim maktabi
38.50045,68.04977,54-sonli umumiy o'rta ta'lim maktabi
38.45154,67.98957,55-sonli umumta'lim maktabi
38.42155,67.896904,56-sonli umumiy o'rta ta'lim maktabi
38.44601,67.93504,57-sonli umumiy o'rta ta'lim maktabi
38.523335,67.98471,58-sonli umumiy o'rta ta'lim maktabi
38.699837,67.65517,59-sonli umumiy o'rta ta'lim maktabi
38.48165,67.96194,60-sonli umumiy o'rta ta'lim maktabi
38.464233,68.0508,61-sonli umumiy o'rta ta'lim maktabi
38.455944,67.967094,62-sonli umumiy o'rta ta'lim maktabi
38.44738,68.086426,63-sonli umumiy o'rta ta'lim maktabi
38.47711,68.03932,64-sonli umumiy o'rta ta'lim maktabi
38.71694,67.71774,65-sonli umumiy o'rta ta'lim maktabi
38.441795,67.921555,66-sonli umumiy o'rta ta'lim maktabi
38.383095,68.02132,67-sonli umumiy o'rta ta'lim maktabi
38.430866,67.91083,68-sonli umumiy o'rta ta'lim maktabi
38.51345,67.89732,69-sonli umum ta'lim maktabi
38.462116,67.89308,70-sonli umumiy o'rta ta'lim maktabi
38.56727,68.05994,71-sonli umumiy o'rta ta'lim maktabi
38.486237,67.70503,72-sonli umumiy o'rta ta'lim maktabi
38.432297,68.06658,73-sonli umumiy o'rta ta'lim maktabi
38.469788,67.94262,74-sonli umumiy o'rta ta'lim maktabi
38.57669448852539,67.5854721069336,"75,Saryasia,Surkhandarya"
38.595848,67.56968,76-sonli umumiy o'rta ta'lim maktabi
38.63163757324219,67.5866928100586,"77,Saryasia,Surkhandarya"
38.574574,67.71406,78-sonli umumiy o'rta ta'lim maktabi
38.615692138671875,67.71723175048828,"79,Saryasia,Surkhandarya"
38.419304,67.91525,80-sonli umumiy o'rta ta'lim maktabiv
38.487022,68.08859,81-sonli umumiy o'rta ta'lim maktabi
38.482075,67.85284,82-sonli umumiy o'rta ta'lim maktabi
38.430614,67.93996,83-sonli umumiy o'rta ta'lim maktabi
38.58175,67.577415,85-sonli umumiy o'rta ta'lim maktabi
37.33911,67.22295,1-sonli umumiy o'rta ta'lim maktabi
37.34893,67.18437,2-sonli umumiy o'rta ta'lim maktabi
37.338985,67.18419,3-sonli umumiy o'rta ta'lim maktabi
37.279064,67.250145,31-sonli umumiy o'rta ta'lim maktabi
37.283184,67.34008,Termiz tuman 6-sonli umumiy o`rta talim maktabi
37.28188,67.27855,10-sonli umumiy o'rta ta'lim maktabi
37.284668,67.39671,12-sonli umumiy o'rta ta'lim maktabi
37.311832,67.37699,13-sonli umumiy o'rta ta'lim maktabi
37.225014,67.333664,15-sonli umumiy o'rta ta'lim maktabi
37.266853,67.355965,16-sonli umumiy o'rta ta'lim maktabi
37.29594,67.38496,17-sonli umumiy o'rta ta'lim maktabi
37.256355,67.71986,Termiz tumani 18-sonli umumiy o'rta ta'lim maktabi
37.24078,67.361,19-sonli umumiy o'rta ta'lim maktabi
37.274815,67.38051,20-sonli umumiy o'rta ta'lim maktabi
37.28805,67.36684,21-sonli umumiy o'rta ta'lim maktabi
37.280243,67.24221,22-sonli umumiy o'rta ta'lim maktabi
37.33425,67.40255,23-sonli umumiy o'rta ta'lim maktabi
37.24985,67.4037,24-sonli umumiy o'rta ta'lim maktabi
37.30376,67.20057,25-sonli umumiy o'rta ta'lim maktabi
37.239204,67.34762,Temiz tumani 35-sonli umumiy o'rta ta'lim maktabi o'rta ta'lim maktabi
38.36801,68.00091,1-sonli umumiy o'rta ta'lim maktab
38.373894,68.00435,2-sonli umumiy o'rta ta'lim maktabi
38.382942,68.01721,3-sonli umumiy o'rta ta'lim maktabi
38.361416,67.99851,4-sonli umumiy o'rta ta'lim maktabi
38.34605,68.00943,5-sonli umumiy o'rta ta'lim maktabi
38.376453,67.99292,6-sonli umumiy o'rta ta'lim maktabi
38.32269,68.01192,7-sonli umumiy o'rta ta'lim maktabi
38.34964,68.032776,8-sonli umumiy o'rta ta'lim maktabi
38.37071,68.03917,9-sonli umumiy o'rta ta'lim maktabi
38.367306,68.046394,10-sonli umumiy o'rta ta'lim maktabi
38.357063,68.05639,11-sonli umumiy o'rta ta'lim maktabi
38.392673,68.0271,12-sonli umumiy o'rta ta'lim maktabi
38.39467,68.01977,13-sonli umumiy o'rta ta'lim maktabi
38.406788,68.02785,14-sonli umumiy o'rta ta'lim maktabi
38.41812,68.01397,15-sonli umumiy o'rta ta'lim maktabi
38.39285,68.00217,16-sonli umumiy o'rta ta'lim maktabi
38.394474,68.05816,18-sonli umumiy o'rta ta'lim maktabi
38.40196,68.133575,19-sonli umumiy o'rta ta'lim maktabi
38.38733,68.10341,20-sonli umumiy o'rta ta'lim maktabi
38.362095,68.10022,21-sonli umumiy o'rta ta'lim maktabi
38.35875,68.08096,22-sonli umumiy o‘rta ta'lim maktabi
38.33477,68.05932,23-sonli umumiy o'rta ta'lim maktabi
38.304714,68.0256,24-sonli umumiy o'rta ta'lim maktabi
38.274395,68.000755,25-sonli umumiy o'rta ta'lim maktabi
38.231518,67.97831,26-sonli umumiy o'rta ta'lim maktabi
38.17453,67.959404,27-sonli umumiy o'rta ta'lim maktabi
38.165344,67.96485,28-sonli umumiy o'rta ta'lim maktabi
38.119637,67.93061,29-sonli umumiy o'rta ta'lim maktabi
38.142033,67.938484,30-sonli umumiy o'rta ta'lim maktabi
38.102894,67.91267,31-sonli umumiy o'rta ta'lim maktabi
38.188866,68.39625,32-sonli umumiy o'rta ta'lim maktabi
38.104183,68.37158,33-sonli umumiy o'rta ta'lim maktabi
38.048832,68.32127,34-sonli umumiy o'rta ta'lim maktabi
37.961437,68.2622,35-sonli umumiy o'rta ta'lim maktabi
37.988647,68.27555,36-sonli umumiy o'rta ta'lim maktabi
38.22812,68.341545,37-sonli umumiy o'rta ta'lim maktabi
38.30725,68.043884,38-sonli umumiy o'rta ta'lim maktabi
38.280346,68.23223,39-sonli umumiy o'rta ta'lim maktabi
38.152637,68.39123,40-sonli umumiy o'rta ta'lim maktabi
38.18778,68.0908,41-sonli umumiy o'rta ta'lim maktabi
38.366302,67.98164,42-sonli umumiy o'rta ta'lim maktabi
38.374283,68.08908,43-sonli umumiy o'rta ta'lim maktabi
38.26548,67.99383,44-sonli umumiy o'rta ta'lim maktabi
38.035797,68.30732,45-sonli umumiy o'rta ta'lim maktabi
38.084946,68.34782,46-sonli umumiy o'rta ta'lim maktabi
38.29016,68.07533,47-sonli umumiy o'rta ta'lim maktabi
38.309376,68.05059,48-sonli umumiy o'rta ta'lim maktabi
38.369328,68.06402,49-sonli umumiy o'rta ta'lim maktabi
38.134964,67.93571,50-sonli umumiy o'rta ta'lim maktabi
38.207375,67.963486,51-sonli umumiy o'rta ta'lim maktabi
38.292572,68.01508,52-sonli umumiy o'rta ta'lim maktabi
38.231956,68.039566,53-sonli umumiy o'rta ta'lim maktabi
38.349144,68.06885,54-sonli umumiy o'rta ta'lim maktabi
38.316753,68.032036,55-sonli umumiy o'rta ta'lim maktabi
38.37966,68.1147,56-sonli umumiy o'rta ta'lim maktabi
38.342545,68.094536,57-sonli umumiy o'rta ta'lim maktabi
38.33734,68.03584,58-sonli umumiy o'rta ta'lim maktabi
38.273094,68.0422,59-sonli umumiy o'rta ta'lim maktabi
38.192627,67.96909,60-sonli umumiy o'rta ta'lim maktabi
38.2447,67.98477,61-sonli umumiy o'rta ta'lim maktabi
38.364758,68.10829,62-sonli umumiy o'rta ta'lim maktabi
38.028942,68.29812,63-sonli umumiy o'rta ta'lim maktabi
38.36722,68.111244,64-sonli umumiy o'rta ta'lim maktabi
38.361706,68.01451,69-sonli umumiy o'rta ta'lim maktabi
37.67831,67.01362,1-sonli umumiy o'rta ta'lim maktabi
37.664387,67.0047,2-sonli umumiy o'rta ta'lim maktabi
37.662792,67.02616,3-sonli umumiy o'rta ta'lim maktabi
37.664253,66.97562,4-sonli umumiy o'rta ta'lim maktabi
37.652637,67.01744,5-sonli umumiy o'rta ta'lim maktabi
37.62461,67.03246,6-sonli umumiy o'rta ta'lim maktabi
37.63743,67.00365,7-sonli umumiy o'rta ta'lim maktabi
37.650597,66.98855,8-sonli umumiy o'rta ta'lim maktabi
37.654858,66.953156,9-sonli umumiy o'rta ta'lim maktabi
37.639534,66.9411,10-sonli umumiy o'rta ta'lim maktabi
37.632877,66.89653,11-sonli umumiy o'rta ta'lim maktabi
37.70826,66.78177,12-sonli umumiy o'rta ta'lim maktabi
37.7832,66.6836,13-sonli umumiy o'rta ta'lim maktabi
37.67551,67.068665,14-sonli umumiy o'rta ta'lim maktabi
37.661564,67.06445,15-sonli umumiy o'rta ta'lim maktabi
37.67815,67.13804,16-umumta'lim maktabi
37.638584,67.06065,17-sonli umumiy o'rta ta'lim maktabi
37.62429,67.093895,18-sonli umumiy o'rta ta'lim maktabi
37.646248,67.13578,19-sonli umumiy o'rta ta'lim maktabi
37.706776,67.12777,20-sonli umumiy o'rta ta'lim maktabi
37.70708,67.18452,21-sonli umumiy o'rta ta'lim maktabi
37.565212,66.662796,22-sonli umumiy o'rta ta'lim maktabi
37.625973,66.73407,23-sonli umumiy o'rta ta'lim maktabi
37.705685,66.61879,24-sonli umumiy o'rta ta'lim maktabi
37.73641,66.63664,25-sonli umumiy o'rta ta'lim maktabi
37.8456,66.69924,26-sonli umumiy o'rta ta'lim maktabi
37.68777,67.02245,27-sonli umumiy o'rta ta'lim maktabi
37.699844,67.03961,28-sonli umumiy o'rta ta'lim maktabi
37.717846,67.07173,29-sonli umumiy o'rta ta'lim maktabi
37.74042,67.136536,30-sonli umumiy o'rta ta'lim maktabi
37.70122,67.082695,31-sonli umumta'lim maktabi
37.762093,66.75022,32-sonli umumiy o'rta ta'lim maktabi
37.694054,66.77103,33-sonli umumiy o'rta ta'lim maktabi
37.739143,66.85392,34-sonli umumiy o'rta ta'lim maktabi
37.775826,66.80949,35-sonli umumiy o'rta ta'lim maktabi
37.82066,66.67481,36-sonli umumiy o'rta ta'lim maktabi
37.72302,67.09346,37-sonli umumiy o'rta ta'lim maktabi
37.600117,67.054276,38-sonli umumiy o'rta ta'lim maktabi
37.749653,67.18445,39-sonli umumiy o'rta ta'lim maktabi
37.60317,66.92062,40-sonli umumiy o'rta ta'lim maktabi
37.564938,66.864174,41-sonli umumiy o'rta ta'lim maktabi
37.67633,67.01281,42-sonli umumiy o'rta ta'lim maktabi
37.56966,66.89672,43-sonli umumiy o'rta ta'lim maktabi
37.59934,66.98244,44-sonli umumiy o'rta ta'lim maktabi
37.562687,66.61218,45-sonli umumiy o'rta ta'lim maktabi
37.573063,67.08607,46-sonli umumiy o'rta ta'lim maktabi
37.95158,66.82973,47-sonli umumiy o'rta ta'lim maktabi
37.801266,66.93329,48-sonli umumiy o'rta ta'lim maktabi
37.830925,66.834984,49-sonli umumiy o'rta ta'lim maktabi
37.9364,66.91827,50-sonli umumiy o'rta ta'lim maktabi
37.8411,67.04114,51-sonli umumiy o'rta ta'lim maktabi
37.79301,67.0203,52-sonli umumiy o'rta ta'lim maktabi
37.81943,67.03511,53-sonli umumiy o'rta ta'lim maktabi
37.896557,66.77802,54-sonli umumiy o'rta ta'lim maktabi
37.72475,66.99645,55-sonli umumiy o'rta ta'lim maktabi
37.65904,67.039246,56-sonli umumiy o'rta ta'lim maktabi
37.908134,67.03098,57-sonli umumiy o'rta ta'lim maktabi
37.60626,66.86379,58-sonli umumiy o'rta ta'lim maktabi
37.634434,66.92973,59-sonli umumiy o'rta ta'lim maktabi
37.63636,67.00396,60-sonli umumiy o'rta ta'lim maktabi
37.562572,67.02886,61-sonli umumiy o'rta ta'lim maktabi
37.725735,67.2154,62-sonli umumiy o'rta ta'lim maktabi
37.729633,67.10713,63-sonli umumiy o'rta ta'lim maktabi
37.728333,67.1706,64-sonli umumiy o'rta ta'lim maktabi
37.575443,66.91847,65-sonli umumiy o'rta ta'lim maktabi
37.675045,67.01372,66-sonli umumiy o'rta ta'lim maktabi
37.65294,67.0653,67-sonli umumiy o'rta ta'lim maktabi
37.697506,67.04253,68-sonli umumiy o'rta ta'lim maktabi
38.035328,66.70883,69-sonli umumiy o'rta ta'lim maktabi
37.657166,66.97932,70-sonli umumiy o'rta ta'lim maktabi
37.760254,66.76125,71-sonli umumiy o'rta ta'lim maktabi
37.703236,67.10262,72-sonli umumiy o'rta ta'lim maktabi
37.997173,67.796616,1-sonli umumiy o'rta ta'lim maktabi
37.97087,67.76679,2-sonli umumiy o'rta ta'lim maktabi
38.001553,67.78605,3-sonli umumiy o'rta ta'lim maktabi
37.965282,67.74324,4-sonli umumiy o'rta ta'lim maktabi
37.94825,67.72672,5-sonli umumiy o'rta ta'lim maktabi
37.949947,67.7931,6-sonli umumiy o'rta ta'lim maktabi
37.97938,67.83809,7-sonli umumiy o'rta ta'lim maktabi
37.993423,67.82273,8-sonli umumiy o'rta ta'lim maktabi
37.995792,67.78577,9-sonli umumiy o'rta ta'lim maktabi
38.043655,67.85015,10-sonli umumiy o'rta ta'lim maktabi
38.092045,67.85445,11-sonli umumiy o'rta ta'lim maktabi
38.006706,67.852585,12-sonli umumiy o'rta ta'lim maktabi
38.078087,67.89142,13-sonli umumiy o'rta ta'lim maktabi
38.11222,67.86749,14-sonli umumiy o'rta ta'lim maktabi
38.159634,67.81272,15-sonli umumiy o'rta ta'lim maktabi
38.10219,67.8085,16-sonli umumiy o'rta ta'lim maktabi
38.065983,67.76089,17-sonli umumiy o'rta ta'lim maktabi
38.11822,67.79131,18-sonli umumiy o'rta ta'lim maktabi
38.021194,67.83056,19-sonli umumiy o'rta ta'lim maktabi
37.95461,67.738655,20-sonli umumiy o'rta ta'lim maktabi
38.023354,67.783,21-sonli umumiy o'rta ta'lim maktabi
37.993927,67.74176,22-sonli umumiy o'rta ta'lim maktabi
38.080986,67.75122,23-sonli umumiy o'rta ta'lim maktabi
37.980072,67.80021,24-sonli umumiy o'rta ta'lim maktabi
37.95343,67.765144,25-sonli umumiy o'rta ta'lim maktabi
38.041965,67.88419,26-sonli umumiy o'rta ta'lim maktabi
38.04304,67.79328,27-sonli umumiy o'rta ta'lim maktabi
38.03583,67.821236,28-sonli umumiy o'rta ta'lim maktabi
37.942356,67.72515,29-sonli umumiy o'rta ta'lim maktabi
38.0248,67.79683,30-sonli umumiy o'rta ta'lim maktabi
38.007545,67.810356,31-sonli umumiy o'rta ta'lim maktabi
38.13892,67.86031,32-sonli umumiy o'rta ta'lim maktabi
37.99127,67.811,33-sonli umumiy o'rta ta'lim maktabi
38.08838,67.84741,34-sonli umumiy o'rta ta'lim maktabi
38.130714,67.87911,35-sonli umumiy o'rta ta'lim maktabi
38.010315,67.79312,36-sonli ayrim fanlar chuqur o'qitiladigan sinflari mavjud umumiy o'rta ta'lim maktabi
37.96934,67.78106,37-sonli umumiy o'rta ta'lim maktabi
38.094467,67.75378,38-sonli umumiy o'rta ta'lim maktabi
37.97967,67.718605,39-sonli umumiy o'rta ta'lim maktabi
38.132183,68.04833,40-sonli umumiy o'rta ta'lim maktabi
38.020943,67.76507,41-sonli umumiy o'rta ta'lim maktabi
38.045254,67.8394,42-sonli umumiy o'rta ta'lim maktabi
38.10838,67.87803,43-sonli ayrim fanlar chuqur o'qitiladigan sinflari mavjud umumiy o'rta ta'lim maktabi
37.980995,67.7752,44-sonli umumiy o'rta ta'lim maktabi
38.06169,67.82215,45-sonli umumiy o'rta ta'lim maktabi
38.122597,67.85415,46-sonli umumiy o'rta ta'lim maktabi
37.96307,67.80896,47-sonli umumiy o'rta ta'lim maktabi
37.96323,67.7373,48-sonli umumiy o'rta ta'lim maktabi
38.05249,67.84072,49-sonli umumiy o'rta ta'lim maktabi
37.998943,67.76216,50-sonli umumiy o'rta ta'lim maktabi
38.055897,67.76674,51-sonli umumiy o'rta ta'lim maktabi
38.070885,67.84944,52-sonli umumiy o'rta ta'lim maktabi
38.106834,67.80531,53-sonli umumiy o'rta ta'lim maktabi
38.159462,67.821526,54-sonli umumiy o'rta ta'lim maktabi
37.9833,67.831055,55-sonli umumiy o'rta ta'lim maktabi
38.116005,67.886116,56-sonli umumiy o'rta ta'lim maktabi
38.015064,67.86829,57-sonli umumiy o'rta ta'lim maktabi
38.059753,67.887634,58-sonli umumiy o'rta ta'lim maktabi
38.03381,67.78093,59-sonli umumiy o'rta ta'lim maktabi
37.944073,67.81117,60-sonli umumiy o'rta ta'lim maktabi
37.92825,67.792984,61-sonli umumiy o'rta ta'lim maktabi
38.09612,67.86676,62-sonli umumiy o'rta ta'lim maktabi
38.01475,67.834984,63-sonli umumiy o'rta ta'lim maktabi
37.93938,67.72961,64-sonli umumiy o'rta ta'lim maktabi
37.972736,67.786446,65-sonli umumiy o'rta ta'lim maktabi
38.02436065673828,67.81414031982422,"66,Shurchi,Surkhandarya"
38.103806,67.86105,67-sonli umumiy o'rta ta'lim maktabi
38.097347,67.81779,68-sonli umumiy o'rta ta'lim maktabi
37.971317,67.70406,69-sonli umumiy o'rta ta'lim maktabi
38.005848,67.72695,70-sonli umumiy o'rta ta'lim maktabi
37.9443,67.71275,71-sonli umumiy o'rta ta'lim maktabi
37.67325,67.22989,1-sonli umumiy o'rta ta'lim maktabi
37.674362,67.245834,2-sonli umumiy o'rta ta'lim maktabi
37.637974,67.25914,3-sonli umumiy o'rta ta'lim maktabi
37.642887,67.29836,4-sonli umumiy o'rta ta'lim maktabi
37.662224,67.312195,5-sonli umumiy o'rta ta'lim maktabi
37.683,67.303276,6-sonli umumiy o'rta ta'lim maktabi
37.681473,67.336555,7-sonli umumiy o'rta ta'lim maktabi
37.72064,67.37922,8-sonli umumiy o'rta ta'lim maktabi
37.712223,67.27639,9-sonli umumiy o'rta ta'lim maktabi
37.728973,67.34908,10-sonli umumiy o'rta ta'lim maktabi
37.781223,67.28239,11-sonli umumiy o'rta ta'lim maktabi
37.75072,67.26414,12-sonli umumiy o'rta ta'lim maktabi
37.760918,67.22669,13-sonli umumiy o'rta ta'lim maktabi
37.7435,67.298,14-sonli umumiy o'rta ta'lim maktabi
37.57197,67.253914,15-sonli umumiy o'rta ta'lim maktabi
37.57842,67.197975,16-sonli umumiy o'rta ta'lim maktabi
37.611694,67.20528,17-sonli umumiy o'rta ta'lim maktabi
37.56261,67.14344,18-sonli umumiy o'rta ta'lim maktabi
37.539055,67.24834,19-sonli umumiy o'rta ta'lim maktabi
37.76636,67.400055,20-sonli umumiy o'rta ta'lim maktabi
37.686584,67.21789,21-sonli umumiy o'rta ta'lim maktabi
37.598778,67.26575,22-sonli umumiy o'rta ta'lim maktabi
37.638084,67.21447,Qiziriq tumani 23-sonli umumiy o'rta ta'lim maktabi
37.72817,67.32542,24-sonli umumiy o'rta ta'lim maktabi
37.676807,67.28958,25-sonli umumiy o'rta ta'lim maktabi
37.710693,67.22072,26-sonli umumiy o'rta ta'lim maktabi
37.73408,67.309,27-sonli umumiy o'rta ta'lim maktabi
37.729694,67.37708,28-sonli umumiy o'rta ta'lim maktabi
37.659416,67.25119,29-sonli umumiy o'rta ta'lim maktabi
37.66136,67.22736,30-sonli umumiy o'rta ta'lim maktabi
37.69897,67.3438,31-sonli umumiy o'rta ta'lim maktabi
37.582527,67.18986,32-sonli umumiy o'rta ta'lim maktabi
37.736637,67.31697,33-sonli umumiy o'rta ta'lim maktabi
37.54964,67.20319,34-sonli umumiy o'rta ta'lim maktabi
37.690308,67.3,35-sonli umumiy o'rta ta'lim maktabi
37.6825,67.23825,36-sonli umumiy o'rta ta'lim maktabi
37.741528,67.25503,37-sonli umumiy o'rta ta'lim maktabi
37.626446,67.28081,38-sonli umumiy o'rta ta'lim maktabi
37.652443,67.27011,39-sonli umumiy o'rta talim maktabi
37.706917,67.26997,40-sonli umumiy o'rta ta'lim maktabi
37.686333,67.24978,41-sonli umumiy o'rta ta'lim maktabi
37.669083,67.233025,42-sonli umumiy o'rta ta'lim maktabi
37.579693,67.228836,43- umumiy o'rta ta'lim maktabi
37.677418,67.33464,44-sonli umumiy o'rta ta'lim maktabi
37.759583,67.43178,45-sonli umumiy o'rta ta'lim maktabi
37.743084,67.43261,46-sonli umumiy o'rta ta'lim maktabi
37.61089,67.24455,47-sonli umumiy o'rta ta'lim maktabi
37.757915,67.34803,48-sonli umumiy o'rta ta'lim maktabi
37.834972,67.60303,1-sonli umumiy o'rta ta'lim maktabi
37.836555,67.59866,2-sonli umumiy o'rta ta'lim maktabi
37.830223,67.6005,3-sonli umumiy o'rta ta'lim maktabi
37.81511,67.60489,4-sonli umumiy o‘rta ta'lim maktabi
37.805084,67.64394,5-sonli umumiy o'rta ta'lim maktabi
37.90761,67.72486,6-sonli umumiy o'rta ta'lim maktabita'lim maktabi
37.751472,67.59258,7-sonli umumiy o'rta ta'lim maktabi
37.765804,67.60186,8-sonli umumiy o'rta ta'lim maktabi
37.756638,67.54422,9-sonli umumiy o'rta ta'lim maktabi
37.73022,67.528,10-sonli umumiy o'rta ta'lim maktabi
37.83511,67.60236,11-sonli ayrim fanlar chuqur o'rganiladigan ixtisoslashtirilgan maktab-internati
37.779694,67.56722,12-sonli umumiy o'rta ta'lim maktabi
37.74364,67.56497,13-sonli umumiy o'rta ta'lim maktabi
37.67372,67.53186,14-sonli umumiy o'rta ta'lim maktabi
37.632942,67.503555,15-sonli umumiy o'rta ta'lim maktabi
37.69897,67.55258,16-sonli umumiy o'rta ta'lim maktabi
37.65758,67.51844,17-sonli umumiy o'rta ta'lim maktabi
37.62153,67.48944,18-sonli umumiy o'rta ta'lim maktabi
37.917137,67.66867,19-sonli umumiy o'rta ta'lim maktabi
37.87903,67.54489,20-sonli umumiy o'rta ta'lim maktabi
37.90758,67.66053,21-sonli umumiy o'rta ta'lim maktabi
37.673084,67.82956,22-sonli umumiy o'rta ta'lim maktabi
37.872833,67.61278,23-sonli umumiy o'rta ta'lim maktabi
37.808777,67.57339,24-sonli umumiy o'rta ta'lim maktabi
37.9355,67.68875,25-sonli umumiy o'rta ta'lim maktabi
37.46897,67.79708,26-sonli umumiy o'rta ta'lim maktabi
37.88686,67.64025,27-sonli umumiy o‘rta ta’lim maktabi
37.922806,67.68189,28-sonli umumiy o'rta ta'lim maktabi
37.744026,67.72397,29-sonli umumiy o'rta ta'lim maktabi
38.021084,67.620026,30-sonli umumiy o'rta ta'lim maktabi
37.99839,67.6443,31-sonli umumiy o'rta ta'lim maktabi
37.93839,67.62603,32-sonli umumiy o'rta ta'lim maktabi
37.834,67.58353,33-sonli umumiy o'rta ta'lim maktabi
37.95,67.68684,34-sonli umumiy o'rta ta'lim maktabi
38.022778,67.57275,35-sonli umumiy o'rta ta'lim maktabi
37.96389,67.52519,36-sonli umumiy o'rta ta'lim maktabi
37.75186,67.62605,37-sonli umumiy o'rta ta'lim maktabi
37.725834,67.583694,38-sonli umumiy o'rta ta'lim maktabi
37.669777,67.5378,39-sonli umumiy o'rta ta'lim maktabi
37.98525,67.52314,40-sonli umumiy o'rta ta'lim maktabi
37.955776,67.713974,41-sonli umumiy o'rta ta'lim maktabi
37.791527,67.5883,42-sonli umumiy o'rta ta'lim maktabi
38.017193,67.550804,43-sonli umumiy o'rta ta'lim maktabi
37.787167,67.5593,44-sonli umumiy o'rta ta'lim maktabi
37.81278,67.52536,45-sonli umumiy o'rta ta'lim maktabi
37.733223,67.67011,46-sonli umumiy o'rta ta'lim maktabi
37.98075,67.66486,47-sonli umumiy o'rta ta'lim maktabi
37.94736,67.646164,48-sonli umumiy o'rta ta'lim maktabi
37.912083,67.648415,49-sonli umumiy o'rta ta'lim maktabi
37.656666,67.6013,50-sonli umumiy o'rta ta'lim maktabi
37.706528,67.611084,51-sonli umumiy o'rta ta'lim maktabi
37.937305,67.67589,52-sonli umumiy o'rta ta'lim maktabi
37.896805,67.52639,53-sonli umumiy o'rta ta'lim maktabi
38.003613,67.59206,54-sonli umumiy o'rta ta'lim maktabi
37.766666,67.6715,55-sonli umumiy o'rta ta'lim maktabi
37.72922,67.65931,56-sonli umumiy o'rta ta'lim maktabi
37.5795,67.74272,57-sonli umumiy o'rta ta'lim maktabi
37.963554,67.68992,58-sonli umumiy o'rta ta'lim maktabi
38.044224,67.61767,59-sonli umumiy o'rta ta'lim maktabi
37.71164,67.55436,60-sonli umumiy o'rta ta'lim maktabi
37.997833,67.612335,61-sonli umumiy o'rta ta'lim maktabi
37.651196,67.54153,62-sonli umumiy o'rta ta'lim maktabi
37.92814,67.48708,63-sonli umumiy o'rta ta'lim maktabi
37.686417,67.58039,64-sonli umumiy o'rta ta'lim maktabi
37.82192,67.68986,65-sonli umumiy o'rta ta'lim maktabi
37.705276,67.577805,66-sonli umumiy o'rta ta'lim maktabi
37.946278,67.50958,67-sonli umumiy o'rta ta'lim maktabi
37.770473,67.5535,68-sonli umumiy o'rta ta'lim maktabi
37.722443,67.55492,69-sonli umumiy o'rta ta'lim maktabi
37.822388,67.57775,70-sonli umumiy o'rta ta'lim maktabi
37.663555,67.624664,71-sonli umumiy o'rta ta'lim maktabi
37.92611,67.51872,74-sonli umumiy o'rta ta'lim maktabi
37.903442,67.53589,76-sonli umumiy o'rta ta'lim maktabi
37.90097,67.74733,78-sonli umumiy o'rta ta'lim maktabi
38.014862,67.65297,79-sonli umumiy o'rta ta'lim maktabi
37.986362,67.59356,80-sonli umumiy o'rta ta'lim maktabi
38.016193,67.56975,"""QUMQO`RG`ON TUMAN 81-SONLI UMUMTA`LIM MAKTABI"" DAVLAT MUASSASASI"
37.830223,67.600136,82-sonli umumiy o'rta ta'lim maktabi
37.819138,67.65497,83-sonli umumiy o'rta ta'lim maktabi
37.830223,67.600136,84-sonli umumiy o'rta ta'lim maktabi
37.944805,67.66039,85-sonli umumiy o'rta ta'lim maktabi
37.848083,67.57647,86-sonli umumiy o'rta ta'lim maktabi
40.280266,69.041756,1-sonli umumiy o'rta ta'lim maktabi
40.268692,69.09628,2-sonli umumiy o'rta ta'lim maktabi
40.29108,69.06026,3-sonli umumiy o'rta ta'lim maktabi
40.45403,68.80846,4-sonli umumiy o'rta ta'lim maktabi
40.31171,69.03137,5-sonli umumiy o'rta ta'lim maktabi
40.447716,68.78831,6-sonli umumiy o'rta ta'lim maktabi
40.476387,68.80494,7-SONLI UMUMIY O'RTA TA'LIM MAKTABI
40.321026,69.00866,8-sonli umumiy o'rta ta'lim maktabi
40.3679,69.04729,10-sonli umumiy o'rta ta'lim maktabi
40.389515,69.04654,11-sonli umumiy o'rta ta'lim maktabi
40.405846,69.05096,12-sonli umumiy o'rta ta'lim maktabi
40.42743,69.0666,13-sonli umumiy o'rta ta'lim maktabi
40.44976,69.03867,14-sonli umumiy o'rta ta'lim maktabi
40.28687,69.02249,15-sonli umumiy o'rta ta'lim maktabi
40.44715,69.01587,16-sonli umumiy o'rta ta'lim maktabi
40.422283,69.00094,17-sonli umumiy o'rta ta'lim maktabi
40.39812,69.00205,18-sonli umumiy o'rta ta'lim maktabi
40.36838,69.005005,19-sonli umumiy o'rta ta'lim maktabi
40.35589,69.01061,20-sonli umumiy o'rta ta'lim maktabi
40.360817,68.96092,21-sonli umumiy o'rta ta'lim maktabi
40.39246,68.95363,22-sonli umumiy o'rta ta'lim maktabi
40.43035,68.93994,23-sonli umumiy o'rta ta'lim maktabi
40.426407,68.96615,24-sonli umumiy o'rta ta'lim maktabi
40.4468,68.97197,25-sonli umumiy o'rta ta'lim maktabi
40.44646,68.93199,26-sonli umumiy o'rta ta'lim maktabi
40.44361,68.893265,27-sonli umumiy o'rta ta'lim maktabi
40.43782,68.79611,28-sonli umumiy o'rta ta'lim maktabi
40.409195,68.88886,29-sonli umumiy o'rta ta'lim maktabi
40.380672,68.90185,30-sonli umumiy o'rta ta'lim maktabi
40.3761,68.85763,31-sonli umumiy o'rta ta'lim maktabi
40.36147,68.84482,32-sonli umumiy o'rta ta'lim maktabi
40.413876,68.79582,33-sonli umumiy o'rta ta'lim maktabi
40.472496,68.87667,34-sonli umumiy o'rta ta'lim maktabi
40.428608,68.8751,35-sonli umumiy o'rta ta'lim maktabi
40.70462,68.70224,36-sonli umumiy o'rta ta'lim maktabi
40.459633,68.78214,37-sonli umumiy o'rta ta'lim maktabi
40.28471,69.00281,38-sonli umumiy o'rta ta'lim maktabi
40.3579,69.04182,39-sonli umumiy o'rta ta'lim maktabi
40.27766,69.01721,40-sonli umumiy o'rta ta'lim maktabi
40.28936,69.02684,Boyovut tumani 41-sonli umumiy o'rta ta'lim maktabi
40.43179,69.06141,42-sonli umumiy o'rta ta'lim maktabi
40.46361,68.82772,43-sonli umumiy o'rta ta'lim maktabi
40.45418,68.884796,44-sonli umumiy o'rta ta'lim maktabi
40.25113,69.10465,45-sonli umumiy o'rta ta'lim maktabi
40.26862,69.00893,46-sonli umumiy o'rta ta'lim maktabi
40.298702,68.832634,47-sonli umumiy o'rta ta'lim maktabi
40.301693,68.9434,48-sonli umumiy o'rta ta'lim maktabi
40.328674,68.927734,49-sonli umumiy o'rta ta'lim maktabi
40.291508,68.97911,50-sonli umumiy o'rta ta'lim maktabi
40.238556,69.12576,51-sonli umumiy o'rta ta'lim maktabi
40.26783,69.02238,52-sonli umumiy o'rta ta'lim maktabi
40.300972,68.83443,53-sonli umumiy o'rta ta'lim maktabi
40.29726,68.82823,54-sonli umumiy o'rta ta'lim maktabi
40.29136276245117,69.02558135986328,"1-MI,Boyovut,Syrdarya"
40.534084,69.02758,1-sonli umumiy o'rta ta'lim maktabi
40.472404,69.05313,2-sonli umumiy o'rta ta'lim maktabi
40.485638,68.869064,3-sonli umumiy o'rta ta'lim maktabi
40.56407,68.91694,4-sonli umumiy o'rta ta'lim maktabi
40.591576,69.0098,5-sonli umumiy o'rta ta'lim maktabi
40.444386,69.081245,6-sonli umumiy o'rta ta'lim maktabi
40.49736,68.84074,7-sonli umumiy o'rta ta'lim maktabi
40.48199,68.94703,8-sonli umumiy o'rta ta'lim maktabi
40.51432,68.81442,9-sonli umumiy o'rta ta'lim maktabi
40.55181,68.76244,10-sonli umumiy o'rta ta'lim maktabi
40.53135,68.98903,11-sonli umumiy o'rta ta'lim maktabi
40.56238,69.02208,12-sonli umumiy o'rta ta'lim maktabi
40.581993,68.743614,13-sonli umumiy o'rta ta'lim maktabi
40.52936,69.03394,14-sonli umumiy o'rta ta'lim maktabi
40.50714,69.0587,15-sonli umumiy o'rta ta'lim maktabi
40.51073,68.99195,16-sonli umumiy o'rta ta'lim maktabi
40.5989,68.73722,17-sonli umumiy o'rta ta'lim maktabi
40.48402,68.89938,18-sonli umumiy o'rta ta'lim maktabi
40.47043,69.03412,26-sonli umumiy o'rta ta'lim maktabi
40.484615,69.054886,Guliston tuman 30-sonli umumiy o'rta ta'lim maktabi
40.495255,68.70417,1-sonli umumiy o'rta ta'lim maktabi
40.477535,68.69189,2-sonli umumiy o'rta ta'lim maktabi
40.493874,68.72058,3-sonli umumiy o'rta ta'lim maktabi
40.482376,68.6446,4-sonli umumiy o'rta ta'lim maktabi
40.477325,68.76048,5-sonli umumiy o'rta ta'lim maktabi
40.469734,68.75794,6-sonli umumiy o'rta ta'lim maktabi
40.456203,68.70247,7-sonli umumiy o'rta ta'lim maktabi
40.456078,68.723564,8-sonli umumiy o'rta ta'lim maktabi
40.41441,68.78254,9-sonli umumiy o'rta ta'lim maktabi
40.4991,68.58505,10-sonli umumiy o'rta ta'lim maktabi
40.501915,68.57048,11-sonli umumiy o'rta ta'lim maktabi
40.57873,68.736305,12-sonli umumiy o'rta ta'lim maktabi
40.60215,68.7288,13-sonli umumiy o'rta ta'lim maktabi
40.56892,68.68069,14-sonli umumiy o'rta ta'lim maktabi
40.44754,68.75981,15-sonli umumiy o'rta ta'lim maktabi
40.377007,68.78511,16-sonli umumiy o'rta ta'lim maktabi
40.41346,68.48065,17-sonli umumiy o'rta ta'lim maktabi
40.52977,68.73084,18-sonli umumiy o'rta ta'lim maktabi
40.56621,68.66135,19-sonli umumiy o'rta ta'lim maktabi
40.587418,68.65638,20-sonli umumiy o'rta ta'lim maktabi
40.541817,68.701164,Yo'ldosh A'zamov nomli 21-sonli umumiy o'rta ta'lim maktabi
40.493504,68.68809,22-sonli umumiy o'rta ta'lim maktabi
40.497,68.63052,23-sonli umumiy o'rta ta'lim maktabi
40.552555,68.68148,24-sonli umumiy o'rta ta'lim maktabi
40.456715,68.772026,25-sonli umumiy o'rta ta'lim maktabi
40.49129,68.73222,26-sonli umumiy o'rta ta'lim maktabi
40.494347,68.59501,27-sonli umumiy o'rta ta'lim maktabi
40.4136,68.47928,28-sonli umumiy o'rta ta'lim maktabi
40.494053,68.51575,29-sonli umumiy o'rta ta'lim maktabi
40.472733,68.49775,30-sonli umumiy o'rta ta'lim maktabi
40.3692,68.666046,31-sonli umumiy o'rta ta'lim maktabi
40.399082,68.56877,32-sonli umumiy o'rta ta'lim maktabi
40.500153,68.58148,33-sonli umumiy o'rta ta'lim maktabi
40.4864,68.7364,34-sonli umumiy o'rta ta'lim maktabi
40.5425,68.40969,"OQOLTIN TUMANI 1-SONLI AYRIM FANLAR CHUQUR O`QITILADIGAN SINFLARI MAVJUD UMUMIY O`RTA TA`LIM MAKTABI"" DAVLAT MUASSASASI"
40.550682,68.40813,2-sonli umumiy o'rta ta'lim maktabi
40.542305,68.401695,3-sonli umumiy o'rta ta'lim maktabi
40.586872,68.319756,4-sonli umumiy o'rta ta'lim maktabi
40.582584,68.32755,5-sonli umumiy o'rta ta'lim maktabi
40.506474,68.524475,6-sonli umumiy o'rta ta'lim maktabi
40.609505,68.23953,7-sonli umumiy o'rta ta'lim maktabi
40.49637,68.31613,8-sonli umumta’lim maktabi
40.52528,68.20895,9-sonli umumiy o'rta ta'lim maktabi
40.496002,68.31547,10-sonli umumiy o'rta ta'lim maktabi
40.526405,68.200874,11-sonli umumiy o'rta ta'lim maktabi
40.433697,68.43049,12-sonli umumiy o'rta ta'lim maktabi
40.496475,68.430405,Razzoq Hamroyev nomli 13-sonli umumiy o'rta ta'lim maktabi
40.496475,68.430405,14-sonli umumiy o'rta ta'lim maktabi
40.58015,68.32353,15-sonli umumiy o'rta ta'lim maktabi
40.542274,68.46034,16-sonli umumiy o'rta ta'lim maktabi
40.501934,68.5084,17-sonli umumta’lim maktabi
40.453075,68.41192,18-sonli umumiy o'rta ta'lim maktabi
40.706367,68.847984,1-sonli umumiy o'rta ta'lim maktabi
40.739204,68.81422,2-sonli umumiy o'rta ta'lim maktabi
40.69913,68.79957,3-sonli umumiy o'rta ta'lim maktabi
40.71265,68.85013,4-sonli umumiy o'rta ta'lim maktabi
40.67211,68.82404,5-sonli umumiy o'rta ta'lim maktabi
40.69885,68.81595,6-sonli umumiy o'rta ta'lim maktabi
40.68667,68.78553,7-sonli umumiy o'rta ta'lim maktabi
40.62086,68.84758,8-sonli umumiy o'rta ta'lim maktabi
40.72573,68.77231,9-sonli umumiy o'rta ta'lim maktabi
40.759808,68.76581,10-sonli umumiy o'rta ta'lim maktabi
40.71141,68.72582,11-sonli umumiy o'rta ta'lim maktabi
40.7411,68.73244,12-sonli umumiy o'rta ta'lim maktabi
40.69036,68.75301,13-sonli umumiy o'rta ta'lim maktabi
40.7848,68.78699,14-sonli umumiy o'rta ta'lim maktabi
40.720158,68.77719,15-sonli umumiy o'rta ta'lim maktabi
40.66117,68.726585,16-sonli umumiy o'rta ta'lim maktabi
40.626762,68.82342,17-sonli umumiy o'rta ta'lim maktabi
40.58272,68.92663,18-sonli umumiy o'rta ta'lim maktabi
40.65896,68.77443,19-sonli umumiy o'rta ta'lim maktabi
40.62629,68.79089,20-sonli umumiy o'rta ta'lim maktabi
40.619686,68.87533,21-sonli umumiy o'rta ta'lim maktabi
40.642906,68.85375,22-sonli umumiy o'rta ta'lim maktabi
40.60933,68.824974,23-sonli umumiy o'rta ta'lim maktabi
40.60354,68.90396,24-sonli umumiy o'rta ta'lim maktabi
40.64516,68.77413,25-sonli umumiy o'rta ta'lim maktabi
40.6207,68.89992,26-sonli umumiy o'rta ta'lim maktabi
40.66144,68.89593,27-sonli umumiy o'rta ta'lim maktabi
40.60087,69.00775,28-sonli umumiy o'rta ta'lim maktabi
40.60122,68.9543,29-sonli umumiy o'rta ta'lim maktabi
40.62386,68.97172,30-sonli umumiy o'rta ta'lim maktabi
40.693096,68.920235,31-sonli umumiy o'rta ta'lim maktabi
40.62448,68.73034,32-sonli umumiy o'rta ta'lim maktabi
40.6603,68.95757,33-sonli umumiy o'rta ta'lim maktabi
40.75319,68.76635,34-sonli umumiy o'rta ta'lim maktabi
40.70398,68.83264,35-sonli umumiy o'rta ta'lim maktabi
40.73076,68.71217,36-sonli umumiy o'rta ta'lim maktabi
40.70285,68.78032,37-sonli umumiy o'rta ta'lim maktabi
40.65498,68.72978,38-sonli umumiy o'rta ta'lim maktabi
40.62063,68.89936,39-sonli umumiy o'rta ta'lim maktabi
40.718487,68.76658,40-sonli umumiy o'rta ta'lim maktabi
40.70917,68.83896,41-sonli umumiy o'rta ta’lim maktabi
40.40627670288086,68.19652557373047,"1,Sardoba,Syrdarya"
40.429596,68.2747,2-sonli ixtisoslashtirilgan davlat umumta’lim maktabi
40.326996,68.109146,3-sonli umumiy o'rta ta'lim maktabi
40.301598,68.416985,4-sonli umumiy o'rta ta'lim maktabi
40.27155,68.27357,5-sonli umumiy o'rta ta'lim maktabi
40.34072,68.18651,6-sonli umumiy o'rta ta'lim maktabi
40.296803,68.14625,7-sonli umumiy o'rta ta'lim maktabi
40.4322,68.27281,8-sonli umumiy o'rta ta'lim maktabi
40.387592,68.21032,9-sonli umumiy o'rta ta'lim maktabi
40.391224,68.277336,10-sonli umumiy o'rta ta'lim maktabi
40.35413,68.26054,11-sonli umumiy o'rta ta'lim maktabi
40.336372,68.17689,12-sonli umumiy o'rta ta'lim maktabi
40.392258,68.38343,13-sonli umumiy o'rta ta'lim maktabi
40.33846,68.18019,14-sonli umumiy o'rta ta'lim maktabi
40.305965,68.42027,15-sonli umumiy o'rta ta'lim maktabi
40.381664,68.39381,16-sonli umumiy o'rta ta'lim maktabi
40.267414,68.34265,17-sonli umumiy o‘rta ta'lim maktabi
40.27323,68.273636,18-sonli umumiy o'rta ta'lim maktabi
40.338196,68.18052,19-sonli boshlang'ich ta'lim maktabi
40.382317,68.39772,20-sonli umumiy o'rta ta'lim maktabi
40.34127,68.18269,21-sonli umumiy o'rta ta'lim maktabi
40.387486,68.38874,22-sonli umumiy o'rta ta'lim maktabi
40.83751,68.66334,1-sonli umumiy o'rta ta'lim maktabi
40.780434,68.83136,2-sonli umumiy o'rta ta'lim maktabi
40.86554,68.66488,3-sonli umumiy o'rta ta'lim maktabi
40.87189,68.6923,4-sonli umumiy o'rta ta'lim maktabi
40.83188,68.65773,5-sonli umumiy o'rta ta'lim maktabi
40.83188,68.65475,6-sonli umumiy o'rta ta'lim maktabi
40.81756,68.68246,7-sonli umumiy o'rta ta'lim maktabi
40.9197,68.64732,8-sonli umumiy o'rta ta'lim maktabi
40.75834,68.62733,9-sonli umumiy o'rta ta'lim maktabi
40.82007,68.60661,10-sonli umumiy o'rta ta'lim maktabi
40.82009,68.60675,11-sonli umumiy o'rta ta'lim maktabi
40.71878,68.63294,12-sonli umumiy o'rta ta'lim maktabi
40.72439,68.6673,13-sonli umumiy o'rta ta'lim maktabi
40.71266,68.69057,14-sonli umumiy o'rta ta'lim maktabi
40.79726,68.66679,15-sonli umumiy o'rta ta'lim maktabi
40.64258,68.66234,16-sonli umumiy o'rta ta'lim maktabi
40.61522,68.6725,17-sonli umumiy o'rta ta'lim maktabi
40.76992,68.69924,18-sonli umumiy o'rta ta'lim maktabi
40.63965,68.70742,19-sonli umumiy o'rta ta'lim maktabi
40.67346,68.66797,20-sonli umumiy o'rta ta'lim maktabi
40.78061,68.64122,21-sonli umumiy o'rta ta'lim maktabi
40.71362,68.63675,22-sonli umumiy o'rta ta'lim maktabi
40.78291,68.6169,23-sonli umumiy o'rta ta'lim maktabi
40.55359,68.68371,24-sonli umumiy o'rta ta'lim maktabi
40.84013,68.58296,25-sonli umumiy o'rta ta'lim maktabi
40.6989,68.67612,26-sonli umumiy o'rta ta'lim maktabi
40.84949,68.655846,27-sonli umumiy o'rta ta’lim maktabi
40.652416,68.70434,28-sonli umumiy o'rta ta'lim maktabi
40.8725,68.59441,29-sonli umumiy o'rta ta'lim maktabi
40.81763,68.74576,30-sonli umumiy o'rta ta'lim maktabi
40.76531,68.68112,31-sonli umumiy o'rta ta'lim maktabi
40.71861,68.69029,32-sonli umumiy o'rta ta'lim maktabi
40.90215,68.69016,33-sonli umumiy o'rta ta'lim maktabi
40.75315,68.76628,34-sonli umumiy o'rta ta'lim maktabi
40.875595,68.627365,35-sonli umumiy o'rta ta'lim maktabi
40.70074,68.70394,36-sonli umumiy o'rta ta'lim maktabi
40.75242,68.65159,37-sonli umumiy o'rta ta'lim maktabi
40.75238,68.6515,38-sonli umumiy o'rta ta'lim maktabi
40.7239,68.69014,39-sonli umumiy o'rta ta'lim maktabi
40.828243,68.66817,SIRDARYO TUMAN 40-SONLI UMUMIY O'RTA TA'LIM MAKTABI
40.82414,68.67688,41-sonli umumiy o'rta ta'lim maktabi
40.850506,68.671265,42-sonli umumiy o'rta ta'lim maktabi
40.8263,68.66894,43-sonli umumiy o'rta ta'lim maktabi
40.213955,68.83892,1-sonli umumiy o'rta ta'lim maktabi
40.238068,69.0813,Xovos tumani 2-sonli umumiy o'rta ta'lim maktabii
40.221107,68.945114,3-sonli umumiy o'rta ta'lim maktabi
40.196342,68.82347,4-sonli umumiy o'rta ta'lim maktabi
40.26507,68.95969,Xovos tumani 5-sonli umumiy o'rta ta'lim maktabi
40.24258,68.896904,6-sonli umumiy o'rta ta'lim maktabi
40.2326,68.996376,7-sonli umumiy o'rta ta'lim maktabi
40.184383,68.69136,8-sonli umumiy o'rta ta'lim maktabi
40.225292,68.840675,9-sonli umumiy o'rta ta'lim maktabi
40.305183,68.59626,10-sonli umumiy o'rta ta'lim maktabi
40.29484,68.78233,Xovos tuman 11-sonli umumiy o'rta ta'lim maktabi
40.203465,68.83182,12-sonli umumiy o'rta ta'lim maktabi
40.21404,68.83422,Xovos tumani 13-sonli umumiy o'rta ta'lim maktabi
40.218136,68.832115,14-sonli umumiy o'rta ta'lim maktabi
40.270634,68.87617,15-sonli umumiy o'rta ta'lim maktabi
40.198643,68.66935,16-sonli umumiy o'rta ta'lim maktabi
40.24197,68.85379,17-сонли умумий ўрта таълим мактаби
40.265854,68.48203,18-sonli umumiy o'rta ta'lim maktabi
40.248722,68.74308,19-sonli umumiy o'rta ta'lim maktabi
40.184685,68.59842,20-sonli umumiy o'rta ta'lim maktabi
40.242294,68.680504,21-sonli umumiy o'rta ta'lim maktabi
40.230427,68.89458,22-sonli umumiy o'rta ta'lim maktabi
40.241558,69.03555,23-sonli umumiy o'rta ta'lim maktabi
40.30491,68.50966,24-sonli umumiy o'rta ta'lim maktabi
40.308277,68.6783,Xovos tumani 25-sonli umumiy o'rta ta'lim maktabi
40.301823,68.55604,26-sonli umumiy o'rta ta'lim maktabi
40.289528,68.596,27-sonli umumiy o'rta ta'lim maktabi
40.175365,68.65264,28-sonli umumiy o'rta ta'lim maktabi
40.232906,68.83552,30-UMUMIY O'RTA TA'LIM MAKTABI
40.4917,68.75462,1-sonli umumiy o'rta ta'lim maktabi
40.515453,68.77882,2-sonli umumiy o'rta ta'lim maktabi
40.49105,68.76131,3-sonli umumiy o'rta ta'lim maktabi
40.50359,68.75768,4-sonli umumiy o'rta ta'lim maktabi
40.49613,68.77025,5-sonli umumiy o'rta ta'lim maktabi
40.48876,68.78396,6-sonli umumiy o'rta ta'lim maktabi
40.50357,68.77667,7-sonli umumta’lim maktab
40.51422,68.77268,8-sonli umumiy o'rta ta'lim maktabi
40.50791,68.77398,9-sonli umumiy o'rta ta'lim maktabi
40.51538,68.75789,10-sonli umumiy o'rta ta'lim maktabi
40.48111,68.77579,11-sonli umumiy o'rta ta'lim maktabi
40.53934,68.75668,12-sonli umumiy o'rta ta'lim maktabi
40.54455,68.73491,13-sonli umumiy o'rta ta'lim maktabi
40.544483,68.73463,14-sonli umumiy o'rta ta'lim maktabi
40.49363,68.79947,15-sonli umumiy o'rta ta'lim maktabi
40.52144,68.77785,16-sonli umumiy o'rta ta'lim maktabi
40.48194,68.78712,17-sonli umumiy o'rta ta'lim maktabi
40.480220794677734,68.77880859375,"70,Guliston,Syrdarya"
40.23005,69.128845,1-sonli umumiy o'rta ta'lim maktabi
40.226685,69.144226,2-sonli umumiy o'rta ta'lim maktabi
40.2262,69.126976,3-sonli umumiy o'rta ta'lim maktabi
40.226868,69.06506,4-sonli umumiy o'rta ta'lim maktabi
40.27119,68.81261,1-sonli umumiy o'rta ta'lim maktabi
40.277485,68.83598,2- umumiy o'rta ta'lim maktabi
40.26109,68.82688,3-sonli umumiy o'rta ta'lim maktabi
40.27251,68.80052,4-sonli umumiy o'rta ta'lim maktabi
40.224724,68.81213,5-sonli umumiy o`rta ta`lim maktabi
40.26921,68.826675,6-sonli umumiy o'rta ta'lim maktabi
40.292564,68.82432,7-sonli umumiy o'rta ta'lim maktabi
40.26036,68.828674,8-sonli umumiy o'rta ta'lim maktabi
40.27186,68.78689,9-sonli umumiy o'rta ta'lim maktabi
40.25688,68.82978,10-sonli umumiy o'rta ta'lim maktabi
40.250446,68.816284,11-sonli umumiy o'rta ta'lim maktabi
40.27052688598633,68.82144165039062,"1-MM,Yangiyer,Syrdarya"
40.908748626708984,69.81597137451172,"73-INTERNAT,Angren,Tashkent"
40.90253,69.79993,52-sonli umumiy o'rta ta'lim maktabi
41.015167,70.08933,3-sonli umumiy o'rta ta'lim maktabi
41.011417,70.06275,4-sonli ayrim fanlar chuqur o‘qitiladigan sinflari mavjud umumiy o‘rta ta’lim maktabi
40.99739,70.058914,5-sonli umumiy o'rta ta'lim maktabi
41.02125,70.095665,6-sonli umumiy o'rta ta'lim maktabi
41.005585,70.08078,7-sonli umumiy o'rta ta'lim maktabi
41.02564,70.077835,8-sonli umumiy o'rta ta'lim maktabi
41.01102828979492,70.13417053222656,"9,Angren,Tashkent"
41.00942,70.06575,10-sonli umumiy o'rta ta'lim maktabi
40.99747,70.05444,11-sonli umumiy o'rta ta'lim maktabi
41.00564,70.06011,12-sonli umumiy o'rta ta'lim maktabi
40.992542,70.11847,13-sonli umumiy o'rta ta'lim maktabi
41.02289,70.14569,14-sonli umumiy o'rta ta'lim maktabi
41.028473,70.05947,15-sonli umumiy o'rta ta'lim maktabi
41.019833,70.09228,16-sonli umumiy o'rta ta'lim maktabi
41.005543,70.1303,17-sonli umumiy o'rta ta'lim maktabi
41.010666,70.08894,18-sonli umumiy o'rta ta'lim maktabi
41.011234,70.079056,19-sonli umumiy o'rta ta'lim maktabi
41.050556,70.04569,20-sonli umumiy o'rta ta'lim maktabi
41.04639,70.104385,21-sonli umumiy o'rta ta'lim maktabi
41.024277,70.05839,22-sonli umumiy o'rta ta'lim maktabi
41.02617,70.04286,23-sonli umumiy o'rta ta'lim maktabi
41.006832,70.031136,24-sonli umumiy o'rta ta'lim maktabi
40.975388,70.02614,25- sonli umumiy o'rta ta'lim maktabi
40.972694,70.053085,26-sonli umumiy o'rta ta'lim maktabi
41.025433,70.08542,27-sonli umumiy o'rta ta'lim maktabi
40.91336,70.20092,28-sonli umumiy o'rta ta'lim maktabi
41.06789,70.206276,29-sonli umumiy o'rta ta'lim maktabi
41.020027,70.08578,30-sonli umumiy o'rta ta'lim maktabi
41.00153,70.073135,31-sonli  umumiy o'rta ta'lim maktabi
41.032806,70.07105,33-sonli umumiy o'rta ta'lim maktabi
41.02486,70.070915,34-sonli ayrim fanlar chuqur o‘rgatiladigan sinflari mavjud umumiy o‘rta taʼlim  maktabi
41.04738998413086,70.08491516113281,"34-INTERNAT,Angren,Tashkent"
40.989834,70.07301,35-sonli umumiy o'rta ta'lim maktabi
40.962154,70.0155,36-sonli umumiy o'rta ta'lim maktabi
41.0554,70.08395,37-sonli umumiy o'rta ta'lim maktabi
41.04264,70.08644,38-sonli umumiy o'rta ta'lim maktabi
41.144417,69.68056,39-sonli umumiy o'rta ta'lim maktabi
41.152363,69.67236,40-sonli umumiy o'rta ta'lim maktabi
41.15786,69.67228,41-sonli umumiy o'rta ta'lim maktabi
41.022972,70.09239,42-sonli umumiy o'rta ta'lim maktabi
41.013058,70.07692,43-sonli  ayrim fanlar chuqur o'qitiladigan sinflari mavjud umumiy o'rta ta'lim maktabi
41.156593,69.669304,57-sonli umumiy o'rta ta'lim maktabi
41.15244,69.6733,55-sonli umumiy o'rta ta'lim maktabi
41.156506,69.66944,56-sonli umumiy o'rta ta'lim maktabi
41.03256607055664,70.08546447753906,"DIMI,Angren,Tashkent"
40.21328,69.22845,1-sonli umumiy o'rta ta'lim maktabi
40.215443,69.27172,2-sonli ayrim fanlar chuqur oʻrganiladigan ixtisoslashtirilgan maktab
40.22045,69.24553,3-sonli umumiy o'rta ta'lim maktabi
40.221416,69.24108,4-sonli umumiy o'rta ta'lim maktabi
40.23297,69.26844,Toshkent viloyati  Bekobod shahar  5-sonli ayrim fanlar chuqur o'qitiladigan sinflari mavjud umumiy o'rta ta'lim maktabi
40.209778,69.239914,6-умумий таълим мактаби
40.23982,69.23359,7-sonli umumiy o'rta ta'lim maktabi
40.228943,69.26422,8-sonli umumiy o'rta ta'lim maktabi
40.221943,69.26053,9 -sonli umumiy o'rta ta'lim maktabi
40.21742,69.24514,10-sonli umumiy o'rta ta'lim maktabi
40.215473,69.27539,11-sonli umiyumiy o'rta ta'lim maktabi
40.225193,69.23417,12-sonli umumiy o'rta ta'lim maktabi
40.205833,69.27067,13-sonli umumiy o'rta ta'lim maktabi
40.21989,69.189445,14-sonli umumiy o'rta ta'lim maktabi
40.22844314575195,69.25555419921875,"15,Bekobod,Tashkent"
40.227055,69.27561,16-sonli umumiy o'rta ta'lim maktabi
40.225834,69.25931,17-sonli umumiy o'rta ta'lim maktabi
40.253166,69.24886,18-sonli umumiy o'rta ta'lim maktabi
40.23747253417969,69.26280975341797,"19,Bekobod,Tashkent"
40.861988,69.60654,1-sonli ayrim fanlar chuqur o‘qitiladigan sinflari mavjud umumiy o‘rta ta’lim maktabi
40.87026,69.61055,2-sonli umumiy o'rta ta'lim maktabi
40.88506,69.57557,3-sonli umumiy o'rta ta'lim maktabi
40.849213,69.5915,4-sonli umumiy o'rta ta'lim maktabi
40.849243,69.59875,5-sonli umumiy o'rta ta'lim maktabi
40.84272384643555,69.57311248779297,"6-MM,Almalyk,Tashkent"
40.836464,69.57469,7-sonli umumiy o'rta ta'lim maktabi
40.822582,69.55863,8-sonli umumiy o'rta ta'lim maktabi
40.715347,69.59818,9-sonli umumiy o'rta ta'lim maktabi
40.856136,69.630455,10-sonli umumiy o'rta ta'lim maktabi
40.87321,69.59718,11-сонли умумий ўрта таълим мактаби
40.850914,69.62063,12-sonli umumiy o`rta ta'lim maktabi
40.850758,69.57344,13-sonli umumiy o'rta ta'lim maktabi
40.83872,69.60999,14-sonli umumiy o'rta ta'lim maktabi
40.840824,69.614174,15-sonli umumiy o'rta ta'lim maktabi
40.841736,69.60352,16-sonli umumiy o'rta ta'lim maktabi
40.86358,69.58676,17-sonli umumiy o'rta ta'lim maktabi
40.85172,69.60474,18-sonli umumiy o'rta ta'lim maktabi
40.86798,69.58409,19-sonli ayrim fanlar chuqur o‘qitiladigan sinflari mavjud umumiy o‘rta ta’lim maktabi
40.868736,69.5817,20-sonli ayrim fanlar chuqur o'qitiladigan sinflari mavjud umumiy o'rta ta'lim maktabi
40.85251,69.59218,21-sonli umumiy o'rta ta'lim maktabi
40.85709,69.616745,22-sonli umumiy o'rta ta'lim maktabi
40.8551,69.59712,23-sonli umumiy o'rta ta'lim maktabi
40.85779571533203,69.57506561279297,"80-IMI,Almalyk,Tashkent"
41.012115,69.35738,4-sonli umumiy o`rta ta`lim maktabi
41.038387,69.3422,10-sonli umumiy o'rta ta'lim maktabi
41.00585,69.350136,13-sonli umumiy o'rta ta'lim maktabi
41.047657,69.376274,19-sonli umumiy o'rta ta'lim maktabi
40.990982,69.37097,9-sonli ixtisoslashtirilgan davlat umumta’lim maktabi
41.041706,69.35574,25-sonli umumiy o'rta ta'lim maktabi
41.062233,69.3427,26-sonli umumiy o'rta ta'lim maktabi
41.024857,69.35627,32-sonli umumiy o'rta ta'lim maktabi
41.020924,69.324,73-sonli umumiy o'rta ta'lim maktabi
40.992805,69.36199,57-sonli umumiy o'rta ta'lim maktabi
41.021984,69.36922,62-sonli umumiy o'rta ta'lim maktabi
41.485706,69.58891,2-sonli umumiy o'rta ta'lim maktabi
41.495464,69.615875,3-sonli umumiy o'rta ta'lim maktabi
41.498528,69.61105,4-sonli umumiy o'rta ta'lim maktabi
41.492214,69.59902,5-sonli umumiy o'rta ta'lim maktabi
41.49078,69.571724,6-sonli umumiy o'rta ta'lim maktabi
41.46886,69.58575,7-umumiy o'rta ta'lim maktabi
41.47167,69.587135,8-sonli umumiy o'rta ta'lim maktabi
41.47525,69.58769,9-umumiy o'rta ta'lim maktabi
41.46311,69.549805,10-sonli ayrim fanlar chuqur o‘qitiladigan sinflari mavjud umumiy o‘rta ta’lim maktabi
41.44661,69.56303,11-sonli umumiy o'rta ta'lim maktabi
41.437805,69.538666,12-sonli umumiy o'rta ta'lim maktabi
41.439194,69.54544,13-sonli umumiy o'rta ta'lim maktabi
41.47411,69.578026,14-sonli ayrim fanlar chuqur o‘qitiladigan sinflari mavjud umumiy o‘rta ta’lim maktabi
41.46092,69.54803,15-sonli ayrim fanlar chuqur o‘qitiladigan sinflari mavjud umumiy o‘rta ta’lim maktabi
41.507526,69.62736,16-sonli umumiy o'rta ta'lim maktabi
41.44353,69.548584,17-sonli umumiy o'rta ta'lim maktabi
41.49128,69.56835,18-sonli umumiy o'rta ta'lim maktabi
41.441307,69.56678,20-sonli umumiy o'rta ta'lim maktabi
41.482056,69.58876,21-sonli umumiy o'rta ta'lim maktabi
41.487362,69.57531,22-sonli umumiy o'rta ta'lim maktabi
41.45697021484375,69.5443344116211,"23,Chirchiq,Tashkent"
41.517918,69.634415,24-sonli umumiy o'rta ta'lim maktabi
41.52355,69.63652,25-sonli umumiy o'rta ta'lim maktabi
41.58642,69.69542,26-sonli umumiy o'rta ta'lim maktabi
40.297848,69.17193,1-sonli umumiy o'rta ta'lim maktabi
40.31516,69.20135,2-sonli umumiy o'rta ta'lim maktabi
40.336338,69.18995,3-sonli umumiy o'rta ta'lim maktabi
40.34122,69.153336,4-sonli umumiy o'rta ta'lim maktabi
40.2876,69.22502,5-sonli umumiy o'rta ta'lim maktabi
40.38405,69.24878,6-sonli umumiy o'rta ta'lim maktabi
40.37446,69.25222,7-sonli umumiy o'rta ta'lim maktabi
40.35418,69.20264,8-sonli umumiy o'rta ta'lim maktabi
40.37108,69.219986,9-sonli umumiy o'rta ta'lim maktabi
40.328827,69.22976,10-sonli umumiy o'rta ta'lim maktabi
40.404514,69.27708,11-sonli umumiy o'rta ta'lim maktabi
40.397503,69.23334,13-sonli umumiy o'rta ta'lim maktabi
40.35192,69.29935,14-sonli umumiy o'rta ta'lim maktabi
40.30902,69.307594,15-sonli umumiy o'rta ta'lim maktabi
40.408077,69.19742,16-sonli umumiy o'rta ta'lim maktabi
40.390606,69.149,17-sonli umumiy o'rta ta'lim maktabi
40.389366,69.171234,18-sonli umumiy o'rta ta'lim maktabi
40.41216,69.13772,19-sonli umumiy o'rta ta'lim maktabi
40.47525,69.13124,20-sonli umumiy o'rta ta'lim maktabi
40.43234,69.21181,21-sonli umumiy o'rta ta'lim maktabi
40.427513,69.23364,22-sonli umumiy o'rta ta'lim maktabi
40.424183,69.28024,23-sonli umumiy o'rta ta'lim maktabi
40.487343,69.2629,24-sonli umumiy o'rta ta'lim maktabi
40.327724,69.27849,25-sonli umumiy o'rta ta'lim maktabi
40.304283,69.29436,26-sonli umumiy o'rta ta'lim maktabi
40.31771,69.25123,27-sonli umumiy o'rta ta'lim maktabi
40.322353,69.25997,28-sonli umumiy o'rta ta'lim maktabi
40.344315,69.249016,29-sonli umumiy o'rta ta'lim maktabi
40.516205,69.237305,30-sonli umumiy o'rta ta'lim maktabi
40.53092,69.20981,31-sonli umumiy o'rta ta'lim maktabi
40.539085,69.18202,32-sonli umumiy o'rta ta'lim maktabi
40.56578,69.145424,33-sonli umumiy o'rta ta'lim maktabi
40.58029,69.12842,34-sonli umumiy o'rta ta'lim maktabi
40.58406,69.244545,35-sonli umumiy o'rta ta'lim maktabi
40.603012,69.33624,36-sonli umumiy o'rta ta'lim maktabi
40.596542,69.28899,37-sonli umumiy o'rta ta'lim maktabi
40.274967,69.20264,38-sonli umumiy o'rta ta'lim maktabi
40.248875,69.22893,39-sonli umumiy o'rta ta'lim maktabi
40.22348,69.18832,40-sonli umumiy o'rta ta'lim maktabi
40.246006,69.15768,41-sonli umumiy o'rta ta'lim maktabi
40.27293,69.145775,42-sonli umumiy o'rta ta'lim maktabi
40.27611,69.12336,43-sonli umumiy o'rta ta'lim maktabi
40.291634,69.10409,44-sonli umumiy o'rta ta'lim maktabi
40.325226,69.094635,45-sonli umumiy o'rta ta'lim maktabi
40.343613,69.080574,46-sonli umumiy o'rta ta'lim maktabi
40.36144,69.10344,47-sonli umumiy o'rta ta'lim maktabi
40.383,69.098625,48-sonli umumiy o'rta ta'lim maktabi
41.12383,68.96713,49-sonli umumiy o'rta ta'lim maktabi
40.37126,69.191414,50-sonli umumiy o'rta ta'lim maktabi
40.34184,69.24249,51-sonli umumiy o'rta ta'lim maktabi
40.606888,69.20978,52-sonli umumiy o'rta ta'lim maktabi
40.26167,69.13512,53-sonli umumiy o'rta ta'lim maktabi
40.35429,69.28204,54-sonli umumiy o'rta ta'lim maktabi
40.38209,69.2493,55-sonli umumiy o'rta ta'lim maktabi
40.50216,69.25481,56-sonli umumiy o'rta ta'lim maktabi
40.62697,69.2735,57-sonli umumiy o'rta ta'lim maktabi
40.30278,69.18478,58-sonli umumiy o'rta ta'lim maktabi
40.394596,69.21878,59-sonli umumiy o'rta ta'lim maktabi
40.29999,69.21073,60-sonli umumiy o'rta ta'lim maktabi
40.814457,69.19812,1-sonli umumiy o‘rta ta'lim maktabi
40.81985,69.19369,2-sonli umumiy o'rta ta'lim maktabi
40.809017,69.205,3-sonli umumiy o'rta ta'lim maktabi
40.818005,69.20988,4-sonli umumiy o'rta ta'lim maktabi
40.81197,69.21444,5-sonli umumiy o'rta ta'lim maktabi
40.811546,69.287094,6-sonli umumiy o'rta ta'lim maktabi
40.7193,69.32365,7-sonli umumiy o'rta ta'lim maktabi
40.72132,69.279816,8-sonli umumiy o'rta ta'lim maktabi
40.735867,69.242096,9-sonli umumiy o'rta ta'lim maktabi
40.726803,69.286476,10-sonli umumiy o'rta ta'lim maktabi
40.829323,69.28339,11-sonli umumiy o'rta ta'lim maktabi
40.815407,69.30058,12-sonli umumiy o'rta ta'lim maktabi
40.767387,69.24844,13-sonli umumiy o'rta ta'lim maktabi
40.80785,69.238464,14-sonli umumiy o'rta ta'lim maktabi
40.781483,69.17389,16-sonli ayrim fanlar chuqur o‘qitiladigan sinflari mavjud umumiy o‘rta ta'lim maktabi
40.775642,69.164764,17-sonli umumiy o'rta ta'lim maktabi
40.757545,69.17692,18-sonli umumiy o'rta ta'lim maktabi
40.7482,69.216866,19-sonli umumiy o'rta ta'lim maktabi
40.83214,69.17576,20-sonli umumiy o'rta ta'lim maktabi
40.81666,69.15582,21-sonli umumiy o'rta ta'lim maktabi
40.846863,69.14611,22-sonli umumiy o'rta ta'lim maktabi
40.829006,69.114555,23-sonli umumiy o'rta ta'lim maktabi
40.796825,69.12895,24-sonli umumiy o'rta ta'lim maktabi
40.788776,69.09917,25-sonli umumiy o'rta ta'lim maktabi
40.78628,69.05696,26-sonli umumiy o'rta ta'lim maktabi
40.778683,69.10062,27-sonli ayrim fanlar chuqur o‘qitiladigan sinflari mavjud umumiy o‘rta ta’lim maktabi
40.754124,69.051605,28-sonli umumiy o'rta ta'lim maktabi
40.799408,69.14234,29-sonli umumiy o'rta ta'lim maktabi
40.606873,69.209694,30-sonli umumiy o'rta ta'lim maktabi
40.73689,69.090836,31-sonli umumiy o'rta ta'lim maktabi
40.734985,69.152374,32-sonli umumiy o'rta ta'lim maktabi
40.77295,69.24713,33-sonli umumiy o'rta ta'lim maktabi
40.72043,69.10535,34-sonli umumiy o'rta ta'lim maktabi
40.709293,69.037926,35-sonli  umumiy o'rta ta'lim maktabi
40.70413,69.01965,36-sonli umumiy o'rta ta'lim maktabi
40.700344,69.05354,37-sonli umumiy o'rta ta'lim maktabi
40.73212,69.29382,38-sonli umumiy o'rta ta'lim maktabi
40.699352,69.215935,39-sonli umumiy o'rta ta'lim maktabi
40.679504,69.14826,40-sonli umumiy o'rta ta'lim maktabi
40.65716,69.104324,41-sonli umumiy o'rta ta'lim maktabi
40.66176,69.081604,42-sonli umumiy o'rta ta'lim maktabi
40.739185,69.24853,43-sonli umumiy o'rta ta'lim maktabi
40.66197,69.21568,44-sonli umumiy o'rta ta'lim maktabi
40.648968,69.30218,45-sonli umumiy o'rta ta'lim maktabi
40.670616,69.295074,46-sonli umumiy o'rta ta'lim maktabi
40.675694,69.23739,47-sonli umumiy o'rta ta'lim maktabi
40.810516,69.288315,48-sonli umumiy o'rta ta'lim maktabi
40.72505,69.17722,49-sonli umumiy o'rta ta'lim maktabi
40.839767,69.09337,50-sonli umumiy o'rta ta'lim maktabi
40.75621,69.03315,51-sonli umumiy o'rta ta'lim maktabi
40.75224,69.11098,52-sonli umumiy o'rta ta'lim maktabi
40.73902,69.34133,53-sonli umumiy o'rta ta'lim maktabi
40.811375,69.27257,54-sonli umumiy o'rta ta'lim maktabi
41.55552,69.76871,1-sonli umumiy o'rta ta'lim maktabi
41.33539,69.45298,2-sonli ixtisoslashtirilgan davlat umumta’lim maktabi
41.561028,69.77412,3-sonli umumiy o'rta ta'lim maktabi
41.57151,69.72573,4-sonli umumiy o'rta ta'lim maktabi
41.54952,69.6916,5-sonli umumiy o'rta ta'lim maktabi
41.31543,69.39042,6-sonli umumiy o'rta ta'lim maktabi
41.55365,69.68113,7-sonli umumiy o'rta ta'lim maktabi
41.53726,69.67429,9-sonli umumiy o'rta ta'lim maktabi
41.36062,69.4332,10-sonli umumiy o'rta ta'lim maktabi
41.60841,69.7683,11-sonli umumiy o'rta ta'lim maktabi
41.55491,69.67989,12-sonli umumiy o'rta ta'lim maktabi
41.63042,69.93562,15-sonli umumiy o'rta ta'lim maktabi
41.635548,69.948586,16-sonli umumiy o'rta ta'lim maktabi
41.6461,69.94252,17-sonli umumiy o'rta ta'lim maktabi
41.632076,69.934944,18- Ayrim fanlar chuqur o'qitiladigan sinflari mavjud  umumiy o'rta ta'lim maktabi
41.67121,69.95725,19-sonli umumiy o'rta ta'lim maktabi
41.561203,69.78095,20-sonli umumiy o'rta ta'lim maktabi
41.57038,69.79356,22-sonli umumiy o'rta ta'lim maktabi
41.550095,69.73014,26-sonli umumiy o'rta ta'lim maktabi
41.497295,69.66705,28-sonli umumiy o'rta ta'lim maktabi
41.485523,69.63271,30-sonli umumiy o'rta ta'lim maktabi
41.452847,69.60922,33-sonli umumiy o'rta ta'lim maktabi
41.43276,69.59624,34-sonli umumiy o'rta ta'lim maktabi
41.60762,70.097824,40-sonli umumiy o'rta ta'lim maktabi
41.619614,70.07618,41-sonli umumiy o'rta ta'lim maktabi
41.69307,70.06606,43-sonli umumiy o'rta ta'lim maktabi
41.44841003417969,69.61016082763672,"125-INTERNAT,Bustonliq,Tashkent"
41.55737,69.77699,53-sonli umumiy o'rta ta'lim maktabi
41.469963,69.69397,23-sonli umumiy o'rta ta'lim maktabi
41.61434,70.092384,39-sonli umumiy o'rta ta'lim maktabi
41.591606,69.81048,13-sonli umumiy o'rta ta'lim maktabi
41.55354,69.65841,8-sonli umumiy o'rta ta'lim maktabi
41.574043,70.08024,37-sonli umumiy o'rta ta'lim maktabi
41.267548,69.897766,50-sonli umumiy o'rta ta'lim maktabi
41.66282,70.04905,32-sonli umumiy o'rta ta'lim maktabi
41.775448,70.20349,47-sonli umumiy o'rta ta'lim maktabi
41.390133,69.707184,35-sonli umumiy o'rta ta'lim maktabi
41.9235725402832,70.37247467041016,"45,Bustonliq,Tashkent"
41.551243,70.022995,38-sonli umumiy o'rta ta'lim maktabi
41.688744,70.33212,46-sonli umumiy o'rta ta'lim maktabi
41.37749,64.58526,44-sonli umumiy o'rta ta'lim maktabi
41.597054,70.02782,36-sonli umumiy o'rta ta'lim maktabi
41.52964,69.694336,27-sonli umumiy o'rta ta'lim maktabi
41.450268,69.84718,49-sonli umumiy o'rta ta'lim maktabi
41.482018,69.66723,29-sonli umumiy o'rta ta'lim maktabi
41.49718,69.80871,25-sonli umumiy o'rta ta'lim maktabi
41.450718,69.62247,31-sonli umumiy o'rta ta'lim maktabi
41.5576,69.77656,54-sonli umumiy o'rta ta'lim maktabi
41.567047,69.77207,14-sonli umumiy o'rta ta'lim maktabi
41.465984,69.610275,51-sonli umumiy o'rta ta'lim maktabi
41.61667,70.095764,42-sonli umumiy o'rta ta'lim maktabi
41.462757,69.83316,24-sonli umumiy o'rta ta'lim maktabi
41.80049,70.248055,48-sonli umumiy o'rta ta'lim maktabi
41.541775,69.85966,21-sonli umumiy o'rta ta'lim maktabi
41.313763,69.10588,1-sonli umumiy o'rta ta'lim maktabi
41.298775,69.09665,3-sonli umumiy o'rta ta'lim maktabi
41.283638,69.0347,4- sonli umumiy o'rta ta'lim maktabi
41.275623,69.06718,5-sonli umumiy o'rta ta'lim maktabi
41.303352,69.11015,6-sonli umumiy o'rta ta'lim maktabi
41.279438,69.11858,7-sonli umumiy o'rta ta'lim maktabi
41.307465,69.13324,8-sonli umumiy o'rta ta'lim maktabi
41.330776,69.15134,9-sonli umumiy o'rta ta'lim maktabi
41.335606,69.11148,12-sonli umumiy o'rta ta'lim maktabi
41.247055,69.155014,13-sonli umumiy o'rta ta'lim maktabi
41.252907,69.150215,14-sonli umumiy o'rta ta'lim maktabi
41.24325,69.14555,15-sonli umumiy ta'lim maktabi
41.222553,69.106186,16-sonli umumiy o'rta ta'lim maktabi
41.233894,69.03084,18-sonli umumiy o'rta ta'lim maktabi
41.22562,69.043465,19-sonli umumiy o'rta ta'lim maktabi
41.22492,69.07153,20-sonli umumiy o'rta ta'lim maktabi
41.20411,69.08118,21-sonli umumiy o'rta ta'lim maktabi
41.282013,69.08441,31-sonli umumiy o'rta ta'lim maktabii
41.192776,69.15203,32-sonli umumiy o'rta ta'lim maktabi
41.1866,69.15525,33-sonli umumiy o'rta ta'lim maktabi
41.202435,69.16441,34-sonli umumiy o'rta ta'lim maktabi
41.17372,69.1598,35-sonli umumiy o'rta ta'lim maktabi
41.243076,69.14197,39-sonli boshlang`ich ta'lim maktabi
41.20808,69.18532,334-sonli umumiy o’rta ta’lim maktabi
41.179226,69.13334,Toshkent viloyati Zangiota tumani  MMTB  tasarrufidagi  42-sonli umumiy o'rta ta'lim maktabi
41.17025,69.12539,43-sonli umumiy o'rta ta'lim maktabi
41.172443,69.20674,Zangiota tuman 22-sonli umumiy o'rta ta'lim maktabi
41.203823,69.13955,38-sonli umumiy o'rta ta'lim maktabi
41.331768,69.0766,28-sonli umumiy o'rta ta'lim maktabi
41.218193,69.16195,36-sonli umumiy o'rta ta'lim maktabi
41.17025,69.12539,44-sonli umumiy o'rta ta'lim maktabi
41.245407,69.08761,17-sonli umumiy o'rta ta'lim maktabi
41.331524,69.13156,2-sonli umumiy o'rta ta'lim maktabi
41.20587,69.121,30-sonli umumiy o'rta ta'lim maktabi
41.227135,69.124855,Toshkent viloyati Zangiota tumani 40-sonli umumta'lim maktabi
41.19954,69.15912,27-sonli umumiy o'rta ta'lim maktabi
41.28019,69.10251,37-sonli umumiy o'rta ta'lim maktabi
41.307476,69.13743,10-sonli  boshlang'ich ta'lim makabi
41.388702,69.46396,1-sonli ayrim fanlar chuqurlashtirilib o'tiladigan maktab
41.384598,69.46288,2-sonli umumiy o‘rta ta'lim maktabi
41.41762,69.49143,3-sonli umumiy o'rta ta'lim maktabi
41.37139,69.38134,4-sonli umumiy o'rta ta'lim maktabi
41.38411,69.35812,5-sonli umumiy o'rta ta'lim maktabi
41.36644,69.4125,6-sonli ayrim fanlar chuqur o`qitiladigan sinflari mavjud umumiy o`rta ta`lim maktabi umumiy orta ta’lim maktabi
41.391064,69.39907,7-sonli umumiy o'rta ta'lim maktabi
41.37736,69.43381,9-sonli umumiy o'rta ta'lim maktabi
41.40272,69.44426,11-sonli umumiy o'rta ta'lim maktabi
41.370743,69.49239,13-sonli umumiy o'rta ta'lim maktabi
41.348385,69.43244,14-sonli umumiy o'rta ta'lim maktabi
41.401287,69.48979,15-sonli umumiy o'rta ta'lim maktabi
41.40785,69.51611,16-sonli umumiy o'rta ta'lim maktabi
41.42436,69.52931,17-sonli umumiy o'rta ta'lim maktabi
41.43625,69.484406,20-sonli umumiy o'rta ta'lim maktabi
41.461166,69.47636,23-sonli umumiy o'rta ta'lim maktabi
41.42256546020508,69.5197982788086,"23,Qibray,Tashkent"
41.36015,69.344826,25-sonli umumiy o'rta ta'lim maktabi
41.44253,69.439705,26-sonli umumiy o'rta ta'lim maktabi
41.41582,69.42646,27-sonli umumiy o'rta ta'lim maktabi
41.39937,69.36553,29-sonli umumiy o'rta ta'lim maktabi
41.432342529296875,69.36653137207031,"31,Qibray,Tashkent"
41.43011,69.36206,32-sonli umumiy o'rta ta'lim maktabi
41.45456,69.50398,34-sonli umumiy o'rta ta'lim maktabi
41.356483,69.354065,46-sonli umumiy o'rta ta'lim maktabi
41.45983,69.43992,48-sonli umumiy o'rta ta'lim maktabi
41.431236,69.462395,35-sonli umumiy o'rta ta'lim maktabi
41.439697,69.35873,40-sonli umumiy o'rta ta'lim maktabi
41.385647,69.41374,8-sonli umumiy o'rta ta'lim maktabi
41.39301,69.35281,30-sonli umumiy o'rta ta'lim maktabi
41.406998,69.308044,33-sonli umumiy o'rta ta'lim maktabi
41.42091,69.5202,24-sonli umumiy o'rta ta'lim maktabi
41.298244,69.39204,342-sonli umumiy o'rta ta'lim maktabi
41.41795,69.5439,21-sonli umumiy o'rta ta'lim maktabi
41.524906,69.41547,43-sonli umumiy o'rta ta'lim maktabi
41.398964,69.33699,49-sonli umumiy o'rta ta'lim maktabi
41.4406,69.37895,41-sonli umumiy o'rta ta'lim maktabi
41.385647,69.41374,10-sonli umumiy o'rta ta'lim maktabi
41.408882,69.396835,28-sonli umumiy o'rta ta'lim maktabi
41.416058,69.36281,45-sonli umumiy o'rta ta'lim maktabi
41.425064,69.34832,39-sonli umumiy o'rta ta'lim maktabi
41.431725,69.397865,47-sonli umumiy o'rta ta'lim maktabi
41.35461,69.46352,12-sonli umumiy o'rta ta'lim maktabi
40.850906,68.790924,4-sonli umumiy o'rta ta'lim maktabi
40.831696,68.88305,8-sonli umumiy o'rta ta'lim maktabi
40.850986,68.918884,10-sonli umumiy o'rta ta'lim maktabi
40.8571,68.92665,11-sonli ayrim fanlar chuqur o'rganiladigan ixtisoslashtirilgan maktab
40.912247,68.82084,16-sonli umumiy o'rta ta'lim maktabi
40.935963,68.91316,17-sonli umumiy o'rta ta'lim maktabi
40.94561,68.942535,19-sonli umumiy o'rta ta'lim maktabi
40.923878,68.987595,23-sonli umumiy o'rta ta'lim maktabi
40.918163,69.05634,27-sonli umumiy o'rta ta'lim maktabi
40.915424,69.014694,28-sonli umumiy o'rta ta'lim maktabi
40.964993,69.05167,30-sonli umumiy o'rta ta'lim maktabi
40.90445,69.01624,31-sonli umumiy o'rta ta'lim maktabi
40.99191,69.04988,33-sonli umumiy o'rta ta'lim maktabi
40.903336,68.78876,35-sonli umumiy o'rta ta'lim maktabi
41.05331,69.10672,36-sonli umumiy o'rta ta'lim maktabi
41.154415,69.248665,37-sonli umumiy o'rta ta'lim maktabi
40.882397,68.88131,40-sonli umumiy o'rta ta'lim maktabi
41.130295,69.19833,44-sonli umumiy o'rta ta'lim maktabi
41.044743,69.1368,45-sonli umumiy o'rta ta'lim maktabi
41.018055,69.11858,46-sonli umumiy o'rta ta'lim maktabi
41.005154,69.14946,48-sonli umumiy o'rta ta'lim maktabi
41.033466,69.17774,52-sonli umumiy o'rta ta'lim maktabi
41.135838,69.2398,38-sonli umumiy o'rta ta'lim maktabi
40.964016,68.93464,18-sonli umumiy o'rta ta'lim maktabi
40.975445,68.982346,20 -sonli umumiy o'rta ta'lim maktabi
40.8543,68.9002,9-sonli umumiy o'rta ta'lim maktabi
40.87648,68.84484,15-sonli umumiy o'rta ta'lim maktabi
40.898453,68.849945,1-sonli umumiy o'rta ta'lim maktabi
40.898693,68.944534,22-sonli umumiy o'rta ta'lim maktabi
40.98015,69.15953,50-sonli umumiy o'rta ta'lim maktabi
40.861412,68.947426,41-sonli umumiy o'rta ta'lim maktabi
41.012577,69.061554,34-sonli umumiy o'rta ta'lim maktabi
40.902927,69.03583,14-sonli umumiy o'rta ta'lim maktabi
40.834797,68.85501,7-sonli umumiy o'rta ta'lim maktabi
40.829395,68.825134,5-sonli umumiy o'rta ta'lim maktabi
40.988655,69.09859,47-sonli umumiy o'rta ta'lim maktabi
40.871475,69.003296,25-sonli umumiy o'rta ta'lim maktabi
41.010452,69.04501,51-sonli umumiy o'rta ta'lim maktabi
41.064545,69.14638,43-sonli umumiy o'rta ta'lim maktabi
40.884827,69.020676,26-sonli umumiy o'rta ta'lim maktabi
40.924866,68.96285,21-sonli umumiy o'rta ta'lim maktabi
40.888256,68.97171,24-sonli umumiy o'rta ta'lim maktabi
40.878365,68.78402,2-sonli umumiy o'rta ta'lim maktabi
40.95707,69.11248,49-sonli umumiy o'rta ta'lim maktabi
40.92427,68.87175,12-sonli umumiy o'rta ta'lim maktabi
40.967937,69.08744,42-sonli umumiy o'rta ta'lim maktabi
40.864624,68.96479,29-sonli umumiy o'rta ta'lim maktabi
40.969013,69.014275,32-sonli umumiy o'rta ta'lim maktabi
40.97122,69.13852,3-sonli umumiy o'rta ta'lim maktabi
40.814445,68.864685,39-sonli umumiy o'rta ta'lim maktabi
40.994766,69.02381,6-sonli umumiy o'rta ta'lim maktabi
40.90718,68.7981,13-sonli umumiy o'rta ta'lim maktabi
40.95529,69.16241,3-sonli umumiy o'rta ta'lim maktabi
40.880245,69.04253,6-sonli umumiy o'rta ta'lim maktabi
40.87032,69.037,8-sonli umumiy o'rta ta'lim maktabi
40.915253,69.112335,9-sonli umumiy o'rta ta'lim maktabi
40.881145,69.04372,11-sonli ayrim fanlar chuqur o‘qitiladigan sinflari mavjud umumiy o‘rta ta’lim maktabi
40.78574,69.00185,16-sonli umumiy o'rta ta'lim maktabi
40.79603,69.027115,17-sonli umumiy o'rta ta'lim maktabi
40.810215,68.965256,19-sonli umumiy o'rta ta'lim maktabi
40.760246,68.957855,23-sonli umumiy o'rta ta'lim maktabi
40.724537,68.988754,30-sonli ayrim fanlar chuqur o`qitiladigan sinflari mavjud umumiy o`rta ta`lim maktabi
40.73721,69.01682,31-sonli umumiy o'rta ta'lim maktabi
40.91449,69.112045,37-sonli umumiy o'rta ta'lim maktabi
40.87667,69.06947,42-sonli umumiy o'rta ta'lim maktabi
40.958916,69.16978,45-sonli umumiy o'rta ta'lim maktabi
40.880554,69.04619,48-sonli umumiy o'rta ta'lim maktabi
40.859306,69.05772,12-sonli umumiy o'rta ta'lim maktabi
40.83668,69.04134,38-sonli umumiy o'rta ta'lim maktabi
40.816177,68.96124,28-sonli umumiy o'rta ta'lim maktabi
40.73057,68.94729,33-sonli umumiy o'rta ta'lim maktabi
40.848766,68.94045,35-sonli umumiy o'rta ta'lim maktabi
40.85846710205078,68.93217468261719,"25-BMSM,Akkurgan,Tashkent"
40.84538,69.003876,36-sonli umumiy o'rta ta'lim maktabi
40.870826721191406,69.08438110351562,"78-IMI,Akkurgan,Tashkent"
40.985744,69.23431,1-sonli umumiy o'rta ta'lim maktabi
40.763214,68.940414,22-sonli umumiy o'rta ta'lim maktabi
40.779488,68.97369,24-sonli umumiy o'rta ta'lim maktabi
40.7918,69.03472,25-sonli umumiy o'rta ta'lim maktabi
40.73095,68.94717,34-sonli umumiy o'rta ta'lim maktabi
40.884113,69.05774,18-sonli umumiy o'rta ta'lim maktabi
40.729397,68.98201,32-sonli umumiy o'rta ta'lim maktabi
40.805553,68.90805,20-sonli umumiy o`rta ta`lim maktabi
40.737026,68.98385,29-sonli umumiy o'rta ta'lim maktabi
40.902576,69.16858,44-sonli umumiy o'rta ta'lim maktabi
40.769863,68.95975,46-sonli umumiy o'rta ta'lim maktabi
40.84541,69.00669,47-sonli umumiy o'rta ta'lim maktabi
40.947655,69.14838,4-sonli umumiy o'rta ta'lim maktabi
40.95257,69.239265,5-sonli umumiy o'rta ta'lim maktabi
40.925846,69.85898,49-sonli ayrim fanlar chuqur o'qitiladigan sinflari mavjud umumiy o'rta ta'lim maktabi
41.05535,70.25528,21-sonli umumiy o'rta ta'lim maktabi
40.9103,69.77326,14-sonli umumiy o'rta ta'lim maktabi
40.913754,69.78587,15-sonli umumiy o'rta ta'lim maktabi
40.94544,69.52378,10-sonli umumiy o'rta ta'lim maktabi
40.948765,69.787544,13-sonli umumiy o'rta ta'lim maktabi
40.962776,69.192085,2-umumiy o'rta ta'lim  maktabumumi
40.982716,69.213524,43-sonli umumiy o'rta ta'lim maktabi
40.886776,69.192986,7-sonli umumiy o'rta ta'lim maktabi
40.881645,69.048615,50-sonli umumiy o'rta ta'lim maktabi
40.843517,68.9444,41-sonli umumiy o'rta ta'lim maktabi
40.891365,69.21057,40-sonli umumiy o'rta ta'lim maktabi
40.965775,69.17471,39-sonli umumiy o'rta ta'lim maktabi
40.946648,69.52938,10-sonli ayrim fanlar chuqur õqitiladigan sinflari mavjud umumiy o'rta ta'lim maktabi
40.906384,69.729065,12-sonli umumiy o'rta ta'lim maktabi
40.9103,69.77326,14-sonli umumiy o'rta ta'lim maktabi
40.916275,69.78909,15-sonli umumiy o'rta ta'lim maktabi
40.968777,69.9707,Ohangaron tumani19-sonli umumiy o'rta ta'lim maktabi
40.94409,70.0309,27-sonli umumiy o'rta ta'lim maktabi
40.884373,69.806725,38-sonli umumiy o'rta ta'lim maktabi
40.874886,69.74602,40-sonli umumiy o'rta ta'lim maktabi
40.87529,69.89456,44-sonli umumiy o'rta ta'lim maktabi
40.98461,69.54684,47-sonli umumiy o'rta ta'lim maktabi
40.89803,69.68294,11-sonli umumiy o'rta ta'lim maktabi
41.007095,69.47159,1-sonli umumiy o'rta ta'lim maktabi
40.909267,69.944664,51-sonli umumiy o'rta ta'lim maktabi
40.89267,69.658554,6-sonli umumiy o'rta ta'lim maktabi
40.931026,69.60377,7-sonli umumiy o'rta ta'lim maktabi
41.07537,69.58434,9-sonli umumiy o'rta ta'lim maktabi
40.86341,69.93744,34-sonli umumiy o'rta ta'lim maktabi
40.904232,69.65138,5-sonli umumiy o'rta ta'lim maktabi
41.060368,69.52881,2-sonli umumiy o'rta ta'lim maktabi
40.935738,70.07323,28-sonli umumiy o'rta ta'lim maktabi
40.910442,69.933044,32-sonli umumiy o'rta ta'lim tashkiloti
40.929943,69.98517,4-sonli umumiy o'rta ta'lim maktabi
40.92545,69.85932,50-sonli umumiy o'rta ta'lim maktabi
40.941093,69.722404,13-sonli umumiy o'rta ta'lim maktabi
41.073456,70.23346,20-sonli umumiy o'rta ta'lim maktabi
40.86375,69.703575,45-sonli umumiy o'rta ta'lim maktabi
41.076267,70.219376,16-sonli umumiy o'rta ta'lim maktabi
41.063503,69.442024,48-sonli umumiy o'rta ta'lim maktabi
40.953438,69.91282,18-sonli umumiy o'rta ta'lim maktabi
41.153996,70.35017,23-sonli umumiy o'rta ta'lim maktabi
40.91126,69.64385,3-sonli umumiy o'rta ta'lim maktabi
40.893986,69.87922,33-sonli umumiy o'rta ta'lim maktabi
40.823112,69.96101,46-sonli umumiy o'rta ta'lim maktabi
40.946262,70.05388,26-sonli umumiy o'rta ta'lim maktabi
40.836605,69.84534,36-sonli umumiy o'rta ta'lim maktabi
40.8659,69.67759,42-sonli umumiy o'rta ta'lim maktabi
41.1475,70.42018,24-sonli umumiy o'rta ta'lim maktabi
40.925884,69.56347,8-sonli umumiy o'rta ta'lim maktabi
40.83521,69.7801,39-sonli umumiy o'rta ta'lim maktabi
41.07865,70.24387,21-sonli umumiy o'rta ta'lim maktabi
41.10448,70.33564,22-sonli umumiy o'rta ta'lim maktabi
40.94021,69.96409,30-sonli umumiy o'rta ta'lim maktabi
40.91131,69.82942,17 -sonli umumiy o'rta ta'lim maktabi
40.917366,69.97413,29 -sonli umumiy o'rta ta'lim maktabi
41.030697,69.58702,49-sonli umumiy o'rta ta'lim maktabi
40.92424,69.9185,31-sonli umumiy o'rta ta'lim maktabi
40.93894958496094,69.92487335205078,"1,Okhangaron,Tashkent"
40.902157,69.62723,8-sonli umumiy o'rta ta'lim maktabi
40.891552,69.85277,35-sonli umumiy o'rta ta'lim maktabi
40.925674,70.102936,25-sonli umumiy o'rta ta'lim maktabi
40.912228,69.626595,1-sonli umumiy o'rta ta'lim maktabi
41.078323,69.64928,43-sonli umumiy o'rta ta'lim maktabi
40.912663,69.612335,9-sonli umumiy o'rta ta'lim maktabi
40.899857,69.63758,2-umumiy o'rta ta'lim maktabi
41.02727,69.510376,5-sonli umumiy o'rta ta'lim maktabi
41.17196,70.33223,Toshkent viloyati Ohangaron tumani MMTB ga qarashli 37-sonli umumiy o`rta ta`lim maktabi
40.935528,69.56338,Ohangaron tumani MMTB tasarrufidagi 59-sonli umumiy o'rta ta'lim maktabi
40.980145,69.966,6-sonli umumiy o'rta ta'lim maktabi
41.297577,69.6903,3-sonli umumiy o'rta ta'lim maktabi
41.297607,69.690346,4-sonli ummiy o'rta ta'lim maktabi
41.29347,69.68316,Parkent tumani 5-sonli umumiy o‘rta ta'lim maktabi
41.296356,69.668274,6-sonli umumiy o'rta ta'lim maktabi
41.290688,69.67674,7-sonli umumiy o'rta ta'lim maktabi
41.286892,69.67701,8-sonli umumiy o'rta ta'lim maktabi
41.290108,69.683525,9-sonli umumiy o'rta ta'lim maktabi
41.28038,69.68955,10-sonli umumiy o'rta ta'lim maktabi
41.298855,69.7436,11-umumiy o‘rta ta’lim maktabi
41.31881,69.826935,13-sonli umumiy o'rta ta'lim maktabiи
41.250378,69.798645,16-umumiy o'rta ta'lim maktabi
41.250572,69.78643,17-sonli umumiy o'rta ta'lim maktabi
41.19561,69.762054,19-sonli umumiy o'rta ta'lim maktabi
41.21685,69.791245,21-sonli umumiy o'rta ta'lim maktabi
41.180588,69.68688,22-sonli umumiy o'rta ta'lim maktabi
41.361763,69.63464,24-sonli umumiy o'rta ta'lim maktabi
41.306103,69.57441,25-sonli umumiy o'rta ta'lim maktabi
41.25488,69.53769,26-sonli umumiy o'rta ta'lim maktabi
41.30889,69.56177,27-sonli umumiy o'rta ta'lim maktabi
41.247124,69.673004,28-sonli umumiy o'rta ta'lim maktabi
41.309467,69.75287,29-sonli umumiy o'rta ta'lim maktabi
41.308704,69.67938,30-sonli umumiy o'rta ta'lim maktabi
41.31023,69.63633,31-sonli umumiy o'rta ta'lim maktabi
41.378242,69.68468,32-sonli umumiy o'rta ta'lim maktabi
41.350433,69.582214,33-sonli umumiy o'rta ta'lim maktabi
41.300625,69.59901,34-sonli umumiy o'rta ta'lim maktabi
41.286236,69.65523,39-sonli umumiy o'rta ta'lim maktabi
41.29979,69.64693,40-sonli umumiy o'rta ta'lim maktabi
41.29936,69.72464,41-sonli umumiy o'rta ta'lim maktabi
41.279587,69.78866,42-sonli umumiy o'rta ta'lim maktabi
41.279854,69.6955,43-sonli umumiy o'rta ta'lim maktabi
41.292404,69.75538,44-sonli umumiy o'rta ta'lim maktabi
41.301735,69.66511,45-sonli umumiy o'rta ta'lim maktabi
41.310677,69.77191,49-sonli umumiy o'rta ta'lim maktabi
41.254826,69.78548,51-sonli umumiy o'rta ta'lim maktabi
41.213783,69.7262,53-sonli umumiy o'rta ta'lim maktabi
41.288094,69.680374,46-sonli umumiy o'rta ta'lim maktabi
41.2505,69.764366,36-sonli umumiy o'rta ta'lim maktabi
41.306652,69.76773,12-sonli umumiy o'rta ta'lim maktabi
41.392426,69.604095,37-sonli umumiy o'rta ta'lim maktabi
41.26272,69.58254,38-sonli umumiy o'rta ta'lim maktabi
41.29832,69.67545,2-sonli umumiy o'rta ta'lim maktabi
41.28177,69.671135,47-sonli umumiy o'rta ta'lim maktabi
41.192413,69.77507,20-sonli umumiy o'rta ta'lim maktabi
41.411636,69.66771,23-sonli umumiy o'rta ta'lim maktabi
41.276646,69.80552,14-sonli umumiy o'rta ta'lim maktabi
41.296425,69.681404,1-sonli umumiy o'rta ta’lim maktabi
41.310593,69.58154,35-sonli ixtisoslashtirilgan davlat umumta’lim maktabi
41.2129,69.72698,18-sonli umumiy o'rta ta'lim maktabi
41.27265,69.78583,48-sonli umumiy o'rta ta'lim maktabi
41.2732,69.80345,15-sonli umumiy o'rta ta'lim maktabi
41.24868,69.74841,54-sonli umumiy o'rta ta'lim maktabi
40.89519,69.35513,1-sonli ayrim fanlar chuqur o'rganiladigan sinflari mavjud umumiy o'rta ta'lim maktabi
40.89183,69.35106,4-sonli umumiy o'rta ta'lim maktabi
40.89735,69.34185,5-sonli ayrim fanlar chuqur o'rganiladigan ixtisoslashtirilgan maktab
40.897785,69.36046,6-sonli umumiy o'rta ta'lim maktabi
40.889343,69.27758,14-sonli umumiy o'rta ta'lim maktabi
40.853516,69.319595,20-sonli umumiy o'rta ta'lim maktabi
40.846775,69.35914,22-sonli umumiy o'rta ta'lim maktabi
40.82287,69.343025,23-sonli umumiy o'rta ta'lim maktabi
40.85284,69.397995,27-sonli umumiy o'rta ta'lim maktabi
40.828,69.418274,28-sonli ayrim fanlar chuqur o'qitiladigan sinflari mavjud umumiy o'rta ta'lim maktabi
40.82891,69.49619,29-sonli umumiy o'rta ta'lim maktabi
40.895844,69.48836,31-sonli umumiy o'rta ta'lim maktabi
40.88782,69.49303,32-sonli umumiy o'rta ta'lim maktabi
40.888416,69.26193,41-sonli umumiy o'rta ta'lim maktabi
40.85684,69.411644,26-sonli umumiy o'rta ta'lim maktabi
40.86524,69.470695,3-sonli umumiy o'rta ta'lim maktabi
40.88542556762695,69.47056579589844,"79,Piskent,Tashkent"
40.86309,69.216835,36-sonli umumiy o'rta ta'lim maktabi
40.799046,69.32807,38-sonli umumiy o'rta ta'lim maktabi
40.865692,69.26362,17-sonli umumiy o'rta ta'lim maktabi
40.883522,69.44561,33-sonli umumiy o'rta ta'lim maktabi
40.84597,69.343864,37-sonli umumiy o'rta ta'lim maktabi
40.88619,69.318306,40-sonli umumiy o'rta ta'lim maktabi
40.82247,69.38077,35-sonli umumiy o'rta ta'lim maktabi
40.908424,69.340355,8-sonli umumiy o'rta ta'lim maktabi
40.89916,69.33641,42-sonli umumiy o'rta ta'lim maktabi
40.874355,69.63939,Olmaliq shahar 24-maktab
40.80868,69.348465,24-sonli umumiy o'rta ta'lim maktabi
40.881077,69.267525,15-sonli umumiy o'rta ta'lim maktabi
40.90529,69.3649,7-sonli umumiy o'rta ta'lim maktabi
40.918373,69.267876,12-sonli umumiy o'rta ta'lim maktabi
40.840214,69.28008,19-sonli umumiy o'rta ta'lim maktabi
40.90328,69.35283,2-sonli umumiy o'rta ta'lim maktabi
40.952385,69.288506,10-sonli umumiy o'rta ta'lim maktabi
40.98507,69.28315,30-sonli umumiy o'rta ta'lim maktabi
40.916218,69.37911,9-sonli umumiy o'rta ta'lim maktabi
40.776123,69.333595,25-sonli umumiy o'rta ta'lim maktabi
40.835464,69.25069,18-sonli umumiy o'rta ta'lim maktabi
40.91682,69.21256,13-sonli umumiy o'rta ta'lim maktabi
40.93829,69.26316,11-sonli umumiy o'rta ta'lim maktabi
40.871574,69.34896,21-sonli umumiy o'rta ta'lim maktabi
41.323444,69.48444,1-sonli umumiy o'rta ta'lim maktabi
41.21382,69.482185,2-sonli umumiy o'rta ta'lim maktabi
41.186302,69.440254,3-sonli umumiy o'rta ta'lim maktabi
41.318306,69.51728,4-sonli umumiy o'rta ta'lim maktabi
41.41669,69.578316,6-sonli umumiy o'rta ta'lim maktabi
41.17244,69.411156,8-sonli umumiy o'rta ta'lim maktabi
41.236835,69.371796,10-sonli umumiy o'rta ta'lim maktabi
41.343605,69.52493,11-sonli umumiy o'rta ta'lim maktabi
41.351696,69.550476,12-sonli umumiy o'rta ta'lim maktabi
41.419495,69.26739,13-sonli umumiy o'rta ta'lim maktabi
41.34458,69.57246,14-sonli umumiy o'rta ta'lim maktabi
41.206413,69.56171,15-sonli umumiy o'rta ta'lim maktabi
41.445774,69.25541,16-sonli umumiy o'rta ta'lim maktabi
41.406307,69.219124,17-sonli umumiy o'rta ta'lim maktabi
41.40036,69.194756,18-umumiy o'rta ta'lim maktabi
41.40564,69.26703,19-sonli umumiy o'rta ta'lim maktabi
41.42797,69.28385,20-sonli umumiy o'rta ta'lim maktabi
41.420086,69.30447,21-sonli umumiy o'rta ta'lim maktabi
41.401333,69.28438,22-sonli umumiy o'rta ta'lim maktabi
41.437355,69.33182,23-sonli umumiy o'rta ta'lim maktabi
41.451794,69.34271,24-sonli umumiy o'rta ta'lim maktabi
41.385,69.32184,25-sonli umumiy o'rta ta'lim maktabi
41.41646,69.31069,26-sonli umumiy o'rta ta'lim maktabi
41.369347,69.16686,27-sonli umumiy o'rta ta'lim maktabi
41.378017,69.24239,28-sonli umumiy o'rta ta'lim maktabi
41.44955,69.41293,29-sonli umumiy o'rta ta'lim maktabi
41.408485,69.19148,30-sonli umumiy o'rta ta'lim maktabi
41.413803,69.19481,31-sonli umumiy o'rta ta'lim maktabi
41.439137,69.34464,5-sonli umumiy o'rta ta'lim maktabi
41.428226,69.179565,7-sonli umumiy o'rta ta'lim maktabi
41.39619,69.20457,9-sonli umumiy o'rta ta'lim maktabi
40.94232,68.75015,1-sonli umumiy o`rta ta’lim maktabi
40.937267,68.755745,2-son umumiy o'rta ta'lim maktabi
40.96028,68.73101,3-sonli umumiy o'rta ta'lim maktabi
40.965282,68.775314,4-sonli umumiy o'rta ta'lim maktabi
40.963444,68.85705,5-sonli umumiy o'rta ta'lim maktabi
40.91183,68.7123,6-sonli umumiy o'rta ta'lim maktabi
40.948048,68.80415,9-sonli umumiy o'rta ta'lim maktabi
41.018024,68.828514,13-sonli umumiy o'rta ta'lim maktabi
40.967484,68.89043,17-sonli umumiy o'rta ta'lim maktabi
40.93794,68.70834,18-sonli umumiy o'rta ta'lim maktabi
41.020657,68.94585,24-sonli umumiy o'rta ta'lim maktabi
40.943855,68.765945,26-sonli umumiy o'rta ta'lim maktabi
41.01855,68.94361,27-sonli umumiy o'rta ta'lim maktabi
40.950294,68.742935,28-sonli umumiy o'rta ta'lim maktabi
41.00841,68.91107,29-sonli umumiy o'rta ta'lim maktabi
41.029945,68.932014,31-sonli umumiy o'rta ta'lim maktabi
41.019928,68.94259,32-sonli umumiy o'rta ta'lim maktabi
41.036835,68.92843,33-sonli umumiy o'rta ta'lim maktabi
41.019035,68.77888,35-sonli umumiy o'rta ta'lim maktabi
41.04238,68.87314,37-sonli umumiy o'rta ta'lim maktabi
41.00335693359375,68.92303466796875,"39,Chinoz,Tashkent"
40.934097,68.754456,40-sonli umumiy o'rta ta'lim maktabi
41.09041,68.83828,44-sonli umumiy o'rta ta'lim maktabi
41.102276,68.83385,20-sonli umumiy o'rta ta'lim maktabi
40.99064,68.81782,14-sonli umumiy o'rta ta'lim maktabi
40.985867,68.786934,22-sonli umumiy o'rta ta'lim maktabi
41.068188,68.82283,12-sonli umumiy o'rta ta'lim maktabi
41.01516,68.80233,38-sonli umumiy o'rta ta'lim maktabi
40.9876,68.87108,16-sonli umumiy o'rta ta'lim maktabi
40.92269,68.75971,7-sonli umumiy o'rta ta'lim maktabi
41.00041,68.91615,46-sonli umumiy o'rta ta'lim maktabi
40.958332,68.82504,10-sonli umumiy o'rta ta'lim maktabi
40.97494,68.77722,11-sonli umumiy o'rta ta'lim maktabi
40.98424,68.80028,41-sonli umumiy o'rta ta'lim maktabi
41.039864,68.83998,34-sonli umumiy o'rta ta'lim maktabi
40.986755,68.83468,8-sonli umumiy o'rta ta'lim maktabi
40.95291,68.73615,23-sonli umumiy o'rta ta'lim maktabi
41.05047,68.89567,25-sonli umumiy o'rta ta'lim maktabi
41.045677,68.80298,47-sonli umumiy o'rta ta'lim maktabi
40.914738,68.7291,21-sonli umumiy o'rta ta'lim maktabi
40.973137,68.84623,15-sonli umumiy o'rta ta'lim maktabi
41.032383,68.93013,36-sonli umumiy o'rta ta'lim maktabi
40.952145,68.75808,45-sonli umumiy o'rta ta'lim maktabi
40.960995,68.86369,42-sonli umumiy o'rta ta'lim maktabi
40.92645263671875,68.8238525390625,"4-INTERNAT,Chinoz,Tashkent"
41.32836,69.53997,3-sonli umumiy o'rta ta'lim maktabi
41.336773,69.52144,7-sonli umumiy o'rta ta'lim maktabi
41.311638,69.51133,5-sonli umumiy o'rta ta'lim maktabi
41.310143,69.52878,8-sonli umumiy o'rta ta'lim maktabi
41.206547,69.450775,9-sonli umumiy o'rta ta'lim maktabi
41.31116,69.47335,6-sonli umumiy o'rta ta'lim maktabi
41.311867,69.53891,10-sonli umumiy o'rta ta'lim maktabi
41.123234,69.47638,12-sonli umumiy o'rta ta'lim maktabi
41.27575,69.510445,11-sonli umumiy o'rta ta'lim maktabi
41.227524,69.40245,13-sonli umumiy o'rta ta'lim maktabi
41.274906,69.522064,14-sonli umumiy o'rta ta'lim maktabi
41.244057,69.47994,16-sonli umumiy o'rta ta'lim maktabi
41.11239,69.58808,17-sonli umumiy o'rta ta'lim maktabi
41.278057,69.44678,18-sonli umumiy o'rta ta'lim maktabi
41.25578,69.42922,19-sonli ayrim fanlar chuqur o‘qitiladigan sinflari mavjud umumiy o‘rta ta’lim maktab
41.224407,69.40576,20-  sonli umumiy o`rtab ta`lim maktabi
41.15261,69.56425,22-sonli umumiy o'rta ta'lim maktabi
41.22528,69.50958,26-sonli umumiy o'rta ta'lim maktabi
41.155308,69.614975,29-sonli umumiy o'rta ta'lim maktabi
41.06899,69.27098,49-sonli umumiy o'rta ta'lim maktabi
41.323547,69.44538,31-sonli umumiy o'rta ta'lim maktabi
41.225433,69.48218,32-sonli umumiy o'rta ta'lim maktabi
41.1854248046875,69.44024658203125,"33,Yuqorichirchiq,Tashkent"
41.328766,69.50457,34-sonli umumiy o'rta ta'lim maktabi
41.18395,69.35546,38-sonli  umumiy o'rta ta'lim maktabi
41.157852,69.35546,39-sonli umumiy o'rta ta'lim maktabi
41.16923,69.50123,40-sonli umumiy o'rta ta'lim maktabi
41.229977,69.37519,23-sonli umumiy o'rta ta'lim maktabi
41.23422,69.49774,25-sonli umumiy o'rta ta'lim maktabi
41.37183,69.52263,28-sonli umumiy o'rta ta'lim maktabi
41.379543,69.55432,35-sonli umumiy o'rta ta'lim maktabi
41.186787,69.42786,36-sonli umumiy o'rta ta'lim maktabi
41.361748,69.53815,27-sonli umumiy o'rta ta'lim maktabi
41.137356,69.35546,24-sonli umumiy o'rta ta'lim maktabi
41.156155,69.57194,21-sonli umumiy o'rta ta'lim maktabi
41.408695,69.563225,1-sonli umumiy o'rta ta'lim maktabi
41.23176,69.4541,2-sonli umumiy o'rta ta'lim maktabi
41.350124,69.552246,4-sonli umumiy o'rta ta'lim maktabi
41.188374,69.45394,15-sonli umumiy o'rta ta'lim maktabi
41.18645,69.453545,41-sonli umumiy o'rta ta'lim maktabi
41.074318,69.02926,1-sonli umumiy o'rta ta'lim maktabi
41.18179,69.11048,2-sonli umumiy o'rta ta'lim maktabi
41.128708,68.85185,9-sonli umumiy o'rta ta'lim maktabi
41.093967,69.08685,14-sonli umumiy o'rta ta'lim maktabi
41.14895,69.11017,15-sonli umumiy o'rta ta'lim maktabi
41.108578,69.096146,16-sonli umumiy o'rta ta'lim maktabi
41.163944,69.067215,17-sonli umumiy o'rta ta'lim maktabi
41.190453,69.027855,19-sonli umumiy o'rta ta'lim maktabi
41.09169,69.06027,21-sonli umumiy o'rta ta'lim maktabi
41.106773,69.07534,23-sonli umumiy o'rta ta'lim maktabi
41.136116,68.992096,24-sonli umumiy o'rta ta'lim maktabi
41.159,68.95626,26-sonli umumiy o'rta ta'lim maktabi
41.1029,69.08307,27-sonli ayrim fanlar chuqur oʻqitiladigan sinflari mavjud umumiy oʻrta taʼlim maktabi
41.16037,69.010185,28-sonli umumiy o'rta ta'lim maktabi
41.210026,68.99786,29-sonli umumiy o'rta ta'lim maktabi
41.181442,69.227844,333-sonli umumiy o'rta ta'lim maktabi
41.1232,68.93486,42-sonli umumiy o'rta ta'lim maktabi
41.117123,69.154015,43-sonli umumiy o'rta ta'lim maktabi
41.047874,68.982834,46-sonli umumiy o'rta ta'lim maktabi
41.03831,69.02918,48-sonli umumiy o'rta ta'lim maktabi
41.09331130981445,68.9717788696289,"50,Yangiyul,Tashkent"
41.081406,68.94611,51-sonli umumiy o'rta ta'lim maktabi
41.157436,68.90822,39-sonli umumiy o'rta ta'lim maktabi
41.003,69.00207,41-сонли умумий ўрта таълим мактаби
41.10793,68.92494,33-sonli umumiy o'rta ta'lim maktabi
41.052418,69.03949,47-sonli umumiy o'rta ta'lim maktabi
41.093372,68.97153,52-sonli umumiy o'rta ta'lim maktabi
41.120815,69.01328,22-sonli umumiy o'rta ta'lim maktabi
41.17012,69.09019,5-sonli umumiy o'rta ta'lim maktabi
41.109802,68.97821,20-sonli umumiy o'rta ta'lim maktabi
41.14345,69.138756,12-sonli umumiy o'rta ta'lim maktabi
41.091473,69.030914,44-sonli umumiy o'rta ta'lim maktabi
41.020267,68.976265,49-sonli umumiy o'rta ta'lim maktabi
41.108624,68.87236,54-sonli umumiy o'rta ta'lim maktabi
41.207462,69.10676,6-sonli umumiy o'rta ta'lim maktabi
41.16946,69.05437,4-sonli umumiy o'rta ta'lim maktabi
41.190464,69.12672,23--sonli umumiy o'rta ta'lim maktabi
41.06986,69.04523,37-sonli umumiy o'rta ta'lim maktabi
41.12707,69.04289,18-sonli umumiy o'rta ta'lim maktabi
41.159245,69.11429,10-sonli ayrim fanlar chuqur o‘qitiladigan sinflari mavjud umumiy o‘rta ta’lim maktabi
41.14489,69.16707,30-sonli umumiy o'rta ta'lim maktabi
41.08138,69.04571,34-sonli umumiy o'rta ta'lim maktabi
41.161064,69.10834,57-sonli umumiy o'rta ta'lim maktabi
41.162308,69.18798,11-sonli umumiy o'rta ta'lim maktabi
41.086273,68.886635,32-sonli umumiy o'rta ta'lim maktabi
41.044693,68.961945,8-sonli umumiy o'rta ta'lim maktabi
41.151558,69.01928,56-sonli umumiy o'rta ta'lim maktabi
41.152462,68.97444,55-sonli umumiy o'rta ta'lim maktabi
41.095848,69.00039,31-sonli umumiy o'rta ta'lim maktabi
41.108784,68.963295,53-sonli umumiy o'rta ta'lim maktabi
41.17897,69.07143,3-sonli umumiy o'rta ta'lim maktabi
41.1406,69.02576,25-sonli umumiy o'rta ta'lim maktabi
41.081585,69.024956,45-sonli umumiy o'rta ta'lim maktabi
41.102566,69.09254,13-umumiy o'rta ta'lim maktabi
41.145985,69.092155,13-sonli umumiy o'rta ta'lim maktabi
41.233643,69.33899,289-sonli ixtisoslashtirilgan davlat umumta’lim maktabi
41.233868,69.3507,290-sonli umumiy o'rta ta'lim maktabi
41.253242,69.22359,291-sonli ixtisoslashtirilgan davlat umumta’lim maktabi
41.253242,69.376625,293-sonli umumiy o'rta ta'lim maktabi
41.250496,69.304924,31-sonli umumiy o'rta ta'lim maktabi
41.277252,69.29022,56-sonli ixtisoslashtirilgan davlat umumta’lim maktabi
41.28464,69.28976,65-sonli umumiy o'rta ta'lim maktabi
41.28215,69.2728,83-sonli umumiy o'rta ta'lim maktabi
41.29577,69.28089,94-sonli umumiy o'rta ta'lim maktabi
41.30436,69.27139,110-sonli ixtisoslashtirilgan davlat umumta’lim maktabi
41.246815,69.303215,125-sonli umumiy o'rta ta'lim maktabi
41.273853,69.27565,147-sonli umumiy o'rta ta'lim maktabi
41.26863,69.29851,154-sonli umumiy o'rta ta'lim maktabi
41.2746,69.295395,158-sonli umumiy o'rta ta'lim maktabi
41.275715,69.286934,175- umumiy o'rta ta'lim maktabii
41.24302,69.324524,213-sonli umumiy o'rta ta'lim maktabi
41.257263,69.31535,214-sonli umumiy o'rta ta'lim maktabi
41.24662,69.31452,218-sonli ixtisoslashtirilgan davlat umumta’lim maktabi
41.25054,69.30908,263-sonli umumiy o'rta ta'lim maktabi
41.281815,69.28987,294-sonli ixtisoslashtirilgan davlat umumta’lim maktabi
41.293354,69.27121,328-sonli umumiy o'rta ta'lim maktabi
41.29693,69.27769,Gyote nomidagi 60-sonli nemis tilini chuqurlashtirib o‘rgatishga ixtisoslashtirilgan davlat  umumta’lim maktabi
41.236541748046875,69.23541259765625,"60,Tashkent,Mirobod"
41.31732,69.29862,18-sonli umumiy o'rta ta'lim maktabi
41.341583,69.33356,27-sonli umumiy o'rta ta'lim maktabi
41.3598,69.38953,35-sonli umumiy o'rta ta'lim maktabi
41.34838,69.351715,49-sonli umumiy o'rta ta'lim maktabi
41.31375,69.28288,50-sonli ixtisoslashtirilgan davlat umumta’lim maktabi
41.403812,69.45727,54-sonli umumiy o'rta ta'lim maktabi
41.31109,69.29276,64-sonli umumiy o'rta ta'lim maktabi
41.323418,69.31796,71-sonli umumiy o'rta ta'lim maktabi
41.320213,69.34735,112-sonli xorijiy tillarni chuqur o'qitishga ixtisoslashtirilgan umumta'lim maktabi
41.33121,69.37259,121-sonli umumiy o'rta ta'lim maktabi
41.32563,69.302986,142-sonli ixtisoslashtirilgan davlat umumta’lim maktabi
41.31795,69.32198,148-sonli umumiy o'rta ta'lim maktabi
41.349197,69.343124,187-sonli umumiy o'rta ta'lim maktabi
41.34646,69.36613,207-sonli umumiy o'rta ta'lim maktabi
41.335323,69.36037,208-sonli umumiy o'rta ta'lim maktabi
41.33685,69.37317,209-sonli umumiy o'rta ta'lim maktabi
41.359463,69.39224,210-sonli umumiy o'rta ta'lim maktabi
41.354614,69.38813,211-sonli umumiy o'rta ta'lim maktabi
41.321945,69.35527,222-sonli umumiy o'rta ta'lim maktabi
41.358463,69.36216,223-sonli ixtisoslashtirilgan davlat umumta’lim maktabi
41.331047,69.327545,225-sonli umumiy o'rta ta'lim maktabi
41.354763,69.38329,248-sonli umumiy o'rta ta'lim maktabi
41.348396,69.38626,256-sonli umumiy o'rta ta'lim maktabi
41.342255,69.38874,279-sonli umumiy o'rta ta'lim maktabi
41.412342,69.46732,286-sonli ixtisoslashtirilgan davlat umumta’lim maktabi
41.337074,69.37404,308-sonli umumiy o'rta ta'lim maktabi
41.33566665649414,69.3532485961914,"338,Tashkent,M.Ulug'bek"
41.34360885620117,69.3619384765625,"343,Tashkent,M.Ulug'bek"
41.339573,69.232445,11-sonli umumiy o'rta ta'lim maktabi
41.36863,69.201324,15-sonli umumiy o'rta ta'lim maktabi
41.372723,69.238174,16-sonli umumiy o'rta ta'lim maktabi
41.335846,69.24762,22-sonli ixtisoslashtirilgan davlat umumta’lim maktabi
41.33592,69.233444,24-sonli ixtisoslashtirilgan davlat umumta’lim maktabi
41.27407,69.22173,28-sonli ixtisoslashtirilgan davlat umumta’lim maktabi
41.358257,69.18383,29-sonli ixtisoslashtirilgan davlat umumta’lim maktabi
41.33616,69.218605,46-sonli umumiy o'rta ta'lim maktabi
41.3392333984375,69.22322845458984,"28,Tashkent,Olmazor"
41.341763,69.24999,119-sonli umumiy o'rta ta'lim maktabi
41.354786,69.23793,133-sonli ixtisoslashtirilgan davlat umumta’lim maktabi
41.368538,69.19868,134-sonli umumiy o'rta ta'lim maktabi
41.33699,69.24917,146-sonli umumiy o'rta ta'lim maktabi
41.346424,69.24525,159-sonli umumiy o'rta ta'lim maktabi
41.363956,69.23158,165-sonli umumiy o'rta ta'lim maktabi
41.352795,69.2326,185-sonli umumiy o'rta ta'lim maktabi
41.35977,69.221214,191-sonli umumiy o'rta ta'lim maktabi
41.359943,69.22003,196-sonli umumiy o'rta ta'lim maktabi
41.369846,69.21877,219-sonli umumiy o'rta ta'lim maktabi
41.34493,69.22287,224-sonli umumiy o'rta ta'lim maktabi
41.35767,69.23353,233-sonli umumiy o'rta ta'lim maktabi
41.369698,69.208694,234-sonli umumiy o'rta ta'lim maktabi
41.37009,69.21076,242-sonli umumiy o'rta ta'lim maktabi
41.34291,69.2076,243-sonli umumiy o'rta ta'lim maktabi
41.35556,69.191376,249-sonli umumiy o'rta ta'lim maktabi
41.35289,69.18481,261-sonli umumiy o'rta ta'lim maktabi
41.365467,69.19156,278-sonli umumiy o'rta ta'lim maktabi
41.33226,69.22387,298-sonli umumiy o'rta ta'lim maktabi
41.384613,69.21991,315-sonli umumiy o'rta ta'lim maktabi
41.355732,69.21844,326-sonli ixtisoslashtirilgan davlat umumta’lim maktabi
41.343101501464844,69.2507095336914,"298,Tashkent,Olmazor"
41.363983154296875,69.19308471679688,"315,Tashkent,Olmazor"
41.363182067871094,69.19750213623047,"326,Tashkent,Olmazor"
41.34463882446289,69.2171630859375,"36,Tashkent,Olmazor"
41.335357666015625,69.24839782714844,"102-MM,Tashkent,Olmazor"
41.222343,69.216934,301-sonli umumiy o'rta ta'lim maktabi
41.217518,69.264336,305-sonli umumiy o'rta ta'lim maktabi
41.210087,69.22444,6-sonli ixtisoslashtirilgan davlat umumta’lim maktabi
41.21282,69.23337,7-sonli umumiy o'rta ta'lim maktabi
41.218853,69.215805,317-sonli ixtisoslashtirilgan davlat umumta’lim maktabi
41.226574,69.21137,322-sonli umumiy o'rta ta'lim maktabi
41.228672,69.20947,55 - sonli umumiy o'rta ta'lim maktabi
41.211464,69.23195,68-sonli umumiy o'rta ta'lim maktabi
41.231953,69.20138,76-sonli umumiy o'rta ta'lim maktabi
41.216953,69.2414,104-sonli umumiy o'rta ta'lim maktabi
41.259575,69.256836,237-sonli umumiy o'rta ta'lim maktabi
41.200954,69.25057,264-sonli umumiy o'rta ta'lim maktabi
41.247597,69.29112,266-sonli umumiy o'rta ta'lim maktabi
41.247334,69.22485,267-sonli umumiy o'rta ta'lim maktabi
41.247242,69.284836,268-sonli umumiy o'rta ta'lim maktabi
41.246635,69.25727,269-sonli umumiy o'rta ta'lim maktabi
41.247585,69.28818,277-sonli ixtisoslashtirilgan davlat umumta’lim maktabi
41.220997,69.21744,284-sonli umumiy o'rta ta'lim maktabi
41.20769500732422,69.2248764038086,"269,Tashkent,Sergeli"
41.221893,69.21418,300-sonli ixtisoslashtirilgan davlat umumta’lim maktabi
41.21761703491211,69.21863555908203,"284,Tashkent,Sergeli"
41.21112060546875,69.19886016845703,"2,Tashkent,Yashnobod"
41.315926,69.18068,4-sonli umumiy o'rta ta'lim maktabi
41.291416,69.15828,14-sonli ixtisoslashtirilgan davlat umumta’lim maktabi
41.31516,69.17394,38-sonli umumiy o'rta ta'lim maktabi
41.286568,69.17678,44-sonli umumiy o'rta ta'lim maktabi
41.293602,69.18921,62-sonli umumiy o'rta ta'lim maktabi
41.27943,69.186806,74-sonli umumiy o'rta ta'lim maktabi
41.32106,69.17344,75-sonli umumiy o'rta ta'lim maktabi
41.28341,69.170586,78-sonli umumiy o'rta ta'lim maktabi
41.3068,69.186905,81-sonli ixtisoslashtirilgan davlat umumta’lim maktabi
41.32325,69.18023,106-sonli umumiy o'rta ta'lim maktabi
41.27673,69.17396,107-sonli ixtisoslashtirilgan davlat umumta’lim maktabi
41.32483,69.16861,109-sonli umumiy o'rta ta'lim maktabi
41.31534,69.16044,116-sonli ixtisoslashtirilgan davlat umumta’lim maktabi
41.30442,69.15536,123-sonli umumiy o'rta ta'lim maktabi
41.307846,69.16782,129-sonli umumiy o'rta ta'lim maktabi
41.298553,69.164536,193-sonli ixtisoslashtirilgan davlat umumta’lim maktabi
41.28219,69.163925,194-sonli umumiy o'rta ta'lim maktabi
41.297195,69.15958,197-sonli umumiy o'rta ta'lim maktabi
41.26898,69.15552,203-sonli umumiy o'rta ta'lim maktabi
41.29559,69.180786,228-sonli umumiy o'rta ta'lim maktabi
41.28922,69.17671,229-sonli umumiy o'rta ta'lim maktabi
41.322178,69.161415,236-sonli umumiy o'rta ta'lim maktabi maktabi
41.292587,69.17033,238-sonli umumiy o'rta ta'lim maktabi
41.317547,69.1647,245-sonli umumiy o'rta ta'lim maktabi
41.272392,69.14115,251-sonli umumiy o'rta ta'lim maktabi
41.280033,69.18547,283-sonli umumiy o'rta ta'lim maktabi
41.277786,69.16294,287-sonli umumiy o'rta ta'lim maktabi
41.265396,69.15001,295-sonli umumiy o'rta ta'lim maktabi
41.26845,69.15556,296-sonli umumiy o'rta ta'lim maktabi
41.281902,69.13887,297-sonli umumiy o'rta ta'lim maktabi
41.2913,69.14477,312-sonli umumiy o'rta ta'lim maktabi
41.296382904052734,69.12488555908203,"245,Tashkent,Uchtepa"
41.294655,69.21288,79-sonli umumiy o'rta ta'lim maktabi
41.310055,69.24446,90-sonli umumiy o'rta ta'lim maktabi
41.268177,69.18397,101-sonli umumiy o'rta ta'lim maktabi
41.28286,69.226776,103-sonli ixtisoslashtirilgan davlat umumta’lim maktabi
41.266087,69.19431,114-sonli umumiy o'rta ta'lim maktabi
41.260014,69.15461,126-sonli umumiy o'rta ta'lim maktabi
41.299152,69.22779,128-sonli umumiy o'rta ta'lim maktabi
41.26754,69.204124,131-sonli ixtisoslashtirilgan davlat umumta’lim maktabi
41.276184,69.21792,138-sonli umumiy o'rta ta'lim maktabi
41.285313,69.22226,162-sonli umumiy o'rta ta'lim maktabi
41.278477,69.22266,163-sonli umumiy o'rta ta'lim maktabi
41.2747,69.2003,164-sonli umumiy o'rta ta'lim maktabi
41.28697,69.22492,168-sonli umumiy o'rta ta'lim maktabi
41.293198,69.2206,173-sonli umumiy o'rta ta'lim maktabi
41.28812,69.21303,178-sonli ixtisoslashtirilgan davlat umumta’lim maktabi
41.295403,69.20783,179-sonli umumiy o'rta ta'lim maktabi
41.288647,69.21332,182-sonli umumiy o'rta ta'lim maktabi
41.29181,69.203995,183-sonli umumiy o'rta ta'lim maktabi
41.2849,69.2016,184-sonli umumiy o'rta ta'lim maktabi
41.264053,69.21191,188-sonli umumiy o'rta ta'lim maktabi
41.2747,69.2003,195-sonli ixtisoslashtirilgan davlat umumta’lim maktabi
41.283424,69.19629,181-sonli umumiy o'rta ta'lim maktabi
41.263123,69.183266,200-sonli ixtisoslashtirilgan davlat umumta’lim maktabi
41.251457,69.20218,201-sonli umumiy o'rta ta'lim maktabi
41.262936,69.183426,202-sonli umumiy o'rta ta'lim maktabi
41.268135,69.17485,217-sonli umumiy o'rta ta'lim maktabi
41.26167,69.21175,232-sonli umumiy o'rta ta'lim maktabi
41.238205,69.17231,270-sonli umumiy o'rta ta'lim maktabi
41.261326,69.15739,280-sonli umumiy o'rta ta'lim maktabi
41.266323,69.16323,281-sonli umumiy o'rta ta'lim maktabi
41.259445,69.20327,357-sonli umumiy o'rta ta'lim maktabi
41.28595733642578,69.2288818359375,"201,Tashkent,Chilonzor"
41.31621,69.19792,10-sonli umumiy o'rta ta'lim maktabi
41.309395,69.220795,13-sonli umumiy o'rta ta'lim maktabi
41.32703,69.2578,19-sonli umumiy o'rta ta'lim maktabi
41.339386,69.26367,20-sonli umumiy o'rta ta'lim maktabi
41.30874,69.235115,34-sonli umumiy o'rta ta'lim maktabi
41.335266,69.199165,39-sonli umumiy o'rta ta'lim maktabi
41.32349,69.206924,40-sonli umumiy o'rta ta'lim maktabi
41.326633,69.22608,41-sonli umumiy o'rta ta'lim maktabi
41.326145,69.243645,42-sonli umumiy o'rta ta'lim maktabi
41.313465,69.23246,45-sonli umumiy o'rta ta'lim maktabi
41.322834,69.24758,59-sonli xitoy va koreys tillarini chuqurlashtirib o'qitishga ixtisoslashtirilgan davlat umumta'lim maktabiat umumta'lim maktabi
41.32009,69.22903,82-sonli umumiy o'rta ta'lim maktabi
41.308407,69.23611,84-sonli umumiy o'rta ta'lim maktabi
41.313183,69.22776,85-sonli umumiy o'rta ta'lim maktabi
41.333584,69.20504,92-sonli umumiy o'rta ta'lim maktabi
41.329666,69.22068,102-sonli ixtisoslashtirilgan davlat umumta’lim maktabi
41.330547,69.20296,113-sonli umumiy o'rta ta'lim maktabi
41.32633,69.26081,115-sonli umumiy o'rta ta'lim maktabi
41.331333,69.214134,132 - sonli umumiy o'rta ta'lim maktabi
41.312565,69.19818,136 - sonli umumiy o'rta ta'lim maktabi
41.315647,69.20885,141 - sonli umumiy o'rta ta'lim maktabi
41.30549,69.211845,157 - sonli umumiy o'rta ta'lim maktabi
41.316456,69.20692,167 - sonli umumiy o'rta ta'lim maktabi
41.341755,69.20042,169 - sonli umumiy o'rta ta'lim maktabi
41.30315,69.2071,180 - sonli ixtisoslashtirilgan davlat umumta'lim maktabi
41.31376,69.2033,186 - sonli umumiy o'rta ta'lim maktabi
41.32648,69.19909,192 - sonli umumiy o'rta ta'lim maktabi
41.3029,69.21689,254 - sonli umumiy o'rta ta'lim maktabi
41.33317,69.16836,262 - sonli umumiy o'rta ta'lim maktabi
41.33796,69.1705,276 - sonli ixtisoslashtirilgan davlat umumta'lim maktabi
41.339527,69.179115,299 - sonli umumiy o'rta ta'lim maktabi
41.345753,69.175514,314 - sonli umumiy o'rta ta'lim maktabi
41.34261,69.16906,316 - sonli umumiy o'rta ta'lim maktabi
41.33977,69.18095,320-sonli umumiy o'rta ta'lim maktabi
41.31782,69.23437,324-sonli umumiy o'rta ta'lim maktabi
41.323585510253906,69.25658416748047,"254,Tashkent,Shaykhontohur"
41.319878,69.27702,5-sonli umumiy o‘rta ta`lim maktabi
41.330204,69.27841,9-sonli ixtisoslashtirilgan davlat umumta'lim maktabi
41.3696,69.2995,12-sonli umumiy o'rta ta'lim maktabi
41.31843,69.288605,17-sonli ixtisoslashtirilgan davlat umumta'lim maktabi
41.423317,69.30391,21-sonli umumiy o`rta ta`lim maktabi
41.32581,69.28802,43-sonli umumiy o`rta ta`lim maktabi
41.329254,69.28806,51-sonli ixtisoslashtirilgan davlat umumta'lim maktabi
41.3591,69.2836,53-sonli umumiy o`rta ta`lim maktabi
41.354877,69.30171,58-sonli umumiy o'rta ta'lim maktabi
41.3524,69.28613,63-sonli umumiy o`rta ta`lim maktabi
41.33588,69.28568,70-sonli umumiy o`rta ta`lim maktabi
41.38084,69.2735,72-sonli umumiy o‘rta ta'lim maktabi
41.324783,69.27888,80-sonli umumiy o`rta ta`lim maktabi
41.370228,69.2685,86-sonli umumiy o`rta ta`lim maktabi
41.348415,69.27417,96-sonli umumiy o`rta ta`lim maktabi
41.37919,69.304955,97-sonli umumiy o`rta ta`lim maktabi
41.353596,69.33504,98-sonli umumiy o`rta ta`lim maktabi
41.343502,69.30107,105-sonli umumiy o`rta ta`lim maktabi
41.351967,69.298355,117-sonli umumiy o`rta ta`lim maktabi
41.365963,69.31092,122-sonli umumiy o`rta ta`lim maktabi
41.349327,69.26646,150-sonli umumiy o`rta ta`lim maktabi
41.365196,69.276375,220-sonli umumiy o`rta ta`lim maktabi
41.3706,69.28365,235-sonli umumiy o`rta ta`lim maktabi
41.369713,69.28965,240-sonli umumiy o`rta ta`lim maktabi
41.367344,69.297714,246-sonli umumiy o`rta ta`lim maktabi
41.378128,69.30197,247-sonli umumiy o`rta ta`lim maktabi
41.37025,69.30641,250-ixtisoslashtirilgan davlat umumta'lim maktabi
41.375633,69.316124,257-sonli umumiy o`rta ta`lim maktabi
41.37472,69.31513,258-sonli umumiy o`rta ta`lim maktabi
41.377243,69.277374,259-sonli umumiy o`rta ta`lim maktabi
41.372486,69.28061,260-sonli umumiy o`rta ta`lim maktabi
41.379173,69.28472,265-sonli umumiy o`rta ta`lim maktabi
41.375854,69.28659,271-sonli umumiy o‘rta ta'lim maktabi
41.357533,69.28954,272-sonli umumiy o`rta ta`lim maktabi
41.37927,69.30388,273-sonli umumiy o`rta ta`lim maktabi
41.366985,69.324005,274-sonli umumiy o`rta ta`lim maktabi
41.369297,69.31889,288-sonli umumiy o`rta ta`lim maktabi
41.363926,69.27881,302-sonli umumiy o`rta ta`lim maktabi
41.391537,69.252815,313-sonli umumiy o`rta ta`lim maktabi
41.37762,69.26291,327-sonli umumiy o'rta ta'lim tarmoq maktabi
41.357346,69.32651,88-sonli umumiy o`rta ta`lim maktabi
41.358394622802734,69.2829360961914,"272,Tashkent,Yunusobod"
41.269497,69.2347,26-sonli umumiy o'rta ta'lim maktabi
41.274036,69.26331,48-sonli umumta'lim maktabi
41.29398,69.24942,73-sonli umumiy o'rta ta'lim tarmoq maktabi
41.28536,69.2514,89-sonli umumiy o'rta ta'lim maktabi
41.29909,69.25785,91-sonli ixtisoslashtrilgan davlat umumiy o'rta talim maktabi
41.273567,69.22997,100-sonli umumiy o'rta ta'lim maktabi
41.28815,69.26018,118-sonli umumiy o'rta ta'lim maktabi
41.268696,69.25004,127-sonli umumiy o'rta ta'lim maktabi
41.289173,69.24714,135-sonli umumiy o'rta ta'lim maktabi
41.281986,69.23656,144-sonli umumiy o'rta ta'lim maktabi
41.291733,69.26227,160-sonli ixtisoslashtirilgan davlat umumiy o'rta ta'lim maktabi
41.26164,69.22652,172-sonli umumiy o'rta ta'lim maktabi
41.267063,69.23752,319-sonli ixtisoslashtirilgan davlat umumta'lim maktabi
41.274506,69.26303,321-sonli umumiy o'rta ta'lim maktabi
41.26931381225586,69.23461151123047,"118,Tashkent,Yakkasaroy"
41.282047,69.367386,23-sonli umumiy o'rta ta'lim maktabi
41.289852,69.31865,30-sonli umumiy o'rta ta'lim maktabi
41.28609,69.35582,61-sonli umumiy o'rta ta'lim maktabi
41.27531,69.34497,67-sonli umumiy o'rta ta'lim maktabi
41.317383,69.31401,69-sonli umumiy o'rta ta'lim maktabi
41.303913,69.287575,145-sonli umumiy o'rta ta'lim maktabi
41.282562,69.34405,149-sonli umumiy o'rta ta'lim maktabi
41.2811,69.34694,151-sonli umumiy o'rta ta'lim maktabi
41.298565,69.3595,152-sonli umumiy o'rta ta'lim maktabi
41.29195,69.32972,153-sonli umumiy o'rta ta'lim maktabi
41.2867,69.32642,155-sonli umumiy o'rta ta'lim maktabi
41.266895,69.31699,156-sonli umumiy o'rta ta'lim maktabi
41.301044,69.30957,161-sonli umumiy o'rta ta'lim maktabi
41.29435,69.341774,166-sonli umumiy o'rta ta'lim maktabi
41.269146,69.317924,170-sonli umumiy o'rta ta'lim maktabi
41.271687,69.349884,198-sonli umumiy o'rta ta'lim maktabi
41.29465,69.34472,204-sonli umumiy o'rta ta'lim maktabi
41.253128,69.34005,206-sonli umumiy o'rta ta'lim maktabi
41.253647,69.34691,212-sonli umumiy o'rta ta'lim maktabi
41.24528,69.33151,215-sonli umumiy o'rta ta'lim maktabi
41.259396,69.320625,216-sonli umumiy o'rta ta'lim maktabi
41.28588,69.34251,226-sonli umumiy o'rta ta'lim maktabi
41.276096,69.35425,227-sonli ixtisoslashtirilgan davlat umumta’lim maktabi
41.266,69.35503,230-sonli umumiy o'rta ta'lim maktabi
41.276947,69.31262,231-sonli umumiy o'rta ta'lim maktabi
41.293877,69.34653,244-sonli umumiy o'rta ta'lim maktabi
41.29208,69.36278,255-sonli umumiy o'rta ta'lim maktabi
41.293514,69.36622,282-sonli umumiy o'rta ta'lim maktabi
41.310272,69.32339,307-sonli ixtisoslashtirilgan davlat umumta’lim maktabi
41.27912139892578,69.30875396728516,"226,Tashkent,Yashnobod"
41.28579330444336,69.33997344970703,"227,Tashkent,Yashnobod"
41.316287994384766,69.31391143798828,"230,Tashkent,Yashnobod"
41.199837,69.22257,2-sonli umumiy o’rta ta’lim maktabi
41.19818,69.21815,3-sonli umumiy o’rta ta’lim maktabi
41.207375,69.21608,8-sonli umumiy o'rta ta'lim maktabi
41.235588,69.19081,32-sonli umumiy o’rta ta’lim maktabi
41.198246,69.209915,285-sonli umumiy o’rta ta’lim maktabi
41.177376,69.247,292-sonli umumiy o’rta ta’lim maktabi
41.224064,69.18334,303-sonli ixtisoslashtirilgan davlat umumta'lim maktabi
41.19529,69.2115,304-sonli umumiy o'rta ta'lim maktab
41.222702,69.20354,Янгиҳаёт тумани мактабгача ва мактаб таълими бўлими тасарруфидаги 329-сонли умумий ўрта таълим мактаби
41.223946,69.20345,330-sonli umumiy o’rta ta’lim maktabi
41.211246,69.199,331-sonli umumiy o'rta ta'lim maktabi
41.17358,69.29476,335-sonli umumiy o`rta ta'lim maktabi
41.187336,69.27654,336-sonli umumiy o`rta ta'lim maktabi
40.955486,72.47073,18-sonli umumiy o'rta ta'lim maktabi
39.942917,67.58832,61-sonli umumiy o'rta ta'lim maktabi
39.31468,66.68358,96-sonli umumiy o'rta ta'lim maktabi
39.396294,67.30641,69-umumiy o‘rta ta’lim maktabi
40.992332,71.66321,18-sonli umumiy o'rta ta'lim maktabi
40.641422,72.24888,52-sonli umumiy o'rta ta'lim maktabi
40.57231,72.16217,53-sonli umumiy o'rta ta'lim maktabi
40.61487,72.21731,55-sonli umumiy o'rta ta'lim maktabi
40.68782,72.182,56-sonli umumiy o'rta ta'lim maktabi
40.6462,72.23607,Asaka tumani 57-sonli umumiy o'rta ta'lim maktabi
40.65,72.23139,34-sonli ayrim fanlar chuqur o`qitiladigan sinflari mavjud umumiy o`rta ta`lim maktabi
40.892597,71.78565,3-sonli umumiy o'rta ta'lim maktabi
40.907967,71.84489,38-sonli ayrim fanlar chuqur o'rganiladigan davlat ixtisoslashtirilgan maktab-internati
40.63547,72.37372,11-sonli umumiy o'rta ta'lim maktabi
40.95884,72.257935,31-sonli umumiy o'rta ta'lim maktabi
40.759968,71.64875,25-sonli umumiy o'rta ta'lim maktabi
40.93543,72.45028,7-sonli umumiy o'rta ta'lim maktabi
40.956226,72.43648,21-sonli ayrim fanlar chuqur o‘qitiladigan sinflari mavjud umumiy o‘rta ta’lim maktab-internat
40.929047,72.51618,32-sonli ayrim fanlar chuqur o‘qitiladigan sinflari mavjud umumiy o‘rta ta’lim maktabi
40.658752,72.13873,30-sonli umumiy o'rta ta'lim maktabi
40.62419,72.08787,34-sonli umumiy o'rta ta'lim maktabi
40.615406,72.17861,69-sonli umumiy o'rta ta'lim maktabi
40.71939,72.09053,70-sonli umumiy o'rta ta'lim maktabi
40.72267,72.03399,71-sonli umumiy o'rta ta'lim maktabi
40.70956,72.47488,74-sonli ixtisoslashtirilgan davlat umumta’lim maktabi
40.73994,71.94073,Bo`ston tumani 12-sonli umumiy o'rta ta'lim maktabi
40.67769,71.99341,26- boshlang`ich ta`lim maktabi
39.799156188964844,64.5416030883789,"3-IDUMI,Kogon,Bukhara"
39.541073,63.70213,25-umumiy o'rta ta'lim maktabi
39.447887,63.80238,35-сонли умумий ўрта таълим мактаби
40.0871,64.52847,37-сонли умумий ўрта таълим мактаби
39.789665,64.41574,45- umumiy o'rta ta'lim maktabi
39.77117156982422,64.45807647705078,"24-MMI,Bukhara,Bukhara"
39.73979949951172,67.57316589355469,"78,Bakhmal,Jizzakh"
39.72764,68.02679,82-sonli umumiy o'rta ta'lim maktabi
39.97271,67.623535,53-sonli umumiy o'rta ta'lim maktabi
40.195,67.74494,2-sonli umumiy o'rta ta'lim maktabi
40.17522,67.965836,26-sonli umumiy o'rta ta'lim maktabi
39.88686,68.797,1-sonli umumiy o'rta ta'lim maktabi
39.925697,68.795204,2-sonli umumiy o'rta ta'lim maktabi
39.900776,68.87227,3-sonli umumiy o'rta ta'lim maktabi
39.86572,68.69237,5-sonli umumiy o'rta ta'lim maktabi
39.9079,68.88955,7-sonli umumiy o'rta ta'lim maktabi
40.10881,68.83998,9-sonli umumiy o'rta ta'lim maktabi
40.09899,68.92752,11-sonli umumiy o'rta ta'lim maktabi
39.88334,68.87695,13-sonli umumiy o'rta ta'lim maktabi
39.893623,68.72959,14-sonli umumiy o'rta ta'lim maktabi
39.927265,68.86478,15-sonli umumiy o'rta ta'lim maktabi
40.04152,68.62609,16-sonli umumiy o'rta ta'lim maktabi
40.07076,68.89632,17-sonli umumiy o'rta ta'lim maktabi
40.146820068359375,67.82206726074219,"КО-ZKBUIMI,Jizzakh,Jizzakh"
40.14989471435547,67.82379150390625,"UMID,Jizzakh,Jizzakh"
40.29225,71.99094,1-sonli ayrim fanlar chuqur o'qitiladigan sinflari mavjud umumiy o'rta ta'lim maktabi
40.484615,71.30444,57-sonli umumiy o'rta ta'lim maktabi
40.472435,70.65203,53-sonli umumiy o'rta ta'lim maktabi
40.4458,70.49184,57-sonli umumiy o'rta ta'lim maktabi
40.45692443847656,70.52339935302734,"58,Besharyk,Ferghana"
40.68844,70.925316,24-sonli umumiy o'rta ta'lim maktabi
40.55009,71.76907,47-sonli umumiy o'rta ta'lim maktabi
39.94533,71.20262,11-sonli umumiy o'rta ta'lim maktabi
40.32377,71.77236,62-sonli umumiy o'rta ta'lim maktabi
40.38345718383789,70.83568572998047,"72,Uzbekistan,Ferghana"
40.543102,71.150375,Филологияга ихтисослаштирилган давла умумтаьлим мактаби
39.02326,65.078995,41-sonli umumiy o'rta ta'lim maktabi
38.87075,65.21731,42-sonli umumiy o'rta ta'lim maktabi
38.325367,66.60161,97-sonli umumiy o'rta ta'lim maktabi
38.395058,66.96636,98-sonli umumiy o'rta ta'lim maktabi
38.446884,67.061676,99-sonli umumiy o'rta ta'lim maktabi
38.598343,67.113434,100-sonli umumiy o'rta ta'lim maktabi
39.189556,67.16603,93-sonli umumiy o'rta ta'lim maktabi
39.09011,65.61767,74-sonli umumiy o'rta ta'lim maktabi
38.478645,65.5692,42-sonli umumiy o'rta ta'lim maktabi
38.4434,65.54387,41-sonli umumiy o'rta ta'lim maktabi
39.06777,66.85163,21-sonli umumiy o'rta ta'lim maktabi
39.061558,66.82018,24-sonli umumiy o'rta ta'lim maktabi
39.019337,66.54798,5-sonli umumiy o'rta ta'lim maktabi
39.063866,66.50733,106-sonli umumiy o'rta ta'lim maktabi
39.256596,66.296875,32-sonli umumiy o'rta ta'lim maktabi
39.23118,66.37969,107-сонли умумий ўрта таълим мактаби
39.249153,66.54404,108-sonli umumiy o'rta ta'lim maktabi
39.341026,66.45439,111-sonli umumiy o'rta ta'lim maktabi
39.20088,66.451546,112-sonli umumiy o'rta ta'lim maktabi
39.21542,66.23491,4-sonli umumiy o'rta ta'lim maktabi
39.38586,66.24615,49-sonli umumiy o'rta ta'lim maktabi
39.35767,66.2298,50-sonli umumiy o'rta ta'lim maktabi
38.95393,66.01812,96-sonli umumiy o'rta ta'lim maktabi
39.185123,66.604095,113-sonli umumiy o'rta ta'lim maktabi
39.320625,66.67412,114-sonli umumiy o'rta ta'lim maktabi
39.04064,66.579254,56-sonli umumiy o'rta ta'lim maktabi
38.991154,66.52626,61-sonli umumiy o'rta ta'lim maktabi
39.089996,66.47226,115-sonli umumiy o'rta ta'lim maktabi
39.07776,66.57131,116-sonli umumiy o'rta ta'lim maktabi
39.322918,66.36587,117-sonli umumiy o'rta ta'lim maktabi
39.2516,66.47598,118-sonli umumiy o'rta ta'lim maktabi
39.221886,66.47367,119-sonli umumiy o'rta ta'lim maktabi
39.25699,66.53236,120-sonli umumiy o'rta ta'lim maktabi
39.30107,66.49678,121-sonli umumiy o'rta ta'lim maktabi
39.33488,66.366646,122-sonli umumiy o'rta ta'lim maktabi
39.21589,66.27035,2-sonli umumiy o'rta ta'lim maktabi
39.20086,66.0564,16-sonli umumiy o`rta ta`lim maktabi
39.30847,66.10638,64-sonli umumiy o'rta ta'lim maktabi
39.36948,66.16381,51-sonli umumiy o'rta ta'lim maktabi
39.33431,66.33464,39-sonli umumiy o'rta ta'lim maktabi
39.28114,66.27765,22-sonli umumiy o'rta ta'lim maktabi
39.08973,66.06255,97-sonli umumiy o'rta ta'lim maktabi
39.27411,66.09562,65-sonli umumiy o'rta ta'lim maktabi
40.115322,65.37798,A.Navoiy nomidagi IDUM
40.119720458984375,65.3658447265625,"MMI,Navoi,Navoi"
40.1126823425293,65.35421752929688,"MFFIM,Navoi,Navoi"
40.594498,65.5005,1-sonli umumiy o'rta ta'lim maktabi
40.585518,65.48327,2-sonli umumiy o'rta ta'lim maktabi
40.56948,65.48893,3-sonli umumiy o'rta ta'lim maktabi
40.143272399902344,65.33424377441406,"25-MMI,Karmana,Navoi"
40.110153,66.00638,89-sonli umumiy o'rta ta'lim maktabi
40.221268,66.007286,90-sonli umumiy o'rta ta'lim maktabi
40.279316,66.09379,91-sonli umumiy o'rta ta'lim maktabi
41.325478,60.82,18-sonli umumiy o'rta ta'lim maktabi
41.3749,60.95047,41-sonli umumiy o'rta ta'lim maktabi
41.53163,60.35452,1-sonli ayrim fanlar chuqur o'qitiladigan sinflari mavjud umumiy o'rta ta'lim maktab-internati
41.30424,61.115414,25-sonli umumiy o'rta ta'lim maktabi
41.307743,61.1285,37-sonli umumiy o'rta ta'lim maktabi
41.287064,61.15345,51-sonli umumiy o'rta ta'lim maktabi
41.33086,61.004723,52-sonli umumiy o'rta ta'lim maktabi
41.335728,61.090992,53-sonli umumiy o'rta ta'lim maktabi
41.495704650878906,60.81916427612305,"Sanatoriya,Khonqa,Khorezm"
41.480377,60.6092,41-sonli umumiy o'rta ta'lim maktabi
41.381676,60.36335,42-sonli umumiy o'rta ta'lim maktabi
41.65939712524414,60.275489807128906,"XFMMI,Shovot,Khorezm"
41.366371154785156,60.59873962402344,"11-IMI,Yangiariq,Khorezm"
41.265087,61.239918,19-sonli umumiy o'rta ta'lim maktabi
41.195496,61.315315,1-sonli ayrim fanlar chuqur o‘qitiladigan sinflari mavjud umumiy o‘rta ta’lim maktabi
39.631466,66.96673,47-sonli umumiy o'rta ta'lim maktabi
39.718914,66.93635,81-sonli umumiy o'rta ta'lim maktabi
39.670544,66.96507,Samarqand davlat universtiteti huzuridagi aniq va tabiiy fanlarga ixtisoslashtirilgan maktab
39.908028,66.25325,8-sonli umumiy o'rta ta'lim maktabi
40.279666900634766,66.6052017211914,"90-IDUM,Qushrabot,Samarkand"
39.887814,66.76441,54-sonli umumiy o'rta ta'lim maktabi
39.930153,66.89445,100-sonli umumiy o'rta ta'lim maktabi
40.01785,66.91366,101-sonli umumiy o'rta ta'lim maktabi
39.92758,66.87244,102-sonli umumiy o'rta ta'lim maktabi
39.37951,66.96637,90-umumiy o‘rta ta’lim maktabi
39.48001,67.23939,105-umumiy o‘rta ta’lim maktabi
39.45816,67.362915,129 umumiy o‘rta ta'lim maktabi
39.404766,67.10181,145 umumiy o‘rta ta'lim maktabi
39.40602,67.10178,147-umumiy o‘rta ta’lim maktabi
39.470757,67.28955,154-umumiy o‘rta ta’lim maktabi
39.4012,67.30904,155-umumiy o‘rta ta’lim maktabi
42.453793,59.576435,10-sonli umumiy o'rta ta'lim maktabi
42.443222,59.63615,46-sonli ayrim fanlar chuqur o‘qitiladigan sinflari mavjud umumiy o‘rta ta’lim maktabi
42.452335357666016,59.58089828491211,"4-INTERNAT,Nukus,Karakalpakstan"
42.102352,60.08067,87-sonli umumiy o'rta ta'lim maktabi
41.703705,60.78877,8-sonli umumiy o'rta ta'lim maktabi
42.986378,58.86062,45-sonli umumiy o'rta ta'lim maktabi
44.76817,56.20163,56-sonli umumiy o'rta ta'lim maktabi
43.78135681152344,59.032527923583984,"8,Muynak,Karakalpakstan"
43.76034,59.02676,1-sonli ayrim fanlar chuqur o'qitiladigan sinflari mavjud umumiy o'rta ta'lim maktabi
42.39743423461914,59.47500228881836,"3-INTERNAT,Khujayli,Karakalpakstan"
43.055477,59.86576,1-sonli ayrim fanlar chuqur o'qitiladigan sinflari mavjud umumiy o'rta ta'lim maktabi
41.0134,71.74482,100-sonli umumiy o'rta ta'lim maktabi
40.914272,72.10299,14-sonli ayrim fanlar chuqur o‘qitiladigan sinflari mavjud  umumiy o‘rta ta'lim maktabi
40.94707107543945,72.12718200683594,"47-MMI,Naryn,Namangan"
41.079304,71.81385,5-sonli ayrim fanlar chuqur o‘qitiladigan sinflari mavjud maktab-internati
41.053516,71.30595,40-sonli ayrim fanlar chuqur o'qitiladigan sinflari mavjud umumiy o'rta ta'lim maktabi
40.99864,71.23125,7-sonli ayrim fanlar chuqur o'qitiladigan sinflari mavjud maktab internati
41.13776,71.24718,19-sonli ayrim fanlar chuqur o`qitiladigan sinflari mavjud maktab-internati
40.99676,71.61664,33-sonli umumiy o'rta ta'lim  maktabi
40.992542,71.60144,42-sonli umumiy o'rta ta'lim maktabi
40.9991,71.58673,48- sonli umumiy o'rta maktabi
40.995068,71.61122,Davlatobod tumani 49-sonli umumiy o'rta ta'lim maktabi
41.00255,71.60298,52-sonli umumiy o`rta ta`lim maktabii
41.03573,71.58595,53-sonli umumiy oʻrta taʼlim maktabi
41.052586,71.54116,54-sonli umumiy o'rta ta'lim maktabi
41.004436,71.590034,56-sonli umumiy o'rta ta'lim maktabi
41.004566,71.6047,58-sonli ayrim fanlar chuqur oʻqitiladigan sinflari mavjud umumtaʼlim maktabiixtisoslashtirilgan sinflari mavjud umumiy oʻrta taʼlim maktabi
41.01691,71.5872,64-sonli umumiy o'rta ta'lim maktabi
41.02156,71.57083,72-sonli umumiy o'rta ta'lim maktabi
40.983448,71.61925,77- sonli umumiy o'rta ta'lim maktabi
41.0101203918457,71.72869110107422,"78,Davlatobod,Namangan"
40.973743,71.60726,79-sonli umumiy o'rta ta'lim maktabi
40.993042,71.627464,80-sonli ayrim fanlar chuqur o'qitiladigan sinflari mavjud umumta'lim maktabi
40.978485,71.590645,81-sonli umumiy o'rta ta'lim maktabi
40.983597,71.63068,82-sonli umumiy o'rta ta'lim maktabi
41.01606,71.56182,84-sonli umumiy o'rta ta'lim maktabi
40.96158,71.60233,90-sonli umumiy o'rta ta'lim maktabi
40.98841,71.57173,91-sonli umumiy o'rta ta'lim maktabi
40.99663,71.63068,3-sonli ayrim fanlar chuqur o’qitiladigan sinflari mavjud umumiy o`rta ta`lim maktabi
40.98258,71.625565,18-sonli ayrim fanlar chuqur o'qitiladigan sinflari mavjud umumiy o`rta ta`lim maktabi
41.06073,71.70352,89-sonli umumiy o'rta ta'lim maktabi
37.24956130981445,67.27584838867188,"9-IM,Termiz,Surkhandarya"
37.24673,67.30471,26-sonli umumiy o'rta ta'lim maktabi
37.4775,67.142166,9-sonli maktab
37.48948,67.126625,44-sonli umumiy o'rta ta'lim maktabi
37.86639,67.38864,39-sonli umumiy o'rta ta'lim maktabi
38.14784,67.20289,34-sonli umumiy o'rta ta'lim maktabi
38.32861,67.84576,53-sonli umumiy o'rta ta'lim maktabi
38.328445,67.84604,109-sonli umumiy o‘rta ta'lim maktabi
38.25674819946289,67.87596893310547,"2-DIMI,Denov,Surkhandarya"
38.26136016845703,67.8966293334961,"17-DIMI,Denov,Surkhandarya"
38.21717071533203,67.91364288330078,"67-MM,Denov,Surkhandarya"
37.477894,67.38426,68-sonli umumiy o‘rta ta’lim maktabi
37.512432,67.422554,67-sonli umumiy o'rta ta'lim maktabi
37.509849548339844,67.0655288696289,"7-IMI,Muzrabot,Surkhandarya"
38.087776,67.65867,13-sonli umumiy o'rta ta'lim maktabi
38.18211,67.81978,49-sonli umumiy o'rta ta'lim maktabi
38.120445,67.746475,58-sonli umumiy o'rta ta'lim maktabi
38.187416,67.737915,69-sonli umumiy o'rta ta'lim maktabi
38.469955,67.96243,90-sonli  umumiy o`rta ta`lim maktabi
38.46551,67.95811,91-sonli umumiy o‘rta ta’lim maktabi
38.58155822753906,67.57752227783203,"66-SIMI,Saryasia,Surkhandarya"
37.27477,67.46022,27-sonli umumiy o'rta ta'lim maktabio'rta ta'lim maktabi
37.252003,67.339294,28-sonli umumiy o'rta ta'lim maktabi
37.29935,67.32212,29-sonli umumiy o'rta ta'lim naktabi o'rta ta'lim maktabi
37.3149,67.23256,30-sonli umumiy o'rta ta'lim maktabi
37.34384,67.24662,32-sonli umumiy o'rta ta'lim maktabi
37.300217,67.19822,34-sonli umumiy o'rta ta'lim maktabi
37.297157,67.22404,36-sonli umumiy o'rta ta'lim maktabi
38.403942,68.052086,17-sonli umumiy o'rta ta'lim maktabi
38.34935,68.01099,3-sonli ayrim fanlar chuqur o‘qitiladigan sinflari mavjud umumiy o‘rta ta’lim maktab-internati
38.36163,68.013756,70-umumiy o`rta ta`lim maktabi
37.663925,67.0039,6-sonli ayrim fanlar chuqur o‘qitiladigan sinflari mavjud umumiy o‘rta ta’lim maktab-internati
38.09646,67.777306,72-sonli umumiy o'rta ta'lim maktabi
38.000763,67.77835,13-sonli ayrim fanlar chuqur o'rganiladigan ixtisoslashtirilgan maktab-internati
37.990684509277344,67.81502532958984,"122-MMI,Shurchi,Surkhandarya"
37.9912109375,67.81653594970703,"125-MMI,Shurchi,Surkhandarya"
37.98984146118164,67.81371307373047,"68-MMI,Shurchi,Surkhandarya"
37.67325,67.22989,49-sonli umumiy o'rta ta'lim maktabi
37.6690788269043,67.23359680175781,"9-AFCHUMI,Qiziriq,Surkhandarya"
37.714638,67.52625,11-sonli umumiy o'rta ta'lim maktabi
37.830223,67.600136,14-sonli ayrim fanlar chuqur o‘qitiladigan sinflari mavjud umumiy o‘rta ta’lim maktab-internati
40.321537,68.97299,9-sonli umumiy o'rta ta'lim maktabi
40.47147,68.78533,55-sonli umumiy o'rta ta'lim maktabi
40.31869,69.0144,56-sonli umumiy o'rta ta'lim maktabi
40.49633,68.92831,19-sonli umumiy o'rta ta'lim maktabi
40.55726,68.96397,20-sonli umumiy o'rta ta'lim maktabi
40.58227,68.992096,21-sonli umumiy o'rta ta'lim maktabi
40.53805,68.91075,22-sonli umumiy o'rta ta'lim maktabi
40.573586,68.77611,23-sonli umumiy o'rta ta'lim maktabi
40.4315,69.07965,24-sonli umumiy o'rta ta'lim maktabi
40.540703,68.79362,25-sonli umumiy o'rta ta'lim maktabi
40.53062,69.034615,27-sonli umumiy o'rta ta'lim maktabi
40.518795,68.799225,28-sonli umumiy o'rta ta'lim maktabi
40.593536,69.01376,29-sonli umumiy o'rta ta'lim maktabi
40.49463,68.820816,31-sonli umumiy o'rta ta'lim maktabi
40.45732,69.09446,32-sonli umumiy o'rta ta'lim maktabi
40.52912521362305,68.9050064086914,"KMI,Guliston,Syrdarya"
40.476070404052734,68.68672180175781,"MI,Mirzaobod,Syrdarya"
40.49403,68.70293,35-sonli umumiy o'rta ta'lim maktabi
40.81473159790039,68.69287872314453,"71-MI,Syrdarya,Syrdarya"
40.86165237426758,68.6742935180664,"RUBM,Syrdarya,Syrdarya"
40.243835,68.89734,29-sonli umumiy o'rta ta'lim maktabi
40.5088996887207,68.78231048583984,"18,Guliston,Syrdarya"
40.480220794677734,68.77880859375,"1-ММ,Guliston,Syrdarya"
41.04936,69.36131,1-sonli umumiy o'rta ta'lim maktabi
40.994854,69.36571,48-sonli umumiy o'rta ta'lim maktabi
41.107265,69.06202,1-sonli ayrim fanlari chuqur o'qitiladigan sinflari mavjud umumiy o'rta ta'lim maktabiirilgan davlat umumta’lim maktabi
41.13389,69.07599,2-sonli umumiy o'rta ta'lim maktabi
41.09956,69.03312,3-sonli umumiy o'rta ta'lim maktabi
41.108395,69.04845,4-sonli umumiy o'rta ta'lim maktabi
41.108803,69.05255,5-sonli umumiy o'rta ta'lim maktabi
41.1283,69.07014,6-sonli umumiy o'rta ta'lim maktabi
41.122932,69.04807,7-sonli umumiy o'rta ta'lim maktabi
41.112087,69.03788,8-sonli ixtisoslashtirilgan davlat umumta’lim maktabi
41.119503,69.07016,9-sonli umumiy o'rta ta'lim maktabi
41.12051,69.05977,10-sonli umumiy o'rta ta'lim maktabi
41.11320114135742,69.06283569335938,"11,Yangiyul,Tashkent"
41.103348,69.04683,12-sonli ayrim fanlar chuqur o‘qitiladigan sinflari mavjud umumiy o‘rta ta’lim maktabi
40.370975,69.2899,12-sonli umumiy o'rta ta'lim maktabi
40.785701751708984,69.21356964111328,"15-MU,Buka,Tashkent"
41.60174560546875,69.72528076171875,"52,Bustonliq,Tashkent"
41.67121124267578,69.9572525024414,"55,Bustonliq,Tashkent"
41.250843,69.099014,11-sonli umumiy o'rta ta'lim maktabi
40.908726,69.645226,4-sonli umumiy o'rta ta'lim maktabi
40.909416,69.62466,"""Оҳангарон-Қоракўл"" математика ва физика фанларига ихтисослаштирилган мактаб-интернати"
41.27312,69.66931,50-sonli umumiy o'rta ta'lim maktabi
41.307667,69.57583,52-sonli umumiy o'rta ta'lim maktabi
40.83243,69.24073,16-sonli umumiy o'rta ta'lim maktabi
40.930225,69.33613,39-sonli umumiy o'rta ta'lim maktabi
41.04948,68.84507,19-sonli umumiy o'rta ta'lim maktabi
41.07080078125,68.91214752197266,"MSM,Chinoz,Tashkent"
41.156406,69.42873,30-sonli umumiy o'rta ta'lim maktabi
41.156815,69.08256,36-sonli boshlang`ich ta'lim maktabi
41.15666,68.99073,38-sonli boshlang‘ich ta'lim maktabi
41.07074,69.02617,40-sonli umumiy o'rta ta'lim maktabi
41.168705,69.21909,58-sonli umumiy o'rta ta'lim maktabi
41.0844,69.322395,3-sonli  ayrim fanlar chuqur o'qitiladigan sinflri mavjud umumiy o'rta ta'lim maktabi
41.027355,69.39403,5-sonli umumiy o'rta ta'lim maktabi
41.00144,69.41713,6-sonli umumiy o'rta ta'lim maktabi
40.946415,69.46682,7-sonli umumiy o'rta ta'lim maktabi
41.00144,69.41713,8-sonli umumiy o'rta ta'lim maktabi
40.976646,69.37197,11-sonli umumiy o'rta ta'lim maktabi
41.009476,69.30468,12-sonli umumiy o'rta ta'lim maktabi
41.081367,69.360725,14-sonli umumiy o'rta ta'lim maktabi
41.019096,69.266335,15-sonli umumiy o'rta ta'lim maktabi
41.07363,69.30403,16-sonli umumiy o'rta ta'lim maktabi
41.012524,69.23787,17-sonli umumiy o'rta ta'lim maktabi
40.983784,69.34328,18-sonli umumiy o'rta ta'lim maktabi
41.07700729370117,69.27842712402344,"20,Urtachirchiq,Tashkent"
40.95479,69.44267,21-sonli umumiy o'rta ta'lim maktabi
41.044464,69.25843,22-sonli umumiy o'rta ta'lim maktabi
41.071182,69.22921,23-sonli umumiy o'rta ta'lim maktabi
40.995842,69.431465,24-sonli umumiy o'rta ta'lim maktabi
40.99387,69.43619,27-sonli umumiy o'rta ta'lim maktabi
41.038345,69.2591,28-sonli umumiy o'rta ta'lim maktabi
41.081367,69.360725,29-sonli umumiy o'rta ta'lim maktabi
41.038006,69.3168,30-sonli umumiy o'rta ta'lim maktabi
41.07468,69.39951,31-sonli umumiy o'rta ta'lim maktabi
41.03806,69.21724,33-sonli umumiy o'rta ta'lim maktabi
40.987843,69.39564,34-sonli umumiy o'rta ta'lim maktabi
40.93504,69.50099,35-sonli umumiy o'rta ta'lim maktabi
41.086067,69.335434,36-sonli umumiy o'rta ta'lim maktabi
41.133297,69.406555,37-sonli umumiy o'rta ta'lim maktabi
41.186752,69.316795,38-sonli umumiy o'rta ta'lim maktabi
41.002518,69.23097,39-sonli umumiy o'rta ta'lim maktabi
41.157513,69.271996,40-sonli umumiy o'rta ta'lim maktabi
41.133686,69.400566,41-sonli umumiy o'rta ta'lim maktabi
41.10845,69.301926,42-sonli ayrim fanlarga ixtisoslashtirilgan davlat umumta’lim maktabi
40.998318,69.29871,43-sonli umumiy o'rta ta'lim maktabi
41.11538,69.42579,44-sonli umumiy o'rta ta'lim maktabi
41.05098,69.16823,46-sonli umumiy o'rta ta'lim maktabi
41.133686,69.400566,47-sonli umumiy o'rta ta'lim maktabi
41.13561,69.30347,50-sonli umumiy o'rta ta'lim maktabi
40.998768,69.30588,51-sonli umumiy o'rta ta'lim maktabi
41.18819,69.32885,54-sonli umumiy o'rta ta'lim maktabi
41.01185,69.2268,55-sonli umumiy o'rta ta'lim maktabi
40.98878,69.163155,56-sonli umumiy o'rta ta'lim maktabi
41.158203,69.34561,58-sonli umumiy o'rta ta'lim maktabi
41.135674,69.30347,59-sonli umumiy o'rta ta'lim maktabi
41.130013,69.25808,60-sonli umumiy o'rta ta'lim maktabi
41.130013,69.25808,61-sonli umumiy o'rta ta'lim maktabi
41.113464,69.351166,63-sonli umumiy o'rta ta'lim maktabi
41.02552,69.23229,64-sonli umumiy o'rta ta'lim maktabi
41.154804,69.38577,65-sonli umumiy o'rta ta'lim maktabi
41.096657,69.358536,66-sonli umumiy o'rta ta'lim maktabi
41.126163,69.4217,67-sonli umumiy o'rta ta'lim maktabi
41.103706,69.39688,68-sonli umumiy o'rta ta'lim maktabi
41.028675,69.30467,69-sonli umumiy o'rta ta'lim maktabi
40.99865,69.18361,70-sonli umumiy o'rta ta'lim maktabi
41.12395,69.320114,71-sonli umumiy o'rta ta'lim maktabi
41.079205,69.32846,72-sonli ayrim fanlar chuqur o'qitiladigan sinflari mavjud umumiy o'rta ta'lim maktabi
41.15963363647461,69.34049224853516,"124-INTERNAT,Urtachirchiq,Tashkent"
41.216198,69.30413,337-sonli umumiy o'rta ta'lim maktabi
41.22027,69.333595,345-sonli umumiy o'rta ta'lim maktabi
41.216225,69.3239,346-sonli umumiy o'rta ta'lim maktabi
41.213688,69.34027,348-sonli umumiy o'rta ta'lim maktabi
41.357876,69.3687,205-sonli ixtisoslashtirilgan davlat umumta’lim maktabi
41.348137,69.38723,120-sonli umumiy o'rta ta'lim maktabi
41.327324,69.3451,241-sonli umumiy o'rta ta'lim maktabi
41.318005,69.35344,275-sonli umumiy o'rta ta'lim maktabi
41.323402,69.3611,338-sonli umumiy o'rta ta'lim maktabi
41.24688,69.29849,47-sonli umumiy o'rta ta'lim maktabi
41.280983,69.37031,339-sonli umumiy o'rta ta'lim maktabi
41.212715,69.19516,332-sonli umumiy o’rta ta’lim maktabi
40.749344,72.31984,9-umumiy oʻrta taʼlim maktabi
41.080235,68.792816,43-sonli umumiy o'rta ta'lim maktabi
38.576893,67.58544,75-sonli umumiy o'rta ta'lim maktabi
41.467136,69.586334,Chirchiq  shahar  1-sonli  umumiy  o'rta  ta'lim  maktabi
37.986362,67.59356,75-sonli umumiy o'rta ta'lim maktabi
41.63578,60.862255,74-umumiy oʻrta taʼlim maktabi
41.73362,60.803993,73-sonli umumiy o'rta ta'lim maktabi
38.544273,67.76655,86-sonli umumiy o'rta ta'lim maktabi
39.40567,67.39946,160-umumiy o‘rta ta’lim maktabi
41.185425,69.44025,33-sonli umumiy o'rta ta'lim maktabi
39.21806,66.14611,98-sonli umumiy o'rta ta'lim maktabi
41.34874,69.34041,190-sonli ayrim fanlar chuqur o'qitiladigan sinflari mavjud umumiy o'rta ta'lim maktabi
40.77796,72.322624,Andijon shahar 46- umumiy o'rta ta'lim maktabi
39.399017,67.26865,158 umumiy o‘rta ta'lim maktabi
40.726536,72.65729,6-sonli umumiy o'rta ta'lim maktabi
39.215157,67.334435,98-sonli umumiy o'rta ta'lim maktabi
38.458797,68.06701,92-sonli umumiy o'rta ta'lim maktabi
40.472023,72.284065,4-sonli umumiy o'rta ta'lim maktabi
42.223007,60.123962,80-sonli umumiy o'rta ta'lim maktabi
39.48991,67.20044,157 umumiy o‘rta ta'lim maktabi
37.84119,67.36393,44-sonli umumiy o'rta ta'lim maktabi
40.09699,65.38247,21-sonli umumiy o'rta ta'lim maktabi
41.232544,69.357864,37-sonli umumiy o'rta ta'lim maktabi
38.91852,66.26665,100-sonli umumiy o'rta ta'lim maktabi
41.1765,69.67386,58-sonli umumiy o'rta ta'lim maktabi
41.343678,61.278297,71-sonli umumiy o'rta ta'lim maktabi
40.289864,71.4954,25-sonli umumiy o'rta ta'lim maktabi
39.19852,66.31506,100-sonli umumiy o'rta ta'lim maktabi
37.459972,67.14616,3-sonli Ayrim fanlar chuqur o`rganiladigan ixtisoslashtirilgan maktab
40.73035,69.25416,55-sonli umumiy o'rta ta'lim maktabi
40.14219,64.73029,65-sonli umumiy o'rta ta'lim maktabi
40.45702,70.52346,58-sonli umumiy o'rta ta'lim maktabi
40.015728,64.62399,41-sonli umumiy o'rta ta'lim maktabi
38.6575,66.28267,80-sonli umumiy o'rta ta'lim maktabi
40.508427,71.05145,63-sonli umumiy o'rta ta'lim maktabi
43.017986,60.01326,2-сонли умумий ўрта таълим мактаби
41.573254,60.965546,73-sonli umumiy o'rta ta'lim maktabi
40.438915,71.18271,59-sonli umumiy o'rta ta'lim maktabi
41.205723,71.81042,56-sonli umumiy o'rta ta'lim maktabi
40.19041,67.8873,61-sonli umumiy o'rta ta'lim maktabi
40.113243,65.38911,22-sonli umumiy o'rta ta'lim maktabi
38.244022,67.900444,106-sonli umumiy o'rta ta'lim maktabi
41.237064,69.37226,347-sonli umumiy o'rta ta'lim maktabi
38.059258,68.33088,65-sonli umumiy o'rta ta'lim maktabi
41.33304,69.40699,343-sonli umumiy o'rta ta'lim maktabi
39.00488,66.361084,96-sonli umumiy o'rta ta'lim maktabi
40.113308,65.85213,92-sonli umumiy o'rta ta'lim maktabi
39.7578,67.634285,88-sonli umumiy o'rta ta'lim maktabi
40.241417,68.95135,31-sonli umumiy o'rta ta'lim maktabi
40.542473,70.622314,61-sonli umumiy o'rta ta'lim maktabi
40.01534,66.81641,103-sonli umumiy o'rta ta'lim maktabi
40.615055,71.82053,38-sonli umumiy o'rta ta’lim maktabi
38.807354,65.75101,71-sonli umumiy o'rta ta'lim maktabi
38.38534,67.97548,94-sonli umumiy o'rta ta'lim maktabi
40.785587,69.21359,15-sonli umumiy o'rta ta'lim maktabi
37.56378,67.02132,73-sonli umumiy o'rta ta'lim maktabi
38.59618,66.29797,84-sonli umumiy o'rta ta'lim maktabi
39.46637,67.11371,159 umumiy o‘rta ta'lim maktabi
40.882523,71.10414,76-sonli umumiy o'rta ta'lim maktabi
39.510746,66.62742,65-sonli umumiy o'rta ta'lim maktabi
37.30753,67.24972,4-sonli umumiy o'rta ta'lim maktabi
41.078808,70.25909,54-sonli umumiy o'rta ta'lim maktabi
40.766747,72.04298,73-sonli umumiy o'rta ta'lim maktabi
40.136333,67.82547,30-sonli umumiy o'rta ta'lim maktabi
39.8507,67.68112,86-sonli umumiy o'rta ta'lim maktabi
37.30239,67.36785,Termiz tumani 14-sonli umumiy o'rta ta'lim maktabi
37.34548,67.42035,11-sonli umumiy o'rta ta'lim maktabi
39.248028,66.383705,128-sonli umumiy o'rta ta'lim maktabi
37.50716,67.20674,47-sonli umumiy o'rta ta'lim maktabi
40.37183,71.72581,46-sonli umumiy o'rta ta'lim maktabi
41.20608,66.38981,37-sonli umumiy o'rta ta'lim maktabi
38.631783,67.586655,77-sonli umumiy o'rta ta'lim maktabi
39.649456,64.45299,22-сонли умумий ўрта таълим мактаби
38.35953,67.11681,51-sonli umumiy o'rta ta'lim maktabi
40.98954,71.62106,95-sonli umumiy o'rta ta'lim maktabi
38.945744,66.30665,98-sonli umumiy o'rta ta'lim maktabi
41.22902,69.28047,352-sonli umumiy o'rta ta'lim maktabi
39.199722,66.99474,94-sonli umumiy o'rta ta'lim maktabi
42.43385,59.6422,55-maktab
41.23953,69.25469,353-sonli umumiy o'rta ta'lim maktabi
41.339508,69.22337,111-sonli umumiy o'rta ta'lim maktabi
38.172512,67.73002,71-sonli umumiy o'rta ta'lim maktabi
38.518078,65.60007,47-sonli umumiy o'rta ta'lim maktabi
41.542503,61.043827,57-sonli umumiy o'rta ta'lim maktabi
40.256596,71.58699,26-sonli umumiy o'rta ta'lim maktabi
41.688896,60.880375,72-sonli umumiy o'rta ta'lim maktabi
40.708458,72.69194,15-sonli umumiy o'rta ta'lim maktabi
40.75591,72.361015,56-sonli umumiy o'rta ta'lim maktabi
39.77392,64.44173,44-sonli umumiy o'rta ta'lim maktabi
42.757534,59.63379,28-sonli umumiy o'rta ta'lim maktabi
39.53804,67.34789,130-umumiy o‘rta ta’lim maktabi 130-umumiy o'rta ta'lim maktabi
41.333202,69.30405,99-sonli ayrim fanlar chuqur o'qitiladigan sinflari mavjud umumiy o'rta ta'lim maktabi
38.42046,67.99921,87-sonli umumiy o'rta ta'lim maktabi
41.38716,69.26016,354-sonli umumiy o'rta ta'lim maktabi
39.53741,63.87988,53-сонли умумий ўрта таълим мактаби
39.93236,66.3343,106-sonli umumiy o'rta ta'lim maktabi
40.47419,71.743286,33-sonli umumiy o'rta ta'lim maktabi
40.48346,71.187935,58-sonli umumiy o'rta ta'lim maktabi
39.672012,67.44013,84-sonli umumiy o`rta  ta'lim maktabi
40.401943,70.762405,38-sonli umumiy o'rta ta'lim maktabi
38.217243,67.9136,110-sonli umumiy o'rta ta'lim maktabi
41.58119,64.21175,11-sonli ayrim fanlar chuqur o'qitiladigan sinflari mavjud umumiy o'rta ta`lim maktabi
40.41584,71.17329,60-sonli umumiy o'rta ta'lim maktabi
38.682507,66.316185,83-sonli umumiy o'rta ta'lim maktabi
42.832672,59.013195,25-sonli umumiy o'rta ta'lim maktabi
38.578976,65.60646,44-sonli umumiy o'rta ta'lim maktabi
41.067802,70.20599,41-sonli umumiy o'rta ta'lim maktabi
38.10405,67.64995,70-sonli umumiy o'rta ta'lim maktabi
42.706356,59.725266,29-sonli umumiy o'rta ta'lim maktabi
39.03758,66.72398,83-sonli umumiy o'rta ta'lim maktabi
40.623375,71.15841,Buvayda  tumani  53-sonli umumiy o'rta ta'lim maktabi
38.467968,68.011284,93-sonli umumiy o'rta ta'lim maktabi
40.283974,71.468346,53-sonli umumiy o'rta ta'lim maktabi
41.329834,69.23,1-sonli umumiy o'rta ta'lim maktabi
40.39061,71.27193,66-sonli umumiy o'rta ta'lim maktabi
40.598083,70.902565,25-UMUMIY O'RTA TA'LIM MAKTABI
40.89597,71.85242,57-sonli umumiy o'rta ta'lim maktabi
38.76465,65.77137,58-sonli umumiy oʻrta taʼlim maktabi
39.959175,66.50524,96-sonli umumiy o'rta ta'lim maktabi
40.644947,72.28448,61-sonli umumiy o'rta ta'lim maktabi
42.902016,59.77641,50-sonli umumiy o'rta ta'lim maktabi
40.59891,65.48893,4-sonli umumiy o'rta ta'lim maktabi
38.322254,66.46061,101-sonli umumiy o'rta ta'lim maktabi
41.48568,69.566444,19-sonli umumiy o‘rta ta'lim maktabi
40.92172,71.58173,28-sonli umumiy o'rta ta'lim maktabi
37.4059,66.78605,57-sonli umumiy o'rta ta'lim maktabi
37.79739,67.46169,41-sonli umumiy o'rta ta'lim maktabi
40.901142,69.68845,53-sonli umumiy o'rta ta'lim maktabi
39.072662,66.54399,127-sonli umumiy o'rta ta'lim maktabi
38.27255,67.93101,111-sonli umumiy o'rta ta'lim maktabi
37.85908,67.44883,42-sonli umumiy o'rta ta'lim maktabi
41.048336,71.7131,94-sonli umumiy o'rta ta'lim maktabi
41.570156,64.229065,14-sonli umumiy o'rta ta'lim maktabi
38.968445,66.70817,102-sonli umumiy o'rta ta'lim maktabiмактаби
37.26267,67.25568,5-sonli umumiy o'rta ta'lim maktabi
38.701645,65.73741,43-sonli umumiy o'rta ta'lim maktabi
40.01335,67.60942,89-sonli umumiy o'rta ta'lim maktabi
38.599087,66.18192,82-sonli umumiy o'rta ta'lim maktabi
40.995304,69.46918,3-sonli umumiy o'rta ta'lim maktabi
39.5973,67.02577,48-sonli umumiy o'rta ta'lim maktabi
38.61576,67.716995,79-sonli umumiy o'rta ta'lim maktabi
40.681602,72.213005,25-sonli umumiy o'rta ta'lim maktabi
40.069897,68.3881,53-sonli umumiy o'rta ta'lim maktabi
38.615192,67.115524,103-sonli umumiy o'rta ta'lim maktabi
41.59135,60.621197,51-sonli umumiy o'rta ta'lim maktabi
37.86586,67.38783,43-sonli umumiy o'rta ta'lim maktabi
41.794876,60.09287,54-sonli umumiy o'rta ta'lim maktabi
40.31284,71.77487,24-sonli umumiy o'rta ta'lim maktabi
37.44968,66.92094,58-sonli umumiy o'rta ta'lim maktabi
40.914455,71.51845,10-sonli umumiy o'rta ta'lim maktabi
38.26198,67.19772,105-sonli umumiy o'rta ta'lim maktabi
41.218773,69.18939,356-sonli umumiy o'rta ta'lim maktabi
38.437614,65.63073,45-sonli umumiy o'rta ta'lim maktabi
37.68561,67.022316,77-sonli umumiy o'rta ta'lim maktabi
40.88864,72.24411,1-sonli umumiy o'rta ta'lim maktabi
37.66263,67.23303,50-sonli umumiy o'rta ta'lim maktabi
39.91202,66.24974,5-sonli umumiy o'rta ta'lim maktabi
38.726883,66.66636,97-sonli umumiy o'rta ta'lim maktabi
39.66168,66.56148,129-sonli umumiy o'rta ta'lim maktabi
40.46959,70.542694,59-sonli umumiy o'rta ta'lim maktabi
40.796745,72.44329,Yangi Andijon massivi 1-sonli umumiy o‘rta ta’lim maktabi
38.391315,67.86063,102-sonli umumiy o'rta ta'lim maktabi
38.572563,67.98648,84-sonli umumiy o'rta ta'lim maktabi
38.517975,68.01301,88-sonli umumiy o'rta ta'lim maktabi
38.304768,67.85253,104-sonli umumiy o'rta ta'lim maktabi
41.527485,61.043877,77-sonli umumiy o'rta ta'lim maktabi
40.847973,70.79349,74-sonli umumiy o'rta ta'lim maktabi
40.510975,71.13762,61-sonli umumiy o'rta ta'lim maktabi
41.069565,70.70573,78-sonli umumiy o'rta ta'lim maktabi
40.352802,70.6806,60-sonli umumiy o'rta ta'lim maktabi
38.17491,67.90223,99-sonli umumiy o'rta ta'lim maktabi
40.528454,67.364296,24-sonli umumiy o'rta ta'lim maktabi
38.278908,66.75481,106-sonli umumiy o'rta ta'lim maktabi
41.007698,71.497086,5-sonli umumiy o'rta ta'lim maktabi
38.050777,67.74874,66-sonli umumiy o'rta ta'lim maktabi
39.40254,66.48392,78-sonli umumiy o'rta ta'lim maktabi
38.491676,65.64358,48-sonli umumiy o'rta ta'lim maktabi
38.283463,67.921394,101-sonli umumiy o'rta ta'lim maktabi
37.67686,67.59644,73-sonli umumiy o'rta ta'lim maktabi
39.822575,64.5184,24-sonli umumiy o'rta ta'lim maktabi
39.285797,65.15253,34-sonli umumiy o'rta ta'lim maktabi
40.3731,71.73068,47-sonli umumiy o'rta ta'lim maktabi
39.93199,65.90876,62-sonli umumiy o'rta ta'lim maktabi
40.553497,70.93798,45-sonli umumiy o'rta ta'lim maktabi
40.058918,65.43145,33-SONLI UMUMIY O'RTA TA'LIM MAKTABI
38.2929,67.90521,100-sonli umumiy o'rta ta'lim maktabi
40.691307,72.19046,62-sonli umumiy o'rta ta'lim maktabi
40.304245,68.81756,12-sonli umumiy o'rta ta'lim maktabi
40.13073,65.79755,88-sonli umumiy o'rta ta'lim maktabi
41.28968,69.39062,341-sonli umumiy o'rta ta'lim maktabi
40.755505,68.977806,27 -sonli umumiy o'rta ta'lim maktabi- maktab
38.196762,67.901085,105-sonli umumiy o'rta ta'lim maktabi
37.820362,67.31697,40-sonli umumiy o'rta ta'lim maktabi
37.365597,67.17646,9-sonli umumiy o'rta ta'lim maktabi
40.136333,67.82547,31-sonli umumiy o'rta ta'lim maktabi
38.71282,65.41966,43-sonli umumiy o'rta ta'lim maktabi
41.32914,69.336716,171-sonli ayrim fanlar chuqur o'qitiladigan sinflari mavjud umumiy o'rta ta'lim maktabi
39.162174,66.89481,95-sonli umumiy o'rta ta'lim maktabi
41.224964,69.290344,351-sonli umumiy o'rta ta'lim maktabi
40.470192,71.1457,62-sonli umumiy o'rta ta'lim maktabi
39.053772,66.802704,85-sonli umumiy o'rta ta'lim maktabi
41.336185,69.42859,344-sonli umumiy o'rta ta'lim maktabi
40.68041,72.55432,33-sonli umumiy o'rta ta'lim maktabi
38.291622,67.884445,7-sonli umumiy o'rta ta'lim maktabi
40.888348,71.64692,5-sonli umumiy o'rta ta'lim maktabi
39.21205,66.17658,99-sonli umumiy o'rta ta'lim maktabi
41.800884,60.32489,45-sonli umumiy o'rta ta'lim maktabi
41.013588,70.07279,2-sonli umumiy o'rta ta'lim maktabi
40.06186,68.4698,52-sonli umumiy o'rta ta'lim maktabi
39.064472,66.5305,126-sonli umumiy o'rta ta'lim maktabi
40.40922,67.206474,34-sonli umumiy o'rta ta'lim maktabi
41.28028,69.18673,355-sonli ayrim fanlar chuqur o'qitiladigan sinflari mavjud umumiy o'rta ta'lim maktabi
40.850754,72.32405,57-sonli umumiy o'rta ta'lim maktabi
38.904076,65.8031,51-sonli umumiy o'rta ta'lim maktabi
39.948963,71.13646,2-sonli ayrim fanlar chuqur o‘qitiladigan sinflari mavjud umumiy o‘rta ta’lim maktabi
40.73586,72.87203,57-sonli umumiy o'rta ta'lim maktabi
39.80951,67.78451,83-sonli umumiy o'rta ta'lim maktabi
40.106773,66.34655,107-sonli umumiy o'rta ta'lim maktabi
38.219917,67.87033,103-sonli umumiy o'rta ta'lim maktabi
38.023674,67.81387,73-sonli umumiy o'rta ta'lim maktabi
42.463837,59.64641,53-sonli umumiy o‘rta ta'lim maktabi
40.833134,71.510216,49-sonli umumiy o'rta ta'lim maktabi
41.573643,60.180916,53-sonli umumiy o'rta ta'lim maktabi
41.012253,68.90236,30-sonli umumiy o'rta ta'lim maktabi
39.661674,66.78936,130-sonli umumiy o'rta ta'lim maktabi
41.336178,71.85804,55-sonli umumiy o'rta ta'lim maktabi
39.42611,66.40959,79-sonli umumiy o'rta ta'lim maktabi
41.35743,60.362267,21-sonli umumiy o'rta ta'lim maktabi
39.603176,67.37223,72-sonli umumiy o'rta ta'lim maktabi
40.910686,72.48161,37-sonli umumiy o'rta ta'lim maktabi
37.944443,67.70389,72-sonli umumiy o'rta ta'lim maktabi
40.393223,70.82881,72-sonli umumiy o'rta ta'lim maktabi
37.46042,67.26594,45-sonli umumiy o'rta ta'lim maktabi
42.54672,59.612045,54-sonli umumiy o'rta ta'lim maktabi
41.04212,71.542244,93-sonli umumiy o'rta ta'lim maktabi
41.236015,69.23021,349-sonli umumiy o'rta ta'lim maktabi
39.693687,67.43696,89-sonli umumiy o'rta ta'lim maktabi
40.18529,71.74737,63-umumiy o'rta ta'lim maktabi
39.747837,68.00765,87-сонли умумий ўрта таълим мактаби
39.997967,66.2005,52-umumiy oʻrta taʼlim maktabi
40.5194,72.30709,18-sonli umumiy o'rta ta'lim maktabi
38.48371,67.96646,27-sonli umumiy o'rta ta'lim maktabi
39.970196,68.12689,76-sonli umumiy o'rta ta'lim maktabi
40.002903,66.06602,108-sonli umumiy o'rta ta'lim maktabi
40.78795,71.06963,77-sonli umumiy o'rta ta'lim maktabi
40.48904,70.82412,19-sonli ayrim fanlar chuqur o'qitiladigan sinflari mavjud umumiy o'rta ta'lim maktabi
40.17507,66.32044,90-sonli umumiy o'rta ta'lim maktabi
38.567448,66.2768,81-sonli umumiy o'rta ta'lim maktabi
39.42588,67.19237,156-umumiy o‘rta ta’lim maktabi
40.50898,68.79339,18-sonli umumiy o'rta ta'lim maktabi
41.065094,68.9228,50-sonli umumiy o'rta ta'lim maktabi
39.98497,68.39567,35-sonli umumiy o'rta ta'lim maktabi
41.21028,71.703835,66-sonli umumiy o'rta ta'lim maktabi
38.842457,66.968834,81-sonli umumiy o'rta ta'lim maktabi
41.241196,69.36622,358-sonli umumiy o'rta ta'lim maktabi
42.89889,59.78801,46-sonli umumiy o'rta ta'lim maktabi
38.23895,67.86234,107-sonli umumiy o'rta ta'lim maktabi
40.773888,72.3477,32-sonli umumiy o'rta ta'lim maktabi
39.720924,66.92688,82-sonli umumiy o'rta ta'lim maktabi
38.726696,66.20087,76-sonli umumiy o'rta ta'lim maktabi
40.379772,71.43792,44-sonli umumiy o'rta ta'lim maktabi
41.372883,69.35213,Qibray tumani 42-maktab
37.53129,66.82558,51-sonli umumiy o'rta ta'lim maktabi
41.187187,71.50708,55-sonli umumiy o'rta ta'lim maktabi
40.647102,71.72282,40-sonli umumiy o'rta ta'lim maktabi
40.033,64.38897,47- умумий ўрта таълим мактаби
41.451786,69.52897,22-sonli umumiy o'rta ta'lim maktabi
40.446655,70.92998,54-sonli umumiy o'rta ta'lim maktabi
38.995354,66.36843,99-sonli umumiy o'rta ta'lim maktabi
39.38904,67.3445,137-umumiy o‘rta ta’lim maktabi
39.67281,68.07841,78-sonli umumiy o'rta ta'lim maktabi
38.426994,67.96466,89-sonli umumiy o'rta ta'lim maktabi
40.560696,72.34295,36-sonli umumiy o'rta ta'lim maktabi3
39.48811,67.36226,146-umumiy o‘rta ta’lim maktabi -umumiy o‘rta ta’lim maktabi
39.725185,64.54455,11-сонли умумий ўрта таълим мактаби
40.250965,68.872765,32-sonli umumiy o'rta ta'lim maktabi
40.846073,71.983444,56-sonli umumiy o'rta ta'lim maktabi
41.10077,69.02827,7-sonli umumiy o'rta ta'lim maktabi
37.54945,67.40065,66-sonli umumiy o'rta ta'lim maktabi
40.857723,71.60061,47-sonli umumiy o'rta ta'lim maktab
38.472,65.61232,46-sonli umumiy o'rta ta'lim maktabi
40.821754,70.87193,POP TUMAN 80-SONLI UMUMIY O`RTA TA`LIM MAKTABI
40.89272,72.25058,5-sonli umumiy o'rta ta'lim maktabi
39.03893,66.73604,82-sonli umumiy o'rta ta'lim maktabi
40.150635,65.17222,32-sonli umumiy o'rta ta'lim maktabi
40.43539,70.87732,25-sonli umumiy o'rta ta'lim maktabi
37.64955,66.93604,75-sonli umumiy o'rta ta'lim maktabi
39.971195,68.43183,37-sonli umumiy o'rta ta'lim maktabi
40.16128,67.730835,48-sonli umumiy o'rta ta'lim maktabi
38.002224,67.69575,74-sonli umumiy o'rta ta'lim maktabi
40.045624,64.165886,42-sonli umumiy o'rta ta'lim maktabi
41.357716,69.36336,221-sonli umumiy o'rta ta'lim maktabi
41.216946,69.24616,350-sonli umumiy o'rta ta'lim maktabi
40.71215,72.30241,22-sonli umumiy o'rta ta'lim maktabi
40.883278,72.56617,47-умумий ўрта таълим мактаби
38.676926,67.19772,104-sonli umumiy o'rta ta'lim maktabi
38.550114,66.53788,102-sonli umumiy o'rta ta'lim maktabi
41.35082,69.3169,239-sonli ayrim fanlari chuqur o'qitiladigan sinflari mavjud umumiy o'rta ta'lim maktabi
41.692337,60.736416,35-sonli umumiy o'rta ta'lim maktabi
38.83048,65.80953,48-sonli umumiy o'rta ta'lim maktabi
37.289764,67.24973,8-sonli umumiy o'rta ta'lim maktabi
38.29883,67.99034,12-sonli umumiy o'rta ta'lim maktabi
39.433716,67.03904,96-umumiy o'rta ta'lim maktabi
37.570305,66.946625,74-sonli umumiy o'rta ta'lim maktabi
40.101486,65.38541,23-sonli umumiy o'rta ta'lim maktabi
41.557453,60.990532,72-sonli umumiy o'rta ta'lim maktabi
40.08081,64.69408,69-sonli umumiy o'rta ta'lim maktabi
42.517696,59.59461,52-sonli umumiy o'rta ta'lim maktabi
39.894905,66.14125,63-sonli umumiy o'rta ta'lim maktabi
39.987625,71.16038,30-sonli umumiy o'rta ta'lim maktabi
39.619015,67.10941,62-sonli umumiy o'rta ta'lim maktabi
39.13362,65.43152,35-sonli umumiy o'rta ta'lim maktabi
39.915474,64.52991,25-sonli umumiy o'rta ta'lim maktabi
38.945675,65.35105,61-sonli umumiy o'rta ta'lim maktabi
40.90849,72.202965,51-sonli umumiy o'rta ta'lim maktabi
40.471725,71.72743,34-sonli umumiy o'rta ta'lim maktabi
40.974026,71.62386,78-sonli umumiy o'rta ta'lim maktabi
38.977463,66.70805,87- sonli umumiy o'rta ta'lim maktabi
41.10948,72.04191,46-sonli umumiy o'rta ta'lim maktabi
40.18084,64.76572,53-sonli umumiy o'rta ta'lim maktabi
39.0366,66.571815,125-sonli umumiy o'rta ta'lim maktabi
39.577553,67.07586,58-sonli umumiy o'rta ta'lim maktabi
41.46749,69.47307,31-sonli umumiy o'rta ta'lim maktabi
39.937298,66.204185,86-sonli umumiy o'rta ta'lim maktabi
39.87603,64.55393,23-sonli umumiy o'rta ta'lim maktabi
41.367455,60.33768,22-sonli umumiy o'rta ta'lim maktabi
40.53321,69.03019,33-sonli umumiy o'rta ta'lim maktabi
41.303833,69.40282,340-sonli umumiy o'rta ta'lim maktabi
39.49464,64.18487,Buxoro tuman 46-sonli umumiy o'rta ta'lim maktabi
38.26253,67.86362,43-sonli umumiy o'rta ta'lim maktabi
41.299526,69.132126,24-sonli umumiy o'rta ta'lim maktabi
41.042038,71.54228,92-sonli umumiy o'rta ta'lim maktabi
40.81748,70.93423,79-sonli umumiy o'rta ta'lim maktabi
41.237564,71.77169,65-sonli umumiy o'rta ta'lim maktabi
40.120815,64.3225,33-sonli umumiy o'rta ta'lim maktabi
39.71556,67.994774,85-sonli umumiy o'rta ta'lim maktabi
41.665775,60.886826,73-sonli umumiy o'rta ta'lim maktabi
38.72071,65.91565,13-sonli umumiy o'rta ta'lim maktabi
41.56342,60.34598,54-sonli umumiy o'rta ta'lim maktabi
41.053967,61.989796,5-sonli umumiy o'rta ta'lim maktabi
40.914165,72.11183,1-мактаб
40.91353,72.11751,2-мактаб
