way_id,seq,lat,lon,highway
22778824,0,41.3852534,69.2913187,trunk
22778824,1,41.38486,69.2910161,trunk
22795313,0,41.311128,69.2815506,primary
22795313,1,41.3116776,69.2815866,primary
22795313,2,41.3116978,69.2815903,primary
22795313,3,41.3117179,69.2815946,primary
22795313,4,41.3117382,69.2816009,primary
22795313,5,41.3117582,69.281608,primary
22795313,6,41.3117768,69.2816185,primary
22795313,7,41.3117955,69.2816304,primary
22795313,8,41.3118141,69.2816441,primary
22795313,9,41.3118313,69.2816601,primary
22795313,10,41.3118487,69.2816801,primary
22795313,11,41.3118645,69.2817013,primary
22795313,12,41.3118933,69.2817464,primary
22795313,13,41.3119414,69.2818444,primary
22795396,0,41.3165923,69.2920497,primary
22795396,1,41.3158163,69.2902872,primary
22795396,2,41.3157514,69.2901352,primary
22795396,3,41.315715,69.2900501,primary
22795397,0,41.3168225,69.2928563,primary
22795397,1,41.3173106,69.2939606,primary
22795398,0,41.3175572,69.2945401,primary
22795398,1,41.3195819,69.2991675,primary
22795398,2,41.3196206,69.2992611,primary
22795398,3,41.3198692,69.2998451,primary
22795398,4,41.3203403,69.3009033,primary
22795398,5,41.3204377,69.3011278,primary
22795398,6,41.3204833,69.3012433,primary
22795398,7,41.3205266,69.3013588,primary
22795399,0,41.3174079,69.2938835,primary
22795399,1,41.3169153,69.2927826,primary
22803178,0,41.2408434,69.3901933,trunk
22803178,1,41.2440786,69.3952228,trunk
22803971,0,41.2448232,69.3963505,trunk
22803971,1,41.2452691,69.3969991,trunk
22804101,0,41.2473574,69.3927849,trunk
22804101,1,41.2476271,69.3924327,trunk
22804102,0,41.1482487,69.4290929,trunk
22804102,1,41.1483777,69.4290054,trunk
22804102,2,41.1486789,69.4288018,trunk
22804102,3,41.1504742,69.4275883,trunk
22804102,4,41.1511379,69.427127,trunk
22804103,0,41.246541,69.3935806,trunk
22804103,1,41.246192,69.3940285,trunk
22804103,2,41.2450941,69.3954481,trunk
22804137,0,41.2672801,69.3668915,trunk
22804137,1,41.2672936,69.3669754,trunk
22804137,2,41.2673147,69.3670565,trunk
22804137,3,41.2673431,69.3671335,trunk
22804137,4,41.2673784,69.3672053,trunk
22804137,5,41.2674201,69.3672709,trunk
22804137,6,41.2674674,69.3673291,trunk
22804137,7,41.2675198,69.3673792,trunk
22804137,8,41.2675764,69.3674203,trunk
22804137,9,41.2676364,69.3674519,trunk
22804137,10,41.2676491,69.3674563,trunk
22804137,11,41.2676954,69.3674825,trunk
22804140,0,41.2672743,69.3667871,trunk
22804140,1,41.2672681,69.3668633,trunk
22804149,0,41.2578499,69.3791921,trunk
22804149,1,41.2577627,69.3793083,trunk
22804149,2,41.2575677,69.3795613,trunk
22804149,3,41.2571896,69.3800521,trunk
22804149,4,41.2568674,69.3804703,trunk
22804149,5,41.2556852,69.3819682,trunk
22804149,6,41.2550593,69.3827634,trunk
22804149,7,41.2547887,69.3831073,trunk
22804150,0,41.2611648,69.3758572,trunk
22804150,1,41.26199,69.3751503,trunk
22804151,0,41.2619482,69.3750644,trunk
22804151,1,41.2611263,69.3757781,trunk
22804152,0,41.2622718,69.3747709,trunk
22804152,1,41.2623137,69.3746651,trunk
22804152,2,41.2623844,69.3744624,trunk
22804152,3,41.2624378,69.3742173,trunk
22804152,4,41.2624778,69.3739703,trunk
22804152,5,41.2624901,69.373843,trunk
22804152,6,41.2625034,69.3736922,trunk
22804152,7,41.2625081,69.3736279,trunk
22804152,8,41.2625191,69.3735448,trunk
22804152,9,41.2625352,69.373493,trunk
22804152,10,41.2625647,69.3734405,trunk
22804152,11,41.2662774,69.3687686,trunk
22804152,12,41.2663576,69.3686677,trunk
22804152,13,41.2669568,69.367915,trunk
22804152,14,41.2670611,69.3677839,trunk
22804152,15,41.267101,69.3677444,trunk
22804152,16,41.2671416,69.3677072,trunk
22804152,17,41.2671818,69.3676736,trunk
22804152,18,41.2672274,69.3676425,trunk
22804152,19,41.2672811,69.3676156,trunk
22804152,20,41.2673397,69.3675912,trunk
22804152,21,41.2674628,69.3675481,trunk
22804152,22,41.2675546,69.3675214,trunk
22804152,23,41.2676464,69.3674947,trunk
22804152,24,41.2676954,69.3674825,trunk
22804613,0,41.1628591,69.3271814,trunk
22804613,1,41.1642736,69.327488,trunk
22804613,2,41.1648018,69.3275635,trunk
22804613,3,41.1654675,69.327659,trunk
22804672,0,41.2347452,69.3331432,trunk
22804672,1,41.2360304,69.3321534,trunk
22804674,0,41.2333303,69.3342633,trunk
22804674,1,41.2329935,69.3345884,trunk
22804674,2,41.2326411,69.3349106,trunk
22804674,3,41.2325664,69.3349832,trunk
22804674,4,41.2324286,69.3351214,trunk
22804674,5,41.2323186,69.3352239,trunk
22804674,6,41.2321996,69.3353203,trunk
22804674,7,41.2320839,69.3354034,trunk
22804674,8,41.231993,69.3354687,trunk
22804674,9,41.2317991,69.3355833,trunk
22804674,10,41.2316058,69.3356842,trunk
22804674,11,41.2314638,69.3357366,trunk
22804674,12,41.2312825,69.3357782,trunk
22804674,13,41.2311025,69.3358129,trunk
22804674,14,41.2305994,69.3358461,trunk
22804674,15,41.2293346,69.335886,trunk
22804674,16,41.2290998,69.335889,trunk
22804674,17,41.2289714,69.3358907,trunk
22804674,18,41.228732,69.3358696,trunk
22804681,0,41.2360304,69.3321534,trunk
22804681,1,41.2363815,69.3318712,trunk
22804681,2,41.2364738,69.3318045,trunk
22804681,3,41.2365653,69.3317479,trunk
22804681,4,41.2367563,69.3316421,trunk
22806151,0,41.2676095,69.3661363,trunk
22806151,1,41.26734,69.3661596,trunk
22806151,2,41.2671524,69.3661511,trunk
22806151,3,41.2670762,69.3661389,trunk
22806151,4,41.2669879,69.3661053,trunk
22806151,5,41.2666676,69.365908,trunk
22806151,6,41.2664005,69.3657263,trunk
22806151,7,41.2653297,69.3650213,trunk
22806151,8,41.2644952,69.3644522,trunk
22806151,9,41.2636543,69.3638597,trunk
22806308,0,41.2367238,69.3315482,trunk
22806308,1,41.236543,69.3316551,trunk
22806308,2,41.2364532,69.3317146,trunk
22806308,3,41.2363663,69.3317811,trunk
22806308,4,41.2359886,69.3320587,trunk
22813261,0,41.252928,69.160724,trunk
22813261,1,41.25344,69.1599534,trunk
22813261,2,41.2539059,69.159206,trunk
22813391,0,41.3449623,69.2865162,primary
22813391,1,41.3444661,69.2864179,primary
22813391,2,41.3430424,69.2861483,primary
22813391,3,41.3426203,69.2860672,primary
22813391,4,41.3423156,69.28601,primary
22813391,5,41.342265,69.2860003,primary
22813391,6,41.3421688,69.2859808,primary
22813391,7,41.3399849,69.2855757,primary
22813391,8,41.3398483,69.2855503,primary
22813391,9,41.3397358,69.2855293,primary
22813401,0,41.3449397,69.2867087,primary
22813401,1,41.3455937,69.28683,primary
22813408,0,41.3456165,69.2866357,primary
22813408,1,41.3452664,69.2865718,primary
22813408,2,41.3449623,69.2865162,primary
22813411,0,41.367467,69.2858116,primary
22813411,1,41.3674816,69.2857814,primary
22813411,2,41.3674957,69.2857481,primary
22813411,3,41.3675075,69.2857157,primary
22813411,4,41.3675178,69.2856821,primary
22813411,5,41.3675265,69.2856473,primary
22813411,6,41.3675325,69.2856112,primary
22813411,7,41.3675364,69.2855749,primary
22813411,8,41.3675382,69.2855388,primary
22813411,9,41.3675379,69.2855047,primary
22813507,0,41.312183,69.2808383,primary
22813507,1,41.3125438,69.2802628,primary
22813507,2,41.3125673,69.2802362,primary
22813507,3,41.3125941,69.2802147,primary
22813507,4,41.3126207,69.2802013,primary
22813507,5,41.3126499,69.2801917,primary
22813507,6,41.3127015,69.2801837,primary
22813507,7,41.3127565,69.2801814,primary
22813507,8,41.3128632,69.2801888,primary
22813507,9,41.3129708,69.2802114,primary
22813507,10,41.3146233,69.2805911,primary
22813507,11,41.3147906,69.2806295,primary
22813507,12,41.3150724,69.2806943,primary
22813563,0,41.3455937,69.28683,primary
22813563,1,41.3469933,69.287095,primary
22813563,2,41.3483901,69.2873242,primary
22813563,3,41.3484547,69.2873354,primary
22813563,4,41.3488932,69.2874117,primary
22813564,0,41.3621492,69.2888845,primary
22813564,1,41.3619653,69.2889751,primary
22813564,2,41.3617674,69.289056,primary
22813564,3,41.3615667,69.2891321,primary
22813564,4,41.3612909,69.2892124,primary
22813564,5,41.3610864,69.2892569,primary
22814575,0,41.1784968,69.4085829,trunk
22814575,1,41.1781533,69.4088101,trunk
22814575,2,41.1774227,69.4092959,trunk
22814589,0,41.2097284,69.3335338,trunk
22814589,1,41.2088428,69.3334083,trunk
22814589,2,41.2084199,69.3333483,trunk
22814589,3,41.2076879,69.3332327,trunk
22814589,4,41.2059689,69.332961,trunk
22814589,5,41.205318,69.3328604,trunk
22814589,6,41.2052635,69.332852,trunk
22814589,7,41.204521,69.332746,trunk
22819470,0,41.2805539,69.1954036,trunk
22819470,1,41.2807284,69.1952291,trunk
22819470,2,41.2808204,69.1951469,trunk
22819470,3,41.2808924,69.1950842,trunk
22819470,4,41.2809644,69.1950244,trunk
22819470,5,41.2810118,69.1949895,trunk
22819470,6,41.2810616,69.1949547,trunk
22819470,7,41.2811134,69.1949225,trunk
22819470,8,41.2811555,69.1948982,trunk
22819470,9,41.2811975,69.1948762,trunk
22819470,10,41.2812405,69.1948578,trunk
22819470,11,41.2812847,69.1948387,trunk
22819470,12,41.2813162,69.1948265,trunk
22819470,13,41.2813477,69.1948155,trunk
22819470,14,41.2813806,69.1948055,trunk
22819470,15,41.2814144,69.1947968,trunk
22819470,16,41.2815856,69.1947867,trunk
22819470,17,41.2818774,69.1947695,trunk
22819470,18,41.2826147,69.1947246,trunk
22819470,19,41.2835092,69.1946733,trunk
22819470,20,41.2837374,69.1946621,trunk
22819470,21,41.2839763,69.1946545,trunk
22819470,22,41.2844853,69.1946392,trunk
22819470,23,41.284879,69.1946269,trunk
22819470,24,41.2850441,69.1946197,trunk
22819470,25,41.2852983,69.1946129,trunk
22819470,26,41.2864328,69.1945702,trunk
22819470,27,41.2864702,69.1945688,trunk
22819470,28,41.2867131,69.1945596,trunk
22819600,0,41.3185108,69.3112724,trunk
22819600,1,41.3178568,69.3110577,trunk
22819600,2,41.3175651,69.3109632,trunk
22819600,3,41.3172304,69.3108242,trunk
22819602,0,41.3226827,69.3126514,trunk
22819602,1,41.3217235,69.3123334,trunk
22819603,0,41.3226898,69.3128056,trunk
22819603,1,41.3235644,69.3131131,trunk
22819603,2,41.3252592,69.3136916,trunk
22819603,3,41.3270014,69.3142554,trunk
22819603,4,41.3273433,69.314352,trunk
22819603,5,41.3275479,69.3143942,trunk
22819603,6,41.3277533,69.3144244,trunk
22819603,7,41.3280952,69.3144447,trunk
22819603,8,41.3283202,69.3144318,trunk
22819603,9,41.3285404,69.3144125,trunk
22819603,10,41.3287245,69.3143851,trunk
22819603,11,41.3289075,69.3143516,trunk
22819603,12,41.3291317,69.3142928,trunk
22819603,13,41.3293925,69.3142088,trunk
22819603,14,41.3295159,69.3141577,trunk
22819603,15,41.3296389,69.3140984,trunk
22819603,16,41.3303214,69.3137445,trunk
22819606,0,41.3076867,69.3020327,trunk
22819606,1,41.307168,69.3011964,trunk
22819610,0,41.3499498,69.218343,trunk
22819610,1,41.3497478,69.2181398,trunk
22819610,2,41.3493476,69.2177244,trunk
22819610,3,41.3483699,69.2167117,trunk
22819610,4,41.3479009,69.2162254,trunk
22819610,5,41.3478228,69.2161445,trunk
22819610,6,41.3476957,69.216011,trunk
22871657,0,41.2441399,69.2016879,primary
22871657,1,41.2443757,69.2020368,primary
22871657,2,41.2445232,69.2022549,primary
22871657,3,41.2448986,69.2027735,primary
22871657,4,41.2452349,69.2032496,primary
22871657,5,41.2456593,69.2038339,primary
22871657,6,41.2461762,69.2045503,primary
22871657,7,41.2464366,69.204975,primary
22871657,8,41.2465502,69.205199,primary
22871657,9,41.2466463,69.2054297,primary
22871657,10,41.2467278,69.2056106,primary
22871657,11,41.2468741,69.2059771,primary
22871657,12,41.2470029,69.2063537,primary
22871657,13,41.2472219,69.2070358,primary
22871657,14,41.2473812,69.2074783,primary
22871657,15,41.2474781,69.2076956,primary
22871657,16,41.2475777,69.2079095,primary
22871657,17,41.2481287,69.2088467,primary
22871657,18,41.2486207,69.2096292,primary
22871657,19,41.2490707,69.210345,primary
22871657,20,41.2490859,69.2103693,primary
22871657,21,41.250195,69.212034,primary
22871657,22,41.2508661,69.21303,primary
22871657,23,41.2510436,69.2132745,primary
22871657,24,41.2516964,69.2141736,primary
22871657,25,41.2523806,69.2150996,primary
22871657,26,41.2525139,69.2152799,primary
22871657,27,41.2525728,69.2153701,primary
22871660,0,41.2503651,69.1830311,primary
22871660,1,41.2502188,69.1827951,primary
22871660,2,41.2498912,69.1822579,primary
22871660,3,41.2495801,69.1817491,primary
22871660,4,41.2489503,69.1806721,primary
22871660,5,41.2487367,69.1803423,primary
22871660,6,41.2480629,69.1792544,primary
22871660,7,41.2470573,69.1775929,primary
22871660,8,41.2466481,69.1769249,primary
22871660,9,41.246401,69.1765174,primary
22871660,10,41.2459088,69.1757177,primary
22871660,11,41.2456789,69.1753674,primary
22871660,12,41.2452196,69.1746876,primary
22871660,13,41.2450445,69.1744444,primary
22871660,14,41.2448632,69.1742067,primary
22871660,15,41.2445313,69.173782,primary
22871660,16,41.2441617,69.1733367,primary
22871660,17,41.2437804,69.1729087,primary
22871660,18,41.2432928,69.17241,primary
22871660,19,41.2421235,69.1712094,primary
22871669,0,41.2543956,69.1954431,primary
22871669,1,41.2543784,69.1955703,primary
22871669,2,41.2543623,69.1956988,primary
22871669,3,41.2543519,69.1958023,primary
22871669,4,41.2543433,69.1959076,primary
22871669,5,41.2543367,69.196029,primary
22871669,6,41.2543316,69.19615,primary
22871669,7,41.2543233,69.1963923,primary
22871671,0,41.2571072,69.1917051,primary
22871671,1,41.2552061,69.1937616,primary
22871672,0,41.2552509,69.1938366,primary
22871672,1,41.2571509,69.1917766,primary
22871682,0,41.2388848,69.1679608,trunk
22871682,1,41.2384487,69.1675328,trunk
22871684,0,41.2386862,69.1680374,trunk
22871684,1,41.2388385,69.1681859,trunk
22871684,2,41.2397447,69.16908,trunk
22871685,0,41.2382486,69.1676025,trunk
22871685,1,41.2386862,69.1680374,trunk
22871705,0,41.2970325,69.1505951,trunk
22871705,1,41.296748,69.1505626,trunk
22871705,2,41.2965641,69.1505416,trunk
22871705,3,41.2962426,69.1504995,trunk
22871705,4,41.295896,69.1504547,trunk
22871705,5,41.2954981,69.150402,trunk
22871705,6,41.2949444,69.1503314,trunk
22871705,7,41.2945194,69.1502773,trunk
22871705,8,41.2940298,69.1502149,trunk
22871705,9,41.2925833,69.1500233,trunk
22871705,10,41.2918447,69.1499258,trunk
22871705,11,41.2914915,69.1498832,trunk
22871705,12,41.2907731,69.1497911,trunk
22871705,13,41.2906255,69.1497739,trunk
22871823,0,41.2501646,69.2177614,primary
22871823,1,41.2503954,69.2177215,primary
22871823,2,41.2509032,69.2176338,primary
22871823,3,41.251061,69.2176065,primary
22871823,4,41.2516602,69.2175029,primary
22871823,5,41.2517085,69.2174945,primary
22871823,6,41.252319,69.2173949,primary
22871824,0,41.2582663,69.218687,primary
22871824,1,41.2584344,69.2192893,primary
22871824,2,41.2585571,69.2197993,primary
22871824,3,41.2586917,69.2203789,primary
22871824,4,41.2588022,69.2208947,primary
22871824,5,41.2588187,69.2209677,primary
22871824,6,41.2591236,69.2223136,primary
22871824,7,41.2591741,69.2225388,primary
22871824,8,41.2592414,69.2228374,primary
22871824,9,41.2593302,69.2232309,primary
22871824,10,41.2593979,69.2235312,primary
22871824,11,41.2594336,69.2236914,primary
22887830,0,41.394696,69.2280129,trunk
22887830,1,41.3948326,69.2282306,trunk
22887830,2,41.3950877,69.2286372,trunk
22887832,0,41.3950877,69.2286372,trunk
22887832,1,41.3964562,69.2308819,trunk
22887832,2,41.3965952,69.2311393,trunk
22887832,3,41.3967587,69.2314331,trunk
22887832,4,41.3969157,69.2317328,trunk
22887832,5,41.3970179,69.2319515,trunk
22887832,6,41.3971131,69.2321782,trunk
22887832,7,41.3972049,69.2324062,trunk
22887832,8,41.3972926,69.2326343,trunk
22887832,9,41.3973827,69.2328692,trunk
22887832,10,41.3974712,69.2331051,trunk
22887832,11,41.3975528,69.233339,trunk
22887832,12,41.3976321,69.2335759,trunk
22887832,13,41.3977053,69.2338171,trunk
22887832,14,41.397774,69.2340613,trunk
22887832,15,41.3978364,69.2343071,trunk
22887832,16,41.3978951,69.2345546,trunk
22887832,17,41.3979506,69.2348059,trunk
22887832,18,41.3980033,69.2350571,trunk
22887832,19,41.3980483,69.2353069,trunk
22887832,20,41.3980926,69.2355567,trunk
22887832,21,41.3981242,69.235742,trunk
22887832,22,41.3981354,69.2358078,trunk
22887832,23,41.3981754,69.2360607,trunk
22887832,24,41.3982072,69.2363134,trunk
22887832,25,41.3982355,69.2365661,trunk
22887832,26,41.3982425,69.2366455,trunk
22887832,27,41.3982798,69.2370837,trunk
22887832,28,41.3982933,69.2373418,trunk
22887832,29,41.3983014,69.2376,trunk
22887832,30,41.3983027,69.2377378,trunk
22887832,31,41.3983063,69.2381108,trunk
22887832,32,41.3983051,69.2386225,trunk
22887832,33,41.3982878,69.2391795,trunk
22887832,34,41.3982801,69.2394052,trunk
22887832,35,41.3982734,69.2396003,trunk
22887832,36,41.3982666,69.2397993,trunk
22887832,37,41.3982442,69.2404589,trunk
22887832,38,41.3982342,69.240752,trunk
22887832,39,41.3982317,69.2408253,trunk
22887832,40,41.3982242,69.241045,trunk
22887832,41,41.3982112,69.2414544,trunk
22887832,42,41.398191,69.242089,trunk
22887832,43,41.3981204,69.2443038,trunk
22887832,44,41.3980097,69.2481758,trunk
22887832,45,41.3979571,69.2499658,trunk
22887832,46,41.3979462,69.2503359,trunk
22887832,47,41.3979406,69.2505278,trunk
22887832,48,41.397854,69.2532349,trunk
22887832,49,41.3978446,69.2534875,trunk
22887832,50,41.3978083,69.254457,trunk
22887832,51,41.3977639,69.255645,trunk
22887832,52,41.3977306,69.256536,trunk
22887832,53,41.3977186,69.25678,trunk
22887832,54,41.3977053,69.257051,trunk
22887832,55,41.3976898,69.2572903,trunk
22887832,56,41.397674,69.2575342,trunk
22887832,57,41.3976605,69.2576861,trunk
22887832,58,41.3976277,69.2580569,trunk
22887832,59,41.3976206,69.2581179,trunk
22887832,60,41.3975866,69.2584085,trunk
22887832,61,41.3975642,69.2585999,trunk
22887832,62,41.3975182,69.2588828,trunk
22887832,63,41.3974975,69.2590099,trunk
22887832,64,41.3974231,69.2593764,trunk
22887832,65,41.3974061,69.2594541,trunk
22887832,66,41.3973606,69.2596613,trunk
22887832,67,41.3973441,69.2597365,trunk
22887832,68,41.3972679,69.2600581,trunk
22887832,69,41.397183,69.2603804,trunk
22887832,70,41.3971046,69.2606489,trunk
22887832,71,41.3970936,69.2606875,trunk
22887832,72,41.3970193,69.2609496,trunk
22887840,0,41.3837385,69.2900951,trunk
22887840,1,41.3836904,69.2899389,trunk
22887840,2,41.383657,69.2897828,trunk
22887840,3,41.3836378,69.2896252,trunk
22887840,4,41.383625,69.2894686,trunk
22887840,5,41.3835995,69.2889156,trunk
22887840,6,41.3835864,69.2885355,trunk
22887840,7,41.3835799,69.2881541,trunk
22887840,8,41.3835787,69.2877739,trunk
22887840,9,41.3835821,69.2873927,trunk
22887840,10,41.3835933,69.2870089,trunk
22887840,11,41.3836119,69.2866313,trunk
22887840,12,41.3836381,69.2862581,trunk
22887840,13,41.3836679,69.2858909,trunk
22887840,14,41.3836971,69.2856102,trunk
22887840,15,41.3837331,69.2853246,trunk
22887840,16,41.3837781,69.2850148,trunk
22887840,17,41.38384,69.284683,trunk
22887840,18,41.3839125,69.2843554,trunk
22887840,19,41.3839871,69.2840532,trunk
22887840,20,41.3840413,69.2838576,trunk
22887840,21,41.384102,69.2836598,trunk
22887841,0,41.3951807,69.2285247,trunk
22887841,1,41.3947905,69.2279032,trunk
22887916,0,41.3792222,69.2201904,primary
22887916,1,41.379381,69.2200353,primary
22887916,2,41.3795402,69.2198759,primary
22887916,3,41.3797053,69.2197115,primary
22887916,4,41.3798446,69.2195728,primary
22888137,0,41.3947905,69.2279032,trunk
22888137,1,41.3936894,69.2261494,trunk
22888137,2,41.3934043,69.2256954,trunk
22888137,3,41.3928777,69.2248567,trunk
22888137,4,41.3927122,69.2245931,trunk
22888137,5,41.3905722,69.2211849,trunk
22888137,6,41.3905013,69.221072,trunk
22888137,7,41.3899886,69.2202553,trunk
22888137,8,41.3887834,69.218336,trunk
22888137,9,41.3884963,69.2178787,trunk
22888137,10,41.3879342,69.2169835,trunk
22888137,11,41.3874208,69.2161659,trunk
22888137,12,41.3872845,69.2159489,trunk
22888138,0,41.3054447,69.1517948,trunk
22888138,1,41.30581,69.1518436,trunk
22888142,0,41.30581,69.1518436,trunk
22888142,1,41.3058874,69.1518538,trunk
22888142,2,41.3064405,69.1519272,trunk
22888142,3,41.3084298,69.1521911,trunk
22888157,0,41.2528402,69.1606435,trunk
22888157,1,41.2526842,69.1608812,trunk
22888157,2,41.2523111,69.1614037,trunk
22888157,3,41.2517988,69.1620063,trunk
22888157,4,41.2512663,69.1625513,trunk
22888157,5,41.2507081,69.1630817,trunk
22888157,6,41.2504095,69.1633383,trunk
22888157,7,41.2502056,69.1634863,trunk
22888157,8,41.2498379,69.1637086,trunk
22888157,9,41.249484,69.1639074,trunk
22888157,10,41.2489415,69.1641952,trunk
22888157,11,41.2488015,69.1642559,trunk
22888157,12,41.2483523,69.1644157,trunk
22888157,13,41.2457157,69.1652939,trunk
22888157,14,41.2411587,69.1667878,trunk
22888170,0,41.2839713,69.1487858,trunk
22888170,1,41.2843546,69.1488962,trunk
22888170,2,41.2848188,69.1490194,trunk
22888170,3,41.2852855,69.1491289,trunk
22888170,4,41.2859838,69.1492903,trunk
22888170,5,41.2865153,69.1493966,trunk
22888170,6,41.286917,69.1494583,trunk
22888171,0,41.2773296,69.1465116,trunk
22888171,1,41.276576,69.1464565,trunk
22888171,2,41.2761385,69.1464603,trunk
22888171,3,41.2751069,69.146517,trunk
22888171,4,41.2750731,69.1465189,trunk
22888171,5,41.2734291,69.1466095,trunk
22888171,6,41.2732187,69.1466183,trunk
22888171,7,41.2728467,69.1466383,trunk
22888171,8,41.2727395,69.1466446,trunk
22888171,9,41.2724202,69.1466634,trunk
22888171,10,41.2722927,69.1466708,trunk
22888171,11,41.271998,69.1466881,trunk
22888171,12,41.2708009,69.1467474,trunk
22888171,13,41.2698553,69.1467942,trunk
22888171,14,41.2697813,69.1467975,trunk
22888171,15,41.2680697,69.1468988,trunk
22888171,16,41.2675486,69.1469272,trunk
22888171,17,41.2662736,69.1469964,trunk
22888171,18,41.2651336,69.1470669,trunk
22888171,19,41.2648501,69.1470969,trunk
22888171,20,41.2645665,69.1471462,trunk
22888171,21,41.2641899,69.147224,trunk
22888171,22,41.2639589,69.1472851,trunk
22888171,23,41.2637319,69.1473605,trunk
22888171,24,41.2635029,69.1474353,trunk
22888171,25,41.2632739,69.1475167,trunk
22888171,26,41.2628415,69.1476985,trunk
22888171,27,41.2624676,69.1478847,trunk
22888171,28,41.2620576,69.1481161,trunk
22888171,29,41.2616569,69.1483773,trunk
22888171,30,41.2613908,69.1485725,trunk
22888171,31,41.2611378,69.1487656,trunk
22888171,32,41.2610574,69.1488305,trunk
22888171,33,41.2609777,69.1488948,trunk
22888172,0,41.2806118,69.1476371,trunk
22888172,1,41.2814259,69.1479217,trunk
22888174,0,41.2814513,69.1477888,trunk
22888174,1,41.2806375,69.1474933,trunk
23741504,0,41.2602563,69.2254195,primary
23741504,1,41.2601578,69.2252989,primary
23741504,2,41.2601098,69.2252249,primary
25889531,0,41.319134,69.311675,trunk
25889531,1,41.3208412,69.3122097,trunk
25889532,0,41.3191677,69.311493,trunk
25889532,1,41.3185108,69.3112724,trunk
25889535,0,41.3184769,69.311456,trunk
25889535,1,41.319134,69.311675,trunk
30168663,0,41.2097177,69.3336707,trunk
30168663,1,41.2105029,69.3337809,trunk
30168663,2,41.2107063,69.3338105,trunk
30168663,3,41.2117951,69.3339557,trunk
30168663,4,41.2119561,69.3339772,trunk
30168663,5,41.2122673,69.334025,trunk
30168663,6,41.2135902,69.3342406,trunk
30168663,7,41.2145541,69.3343623,trunk
30168663,8,41.2148907,69.3344048,trunk
30168663,9,41.2156,69.3344945,trunk
30168663,10,41.2156972,69.3345067,trunk
30168663,11,41.2158037,69.3345202,trunk
30168676,0,41.1188162,69.3193859,trunk
30168676,1,41.122063,69.3191519,trunk
30168676,2,41.1242936,69.3189722,trunk
30168676,3,41.1285147,69.3186739,trunk
30168676,4,41.1294396,69.3186142,trunk
30168676,5,41.1305083,69.3185431,trunk
30168676,6,41.1312033,69.3185136,trunk
30168676,7,41.1316689,69.3185042,trunk
30168676,8,41.1327649,69.3185283,trunk
30168676,9,41.1339942,69.3185431,trunk
30168676,10,41.1348235,69.3185002,trunk
30168676,11,41.1356893,69.3184326,trunk
30168676,12,41.1358709,69.3184184,trunk
30168676,13,41.1378203,69.3182266,trunk
30168676,14,41.140212,69.3179932,trunk
30168676,15,41.1418519,69.3178779,trunk
30168676,16,41.1428914,69.3178135,trunk
30168676,17,41.1435206,69.3178041,trunk
30168676,18,41.1439017,69.3178305,trunk
30168676,19,41.1443457,69.3178967,trunk
30168676,20,41.1446043,69.3179677,trunk
30168676,21,41.1448759,69.3180415,trunk
30168676,22,41.1451193,69.318134,trunk
30168676,23,41.1455808,69.3183419,trunk
30168676,24,41.1464605,69.318759,trunk
30168676,25,41.1478581,69.3194376,trunk
30168676,26,41.1510705,69.3210389,trunk
30168676,27,41.1527276,69.3218704,trunk
30168676,28,41.1535152,69.3223156,trunk
30168676,29,41.1539433,69.3226133,trunk
30168676,30,41.1557427,69.3240148,trunk
30168676,31,41.1568165,69.3248548,trunk
30168676,32,41.1573129,69.3251909,trunk
30168676,33,41.1578117,69.3254846,trunk
30168676,34,41.1584326,69.325773,trunk
30168676,35,41.158887,69.3259393,trunk
30168676,36,41.1595272,69.3261351,trunk
30168676,37,41.1600746,69.3263082,trunk
30168676,38,41.1628591,69.3271814,trunk
30168765,0,41.2393394,69.3301464,primary
30168765,1,41.2406392,69.3293883,primary
30168765,2,41.240735,69.3293272,primary
30168765,3,41.2408718,69.3292328,primary
30168765,4,41.2410017,69.3291338,primary
30168766,0,41.2393119,69.330055,trunk
30168766,1,41.2378228,69.3309158,trunk
30168766,2,41.2375511,69.3310728,trunk
30168766,3,41.2367238,69.3315482,trunk
30168769,0,41.2367563,69.3316421,trunk
30168769,1,41.2373187,69.3313189,trunk
30168769,2,41.2375843,69.3311663,trunk
30168813,0,41.2618676,69.3170677,primary
30168813,1,41.2612689,69.3174028,primary
30168813,2,41.2607214,69.3177093,primary
30168813,3,41.2598825,69.3181932,primary
30168813,4,41.2597506,69.3182664,primary
30168813,5,41.2595157,69.3183969,primary
30168813,6,41.2589726,69.3186984,primary
30168813,7,41.2587534,69.3188202,primary
30168813,8,41.2581886,69.3191338,primary
30168813,9,41.2577534,69.3193815,primary
30168813,10,41.2570487,69.3197826,primary
30168813,11,41.2567606,69.3199466,primary
30168896,0,41.2909328,69.2841888,trunk
30168896,1,41.2915303,69.2853885,trunk
30168896,2,41.2918333,69.2861283,trunk
30168896,3,41.2920083,69.2864969,trunk
30168896,4,41.292193,69.2868535,trunk
30168896,5,41.2923766,69.2871719,trunk
30168896,6,41.292958,69.2880932,trunk
30168917,0,41.2939921,69.29723,primary
30168917,1,41.2958835,69.2954096,primary
30271086,0,41.2652928,69.2642057,primary
30271086,1,41.2652211,69.2642644,primary
30271086,2,41.265175,69.2642957,primary
30271086,3,41.265126,69.264327,primary
30271086,4,41.2650791,69.2643536,primary
30271086,5,41.2650324,69.2643738,primary
30271086,6,41.2649856,69.2643906,primary
30271086,7,41.2649381,69.264406,primary
30271086,8,41.2648899,69.26442,primary
30271086,9,41.2644689,69.2645157,primary
31742410,0,41.3114504,69.2427776,primary
31742410,1,41.3114176,69.2427912,primary
31742410,2,41.3113821,69.2428002,primary
31742410,3,41.3112578,69.2428225,primary
31742410,4,41.3111181,69.2428243,primary
31742410,5,41.3095812,69.2426811,primary
31742410,6,41.3094185,69.2426736,primary
31742410,7,41.309355,69.2426754,primary
31742410,8,41.3092903,69.2426806,primary
31742410,9,41.3092261,69.2426876,primary
31742410,10,41.3091834,69.2426997,primary
31742410,11,41.3091293,69.2427206,primary
31742410,12,41.3090887,69.2427424,primary
31742410,13,41.3090346,69.2427791,primary
31742410,14,41.307958,69.2437599,primary
31742410,15,41.3078876,69.243824,primary
31742410,16,41.3073991,69.244269,primary
31742410,17,41.3073684,69.2442971,primary
31742410,18,41.3071504,69.2444942,primary
31742410,19,41.30676,69.2448599,primary
31742410,20,41.3064126,69.245181,primary
31742410,21,41.3054511,69.2460957,primary
31742410,22,41.3052305,69.2463172,primary
31742410,23,41.305099,69.2464524,primary
31742414,0,41.300097,69.2488868,primary
31742414,1,41.300016,69.2489245,primary
31742414,2,41.2998967,69.2489801,primary
31742415,0,41.3002426,69.2491951,primary
31742415,1,41.3005479,69.2490705,primary
31742415,2,41.3010321,69.2488685,primary
31742416,0,41.3009605,69.2485537,primary
31742416,1,41.300097,69.2488868,primary
31742449,0,41.3121131,69.2413673,primary
31742449,1,41.3120105,69.2413173,primary
31742449,2,41.3119003,69.2412595,primary
31742449,3,41.3117882,69.2411966,primary
31742449,4,41.3116771,69.2411281,primary
31742449,5,41.3115677,69.2410596,primary
31742449,6,41.3114584,69.2409854,primary
31742449,7,41.3113547,69.2409103,primary
31742449,8,41.3112536,69.2408295,primary
31742449,9,41.3101792,69.2399783,primary
31742450,0,41.306951,69.2374233,primary
31742450,1,41.3020142,69.2335227,primary
31742450,2,41.3013743,69.2329341,primary
31742676,0,41.3111056,69.2603005,primary
31742676,1,41.3111729,69.2596478,primary
31742679,0,41.3111875,69.2593138,primary
31742679,1,41.3112229,69.2585048,primary
31742680,0,41.3110673,69.2596251,primary
31742680,1,41.311,69.2602847,primary
31742698,0,41.3010321,69.2488685,primary
31742698,1,41.3013489,69.2487469,primary
31742698,2,41.3017462,69.2485763,primary
31742698,3,41.3018506,69.2485347,primary
31742698,4,41.3018796,69.2485235,primary
31742698,5,41.3019319,69.2485042,primary
31743069,0,41.2974879,69.1748086,primary
31743069,1,41.2977561,69.1745982,primary
31743069,2,41.2978418,69.174531,primary
31743069,3,41.2980911,69.1743335,primary
31743069,4,41.2982385,69.1742168,primary
31743069,5,41.2982809,69.1741834,primary
31743069,6,41.298339,69.1741377,primary
31743071,0,41.2963463,69.1756922,primary
31743071,1,41.2974879,69.1748086,primary
31743156,0,41.2974335,69.1746848,primary
31743156,1,41.2962944,69.1755751,primary
31743198,0,41.2962944,69.1755751,primary
31743198,1,41.2958362,69.1759458,primary
31743198,2,41.2955427,69.1761833,primary
31743198,3,41.295479,69.1762325,primary
31743198,4,41.2953598,69.1763191,primary
31743200,0,41.2615238,69.2251303,trunk
31743200,1,41.2621799,69.2241107,trunk
31788239,0,41.3031877,69.2789155,primary
31788239,1,41.3033242,69.278758,primary
31788239,2,41.3034142,69.2786632,primary
31788239,3,41.3035042,69.2785765,primary
31788239,4,41.3035346,69.2785501,primary
31854903,0,41.3079023,69.2789889,primary
31854903,1,41.3074298,69.2788873,primary
31854903,2,41.3057964,69.2785334,primary
31854903,3,41.3056482,69.2784964,primary
31855016,0,41.3108725,69.2624946,primary
31855016,1,41.3108207,69.2632152,primary
31855016,2,41.3108075,69.2633345,primary
31855016,3,41.310795,69.2634433,primary
31855016,4,41.3107795,69.2635742,primary
31855016,5,41.3107604,69.2636939,primary
31855016,6,41.3107393,69.2638143,primary
31855016,7,41.3107161,69.2639341,primary
31855016,8,41.3106902,69.2640509,primary
31855016,9,41.3106617,69.2641668,primary
31855016,10,41.3106455,69.2642259,primary
31855016,11,41.3106306,69.2642808,primary
31855016,12,41.3106026,69.2643752,primary
31855016,13,41.3105976,69.2643929,primary
31876591,0,41.3102402,69.2811494,primary
31876591,1,41.3105116,69.2815324,primary
31876591,2,41.3105252,69.281558,primary
31876591,3,41.3105347,69.2815855,primary
31876591,4,41.3105418,69.2816145,primary
31876591,5,41.310546,69.2816442,primary
31876591,6,41.3105476,69.2816745,primary
31876591,7,41.3105465,69.2817044,primary
31876591,8,41.3105438,69.2817349,primary
31876591,9,41.310538,69.2817652,primary
31876591,10,41.310146,69.2831974,primary
31876591,11,41.3098319,69.2843448,primary
31876591,12,41.3097961,69.2844755,primary
31888138,0,41.2941842,69.2891026,primary
31888138,1,41.294171,69.2890008,primary
31888138,2,41.2941522,69.2888973,primary
31892216,0,41.3056189,69.2637781,primary
31892216,1,41.3055381,69.2637425,primary
31905087,0,41.2921747,69.2858063,primary
31905087,1,41.2919313,69.2854357,primary
31905087,2,41.2917351,69.2851393,primary
31905087,3,41.291473,69.284723,primary
31905317,0,41.2950799,69.2910083,primary
31905317,1,41.2949276,69.2907219,primary
31905317,2,41.2943576,69.2898517,primary
31905317,3,41.2943335,69.2898058,primary
31905317,4,41.2943109,69.2897574,primary
31905317,5,41.2942818,69.2896845,primary
31905317,6,41.2942577,69.2896044,primary
31905317,7,41.2942387,69.2895201,primary
31905317,8,41.2942206,69.2894314,primary
31953678,0,41.3213953,69.2829238,primary
31953678,1,41.3209445,69.2864889,primary
31954862,0,41.3073968,69.298961,primary
31954862,1,41.3074246,69.2991151,primary
31954862,2,41.3074385,69.2991924,primary
31954862,3,41.3074729,69.2994365,primary
31970531,0,41.3187991,69.2716371,primary
31970531,1,41.3185931,69.2715773,primary
31971999,0,41.3205452,69.264722,primary
31971999,1,41.3205568,69.2646581,primary
31975560,0,41.3294169,69.272954,primary
31975560,1,41.3303176,69.2717196,primary
31975576,0,41.3302268,69.2716035,primary
31975576,1,41.3293288,69.2728415,primary
31983257,0,41.3293288,69.2728415,primary
31983257,1,41.329242,69.2729686,primary
31983257,2,41.3291294,69.2731397,primary
31983257,3,41.329024,69.2733187,primary
31983257,4,41.328973,69.2734092,primary
31983257,5,41.3289236,69.2735024,primary
31983257,6,41.3288555,69.2736402,primary
31983257,7,41.3288208,69.2737136,primary
31983257,8,41.3287866,69.2737878,primary
31983257,9,41.328754,69.2738599,primary
31983257,10,41.3287217,69.2739333,primary
31983257,11,41.3286984,69.2739886,primary
31983257,12,41.3286751,69.274044,primary
31983257,13,41.3286506,69.274108,primary
31983257,14,41.3286267,69.2741719,primary
31983257,15,41.3285911,69.2743542,primary
32003426,0,41.3189175,69.2711211,primary
32003426,1,41.3188824,69.271274,primary
32003429,0,41.320013,69.2671009,primary
32003429,1,41.3200216,69.2670693,primary
32003429,2,41.3200282,69.2670363,primary
32003442,0,41.3199087,69.2675546,primary
32003442,1,41.320013,69.2671009,primary
32003443,0,41.319856,69.2670315,primary
32003443,1,41.3197524,69.2674829,primary
32010968,0,41.3221356,69.2819995,primary
32010968,1,41.322056,69.2818533,primary
32010968,2,41.3220364,69.2818069,primary
32010968,3,41.3220178,69.2817411,primary
32010968,4,41.3220066,69.2816734,primary
32010968,5,41.3220004,69.2816006,primary
32010968,6,41.3220032,69.2815279,primary
32010968,7,41.32206,69.2810158,primary
32010968,8,41.3220841,69.2808064,primary
32010968,9,41.3221884,69.2799339,primary
32010968,10,41.322267,69.279271,primary
32010971,0,41.3218367,69.2772018,primary
32010971,1,41.3217161,69.2779808,primary
32010971,2,41.3215357,69.2794793,primary
32010971,3,41.3213636,69.2808279,primary
32010971,4,41.3213207,69.2811749,primary
32010971,5,41.3212778,69.2815218,primary
32010971,6,41.3212641,69.2815949,primary
32010971,7,41.321255,69.2816275,primary
32010971,8,41.3212434,69.281654,primary
32010971,9,41.3212289,69.2816763,primary
32010971,10,41.3212118,69.2816984,primary
32010971,11,41.3211946,69.2817131,primary
32010971,12,41.3211758,69.2817263,primary
32010971,13,41.3211458,69.2817419,primary
32010971,14,41.3211173,69.2817552,primary
32010971,15,41.3210832,69.2817658,primary
32010971,16,41.3210515,69.281772,primary
32011017,0,41.3215189,69.2829457,primary
32011017,1,41.3217382,69.2810679,primary
32011019,0,41.2807023,69.2557949,primary
32011019,1,41.2807471,69.2559486,primary
32011019,2,41.2808911,69.2564973,primary
32011019,3,41.2812199,69.2576543,primary
32011019,4,41.2813575,69.2581791,primary
32011019,5,41.2816483,69.2592806,primary
32011019,6,41.2816639,69.2593361,primary
32011019,7,41.2817224,69.2595021,primary
32027425,0,41.292958,69.2880932,trunk
32027425,1,41.2935027,69.2889514,trunk
32027425,2,41.2937912,69.2893954,trunk
32027425,3,41.2942505,69.2900775,trunk
32027427,0,41.3101377,69.3059674,trunk
32027427,1,41.3102255,69.3060547,trunk
32027427,2,41.3106566,69.3064166,trunk
32027427,3,41.3110964,69.3067724,trunk
32027427,4,41.3126832,69.3078455,trunk
32027427,5,41.3147619,69.3093544,trunk
32027427,6,41.3153462,69.3097683,trunk
32027427,7,41.3155641,69.3099227,trunk
32027427,8,41.3163316,69.3104625,trunk
32027427,9,41.3168286,69.3107864,trunk
32027427,10,41.3171846,69.3109872,trunk
32027429,0,41.3070821,69.3013034,trunk
32027429,1,41.3075987,69.302137,trunk
32027881,0,41.320887,69.3120554,trunk
32027881,1,41.3191677,69.311493,trunk
32027882,0,41.3217235,69.3123334,trunk
32027882,1,41.320887,69.3120554,trunk
32027887,0,41.3217481,69.3125056,trunk
32027887,1,41.3226898,69.3128056,trunk
32027889,0,41.3208412,69.3122097,trunk
32027889,1,41.3213068,69.3123704,trunk
32028167,0,41.32078,69.3060755,primary
32028167,1,41.3207584,69.3061826,primary
32028167,2,41.3207346,69.3062917,primary
32028167,3,41.3207078,69.3063968,primary
32028167,4,41.3206475,69.3065683,primary
32028167,5,41.3204057,69.3071797,primary
32031491,0,41.3225801,69.24282,primary
32031491,1,41.3224933,69.2427803,primary
32031491,2,41.3224001,69.2427407,primary
32031491,3,41.322348,69.2427235,primary
32031491,4,41.3222957,69.2427077,primary
32031491,5,41.3221851,69.2426842,primary
32031749,0,41.3214038,69.2427617,primary
32031749,1,41.322168,69.2428614,primary
32031749,2,41.3222776,69.2428796,primary
32031749,3,41.3223249,69.2428934,primary
32031749,4,41.3223715,69.242909,primary
32031749,5,41.3224584,69.2429474,primary
32031749,6,41.3225467,69.2429928,primary
32031749,7,41.3227266,69.2430894,primary
32031749,8,41.3229054,69.2431904,primary
32031749,9,41.3245757,69.244248,primary
32034549,0,41.3101077,69.240137,primary
32034549,1,41.3111903,69.2409841,primary
32034549,2,41.3112996,69.2410682,primary
32034549,3,41.3114099,69.2411489,primary
32034549,4,41.3115248,69.2412238,primary
32034549,5,41.3116396,69.2412965,primary
32034549,6,41.3117562,69.2413702,primary
32034549,7,41.3118735,69.2414416,primary
32034549,8,41.3119951,69.2415081,primary
32034549,9,41.3121101,69.2415676,primary
32034567,0,41.3121101,69.2415676,primary
32034567,1,41.3122891,69.2416443,primary
32034567,2,41.3124687,69.2417125,primary
32034567,3,41.3126524,69.2417707,primary
32034567,4,41.3128361,69.2418255,primary
32034567,5,41.3130165,69.2418718,primary
32034567,6,41.3131991,69.241906,primary
32034567,7,41.3135697,69.2419566,primary
32034567,8,41.3159229,69.2422039,primary
32035233,0,41.3217382,69.2810679,primary
32035233,1,41.3219313,69.2795635,primary
32037003,0,41.3245757,69.244248,primary
32037003,1,41.3248926,69.2444561,primary
32037003,2,41.3250541,69.2445692,primary
32037003,3,41.325214,69.2446863,primary
32037003,4,41.3253773,69.2448133,primary
32037003,5,41.3255291,69.2449463,primary
32037003,6,41.3258251,69.2452089,primary
32053554,0,41.3190785,69.2423366,primary
32053554,1,41.3187372,69.2423021,primary
32053554,2,41.3159317,69.2420158,primary
32055136,0,41.3159229,69.2422039,primary
32055136,1,41.3187286,69.2424864,primary
32055153,0,41.3159317,69.2420158,primary
32055153,1,41.313572,69.2417721,primary
32055153,2,41.3132018,69.2417189,primary
32055153,3,41.3130163,69.2416829,primary
32055153,4,41.3128331,69.2416379,primary
32055153,5,41.3126524,69.2415832,primary
32055153,6,41.3124703,69.2415199,primary
32055153,7,41.3122914,69.2414483,primary
32055153,8,41.3121131,69.2413673,primary
32055685,0,41.2992419,69.2311162,primary
32055685,1,41.2999813,69.2318132,primary
32055686,0,41.3011035,69.2328886,primary
32055686,1,41.3017551,69.233511,primary
32055686,2,41.3059973,69.2368913,primary
32055690,0,41.3000364,69.2316707,primary
32055690,1,41.2992954,69.2309678,primary
32055968,0,41.280941,69.2410721,primary
32055968,1,41.2809991,69.2409749,primary
32055968,2,41.2811427,69.2407277,primary
32055968,3,41.2812076,69.240617,primary
32055968,4,41.281517,69.2401403,primary
32055968,5,41.2818302,69.2396579,primary
32058016,0,41.3005628,69.2107952,primary
32058016,1,41.3006839,69.2107832,primary
32058016,2,41.3006992,69.2107831,primary
32058252,0,41.2844228,69.2523771,primary
32058252,1,41.2838661,69.2517596,primary
32058252,2,41.2831255,69.2509724,primary
32058252,3,41.2830639,69.2509036,primary
32058252,4,41.282991,69.2508208,primary
32058252,5,41.2822197,69.2499337,primary
32058252,6,41.2819467,69.2496178,primary
32058259,0,41.2995647,69.2113819,primary
32058259,1,41.2992686,69.2118396,primary
32058259,2,41.2990254,69.2122132,primary
32058259,3,41.2984727,69.2130624,primary
32058259,4,41.2981592,69.2135729,primary
32058259,5,41.2981383,69.2136068,primary
32058529,0,41.3175792,69.3148427,primary
32058529,1,41.3174385,69.3151721,primary
32058529,2,41.3173448,69.315382,primary
32058529,3,41.3170774,69.3159943,primary
32058529,4,41.3170446,69.3160811,primary
32058529,5,41.3169301,69.3163838,primary
32058529,6,41.3168582,69.3165738,primary
32058532,0,41.2690366,69.3653403,trunk
32058532,1,41.2697383,69.364453,trunk
32058532,2,41.2698455,69.3643215,trunk
32058532,3,41.2699565,69.3641827,trunk
32058532,4,41.2700729,69.3640474,trunk
32058532,5,41.2701885,69.3639138,trunk
32058532,6,41.2703581,69.3637362,trunk
32058532,7,41.2705619,69.3635372,trunk
32058532,8,41.270703,69.3634101,trunk
32058532,9,41.2708429,69.3632929,trunk
32058532,10,41.2709855,69.3631804,trunk
32058532,11,41.2711238,69.3630793,trunk
32058532,12,41.271294,69.3629718,trunk
32058532,13,41.2714667,69.3628753,trunk
32058532,14,41.2716165,69.3627974,trunk
32058532,15,41.2717691,69.3627232,trunk
32058532,16,41.2719206,69.3626525,trunk
32058532,17,41.2720721,69.3625901,trunk
32058532,18,41.2722701,69.3625225,trunk
32058532,19,41.2724656,69.3624612,trunk
32058532,20,41.2726426,69.3624149,trunk
32058532,21,41.2728216,69.3623785,trunk
32058532,22,41.2730554,69.3623428,trunk
32058532,23,41.2750421,69.3620169,trunk
32058532,24,41.2762684,69.3618157,trunk
32058532,25,41.2764693,69.3617827,trunk
32061711,0,41.3631195,69.392447,primary
32061711,1,41.3629188,69.3922618,primary
32061711,2,41.3626532,69.3920318,primary
32061711,3,41.3618951,69.391411,primary
32061711,4,41.3618675,69.3913867,primary
32061711,5,41.3606723,69.3903313,primary
32061711,6,41.3604882,69.3901562,primary
32061711,7,41.3603054,69.389938,primary
32061711,8,41.3602174,69.3898302,primary
32061711,9,41.3601255,69.3897129,primary
32061711,10,41.360026,69.3895633,primary
32061711,11,41.3599294,69.3894025,primary
32061711,12,41.3598234,69.3892288,primary
32061711,13,41.3598029,69.3891901,primary
32061711,14,41.3597313,69.389055,primary
32061711,15,41.3596371,69.3888729,primary
32061711,16,41.3595676,69.3887169,primary
32061711,17,41.3594695,69.3884775,primary
32061711,18,41.3594084,69.3882911,primary
32061753,0,41.3054146,69.3069281,primary
32061753,1,41.3055375,69.3071144,primary
32061753,2,41.3056523,69.3072899,primary
32061806,0,41.3397673,69.2857535,primary
32061806,1,41.3397358,69.2855293,primary
32062435,0,41.3342002,69.311775,trunk
32062435,1,41.3343683,69.3116747,trunk
32062435,2,41.3344979,69.3115769,trunk
32062436,0,41.3342213,69.3062288,trunk
32062436,1,41.3341873,69.3060473,trunk
32062436,2,41.3341701,69.3059406,trunk
32062436,3,41.3341527,69.3058201,trunk
32062436,4,41.3339557,69.3046325,trunk
32062436,5,41.3337712,69.3034322,trunk
32062436,6,41.3337611,69.3033725,trunk
32062436,7,41.3337396,69.3032545,trunk
32062436,8,41.3336743,69.3028956,trunk
32062436,9,41.3336407,69.3027115,trunk
32062436,10,41.3336304,69.3026546,trunk
32062436,11,41.3336274,69.3026383,trunk
32062436,12,41.3335129,69.3019807,trunk
32062436,13,41.332934,69.2986576,trunk
32062436,14,41.3329162,69.2985464,trunk
32062436,15,41.3328976,69.2984194,trunk
32062436,16,41.3328729,69.2982511,trunk
32062436,17,41.3328265,69.2979131,trunk
32062436,18,41.3327573,69.297503,trunk
32081860,0,41.2931269,69.2875435,primary
32081860,1,41.2931329,69.2875651,primary
32081860,2,41.2931404,69.2875995,primary
32081860,3,41.293143,69.2876336,primary
32081860,4,41.293142,69.2876676,primary
32081860,5,41.2931379,69.2877008,primary
32081860,6,41.2931296,69.2877339,primary
32081860,7,41.2931163,69.2877655,primary
32081860,8,41.2930971,69.2877954,primary
32081860,9,41.293063,69.2878357,primary
32081860,10,41.2929342,69.2879876,primary
32081860,11,41.2927916,69.2881532,primary
32081860,12,41.2927787,69.288169,primary
32081860,13,41.2927667,69.2881889,primary
32081860,14,41.2927559,69.2882106,primary
32081860,15,41.2927479,69.2882325,primary
32081860,16,41.2927418,69.2882557,primary
32081860,17,41.2927387,69.2882789,primary
32081860,18,41.2927391,69.288302,primary
32081860,19,41.2927445,69.2883255,primary
32081860,20,41.2927528,69.2883484,primary
32081860,21,41.2930045,69.2887147,primary
32081860,22,41.2933646,69.2892388,primary
32081860,23,41.293461,69.2893653,primary
32081860,24,41.2935044,69.2894171,primary
32081860,25,41.2935528,69.2894664,primary
32081860,26,41.2935743,69.2894883,primary
32081860,27,41.2938891,69.2897129,primary
32081860,28,41.2941027,69.2899284,primary
32081860,29,41.2942505,69.2900775,primary
32084890,0,41.3340321,69.2809472,trunk
32084890,1,41.3338437,69.2813811,trunk
32084890,2,41.3337992,69.2814919,trunk
32084890,3,41.3337568,69.2816046,trunk
32084890,4,41.3337191,69.2817173,trunk
32084890,5,41.3336835,69.2818301,trunk
32084890,6,41.3336266,69.2820205,trunk
32084890,7,41.3335685,69.2822236,trunk
32084890,8,41.3335236,69.2823867,trunk
32084890,9,41.3334798,69.2825512,trunk
32084890,10,41.333441,69.282716,trunk
32084890,11,41.3334044,69.2828789,trunk
32084890,12,41.3333567,69.2831409,trunk
32084890,13,41.3333171,69.2834049,trunk
32084890,14,41.3332808,69.2836697,trunk
32084890,15,41.3332398,69.2839854,trunk
32084890,16,41.3332048,69.2843011,trunk
32084890,17,41.333176,69.2846185,trunk
32084890,18,41.3331518,69.2849359,trunk
32084890,19,41.3330163,69.2873282,trunk
32084891,0,41.349817,69.2184411,trunk
32084891,1,41.3499725,69.2186027,trunk
32084891,2,41.3500476,69.2187124,trunk
32084891,3,41.350077,69.2187631,trunk
32084891,4,41.3501027,69.2188177,trunk
32084891,5,41.3501235,69.2188733,trunk
32084891,6,41.3501395,69.2189317,trunk
32084891,7,41.3501508,69.2189906,trunk
32084891,8,41.3501603,69.2190505,trunk
32084891,9,41.3501656,69.2191239,trunk
32084891,10,41.3501688,69.2191953,trunk
32084891,11,41.3501644,69.219328,trunk
32084891,12,41.3501196,69.219817,trunk
32084891,13,41.3501087,69.2199407,trunk
32084891,14,41.3500738,69.2203592,trunk
32084891,15,41.3499537,69.221829,trunk
32084891,16,41.349924,69.2221593,trunk
32084891,17,41.3499046,69.2223991,trunk
32084905,0,41.3331026,69.2873398,trunk
32084905,1,41.3332573,69.284935,trunk
32084905,2,41.3332816,69.2846221,trunk
32084905,3,41.3333093,69.2843138,trunk
32084905,4,41.3333392,69.2840047,trunk
32084905,5,41.3333737,69.2836977,trunk
32084905,6,41.3334089,69.283436,trunk
32084905,7,41.3334523,69.2831753,trunk
32084905,8,41.3335042,69.2829127,trunk
32084905,9,41.3335665,69.282651,trunk
32084905,10,41.3336702,69.282276,trunk
32084905,11,41.3337247,69.2820885,trunk
32084905,12,41.3337792,69.2819009,trunk
32084905,13,41.3338145,69.2817874,trunk
32084905,14,41.3338511,69.2816747,trunk
32084905,15,41.3338912,69.2815619,trunk
32084905,16,41.3339335,69.2814504,trunk
32084905,17,41.3341104,69.2810194,trunk
32084906,0,41.3349617,69.2794503,trunk
32084906,1,41.335104,69.2791939,trunk
32084906,2,41.335444,69.2785814,trunk
32084906,3,41.3357488,69.2780178,trunk
32084906,4,41.3357717,69.2779777,trunk
32084906,5,41.336156,69.277333,trunk
32084906,6,41.3362043,69.2772473,trunk
32084906,7,41.3364681,69.2767864,trunk
32084906,8,41.3373439,69.2752305,trunk
32109035,0,41.3303176,69.2717196,primary
32109035,1,41.3307271,69.2711447,primary
32109035,2,41.3312427,69.2704208,primary
32140829,0,41.363205,69.2856679,primary
32140829,1,41.3641637,69.2878038,primary
32140829,2,41.3653065,69.2904033,primary
32140840,0,41.3604178,69.2789248,primary
32140840,1,41.3594519,69.2767409,primary
32140840,2,41.3593102,69.2764205,primary
32140853,0,41.3654025,69.2903279,primary
32140853,1,41.3633095,69.2855907,primary
32140912,0,41.3653065,69.2904033,primary
32140912,1,41.3655803,69.2910067,primary
32140912,2,41.3656272,69.2911134,primary
32140912,3,41.3656797,69.2912254,primary
32140912,4,41.3657367,69.2913345,primary
32140912,5,41.3657867,69.2914181,primary
32140912,6,41.3658396,69.2914957,primary
32140918,0,41.3564076,69.2706853,primary
32140918,1,41.3564945,69.2708039,primary
32140918,2,41.3565763,69.270928,primary
32140918,3,41.356677,69.2710944,primary
32140918,4,41.3567734,69.2712624,primary
32140918,5,41.3569374,69.2715763,primary
32140918,6,41.357068,69.2718422,primary
32140918,7,41.3571673,69.2720367,primary
32140918,8,41.3572679,69.2722496,primary
32140918,9,41.3575137,69.2728569,primary
32140918,10,41.3585536,69.2751599,primary
32140932,0,41.3564904,69.270564,primary
32140932,1,41.3562986,69.2703107,primary
32140932,2,41.3560771,69.270042,primary
32140932,3,41.3556361,69.2695332,primary
32140932,4,41.3541132,69.2678162,primary
32140935,0,41.3541132,69.2678162,primary
32140935,1,41.3536547,69.2673171,primary
32140935,2,41.3535043,69.2671534,primary
32140935,3,41.3530698,69.2666804,primary
32140935,4,41.35284,69.2664302,primary
32140935,5,41.3526824,69.2662586,primary
32140935,6,41.3526091,69.2661789,primary
32140950,0,41.3456456,69.2588112,primary
32140950,1,41.3454831,69.2586543,primary
32140950,2,41.3454,69.2585783,primary
32140950,3,41.3453169,69.2585079,primary
32140950,4,41.3451183,69.2583548,primary
32140950,5,41.3448839,69.2581894,primary
32140950,6,41.3446509,69.2580365,primary
32140950,7,41.3444861,69.257938,primary
32140950,8,41.3443186,69.2578432,primary
32140950,9,41.3440994,69.2577352,primary
32140950,10,41.3438947,69.2576433,primary
32140950,11,41.3437302,69.2575777,primary
32140950,12,41.3435678,69.257516,primary
32140950,13,41.3434031,69.2574596,primary
32140950,14,41.3432385,69.25741,primary
32140951,0,41.3455781,69.2589156,primary
32140951,1,41.3515664,69.2652951,primary
32140954,0,41.351642,69.2651692,primary
32140954,1,41.3456456,69.2588112,primary
32140955,0,41.352048,69.2658486,primary
32140955,1,41.3521173,69.2659228,primary
32140955,2,41.3524699,69.2663003,primary
32140955,3,41.3526574,69.266501,primary
32140955,4,41.3528177,69.2666726,primary
32140955,5,41.3530697,69.266932,primary
32140955,6,41.3534024,69.2672745,primary
32140955,7,41.3537353,69.2676172,primary
32140955,8,41.3540416,69.2679324,primary
32141324,0,41.3540416,69.2679324,primary
32141324,1,41.3550443,69.2690665,primary
32141324,2,41.3555461,69.2696226,primary
32141324,3,41.3559922,69.2701518,primary
32141324,4,41.3562343,69.2704695,primary
32141324,5,41.3564076,69.2706853,primary
32141457,0,41.3796422,69.2195147,primary
32141457,1,41.3794866,69.2196832,primary
32141457,2,41.3788148,69.2204106,primary
32141457,3,41.3786819,69.2205671,primary
32141457,4,41.3786369,69.22062,primary
32141457,5,41.3777267,69.2216915,primary
32141457,6,41.37758,69.2218494,primary
32141457,7,41.3774303,69.2220065,primary
32141457,8,41.3771514,69.2222972,primary
32204512,0,41.3560749,69.309646,primary
32204512,1,41.355966,69.3098235,primary
32204512,2,41.3555947,69.3104287,primary
32204512,3,41.3555242,69.3105436,primary
32204512,4,41.3550649,69.3112921,primary
32204512,5,41.3548987,69.3115628,primary
32204512,6,41.3547213,69.311852,primary
32204512,7,41.3545318,69.3121608,primary
32204512,8,41.3543852,69.3123998,primary
32204512,9,41.3543579,69.3124442,primary
32204512,10,41.3542465,69.3126257,primary
32204512,11,41.3541997,69.3127019,primary
32204512,12,41.3540214,69.3129926,primary
32204512,13,41.353059,69.3145609,primary
32204619,0,41.3561664,69.3097514,primary
32204619,1,41.3562228,69.3096599,primary
32204619,2,41.3568395,69.3086594,primary
32204619,3,41.3569686,69.3084446,primary
32204619,4,41.3570208,69.3083577,primary
32204619,5,41.3576003,69.3073936,primary
32204619,6,41.3580635,69.3066229,primary
32204619,7,41.3589854,69.3050889,primary
32204619,8,41.3590186,69.3050337,primary
32204619,9,41.359206,69.3047219,primary
32204619,10,41.3595297,69.3041832,primary
32204619,11,41.3595974,69.3040706,primary
32204619,12,41.3598554,69.3036413,primary
32204619,13,41.360219,69.3030363,primary
32204619,14,41.3606447,69.3023281,primary
32204619,15,41.361063,69.301632,primary
32204619,16,41.3614909,69.30092,primary
32204619,17,41.3615889,69.300757,primary
32204619,18,41.3617837,69.3004328,primary
32204986,0,41.3761981,69.2881589,primary
32204986,1,41.3747882,69.2877184,primary
32204986,2,41.374445,69.2876119,primary
32204986,3,41.3742438,69.2875495,primary
32204986,4,41.37365,69.2873653,primary
32204986,5,41.372654,69.2870583,primary
32204986,6,41.3719818,69.2868511,primary
32204986,7,41.3717774,69.2867881,primary
32204986,8,41.3709421,69.2865586,primary
32204986,9,41.37034,69.2863941,primary
32204986,10,41.3697897,69.2862357,primary
32205090,0,41.3479855,69.2870585,primary
32205090,1,41.3476616,69.2870022,primary
32205090,2,41.3466675,69.2868226,primary
32205090,3,41.3456165,69.2866357,primary
32205092,0,41.3494638,69.2873177,primary
32205092,1,41.3489158,69.2872255,primary
32205094,0,41.3488932,69.2874117,primary
32205094,1,41.3494415,69.2875,primary
32205095,0,41.3494415,69.2875,primary
32205095,1,41.3504279,69.2877174,primary
32205095,2,41.3509476,69.2878319,primary
32205095,3,41.3510078,69.2878452,primary
32205095,4,41.3510493,69.2878543,primary
32205095,5,41.3512279,69.2878937,primary
32264077,0,41.2967097,69.2755886,primary
32264077,1,41.297795,69.2744227,primary
32264077,2,41.2986377,69.2735173,primary
32264077,3,41.298838,69.2733021,primary
32264083,0,41.298892,69.2730463,primary
32264083,1,41.2987616,69.2731865,primary
32264125,0,41.291473,69.284723,primary
32264125,1,41.2914529,69.2846303,primary
32264125,2,41.2914368,69.2845379,primary
32264125,3,41.2914272,69.2844541,primary
32264125,4,41.2914197,69.2843704,primary
32264125,5,41.2914129,69.2842764,primary
32264125,6,41.2914082,69.2841828,primary
32264125,7,41.2914019,69.2839956,primary
32264140,0,41.2913898,69.2849447,primary
32264140,1,41.2915077,69.285121,primary
32264140,2,41.2915584,69.285197,primary
32264140,3,41.2915866,69.2852392,primary
32264140,4,41.2920551,69.28594,primary
32265538,0,41.1994873,69.2065147,primary
32265538,1,41.199584,69.206751,primary
32265538,2,41.2004478,69.20886,primary
32265538,3,41.200892,69.2099444,primary
32265538,4,41.2012555,69.210832,primary
32265538,5,41.2013501,69.2110612,primary
32295786,0,41.2582781,69.2557374,primary
32295786,1,41.2583261,69.2557989,primary
32295786,2,41.2583751,69.255852,primary
32295786,3,41.2584308,69.2558991,primary
32295786,4,41.2584897,69.255941,primary
32295786,5,41.2585536,69.255978,primary
32295786,6,41.2586202,69.2560096,primary
32295786,7,41.2586908,69.2560362,primary
32295786,8,41.2587308,69.2560472,primary
32295786,9,41.2587776,69.2560521,primary
32295786,10,41.2588243,69.2560478,primary
32295786,11,41.2588655,69.2560427,primary
32295786,12,41.2589081,69.2560336,primary
32295786,13,41.2589558,69.2560197,primary
32295786,14,41.2590023,69.2560028,primary
32295786,15,41.2590471,69.255983,primary
32295786,16,41.2590896,69.2559592,primary
32295786,17,41.2591332,69.2559307,primary
32295786,18,41.2591759,69.2558999,primary
32295786,19,41.2592189,69.2558668,primary
32295786,20,41.2592579,69.2558322,primary
32295786,21,41.2594124,69.2556683,primary
32295786,22,41.2596648,69.2554076,primary
32295786,23,41.2597198,69.2553508,primary
32295786,24,41.2598281,69.255239,primary
32295786,25,41.2600569,69.2550027,primary
32295786,26,41.260504,69.254541,primary
32295786,27,41.2606959,69.2543508,primary
32295786,28,41.260884,69.2541808,primary
32295786,29,41.2609093,69.2541633,primary
32295786,30,41.2609476,69.2541369,primary
32295786,31,41.2609956,69.2541069,primary
32295786,32,41.2610679,69.2540675,primary
32295786,33,41.2611417,69.254039,primary
32295786,34,41.261213,69.2540263,primary
32295786,35,41.2612872,69.2540206,primary
32295786,36,41.2613582,69.2540241,primary
32295786,37,41.2614248,69.2540355,primary
32295786,38,41.2614979,69.2540631,primary
32295786,39,41.2615672,69.2541002,primary
32295786,40,41.2616237,69.2541439,primary
32295786,41,41.2616742,69.2541999,primary
32295786,42,41.261767,69.254318,primary
32295786,43,41.2618571,69.2544466,primary
32295793,0,41.2678469,69.2661599,primary
32295793,1,41.2673296,69.2648542,primary
32295793,2,41.2668057,69.2636405,primary
32319248,0,41.2910611,69.2840909,trunk
32319248,1,41.2909157,69.2837803,trunk
32319248,2,41.2908074,69.283579,trunk
32319266,0,41.2606479,69.2269466,trunk
32319266,1,41.260615,69.2271398,trunk
32319266,2,41.2605985,69.2273091,trunk
32319266,3,41.2605911,69.2274537,trunk
32319266,4,41.2605955,69.2276994,trunk
32319266,5,41.2606077,69.2278533,trunk
32319266,6,41.2606424,69.2281435,trunk
32319266,7,41.2606841,69.2283876,trunk
32319266,8,41.2607217,69.2285754,trunk
32319266,9,41.2607779,69.2287724,trunk
32319266,10,41.2608605,69.2290391,trunk
32319266,11,41.2609285,69.2292416,trunk
32319266,12,41.2610061,69.2294612,trunk
32319266,13,41.2611885,69.2299892,trunk
32675596,0,41.320283,69.2252844,primary
32675596,1,41.3204096,69.2254113,primary
32675599,0,41.3172989,69.2307653,primary
32675599,1,41.3173854,69.2308641,primary
32675599,2,41.3175535,69.2310562,primary
32675599,3,41.317674,69.2311938,primary
32675599,4,41.3183436,69.2319587,primary
32675599,5,41.3194867,69.2332645,primary
32675599,6,41.3195709,69.2333607,primary
32675599,7,41.319855,69.2336852,primary
32675599,8,41.3199947,69.2338448,primary
32675599,9,41.3200512,69.2339093,primary
32675599,10,41.320084,69.2339468,primary
32675599,11,41.3201425,69.2340137,primary
33074337,0,41.3208738,69.3080073,primary
33074337,1,41.3208616,69.3077689,primary
33074337,2,41.3208546,69.3075304,primary
33074337,3,41.3208588,69.3071557,primary
33074337,4,41.320866,69.3065519,primary
33074337,5,41.3208819,69.3060824,primary
33074337,6,41.3209022,69.3057983,primary
33074348,0,41.32078,69.3060755,primary
33074348,1,41.3207419,69.3065322,primary
33074348,2,41.3207398,69.3071812,primary
33074348,3,41.3207441,69.3075298,primary
33074348,4,41.3207526,69.3077977,primary
33074348,5,41.3207691,69.3080622,primary
33074348,6,41.3208091,69.3084089,primary
33074348,7,41.3208544,69.3087556,primary
33074348,8,41.3208997,69.3090628,primary
33074348,9,41.3209323,69.3092452,primary
33074467,0,41.3287034,69.2744097,primary
33074467,1,41.3287422,69.2742238,primary
33074467,2,41.3287734,69.2741212,primary
33074467,3,41.3288086,69.2740215,primary
33074467,4,41.3288477,69.2739252,primary
33074467,5,41.3288885,69.2738306,primary
33074467,6,41.3289288,69.2737451,primary
33074467,7,41.3289697,69.2736605,primary
33074467,8,41.3290035,69.2735937,primary
33074467,9,41.329038,69.2735276,primary
33074467,10,41.3290835,69.2734436,primary
33074467,11,41.3291368,69.2733542,primary
33074467,12,41.3291928,69.2732692,primary
33074467,13,41.3292487,69.2731876,primary
33074467,14,41.3294169,69.272954,primary
33624199,0,41.3221402,69.209889,primary
33624199,1,41.3219681,69.2098492,primary
33624199,2,41.3217827,69.2098099,primary
33624199,3,41.3216609,69.2098103,primary
33624199,4,41.3215143,69.2098063,primary
33624199,5,41.3209875,69.2098121,primary
33624199,6,41.3207463,69.2098156,primary
33624199,7,41.3199625,69.2098406,primary
34115642,0,41.2614329,69.2250354,trunk
34115642,1,41.2613011,69.225235,trunk
34115642,2,41.2612348,69.2253372,trunk
34115642,3,41.2611352,69.2254994,trunk
34115642,4,41.2610655,69.2256384,trunk
34115642,5,41.2609711,69.225858,trunk
34115642,6,41.260937,69.2259497,trunk
34115642,7,41.2609031,69.2260404,trunk
34115642,8,41.2608594,69.2261577,trunk
34115642,9,41.2607646,69.2264525,trunk
34115642,10,41.2607015,69.2266878,trunk
34115642,11,41.2606479,69.2269466,trunk
34128222,0,41.3117687,69.2403378,primary
34128222,1,41.3116712,69.2402681,primary
44352629,0,41.3117687,69.2403378,primary
44352629,1,41.3117663,69.2404166,primary
44930761,0,41.3330163,69.2873282,trunk
44930761,1,41.3329593,69.2881041,trunk
45171754,0,41.4158734,69.3119773,primary
45171754,1,41.4158208,69.3121191,primary
45171754,2,41.4151886,69.3150656,primary
45171754,3,41.4151739,69.3151269,primary
45171754,4,41.4150506,69.315669,primary
45171754,5,41.4149997,69.3158834,primary
45171754,6,41.4149532,69.3160688,primary
45171754,7,41.4148863,69.316292,primary
45171754,8,41.4148263,69.3164614,primary
45171754,9,41.4147606,69.3166278,primary
45171754,10,41.4145235,69.3171822,primary
45171754,11,41.4144539,69.3173569,primary
45171754,12,41.4144203,69.3174501,primary
45171754,13,41.4144087,69.3174945,primary
45171754,14,41.414399,69.3175386,primary
45171754,15,41.4143902,69.3175938,primary
45171754,16,41.4143846,69.317649,primary
45171754,17,41.4143835,69.3177575,primary
45171754,18,41.4143864,69.3178636,primary
45171754,19,41.4143926,69.317969,primary
45171754,20,41.4144402,69.3184928,primary
45171754,21,41.4144615,69.3187815,primary
45171754,22,41.414464,69.3188535,primary
45171754,23,41.4144635,69.3189254,primary
45171754,24,41.4144567,69.3190702,primary
45171754,25,41.4144301,69.3194339,primary
45171754,26,41.4143398,69.3209041,primary
45171754,27,41.4143372,69.3209892,primary
45171754,28,41.4143355,69.3210753,primary
45171754,29,41.4143373,69.3211605,primary
45171754,30,41.4143401,69.3212458,primary
45171754,31,41.4143819,69.3217193,primary
45171754,32,41.4143752,69.3223056,primary
45171754,33,41.4143775,69.3225481,primary
45171754,34,41.4143861,69.3227892,primary
45171754,35,41.4144209,69.3232446,primary
45171754,36,41.4144665,69.3239145,primary
45171754,37,41.4145552,69.3249208,primary
45171754,38,41.4146003,69.3254485,primary
45171754,39,41.4146872,69.3259679,primary
45171754,40,41.4148376,69.3270716,primary
45171754,41,41.4149283,69.3280097,primary
45171754,42,41.4149496,69.3282025,primary
45171754,43,41.414983,69.3285873,primary
45171754,44,41.415024,69.3289645,primary
45171754,45,41.4151139,69.3294944,primary
45171754,46,41.4152147,69.32997,primary
45171754,47,41.4154755,69.3310936,primary
45171754,48,41.4156428,69.3317094,primary
45171754,49,41.4157736,69.3322336,primary
45171754,50,41.4158633,69.3326703,primary
45171754,51,41.4158885,69.332865,primary
45171754,52,41.4158983,69.3330654,primary
45171754,53,41.4158943,69.3332649,primary
45171754,54,41.4158919,69.3336225,primary
45171754,55,41.4158992,69.3338023,primary
45171754,56,41.4159157,69.33396,primary
45171754,57,41.4159426,69.334115,primary
45171754,58,41.4159732,69.3342696,primary
45171754,59,41.4160537,69.3345628,primary
45171754,60,41.4162226,69.3351291,primary
45171754,61,41.4163323,69.3355182,primary
45171754,62,41.416499,69.3362829,primary
45171754,63,41.4165642,69.3365281,primary
45171754,64,41.416633,69.3367608,primary
45171754,65,41.4167084,69.336996,primary
45171754,66,41.4167879,69.3372172,primary
45171754,67,41.4168421,69.3373225,primary
45171754,68,41.416906,69.3374197,primary
45171754,69,41.4172563,69.3379404,primary
45171754,70,41.4177498,69.3387747,primary
45171754,71,41.4182173,69.3397301,primary
45171754,72,41.4183261,69.33995,primary
45171754,73,41.4183897,69.3400574,primary
45171754,74,41.418458,69.3401504,primary
45171754,75,41.4185278,69.3402366,primary
45171754,76,41.4186022,69.3403114,primary
45171754,77,41.4187563,69.3404574,primary
45171754,78,41.4189208,69.3406021,primary
45171754,79,41.4189953,69.34069,primary
45171754,80,41.4190589,69.3407756,primary
45171754,81,41.4191115,69.3408564,primary
45171754,82,41.4191568,69.3409324,primary
45171754,83,41.4192471,69.3411059,primary
45171754,84,41.4197139,69.3419874,primary
45171754,85,41.4197408,69.3420464,primary
45171754,86,41.4197767,69.3421294,primary
45171754,87,41.4202428,69.3437672,primary
45171754,88,41.4202711,69.3438466,primary
45171754,89,41.4203032,69.3439231,primary
45171754,90,41.4203398,69.3439975,primary
45171754,91,41.4203634,69.3440374,primary
45171754,92,41.4203904,69.3440746,primary
45171754,93,41.4204525,69.3441473,primary
45171754,94,41.4211425,69.3448487,primary
45171754,95,41.4212815,69.3449908,primary
45171754,96,41.4213475,69.3450665,primary
45171754,97,41.421409,69.3451442,primary
45171754,98,41.4222105,69.3462655,primary
45171754,99,41.4224862,69.3466165,primary
45171754,100,41.4225484,69.3467016,primary
45171754,101,41.4226063,69.3467867,primary
45171754,102,41.4226722,69.3469032,primary
45171754,103,41.4227993,69.3471417,primary
45171754,104,41.4233393,69.3483922,primary
45171754,105,41.4235036,69.3486998,primary
45171754,106,41.4235458,69.3487669,primary
45171754,107,41.4235901,69.3488265,primary
45171754,108,41.4236795,69.3489337,primary
45171754,109,41.4238414,69.3491344,primary
45171754,110,41.4238774,69.3491883,primary
45171754,111,41.4239066,69.3492462,primary
45171754,112,41.4239231,69.3492959,primary
45171754,113,41.4239353,69.3493439,primary
45171754,114,41.4239639,69.3495175,primary
45171754,115,41.423979,69.349664,primary
45171754,116,41.4240177,69.350216,primary
45510971,0,41.366844,69.41647,primary
45510971,1,41.3669522,69.4167382,primary
45510971,2,41.3671904,69.4173286,primary
45510971,3,41.3679302,69.4191294,primary
45510971,4,41.3685052,69.4203421,primary
45510971,5,41.3688539,69.4210039,primary
45510971,6,41.3692432,69.4217061,primary
45510971,7,41.37023,69.4233959,primary
45510971,8,41.3706115,69.424052,primary
45510971,9,41.3707748,69.4243319,primary
45510971,10,41.3720172,69.4264611,primary
45510971,11,41.3722686,69.4268974,primary
45510971,12,41.3726323,69.4275287,primary
45510971,13,41.3727282,69.4276952,primary
45510971,14,41.3733734,69.4287804,primary
45510971,15,41.3736149,69.4291988,primary
45510971,16,41.3737731,69.4294701,primary
45510971,17,41.3741405,69.4300853,primary
45510971,18,41.3746515,69.4309502,primary
45510971,19,41.3758057,69.4328898,primary
45510971,20,41.3764459,69.4339657,primary
45510971,21,41.3774286,69.4356265,primary
45510971,22,41.3774883,69.4357403,primary
45510971,23,41.3775441,69.435855,primary
45510971,24,41.377655,69.4360864,primary
45510971,25,41.377873,69.4365531,primary
45510971,26,41.3783021,69.437508,primary
45510971,27,41.3789102,69.4388109,primary
45510971,28,41.3800091,69.4408176,primary
50372871,0,41.2609489,69.2265852,primary
50372871,1,41.2611948,69.2268664,primary
53564017,0,41.3223737,69.2727479,primary
53564017,1,41.3223448,69.2728939,primary
53564017,2,41.3223323,69.2729568,primary
53564017,3,41.3222741,69.2734141,primary
53564017,4,41.3222306,69.2737592,primary
53564017,5,41.3221059,69.2748295,primary
80345385,0,41.2438346,69.22237,trunk
80345385,1,41.2437733,69.2204282,trunk
80345385,2,41.2437628,69.2201448,trunk
80345385,3,41.2437468,69.2198646,trunk
80345385,4,41.2437195,69.2195034,trunk
80345385,5,41.2436896,69.2191421,trunk
80345385,6,41.2435535,69.2180089,trunk
80702516,0,41.271929,69.3114655,primary
80702516,1,41.2730036,69.3108644,primary
80702516,2,41.2730914,69.3108153,primary
80702517,0,41.2716614,69.3114235,primary
80702517,1,41.2668377,69.3141119,primary
80702518,0,41.2668931,69.3142854,primary
80702518,1,41.271715,69.3115919,primary
81140230,0,41.3070269,69.2969075,primary
81140230,1,41.3071496,69.2975888,primary
81140231,0,41.3054834,69.3067712,primary
81140231,1,41.3056253,69.3065017,primary
81140231,2,41.3057354,69.3062562,primary
81477124,0,41.2194034,69.2245815,primary
81477124,1,41.2195195,69.2245051,primary
81477124,2,41.2200948,69.2241343,primary
81477124,3,41.2209382,69.2236049,primary
81477124,4,41.2213275,69.2233644,primary
81477124,5,41.2221052,69.222884,primary
81477124,6,41.2224476,69.2226716,primary
81477124,7,41.222652,69.2225438,primary
81477124,8,41.2232336,69.2221785,primary
81477124,9,41.2235692,69.2219677,primary
81477124,10,41.2238109,69.2218065,primary
81477124,11,41.224072,69.2216507,primary
81477124,12,41.2244662,69.2214156,primary
81477124,13,41.2244995,69.2213957,primary
81477124,14,41.225113,69.2209963,primary
81477124,15,41.2251941,69.2209463,primary
81477124,16,41.2252612,69.2209049,primary
81477124,17,41.2255387,69.2207306,primary
81477124,18,41.2259625,69.2204644,primary
81477124,19,41.2260552,69.2204062,primary
81477124,20,41.2264935,69.2201309,primary
81477124,21,41.2267822,69.2199495,primary
81477124,22,41.2268506,69.2199065,primary
81477124,23,41.2269169,69.2198652,primary
81478830,0,41.2371191,69.3267485,trunk
81478830,1,41.2370988,69.3264944,trunk
81478830,2,41.237078,69.3261793,trunk
81478830,3,41.2370652,69.3258706,trunk
81478830,4,41.2370631,69.3256885,trunk
81478830,5,41.2370622,69.3255063,trunk
81478830,6,41.2370675,69.3253295,trunk
81478830,7,41.2370742,69.3251492,trunk
81478830,8,41.2370838,69.3249695,trunk
81478830,9,41.2370977,69.3247864,trunk
81478830,10,41.2371147,69.3246016,trunk
81478830,11,41.2371385,69.3244197,trunk
81478830,12,41.2371648,69.3242429,trunk
81478830,13,41.2371958,69.3240683,trunk
81478830,14,41.2372303,69.3238954,trunk
81478830,15,41.2372725,69.3237192,trunk
81478830,16,41.2373161,69.3235562,trunk
81478830,17,41.2373973,69.3233004,trunk
81478830,18,41.2374777,69.3230478,trunk
81478830,19,41.237556,69.3228242,trunk
81478830,20,41.2376368,69.3226025,trunk
81478830,21,41.2377273,69.3223534,trunk
81478830,22,41.2378195,69.3221162,trunk
82155334,0,41.2928933,69.279688,primary
82155334,1,41.2930771,69.2794908,primary
82155334,2,41.2933551,69.2791921,primary
82155334,3,41.2945192,69.2779417,primary
82155335,0,41.292819,69.2795682,primary
82155335,1,41.2927254,69.2796683,primary
82155756,0,41.2928008,69.2797878,primary
82155756,1,41.2928933,69.279688,primary
82253000,0,41.3142735,69.308135,primary
82253000,1,41.3141712,69.3080188,primary
82253000,2,41.3141257,69.3079715,primary
82253000,3,41.3140615,69.3079192,primary
82253000,4,41.3140065,69.3078809,primary
82253000,5,41.3139558,69.3078582,primary
82253000,6,41.3138528,69.3078381,primary
82253000,7,41.3137498,69.3078329,primary
82253000,8,41.3130478,69.3077844,primary
82253000,9,41.3127688,69.3076739,primary
82253000,10,41.3127374,69.3076615,primary
82254373,0,41.2590251,69.2191674,primary
82254373,1,41.2589983,69.2189791,primary
82254373,2,41.2589665,69.2187909,primary
82254373,3,41.258928,69.2186071,primary
82254373,4,41.2588953,69.2184689,primary
82254373,5,41.2588615,69.2183582,primary
82254373,6,41.2588093,69.2181913,primary
82254373,7,41.2587461,69.2180278,primary
82254373,8,41.2586732,69.2178677,primary
82254373,9,41.2586078,69.2177434,primary
82254373,10,41.2585382,69.217619,primary
82254373,11,41.2584365,69.2174573,primary
82254373,12,41.2583302,69.217308,primary
82254373,13,41.2582242,69.2171729,primary
82254373,14,41.2581162,69.2170391,primary
82254373,15,41.2580206,69.2169278,primary
82254374,0,41.2587479,69.2166,primary
82254374,1,41.2585807,69.2165814,primary
82254374,2,41.2583457,69.2165553,primary
82254374,3,41.2581955,69.2165386,primary
82254374,4,41.258126,69.2165262,primary
82254374,5,41.2581003,69.2165209,primary
82254374,6,41.2580564,69.2165118,primary
82254374,7,41.2579874,69.2164923,primary
82254374,8,41.2579207,69.2164717,primary
82254374,9,41.257821,69.2164324,primary
82254374,10,41.2577191,69.2163891,primary
82254374,11,41.2576165,69.2163395,primary
82254374,12,41.2574395,69.2162392,primary
82254374,13,41.2568494,69.2159033,primary
82412289,0,41.2730914,69.3108153,primary
82412289,1,41.2731846,69.3107641,primary
82490243,0,41.3173106,69.2939606,primary
82490243,1,41.3173808,69.2941193,primary
82783899,0,41.232917,69.2069401,trunk
82783899,1,41.2328138,69.2068671,trunk
82783899,2,41.232632,69.2067386,trunk
82783899,3,41.2317851,69.2061399,trunk
82783899,4,41.2315376,69.2059607,trunk
82783899,5,41.2313175,69.2057882,trunk
82783899,6,41.2310973,69.2056106,trunk
82783899,7,41.2309373,69.2054758,trunk
82783899,8,41.2307805,69.205339,trunk
82783899,9,41.2306243,69.2051884,trunk
82783899,10,41.2304689,69.2050315,trunk
82783899,11,41.2303423,69.2048988,trunk
82783899,12,41.2302204,69.2047653,trunk
82783899,13,41.2301004,69.2046271,trunk
82783899,14,41.2299838,69.2044872,trunk
82783899,15,41.2297473,69.2041684,trunk
82783899,16,41.2294577,69.2037781,trunk
82783899,17,41.2292193,69.2034522,trunk
82783930,0,41.2407276,69.2160082,primary
82783930,1,41.2414073,69.216638,primary
82783930,2,41.2415074,69.2167175,primary
82783930,3,41.2416075,69.2167937,primary
82783930,4,41.2418147,69.2169332,primary
82783930,5,41.2420169,69.2170567,primary
82783930,6,41.2422201,69.2171641,primary
82783930,7,41.2424853,69.2172948,primary
82783930,8,41.2427364,69.2174013,primary
82783930,9,41.2432507,69.2175983,primary
82783935,0,41.2434048,69.2179863,trunk
82783935,1,41.2435407,69.2189281,trunk
82783935,2,41.2435606,69.2191223,trunk
82783935,3,41.2435793,69.2193195,trunk
82783935,4,41.2435949,69.2195152,trunk
82783935,5,41.2437052,69.2223894,trunk
82789844,0,41.2364379,69.1683476,trunk
82789844,1,41.2359955,69.1685113,trunk
82789866,0,41.2278827,69.181647,primary
82789866,1,41.2279164,69.1816912,primary
82789866,2,41.2280634,69.181884,primary
82789866,3,41.2284529,69.182391,primary
82789866,4,41.2286467,69.1826338,primary
82789866,5,41.2288496,69.1828632,primary
82789866,6,41.2289906,69.1830056,primary
82789866,7,41.2291316,69.1831386,primary
82789866,8,41.2294468,69.1834184,primary
82789866,9,41.2300528,69.1839031,primary
82789866,10,41.2313984,69.1849829,primary
82789866,11,41.2317787,69.1852947,primary
82789866,12,41.2327724,69.1861093,primary
82789866,13,41.2335358,69.1867271,primary
82789866,14,41.2340582,69.1871464,primary
82789866,15,41.2349362,69.1878763,primary
82789866,16,41.2352939,69.1881694,primary
82789866,17,41.2354165,69.1882699,primary
82789866,18,41.2362479,69.1889297,primary
82789866,19,41.2364023,69.1890694,primary
82789866,20,41.2364888,69.1891556,primary
82789866,21,41.2365437,69.1892173,primary
82789866,22,41.2365881,69.1892671,primary
82789866,23,41.2368025,69.1894932,primary
82789866,24,41.2370152,69.1897382,primary
82789866,25,41.237246,69.1900587,primary
82789866,26,41.2374665,69.1903934,primary
82789866,27,41.2376732,69.1907395,primary
82789866,28,41.2378617,69.1910969,primary
82789866,29,41.2384301,69.1924625,primary
82789866,30,41.2385604,69.1927484,primary
82789866,31,41.2386639,69.1929755,primary
82789866,32,41.2388077,69.1932912,primary
82789866,33,41.239066,69.1938607,primary
82789866,34,41.2392768,69.1943256,primary
82789866,35,41.2393373,69.1944518,primary
82880450,0,41.2592404,69.2188574,primary
82880450,1,41.2593126,69.2182742,primary
82880450,2,41.2593566,69.2179397,primary
82880450,3,41.2593957,69.2176043,primary
82880450,4,41.259448,69.2171485,primary
82880450,5,41.2594707,69.2169178,primary
82880450,6,41.2594928,69.2166926,primary
82880450,7,41.2595044,69.2165367,primary
82880450,8,41.2595133,69.2163809,primary
82909739,0,41.2171054,69.2488383,primary
82909739,1,41.2161957,69.2465715,primary
82909739,2,41.213762,69.2407516,primary
83077493,0,41.2441907,69.2338176,trunk
83077493,1,41.244192,69.2337866,trunk
83077493,2,41.2441608,69.2328708,trunk
83077493,3,41.244147,69.2324354,trunk
83077493,4,41.2441316,69.2319499,trunk
83077493,5,41.2441273,69.2318142,trunk
83077493,6,41.2441032,69.2310495,trunk
83077493,7,41.2440914,69.2306768,trunk
83077493,8,41.2440893,69.2306098,trunk
83077493,9,41.2440793,69.2302957,trunk
83077493,10,41.2440683,69.229904,trunk
83077493,11,41.2440662,69.2298317,trunk
83077493,12,41.2440611,69.2296495,trunk
83077493,13,41.2440462,69.2291207,trunk
83077493,14,41.2440439,69.22904,trunk
83077493,15,41.2440332,69.2287242,trunk
83077493,16,41.2440192,69.2283112,trunk
83077493,17,41.2440088,69.2280059,trunk
83077493,18,41.2440022,69.2278094,trunk
83077493,19,41.2439921,69.2275117,trunk
83077493,20,41.2439905,69.2274655,trunk
83077493,21,41.2439809,69.2271826,trunk
83077612,0,41.2680886,69.2668692,primary
83077612,1,41.2680537,69.2668011,primary
83077612,2,41.2680217,69.2667581,primary
83077612,3,41.2679955,69.2667271,primary
83077612,4,41.2679675,69.2667008,primary
83077612,5,41.2679205,69.2666748,primary
83077612,6,41.2678735,69.2666582,primary
83077612,7,41.2678201,69.266659,primary
83077612,8,41.2677667,69.2666714,primary
83077612,9,41.267734,69.2666887,primary
83077612,10,41.267703,69.266713,primary
83077612,11,41.2676787,69.2667431,primary
83077612,12,41.2676561,69.2667779,primary
83077612,13,41.2676179,69.2668475,primary
83606913,0,41.2810313,69.1946528,primary
83606913,1,41.2812022,69.1943881,primary
83606913,2,41.2814105,69.1940614,primary
83606914,0,41.2805594,69.1950795,trunk
83606914,1,41.2805105,69.1951556,trunk
83606914,2,41.2803618,69.1953879,trunk
83606914,3,41.2802665,69.1955368,trunk
83606914,4,41.280181,69.1956687,trunk
83606914,5,41.2799575,69.1960135,trunk
83606914,6,41.2794555,69.1967918,trunk
83606914,7,41.279177,69.1972143,trunk
83606914,8,41.278893,69.1976642,trunk
83606914,9,41.2788502,69.1977379,trunk
83606914,10,41.2787475,69.1979149,trunk
83608754,0,41.2449208,69.3962396,trunk
83608754,1,41.2446202,69.3957529,trunk
83608755,0,41.2445121,69.3958758,trunk
83608755,1,41.2448232,69.3963505,trunk
83892271,0,41.2897572,69.2746305,primary
83892271,1,41.290293,69.2740651,primary
83892271,2,41.2905007,69.2738459,primary
83892271,3,41.2913358,69.2729647,primary
84106411,0,41.2654426,69.315138,primary
84106411,1,41.2655856,69.3150591,primary
84106411,2,41.2659001,69.3148658,primary
84106411,3,41.2660157,69.3147947,primary
84106411,4,41.2666164,69.3144452,primary
85487570,0,41.2891579,69.2821349,trunk
85487570,1,41.2891169,69.2821089,trunk
85711397,0,41.3404279,69.3359136,primary
85711397,1,41.3403652,69.3357808,primary
85711399,0,41.3340506,69.3058537,trunk
85711399,1,41.3341527,69.3058201,trunk
85958985,0,41.3111729,69.2596478,primary
85958985,1,41.3111875,69.2593138,primary
87659399,0,41.3473629,69.3484662,primary
87659399,1,41.3472637,69.3483613,primary
87659399,2,41.3470558,69.3481365,primary
87659399,3,41.3459601,69.3469824,primary
87659399,4,41.3457639,69.346775,primary
87659399,5,41.3442815,69.3452071,primary
87659399,6,41.3442184,69.3451404,primary
87659399,7,41.3440937,69.3450085,primary
87731113,0,41.3507812,69.3523556,primary
87731113,1,41.3509146,69.3525056,primary
87731113,2,41.3512815,69.3528967,primary
87731113,3,41.3515999,69.3532361,primary
87731113,4,41.3516762,69.3533174,primary
87731113,5,41.3518781,69.3535327,primary
87731113,6,41.3523472,69.3540328,primary
87731113,7,41.3526639,69.3543705,primary
87731113,8,41.353191,69.3549323,primary
87731113,9,41.3532913,69.3550392,primary
87731113,10,41.3545209,69.3563502,primary
87731113,11,41.3546662,69.3565051,primary
87731113,12,41.3550072,69.3568686,primary
87731113,13,41.3550517,69.3569161,primary
87731132,0,41.3508648,69.3522262,primary
87731132,1,41.350779,69.3521174,primary
87900907,0,41.3060101,69.3052598,primary
87900907,1,41.3057232,69.3058263,primary
87900907,2,41.3054745,69.3063171,primary
87900907,3,41.3054533,69.306359,primary
87900907,4,41.3052814,69.3066984,primary
88477636,0,41.3142267,69.2537929,primary
88477636,1,41.3144119,69.2538157,primary
88477636,2,41.3176302,69.2542513,primary
88477637,0,41.3112955,69.2532632,primary
88477637,1,41.3107817,69.2532215,primary
88477637,2,41.3104701,69.2532049,primary
88477637,3,41.3103329,69.2531976,primary
88477637,4,41.3102151,69.2531946,primary
88477637,5,41.3100296,69.2531866,primary
88477637,6,41.3098456,69.2531806,primary
88477637,7,41.3097062,69.2531924,primary
88477637,8,41.3095334,69.2532324,primary
88477637,9,41.3094044,69.2532751,primary
88477637,10,41.3092678,69.2533437,primary
88477637,11,41.3091235,69.253438,primary
88477637,12,41.3089837,69.2535419,primary
88477637,13,41.3088487,69.2536468,primary
88477637,14,41.3087689,69.2537159,primary
88477637,15,41.3086173,69.2538552,primary
88477637,16,41.3084709,69.2540083,primary
88484818,0,41.3166879,69.2808488,primary
88484818,1,41.3166413,69.2810548,primary
88484821,0,41.3070175,69.2979748,primary
88484821,1,41.3067609,69.2980179,primary
88484821,2,41.3066294,69.2980285,primary
88484821,3,41.3064979,69.2980324,primary
88484821,4,41.3063663,69.2980261,primary
88484821,5,41.3062336,69.298011,primary
88484821,6,41.3061046,69.2979921,primary
88484821,7,41.3059756,69.2979602,primary
88484821,8,41.3058473,69.297919,primary
88484821,9,41.305719,69.2978713,primary
88484821,10,41.3055958,69.2978142,primary
88484821,11,41.3054763,69.297752,primary
88484821,12,41.3053612,69.2976787,primary
88484821,13,41.3052487,69.2975973,primary
88484821,14,41.3051369,69.2975071,primary
88484821,15,41.3050264,69.2974096,primary
88484836,0,41.3257268,69.3256254,primary
88484836,1,41.3256185,69.3248784,primary
88484855,0,41.3256469,69.3257975,primary
88484855,1,41.3257572,69.3265689,primary
88484868,0,41.3224077,69.23644,primary
88484868,1,41.3223885,69.2364992,primary
88484868,2,41.3223751,69.236555,primary
88484868,3,41.3223365,69.2367231,primary
88484868,4,41.3223177,69.2369515,primary
89030062,0,41.2855453,69.2536393,primary
89030062,1,41.2854185,69.2534894,primary
89030067,0,41.285299,69.2537565,primary
89030067,1,41.2863818,69.2549453,primary
89030067,2,41.286707,69.2552725,primary
89030067,3,41.2868052,69.2553673,primary
89181933,0,41.2542998,69.1976928,primary
89181933,1,41.2542882,69.1983236,primary
89181933,2,41.2542808,69.1986955,primary
89181933,3,41.2542758,69.1989447,primary
89181933,4,41.2542699,69.1993639,primary
89181933,5,41.2542636,69.1998063,primary
89181933,6,41.2542554,69.2003837,primary
89181933,7,41.2542484,69.2008732,primary
89181933,8,41.2542455,69.2010784,primary
89181933,9,41.2542424,69.2012931,primary
89181933,10,41.2542337,69.2019125,primary
89181933,11,41.2542256,69.2024885,primary
89181933,12,41.2542546,69.2029217,primary
89181933,13,41.2543011,69.2033282,primary
89181933,14,41.2543325,69.2035203,primary
89181933,15,41.2543702,69.2037515,primary
89181933,16,41.2543823,69.2038158,primary
89181933,17,41.2543992,69.2039087,primary
89183110,0,41.2263842,69.2680897,primary
89183110,1,41.2265901,69.2682459,primary
89183110,2,41.2267942,69.2683837,primary
89183110,3,41.227006,69.2685102,primary
89183110,4,41.2272112,69.2686269,primary
89183110,5,41.2280161,69.2690739,primary
94561022,0,41.3229547,69.3647851,primary
94561022,1,41.3230785,69.3646943,primary
94561022,2,41.3231943,69.3645031,primary
94561022,3,41.3232908,69.3643434,primary
94561022,4,41.3247008,69.3620104,primary
94561022,5,41.3248792,69.3617154,primary
94561022,6,41.3251769,69.3612231,primary
94561022,7,41.3257498,69.3602756,primary
94561022,8,41.3261098,69.3596803,primary
94561022,9,41.3262836,69.3593928,primary
94561022,10,41.3264054,69.3591915,primary
95410488,0,41.3257268,69.3256254,primary
95410488,1,41.3256037,69.3254956,primary
95410503,0,41.3257707,69.3259281,primary
95410503,1,41.3262597,69.326444,primary
95612273,0,41.3029594,69.279246,primary
95612273,1,41.3028804,69.2791324,primary
95612274,0,41.313883,69.2861849,primary
95612274,1,41.313772,69.2862594,primary
95612274,2,41.3136819,69.2863113,primary
95612274,3,41.3136307,69.2863408,primary
95612274,4,41.3134879,69.2864184,primary
95612274,5,41.3133482,69.2864948,primary
95612274,6,41.3131767,69.2865811,primary
95612274,7,41.3130616,69.2866295,primary
95612274,8,41.3129159,69.2866815,primary
95612274,9,41.3127686,69.2867243,primary
95612274,10,41.3126195,69.2867592,primary
95612274,11,41.3124724,69.2867874,primary
95612274,12,41.3123258,69.286811,primary
95612274,13,41.3121764,69.2868338,primary
95612274,14,41.3120276,69.2868538,primary
95612274,15,41.3118789,69.2868687,primary
95612274,16,41.3117446,69.2868757,primary
95612274,17,41.3117311,69.2868765,primary
95612274,18,41.3116561,69.2868729,primary
95612274,19,41.3116174,69.286873,primary
95612278,0,41.3093779,69.2862746,primary
95612278,1,41.3093011,69.2862306,primary
95664577,0,41.227077,69.1976282,trunk
95664577,1,41.2268414,69.1979702,trunk
95664577,2,41.226721,69.1981274,trunk
95664577,3,41.2265515,69.1982993,trunk
95664577,4,41.2264838,69.1983728,trunk
95664577,5,41.2264703,69.1983875,trunk
95664577,6,41.2264612,69.198397,trunk
95664577,7,41.2263339,69.1985301,trunk
95664577,8,41.2261378,69.1987352,trunk
95933957,0,41.275182,69.2051331,primary
95933957,1,41.2737012,69.2039453,primary
95933957,2,41.2735823,69.2038574,primary
95933962,0,41.2735173,69.2040035,primary
95933962,1,41.2736336,69.2040896,primary
95933962,2,41.2751144,69.2052794,primary
95933966,0,41.2751144,69.2052794,primary
95933966,1,41.2757483,69.2058374,primary
95933966,2,41.2770896,69.2071437,primary
95933966,3,41.2783084,69.2082697,primary
95933966,4,41.2788095,69.2087747,primary
95933966,5,41.2793001,69.2093042,primary
95933966,6,41.2803539,69.2104307,primary
95933968,0,41.2735823,69.2038574,primary
95933968,1,41.2732215,69.2035909,primary
95933968,2,41.2720744,69.2029266,primary
95933968,3,41.270882,69.2022601,primary
96531019,0,41.3075271,69.2564473,primary
96531019,1,41.3073389,69.2571291,primary
96531021,0,41.3077945,69.2554872,primary
96531021,1,41.3076878,69.2558655,primary
96531021,2,41.3075556,69.2563442,primary
96531021,3,41.3075271,69.2564473,primary
96531025,0,41.3076476,69.2565121,primary
96531025,1,41.3077245,69.2562416,primary
96531025,2,41.3078018,69.2559694,primary
96531025,3,41.3078855,69.2556651,primary
96531028,0,41.3074565,69.2571838,primary
96531028,1,41.3076476,69.2565121,primary
96782746,0,41.3189164,69.3109593,primary
96782746,1,41.3187376,69.3108785,primary
96782746,2,41.3179636,69.3107458,primary
96782746,3,41.3178023,69.3107082,primary
96782746,4,41.3176397,69.3106593,primary
96782746,5,41.3174787,69.3106039,primary
96782746,6,41.3173178,69.3105383,primary
96782746,7,41.3171602,69.3104628,primary
96782746,8,41.3170068,69.3103749,primary
96782746,9,41.3160907,69.3097495,primary
96782746,10,41.3157824,69.3095242,primary
96782746,11,41.315663,69.3094349,primary
96782746,12,41.3152432,69.3091198,primary
96782746,13,41.3149368,69.3088529,primary
96782746,14,41.3147068,69.308606,primary
96782746,15,41.3144756,69.3083579,primary
96782746,16,41.3143118,69.3081821,primary
96782746,17,41.3142735,69.308135,primary
96784612,0,41.323047,69.2728022,primary
96784612,1,41.3230386,69.272589,primary
96784612,2,41.3230209,69.2719752,primary
96784612,3,41.323021,69.2718136,primary
96784612,4,41.3230226,69.271652,primary
96784612,5,41.3230285,69.2714872,primary
96784612,6,41.3230416,69.2713237,primary
96784612,7,41.3230653,69.271132,primary
96784612,8,41.3230931,69.2709411,primary
96786502,0,41.3373439,69.2752305,trunk
96786502,1,41.3374677,69.2750092,trunk
96786502,2,41.3376893,69.274613,trunk
96786503,0,41.3375867,69.2745097,trunk
96786503,1,41.3372419,69.2751193,trunk
96786504,0,41.3372419,69.2751193,trunk
96786504,1,41.3372359,69.27513,trunk
96786504,2,41.3367031,69.276084,trunk
96786504,3,41.3363614,69.2766845,trunk
96786504,4,41.3361129,69.2771408,trunk
96786504,5,41.3360509,69.2772518,trunk
96786504,6,41.3355133,69.2782,trunk
96786504,7,41.3350433,69.27904,trunk
96786504,8,41.3350058,69.2791072,trunk
96786504,9,41.3348662,69.279361,trunk
96786505,0,41.3376893,69.274613,trunk
96786505,1,41.337831,69.2743504,trunk
96786505,2,41.3378476,69.2743245,trunk
96786505,3,41.3379252,69.2741868,trunk
96786505,4,41.3380167,69.2740247,trunk
96786505,5,41.3383048,69.2735138,trunk
96786505,6,41.3387255,69.2727702,trunk
96786505,7,41.339742,69.2709449,trunk
96786505,8,41.3400596,69.2703717,trunk
96786505,9,41.3401124,69.2702781,trunk
96925030,0,41.3032619,69.1939736,trunk
96925030,1,41.3035692,69.1939524,trunk
96925030,2,41.3038579,69.1939324,trunk
96925030,3,41.3045001,69.193888,trunk
96925030,4,41.3046151,69.1938801,trunk
96925039,0,41.3021045,69.193732,trunk
96925039,1,41.3019326,69.1937353,trunk
96925039,2,41.3018509,69.1937387,trunk
96925039,3,41.3017678,69.1937422,trunk
96925039,4,41.3009554,69.1937762,trunk
96925039,5,41.3003466,69.1938017,trunk
96925039,6,41.2996646,69.1938302,trunk
96925039,7,41.2986586,69.193879,trunk
96925046,0,41.3032556,69.1936986,trunk
96925046,1,41.3030182,69.1937055,trunk
96925046,2,41.3021045,69.193732,trunk
96925059,0,41.3021093,69.1940158,trunk
96925059,1,41.3032619,69.1939736,trunk
97689233,0,41.2727103,69.3108352,primary
97689233,1,41.2719084,69.3112793,primary
97689233,2,41.2716614,69.3114235,primary
97934422,0,41.3800749,69.4407599,primary
97934422,1,41.3800091,69.4408176,primary
98583473,0,41.3706734,69.4239878,primary
98583473,1,41.3692983,69.4216431,primary
98583473,2,41.3689164,69.4209508,primary
98583473,3,41.3685575,69.4202724,primary
98583473,4,41.3680035,69.419095,primary
98583473,5,41.3672996,69.417412,primary
98583473,6,41.3672477,69.4172905,primary
98583473,7,41.367052,69.4167819,primary
98583473,8,41.3670185,69.4166947,primary
98583473,9,41.3670059,69.4166619,primary
98583473,10,41.3669219,69.4164453,primary
98590299,0,41.3593036,69.3883604,primary
98590299,1,41.3593674,69.3885455,primary
98590299,2,41.3594676,69.3888094,primary
98590299,3,41.3596285,69.3891556,primary
98590299,4,41.3596917,69.3892658,primary
98590299,5,41.3597334,69.3893479,primary
98590299,6,41.3598398,69.3895404,primary
98590299,7,41.35993,69.3896869,primary
98590299,8,41.360071,69.3898912,primary
98590299,9,41.3601935,69.3900437,primary
98590299,10,41.3602216,69.3900719,primary
98590299,11,41.3604238,69.3902767,primary
98590299,12,41.3606162,69.3904618,primary
98590299,13,41.361815,69.3914977,primary
98590299,14,41.3619033,69.391574,primary
98590299,15,41.3630367,69.3925667,primary
98590299,16,41.3630536,69.3925822,primary
98590299,17,41.3631718,69.3926905,primary
98590330,0,41.3669219,69.4164453,primary
98590330,1,41.36704,69.416389,primary
98590330,2,41.3671174,69.4163358,primary
99156122,0,41.3550398,69.3597437,primary
99156122,1,41.3550134,69.360136,primary
99156122,2,41.354879,69.3621349,primary
99156122,3,41.3548702,69.3622667,primary
99156122,4,41.3548319,69.362836,primary
99156122,5,41.354774,69.3636964,primary
99156122,6,41.3547449,69.3640575,primary
99156122,7,41.3546818,69.3650645,primary
99156122,8,41.3546378,69.3657216,primary
99156122,9,41.3545798,69.3665843,primary
99156122,10,41.3544443,69.3686004,primary
99156122,11,41.3544368,69.3687114,primary
99156122,12,41.3544273,69.368852,primary
99156123,0,41.3569737,69.3793517,primary
99156123,1,41.357038,69.3795095,primary
99156123,2,41.3570952,69.3796722,primary
99156123,3,41.3571465,69.3798305,primary
99156123,4,41.3571887,69.3799717,primary
99156123,5,41.3572285,69.3801182,primary
99156123,6,41.3573055,69.3804258,primary
99156123,7,41.3574771,69.3811481,primary
99156123,8,41.3576753,69.3819827,primary
99156123,9,41.3576943,69.3820627,primary
99156123,10,41.357724,69.3821878,primary
99156123,11,41.3577805,69.3824252,primary
99156123,12,41.357887,69.3828738,primary
99156123,13,41.358135,69.3839174,primary
99156124,0,41.3558776,69.3772657,primary
99156124,1,41.3557576,69.3770473,primary
99156124,2,41.3557235,69.3769805,primary
99156124,3,41.3555267,69.3766101,primary
99156124,4,41.3553928,69.3763654,primary
99156124,5,41.3552783,69.3761452,primary
99156124,6,41.3552046,69.3760038,primary
99156124,7,41.355063,69.3756954,primary
99156124,8,41.3549932,69.3755381,primary
99156124,9,41.3549263,69.375367,primary
99156124,10,41.3548256,69.3750804,primary
99156124,11,41.3547332,69.3747805,primary
99156124,12,41.3546378,69.3744501,primary
99156124,13,41.35455,69.3741098,primary
99156124,14,41.3544838,69.3737966,primary
99156124,15,41.3544293,69.3735178,primary
99156124,16,41.3543839,69.3732147,primary
99156124,17,41.3543511,69.3728872,primary
99156124,18,41.3543299,69.3725981,primary
99156124,19,41.354321,69.3724192,primary
99156124,20,41.3543233,69.3721767,primary
99156124,21,41.3543433,69.3717954,primary
99156124,22,41.3543669,69.3714541,primary
99156124,23,41.3544111,69.3708166,primary
99156124,24,41.3544613,69.3700933,primary
99156124,25,41.3545278,69.3691341,primary
99156124,26,41.3545465,69.3688644,primary
99156125,0,41.3553586,69.3572148,primary
99156125,1,41.3553595,69.3571778,primary
99156125,2,41.3553573,69.3571415,primary
99156125,3,41.3553508,69.357106,primary
99156125,4,41.3553397,69.3570706,primary
99315198,0,41.3223737,69.2727479,primary
99315198,1,41.3228931,69.2728928,primary
99315198,2,41.3230523,69.2729383,primary
99449905,0,41.3019357,69.1940221,trunk
99449905,1,41.3019326,69.1937353,trunk
99464390,0,41.334921,69.3108095,trunk
99464390,1,41.3349393,69.3107004,trunk
99464390,2,41.3349496,69.3105912,trunk
99464390,3,41.3349509,69.3104853,trunk
99464390,4,41.3349465,69.3103794,trunk
99464390,5,41.3349399,69.3102782,trunk
99464390,6,41.3349304,69.3101789,trunk
99464390,7,41.3349063,69.3099785,trunk
99464390,8,41.3348647,69.309683,trunk
99464390,9,41.3347664,69.3089856,trunk
99464392,0,41.3344979,69.3115769,trunk
99464392,1,41.3345619,69.3115033,trunk
99464392,2,41.3346223,69.3114267,trunk
99464392,3,41.3346831,69.3113407,trunk
99464392,4,41.3347365,69.3112558,trunk
99464392,5,41.3347859,69.3111649,trunk
99464392,6,41.3348301,69.3110741,trunk
99464392,7,41.3348679,69.3109798,trunk
99464392,8,41.334901,69.3108862,trunk
99464392,9,41.334921,69.3108095,trunk
99507368,0,41.3209323,69.3092452,primary
99507368,1,41.3209699,69.3094435,primary
99507368,2,41.3210227,69.3096665,primary
99507368,3,41.3211036,69.3099468,primary
99507368,4,41.3211301,69.3100327,primary
99507368,5,41.3213961,69.3108557,primary
99507368,6,41.3215556,69.3113332,primary
99507368,7,41.3224593,69.31391,primary
99684210,0,41.3649525,69.3310177,trunk
99684210,1,41.3653262,69.3305415,trunk
99684212,0,41.3652408,69.3304225,trunk
99684212,1,41.3648671,69.3308987,trunk
99860261,0,41.3736607,69.3227242,trunk
99860261,1,41.3737901,69.3226659,trunk
99860261,2,41.3740172,69.3225634,trunk
99860261,3,41.3742749,69.3224471,trunk
99860261,4,41.3747601,69.3222281,trunk
99860261,5,41.3750849,69.3220832,trunk
99860261,6,41.3759136,69.3217085,trunk
99860261,7,41.3765312,69.3214294,trunk
99860261,8,41.3771828,69.3211348,trunk
99860261,9,41.377516,69.3209844,trunk
99860261,10,41.3779285,69.3207983,trunk
99860261,11,41.3790245,69.320316,trunk
99860261,12,41.3799967,69.3198937,trunk
99860261,13,41.3804809,69.3197051,trunk
99860261,14,41.3812289,69.3194137,trunk
99860261,15,41.3821228,69.3190655,trunk
99860261,16,41.3825272,69.3188934,trunk
99860261,17,41.3826254,69.3188454,trunk
99860261,18,41.3827222,69.318793,trunk
99860261,19,41.3828165,69.318738,trunk
99860261,20,41.3829125,69.3186781,trunk
99860261,21,41.3830058,69.3186134,trunk
99860261,22,41.3830986,69.318544,trunk
99860261,23,41.3831895,69.3184684,trunk
99860261,24,41.3832805,69.3183929,trunk
99860261,25,41.383371,69.3183166,trunk
99860261,26,41.3834163,69.3182759,trunk
99860261,27,41.3834574,69.318239,trunk
99860261,28,41.38363,69.3180663,trunk
99860261,29,41.3837313,69.3179594,trunk
99860261,30,41.3838272,69.3178465,trunk
99860261,31,41.3839182,69.3177287,trunk
99860261,32,41.3840061,69.3176057,trunk
99860261,33,41.3841493,69.317371,trunk
99860261,34,41.3842799,69.3171363,trunk
99860261,35,41.384397,69.3168965,trunk
99860261,36,41.3845062,69.3166389,trunk
99860261,37,41.3846118,69.3163575,trunk
99860261,38,41.384704,69.3160827,trunk
99860261,39,41.3847493,69.3159476,trunk
99860261,40,41.3847856,69.3158181,trunk
99860261,41,41.3848171,69.315687,trunk
99860261,42,41.3848416,69.3155568,trunk
99860261,43,41.3848787,69.3153055,trunk
99860261,44,41.3849086,69.3150568,trunk
99860261,45,41.3849283,69.3148008,trunk
99860261,46,41.3849417,69.3145532,trunk
99860261,47,41.3849909,69.3135632,trunk
99860261,48,41.3850279,69.3126641,trunk
99860261,49,41.3850415,69.3122088,trunk
99860261,50,41.3850467,69.3117731,trunk
99860261,51,41.3850456,69.311614,trunk
99860261,52,41.3850382,69.3114536,trunk
99860261,53,41.3850306,69.3112978,trunk
99860261,54,41.3850187,69.3111406,trunk
99860261,55,41.384969,69.3106682,trunk
99860261,56,41.3849098,69.3101907,trunk
99860261,57,41.3847323,69.3087615,trunk
99860261,58,41.3847077,69.3085203,trunk
99860261,59,41.3846909,69.3082777,trunk
99860261,60,41.3846376,69.3073198,trunk
99860261,61,41.3845983,69.306774,trunk
99860261,62,41.3845779,69.3065016,trunk
99860261,63,41.3845552,69.306234,trunk
99860261,64,41.3844358,69.3051555,trunk
99860261,65,41.3843595,69.3045989,trunk
99860261,66,41.3843168,69.304319,trunk
99860261,67,41.3842741,69.3040428,trunk
99860261,68,41.3842017,69.3036208,trunk
99860261,69,41.3840942,69.3029947,trunk
99860261,70,41.3840875,69.3029511,trunk
99860261,71,41.3840132,69.3024715,trunk
99860261,72,41.3839756,69.3022108,trunk
99860261,73,41.3839413,69.3019483,trunk
99860261,74,41.3839134,69.3016832,trunk
99860261,75,41.3838908,69.3014244,trunk
99860261,76,41.3838739,69.3011631,trunk
99860261,77,41.3838623,69.3009019,trunk
99860261,78,41.3838546,69.3004159,trunk
99860261,79,41.3838093,69.2981905,trunk
99860261,80,41.3837927,69.2973772,trunk
99860261,81,41.3837831,69.2969057,trunk
99860261,82,41.3837279,69.2941964,trunk
99860261,83,41.3836784,69.2917666,trunk
99860261,84,41.3836748,69.2911361,trunk
99860261,85,41.383673,69.2908149,trunk
100106868,0,41.2458043,69.3260934,primary
100106868,1,41.2448696,69.3266259,primary
100106868,2,41.244274,69.3269567,primary
100106868,3,41.2442115,69.3269915,primary
100106868,4,41.2441403,69.327031,primary
100106868,5,41.2438611,69.3271861,primary
100106868,6,41.2437586,69.3272442,primary
100106868,7,41.2434119,69.3274408,primary
100106868,8,41.2430166,69.3276648,primary
100106868,9,41.2427728,69.327803,primary
100106868,10,41.2426735,69.3278593,primary
100106868,11,41.2423663,69.3280335,primary
100106868,12,41.2420281,69.3282338,primary
100106868,13,41.2417981,69.3283676,primary
100106868,14,41.2417252,69.3284197,primary
100106868,15,41.2411579,69.3288299,primary
100106868,16,41.2409592,69.3289736,primary
100106869,0,41.2514759,69.3231108,primary
100106869,1,41.25235,69.3226436,primary
100106869,2,41.2524189,69.3226068,primary
100106869,3,41.2525628,69.322526,primary
100784000,0,41.1598666,69.4211199,trunk
100784000,1,41.1596798,69.4212464,trunk
100784001,0,41.1511379,69.427127,trunk
100784001,1,41.1517143,69.4267399,trunk
100784003,0,41.1510877,69.4269973,trunk
100784003,1,41.1491831,69.428275,trunk
100784003,2,41.1482712,69.4289002,trunk
100784003,3,41.148195,69.4289521,trunk
100784004,0,41.1596798,69.4212464,trunk
100784004,1,41.1595775,69.4213099,trunk
100784004,2,41.1582286,69.4221953,trunk
100784004,3,41.1581075,69.4222741,trunk
100784004,4,41.155821,69.4238171,trunk
100784005,0,41.1597194,69.4213554,trunk
100784005,1,41.159906,69.4212283,trunk
100784006,0,41.1523155,69.4261749,trunk
100784006,1,41.1522676,69.4262083,trunk
100784006,2,41.1516652,69.4266078,trunk
100784007,0,41.1523584,69.4263007,trunk
100784007,1,41.1524623,69.4262326,trunk
100784010,0,41.1516652,69.4266078,trunk
100784010,1,41.1510877,69.4269973,trunk
100784011,0,41.1569877,69.4232056,trunk
100784011,1,41.1581641,69.4224196,trunk
100784012,0,41.1524162,69.4261088,trunk
100784012,1,41.1523155,69.4261749,trunk
100784013,0,41.1517143,69.4267399,trunk
100784013,1,41.1522886,69.4263505,trunk
100784013,2,41.1523584,69.4263007,trunk
101162345,0,41.3648671,69.3308987,trunk
101162345,1,41.3647462,69.3310592,trunk
101162345,2,41.3643882,69.3315235,trunk
101162345,3,41.3634899,69.3326952,trunk
101162345,4,41.3634522,69.3327444,trunk
101162345,5,41.3632872,69.3329591,trunk
101162345,6,41.3632394,69.3330213,trunk
101162345,7,41.3630378,69.3332838,trunk
101162345,8,41.3627961,69.3335983,trunk
101162345,9,41.3625236,69.3339532,trunk
101162345,10,41.3624107,69.3341002,trunk
101162345,11,41.3622517,69.3343071,trunk
101162345,12,41.3619735,69.3346713,trunk
101162345,13,41.3615731,69.3351957,trunk
101162345,14,41.3613311,69.3355114,trunk
101345841,0,41.3599783,69.3375207,trunk
101345841,1,41.3600276,69.3374539,trunk
101345841,2,41.3601867,69.3372382,trunk
101345841,3,41.3606529,69.3366104,trunk
101345841,4,41.3612733,69.3358112,trunk
101483276,0,41.4044941,69.3043452,trunk
101483276,1,41.4063578,69.3055937,trunk
101483276,2,41.4092352,69.3075148,trunk
101483276,3,41.4093271,69.3075754,trunk
101483276,4,41.4096363,69.3077856,trunk
101483276,5,41.4101142,69.3081043,trunk
101483276,6,41.4108898,69.3086347,trunk
101483276,7,41.4109804,69.3086956,trunk
101483276,8,41.4129093,69.3099755,trunk
101483276,9,41.413128,69.3101241,trunk
101483276,10,41.4137508,69.3105444,trunk
101483276,11,41.4140872,69.3107671,trunk
101483276,12,41.414334,69.3109348,trunk
101483276,13,41.4145649,69.311091,trunk
101483276,14,41.4150115,69.3113922,trunk
101483276,15,41.4150756,69.3114355,trunk
101483276,16,41.4158734,69.3119773,trunk
101483276,17,41.4162073,69.3122366,trunk
101483276,18,41.4163759,69.3123666,trunk
101483276,19,41.4165387,69.3125121,trunk
101483276,20,41.4170817,69.3130489,trunk
101483276,21,41.4171691,69.3131387,trunk
101483276,22,41.4199753,69.3159602,trunk
101483276,23,41.42003,69.3160131,trunk
101483276,24,41.4242954,69.3202538,trunk
101483276,25,41.4246677,69.3206261,trunk
101483276,26,41.4251494,69.3210898,trunk
101483276,27,41.4284106,69.324257,trunk
101483276,28,41.4285747,69.3244238,trunk
101483276,29,41.4286526,69.3244889,trunk
101483276,30,41.4287287,69.3245447,trunk
101483276,31,41.4288163,69.3245939,trunk
101483276,32,41.4288955,69.3246329,trunk
101483276,33,41.4292816,69.3247687,trunk
101483276,34,41.4313465,69.3255541,trunk
101483276,35,41.4315245,69.3256063,trunk
101483276,36,41.43173,69.3256366,trunk
101483276,37,41.4330042,69.3257773,trunk
101483276,38,41.4335492,69.3259506,trunk
101483276,39,41.4341003,69.3261684,trunk
101483276,40,41.4344495,69.3263411,trunk
101483276,41,41.4347694,69.3265193,trunk
101483276,42,41.4353833,69.3268974,trunk
101483276,43,41.4354973,69.3269846,trunk
101483276,44,41.4357625,69.3272873,trunk
101483276,45,41.4360172,69.3276,trunk
101483276,46,41.4361714,69.3277753,trunk
101483276,47,41.4363402,69.3279308,trunk
101483276,48,41.4366914,69.3281609,trunk
101483276,49,41.4376698,69.3287338,trunk
101483276,50,41.4381458,69.3290091,trunk
101483276,51,41.4382826,69.3290891,trunk
101483276,52,41.4384074,69.3291664,trunk
101483276,53,41.4384779,69.3292052,trunk
101483276,54,41.4386309,69.3293243,trunk
101483276,55,41.4387481,69.3294394,trunk
101483276,56,41.4389037,69.3296074,trunk
101483276,57,41.4390517,69.3298062,trunk
101483276,58,41.4393029,69.3302312,trunk
101483276,59,41.4394595,69.3304992,trunk
101483276,60,41.439622,69.3307332,trunk
101483276,61,41.439778,69.3309145,trunk
101483276,62,41.4399805,69.3311088,trunk
101483276,63,41.4410202,69.3321068,trunk
101483276,64,41.442254,69.3333321,trunk
101483276,65,41.4429079,69.333932,trunk
101483276,66,41.4430047,69.3340212,trunk
101483276,67,41.4436323,69.3346128,trunk
101483276,68,41.4446341,69.3354744,trunk
101483276,69,41.4455178,69.3363839,trunk
101483276,70,41.4458565,69.3367324,trunk
101483276,71,41.4459599,69.3368307,trunk
101483276,72,41.4464717,69.3373171,trunk
101483276,73,41.4471484,69.3378931,trunk
101483276,74,41.4474471,69.3381351,trunk
101483276,75,41.4476169,69.338229,trunk
101483276,76,41.4491782,69.3387116,trunk
101483276,77,41.4498291,69.3389117,trunk
101483276,78,41.452128,69.3395816,trunk
101483276,79,41.4522511,69.3396175,trunk
101483276,80,41.4525232,69.3397216,trunk
101483276,81,41.4527936,69.3398357,trunk
101483276,82,41.4530227,69.3399554,trunk
101483276,83,41.453126,69.3400249,trunk
101483276,84,41.4532249,69.3401027,trunk
101483276,85,41.4533206,69.3401861,trunk
101483276,86,41.4534085,69.3402694,trunk
101483276,87,41.453534,69.3404178,trunk
101483276,88,41.4536437,69.3405617,trunk
101483276,89,41.4558102,69.3433904,trunk
101483276,90,41.4565059,69.3443035,trunk
101483276,91,41.4568394,69.3447487,trunk
101483276,92,41.4585783,69.3472564,trunk
101483276,93,41.4589573,69.3477746,trunk
101483276,94,41.459139,69.3479931,trunk
101483276,95,41.4593249,69.3482026,trunk
101483276,96,41.459516,69.3483994,trunk
101483276,97,41.4597128,69.3485871,trunk
101483276,98,41.4604965,69.3493189,trunk
101483276,99,41.4627908,69.3514454,trunk
101483276,100,41.4629817,69.351614,trunk
101483276,101,41.4635113,69.3520965,trunk
101483276,102,41.4636415,69.3522316,trunk
101483276,103,41.4637006,69.3523004,trunk
101483276,104,41.4637601,69.3523722,trunk
101483276,105,41.46382,69.3524502,trunk
101483276,106,41.4638779,69.3525313,trunk
101483276,107,41.4639313,69.3526149,trunk
101483276,108,41.4639831,69.3527007,trunk
101483276,109,41.4653712,69.3550243,trunk
101483276,110,41.4657738,69.3555338,trunk
101483276,111,41.4660224,69.3558287,trunk
101493303,0,41.367467,69.2858116,primary
101493303,1,41.3677732,69.2858562,primary
102315408,0,41.2732417,69.3105409,primary
102315408,1,41.2731447,69.3105946,primary
102315408,2,41.2730774,69.3106318,primary
102315409,0,41.2784606,69.3078571,primary
102315409,1,41.2786978,69.3077206,primary
102315409,2,41.2791929,69.3075226,primary
102315411,0,41.2733104,69.310695,primary
102315411,1,41.2737587,69.3104489,primary
102315411,2,41.2740997,69.3102642,primary
102315413,0,41.2774073,69.3082354,primary
102315413,1,41.2770513,69.3084324,primary
102315413,2,41.2767034,69.308625,primary
102315413,3,41.2763473,69.3088221,primary
102315413,4,41.2754135,69.3093389,primary
102315413,5,41.2748419,69.3096553,primary
102549876,0,41.34507,69.2070561,primary
102549876,1,41.3452185,69.2070477,primary
102655868,0,41.3723043,69.3231454,trunk
102655868,1,41.3713762,69.3235653,trunk
102655868,2,41.3709624,69.3237871,trunk
102655868,3,41.3709417,69.3237982,trunk
102655868,4,41.3708588,69.3238432,trunk
102655868,5,41.3707287,69.3239137,trunk
102655868,6,41.3705201,69.3240431,trunk
102655868,7,41.3702709,69.324221,trunk
102655868,8,41.3700916,69.3243506,trunk
102655868,9,41.370023,69.3244073,trunk
102655868,10,41.3699001,69.324504,trunk
102655868,11,41.3697824,69.3246018,trunk
102655868,12,41.3696705,69.324709,trunk
102655868,13,41.3695556,69.3248281,trunk
102655868,14,41.3694569,69.3249361,trunk
102655868,15,41.3693602,69.3250505,trunk
102655868,16,41.3692627,69.3251676,trunk
102655868,17,41.3691681,69.3252872,trunk
102655868,18,41.368998,69.3254987,trunk
102655868,19,41.3689066,69.3256231,trunk
102655868,20,41.3687923,69.3257732,trunk
102655868,21,41.3680397,69.3267584,trunk
102655868,22,41.3678002,69.327072,trunk
102655868,23,41.3676875,69.3272124,trunk
102655868,24,41.3670353,69.3280733,trunk
102655868,25,41.3667771,69.3284114,trunk
102655868,26,41.366637,69.3285948,trunk
102655868,27,41.3664938,69.3287822,trunk
102655868,28,41.365816,69.3296695,trunk
102655868,29,41.3654244,69.3301821,trunk
102655868,30,41.3652408,69.3304225,trunk
102655869,0,41.3843057,69.3050318,trunk
102655869,1,41.3844056,69.3059066,trunk
102655869,2,41.3844683,69.3064599,trunk
102655869,3,41.3844901,69.3067489,trunk
102655869,4,41.3845241,69.3073286,trunk
102655869,5,41.3845581,69.3080449,trunk
102655869,6,41.384568,69.3082219,trunk
102655869,7,41.3845804,69.3084009,trunk
102655869,8,41.384597,69.3085761,trunk
102655869,9,41.3846174,69.3087525,trunk
102655869,10,41.3847938,69.3101671,trunk
102655869,11,41.3848949,69.3109998,trunk
102655869,12,41.384921,69.3114249,trunk
102655869,13,41.3849364,69.3118584,trunk
102655869,14,41.3849303,69.3122861,trunk
102655869,15,41.3849153,69.3127126,trunk
102655869,16,41.3848775,69.3135569,trunk
102655869,17,41.3848274,69.3145976,trunk
102655869,18,41.3848087,69.3148593,trunk
102655869,19,41.3847806,69.315121,trunk
102655869,20,41.3847385,69.3153774,trunk
102655869,21,41.3846834,69.3156407,trunk
102655869,22,41.3845856,69.3160064,trunk
102655869,23,41.3845496,69.3161284,trunk
102655869,24,41.3844969,69.3162922,trunk
102655869,25,41.3844432,69.3164432,trunk
102655869,26,41.3843866,69.3165961,trunk
102655869,27,41.3842672,69.3169,trunk
102655869,28,41.3842293,69.3169803,trunk
102655869,29,41.3841914,69.3170605,trunk
102655869,30,41.3841083,69.3172081,trunk
102655869,31,41.3840125,69.3173548,trunk
102655869,32,41.383913,69.3174983,trunk
102655869,33,41.3838286,69.3176161,trunk
102655869,34,41.3837434,69.3177317,trunk
102655869,35,41.3836513,69.3178396,trunk
102655869,36,41.3835593,69.317944,trunk
102655869,37,41.3833959,69.3181053,trunk
102655869,38,41.3832295,69.3182595,trunk
102655869,39,41.3831017,69.3183652,trunk
102655869,40,41.3829708,69.3184653,trunk
102655869,41,41.3828328,69.3185589,trunk
102655869,42,41.3826937,69.3186371,trunk
102655869,43,41.382561,69.3187047,trunk
102655869,44,41.3824127,69.3187701,trunk
102655869,45,41.3821269,69.3188756,trunk
102655869,46,41.3810857,69.3192845,trunk
102655869,47,41.3803724,69.3195646,trunk
103033207,0,41.3476172,69.2159333,trunk
103033207,1,41.3474561,69.215767,trunk
103033207,2,41.3471443,69.2154462,trunk
103033207,3,41.3470196,69.2153214,trunk
103033207,4,41.3468518,69.2151528,trunk
103033207,5,41.3464473,69.2147287,trunk
103033207,6,41.3461397,69.2144251,trunk
103033207,7,41.345424,69.2137009,trunk
103033207,8,41.3444953,69.212737,trunk
103033207,9,41.3432132,69.2114038,trunk
103033207,10,41.3426713,69.210821,trunk
103033207,11,41.3426503,69.2107986,trunk
103033207,12,41.342574,69.2107134,trunk
103033208,0,41.342574,69.2107134,primary
103033208,1,41.3426547,69.2105834,primary
103033208,2,41.3429146,69.2102333,primary
103033208,3,41.3429482,69.2101858,primary
103033208,4,41.3433991,69.2095529,primary
103033208,5,41.3440518,69.2086795,primary
103033208,6,41.3443345,69.2083097,primary
103033208,7,41.3446777,69.2078862,primary
103033208,8,41.344821,69.2077095,primary
103033210,0,41.342574,69.2107134,trunk
103033210,1,41.3425082,69.2106399,trunk
103379986,0,41.3248474,69.2324047,primary
103379986,1,41.3249061,69.2323018,primary
103379986,2,41.3249875,69.2321596,primary
103379986,3,41.3250224,69.2320979,primary
103379986,4,41.325087,69.2319861,primary
103379986,5,41.325124,69.2319213,primary
103379986,6,41.3251682,69.2318484,primary
103379987,0,41.3294143,69.2354427,primary
103379987,1,41.3293385,69.2356637,primary
103379987,2,41.3293032,69.2357788,primary
103379987,3,41.3292746,69.2358898,primary
103379988,0,41.3207975,69.261235,primary
103379988,1,41.3208172,69.2609541,primary
103379988,2,41.3208234,69.2608658,primary
103379988,3,41.3208322,69.2607412,primary
103379988,4,41.3208435,69.2605792,primary
103379988,5,41.320871,69.260182,primary
103379988,6,41.3208885,69.259938,primary
103379988,7,41.3209188,69.2595169,primary
103379988,8,41.3209848,69.2585971,primary
103381725,0,41.2691803,69.2458136,primary
103381725,1,41.269011,69.2458363,primary
103385573,0,41.2654748,69.2401761,trunk
103385573,1,41.2654952,69.240426,trunk
103522405,0,41.3058227,69.1516918,trunk
103522405,1,41.3054575,69.1516429,trunk
103528871,0,41.3182072,69.1933755,trunk
103528871,1,41.3185999,69.1933589,trunk
103528871,2,41.3188028,69.1933493,trunk
103528872,0,41.3177109,69.1934032,trunk
103528872,1,41.3182072,69.1933755,trunk
103528873,0,41.3176047,69.1931597,trunk
103528873,1,41.3171731,69.1931786,trunk
103528875,0,41.3181094,69.1931511,trunk
103528875,1,41.3176047,69.1931597,trunk
103635756,0,41.2998283,69.2099861,primary
103635756,1,41.2994763,69.2092473,primary
103635756,2,41.2993119,69.208902,primary
103635756,3,41.2989443,69.2081304,primary
103635756,4,41.2985502,69.2073032,primary
103635756,5,41.2982476,69.206668,primary
104107531,0,41.265631,69.2404086,trunk
104107531,1,41.2656107,69.2401587,trunk
104479227,0,41.3040357,69.208517,primary
104479227,1,41.3037606,69.2086878,primary
104479227,2,41.3035346,69.2088256,primary
104479227,3,41.3033193,69.2089568,primary
104644553,0,41.3284412,69.2138317,primary
104644553,1,41.3282665,69.2136651,primary
104644553,2,41.3281505,69.2135634,primary
104644553,3,41.3280158,69.2134561,primary
104669886,0,41.2881649,69.229327,primary
104669886,1,41.2880314,69.2295494,primary
104669886,2,41.2877174,69.2300602,primary
104669886,3,41.2876358,69.2301928,primary
104669886,4,41.2873847,69.2305901,primary
104669886,5,41.2871041,69.2310315,primary
104669888,0,41.2856327,69.2333563,primary
104669888,1,41.2855893,69.2334248,primary
105475586,0,41.2963568,69.2163753,primary
105475586,1,41.2963095,69.2164498,primary
105480853,0,41.2443532,69.2832379,trunk
105480853,1,41.2443542,69.2831042,trunk
105480853,2,41.2443636,69.2820128,trunk
105480853,3,41.2443969,69.2799271,trunk
105480853,4,41.2444143,69.2788403,trunk
105480853,5,41.2444342,69.2780739,trunk
105480853,6,41.2444339,69.277934,trunk
105480853,7,41.2444334,69.2777244,trunk
105480861,0,41.2443146,69.310016,trunk
105480861,1,41.2443148,69.3098692,trunk
105480861,2,41.2442846,69.3076105,trunk
105480861,3,41.244301,69.3020157,trunk
105480861,4,41.2443008,69.3018899,trunk
105480861,5,41.2443003,69.3016165,trunk
105480862,0,41.2443258,69.2923172,trunk
105480862,1,41.2443317,69.2904419,trunk
105480862,2,41.2443313,69.2897657,trunk
105480862,3,41.2443411,69.2893224,trunk
105480862,4,41.244341,69.289206,trunk
105480862,5,41.2443429,69.2889369,trunk
105480862,6,41.2443294,69.2867581,trunk
105480866,0,41.2443003,69.3016165,trunk
105480866,1,41.2443009,69.3012773,trunk
105480866,2,41.2443013,69.3010591,trunk
105480866,3,41.2443066,69.2983739,trunk
105480866,4,41.244309,69.2976124,trunk
105480866,5,41.2443195,69.2965887,trunk
105480866,6,41.2443133,69.2962532,trunk
105480866,7,41.2443374,69.2939117,trunk
105480866,8,41.2443387,69.2937789,trunk
105480866,9,41.2443387,69.2934952,trunk
105480866,10,41.2443258,69.2923172,trunk
105480872,0,41.2443294,69.2867581,trunk
105480872,1,41.2443532,69.2832379,trunk
105709144,0,41.3475903,69.3238996,primary
105709144,1,41.3477816,69.3235919,primary
105709144,2,41.3478789,69.3234353,primary
105709144,3,41.3489991,69.3216335,primary
105709144,4,41.3494647,69.3208847,primary
105709144,5,41.3494903,69.3208435,primary
105709144,6,41.3496488,69.3205884,primary
106494524,0,41.2444896,69.2650857,primary
106494524,1,41.2446646,69.2650843,primary
106494524,2,41.2448698,69.2650839,primary
106494524,3,41.2451009,69.2650835,primary
106494524,4,41.2453395,69.265083,primary
106494524,5,41.2484226,69.2650775,primary
106494524,6,41.24877,69.2650732,primary
106494524,7,41.2488059,69.2650765,primary
106494524,8,41.2488397,69.2650849,primary
106494524,9,41.2488688,69.2650996,primary
106494524,10,41.2488953,69.2651171,primary
106494524,11,41.2489232,69.2651372,primary
106494524,12,41.2489498,69.2651616,primary
106494524,13,41.248975,69.2651891,primary
106494524,14,41.2489991,69.2652205,primary
107062680,0,41.3075831,69.2979779,primary
107062680,1,41.3079516,69.2978615,primary
107062686,0,41.3075623,69.2978321,primary
107062686,1,41.3070175,69.2979748,primary
107170076,0,41.3312041,69.3758818,trunk
107170076,1,41.3322206,69.3767471,trunk
107170076,2,41.3333781,69.3777323,trunk
107170076,3,41.3334886,69.377826,trunk
107170076,4,41.3335618,69.377888,trunk
107285066,0,41.2264742,69.185365,trunk
107285066,1,41.2265927,69.1850096,trunk
107285067,0,41.2270684,69.1831784,trunk
107285067,1,41.2268658,69.1837452,trunk
107285069,0,41.2263371,69.1852879,trunk
107285069,1,41.2262334,69.1856181,trunk
107285069,2,41.2261733,69.1858673,trunk
107285069,3,41.2261194,69.1861193,trunk
107285069,4,41.2260732,69.186376,trunk
107285069,5,41.2260337,69.1866344,trunk
107285069,6,41.2259806,69.1872233,trunk
107285069,7,41.2259685,69.1875784,trunk
107285069,8,41.2259751,69.1879323,trunk
107285069,9,41.2259984,69.1882751,trunk
107285069,10,41.2260303,69.1885585,trunk
107285069,11,41.2261249,69.1891836,trunk
107285069,12,41.2262239,69.1897056,trunk
107285069,13,41.2262956,69.1900369,trunk
107285069,14,41.2263389,69.1902011,trunk
107285069,15,41.2263893,69.1903916,trunk
107285069,16,41.2265605,69.19104,trunk
107285069,17,41.2266009,69.1911931,trunk
107285069,18,41.2266375,69.1913483,trunk
107285069,19,41.2266946,69.1915906,trunk
107285069,20,41.2267343,69.1917593,trunk
107285069,21,41.2268653,69.1923154,trunk
107285072,0,41.2271976,69.1832598,trunk
107285072,1,41.2284144,69.1796313,trunk
107286986,0,41.2198159,69.1751139,primary
107286986,1,41.2200799,69.1752011,primary
107286986,2,41.220301,69.1752777,primary
107286986,3,41.2205248,69.1753617,primary
107286986,4,41.2206407,69.1754074,primary
107286986,5,41.2207507,69.1754608,primary
107286986,6,41.2209516,69.1755639,primary
107286986,7,41.2211533,69.1756696,primary
107286986,8,41.2213121,69.1757692,primary
107286986,9,41.2214342,69.1758475,primary
107286986,10,41.2215649,69.1759462,primary
107286986,11,41.2216982,69.1760482,primary
107286986,12,41.221973,69.1762721,primary
107286986,13,41.2220345,69.1763228,primary
107286986,14,41.2224249,69.17662,primary
107286986,15,41.2227925,69.1768964,primary
107286986,16,41.2238615,69.1777498,primary
107304313,0,41.279412,69.3062229,primary
107304313,1,41.2790381,69.3066756,primary
107304313,2,41.2788354,69.306921,primary
107304313,3,41.2786167,69.3071857,primary
107442707,0,41.2938185,69.2971639,primary
107442707,1,41.2936136,69.2973706,primary
107442707,2,41.2935465,69.2974382,primary
107442707,3,41.2933714,69.297615,primary
107442707,4,41.293203,69.297785,primary
107442707,5,41.2929506,69.2980195,primary
107442707,6,41.292587,69.2983573,primary
107442707,7,41.2921368,69.2987755,primary
107442707,8,41.2920445,69.2988678,primary
107442707,9,41.2914294,69.2994338,primary
107442707,10,41.29086,69.299968,primary
107442707,11,41.2907877,69.300033,primary
107442707,12,41.2906497,69.3001578,primary
107442707,13,41.2900783,69.3006498,primary
107442707,14,41.2898795,69.3008166,primary
107442707,15,41.2893171,69.3012886,primary
107539482,0,41.2367394,69.168439,trunk
107539482,1,41.238343,69.1678916,trunk
107539482,2,41.2388275,69.1677456,trunk
107539482,3,41.2401045,69.1673211,trunk
107849020,0,41.3794587,69.3199351,trunk
107849020,1,41.3788151,69.320216,trunk
107849020,2,41.3778824,69.3206214,trunk
107849020,3,41.3775172,69.3207866,trunk
107849020,4,41.3771585,69.3209489,trunk
107849020,5,41.3764429,69.3212728,trunk
107849020,6,41.3752647,69.3218059,trunk
107849020,7,41.3747136,69.3220552,trunk
107849020,8,41.3738183,69.3224671,trunk
107849020,9,41.3737568,69.3224882,trunk
107849020,10,41.3736155,69.3225521,trunk
108218671,0,41.3595758,69.2254449,primary
108218671,1,41.3595385,69.2254511,primary
108218671,2,41.3595105,69.2254574,primary
108218671,3,41.3592184,69.2255208,primary
108440558,0,41.2533549,69.2168327,primary
108440558,1,41.2536705,69.2165177,primary
108440558,2,41.2539337,69.2162632,primary
108440558,3,41.254063,69.2161341,primary
108440558,4,41.2541913,69.2160287,primary
108440558,5,41.2542931,69.2159475,primary
108440558,6,41.2544736,69.2158411,primary
108440558,7,41.2546401,69.2157443,primary
108440558,8,41.2548066,69.2156656,primary
108440558,9,41.2549532,69.2156155,primary
108440558,10,41.2551352,69.2155803,primary
108440558,11,41.2552622,69.2155697,primary
108440558,12,41.2553892,69.2155772,primary
108440558,13,41.2556752,69.2156057,primary
108440558,14,41.2558479,69.2156398,primary
108440558,15,41.2560144,69.2157067,primary
108440558,16,41.2561743,69.2157781,primary
108440558,17,41.2563352,69.2158747,primary
108440558,18,41.2565438,69.216022,primary
108440558,19,41.2567265,69.2161815,primary
108440558,20,41.2569032,69.2163684,primary
108440558,21,41.2570616,69.2165593,primary
108440558,22,41.2572638,69.216832,primary
108440558,23,41.2574567,69.2171072,primary
108440558,24,41.257617,69.2173604,primary
108440558,25,41.2577653,69.217618,primary
108440558,26,41.2580978,69.2182488,primary
108440559,0,41.246518,69.2183502,primary
108440559,1,41.2470452,69.218264,primary
108440559,2,41.248557,69.2180256,primary
108440559,3,41.2487945,69.2179836,primary
108440559,4,41.2488973,69.2179669,primary
108440559,5,41.2501646,69.2177614,primary
108440560,0,41.2580206,69.2169278,primary
108440560,1,41.25795,69.2168583,primary
108440560,2,41.2578784,69.21679,primary
108440560,3,41.2578071,69.2167224,primary
108440560,4,41.2577349,69.2166556,primary
108440560,5,41.2568494,69.2159033,primary
108440560,6,41.2567532,69.2158283,primary
108440560,7,41.2564002,69.2155788,primary
108440560,8,41.2563204,69.2155306,primary
108440560,9,41.2562563,69.2154918,primary
108440560,10,41.2560794,69.2154061,primary
108440560,11,41.2558968,69.2153366,primary
108440560,12,41.255704,69.2152854,primary
108440560,13,41.2555328,69.2152535,primary
108440560,14,41.2554313,69.2152424,primary
108440560,15,41.2553392,69.2152385,primary
108440560,16,41.2551884,69.2152399,primary
108440560,17,41.255066,69.2152503,primary
108440560,18,41.2549471,69.2152702,primary
108440561,0,41.2532413,69.2166508,primary
108440561,1,41.2530228,69.2168356,primary
108440561,2,41.2529591,69.2168912,primary
108440561,3,41.2528942,69.2169449,primary
108440561,4,41.2528279,69.2169917,primary
108440561,5,41.2527613,69.2170367,primary
108440561,6,41.2526473,69.2171011,primary
108440561,7,41.2525365,69.2171532,primary
108443264,0,41.344813,69.2074655,primary
108443264,1,41.3447137,69.2075704,primary
108443264,2,41.3446275,69.2076844,primary
108443264,3,41.3442503,69.2082015,primary
108443264,4,41.3439616,69.2085897,primary
108443264,5,41.3436022,69.2090903,primary
108443264,6,41.3430884,69.2098061,primary
108443264,7,41.3426128,69.2104679,primary
108443264,8,41.342588,69.2105053,primary
108443264,9,41.3425082,69.2106399,primary
108453549,0,41.2687323,69.2458799,primary
108453549,1,41.2685376,69.2459103,primary
108453549,2,41.2683812,69.2459347,primary
108453549,3,41.2682451,69.245956,primary
108453549,4,41.2680466,69.245993,primary
108453549,5,41.2679346,69.2460093,primary
108453549,6,41.2674272,69.2460829,primary
108453549,7,41.2667001,69.2461885,primary
108543999,0,41.2928008,69.2797878,primary
108543999,1,41.2929357,69.2800014,primary
108543999,2,41.2932995,69.2805907,primary
108543999,3,41.2939634,69.2816659,primary
108543999,4,41.2948491,69.2830492,primary
108543999,5,41.2949006,69.2831336,primary
108543999,6,41.2949658,69.2832405,primary
108544003,0,41.2912429,69.277011,primary
108544003,1,41.291204,69.2769574,primary
108550475,0,41.3169831,69.316679,primary
108550475,1,41.3170509,69.3164935,primary
108550477,0,41.3128287,69.3311368,primary
108550477,1,41.3127384,69.3312526,primary
108550477,2,41.3125537,69.3315067,primary
108550477,3,41.3121073,69.3321208,primary
108550478,0,41.3167145,69.3169537,primary
108550478,1,41.3165087,69.3175081,primary
108550478,2,41.31625,69.3182371,primary
108550478,3,41.3156863,69.3198105,primary
108550478,4,41.3156237,69.3200083,primary
108550478,5,41.3155666,69.3202093,primary
108550478,6,41.3155175,69.3204141,primary
108550478,7,41.3154722,69.3206127,primary
108550478,8,41.3154349,69.3208051,primary
108550478,9,41.3154015,69.3209861,primary
108550478,10,41.3153561,69.3212919,primary
108550478,11,41.3153214,69.3215763,primary
108550478,12,41.3153044,69.3217167,primary
108550478,13,41.315237,69.3223213,primary
108550478,14,41.3150922,69.3237519,primary
108550478,15,41.3150246,69.3244198,primary
108550478,16,41.3149617,69.3250426,primary
108550478,17,41.3149492,69.3251667,primary
108550478,18,41.31494,69.3252574,primary
108550478,19,41.3148939,69.32574,primary
108550478,20,41.3147288,69.3273499,primary
108550478,21,41.3146876,69.3277575,primary
108550478,22,41.3146525,69.3281053,primary
108550478,23,41.3146464,69.3281473,primary
109043947,0,41.3233296,69.2689048,primary
109043947,1,41.3229863,69.2709095,primary
109043948,0,41.3230931,69.2709411,primary
109043948,1,41.3234183,69.2689309,primary
109572638,0,41.3209946,69.3089843,primary
109572638,1,41.3209406,69.3086442,primary
109572638,2,41.320906,69.3083739,primary
109572638,3,41.3208738,69.3080073,primary
109572640,0,41.315656,69.2901858,primary
109572640,1,41.3159099,69.2907651,primary
109572640,2,41.3165593,69.292273,primary
109572640,3,41.3168225,69.2928563,primary
109572641,0,41.3147589,69.2878695,primary
109572641,1,41.314591,69.2874911,primary
109572641,2,41.3142114,69.2866357,primary
109572641,3,41.3140626,69.2863006,primary
109827493,0,41.1650967,69.2569211,trunk
109827493,1,41.1648646,69.2590464,trunk
109827500,0,41.1685917,69.2279765,trunk
109827500,1,41.1675297,69.2314419,trunk
109827570,0,41.1637666,69.2692021,trunk
109827570,1,41.1637342,69.2695978,trunk
109827570,2,41.1636765,69.2706566,trunk
109827570,3,41.1636578,69.2711903,trunk
109827570,4,41.1636572,69.2717268,trunk
109827570,5,41.1636647,69.2722592,trunk
109827570,6,41.1636884,69.2727916,trunk
109827570,7,41.1637801,69.2738538,trunk
109827570,8,41.1638069,69.2741253,trunk
109827570,9,41.1638444,69.2744675,trunk
109827570,10,41.1639245,69.275109,trunk
109827570,11,41.1640129,69.2756612,trunk
109827570,12,41.1641102,69.2762153,trunk
109827570,13,41.1642209,69.2768009,trunk
109827570,14,41.1643455,69.2773865,trunk
109827570,15,41.164619,69.2784263,trunk
109827570,16,41.164736,69.2788117,trunk
109827570,17,41.1648319,69.2790861,trunk
109827570,18,41.165029,69.2796273,trunk
109827570,19,41.1654461,69.2807118,trunk
109827570,20,41.1655563,69.2809743,trunk
109827570,21,41.1656732,69.2812367,trunk
109827570,22,41.1657901,69.2814941,trunk
109827570,23,41.1659113,69.2817503,trunk
109827570,24,41.1661628,69.2822569,trunk
109827570,25,41.1662144,69.2823551,trunk
109827570,26,41.166426,69.2827577,trunk
109827570,27,41.1665637,69.2830093,trunk
109827570,28,41.1667063,69.2832583,trunk
109827570,29,41.1670105,69.2837401,trunk
109827570,30,41.167129,69.2839201,trunk
109827570,31,41.1683553,69.285782,trunk
109827570,32,41.1684716,69.2859585,trunk
109827570,33,41.1688607,69.2865677,trunk
110251442,0,41.3292132,69.2362937,primary
110251442,1,41.3292092,69.2363387,primary
110251442,2,41.329163,69.2367559,primary
110251442,3,41.3290911,69.2373748,primary
110251442,4,41.3289952,69.2382137,primary
110251442,5,41.328979,69.2383287,primary
110251442,6,41.3289637,69.238438,primary
110251442,7,41.3289509,69.2384985,primary
110251442,8,41.3289355,69.2385583,primary
110251442,9,41.3289165,69.2386197,primary
110251442,10,41.328896,69.2386805,primary
110251442,11,41.3288735,69.2387409,primary
110251442,12,41.3288495,69.2388009,primary
110251442,13,41.3288236,69.2388606,primary
110251442,14,41.3287975,69.2389187,primary
110251442,15,41.3287695,69.2389773,primary
110251442,16,41.3287406,69.2390322,primary
110251442,17,41.3287102,69.2390863,primary
110251442,18,41.3286789,69.2391387,primary
110251442,19,41.3286253,69.239255,primary
110251445,0,41.3252409,69.2317287,primary
110251445,1,41.3252903,69.2316455,primary
110251445,2,41.325383,69.2314722,primary
110907552,0,41.2952917,69.1763689,primary
110907552,1,41.2952086,69.1764297,primary
110907552,2,41.2950873,69.1765307,primary
110907552,3,41.2946435,69.1768809,primary
110907552,4,41.2943449,69.1771104,primary
110907552,5,41.2942285,69.1772029,primary
110907552,6,41.2942017,69.1772241,primary
110907552,7,41.2931738,69.1780406,primary
110907552,8,41.2928832,69.1782699,primary
110907552,9,41.292115,69.1788944,primary
110920805,0,41.3613467,69.225476,primary
110920805,1,41.3616218,69.2253996,primary
110920805,2,41.3618073,69.225329,primary
110920805,3,41.3619749,69.2252845,primary
110920805,4,41.3621329,69.2252507,primary
110920805,5,41.3622332,69.2252397,primary
110920805,6,41.3623336,69.2252322,primary
110920805,7,41.3625319,69.2252257,primary
110920805,8,41.3631352,69.225238,primary
110920819,0,41.3596129,69.225655,primary
110920819,1,41.3598039,69.2256129,primary
110920820,0,41.3565549,69.226987,primary
110920820,1,41.3570191,69.2268525,primary
110920820,2,41.3577465,69.2266418,primary
110920820,3,41.3579293,69.2265786,primary
110920820,4,41.357966,69.2265618,primary
110920820,5,41.3580023,69.2265431,primary
110920820,6,41.3581694,69.2264355,primary
110920820,7,41.3592265,69.2258017,primary
110920820,8,41.3593333,69.2257567,primary
110920820,9,41.3594423,69.2257156,primary
110920820,10,41.3596129,69.225655,primary
111390374,0,41.3181119,69.1935899,primary
111390374,1,41.318035,69.193413,primary
111390374,2,41.317889,69.1930785,primary
111390374,3,41.3177647,69.1928032,primary
111390378,0,41.3176717,69.1928751,primary
111390378,1,41.3177865,69.1931537,primary
111390378,2,41.3179227,69.1934817,primary
111390378,3,41.3180069,69.193671,primary
111476233,0,41.3224649,69.1932156,trunk
111476233,1,41.3224671,69.1931326,trunk
111476233,2,41.3224699,69.1930272,trunk
111576165,0,41.3139661,69.286366,primary
111576165,1,41.3140626,69.2863006,primary
111576168,0,41.314764,69.2881729,primary
111576168,1,41.3155474,69.2899387,primary
111576168,2,41.3155651,69.2899791,primary
111576168,3,41.3156193,69.2901028,primary
111577048,0,41.3116174,69.286873,primary
111577048,1,41.3116305,69.2870698,primary
111592900,0,41.3139795,69.2861156,primary
111592900,1,41.313883,69.2861849,primary
111592901,0,41.313883,69.2861849,primary
111592901,1,41.3139661,69.286366,primary
111592902,0,41.3130919,69.2841265,primary
111592902,1,41.312105,69.2819001,primary
111592902,2,41.3120274,69.2817117,primary
111592902,3,41.3119974,69.281618,primary
111592902,4,41.3119842,69.2815693,primary
111592902,5,41.3119721,69.2815201,primary
111592902,6,41.3119618,69.2814601,primary
111592902,7,41.3119586,69.2814312,primary
111592902,8,41.3119581,69.2814084,primary
111592902,9,41.3119585,69.2813807,primary
111592902,10,41.3119604,69.2813605,primary
111592902,11,41.311964,69.281341,primary
111592902,12,41.3119702,69.2813185,primary
111592902,13,41.3119833,69.2812764,primary
111592902,14,41.3120037,69.2812192,primary
111592902,15,41.3120293,69.2811548,primary
111592902,16,41.3120683,69.2810625,primary
112654112,0,41.2432507,69.2175983,primary
112654112,1,41.2436494,69.2177399,primary
112654113,0,41.2422687,69.2170278,primary
112654113,1,41.2420695,69.2169166,primary
112654113,2,41.2418593,69.2167853,primary
112654113,3,41.2416651,69.2166487,primary
112654113,4,41.2415661,69.2165731,primary
112654113,5,41.241467,69.2164959,primary
112654113,6,41.2408264,69.215897,primary
115095368,0,41.4047085,69.2026094,primary
115095368,1,41.4054525,69.2025511,primary
115095368,2,41.4062325,69.2025274,primary
115095368,3,41.4068714,69.2025369,primary
115095368,4,41.4075818,69.202524,primary
115095368,5,41.4085007,69.2024841,primary
115095368,6,41.4090278,69.2024798,primary
115095368,7,41.4091745,69.2024702,primary
115095368,8,41.4093273,69.2024499,primary
115095368,9,41.4096624,69.2023598,primary
115095368,10,41.4098282,69.202307,primary
115095368,11,41.4099872,69.2022451,primary
115095368,12,41.4103594,69.202068,primary
115095368,13,41.4106255,69.2018931,primary
115095368,14,41.4112228,69.2014915,primary
115095368,15,41.4113811,69.201402,primary
115095368,16,41.4115364,69.2013164,primary
115095368,17,41.4118384,69.201212,primary
115955539,0,41.3293833,69.1969491,trunk
115955539,1,41.3289088,69.1964521,trunk
115955539,2,41.3287206,69.196255,trunk
115955539,3,41.32822,69.1957307,trunk
115955539,4,41.3277528,69.1952413,trunk
115955539,5,41.3271842,69.1946458,trunk
115955539,6,41.3266051,69.1940393,trunk
115955539,7,41.3265053,69.1939446,trunk
115955548,0,41.3224649,69.1932156,trunk
115955548,1,41.3226097,69.193212,trunk
115955548,2,41.3226753,69.1932079,trunk
115955548,3,41.3228545,69.1931967,trunk
115955548,4,41.3231156,69.1931732,trunk
115955548,5,41.3232947,69.1931595,trunk
115955548,6,41.3234228,69.193151,trunk
115955548,7,41.3245929,69.1931257,trunk
115955548,8,41.3247337,69.1931283,trunk
115955548,9,41.3248769,69.1931341,trunk
115955560,0,41.3224699,69.1930272,trunk
115955560,1,41.3223698,69.193028,trunk
115955564,0,41.3286918,69.1966034,trunk
115955564,1,41.3303266,69.1982879,trunk
115955564,2,41.3304371,69.1984027,trunk
115955564,3,41.3309846,69.1989677,trunk
115955564,4,41.3314094,69.1994061,trunk
115955564,5,41.3324225,69.2004478,trunk
115955564,6,41.3331736,69.2012242,trunk
115955564,7,41.3338682,69.2019404,trunk
115955564,8,41.3341571,69.2022383,trunk
115955564,9,41.3352118,69.2033258,trunk
115955564,10,41.336592,69.2047489,trunk
115955564,11,41.3373844,69.2055658,trunk
115955564,12,41.3378179,69.2060129,trunk
115955564,13,41.3382776,69.206487,trunk
115955564,14,41.3387085,69.2069312,trunk
115955564,15,41.3388009,69.2070265,trunk
115955564,16,41.3388751,69.2071087,trunk
115955564,17,41.338986,69.207216,trunk
116064774,0,41.3343752,69.2802534,trunk
116064774,1,41.3341937,69.2805963,trunk
116064774,2,41.3341099,69.2807718,trunk
116064774,3,41.3340321,69.2809472,trunk
116064776,0,41.3347914,69.2794969,trunk
116064776,1,41.3347222,69.2796227,trunk
116064776,2,41.3343752,69.2802534,trunk
116064778,0,41.3277801,69.2831915,primary
116064778,1,41.3276875,69.2831722,primary
116064783,0,41.32958,69.2835688,primary
116064783,1,41.3294533,69.2835423,primary
116064783,2,41.3293955,69.2835302,primary
116064783,3,41.3290713,69.2834619,primary
116064783,4,41.3290414,69.2834561,primary
116064783,5,41.3286034,69.2833642,primary
116821070,0,41.3171806,69.2306282,primary
116821070,1,41.3172383,69.2306955,primary
116821071,0,41.3224707,69.2377197,primary
116821071,1,41.3224321,69.2370628,primary
116821071,2,41.322452,69.2367151,primary
116821071,3,41.3224449,69.2366409,primary
116821071,4,41.3224342,69.2365555,primary
116821071,5,41.3224077,69.23644,primary
117614332,0,41.24449,69.2546985,trunk
117614332,1,41.2444892,69.2543894,trunk
117614332,2,41.2444891,69.2539981,trunk
117614332,3,41.244489,69.2529573,trunk
117614332,4,41.2444889,69.251877,trunk
117614332,5,41.2444887,69.2507445,trunk
117614332,6,41.2444886,69.2501792,trunk
117614332,7,41.2444956,69.2498416,trunk
117614332,8,41.2444961,69.2496747,trunk
117614332,9,41.2444885,69.2488828,trunk
117614332,10,41.2444885,69.2486232,trunk
117614332,11,41.2444884,69.2483631,trunk
117614332,12,41.2444883,69.2477156,trunk
117614332,13,41.2444904,69.2473801,trunk
121400766,0,41.2807736,69.3067689,primary
121400766,1,41.281717,69.3063209,primary
121400766,2,41.2825888,69.3058729,primary
121400766,3,41.2831072,69.3055804,primary
121400766,4,41.283252,69.3054987,primary
121400766,5,41.2835086,69.3053539,primary
121400766,6,41.284123,69.304993,primary
121400766,7,41.2846075,69.3047084,primary
121400766,8,41.2856588,69.3040785,primary
121400766,9,41.2860038,69.3038582,primary
121400766,10,41.2862341,69.3037058,primary
121400767,0,41.2862341,69.3037058,primary
121400767,1,41.2864218,69.3035829,primary
121400767,2,41.2870406,69.3031776,primary
121400767,3,41.2872295,69.3030539,primary
121400767,4,41.2874688,69.3028972,primary
121400767,5,41.2875951,69.3028145,primary
121410894,0,41.2013501,69.2110612,primary
121410894,1,41.2014923,69.211406,primary
121410894,2,41.2015813,69.2116212,primary
121410894,3,41.2022255,69.2131777,primary
121410894,4,41.2024937,69.213826,primary
121410894,5,41.2032428,69.2156407,primary
129111789,0,41.3611903,69.335695,trunk
129111789,1,41.3611481,69.3357501,trunk
129111789,2,41.3609552,69.3359956,trunk
129111789,3,41.3606462,69.3364009,trunk
129111789,4,41.36008,69.3371657,trunk
129111789,5,41.3599663,69.3373214,trunk
129111796,0,41.3612733,69.3358112,trunk
129111796,1,41.3614132,69.335629,trunk
129111797,0,41.3614132,69.335629,trunk
129111797,1,41.3616523,69.3353175,trunk
129111797,2,41.3626548,69.3340114,trunk
129111797,3,41.3633408,69.3331176,trunk
129111797,4,41.3635474,69.3328484,trunk
129111797,5,41.3638959,69.3323936,trunk
129111797,6,41.3646399,69.3314225,trunk
129111797,7,41.3649525,69.3310177,trunk
129111798,0,41.3613311,69.3355114,trunk
129111798,1,41.3611903,69.335695,trunk
129303786,0,41.2724609,69.2592548,primary
129303786,1,41.2722282,69.2593543,primary
129303786,2,41.2721779,69.2593758,primary
129303786,3,41.2719592,69.2594693,primary
129303786,4,41.2715996,69.2596231,primary
129303787,0,41.2727459,69.2591329,primary
129303787,1,41.2724609,69.2592548,primary
129303788,0,41.272797,69.2593217,primary
129303788,1,41.2730197,69.2592316,primary
129303788,2,41.2736154,69.2589651,primary
129303788,3,41.2736797,69.2589364,primary
129303788,4,41.273885,69.2588445,primary
129303788,5,41.2740242,69.2587823,primary
129303788,6,41.2741669,69.2587184,primary
129303788,7,41.2762382,69.2577937,primary
129303788,8,41.2767418,69.2575666,primary
129303788,9,41.2775452,69.2572072,primary
129303788,10,41.278177,69.2569246,primary
129303788,11,41.2804684,69.2558995,primary
129303788,12,41.2805505,69.2558628,primary
129303788,13,41.2807023,69.2557949,primary
129303789,0,41.2725075,69.2594389,primary
129303789,1,41.272797,69.2593217,primary
129742727,0,41.2490074,69.2647478,primary
129742727,1,41.2489861,69.2647831,primary
129742727,2,41.2489612,69.2648161,primary
129742727,3,41.2489335,69.2648431,primary
129742727,4,41.2489019,69.2648649,primary
129742727,5,41.248872,69.2648808,primary
129742727,6,41.2488412,69.2648941,primary
129742727,7,41.2488078,69.2649047,primary
129742727,8,41.2487745,69.2649075,primary
129742727,9,41.2484087,69.2649057,primary
129742727,10,41.2447411,69.2648876,primary
129742727,11,41.2446571,69.2648874,primary
129742727,12,41.2444906,69.2648824,primary
129847081,0,41.2415914,69.3286614,primary
129847081,1,41.2416675,69.3286191,primary
129847081,2,41.2417688,69.3285535,primary
129847081,3,41.2418695,69.3284897,primary
129847081,4,41.2421259,69.3283335,primary
129847081,5,41.2424122,69.328159,primary
129847081,6,41.2440413,69.3272568,primary
129847081,7,41.2441846,69.3271765,primary
129847081,8,41.2448717,69.3267942,primary
129847081,9,41.2449928,69.3267258,primary
129847081,10,41.2451931,69.3266145,primary
130010395,0,41.3152474,69.2942857,primary
130010395,1,41.314703,69.2945454,primary
130010395,2,41.3146276,69.2945808,primary
130010395,3,41.3145637,69.2946107,primary
130010395,4,41.3137592,69.2949809,primary
130010395,5,41.3121134,69.2957714,primary
130010398,0,41.3093279,69.2864528,primary
130010398,1,41.3093779,69.2862746,primary
130010401,0,41.3116305,69.2870698,primary
130010401,1,41.3117311,69.2870737,primary
130010401,2,41.3117464,69.2870732,primary
130010401,3,41.3118796,69.2870693,primary
130010401,4,41.312027,69.2870602,primary
130010401,5,41.3121845,69.2870424,primary
130010401,6,41.3123416,69.2870231,primary
130010401,7,41.3125467,69.2869867,primary
130010401,8,41.3126496,69.2869658,primary
130010401,9,41.312803,69.2869253,primary
130010401,10,41.3129565,69.2868815,primary
130010401,11,41.3130471,69.2868484,primary
130010401,12,41.3131758,69.2867962,primary
130010401,13,41.3132686,69.2867556,primary
130010401,14,41.3133907,69.2866951,primary
130010401,15,41.3135338,69.28662,primary
130010401,16,41.3136725,69.2865455,primary
130010401,17,41.3137438,69.2865057,primary
130010401,18,41.3138171,69.286464,primary
130010401,19,41.3139661,69.286366,primary
131643438,0,41.2992954,69.2309678,primary
131643438,1,41.2983313,69.2300332,primary
131643438,2,41.2977982,69.2295442,primary
131643438,3,41.2970341,69.2288297,primary
131643438,4,41.2967349,69.2285257,primary
132783938,0,41.28479,69.2346704,primary
132783938,1,41.2845852,69.2349908,primary
132783938,2,41.2845041,69.2351177,primary
132783940,0,41.2845041,69.2351177,primary
132783940,1,41.2843395,69.2353707,primary
132783940,2,41.2839376,69.2360161,primary
132783940,3,41.2837045,69.2363868,primary
132783940,4,41.2835049,69.2367043,primary
132783940,5,41.283225,69.2371485,primary
132783940,6,41.283036,69.2374507,primary
132783942,0,41.2846272,69.235251,primary
132783942,1,41.2847041,69.2351311,primary
132783942,2,41.2847892,69.2349983,primary
132783942,3,41.2849236,69.2347886,primary
132783948,0,41.285731,69.2335212,primary
132783948,1,41.2857803,69.2334435,primary
132783948,2,41.2858772,69.23329,primary
132783948,3,41.2862099,69.2327628,primary
132783948,4,41.2866538,69.2320594,primary
132783948,5,41.2867582,69.2318943,primary
132783948,6,41.2867976,69.2318323,primary
132783948,7,41.2872028,69.2311943,primary
132783948,8,41.2875023,69.2307197,primary
132783948,9,41.2876739,69.2304441,primary
132783948,10,41.2881345,69.2297039,primary
132783948,11,41.2881543,69.2296726,primary
132783948,12,41.2882882,69.2294629,primary
132789822,0,41.2940637,69.2203561,primary
132789822,1,41.2945711,69.2195461,primary
132789822,2,41.294679,69.219376,primary
132789822,3,41.2952332,69.2185003,primary
132789822,4,41.2956731,69.2178111,primary
132789822,5,41.2957229,69.2177317,primary
132789822,6,41.2963458,69.2167384,primary
132789822,7,41.2963734,69.2166943,primary
132789822,8,41.2964288,69.2166061,primary
132789823,0,41.2903187,69.2262479,primary
132789823,1,41.2904276,69.2260753,primary
132789824,0,41.2903016,69.2259338,primary
132789824,1,41.2901931,69.2261073,primary
132789825,0,41.28916,69.2277358,primary
132789825,1,41.2886728,69.2285127,primary
132789825,2,41.2883294,69.2290604,primary
132789825,3,41.2882833,69.2291351,primary
132789825,4,41.2882195,69.2292362,primary
132790454,0,41.305099,69.2464524,primary
132790454,1,41.3049914,69.246546,primary
132790455,0,41.3043881,69.2470566,primary
132790455,1,41.3041269,69.2472536,primary
132790455,2,41.3040571,69.2473035,primary
132790455,3,41.30375,69.2474971,primary
132790455,4,41.303674,69.247548,primary
132790455,5,41.3035919,69.2475987,primary
132790455,6,41.3034269,69.2476913,primary
132790455,7,41.3032632,69.2477708,primary
132790455,8,41.3030939,69.2478488,primary
132790455,9,41.3028954,69.247927,primary
132790455,10,41.3026969,69.2479988,primary
132790455,11,41.3022971,69.2481275,primary
132790455,12,41.3021879,69.2481638,primary
132790455,13,41.3020859,69.2481948,primary
132790457,0,41.3050746,69.2467081,primary
132790457,1,41.3051814,69.246613,primary
132790718,0,41.3084709,69.2540083,primary
132790718,1,41.3084057,69.2540833,primary
132790718,2,41.3083453,69.2541622,primary
132790718,3,41.3082542,69.2543029,primary
132790718,4,41.30817,69.2544482,primary
132790718,5,41.3081003,69.2545914,primary
132790718,6,41.3080333,69.2547399,primary
132790720,0,41.3079143,69.2555601,primary
132790720,1,41.3080834,69.2550344,primary
132790720,2,41.3081437,69.2548724,primary
132790720,3,41.3082087,69.2547068,primary
132790720,4,41.3082811,69.254538,primary
132790720,5,41.3083461,69.2544058,primary
132790720,6,41.3084138,69.2542904,primary
132790720,7,41.3084693,69.2542116,primary
132790720,8,41.3085285,69.2541381,primary
132790720,9,41.3086698,69.2539946,primary
132790720,10,41.30881,69.2538589,primary
132790720,11,41.3089825,69.2537238,primary
132790720,12,41.3090673,69.2536618,primary
132790720,13,41.309155,69.2535978,primary
132790720,14,41.3092967,69.2535159,primary
132790720,15,41.3094463,69.2534574,primary
132790720,16,41.3095727,69.2534166,primary
132790720,17,41.309702,69.2533875,primary
132790720,18,41.3098705,69.2533782,primary
132790720,19,41.3100465,69.2533923,primary
132790720,20,41.3102084,69.2534123,primary
132791514,0,41.2913031,69.2830517,primary
132791514,1,41.2913021,69.2831113,primary
132791514,2,41.2913003,69.2832269,primary
132791515,0,41.2913003,69.2832269,primary
132791515,1,41.2912946,69.2835832,primary
132791515,2,41.2912888,69.2839395,primary
132791515,3,41.2912881,69.2839816,primary
132791516,0,41.2914092,69.2830548,primary
132791516,1,41.2914106,69.2828684,primary
132791516,2,41.2914154,69.2827879,primary
132791516,3,41.2914206,69.2827068,primary
132791516,4,41.2914274,69.2826311,primary
132791516,5,41.2914356,69.2825549,primary
132791516,6,41.2914533,69.2824243,primary
132791516,7,41.2914718,69.2823165,primary
132791516,8,41.2914903,69.2822198,primary
132791516,9,41.2915193,69.282082,primary
132791516,10,41.2915513,69.2819356,primary
132791516,11,41.2915889,69.2817877,primary
132791516,12,41.2916316,69.2816388,primary
132791516,13,41.2916828,69.2814868,primary
132791516,14,41.2917368,69.2813383,primary
132791516,15,41.2917964,69.281194,primary
132791516,16,41.2918599,69.2810501,primary
132791516,17,41.2919276,69.2809173,primary
132791516,18,41.2919888,69.2808068,primary
132791517,0,41.2914078,69.2832302,primary
132791517,1,41.2914092,69.2830548,primary
132792427,0,41.3102603,69.2966611,primary
132792427,1,41.3095768,69.2969888,primary
132792427,2,41.3085539,69.297478,primary
132792427,3,41.3083972,69.2975539,primary
132792427,4,41.3082427,69.2976159,primary
132792427,5,41.3079324,69.2977295,primary
132792428,0,41.3105778,69.2965089,primary
132792428,1,41.3102603,69.2966611,primary
132792429,0,41.3106017,69.2966274,primary
132792429,1,41.3116396,69.296152,primary
132792429,2,41.312265,69.2958183,primary
132792429,3,41.3137664,69.2951143,primary
132792429,4,41.3143726,69.2948544,primary
132792429,5,41.3145976,69.2947579,primary
132792429,6,41.3146624,69.2947302,primary
132792429,7,41.3152852,69.2944632,primary
132792429,8,41.3161405,69.2940622,primary
132792429,9,41.3165545,69.2938696,primary
132792429,10,41.3168811,69.2936918,primary
132792429,11,41.3169872,69.2936301,primary
132792430,0,41.3102971,69.2967762,primary
132792430,1,41.3106017,69.2966274,primary
134137297,0,41.2939584,69.1975895,primary
134137297,1,41.293927,69.1975232,primary
134137297,2,41.2938701,69.1974031,primary
134137297,3,41.2935577,69.196794,primary
134137297,4,41.2930788,69.195846,primary
134241805,0,41.3545465,69.3688644,primary
134241805,1,41.3545564,69.3687218,primary
134241805,2,41.3545796,69.3683868,primary
134241805,3,41.3546055,69.3680135,primary
134241805,4,41.3547379,69.3661032,primary
134241805,5,41.3548088,69.3650811,primary
134241805,6,41.3548975,69.3638012,primary
134241805,7,41.3549636,69.362849,primary
134241805,8,41.3549867,69.3625156,primary
134241805,9,41.3550218,69.3620158,primary
134241805,10,41.3550649,69.3614015,primary
134241805,11,41.3551478,69.3602192,primary
134241805,12,41.3551679,69.3599322,primary
134248717,0,41.2590402,69.1960412,primary
134248717,1,41.2592534,69.1961702,primary
134248717,2,41.2594745,69.1962922,primary
134248717,3,41.2599098,69.196519,primary
134248717,4,41.2601084,69.1966224,primary
134248717,5,41.2604671,69.1968046,primary
134248717,6,41.2627327,69.1980167,primary
134248717,7,41.2631088,69.1982179,primary
134248717,8,41.2641918,69.1988056,primary
134248717,9,41.2643748,69.1989049,primary
134248719,0,41.2742391,69.2049564,trunk
134248719,1,41.2741904,69.2050316,trunk
134248720,0,41.2669496,69.2165168,trunk
134248720,1,41.2670484,69.2163592,trunk
134248720,2,41.2672617,69.2160189,trunk
134248720,3,41.2677128,69.2153434,trunk
134248720,4,41.2683317,69.2143919,trunk
134248720,5,41.2683917,69.2142997,trunk
134248720,6,41.2684974,69.2141372,trunk
134248721,0,41.2653133,69.2187768,trunk
134248721,1,41.2651623,69.2190437,trunk
134248722,0,41.2651623,69.2190437,trunk
134248722,1,41.2648984,69.2195309,trunk
134248722,2,41.2648375,69.2196433,trunk
134248722,3,41.2645122,69.2202438,trunk
134248722,4,41.2644342,69.2203877,trunk
134248722,5,41.2644124,69.2204248,trunk
134248722,6,41.2639167,69.2212511,trunk
134248722,7,41.2632126,69.2223541,trunk
134248722,8,41.2631907,69.2223883,trunk
134248722,9,41.2630668,69.2225825,trunk
134248722,10,41.2629843,69.2227116,trunk
134248722,11,41.2629513,69.2227603,trunk
134248722,12,41.2628482,69.2229124,trunk
134248722,13,41.2628271,69.2229435,trunk
134248723,0,41.2652312,69.2192413,trunk
134248723,1,41.2653332,69.2190621,trunk
134248723,2,41.2654287,69.2188942,trunk
134248725,0,41.2595133,69.2163809,primary
134248725,1,41.2595194,69.2162731,primary
134248725,2,41.2595287,69.216041,primary
134248725,3,41.2595297,69.2158928,primary
134248725,4,41.2595304,69.2157511,primary
134248726,0,41.2595304,69.2157511,primary
134248726,1,41.2595256,69.2155436,primary
134248726,2,41.2595154,69.2153361,primary
134248726,3,41.2595038,69.2151285,primary
134248726,4,41.2594841,69.214921,primary
134248726,5,41.259441,69.2145788,primary
134248726,6,41.2593999,69.214264,primary
134248726,7,41.2593552,69.214025,primary
134248726,8,41.2592965,69.2137907,primary
134248726,9,41.2591969,69.2134811,primary
134248726,10,41.2591218,69.2132426,primary
134248727,0,41.259281,69.2163348,primary
134248727,1,41.2592396,69.2163924,primary
134248727,2,41.2591962,69.2164444,primary
134248727,3,41.2591645,69.2164731,primary
134248727,4,41.2591318,69.2164994,primary
134248727,5,41.2590996,69.2165238,primary
134248727,6,41.2590674,69.2165433,primary
134248727,7,41.2590269,69.2165596,primary
134248727,8,41.2589859,69.2165745,primary
134248727,9,41.2589436,69.2165858,primary
134248727,10,41.2589012,69.2165949,primary
134248727,11,41.2588741,69.2165965,primary
134248727,12,41.2588301,69.2165991,primary
134248727,13,41.2587479,69.2166,primary
134248728,0,41.2593867,69.2157553,primary
134248728,1,41.2593887,69.2158492,primary
134248728,2,41.2593915,69.2159796,primary
134248728,3,41.2593864,69.2160802,primary
134248728,4,41.2593743,69.2161498,primary
134248728,5,41.2593419,69.2162324,primary
134248728,6,41.2593133,69.2162844,primary
134248728,7,41.259281,69.2163348,primary
134267954,0,41.2865151,69.18584,primary
134267954,1,41.2864475,69.1859461,primary
134267954,2,41.2863987,69.1860227,primary
134271133,0,41.2863987,69.1860227,primary
134271133,1,41.2864843,69.1861114,primary
134271134,0,41.2857439,69.1870401,primary
134271134,1,41.2854765,69.1874545,primary
134271134,2,41.285047,69.1881203,primary
134271134,3,41.2848211,69.1884706,primary
134271134,4,41.2843184,69.1892498,primary
134271134,5,41.2842159,69.1894088,primary
134271134,6,41.2840605,69.1896497,primary
134271134,7,41.2839199,69.1898677,primary
134271134,8,41.2833449,69.190759,primary
134271134,9,41.2832635,69.1908852,primary
134574688,0,41.2032428,69.2156407,primary
134574688,1,41.2035792,69.2164419,primary
134574688,2,41.2036256,69.2165524,primary
134574688,3,41.2041315,69.2177831,primary
134753585,0,41.2649541,69.2371071,trunk
134753585,1,41.2648489,69.23686,trunk
134753585,2,41.2644933,69.2361254,trunk
134753585,3,41.263736,69.2346838,trunk
134753585,4,41.2636548,69.2345293,trunk
134753585,5,41.263344,69.2339422,trunk
134753585,6,41.2632794,69.2338163,trunk
134753585,7,41.2632672,69.2337915,trunk
134753585,8,41.2631225,69.2335024,trunk
134753585,9,41.2630246,69.2333119,trunk
134753585,10,41.2627184,69.2327101,trunk
134753585,11,41.262594,69.232467,trunk
134753585,12,41.262534,69.2323456,trunk
134753585,13,41.2624659,69.2322135,trunk
134753585,14,41.2623576,69.2319989,trunk
134753585,15,41.2622652,69.2318186,trunk
134753585,16,41.2621611,69.231612,trunk
134753585,17,41.2619806,69.231264,trunk
134753585,18,41.2617893,69.2308717,trunk
134753585,19,41.2614081,69.230116,trunk
134753585,20,41.2613201,69.2299293,trunk
134753585,21,41.2612272,69.2297105,trunk
134753585,22,41.2611325,69.2294773,trunk
134753585,23,41.261025,69.229183,trunk
134753585,24,41.2609598,69.2289829,trunk
134753585,25,41.2608854,69.2287234,trunk
134753585,26,41.2608372,69.2285273,trunk
134753585,27,41.2607909,69.2283414,trunk
134753585,28,41.2607601,69.2281205,trunk
134753585,29,41.2607398,69.2278578,trunk
134753585,30,41.2607312,69.2277581,trunk
134753585,31,41.2607256,69.2276491,trunk
134753585,32,41.2607223,69.2275376,trunk
134753585,33,41.2607227,69.2274311,trunk
134753587,0,41.2702202,69.2647641,trunk
134753587,1,41.2702531,69.2648382,trunk
134753587,2,41.270386,69.2651138,trunk
134753587,3,41.2704447,69.265253,trunk
134753587,4,41.2705455,69.2654473,trunk
134753587,5,41.2706325,69.2656157,trunk
134753587,6,41.2707147,69.2657664,trunk
134753587,7,41.2708079,69.2659218,trunk
134753587,8,41.2708717,69.2660182,trunk
134753587,9,41.2709372,69.2661124,trunk
134753587,10,41.271076,69.2663058,trunk
134753587,11,41.2712451,69.2665345,trunk
134753587,12,41.2714166,69.2667553,trunk
134753587,13,41.2715941,69.2669748,trunk
134753587,14,41.2717334,69.2671359,trunk
134753587,15,41.271875,69.2672955,trunk
134753587,16,41.2720261,69.2674517,trunk
134753587,17,41.272178,69.2676028,trunk
134753587,18,41.277814,69.2726568,trunk
134753587,19,41.2779616,69.2727861,trunk
134753587,20,41.2780752,69.2728888,trunk
134753587,21,41.2825617,69.2769492,trunk
134753587,22,41.2838608,69.2781328,trunk
134753587,23,41.2845116,69.2787107,trunk
134753587,24,41.2861299,69.280148,trunk
134753587,25,41.286286,69.2802748,trunk
134753587,26,41.2864978,69.2804469,trunk
134753587,27,41.2868719,69.2807424,trunk
134884274,0,41.2937736,69.1977442,primary
134884274,1,41.2938735,69.19795,primary
134884275,0,41.2920903,69.1943554,primary
134884275,1,41.2921688,69.1945135,primary
134884275,2,41.2926471,69.1954763,primary
134884275,3,41.2931407,69.1964699,primary
134884275,4,41.2936392,69.1974736,primary
134884275,5,41.2936874,69.1975707,primary
134884275,6,41.2937736,69.1977442,primary
134885230,0,41.2897284,69.282444,trunk
134885230,1,41.289532,69.2823374,trunk
134885230,2,41.2893378,69.2822326,trunk
134885933,0,41.2747546,69.2045148,trunk
134885933,1,41.2748424,69.2043794,trunk
134885933,2,41.2750292,69.204095,trunk
134885933,3,41.2751463,69.2039111,trunk
134894326,0,41.3248769,69.1931341,trunk
134894326,1,41.3249603,69.1931459,trunk
134894326,2,41.3250457,69.1931578,trunk
134894326,3,41.3251294,69.1931759,trunk
134894326,4,41.3252131,69.1931977,trunk
134894326,5,41.3252698,69.1932189,trunk
134894326,6,41.325323,69.1932417,trunk
134894326,7,41.3253758,69.1932697,trunk
134894326,8,41.3254316,69.1932998,trunk
134894326,9,41.3255058,69.193344,trunk
134894326,10,41.3255578,69.193381,trunk
134894326,11,41.325588,69.1934024,trunk
134894326,12,41.3256471,69.193453,trunk
134894326,13,41.3257297,69.1935345,trunk
134894326,14,41.3258868,69.1936784,trunk
134894326,15,41.3259468,69.1937362,trunk
134894326,16,41.3261284,69.1939164,trunk
134894327,0,41.3235846,69.192953,trunk
134894327,1,41.3226396,69.193023,trunk
134894327,2,41.3226074,69.1930242,trunk
134894327,3,41.3224699,69.1930272,trunk
134894328,0,41.3391001,69.2070111,trunk
134894328,1,41.3390009,69.2068739,trunk
134894328,2,41.3387349,69.2066064,trunk
134894328,3,41.3384127,69.2062825,trunk
134894328,4,41.3382058,69.2060745,trunk
134894328,5,41.3379475,69.2058013,trunk
134894328,6,41.3375277,69.2053704,trunk
134894328,7,41.3371543,69.2049903,trunk
134894328,8,41.3367853,69.2046162,trunk
134894328,9,41.3367219,69.2045477,trunk
134894328,10,41.3363634,69.2041678,trunk
134894328,11,41.3357794,69.2035662,trunk
134894328,12,41.3351568,69.20292,trunk
134894328,13,41.3337875,69.2014937,trunk
134894328,14,41.3336393,69.201341,trunk
134894328,15,41.3333168,69.2010097,trunk
134894328,16,41.3327969,69.2004784,trunk
134894328,17,41.3321622,69.1998339,trunk
134894328,18,41.3315924,69.1992392,trunk
134894328,19,41.331272,69.1989112,trunk
134894328,20,41.3309961,69.1986242,trunk
134894328,21,41.3304574,69.1980646,trunk
134894328,22,41.3296118,69.1971864,trunk
134894328,23,41.3293833,69.1969491,trunk
134894329,0,41.338986,69.207216,trunk
134894329,1,41.3390762,69.2073131,trunk
134894632,0,41.3397566,69.2080163,trunk
134894632,1,41.3400674,69.208344,trunk
134894632,2,41.3402889,69.2085741,trunk
134894632,3,41.3404212,69.208712,trunk
134894632,4,41.3404737,69.2087666,trunk
134894632,5,41.3407356,69.209039,trunk
134894632,6,41.3411489,69.2094689,trunk
134894632,7,41.3415902,69.2099278,trunk
134894632,8,41.3420177,69.2103724,trunk
134894632,9,41.3422157,69.2105784,trunk
134894632,10,41.3422803,69.2106456,trunk
134894632,11,41.3424186,69.2108073,trunk
134894635,0,41.3391866,69.2071266,primary
134894635,1,41.3393459,69.2068401,primary
134894635,2,41.3394738,69.2066101,primary
134894635,3,41.3396732,69.2062516,primary
134894635,4,41.3398029,69.2060184,primary
134894635,5,41.340008,69.2056495,primary
134894635,6,41.3402362,69.205239,primary
134894635,7,41.3402656,69.2051932,primary
134894635,8,41.3402956,69.2051489,primary
134894635,9,41.3403266,69.2051084,primary
134894635,10,41.3403585,69.2050703,primary
134894635,11,41.3403922,69.2050345,primary
134894635,12,41.3404266,69.2050029,primary
134894635,13,41.3404604,69.2049747,primary
134894635,14,41.3404946,69.2049497,primary
134894635,15,41.3405309,69.2049286,primary
134894635,16,41.3405676,69.2049112,primary
134894635,17,41.3406053,69.2048986,primary
134894635,18,41.3406435,69.2048897,primary
134894635,19,41.3406801,69.2048874,primary
134894635,20,41.3407167,69.2048876,primary
134894635,21,41.3407537,69.2048924,primary
134894635,22,41.3407902,69.2049018,primary
134894635,23,41.3408605,69.2049305,primary
134894635,24,41.3409308,69.2049638,primary
134894635,25,41.3410714,69.2050335,primary
134894635,26,41.3414324,69.2052233,primary
134894635,27,41.3415757,69.2052961,primary
134894642,0,41.3391866,69.2071266,trunk
134894642,1,41.3391001,69.2070111,trunk
134894648,0,41.3424186,69.2108073,trunk
134894648,1,41.3424805,69.2108797,trunk
134894648,2,41.3425574,69.2109696,trunk
134894648,3,41.3427226,69.2111472,trunk
134894648,4,41.3431876,69.2116022,trunk
134894648,5,41.3436539,69.2120842,trunk
134894648,6,41.3439621,69.2123967,trunk
134894648,7,41.3442778,69.2127168,trunk
134894648,8,41.3444526,69.212894,trunk
134894648,9,41.3446512,69.2130954,trunk
134894648,10,41.3453233,69.2137854,trunk
134894648,11,41.3458788,69.2143769,trunk
134894648,12,41.3460597,69.2145726,trunk
134894648,13,41.3467258,69.2152615,trunk
134894648,14,41.3473,69.2158303,trunk
134894648,15,41.34737,69.2158993,trunk
134894648,16,41.3475106,69.2160479,trunk
134895642,0,41.3496514,69.2270601,trunk
134895642,1,41.3496618,69.2269257,trunk
134895643,0,41.3473646,69.2577518,trunk
134895643,1,41.34726,69.2578786,trunk
134895643,2,41.3471486,69.2579994,trunk
134895643,3,41.3470404,69.2581207,trunk
134895644,0,41.3478427,69.2572131,trunk
134895644,1,41.3479374,69.2569998,trunk
134895644,2,41.3479838,69.2568804,trunk
134895644,3,41.3480302,69.256761,trunk
134895644,4,41.3480746,69.2566369,trunk
134895644,5,41.348115,69.2565162,trunk
134895644,6,41.3481474,69.2564093,trunk
134895644,7,41.3481774,69.256303,trunk
134895644,8,41.3482084,69.2561769,trunk
134895644,9,41.3482355,69.256054,trunk
134895644,10,41.3482515,69.2559758,trunk
134895644,11,41.3482667,69.2558976,trunk
134895644,12,41.3482915,69.2557437,trunk
134895644,13,41.3483141,69.2555899,trunk
134895644,14,41.3483552,69.2552832,trunk
134895644,15,41.3484107,69.2547806,trunk
134895644,16,41.3484394,69.2543835,trunk
134895644,17,41.3484508,69.2541439,trunk
134895644,18,41.3484503,69.2540708,trunk
134895644,19,41.3484495,69.2539436,trunk
134895644,20,41.3484388,69.2537486,trunk
134895644,21,41.348415,69.2535083,trunk
134895644,22,41.3483552,69.2530757,trunk
134895644,23,41.3482772,69.2525752,trunk
134895644,24,41.3482568,69.2524366,trunk
134895644,25,41.3482279,69.2522419,trunk
134896640,0,41.2949611,69.29111,trunk
134896640,1,41.2952028,69.2914679,trunk
134896640,2,41.2953315,69.2916586,trunk
134896640,3,41.2955103,69.2919233,trunk
134896640,4,41.296537,69.2936601,trunk
134896643,0,41.2969041,69.294343,trunk
134896643,1,41.2971506,69.2947653,trunk
134896643,2,41.2972696,69.2949655,trunk
134896643,3,41.2973945,69.2951539,trunk
134896643,4,41.2974736,69.2952619,trunk
134896643,5,41.2975541,69.2953678,trunk
134896643,6,41.2976355,69.2954662,trunk
134896643,7,41.2977181,69.2955635,trunk
134896643,8,41.2978088,69.2956648,trunk
134896643,9,41.2979004,69.2957654,trunk
134896643,10,41.2979927,69.2958621,trunk
134896643,11,41.2980836,69.2959535,trunk
134896643,12,41.2981877,69.2960464,trunk
134896643,13,41.2982935,69.2961348,trunk
134896643,14,41.2984046,69.2962183,trunk
134896643,15,41.2985175,69.2962973,trunk
134896643,16,41.2986584,69.2963929,trunk
134896643,17,41.2987971,69.2964817,trunk
134896643,18,41.2989364,69.2965664,trunk
134896643,19,41.2990816,69.2966455,trunk
134896643,20,41.2992069,69.2967026,trunk
134896643,21,41.2993334,69.2967523,trunk
134896643,22,41.2994593,69.2967987,trunk
134896643,23,41.2995852,69.2968429,trunk
134896646,0,41.2966214,69.2934695,trunk
134896646,1,41.2964114,69.293105,trunk
134896646,2,41.2961964,69.292746,trunk
134896646,3,41.2958064,69.2920948,trunk
134896646,4,41.2956543,69.2918407,trunk
134896646,5,41.2950799,69.2910083,trunk
134992915,0,41.2938735,69.19795,primary
134992915,1,41.2939425,69.1980921,primary
134992915,2,41.2942353,69.1987095,primary
134992915,3,41.2943485,69.1989472,primary
134992915,4,41.2946897,69.1996509,primary
134992915,5,41.2950414,69.2004017,primary
134992915,6,41.2953333,69.2010144,primary
134992919,0,41.2953333,69.2010144,primary
134992919,1,41.2958688,69.2021386,primary
134992919,2,41.295931,69.2022691,primary
134992919,3,41.2960121,69.2024395,primary
134995459,0,41.2949284,69.1997006,primary
134995459,1,41.2947606,69.1992719,primary
134995459,2,41.2945455,69.1988019,primary
134995459,3,41.2941464,69.1979689,primary
134995459,4,41.2941302,69.1979348,primary
134995459,5,41.2940556,69.1977848,primary
135148243,0,41.2525365,69.2171532,primary
135148243,1,41.2524158,69.217192,primary
135148243,2,41.2522795,69.2172278,primary
135148247,0,41.252571,69.2173497,primary
135148247,1,41.2526595,69.2173245,primary
135148247,2,41.2527481,69.2172941,primary
135148247,3,41.25283,69.2172569,primary
135148247,4,41.2529006,69.2172233,primary
135148247,5,41.2530019,69.2171495,primary
135148247,6,41.253096,69.2170719,primary
135148247,7,41.2531704,69.2170015,primary
135148247,8,41.2533549,69.2168327,primary
135148248,0,41.252319,69.2173949,primary
135148248,1,41.2524495,69.2173777,primary
135148248,2,41.252571,69.2173497,primary
135148250,0,41.2522795,69.2172278,primary
135148250,1,41.2516267,69.2173484,primary
135148250,2,41.2503801,69.2175501,primary
135148250,3,41.248878,69.2177939,primary
135148250,4,41.2487602,69.217813,primary
135148250,5,41.2479948,69.2179427,primary
135148250,6,41.2476319,69.2179929,primary
135148250,7,41.2473771,69.21804,primary
135148250,8,41.2472172,69.2180625,primary
135148250,9,41.2469262,69.2181034,primary
135148250,10,41.2466082,69.2181482,primary
135148250,11,41.2464934,69.2181644,primary
136575581,0,41.2921735,69.1941086,primary
136575581,1,41.2920772,69.1939413,primary
136575581,2,41.2915933,69.1930385,primary
136575581,3,41.2912807,69.1924619,primary
136575581,4,41.2909572,69.1918653,primary
136575581,5,41.2908136,69.1916099,primary
136575582,0,41.2968404,69.19394,trunk
136575582,1,41.2964917,69.1939504,trunk
136575582,2,41.2961855,69.1939673,trunk
136575582,3,41.2950161,69.1940144,trunk
136575582,4,41.2946876,69.1940218,trunk
136575582,5,41.2937733,69.194055,trunk
136575582,6,41.292915,69.1940688,trunk
136575583,0,41.2921735,69.1941086,trunk
136575583,1,41.2919761,69.1941255,trunk
136575584,0,41.2866401,69.1859844,primary
136575584,1,41.2865151,69.18584,primary
136575585,0,41.2866401,69.1859844,primary
136575585,1,41.2867232,69.1858528,primary
136575585,2,41.2871139,69.1852342,primary
136575585,3,41.2875164,69.1845968,primary
136575585,4,41.2878016,69.1841454,primary
136575585,5,41.288424,69.1831598,primary
136575585,6,41.2890139,69.1822259,primary
136575585,7,41.2891115,69.1820714,primary
136575585,8,41.2891671,69.1819821,primary
136575585,9,41.2891899,69.1819472,primary
136575585,10,41.2894764,69.1815068,primary
136575585,11,41.289562,69.1813777,primary
136575585,12,41.2896303,69.1812738,primary
136575585,13,41.2896734,69.1812117,primary
136575585,14,41.2897093,69.1811596,primary
136575585,15,41.2898062,69.1810345,primary
136575585,16,41.2899064,69.1809137,primary
136575586,0,41.2953544,69.1765009,primary
136575586,1,41.2953788,69.176479,primary
136575586,2,41.2954214,69.1764409,primary
136575587,0,41.2908136,69.1916099,primary
136575587,1,41.2904172,69.190945,primary
136575587,2,41.2901838,69.1905703,primary
136575587,3,41.2899112,69.190139,primary
136575587,4,41.2897833,69.1899366,primary
136575587,5,41.2895025,69.1895395,primary
136575587,6,41.2889172,69.1887551,primary
136575587,7,41.2883916,69.1880594,primary
136575587,8,41.2881772,69.1877945,primary
136575587,9,41.2877014,69.1872342,primary
136575587,10,41.2868855,69.1862734,primary
136575587,11,41.2867184,69.1860738,primary
136575587,12,41.2866401,69.1859844,primary
136575588,0,41.2925906,69.1787095,primary
136575588,1,41.2928456,69.1785069,primary
136575588,2,41.2934955,69.1779829,primary
136575588,3,41.2938525,69.1776947,primary
136575588,4,41.2942686,69.177368,primary
136575588,5,41.2945519,69.1771449,primary
136575588,6,41.2946471,69.1770664,primary
136575588,7,41.2947807,69.1769617,primary
137298607,0,41.2746049,69.2043924,trunk
137298607,1,41.2742391,69.2049564,trunk
137459136,0,41.2876623,69.2813168,trunk
137459136,1,41.2884275,69.2818766,trunk
137459136,2,41.2886532,69.2820412,trunk
137459136,3,41.2887189,69.2820891,trunk
137811436,0,41.254526,69.1581502,trunk
137811436,1,41.2551155,69.1571093,trunk
137811436,2,41.2551641,69.1570256,trunk
137811436,3,41.2552338,69.1569057,trunk
137918136,0,41.1675297,69.2314419,trunk
137918136,1,41.1669875,69.233211,trunk
137918136,2,41.1668765,69.2336571,trunk
137918136,3,41.1667742,69.2341085,trunk
137918136,4,41.1666785,69.2345555,trunk
137918136,5,41.1666341,69.2347891,trunk
137918136,6,41.1665907,69.235018,trunk
137918136,7,41.1665109,69.2354858,trunk
137918136,8,41.1664364,69.2359495,trunk
137918136,9,41.1663675,69.2364162,trunk
137918136,10,41.166314,69.2368894,trunk
137918136,11,41.1662726,69.2373626,trunk
137918136,12,41.1662425,69.2378346,trunk
137918136,13,41.166216,69.238309,trunk
137918136,14,41.1662002,69.2386949,trunk
137918136,15,41.1661865,69.2390835,trunk
137918136,16,41.1661809,69.2394692,trunk
137918136,17,41.1661811,69.2397705,trunk
137918136,18,41.1662053,69.2415448,trunk
137918136,19,41.1662204,69.2424444,trunk
137926676,0,41.3073389,69.2571291,primary
137926676,1,41.3072648,69.2573977,primary
137926676,2,41.3070007,69.2583548,primary
137926676,3,41.3069644,69.2584861,primary
137926676,4,41.3063121,69.2608494,primary
137926676,5,41.3057533,69.2628642,primary
137926676,6,41.3056003,69.2634889,primary
137926676,7,41.3055381,69.2637425,primary
137930957,0,41.2543086,69.2024511,primary
137930957,1,41.2543159,69.2018923,primary
137930957,2,41.254328,69.2013162,primary
137930957,3,41.2543327,69.201087,primary
137930957,4,41.2543774,69.1989465,primary
137930957,5,41.2543948,69.1977917,primary
137930957,6,41.2544037,69.1971898,primary
137932971,0,41.2544,69.203475,primary
137932971,1,41.2543802,69.2033082,primary
137932971,2,41.2543362,69.2028196,primary
137932971,3,41.2543086,69.2024511,primary
138074833,0,41.2864843,69.1861114,primary
138074833,1,41.2865456,69.1860614,primary
138074833,2,41.286581,69.1860325,primary
138074833,3,41.2866401,69.1859844,primary
138074834,0,41.2871978,69.1869258,primary
138074834,1,41.2875451,69.1873131,primary
138074834,2,41.288288,69.1882033,primary
138074834,3,41.2884119,69.1883588,primary
138074834,4,41.2891893,69.1894079,primary
138074834,5,41.2895446,69.1899132,primary
138074834,6,41.2896578,69.1900742,primary
138074834,7,41.2899986,69.1905828,primary
138074834,8,41.290078,69.1907066,primary
138074834,9,41.2903603,69.1911664,primary
138074834,10,41.2906356,69.1916205,primary
138074834,11,41.2908448,69.1919797,primary
138074834,12,41.2916466,69.1934948,primary
138074834,13,41.2918052,69.1937936,primary
138074834,14,41.29191,69.1939924,primary
138074834,15,41.2919761,69.1941255,primary
138074835,0,41.2919761,69.1941255,primary
138074835,1,41.2920903,69.1943554,primary
138099488,0,41.2702508,69.2114414,trunk
138099488,1,41.2702958,69.2113723,trunk
138099489,0,41.2684974,69.2141372,trunk
138099489,1,41.2686002,69.2139792,trunk
138099489,2,41.2693267,69.2128622,trunk
138099489,3,41.2697969,69.2121393,trunk
138099489,4,41.2700548,69.2117494,trunk
138099489,5,41.2701038,69.2116674,trunk
138099490,0,41.2684974,69.2141372,trunk
138099490,1,41.2683743,69.2139999,trunk
138587434,0,41.3547926,69.3754218,primary
138587434,1,41.35492,69.3757397,primary
138587434,2,41.3550708,69.3760836,primary
138587434,3,41.3552669,69.3764634,primary
138587445,0,41.3545465,69.3688644,primary
138587445,1,41.3544689,69.3688564,primary
138587445,2,41.3544273,69.368852,primary
138587447,0,41.358743,69.3858768,primary
138587447,1,41.3586775,69.3856022,primary
138587447,2,41.358632,69.3854119,primary
138587447,3,41.3585173,69.3849322,primary
138587447,4,41.358407,69.3844711,primary
138587447,5,41.3583834,69.3843725,primary
138587447,6,41.3582623,69.3838661,primary
138587447,7,41.3579316,69.382483,primary
138587447,8,41.3578751,69.3822468,primary
138587447,9,41.3578474,69.3821309,primary
138587447,10,41.3577875,69.3818804,primary
138587447,11,41.3576501,69.3813058,primary
138587447,12,41.3576012,69.3811015,primary
138587447,13,41.3574355,69.3804086,primary
138587447,14,41.3573409,69.3800571,primary
138587447,15,41.3573142,69.3799598,primary
138597935,0,41.3557677,69.3773765,primary
138597935,1,41.3558776,69.3772657,primary
138601197,0,41.311128,69.2815506,primary
138601197,1,41.3111351,69.2815505,primary
138601197,2,41.3111818,69.2815501,primary
138601197,3,41.3112349,69.2815462,primary
138601197,4,41.3112879,69.281541,primary
138601197,5,41.3113477,69.2815317,primary
138601197,6,41.3114073,69.2815215,primary
138601197,7,41.3114671,69.2815104,primary
138601197,8,41.3115266,69.2814961,primary
138601197,9,41.3115831,69.2814786,primary
138601197,10,41.3116392,69.2814564,primary
138601197,11,41.3116942,69.2814315,primary
138601197,12,41.3117483,69.2814039,primary
138601197,13,41.3118023,69.281369,primary
138601197,14,41.3118545,69.2813303,primary
138601197,15,41.3119027,69.2812873,primary
138601197,16,41.3119477,69.2812377,primary
138601197,17,41.31199,69.2811823,primary
138601197,18,41.3120305,69.2811226,primary
138601197,19,41.3120683,69.2810625,primary
138601200,0,41.310243,69.2786623,primary
138601200,1,41.3102113,69.2787923,primary
138601200,2,41.3100798,69.279331,primary
138601200,3,41.3100406,69.2795001,primary
138601200,4,41.3100048,69.2796706,primary
138601200,5,41.3099875,69.2797554,primary
138601200,6,41.3099715,69.2798408,primary
138601200,7,41.3099561,69.279928,primary
138601200,8,41.3099413,69.280015,primary
138601201,0,41.3102402,69.2811494,primary
138601201,1,41.3102817,69.2811881,primary
138601201,2,41.3103243,69.2812231,primary
138601201,3,41.3103685,69.2812569,primary
138601201,4,41.3104114,69.2812864,primary
138601201,5,41.3104546,69.2813151,primary
138601201,6,41.3105706,69.2813834,primary
138601201,7,41.3106548,69.2814229,primary
138601201,8,41.3107591,69.2814683,primary
138601201,9,41.3108643,69.2815071,primary
138601201,10,41.3109674,69.2815334,primary
138601201,11,41.3110744,69.2815501,primary
138601204,0,41.3099413,69.280015,primary
138601204,1,41.3099348,69.2800776,primary
138601204,2,41.3099297,69.2801408,primary
138601204,3,41.3099259,69.2802044,primary
138601204,4,41.3099223,69.2802681,primary
138604672,0,41.3653068,69.3945254,primary
138604672,1,41.3655227,69.3946791,primary
138604672,2,41.3656222,69.3947419,primary
138604672,3,41.365716,69.3947948,primary
138604672,4,41.3657564,69.3948171,primary
138604672,5,41.3658131,69.3948484,primary
138604672,6,41.3659138,69.3949019,primary
138604672,7,41.366045,69.3949635,primary
138604672,8,41.3662842,69.3950622,primary
138604672,9,41.3663999,69.3951099,primary
138604672,10,41.3665968,69.3951736,primary
138604672,11,41.3671791,69.395362,primary
138604672,12,41.3675774,69.3954799,primary
138604672,13,41.3679648,69.3955979,primary
138604672,14,41.3681514,69.3956665,primary
138604672,15,41.3683369,69.395743,primary
138604672,16,41.3684315,69.3957882,primary
138604672,17,41.3685276,69.3958374,primary
138604672,18,41.3686232,69.3958958,primary
138604672,19,41.3687176,69.3959572,primary
138604672,20,41.368818,69.3960315,primary
138618561,0,41.3230041,69.3645896,trunk
138618561,1,41.3229263,69.3644805,trunk
138618561,2,41.3222114,69.3634773,trunk
138618561,3,41.3215468,69.3625413,trunk
138618561,4,41.3211611,69.3620156,trunk
138618561,5,41.3210842,69.3619032,trunk
138618561,6,41.3209134,69.3616689,trunk
138674380,0,41.206677,69.223933,primary
138674380,1,41.2073958,69.2256697,primary
138674380,2,41.2074063,69.2256951,primary
138674380,3,41.2075056,69.2259351,primary
138674380,4,41.2075529,69.2260493,primary
138674380,5,41.2077646,69.2265607,primary
138674380,6,41.2078379,69.2267379,primary
139048317,0,41.3094168,69.2674188,primary
139048317,1,41.309369,69.2675897,primary
139048319,0,41.3094699,69.267637,primary
139048319,1,41.3095197,69.267465,primary
140556077,0,41.321102,69.2547071,primary
140556077,1,41.3212608,69.2547551,primary
140556089,0,41.3212684,69.2546495,primary
140556089,1,41.3211122,69.2545929,primary
140556089,2,41.3209836,69.2545445,primary
140556089,3,41.3206401,69.2544447,primary
140909621,0,41.3072905,69.2975331,primary
140909621,1,41.3071589,69.2968627,primary
140909623,0,41.3071496,69.2975888,primary
140909623,1,41.3071969,69.297851,primary
141654577,0,41.312494,69.3488242,trunk
141654577,1,41.3130089,69.3497546,trunk
141654577,2,41.3131161,69.3499464,trunk
141654577,3,41.3134153,69.3504915,trunk
141654577,4,41.313686,69.3509898,trunk
141654577,5,41.3137135,69.3510363,trunk
141654577,6,41.3142825,69.3519988,trunk
141654577,7,41.3147295,69.3527922,trunk
141654577,8,41.3159125,69.3548923,trunk
141654577,9,41.3161087,69.3552047,trunk
141654577,10,41.3162934,69.3554747,trunk
141654577,11,41.3164347,69.3556757,trunk
141654577,12,41.3165687,69.3558716,trunk
141654577,13,41.3166391,69.3559744,trunk
141654577,14,41.316666,69.3560138,trunk
141654577,15,41.3191297,69.3594862,trunk
141654577,16,41.3195275,69.3600574,trunk
141654577,17,41.3197474,69.3603563,trunk
141654577,18,41.3206712,69.3616515,trunk
141654577,19,41.3208001,69.3618285,trunk
141921482,0,41.3716669,69.191149,trunk
141921482,1,41.3716205,69.1910738,trunk
141921482,2,41.37092,69.1899646,trunk
141921482,3,41.3707544,69.1896921,trunk
141921482,4,41.3705925,69.1894348,trunk
141921482,5,41.3704555,69.1892171,trunk
141921482,6,41.3696987,69.1880103,trunk
141921482,7,41.3685734,69.1862416,trunk
141921482,8,41.3684966,69.1861208,trunk
141921482,9,41.368197,69.1856551,trunk
141921482,10,41.368068,69.1854471,trunk
141921483,0,41.3715934,69.1912388,trunk
141921483,1,41.3718027,69.1915656,trunk
141921484,0,41.3718841,69.1914952,trunk
141921484,1,41.3716669,69.191149,trunk
141921485,0,41.3718027,69.1915656,trunk
141921485,1,41.3723844,69.1924919,trunk
141921485,2,41.3726548,69.1929225,trunk
141921485,3,41.3730906,69.1936167,trunk
141921485,4,41.3732223,69.1938264,trunk
141921485,5,41.3739331,69.1949583,trunk
141921485,6,41.37424,69.1954472,trunk
141921485,7,41.3746535,69.1961057,trunk
141921485,8,41.3747438,69.1962495,trunk
141921485,9,41.3781338,69.2016434,trunk
141921485,10,41.3787584,69.2026433,trunk
141921485,11,41.3788333,69.2027626,trunk
141921485,12,41.3789493,69.2029473,trunk
141921485,13,41.3792744,69.2034652,trunk
141921485,14,41.3798062,69.2043122,trunk
141921485,15,41.3799476,69.2045375,trunk
141921485,16,41.3800994,69.2047791,trunk
141921485,17,41.3802737,69.2050568,trunk
141921485,18,41.3803281,69.2051434,trunk
141921485,19,41.3804647,69.2053609,trunk
141921485,20,41.3807038,69.2057417,trunk
141921485,21,41.3808209,69.2059282,trunk
141921485,22,41.3810174,69.2062411,trunk
141921485,23,41.3812188,69.2065619,trunk
141921485,24,41.3813307,69.2067402,trunk
141921485,25,41.3814229,69.206887,trunk
141921485,26,41.382025,69.207846,trunk
141921485,27,41.3829028,69.2092484,trunk
141921485,28,41.3833057,69.2098865,trunk
141921485,29,41.3833864,69.2100144,trunk
141921486,0,41.3678518,69.1850901,trunk
141921486,1,41.367599,69.1846727,trunk
141921486,2,41.3673655,69.1843043,trunk
141921486,3,41.3669176,69.1835974,trunk
141921486,4,41.3663833,69.1827544,trunk
141921486,5,41.3657089,69.1816965,trunk
141921486,6,41.3650611,69.1806802,trunk
141921486,7,41.3649056,69.180435,trunk
141921486,8,41.3648442,69.1803381,trunk
141921486,9,41.364529,69.1798388,trunk
141921486,10,41.3643513,69.1795573,trunk
141921486,11,41.3640955,69.1791569,trunk
141921486,12,41.3639238,69.1788858,trunk
141921486,13,41.3638974,69.1788442,trunk
141921486,14,41.3638085,69.1787039,trunk
141921486,15,41.3633321,69.1779519,trunk
141921486,16,41.362819,69.1771519,trunk
141921486,17,41.3622832,69.1763166,trunk
141921486,18,41.3620418,69.175944,trunk
141921486,19,41.3616576,69.1753398,trunk
141921486,20,41.3614352,69.175001,trunk
141921486,21,41.361138,69.1745482,trunk
141921486,22,41.3610865,69.1744698,trunk
141921486,23,41.3608238,69.1740576,trunk
141921486,24,41.3604777,69.1735394,trunk
141921486,25,41.3599631,69.1727661,trunk
141921486,26,41.3595751,69.1722432,trunk
141921486,27,41.3593785,69.1719825,trunk
141921486,28,41.3591706,69.1717181,trunk
141921486,29,41.35889,69.171371,trunk
141921486,30,41.3583274,69.170725,trunk
141921486,31,41.3578329,69.1702049,trunk
141921486,32,41.357646,69.1700104,trunk
141921486,33,41.3574606,69.1698216,trunk
141921486,34,41.3571923,69.1695687,trunk
141921486,35,41.3568914,69.1692987,trunk
141921486,36,41.3567398,69.1691708,trunk
141921486,37,41.3565849,69.1690456,trunk
141921486,38,41.3562721,69.1687966,trunk
141921486,39,41.3559593,69.1685532,trunk
141921486,40,41.3558805,69.1684949,trunk
141921486,41,41.3555766,69.168271,trunk
141921486,42,41.355265,69.1680546,trunk
141921486,43,41.3549548,69.1678535,trunk
141921486,44,41.3546409,69.1676596,trunk
141921486,45,41.3543309,69.167467,trunk
141921486,46,41.3540198,69.1672744,trunk
141921486,47,41.3537009,69.1670891,trunk
141921486,48,41.3533775,69.1669155,trunk
141921486,49,41.353211,69.1668325,trunk
141921486,50,41.3531704,69.1668122,trunk
141921486,51,41.3529632,69.1667201,trunk
141921486,52,41.3525472,69.1665385,trunk
141921486,53,41.3521648,69.1663893,trunk
141921486,54,41.3517045,69.1662097,trunk
141921486,55,41.3514489,69.1661128,trunk
141921486,56,41.3511922,69.1660204,trunk
141921486,57,41.350935,69.1659346,trunk
141921486,58,41.3506778,69.1658563,trunk
141921486,59,41.3500496,69.1656934,trunk
141921486,60,41.3487007,69.1654032,trunk
141921486,61,41.3483583,69.165324,trunk
141921487,0,41.3677578,69.1852026,trunk
141921487,1,41.3679766,69.1855442,trunk
141921490,0,41.368068,69.1854471,trunk
141921490,1,41.3678518,69.1850901,trunk
141921493,0,41.3679766,69.1855442,trunk
141921493,1,41.3689455,69.1870854,trunk
141921493,2,41.3695969,69.1881216,trunk
141921493,3,41.3703113,69.189237,trunk
141921493,4,41.3705051,69.1895396,trunk
141921493,5,41.3715934,69.1912388,trunk
142889480,0,41.384102,69.2836598,trunk
142889480,1,41.3841932,69.2833556,trunk
142889493,0,41.384084,69.2832947,trunk
142889493,1,41.383986,69.2836003,trunk
142889497,0,41.383986,69.2836003,trunk
142889497,1,41.383935,69.2837696,trunk
142889497,2,41.383859,69.284043,trunk
142889497,3,41.3837912,69.2843287,trunk
142889497,4,41.3837294,69.2846111,trunk
142889497,5,41.3836765,69.2848971,trunk
142889497,6,41.3836644,69.2849681,trunk
142889497,7,41.3836294,69.2851744,trunk
142889497,8,41.3835909,69.28545,trunk
142889497,9,41.3835452,69.2858701,trunk
142889497,10,41.3835136,69.2862493,trunk
142889497,11,41.3834908,69.286594,trunk
142889497,12,41.3834726,69.2870128,trunk
142889497,13,41.3834619,69.2873942,trunk
142889497,14,41.3834604,69.2877822,trunk
142889497,15,41.3834606,69.288171,trunk
142889497,16,41.3834666,69.2885605,trunk
142889497,17,41.3834734,69.2890237,trunk
142889497,18,41.3834841,69.2897279,trunk
142889497,19,41.3834784,69.2898162,trunk
142889497,20,41.3834692,69.2899038,trunk
142889497,21,41.383455,69.2899918,trunk
142889497,22,41.3834373,69.2900798,trunk
142946302,0,41.2691875,69.2459034,primary
142946302,1,41.2692846,69.2458757,primary
142946302,2,41.2697546,69.2458042,primary
142946302,3,41.2701293,69.2457472,primary
142946302,4,41.270405,69.2457052,primary
142946302,5,41.2707231,69.2456568,primary
142946302,6,41.2707859,69.2456472,primary
142946311,0,41.2690184,69.2459282,primary
142946311,1,41.2691875,69.2459034,primary
143208360,0,41.2714822,69.2454939,primary
143208360,1,41.2711879,69.2455367,primary
143208360,2,41.2707843,69.2455953,primary
143208360,3,41.270721,69.2456045,primary
143208360,4,41.2704011,69.245651,primary
143208360,5,41.2701245,69.2456912,primary
143208360,6,41.2691803,69.2458136,primary
143398469,0,41.3286253,69.239255,primary
143398469,1,41.3285779,69.2392874,primary
143398469,2,41.3285409,69.2393335,primary
143398469,3,41.3285065,69.2393694,primary
143398469,4,41.3284707,69.2394034,primary
143951589,0,41.271473,69.2455426,primary
143951589,1,41.2716406,69.2455171,primary
143951589,2,41.2719688,69.2454896,primary
143951589,3,41.2728995,69.24535,primary
143951589,4,41.2738246,69.2452112,primary
143951589,5,41.274167,69.2451634,primary
143951589,6,41.2764762,69.244841,primary
143951589,7,41.27687,69.2447912,primary
143951589,8,41.276969,69.2447839,primary
143951589,9,41.2770832,69.2447905,primary
143951589,10,41.2771643,69.2448074,primary
143951589,11,41.2772466,69.2448349,primary
143951589,12,41.2773243,69.2448769,primary
143951589,13,41.2774558,69.2449608,primary
143987216,0,41.3664241,69.3950179,primary
143987216,1,41.3663059,69.3949666,primary
143987216,2,41.3661409,69.394895,primary
143987216,3,41.3659368,69.3948007,primary
143987216,4,41.3658476,69.3947499,primary
143987216,5,41.365751,69.3946936,primary
143987216,6,41.365651,69.3946342,primary
143987216,7,41.3655573,69.3945767,primary
143987216,8,41.3654509,69.3945083,primary
143987216,9,41.3653467,69.3944343,primary
143987218,0,41.368818,69.3960315,primary
143987218,1,41.3689399,69.3961316,primary
143987218,2,41.3690611,69.3962358,primary
143987218,3,41.3692368,69.3963972,primary
143987218,4,41.3693994,69.3965657,primary
143987218,5,41.3695524,69.3967422,primary
143987218,6,41.3696281,69.3968354,primary
143987218,7,41.3696977,69.3969306,primary
143987218,8,41.369821,69.3971177,primary
143987218,9,41.3699393,69.3973135,primary
143987218,10,41.3700266,69.3974708,primary
143987218,11,41.370112,69.3976367,primary
143987218,12,41.3701826,69.3977814,primary
143987218,13,41.3702516,69.3979272,primary
143987218,14,41.3704197,69.3982959,primary
143987218,15,41.370581,69.3986645,primary
143987218,16,41.3706825,69.398898,primary
143987218,17,41.3707303,69.3990145,primary
143987218,18,41.3707749,69.399129,primary
143987218,19,41.3708208,69.3992443,primary
143987218,20,41.3708629,69.3993525,primary
143987218,21,41.3709033,69.399464,primary
143987218,22,41.3709396,69.3995757,primary
143987218,23,41.3709897,69.3997414,primary
143987218,24,41.3710355,69.3999114,primary
143987218,25,41.3710682,69.4000549,primary
143987218,26,41.3710963,69.4002001,primary
143987218,27,41.3711182,69.400352,primary
143987218,28,41.3711338,69.4005038,primary
143987218,29,41.3711476,69.4006434,primary
143987218,30,41.3711547,69.4007844,primary
143987218,31,41.3711565,69.4009283,primary
143987218,32,41.3711524,69.4010734,primary
143987218,33,41.3711442,69.4012204,primary
143987218,34,41.3711322,69.4013684,primary
143987218,35,41.3711157,69.4015093,primary
143987218,36,41.3710928,69.4016524,primary
143987218,37,41.3710618,69.4018172,primary
143987218,38,41.3710243,69.4019819,primary
143987218,39,41.3709727,69.4021553,primary
143987218,40,41.3709146,69.4023265,primary
143987218,41,41.369548,69.4059562,primary
143987218,42,41.369349,69.4064863,primary
143987218,43,41.3692487,69.4067882,primary
143987218,44,41.3692024,69.4069544,primary
143987218,45,41.3691607,69.4071206,primary
143987218,46,41.3691174,69.4073402,primary
143987218,47,41.3690815,69.4075385,primary
143987218,48,41.369052,69.4077397,primary
143987218,49,41.3690301,69.4079297,primary
143987218,50,41.369012,69.4081187,primary
143987218,51,41.3689981,69.4083282,primary
143987218,52,41.3689889,69.4085372,primary
143987218,53,41.3689837,69.4088395,primary
143987218,54,41.3689801,69.4091407,primary
143987218,55,41.3689824,69.4094409,primary
143987218,56,41.3689866,69.4097411,primary
143987218,57,41.3689988,69.4100289,primary
143987218,58,41.3690154,69.4102778,primary
143987218,59,41.3690377,69.4105316,primary
143987218,60,41.3690527,69.4106779,primary
143987218,61,41.3690978,69.4110513,primary
143987218,62,41.3691267,69.4112385,primary
143987218,63,41.3691638,69.4114435,primary
143987218,64,41.3694016,69.4125845,primary
143987218,65,41.3694237,69.4127153,primary
143987218,66,41.3694447,69.4128554,primary
143987218,67,41.3694566,69.4129788,primary
143987218,68,41.369464,69.4130693,primary
143987218,69,41.3694682,69.4131609,primary
143987218,70,41.3694654,69.4132383,primary
143987218,71,41.3694595,69.4133288,primary
143987218,72,41.3694514,69.4134139,primary
143987218,73,41.3694394,69.4135073,primary
143987218,74,41.3694245,69.4135964,primary
143987218,75,41.3694094,69.4136687,primary
143987218,76,41.3693923,69.4137381,primary
143987218,77,41.369373,69.413809,primary
143987218,78,41.3693505,69.4138784,primary
143987218,79,41.3693188,69.4139651,primary
143987218,80,41.3692834,69.4140541,primary
143987218,81,41.3692342,69.4141642,primary
143987218,82,41.3691833,69.4142571,primary
143987218,83,41.3691315,69.4143393,primary
143987218,84,41.3690464,69.4144536,primary
143987218,85,41.3689573,69.4145585,primary
143987218,86,41.3688904,69.4146303,primary
143988668,0,41.3168464,69.2808784,primary
143988668,1,41.3166879,69.2808488,primary
143988670,0,41.3168006,69.2810913,primary
143988670,1,41.3168464,69.2808784,primary
143988672,0,41.3168006,69.2810913,primary
143988672,1,41.3169639,69.2811277,primary
143988672,2,41.3178661,69.281318,primary
143988673,0,41.3140626,69.2863006,primary
143988673,1,41.3139795,69.2861156,primary
143990536,0,41.366998,69.2852002,primary
143990536,1,41.3669491,69.2852775,primary
143990536,2,41.3669257,69.2853219,primary
143990536,3,41.3669079,69.2853698,primary
143990536,4,41.3668939,69.285417,primary
143990536,5,41.3668843,69.2854705,primary
143990536,6,41.3668798,69.2855326,primary
143990536,7,41.3668814,69.2855957,primary
143990536,8,41.3668868,69.2856356,primary
143990536,9,41.3668974,69.2856756,primary
143990536,10,41.3669052,69.285697,primary
143990536,11,41.366913,69.2857183,primary
143990536,12,41.3669318,69.2857578,primary
143990536,13,41.3669526,69.2857926,primary
143990536,14,41.3669767,69.2858256,primary
143990536,15,41.3670037,69.2858555,primary
143990536,16,41.3670358,69.2858803,primary
143990537,0,41.3674799,69.2852763,primary
143990537,1,41.367459,69.2852376,primary
143990537,2,41.3674344,69.2852007,primary
143990537,3,41.3674078,69.2851655,primary
143990537,4,41.3673797,69.2851325,primary
143990537,5,41.3673472,69.2851046,primary
143990537,6,41.3673128,69.2850809,primary
143990537,7,41.3672785,69.2850652,primary
143990537,8,41.3672437,69.2850548,primary
143990537,9,41.3672124,69.2850524,primary
143990537,10,41.3671801,69.2850554,primary
143990537,11,41.367148,69.2850649,primary
143990537,12,41.3671164,69.2850787,primary
143990537,13,41.3670836,69.2851029,primary
143990537,14,41.3670517,69.2851318,primary
143990537,15,41.3670243,69.2851638,primary
143990537,16,41.366998,69.2852002,primary
143991217,0,41.3130155,69.3139687,primary
143991217,1,41.312872,69.3138815,primary
143991217,2,41.3124015,69.3135943,primary
143991217,3,41.3118415,69.3132547,primary
143991217,4,41.3117655,69.3132085,primary
143991217,5,41.3109749,69.3127276,primary
143991217,6,41.3108813,69.3126707,primary
143991217,7,41.3106875,69.3125528,primary
143991217,8,41.3106323,69.3125193,primary
143991217,9,41.3105921,69.3124948,primary
143991217,10,41.3105206,69.3124523,primary
143991222,0,41.3080116,69.3106865,primary
143991222,1,41.3081613,69.3108863,primary
143991222,2,41.3083124,69.311075,primary
143991222,3,41.3084338,69.3112182,primary
143991222,4,41.3085688,69.3113617,primary
144079873,0,41.300938,69.2105898,primary
144079873,1,41.3006974,69.2105973,primary
144126864,0,41.326913,69.3268758,primary
144126864,1,41.326133,69.3260536,primary
144126864,2,41.3257268,69.3256254,primary
144126865,0,41.3254948,69.3240258,primary
144126865,1,41.3253916,69.3233137,primary
144126865,2,41.3253417,69.322968,primary
144126865,3,41.3253163,69.3228044,primary
144126865,4,41.3252881,69.3226409,primary
144126865,5,41.3252607,69.3224999,primary
144126865,6,41.325232,69.3223596,primary
144126865,7,41.3252026,69.3222185,primary
144126865,8,41.3251711,69.3220782,primary
144126865,9,41.3246737,69.3201623,primary
144126865,10,41.3241982,69.3185543,primary
144131735,0,41.3440937,69.3450085,primary
144131735,1,41.3440095,69.3449196,primary
144131736,0,41.3439224,69.3451023,primary
144131736,1,41.3441151,69.3453058,primary
144131736,2,41.3444915,69.3457035,primary
144131736,3,41.3453931,69.3466562,primary
144131736,4,41.3458987,69.3471903,primary
144131736,5,41.3464526,69.3477756,primary
144131736,6,41.3471297,69.3484911,primary
144131736,7,41.3471653,69.3485287,primary
144131736,8,41.3474071,69.3487842,primary
144131736,9,41.3476965,69.3490899,primary
144131736,10,41.3483148,69.3497433,primary
144131736,11,41.3483542,69.3497849,primary
144131738,0,41.3397358,69.2855293,primary
144131738,1,41.3395161,69.2854888,primary
144131738,2,41.3382899,69.2852623,primary
144131738,3,41.3380436,69.2852192,primary
144131739,0,41.3397673,69.2857535,primary
144131739,1,41.3398296,69.2857651,primary
144131739,2,41.3404655,69.2858883,primary
144131739,3,41.3415125,69.2860785,primary
144131739,4,41.3420335,69.2861798,primary
144131739,5,41.3420796,69.2861881,primary
144131739,6,41.3421438,69.2861996,primary
144153759,0,41.3082343,69.2791956,primary
144153759,1,41.3087712,69.2793126,primary
144153759,2,41.3088607,69.2793321,primary
144153759,3,41.3089446,69.2793504,primary
144153759,4,41.3089685,69.2793556,primary
144153759,5,41.3090609,69.2793756,primary
144153759,6,41.3095377,69.2794783,primary
144153759,7,41.3096333,69.2794992,primary
144153759,8,41.3097289,69.2795202,primary
144153759,9,41.3097497,69.2795276,primary
144153759,10,41.3097698,69.2795371,primary
144153759,11,41.3097922,69.2795514,primary
144153759,12,41.309813,69.2795678,primary
144153759,13,41.3098319,69.2795862,primary
144153759,14,41.309849,69.2796071,primary
144153759,15,41.3098644,69.2796293,primary
144153759,16,41.3098773,69.2796528,primary
144153759,17,41.3098917,69.2796837,primary
144153759,18,41.3099032,69.2797164,primary
144153759,19,41.3099141,69.2797643,primary
144153759,20,41.3099222,69.2798134,primary
144153759,21,41.3099292,69.279884,primary
144153759,22,41.3099413,69.280015,primary
144815565,0,41.2090529,69.2296738,primary
144815565,1,41.2091785,69.2299773,primary
144815565,2,41.2092126,69.2300606,primary
144815565,3,41.2092524,69.2301582,primary
144815565,4,41.2092748,69.2302098,primary
144815565,5,41.2097466,69.2313498,primary
144815565,6,41.2098058,69.2314925,primary
144815565,7,41.2099073,69.2317378,primary
144815566,0,41.2078379,69.2267379,primary
144815566,1,41.2084446,69.2282038,primary
144815566,2,41.2090529,69.2296738,primary
144978142,0,41.3309257,69.2426591,primary
144978142,1,41.3309205,69.2425427,primary
144978142,2,41.3309136,69.2424266,primary
144978142,3,41.3309062,69.2423109,primary
144978142,4,41.3308978,69.2421952,primary
144978142,5,41.3308869,69.2420868,primary
144978142,6,41.3308752,69.2419786,primary
144978142,7,41.3308609,69.2418708,primary
144978142,8,41.3308452,69.241763,primary
144978142,9,41.3308273,69.241657,primary
144978142,10,41.3308068,69.2415518,primary
144978142,11,41.3307841,69.2414479,primary
144978142,12,41.3307597,69.2413444,primary
144978142,13,41.3307278,69.2412417,primary
144978142,14,41.330695,69.2411397,primary
144978142,15,41.3306561,69.2410427,primary
144978142,16,41.3306159,69.2409462,primary
144978142,17,41.3305722,69.2408529,primary
144978142,18,41.3305265,69.2407609,primary
144978142,19,41.3304761,69.2406731,primary
144978142,20,41.3304236,69.2405876,primary
144978142,21,41.3303674,69.2405069,primary
144978142,22,41.3303105,69.2404279,primary
144978142,23,41.33025,69.2403515,primary
144978142,24,41.3301876,69.2402806,primary
144978142,25,41.3301217,69.2402107,primary
144978142,26,41.3300945,69.2401838,primary
144978142,27,41.3300537,69.2401448,primary
144978142,28,41.3299842,69.2400806,primary
144978142,29,41.3299145,69.2400178,primary
144978142,30,41.3298465,69.2399582,primary
144978142,31,41.3297775,69.2398999,primary
144978142,32,41.3297066,69.2398407,primary
144978142,33,41.3296347,69.2397838,primary
144978142,34,41.3295609,69.2397319,primary
144978142,35,41.329487,69.2396809,primary
144978142,36,41.3294121,69.2396312,primary
144978142,37,41.3293611,69.2395991,primary
144978142,38,41.3293072,69.2395681,primary
144978142,39,41.3292532,69.2395387,primary
144978142,40,41.3292037,69.2395151,primary
144978142,41,41.3291542,69.2394971,primary
144978142,42,41.3290542,69.2394711,primary
144978142,43,41.3290053,69.2394585,primary
144978142,44,41.3289564,69.2394401,primary
144978142,45,41.3289285,69.2394191,primary
144978142,46,41.3288992,69.2393908,primary
144978142,47,41.3288325,69.239316,primary
145498193,0,41.2987616,69.2731865,primary
145498193,1,41.2961482,69.275993,primary
145498193,2,41.2959887,69.2761642,primary
146437113,0,41.3384433,69.339044,primary
146437113,1,41.3383465,69.3392111,primary
146437115,0,41.3399442,69.3367303,primary
146437115,1,41.3402271,69.3362546,primary
146437115,2,41.3402595,69.3362001,primary
146437115,3,41.3403477,69.3360518,primary
146437115,4,41.3404279,69.3359136,primary
148049661,0,41.2600338,69.254857,primary
148049661,1,41.2598714,69.2550235,primary
148049661,2,41.2597648,69.2551328,primary
148049661,3,41.2596527,69.2552477,primary
148049661,4,41.2592007,69.2557124,primary
148049661,5,41.2591497,69.2557558,primary
148049661,6,41.2590972,69.2557939,primary
148049661,7,41.2590459,69.2558239,primary
148049661,8,41.2589889,69.2558497,primary
148049661,9,41.258934,69.2558675,primary
148049661,10,41.2588758,69.2558789,primary
148049661,11,41.2588176,69.2558848,primary
148049661,12,41.2587578,69.2558824,primary
148049661,13,41.2587004,69.2558699,primary
148049661,14,41.2586461,69.2558512,primary
148049661,15,41.2585938,69.2558232,primary
148049661,16,41.2585391,69.2557879,primary
148049661,17,41.2584911,69.255751,primary
148049661,18,41.2584455,69.255711,primary
148049661,19,41.2584023,69.2556608,primary
148049661,20,41.2583631,69.2556084,primary
148563031,0,41.285257,69.2535637,primary
148563031,1,41.2851609,69.2536079,primary
148563032,0,41.285299,69.2537565,primary
148563032,1,41.2853885,69.253714,primary
148931022,0,41.3713492,69.2251295,primary
148931022,1,41.3714956,69.2251019,primary
148931022,2,41.3716462,69.2250705,primary
148931022,3,41.3718607,69.2250259,primary
148931022,4,41.3721571,69.2249562,primary
148931022,5,41.3725249,69.2248611,primary
148931022,6,41.3728935,69.2247641,primary
148931029,0,41.3613497,69.2252074,primary
148931029,1,41.3610151,69.2252897,primary
148931029,2,41.3606238,69.2253486,primary
148931029,3,41.3602264,69.2253771,primary
148931029,4,41.3598135,69.2254053,primary
148931029,5,41.3597832,69.2254103,primary
148931049,0,41.383818,69.2150782,primary
148931049,1,41.3837785,69.2151215,primary
148931049,2,41.3837298,69.2151732,primary
148931049,3,41.3835692,69.2153779,primary
148931049,4,41.3831757,69.2158798,primary
148931049,5,41.3829659,69.2161259,primary
148931049,6,41.3828364,69.2162712,primary
148931049,7,41.3827239,69.216407,primary
148931049,8,41.3821949,69.2169536,primary
148931049,9,41.3814157,69.2177525,primary
148931052,0,41.3838621,69.2152116,primary
148931052,1,41.3840036,69.2150247,primary
148931052,2,41.3850131,69.2137155,primary
148931052,3,41.3852089,69.2134642,primary
148931671,0,41.3597832,69.2254103,primary
148931671,1,41.3595758,69.2254449,primary
148931673,0,41.3599685,69.2256058,primary
148931673,1,41.3602917,69.2256095,primary
148931673,2,41.3606222,69.2256133,primary
148931673,3,41.3608845,69.2255803,primary
148931673,4,41.3611059,69.2255406,primary
148931673,5,41.3613467,69.225476,primary
149378425,0,41.3499652,69.2234152,trunk
149378425,1,41.349973,69.2232952,trunk
149378425,2,41.3500619,69.2221792,trunk
149378425,3,41.3500719,69.2220766,trunk
149378425,4,41.3502064,69.2203833,trunk
149378425,5,41.3502875,69.2195636,trunk
149709451,0,41.3451585,69.2069041,primary
149709451,1,41.3451024,69.2069091,primary
149709451,2,41.344985,69.2069015,primary
149709451,3,41.3449171,69.2068907,primary
149709451,4,41.3448216,69.2068612,primary
151215055,0,41.3479935,69.2505754,trunk
151215055,1,41.3479915,69.2505557,trunk
151215055,2,41.3479585,69.2499404,trunk
151215055,3,41.3479353,69.2494803,trunk
151215055,4,41.3479324,69.2491288,trunk
151215055,5,41.3479344,69.2489433,trunk
151215055,6,41.3479382,69.2487766,trunk
151215055,7,41.3479403,69.2485732,trunk
151215055,8,41.3479463,69.2480944,trunk
151215055,9,41.3479485,69.2479473,trunk
151215055,10,41.3479612,69.2475415,trunk
151215055,11,41.3479868,69.2471394,trunk
151215056,0,41.3480221,69.2508478,trunk
151215056,1,41.3479935,69.2505754,trunk
151215057,0,41.3478564,69.2506156,trunk
151215057,1,41.3478883,69.2508884,trunk
151215058,0,41.3478883,69.2508884,trunk
151215058,1,41.3479634,69.251504,trunk
151215058,2,41.3480096,69.2517667,trunk
151215058,3,41.3480339,69.2519051,trunk
151215058,4,41.3480568,69.2520352,trunk
151215058,5,41.3480886,69.2522164,trunk
151215058,6,41.3481218,69.2524052,trunk
151215058,7,41.3482022,69.2529273,trunk
151215058,8,41.3482475,69.2532192,trunk
151215058,9,41.3482947,69.2535487,trunk
151215058,10,41.348316,69.253769,trunk
151215058,11,41.3483253,69.2539113,trunk
151215058,12,41.348329,69.2540566,trunk
151215058,13,41.3483294,69.2541831,trunk
151215058,14,41.3483242,69.2543036,trunk
151215058,15,41.3483048,69.2546126,trunk
151215058,16,41.3482974,69.2547303,trunk
151215058,17,41.3482727,69.2549667,trunk
151215058,18,41.348245,69.2552343,trunk
151215058,19,41.348213,69.2555,trunk
151215058,20,41.3481945,69.2556342,trunk
151215058,21,41.3481729,69.2557603,trunk
151215058,22,41.3481377,69.2559383,trunk
151215058,23,41.3480976,69.2561162,trunk
151215058,24,41.3480589,69.2562589,trunk
151215058,25,41.3480157,69.2564021,trunk
151215058,26,41.3479792,69.2565158,trunk
151215058,27,41.3479249,69.2566733,trunk
151215058,28,41.3478662,69.2568279,trunk
151215058,29,41.3477838,69.2570198,trunk
151215058,30,41.3476926,69.2572192,trunk
151215058,31,41.3476574,69.2572837,trunk
151215058,32,41.347587,69.2574124,trunk
151215058,33,41.3475384,69.2574991,trunk
151215058,34,41.3474846,69.2575858,trunk
151215058,35,41.3474269,69.2576708,trunk
151215058,36,41.3473646,69.2577518,trunk
151987838,0,41.3342281,69.334595,primary
151987838,1,41.3324722,69.3327417,primary
151987838,2,41.3314294,69.331641,primary
151987840,0,41.3314294,69.331641,primary
151987840,1,41.3301138,69.3302525,primary
151987840,2,41.3300541,69.3301896,primary
151987840,3,41.329745,69.3298634,primary
151987840,4,41.3297171,69.3298339,primary
151987840,5,41.3293553,69.3294523,primary
151987840,6,41.326913,69.3268758,primary
153154879,0,41.2869375,69.2551662,primary
153154879,1,41.2868357,69.2550533,primary
153154879,2,41.2863252,69.254487,primary
153154879,3,41.2860716,69.2542057,primary
153154879,4,41.2859651,69.2540899,primary
153154879,5,41.2857652,69.2538725,primary
154530219,0,41.3482842,69.1654965,primary
154530219,1,41.3482886,69.1658962,primary
156960978,0,41.3416484,69.3689707,trunk
156960978,1,41.3418895,69.3676228,trunk
156960978,2,41.3419116,69.3675074,trunk
156960978,3,41.3419547,69.3672831,trunk
156960978,4,41.3420074,69.3670471,trunk
156960978,5,41.342036,69.3669298,trunk
156960978,6,41.3420671,69.3668151,trunk
156960978,7,41.3421004,69.3667015,trunk
156960978,8,41.3421371,69.3665903,trunk
156960978,9,41.3421932,69.3664447,trunk
156960978,10,41.3422581,69.3663015,trunk
156960979,0,41.3409333,69.3729682,trunk
156960979,1,41.3413094,69.3708655,trunk
156960979,2,41.3416013,69.3692336,trunk
157048807,0,41.3507812,69.3523556,trunk
157048807,1,41.3508648,69.3522262,trunk
164372961,0,41.2211456,69.2589112,primary
164372961,1,41.221316,69.2593285,primary
164372961,2,41.2226079,69.262493,primary
164372961,3,41.2233676,69.2642968,primary
164372961,4,41.2234236,69.2644062,primary
164372961,5,41.2235337,69.264621,primary
164372961,6,41.2236331,69.2648021,primary
164372961,7,41.2236889,69.2648896,primary
164372961,8,41.2237388,69.2649679,primary
164372961,9,41.223853,69.265137,primary
164372961,10,41.2239691,69.265302,primary
164372961,11,41.2240596,69.2654248,primary
164372961,12,41.2241102,69.2654934,primary
164372961,13,41.2242043,69.2656211,primary
164372961,14,41.2248786,69.2664642,primary
164372961,15,41.2251247,69.2667632,primary
164372961,16,41.2254706,69.2671833,primary
164372961,17,41.2255983,69.2673384,primary
164372961,18,41.2257283,69.267475,primary
164372961,19,41.2257917,69.2675416,primary
164372961,20,41.2258885,69.2676403,primary
164372961,21,41.2259852,69.267739,primary
164372961,22,41.2261152,69.2678566,primary
164372963,0,41.2321642,69.2713398,primary
164372963,1,41.2325736,69.2715444,primary
164372963,2,41.2329121,69.2717136,primary
164372963,3,41.2345009,69.2725077,primary
164372963,4,41.2348141,69.2726642,primary
164372963,5,41.2349236,69.2727189,primary
164372963,6,41.2353321,69.2729231,primary
164372963,7,41.2354782,69.2729961,primary
164372963,8,41.2358818,69.2731978,primary
164372963,9,41.2362624,69.273388,primary
164372963,10,41.2364734,69.2734935,primary
164372963,11,41.2374066,69.27396,primary
164372963,12,41.2381155,69.2743143,primary
164372963,13,41.2385585,69.2745357,primary
164372963,14,41.2386428,69.2745778,primary
164372963,15,41.2390321,69.2747724,primary
164372963,16,41.2401125,69.2753124,primary
164372963,17,41.2418611,69.2761865,primary
164372963,18,41.2421967,69.2763543,primary
164372963,19,41.2429703,69.2767409,primary
164372963,20,41.2430596,69.2767855,primary
164372963,21,41.2433846,69.276948,primary
164372963,22,41.2436238,69.2770675,primary
164886181,0,41.3168464,69.2808784,primary
164886181,1,41.3168894,69.2806797,primary
164886181,2,41.3171018,69.2797569,primary
164886181,3,41.3172127,69.2792757,primary
164886181,4,41.3175706,69.2777219,primary
164886181,5,41.3177411,69.2769461,primary
164886181,6,41.3177706,69.2768117,primary
164886181,7,41.3178313,69.2765358,primary
164886183,0,41.3204465,69.3008465,primary
164886183,1,41.3197702,69.2992974,primary
164886183,2,41.3197167,69.2991791,primary
164886183,3,41.3196537,69.2990373,primary
164886184,0,41.3205266,69.3013588,primary
164886184,1,41.3205664,69.3014777,primary
164886184,2,41.3206031,69.3015966,primary
164886184,3,41.3206785,69.3018338,primary
164886184,4,41.3207394,69.3020454,primary
164886184,5,41.3207828,69.3022162,primary
164886184,6,41.320818,69.30238,primary
164886184,7,41.3208507,69.3025713,primary
164886184,8,41.3208822,69.3027683,primary
164886184,9,41.3209079,69.3029492,primary
164886184,10,41.3209219,69.303058,primary
164931232,0,41.2691815,69.2583289,trunk
164931232,1,41.2692917,69.2577382,trunk
164931232,2,41.2693388,69.2574795,trunk
164931232,3,41.2693906,69.2571949,trunk
164931232,4,41.2694197,69.2570196,trunk
164931232,5,41.2694463,69.2568442,trunk
164931232,6,41.2694713,69.256669,trunk
164931232,7,41.2694935,69.2564946,trunk
164931232,8,41.2695061,69.2563909,trunk
164931232,9,41.2695162,69.2562866,trunk
164931232,10,41.2695225,69.2561818,trunk
164931232,11,41.2695251,69.2560803,trunk
164931232,12,41.269523,69.2559845,trunk
164931232,13,41.2695177,69.255867,trunk
164931232,14,41.2695076,69.2557514,trunk
164931232,15,41.2694955,69.2556355,trunk
164931232,16,41.2694809,69.2555219,trunk
164931232,17,41.2694642,69.2554076,trunk
164931232,18,41.2694452,69.2552956,trunk
164931232,19,41.2694254,69.2551845,trunk
164931232,20,41.2693811,69.2549614,trunk
164931232,21,41.2693557,69.2548429,trunk
164931232,22,41.2693312,69.2547291,trunk
164931232,23,41.2692771,69.2544986,trunk
164931232,24,41.2692174,69.2542672,trunk
164931232,25,41.2691535,69.2540358,trunk
164931232,26,41.2690817,69.253822,trunk
164931232,27,41.2690029,69.2536013,trunk
164931232,28,41.2689173,69.2533903,trunk
164931232,29,41.2688224,69.2531819,trunk
164931232,30,41.2684687,69.2524159,trunk
164931232,31,41.2684122,69.2522953,trunk
164931232,32,41.268412,69.2522949,trunk
164931232,33,41.268352,69.2521666,trunk
164931232,34,41.2682333,69.2519269,trunk
164931232,35,41.2671033,69.2496457,trunk
164931232,36,41.2666459,69.2487019,trunk
164931232,37,41.2665935,69.248579,trunk
164931232,38,41.2665442,69.2484561,trunk
164931232,39,41.2664959,69.2483313,trunk
164931232,40,41.2664526,69.2482064,trunk
164931232,41,41.2664111,69.2480785,trunk
164931232,42,41.2663767,69.2479506,trunk
164931232,43,41.2663189,69.2476894,trunk
165165907,0,41.3255472,69.2829281,primary
165165907,1,41.3265448,69.2831288,primary
165165907,2,41.3274274,69.2833087,primary
165165907,3,41.3274914,69.2833218,primary
165165907,4,41.3276675,69.2833577,primary
165165915,0,41.3255853,69.282727,primary
165165915,1,41.3254467,69.2826988,primary
165165915,2,41.3248967,69.2825891,primary
165165915,3,41.3244671,69.2824919,primary
165165915,4,41.3242503,69.2824461,primary
165165915,5,41.3238455,69.2823606,primary
165165915,6,41.3237786,69.2823465,primary
165165915,7,41.3237418,69.2823387,primary
165165915,8,41.3234326,69.2822734,primary
165165915,9,41.3224298,69.2820616,primary
165165915,10,41.3221356,69.2819995,primary
165273700,0,41.3040881,69.2781645,primary
165273700,1,41.3040364,69.2781607,primary
165273700,2,41.3039906,69.2781601,primary
165273700,3,41.3039394,69.278166,primary
165273700,4,41.3038881,69.2781789,primary
165273700,5,41.3038437,69.2781951,primary
165273700,6,41.3037982,69.2782151,primary
165273700,7,41.3037553,69.2782396,primary
165273700,8,41.3037132,69.2782652,primary
165273700,9,41.3036739,69.2782934,primary
165273700,10,41.3036352,69.2783216,primary
165273700,11,41.3035512,69.2783896,primary
165273700,12,41.3035091,69.2784278,primary
165273705,0,41.3075845,69.2850771,primary
165273705,1,41.3076349,69.2851284,primary
165273705,2,41.3079202,69.2854187,primary
165273705,3,41.3080816,69.2855647,primary
165273705,4,41.3081907,69.2856606,primary
165273705,5,41.3082179,69.2856845,primary
165273705,6,41.3082443,69.2857077,primary
165273705,7,41.3084123,69.2858422,primary
165273705,8,41.3085826,69.2859733,primary
165273705,9,41.3087563,69.2860948,primary
165273705,10,41.3089304,69.2862153,primary
165273705,11,41.3090057,69.2862625,primary
165273705,12,41.3091098,69.2863279,primary
165273705,13,41.3091709,69.2863643,primary
165281553,0,41.2945192,69.2779417,primary
165281553,1,41.2949949,69.2774306,primary
165281553,2,41.2958818,69.2764779,primary
165281553,3,41.2959492,69.2764055,primary
165281553,4,41.2960362,69.2763121,primary
165964233,0,41.321102,69.2547071,primary
165964233,1,41.3210765,69.254993,primary
165964237,0,41.3245236,69.2550802,primary
165964237,1,41.3244923,69.2551835,primary
165964237,2,41.3244408,69.2553842,primary
165964237,3,41.3244213,69.2555088,primary
165964237,4,41.3243625,69.2558487,primary
165964237,5,41.3243194,69.2562041,primary
165964237,6,41.3243112,69.2562723,primary
166001574,0,41.3201685,69.2896945,primary
166001574,1,41.3200493,69.2899465,primary
166001574,2,41.3199594,69.2901202,primary
166001574,3,41.319863,69.2902973,primary
166001574,4,41.3196966,69.2905847,primary
166001574,5,41.3195797,69.2907805,primary
166001574,6,41.3194549,69.2909605,primary
166001574,7,41.3191915,69.2913159,primary
166001574,8,41.3189043,69.2916501,primary
166001574,9,41.3186443,69.2918956,primary
166001574,10,41.3175102,69.2929293,primary
166001574,11,41.3172882,69.2931241,primary
166011549,0,41.3083631,69.3108775,primary
166011549,1,41.3082143,69.3106857,primary
166011549,2,41.308075,69.3105025,primary
166011549,3,41.3076728,69.3099314,primary
166011549,4,41.3074421,69.3095897,primary
166011549,5,41.3072015,69.3092332,primary
166011549,6,41.3067519,69.3085672,primary
166011549,7,41.3067171,69.3085156,primary
166011549,8,41.3059769,69.3074193,primary
166011549,9,41.3057238,69.3070443,primary
166011550,0,41.315952,69.3157549,primary
166011550,1,41.3157077,69.3156062,primary
166011550,2,41.3152142,69.3153061,primary
166011550,3,41.3148936,69.3151111,primary
166011550,4,41.3146316,69.3149517,primary
166011550,5,41.314101,69.314629,primary
166011550,6,41.3137555,69.3144189,primary
166011552,0,41.3129506,69.3141709,primary
166011552,1,41.3131102,69.314268,primary
166011552,2,41.3134195,69.3144593,primary
166011552,3,41.3138581,69.3147231,primary
166011552,4,41.3145696,69.315156,primary
166011552,5,41.3148757,69.3153422,primary
166011552,6,41.3149419,69.3153826,primary
166011552,7,41.3151957,69.315537,primary
166011552,8,41.3153706,69.3156434,primary
166011553,0,41.3105206,69.3124523,primary
166011553,1,41.3104172,69.3123909,primary
166011553,2,41.3099927,69.3121387,primary
166011553,3,41.309936,69.312105,primary
166011553,4,41.3093727,69.3117704,primary
166011553,5,41.3092009,69.311664,primary
166011553,6,41.3090342,69.3115454,primary
166011553,7,41.3088671,69.3114146,primary
166011553,8,41.3087568,69.3113144,primary
166011553,9,41.3086621,69.3112201,primary
166011554,0,41.3168582,69.3165738,primary
166011554,1,41.316911,69.316614,primary
166011554,2,41.3169831,69.316679,primary
166016390,0,41.2959887,69.2761642,primary
166016390,1,41.2958769,69.2762843,primary
166016390,2,41.2940615,69.2782338,primary
166016390,3,41.2931578,69.2792043,primary
166016390,4,41.2931522,69.2792103,primary
166016390,5,41.293003,69.2793705,primary
166016390,6,41.292819,69.2795682,primary
166269306,0,41.3207994,69.3057814,primary
166269306,1,41.32078,69.3060755,primary
166269307,0,41.3208347,69.3051737,primary
166269307,1,41.3207994,69.3057814,primary
166269308,0,41.3209022,69.3057983,primary
166269308,1,41.3209457,69.3051874,primary
166269309,0,41.3210638,69.3032272,primary
166269309,1,41.3210552,69.3031268,primary
166269309,2,41.3210444,69.3030225,primary
166269309,3,41.3210031,69.3027233,primary
166269309,4,41.320893,69.3020526,primary
166322136,0,41.3101203,69.2810197,primary
166322136,1,41.3101588,69.2810658,primary
166322136,2,41.3101996,69.2811085,primary
166322136,3,41.3102236,69.2811327,primary
166322136,4,41.3102402,69.2811494,primary
166322138,0,41.3075428,69.2988186,primary
166322138,1,41.3074188,69.2981869,primary
166563409,0,41.2524956,69.3860558,trunk
166563409,1,41.2522875,69.386318,trunk
166563409,2,41.2505753,69.3884765,trunk
166563409,3,41.2496107,69.3896796,trunk
166563410,0,41.2380973,69.3308715,trunk
166563410,1,41.2393394,69.3301464,trunk
166563411,0,41.2391845,69.3337397,trunk
166563411,1,41.2392711,69.3338548,trunk
166563411,2,41.2392964,69.3338884,trunk
166563411,3,41.2394108,69.3340354,trunk
166563411,4,41.2394963,69.3341381,trunk
166563411,5,41.2395842,69.3342371,trunk
166563411,6,41.2396702,69.3343346,trunk
166563411,7,41.2397593,69.3344293,trunk
166563411,8,41.2398521,69.3345212,trunk
166563411,9,41.239945,69.33461,trunk
166563411,10,41.2400644,69.3347173,trunk
166563411,11,41.2401355,69.3347811,trunk
166563411,12,41.240276,69.3349072,trunk
166563411,13,41.2406279,69.3352242,trunk
166670048,0,41.2493983,69.2643112,primary
166670048,1,41.2494007,69.2637372,primary
166670048,2,41.2494071,69.2622017,primary
166670048,3,41.2494161,69.2600457,primary
166670048,4,41.2494195,69.259221,primary
166670048,5,41.2494216,69.2581567,primary
166670048,6,41.2494262,69.2576155,primary
166670048,7,41.2494266,69.2575158,primary
166670048,8,41.2494398,69.2573737,primary
166670048,9,41.249474,69.2572503,primary
166670700,0,41.261935,69.254322,primary
166670700,1,41.261839,69.2541772,primary
166670700,2,41.2617837,69.2541101,primary
166670700,3,41.2617245,69.2540465,primary
166670700,4,41.2616661,69.253986,primary
166670700,5,41.2615985,69.2539291,primary
166670700,6,41.2615315,69.2538862,primary
166670700,7,41.261493,69.2538677,primary
166670700,8,41.2614567,69.2538502,primary
166670700,9,41.2613772,69.2538329,primary
166670700,10,41.2612937,69.2538276,primary
166670700,11,41.2612187,69.2538356,primary
166670700,12,41.2611438,69.2538505,primary
166670700,13,41.2610739,69.2538758,primary
166670700,14,41.261004,69.2539098,primary
166670700,15,41.2609374,69.2539491,primary
166670700,16,41.2608721,69.2539971,primary
166670701,0,41.2493123,69.2575001,primary
166670701,1,41.249311,69.2580479,primary
166670701,2,41.2493081,69.2592189,primary
166670701,3,41.2493058,69.2601587,primary
166670701,4,41.2492957,69.2643074,primary
166670701,5,41.2492916,69.2643371,primary
166670701,6,41.2492744,69.2643952,primary
166670701,7,41.2492631,69.2644221,primary
166670701,8,41.2492316,69.2644719,primary
166670701,9,41.2491855,69.264524,primary
166670702,0,41.2621877,69.2549973,primary
166670702,1,41.2622104,69.2550427,primary
166670702,2,41.2622462,69.2551142,primary
166670702,3,41.2623753,69.2553721,primary
166670702,4,41.2625332,69.2557096,primary
166670702,5,41.2627621,69.2561989,primary
166670702,6,41.2631968,69.2570732,primary
166670702,7,41.2635155,69.2577265,primary
166670702,8,41.2636688,69.2580137,primary
166670702,9,41.2639812,69.2585993,primary
166670702,10,41.264419,69.2593885,primary
166670702,11,41.2645278,69.2595635,primary
166670702,12,41.264703,69.2598452,primary
166670702,13,41.265182,69.2605607,primary
166670702,14,41.2654499,69.2610694,primary
166670702,15,41.2654683,69.2611088,primary
166670702,16,41.2657432,69.2616982,primary
166670703,0,41.2629649,69.2560637,primary
166670703,1,41.2629309,69.2560522,primary
166670703,2,41.2628986,69.256049,primary
166670703,3,41.2628761,69.256051,primary
166670703,4,41.2628557,69.2560569,primary
166670703,5,41.2628353,69.2560723,primary
166670703,6,41.2628175,69.2560879,primary
166670703,7,41.2628017,69.2561118,primary
166670703,8,41.2627834,69.256139,primary
166670703,9,41.2627713,69.2561717,primary
166670703,10,41.2627621,69.2561989,primary
166670706,0,41.2562562,69.2509075,primary
166670706,1,41.2560993,69.250397,primary
166670706,2,41.2556342,69.2491459,primary
166670706,3,41.2556131,69.2490891,primary
166670706,4,41.2555918,69.2490297,primary
166670706,5,41.2555716,69.2489703,primary
166670706,6,41.2555506,69.2489116,primary
166670706,7,41.2555273,69.2488532,primary
166670706,8,41.2555013,69.2487959,primary
166670706,9,41.2554726,69.2487415,primary
166670706,10,41.2554427,69.2486901,primary
166670706,11,41.2554117,69.2486417,primary
166670706,12,41.255378,69.248596,primary
166670706,13,41.2553409,69.2485518,primary
166670706,14,41.2553012,69.2485118,primary
166670706,15,41.2552593,69.248476,primary
166670706,16,41.255214,69.2484484,primary
166670706,17,41.2551659,69.248428,primary
166670706,18,41.2551189,69.248414,primary
166670706,19,41.2550701,69.2484052,primary
166670706,20,41.2550181,69.2484037,primary
166670706,21,41.2549689,69.2484068,primary
166670706,22,41.2549202,69.2484155,primary
166670706,23,41.2548748,69.248428,primary
166670706,24,41.2548291,69.2484467,primary
166670706,25,41.2547854,69.2484685,primary
166670706,26,41.2547426,69.2484962,primary
166670706,27,41.2547035,69.248527,primary
166670706,28,41.2546668,69.2485582,primary
166670706,29,41.2546392,69.2485861,primary
166670706,30,41.2546114,69.2486148,primary
166670706,31,41.2545778,69.248653,primary
166670706,32,41.254545,69.2486929,primary
166670706,33,41.2545083,69.2487421,primary
166670706,34,41.2544724,69.2487955,primary
166670706,35,41.2543814,69.2489536,primary
166670706,36,41.2542383,69.2491976,primary
166670706,37,41.2539866,69.2496209,primary
166670706,38,41.2539205,69.2497281,primary
166670706,39,41.2538509,69.2498339,primary
166670706,40,41.2537686,69.2499568,primary
166670706,41,41.2536832,69.25007,primary
166670706,42,41.2535126,69.2502973,primary
166670706,43,41.2534048,69.2504476,primary
166670706,44,41.2532979,69.2506039,primary
166670706,45,41.2531963,69.2507599,primary
166670706,46,41.253098,69.2509228,primary
166670706,47,41.2529874,69.2511276,primary
166670706,48,41.252879,69.2513417,primary
166670706,49,41.2527866,69.2515348,primary
166670706,50,41.2526776,69.2517575,primary
166670706,51,41.2526269,69.2518586,primary
166670706,52,41.2525749,69.2519571,primary
166670706,53,41.2521769,69.2526173,primary
166670706,54,41.2521051,69.2527365,primary
166670706,55,41.2518905,69.2530925,primary
166670706,56,41.2516322,69.253521,primary
166670706,57,41.2513146,69.2540478,primary
166670706,58,41.2509126,69.2546871,primary
166670706,59,41.2504621,69.2553975,primary
166670706,60,41.2498917,69.2562961,primary
166670706,61,41.2495149,69.2568897,primary
166670706,62,41.2494542,69.2569881,primary
166670706,63,41.2493775,69.2571414,primary
166696412,0,41.227122,69.1990536,trunk
166696412,1,41.227097,69.1989895,trunk
166696412,2,41.2270669,69.1989266,trunk
166696412,3,41.2270374,69.1988706,trunk
166696412,4,41.2270036,69.1988158,trunk
166717418,0,41.2913358,69.2729647,primary
166717418,1,41.2918247,69.2724486,primary
166717418,2,41.2921927,69.2720602,primary
166717418,3,41.2923232,69.2719219,primary
166717418,4,41.2931127,69.2710895,primary
166717418,5,41.2932493,69.2709453,primary
166717418,6,41.2935394,69.2706392,primary
166717418,7,41.293877,69.2702829,primary
166717418,8,41.2939764,69.2701805,primary
166717418,9,41.2940782,69.2700829,primary
166717418,10,41.2942421,69.2699408,primary
166717418,11,41.2944072,69.2698073,primary
166717419,0,41.2896088,69.2747871,primary
166717419,1,41.2895001,69.274637,primary
166743704,0,41.292819,69.2795682,primary
166743704,1,41.292636,69.2792736,primary
166743704,2,41.2921139,69.2784445,primary
166743704,3,41.2913986,69.2772676,primary
166743704,4,41.2913581,69.2771983,primary
166743704,5,41.2912429,69.277011,primary
166743705,0,41.2987616,69.2731865,primary
166743705,1,41.298838,69.2733021,primary
167092315,0,41.3047663,69.1938719,trunk
167092315,1,41.3057521,69.1938328,trunk
167092315,2,41.3058756,69.1938284,trunk
167092315,3,41.3067056,69.1937988,trunk
167092315,4,41.3069611,69.1937897,trunk
167092315,5,41.3076561,69.1937649,trunk
167092315,6,41.3080741,69.1937501,trunk
167092315,7,41.3082184,69.1937442,trunk
167092315,8,41.3083397,69.1937382,trunk
167092315,9,41.3093555,69.1937015,trunk
167092315,10,41.3105823,69.1936607,trunk
167092315,11,41.3117533,69.1936189,trunk
167092315,12,41.3119701,69.1936119,trunk
167092315,13,41.3123713,69.1935986,trunk
167092315,14,41.3128939,69.1935783,trunk
167092315,15,41.3140777,69.1935392,trunk
167092315,16,41.3146416,69.193516,trunk
167092315,17,41.3152788,69.1934732,trunk
167092315,18,41.3160583,69.1934655,trunk
167092315,19,41.3172432,69.1934233,trunk
167092316,0,41.3046151,69.1938801,trunk
167092316,1,41.3047663,69.1938719,trunk
167092317,0,41.3047609,69.1936619,trunk
167092317,1,41.3046006,69.1936667,trunk
167092318,0,41.3046006,69.1936667,trunk
167092318,1,41.3037168,69.1936894,trunk
167092318,2,41.3032556,69.1936986,trunk
167226992,0,41.2268633,69.2197266,primary
167226992,1,41.2266806,69.2198407,primary
167226992,2,41.2260466,69.2202364,primary
167226992,3,41.2254863,69.2205861,primary
167226992,4,41.2244556,69.2212246,primary
167226992,5,41.22436,69.2212818,primary
167226993,0,41.22436,69.2212818,primary
167226993,1,41.2242874,69.2213253,primary
167226993,2,41.2241473,69.2214091,primary
167226993,3,41.2240069,69.2214931,primary
167226993,4,41.2237627,69.2216392,primary
167226993,5,41.2235761,69.2217604,primary
167226993,6,41.2232351,69.2219733,primary
167226993,7,41.2223888,69.2225033,primary
167226993,8,41.2223781,69.22251,primary
167226993,9,41.2223179,69.2225477,primary
167226993,10,41.2212696,69.2231989,primary
167226993,11,41.2211024,69.2233033,primary
167226993,12,41.22081,69.2234849,primary
167226993,13,41.2207544,69.2235197,primary
167226993,14,41.2195845,69.2242537,primary
167226993,15,41.2194626,69.2243301,primary
167226993,16,41.2193246,69.2244221,primary
170310424,0,41.2942505,69.2900775,trunk
170310424,1,41.2943968,69.2902901,trunk
170310424,2,41.294898,69.2910183,trunk
170310424,3,41.2949611,69.29111,trunk
170310426,0,41.2941831,69.289773,trunk
170310426,1,41.2938783,69.2893239,trunk
170310426,2,41.2935987,69.2888891,trunk
170310426,3,41.2930469,69.2879954,trunk
170310427,0,41.2896765,69.2826129,trunk
170310427,1,41.2897648,69.2826737,trunk
170310427,2,41.2898636,69.2827358,trunk
170310427,3,41.2899609,69.2828019,trunk
170310427,4,41.2900082,69.2828352,trunk
170310427,5,41.2900535,69.2828678,trunk
170310427,6,41.2900903,69.2828954,trunk
170310427,7,41.2901249,69.2829238,trunk
170310427,8,41.2901885,69.2829815,trunk
170310427,9,41.2902282,69.2830199,trunk
170310427,10,41.2902684,69.2830635,trunk
170310427,11,41.2903067,69.2831084,trunk
170310427,12,41.2903446,69.2831564,trunk
170310427,13,41.2903798,69.2832041,trunk
170743669,0,41.2820449,69.1930033,primary
170743669,1,41.281965,69.192898,primary
170842052,0,41.2607718,69.2270057,trunk
170842052,1,41.2608306,69.22673,trunk
170842052,2,41.2608836,69.2265194,trunk
170842052,3,41.2609617,69.2262742,trunk
170842052,4,41.2610566,69.2260271,trunk
170842052,5,41.2611823,69.2257488,trunk
170842052,6,41.2612492,69.2256159,trunk
170842052,7,41.2613657,69.2253922,trunk
170842052,8,41.2615238,69.2251303,trunk
171177983,0,41.281965,69.192898,primary
171177983,1,41.281676,69.1933456,primary
171177983,2,41.2811553,69.1941532,primary
171177983,3,41.2811178,69.1942118,primary
171177983,4,41.2810864,69.1942609,primary
171177983,5,41.2809557,69.1944651,primary
171177983,6,41.2809221,69.1945177,primary
171177989,0,41.2788469,69.1981674,trunk
171177989,1,41.278904,69.1980692,trunk
171177990,0,41.2787475,69.1979149,trunk
171177990,1,41.2786903,69.1980134,trunk
171177991,0,41.2784734,69.1983871,trunk
171177991,1,41.2783607,69.1985814,trunk
171177991,2,41.2781918,69.1988724,trunk
171177991,3,41.2774617,69.1999958,trunk
171177991,4,41.2773729,69.2001325,trunk
171177991,5,41.2763662,69.2016816,trunk
171177991,6,41.276108,69.2020789,trunk
171177991,7,41.2760464,69.2021737,trunk
171177991,8,41.2758125,69.2025337,trunk
171190333,0,41.2751463,69.2039111,trunk
171190333,1,41.2760314,69.2025471,trunk
171190334,0,41.2761783,69.2023209,trunk
171190334,1,41.2764809,69.2018546,trunk
171190334,2,41.2768157,69.2013385,trunk
171190334,3,41.2772624,69.2006502,trunk
171190334,4,41.2775856,69.2001521,trunk
171190334,5,41.2776346,69.2000766,trunk
171190334,6,41.2782713,69.1990911,trunk
171232138,0,41.2453515,69.3968824,trunk
171232138,1,41.2449208,69.3962396,trunk
171232141,0,41.2512812,69.406258,trunk
171232141,1,41.2514075,69.4064526,trunk
171232141,2,41.2534391,69.4096369,trunk
171232141,3,41.2542032,69.4108345,trunk
171232141,4,41.2548542,69.4118648,trunk
171232141,5,41.2556192,69.4130754,trunk
171232141,6,41.2558478,69.4134372,trunk
171232141,7,41.2559301,69.4135675,trunk
171271237,0,41.2718392,69.2086571,trunk
171271237,1,41.2712172,69.2096163,trunk
171271237,2,41.2703201,69.2109996,trunk
171271237,3,41.2702739,69.2110709,trunk
171271237,4,41.2701417,69.2112747,trunk
171328786,0,41.2680486,69.2345202,primary
171328786,1,41.2679817,69.2346579,primary
171328786,2,41.2676919,69.2351298,primary
171328786,3,41.2676685,69.2351679,primary
171328786,4,41.2676356,69.2352167,primary
171328786,5,41.2676053,69.2352686,primary
171328786,6,41.2674961,69.2354307,primary
171328786,7,41.267381,69.2355832,primary
171328786,8,41.2669246,69.2361881,primary
171328786,9,41.26679,69.2363666,primary
171328786,10,41.2661834,69.2371708,primary
171328786,11,41.2661323,69.2372346,primary
171328786,12,41.2660763,69.2372968,primary
171328786,13,41.2660154,69.2373561,primary
171328786,14,41.265955,69.2374129,primary
171328786,15,41.2659201,69.2374431,primary
171360577,0,41.2100083,69.2316541,primary
171360577,1,41.2099073,69.2317378,primary
171360578,0,41.209281,69.2298991,primary
171360578,1,41.2088812,69.2289646,primary
171360578,2,41.2085389,69.2281345,primary
171360578,3,41.2081724,69.2272442,primary
171597124,0,41.2921615,69.2803467,primary
171597124,1,41.2920812,69.2804646,primary
171597124,2,41.2920611,69.2804952,primary
171597124,3,41.2920026,69.2805841,primary
171597124,4,41.2919297,69.28071,primary
171597124,5,41.291863,69.2808359,primary
171597124,6,41.2917908,69.2809875,primary
171597124,7,41.2917227,69.2811391,primary
171597124,8,41.2916614,69.2812898,primary
171597124,9,41.2916411,69.2813455,primary
171597124,10,41.2916044,69.2814461,primary
171597124,11,41.2915517,69.2815971,primary
171597124,12,41.2915047,69.2817481,primary
171597124,13,41.291462,69.2819046,primary
171597124,14,41.2914513,69.2819526,primary
171597124,15,41.2914263,69.2820648,primary
171597124,16,41.2913913,69.2822342,primary
171597124,17,41.2913767,69.282315,primary
171597124,18,41.2913619,69.2823976,primary
171597124,19,41.2913336,69.2825731,primary
171597124,20,41.2913234,69.2826575,primary
171597124,21,41.2913152,69.2827425,primary
171597124,22,41.2913101,69.2828198,primary
171597124,23,41.2913064,69.2828971,primary
171597124,24,41.2913031,69.2830517,primary
171681754,0,41.2950799,69.2910083,trunk
171681754,1,41.2941831,69.289773,trunk
171850477,0,41.2268658,69.1837452,trunk
171850477,1,41.2264591,69.1849344,trunk
171850478,0,41.2264591,69.1849344,trunk
171850478,1,41.2263371,69.1852879,trunk
171850479,0,41.2265927,69.1850096,trunk
171850479,1,41.22699,69.1838234,trunk
171850480,0,41.22699,69.1838234,trunk
171850480,1,41.2271976,69.1832598,trunk
171850481,0,41.2268354,69.1916402,trunk
171850481,1,41.2267809,69.1914182,trunk
171850481,2,41.226629,69.1907987,trunk
171850481,3,41.2265913,69.190639,trunk
171850481,4,41.2263586,69.1896536,trunk
171850481,5,41.2262479,69.1890865,trunk
171850481,6,41.2261708,69.1885432,trunk
171850481,7,41.2261424,69.1881767,trunk
171850481,8,41.2261282,69.1878279,trunk
171850481,9,41.2261301,69.1875385,trunk
171850481,10,41.2261403,69.1872491,trunk
171850481,11,41.2261685,69.1868218,trunk
171850481,12,41.2262093,69.1865107,trunk
171850481,13,41.2262664,69.1861971,trunk
171850481,14,41.226361,69.1857497,trunk
171850481,15,41.2264742,69.185365,trunk
171850482,0,41.2268653,69.1923154,trunk
171850482,1,41.2269892,69.1928246,trunk
171850483,0,41.2270997,69.1927771,trunk
171850483,1,41.2269759,69.1922679,trunk
171850484,0,41.2269892,69.1928246,trunk
171850484,1,41.22707,69.1931763,trunk
171850484,2,41.2271088,69.193345,trunk
171850484,3,41.227222,69.193858,trunk
171850484,4,41.2272705,69.194158,trunk
171850484,5,41.2272789,69.1943838,trunk
171850484,6,41.2272954,69.1945491,trunk
171850484,7,41.2273085,69.1947144,trunk
171850484,8,41.2273152,69.1948803,trunk
171850484,9,41.2273201,69.195045,trunk
171850484,10,41.2273219,69.1952325,trunk
171850484,11,41.2273175,69.195421,trunk
171850484,12,41.2273094,69.1955857,trunk
171850484,13,41.2273001,69.1957504,trunk
171850484,14,41.2272211,69.196532,trunk
172794763,0,41.3177647,69.1928032,primary
172794763,1,41.3177384,69.192745,primary
172794763,2,41.3176462,69.1925505,primary
172794763,3,41.3175478,69.192369,primary
172794763,4,41.3174403,69.1921899,primary
172794763,5,41.3173251,69.1920208,primary
172794763,6,41.3165265,69.190957,primary
172794763,7,41.3162271,69.1905789,primary
172794777,0,41.3187334,69.1956811,primary
172794777,1,41.3187158,69.1956319,primary
172794777,2,41.3186102,69.1952879,primary
172794777,3,41.3183319,69.1941798,primary
172794777,4,41.3182532,69.1939306,primary
172794777,5,41.3181119,69.1935899,primary
172794778,0,41.3180069,69.193671,primary
172794778,1,41.3181641,69.1940764,primary
172794778,2,41.3181952,69.1941723,primary
172794778,3,41.3185136,69.1953654,primary
172794778,4,41.3186304,69.1957393,primary
172794778,5,41.3187291,69.196002,primary
172794778,6,41.3188267,69.1962558,primary
172794778,7,41.3189082,69.1964563,primary
172794778,8,41.3190013,69.1966893,primary
172903509,0,41.3265053,69.1939446,trunk
172903509,1,41.3260903,69.1935734,trunk
173426598,0,41.3054897,69.1529489,primary
173426598,1,41.3054616,69.1532119,primary
173426598,2,41.3054013,69.1537761,primary
173426598,3,41.3051885,69.155876,primary
173426598,4,41.3051351,69.1563909,primary
173426598,5,41.3050675,69.1569824,primary
173426598,6,41.3050434,69.157238,primary
173426598,7,41.3050363,69.157369,primary
173426598,8,41.3050364,69.1574952,primary
173426598,9,41.305039,69.1575637,primary
173426598,10,41.3050435,69.1576322,primary
173426598,11,41.3050534,69.1576989,primary
173426598,12,41.3050659,69.1577611,primary
173426598,13,41.3050898,69.1578427,primary
173426598,14,41.3051192,69.1579198,primary
173426598,15,41.3051538,69.1580101,primary
173426598,16,41.3054053,69.1585084,primary
173426598,17,41.3058113,69.1593126,primary
173426598,18,41.3060194,69.1597355,primary
173426598,19,41.3062221,69.160103,primary
173426598,20,41.3063327,69.1602757,primary
173426598,21,41.3064392,69.160402,primary
173426598,22,41.3067373,69.1607464,primary
173426598,23,41.3071653,69.1612688,primary
173426598,24,41.3073667,69.161522,primary
173426599,0,41.3084298,69.1521911,trunk
173426599,1,41.3098344,69.1524977,trunk
173426599,2,41.3103241,69.1526096,trunk
173426599,3,41.3107988,69.1527313,trunk
173426600,0,41.3209516,69.1570409,trunk
173426600,1,41.3211368,69.1571187,trunk
173426600,2,41.3211946,69.157143,trunk
173426600,3,41.3215066,69.1572741,trunk
173426600,4,41.3221343,69.1575378,trunk
173426601,0,41.3029282,69.1514916,trunk
173426601,1,41.3049206,69.1517317,trunk
173426601,2,41.3054447,69.1517948,trunk
173426602,0,41.3152825,69.1545682,trunk
173426602,1,41.3163706,69.155054,trunk
173426602,2,41.3169708,69.1553273,trunk
173426602,3,41.3172552,69.1554497,trunk
173426602,4,41.3173833,69.155505,trunk
173426602,5,41.3194327,69.1563794,trunk
173426602,6,41.3200565,69.156656,trunk
173426602,7,41.3203937,69.1568055,trunk
173426602,8,41.3207289,69.1569469,trunk
173426602,9,41.3209516,69.1570409,trunk
173426603,0,41.2926224,69.1502006,trunk
173426603,1,41.2931478,69.1502641,trunk
173426603,2,41.2939141,69.1503567,trunk
173426603,3,41.2945094,69.1504283,trunk
173426603,4,41.2948533,69.1504702,trunk
173426603,5,41.295062,69.1504938,trunk
173426603,6,41.2951459,69.1505037,trunk
173426603,7,41.295882,69.1505909,trunk
173426603,8,41.2969531,69.1507178,trunk
173426603,9,41.2970222,69.150726,trunk
173426604,0,41.3221343,69.1575378,trunk
173426604,1,41.3246468,69.1586281,trunk
173426604,2,41.3250117,69.1587865,trunk
173426604,3,41.3261231,69.1592688,trunk
173426604,4,41.3272601,69.1597457,trunk
173426604,5,41.3273468,69.159782,trunk
173426604,6,41.3275847,69.1598831,trunk
173426604,7,41.3277298,69.1599448,trunk
173426604,8,41.3281135,69.1601123,trunk
173426606,0,41.3281135,69.1601123,trunk
173426606,1,41.3297421,69.1608232,trunk
173426606,2,41.3299503,69.1609314,trunk
173426606,3,41.3302226,69.161081,trunk
173429313,0,41.298306,69.1740241,primary
173429313,1,41.2982516,69.174066,primary
173429313,2,41.2980998,69.174187,primary
173429315,0,41.3131018,69.1831587,primary
173429315,1,41.3132128,69.1836736,primary
173429315,2,41.3132695,69.1839201,primary
173429315,3,41.3133195,69.1841183,primary
173429315,4,41.3133916,69.1843759,primary
173429315,5,41.3134594,69.184551,primary
173429315,6,41.3135201,69.1847049,primary
173429315,7,41.313576,69.1848285,primary
173429315,8,41.3137106,69.1851159,primary
173429315,9,41.3143454,69.1861889,primary
173429315,10,41.3143789,69.1862456,primary
173429315,11,41.3144611,69.1863845,primary
173429315,12,41.3146211,69.1866411,primary
173429316,0,41.3161018,69.1904957,primary
173429316,1,41.3161525,69.1905919,primary
173429316,2,41.3161951,69.1906708,primary
173429316,3,41.3162449,69.1907497,primary
173429316,4,41.3163108,69.1908507,primary
173429316,5,41.3164625,69.1910633,primary
173429316,6,41.31724,69.1921045,primary
173429316,7,41.3173251,69.1922281,primary
173429316,8,41.3174796,69.1924786,primary
173429316,9,41.3175841,69.1926848,primary
173429316,10,41.3176717,69.1928751,primary
173433034,0,41.2983844,69.174102,primary
173433034,1,41.2984582,69.174044,primary
173433034,2,41.2986044,69.1739377,primary
173433034,3,41.2988165,69.173802,primary
173433034,4,41.299062,69.1736753,primary
173433034,5,41.2998467,69.1732705,primary
173433034,6,41.3010966,69.172663,primary
173433034,7,41.3025401,69.1719273,primary
173433034,8,41.3027035,69.1718517,primary
173433034,9,41.3027443,69.1718328,primary
173433034,10,41.302778,69.1718174,primary
173433034,11,41.3028945,69.1717641,primary
173433034,12,41.3029907,69.171709,primary
173433034,13,41.3030525,69.1716682,primary
173433034,14,41.3031076,69.1716264,primary
173433034,15,41.3031607,69.1715819,primary
173433034,16,41.3032125,69.1715358,primary
173433034,17,41.3032573,69.1714889,primary
173433034,18,41.3033009,69.1714387,primary
173433034,19,41.3035217,69.1711323,primary
173433037,0,41.3112937,69.1934196,trunk
173433037,1,41.3109644,69.1934319,trunk
173433037,2,41.3099237,69.1934707,trunk
173433037,3,41.3091591,69.1934993,trunk
173433037,4,41.3088259,69.1935117,trunk
173433037,5,41.3083411,69.1935298,trunk
173433037,6,41.3082534,69.193533,trunk
173433037,7,41.3079111,69.1935447,trunk
173433037,8,41.3067093,69.1935906,trunk
173433037,9,41.305834,69.1936233,trunk
173433037,10,41.3057746,69.1936255,trunk
173433037,11,41.3050394,69.1936519,trunk
173433037,12,41.3047609,69.1936619,trunk
173433040,0,41.3103625,69.1740412,primary
173433040,1,41.3104036,69.1742239,primary
173433040,2,41.3104508,69.1744073,primary
173433040,3,41.3104987,69.1745913,primary
173433040,4,41.3105499,69.1747753,primary
173433040,5,41.3106168,69.1749847,primary
173433040,6,41.3106862,69.175194,primary
173433040,7,41.3107533,69.1753913,primary
173433040,8,41.3108292,69.1755832,primary
173433040,9,41.3108854,69.1757089,primary
173433040,10,41.3109446,69.1758229,primary
173433040,11,41.3109967,69.175922,primary
173433040,12,41.3110863,69.1760874,primary
173433040,13,41.311148,69.1762012,primary
173433040,14,41.3111949,69.1762818,primary
173433040,15,41.3114196,69.1766679,primary
173433040,16,41.3115552,69.1769165,primary
173433040,17,41.3116304,69.1770545,primary
173433040,18,41.3116632,69.1771251,primary
173433040,19,41.3116935,69.1771939,primary
173433040,20,41.3117225,69.1772683,primary
173433040,21,41.3117481,69.1773428,primary
173433040,22,41.3117927,69.1774916,primary
173433040,23,41.3119726,69.1781041,primary
173433040,24,41.3121349,69.1787099,primary
173433040,25,41.3122872,69.179319,primary
173433040,26,41.3124349,69.1798873,primary
173433040,27,41.3126203,69.1807578,primary
173433040,28,41.312642,69.1808468,primary
173433041,0,41.3073667,69.161522,primary
173433041,1,41.3074163,69.1616017,primary
173433041,2,41.3074492,69.1616665,primary
173433041,3,41.307492,69.1617414,primary
173433041,4,41.3076124,69.1620043,primary
173433041,5,41.3080924,69.1630527,primary
173433041,6,41.3081586,69.1631973,primary
173433041,7,41.3082041,69.1633164,primary
173433041,8,41.3082448,69.1634339,primary
173433041,9,41.3082951,69.16361,primary
173433041,10,41.3083617,69.163873,primary
173433041,11,41.3083928,69.1640138,primary
173433041,12,41.3084969,69.1645023,primary
173433041,13,41.3085832,69.1649761,primary
173433041,14,41.3086866,69.1657091,primary
173433041,15,41.3087814,69.1662871,primary
173433041,16,41.3088151,69.1664495,primary
173433041,17,41.3088723,69.1666436,primary
173433041,18,41.3091474,69.1674736,primary
173433041,19,41.3091871,69.1675948,primary
173433041,20,41.3092103,69.1676718,primary
173433041,21,41.3093748,69.168203,primary
173433041,22,41.3094608,69.1684834,primary
173433041,23,41.309511,69.1686471,primary
173433041,24,41.3095728,69.1688666,primary
173433041,25,41.3096252,69.1690876,primary
173433041,26,41.3098623,69.170641,primary
173433041,27,41.3100883,69.1723059,primary
173433699,0,41.3223698,69.193028,trunk
173433699,1,41.3223668,69.1931344,trunk
173433699,2,41.3223645,69.1932169,trunk
173433706,0,41.3186345,69.19314,trunk
173433706,1,41.3181094,69.1931511,trunk
173433708,0,41.3223698,69.193028,trunk
173433708,1,41.322224,69.1930315,trunk
173433708,2,41.3220314,69.1930376,trunk
173433708,3,41.321562,69.1930516,trunk
173433708,4,41.3199821,69.193102,trunk
173433708,5,41.3191641,69.1931277,trunk
173433708,6,41.3186345,69.19314,trunk
173433711,0,41.3162271,69.1905789,primary
173433711,1,41.3161799,69.1905035,primary
173433711,2,41.3161464,69.1904258,primary
173433711,3,41.3158838,69.1896313,primary
173433711,4,41.3157483,69.1892061,primary
173433711,5,41.3153632,69.1880577,primary
173433711,6,41.3151664,69.18747,primary
173433711,7,41.3151061,69.187326,primary
173433711,8,41.3150571,69.1872187,primary
173433715,0,41.3113365,69.1763516,primary
173433715,1,41.3112159,69.1761354,primary
173433715,2,41.3111529,69.1760271,primary
173433715,3,41.3110489,69.1758407,primary
173433715,4,41.3109909,69.1757345,primary
173433715,5,41.310893,69.1755326,primary
173433715,6,41.3108133,69.1753314,primary
173433715,7,41.3107379,69.1751111,primary
173433715,8,41.310678,69.1749297,primary
173433715,9,41.3106237,69.17475,primary
173433715,10,41.3105718,69.1745657,primary
173433715,11,41.3105242,69.1743805,primary
173433715,12,41.3104797,69.1741972,primary
173433715,13,41.3104416,69.1740138,primary
173433715,14,41.3103982,69.1737617,primary
173433715,15,41.3101434,69.1722826,primary
173435073,0,41.3425082,69.2106399,trunk
173435073,1,41.3423779,69.2104944,trunk
173435073,2,41.3420677,69.2101947,trunk
173435073,3,41.3416323,69.2097364,trunk
173435073,4,41.3412405,69.209324,trunk
173435073,5,41.3405743,69.2086228,trunk
173435073,6,41.3404571,69.2084929,trunk
173435073,7,41.3403779,69.2084161,trunk
173435073,8,41.3398282,69.2078375,trunk
173435073,9,41.3396999,69.2077025,trunk
173435073,10,41.3393552,69.207342,trunk
173435073,11,41.3392533,69.2072154,trunk
173435073,12,41.3391866,69.2071266,trunk
173435074,0,41.3223645,69.1932169,trunk
173435074,1,41.3224649,69.1932156,trunk
173435075,0,41.3188028,69.1933493,trunk
173435075,1,41.320066,69.1932893,trunk
173435075,2,41.3222036,69.1932211,trunk
173435075,3,41.3222225,69.1932199,trunk
173435075,4,41.3223645,69.1932169,trunk
173435076,0,41.3425082,69.2106399,primary
173435076,1,41.3424186,69.2108073,primary
173435081,0,41.321561,69.200531,primary
173435081,1,41.3215184,69.2004375,primary
173435081,2,41.3214359,69.200271,primary
173435081,3,41.3212508,69.1999024,primary
173435081,4,41.3211677,69.1997388,primary
173435081,5,41.3207928,69.1990009,primary
173435081,6,41.3205548,69.1985326,primary
173435081,7,41.3204886,69.1984194,primary
173435081,8,41.3204168,69.1983117,primary
173435081,9,41.3202719,69.1981124,primary
173435081,10,41.3201551,69.1979561,primary
173435423,0,41.3260903,69.1935734,trunk
173435423,1,41.3258823,69.1934175,trunk
173435423,2,41.3257919,69.1933483,trunk
173435423,3,41.3256766,69.1932677,trunk
173435423,4,41.3255633,69.1931867,trunk
173435423,5,41.3254749,69.1931364,trunk
173435423,6,41.3254375,69.1931175,trunk
173435423,7,41.3254142,69.1931058,trunk
173435423,8,41.325354,69.1930738,trunk
173435423,9,41.3252945,69.1930472,trunk
173435423,10,41.3252292,69.1930191,trunk
173435423,11,41.325144,69.1929922,trunk
173435423,12,41.325066,69.1929752,trunk
173435423,13,41.3249724,69.1929604,trunk
173435423,14,41.3248859,69.1929492,trunk
174081838,0,41.3424186,69.2108073,primary
174081838,1,41.3423473,69.2109715,primary
174081838,2,41.3419207,69.2119984,primary
174081838,3,41.3418411,69.2121927,primary
174081838,4,41.3415678,69.2128099,primary
174081838,5,41.34151,69.2129483,primary
174081838,6,41.3414549,69.2130956,primary
174081838,7,41.3414005,69.2132562,primary
174081838,8,41.341349,69.2134178,primary
174081838,9,41.3412461,69.2137599,primary
174081838,10,41.3409943,69.2146258,primary
174081838,11,41.3408318,69.2151846,primary
174081838,12,41.3407162,69.2155863,primary
174081838,13,41.3404079,69.2166152,primary
174081838,14,41.3400829,69.2177097,primary
174081838,15,41.3400254,69.2179032,primary
174081838,16,41.3397064,69.2189761,primary
174081838,17,41.339548,69.2195127,primary
174081838,18,41.3394241,69.219937,primary
174081838,19,41.3394059,69.2199987,primary
174081838,20,41.3393785,69.220096,primary
174081838,21,41.3392833,69.2204472,primary
174081838,22,41.3392224,69.2206428,primary
174081838,23,41.3391469,69.2208782,primary
174081838,24,41.339104,69.2210217,primary
174081838,25,41.3390373,69.2212444,primary
174081838,26,41.3389813,69.2214724,primary
174081838,27,41.3389169,69.221756,primary
174081838,28,41.3388084,69.2222498,primary
174081838,29,41.3387978,69.2222956,primary
174081838,30,41.3387903,69.2223279,primary
174081838,31,41.3386602,69.2228503,primary
174081838,32,41.3386299,69.2229531,primary
174081838,33,41.3385973,69.2230544,primary
174081839,0,41.3385973,69.2230544,primary
174081839,1,41.3385784,69.2231084,primary
174081839,2,41.3385575,69.223162,primary
174081839,3,41.338535,69.2232145,primary
174081839,4,41.3385116,69.2232659,primary
174081839,5,41.3384872,69.2233139,primary
174081839,6,41.3384612,69.2233607,primary
174081839,7,41.3384328,69.2234071,primary
174081839,8,41.3384026,69.2234527,primary
174081839,9,41.3382867,69.2236179,primary
174081839,10,41.3381687,69.2237775,primary
174081839,11,41.3381014,69.2238621,primary
174081839,12,41.3379764,69.2240177,primary
174081844,0,41.3390762,69.2073131,primary
174081844,1,41.3391866,69.2071266,primary
174098970,0,41.3224077,69.23644,primary
174098970,1,41.3224795,69.236434,primary
174098970,2,41.3225153,69.2364191,primary
174098970,3,41.3225585,69.236396,primary
174098970,4,41.3226331,69.2363405,primary
174098971,0,41.3202369,69.2338614,primary
174098971,1,41.3201837,69.2337993,primary
174098971,2,41.3199442,69.2335249,primary
174098971,3,41.3196674,69.2332078,primary
174098971,4,41.3195476,69.2330705,primary
174098971,5,41.3187781,69.2321889,primary
174098971,6,41.3178866,69.2311676,primary
174266996,0,41.3326772,69.2183313,primary
174266996,1,41.3327878,69.2184425,primary
174268471,0,41.3498188,69.2234482,trunk
174268471,1,41.3497436,69.2243171,trunk
174268471,2,41.3497214,69.2245765,trunk
174268471,3,41.3496711,69.225166,trunk
174268471,4,41.3495544,69.2267122,trunk
174268471,5,41.3495446,69.2268559,trunk
174268471,6,41.3495336,69.2269791,trunk
174268471,7,41.3495172,69.2271168,trunk
174268472,0,41.3292746,69.2358898,primary
174268472,1,41.3293885,69.2359334,primary
174268473,0,41.3494473,69.2279654,primary
174268473,1,41.3495579,69.2279538,primary
174268473,2,41.3497469,69.2279409,primary
174268473,3,41.3500615,69.227945,primary
174268473,4,41.3502965,69.2279718,primary
174268473,5,41.3504918,69.2279772,primary
174268473,6,41.3513007,69.2279837,primary
174268473,7,41.3517381,69.2279956,primary
174268473,8,41.3518176,69.2279978,primary
174268473,9,41.3522553,69.2280126,primary
174268473,10,41.3523638,69.2280158,primary
174268473,11,41.353037,69.2280132,primary
174268473,12,41.3537918,69.22781,primary
174268473,13,41.3541081,69.2277347,primary
174268473,14,41.3546695,69.2275681,primary
174282604,0,41.3353566,69.213865,primary
174282604,1,41.3354205,69.2137503,primary
174282604,2,41.3354684,69.2136683,primary
174282604,3,41.33646,69.2119247,primary
174282604,4,41.3370416,69.2108999,primary
174282604,5,41.3370871,69.2108152,primary
174282604,6,41.3371295,69.2107401,primary
174282604,7,41.3371465,69.2107099,primary
174282604,8,41.3371816,69.2106478,primary
174282604,9,41.337263,69.2105052,primary
174282604,10,41.3374457,69.2101854,primary
174282604,11,41.3376065,69.2099009,primary
174282604,12,41.3380638,69.2090957,primary
174282604,13,41.3386763,69.2080226,primary
174282604,14,41.3389041,69.2076136,primary
174282604,15,41.3389913,69.2074554,primary
174282604,16,41.3390244,69.2073998,primary
174282604,17,41.3390762,69.2073131,primary
174284697,0,41.3305302,69.2328165,primary
174284697,1,41.3306195,69.2326829,primary
174284697,2,41.3308257,69.2324199,primary
174284697,3,41.3310614,69.2321195,primary
174284697,4,41.3311118,69.2320536,primary
174284697,5,41.3318062,69.2312266,primary
174284697,6,41.3323218,69.2306208,primary
174284697,7,41.3329979,69.2298073,primary
174284697,8,41.3330561,69.2297433,primary
174284697,9,41.3331245,69.2296662,primary
174284697,10,41.3334115,69.2293391,primary
174284697,11,41.334066,69.2286085,primary
174284697,12,41.3344014,69.2282287,primary
174284697,13,41.3347681,69.2278135,primary
174284697,14,41.334815,69.2277587,primary
174284697,15,41.3357444,69.2267196,primary
174284697,16,41.3359528,69.2264857,primary
174284697,17,41.3361125,69.2263061,primary
174284697,18,41.3363822,69.2260036,primary
174284697,19,41.3365418,69.2258245,primary
174284697,20,41.3368985,69.2254219,primary
174284697,21,41.3371022,69.2251957,primary
174593073,0,41.3307787,69.2430148,primary
174593073,1,41.3307543,69.2432068,primary
174593073,2,41.330721,69.243396,primary
174593073,3,41.3306874,69.2435821,primary
174593073,4,41.3306474,69.2437656,primary
174593073,5,41.3306008,69.2439528,primary
174593073,6,41.3305471,69.2441427,primary
174593073,7,41.3304822,69.2443248,primary
174593073,8,41.330405,69.2445034,primary
174593073,9,41.3303194,69.2446696,primary
174593073,10,41.330221,69.2448305,primary
174593073,11,41.3301225,69.2449755,primary
174593073,12,41.3300202,69.245118,primary
174593073,13,41.3296178,69.2457086,primary
174593073,14,41.3291896,69.246337,primary
174593073,15,41.3289643,69.246737,primary
174593073,16,41.3287831,69.2470588,primary
174593073,17,41.3285412,69.2474934,primary
174593073,18,41.3283886,69.2477809,primary
174633181,0,41.3172432,69.1934233,trunk
174633181,1,41.3177109,69.1934032,trunk
174633188,0,41.3202313,69.2253755,primary
174633188,1,41.3201555,69.2255091,primary
174633188,2,41.3200605,69.2256725,primary
174633188,3,41.3198576,69.2260217,primary
174633188,4,41.3193566,69.2268813,primary
174633188,5,41.3190832,69.2273591,primary
174633188,6,41.3187293,69.2279633,primary
174633188,7,41.318663,69.2280773,primary
174633188,8,41.3185921,69.2282037,primary
174633188,9,41.3181769,69.2289438,primary
174633188,10,41.3180896,69.2290974,primary
174653377,0,41.2690532,69.2603166,trunk
174653377,1,41.2690434,69.2601755,trunk
174653377,2,41.2690375,69.2600525,trunk
174653377,3,41.2690339,69.259928,trunk
174653377,4,41.2690341,69.2598052,trunk
174653377,5,41.2690362,69.259686,trunk
174653377,6,41.2690401,69.2595652,trunk
174653377,7,41.2690469,69.2593763,trunk
174653377,8,41.2690573,69.2591891,trunk
174653377,9,41.2690743,69.2590074,trunk
174653377,10,41.2690979,69.258821,trunk
174680647,0,41.2954573,69.2687666,primary
174680647,1,41.2954188,69.2688295,primary
174680647,2,41.2953784,69.2688941,primary
174680647,3,41.2953297,69.2689462,primary
174680647,4,41.2949071,69.2692513,primary
174680647,5,41.2946443,69.2694411,primary
174680647,6,41.294421,69.2696183,primary
174680647,7,41.2942185,69.2697789,primary
174680647,8,41.2941257,69.2698591,primary
174680647,9,41.2940388,69.2699374,primary
174680647,10,41.2939148,69.270056,primary
174680647,11,41.2937922,69.2701791,primary
174680647,12,41.2934701,69.2705248,primary
174680647,13,41.2933354,69.2706644,primary
174680647,14,41.2926285,69.2713966,primary
174726483,0,41.3429466,69.3651142,trunk
174726483,1,41.3432827,69.3645488,trunk
174726483,2,41.3442048,69.3630581,trunk
174726484,0,41.345693,69.3606683,trunk
174726484,1,41.346007,69.3601662,trunk
174726484,2,41.3460601,69.3600812,trunk
174726484,3,41.3462522,69.3597739,trunk
174726484,4,41.3463432,69.3596285,trunk
174726484,5,41.3466578,69.3591138,trunk
174726484,6,41.3469727,69.3585985,trunk
174726484,7,41.3474895,69.3577528,trunk
174726484,8,41.3475511,69.3576519,trunk
174726484,9,41.34786,69.3571466,trunk
174726484,10,41.3480966,69.3567459,trunk
174726484,11,41.3492613,69.3547737,trunk
174726484,12,41.3493457,69.3546308,trunk
174726484,13,41.3495988,69.3541857,trunk
174726484,14,41.3499328,69.3536464,trunk
174726484,15,41.3502754,69.3531167,trunk
174726484,16,41.3506238,69.3525971,trunk
174726484,17,41.3506941,69.3524904,trunk
174726484,18,41.3507812,69.3523556,trunk
174747125,0,41.3386658,69.2572062,primary
174747125,1,41.3385294,69.257154,primary
174747125,2,41.3384076,69.2571012,primary
174747125,3,41.3383004,69.2570441,primary
174747126,0,41.3384316,69.2572873,primary
174747126,1,41.3385953,69.2573516,primary
174747126,2,41.3387599,69.2574124,primary
174747126,3,41.3389208,69.2574672,primary
174747126,4,41.3389885,69.2574884,primary
174747126,5,41.3390817,69.2575176,primary
174881651,0,41.3382738,69.208471,primary
174881651,1,41.3378224,69.2092658,primary
174881651,2,41.337211,69.2103421,primary
174881651,3,41.3371039,69.2105306,primary
174881651,4,41.3370569,69.2106133,primary
174881651,5,41.3369711,69.2107644,primary
174881651,6,41.3361071,69.2122853,primary
174881651,7,41.3360268,69.2124265,primary
174881651,8,41.3358229,69.2127855,primary
174881651,9,41.3357503,69.2129133,primary
174881651,10,41.3353747,69.2135747,primary
174881651,11,41.3353271,69.2136565,primary
174881651,12,41.3352545,69.2137861,primary
174881651,13,41.3352047,69.2138736,primary
174881651,14,41.3349316,69.2143545,primary
174881651,15,41.3344197,69.2152589,primary
174881651,16,41.3343762,69.2153322,primary
174881651,17,41.3339881,69.2160154,primary
174881651,18,41.3337124,69.2165027,primary
174881651,19,41.3329012,69.2179364,primary
174881651,20,41.3328564,69.2180156,primary
174881651,21,41.3327571,69.2181911,primary
174881652,0,41.3216302,69.2006887,primary
174881652,1,41.3215938,69.200603,primary
174881652,2,41.321561,69.200531,primary
174881653,0,41.3187388,69.2282857,primary
174881653,1,41.3187662,69.2282386,primary
174881653,2,41.3187828,69.2282099,primary
174881653,3,41.3192348,69.2274266,primary
174881653,4,41.3200782,69.2259794,primary
174881653,5,41.3202357,69.2257092,primary
174881653,6,41.3202783,69.2256362,primary
174886586,0,41.3327571,69.2181911,primary
174886586,1,41.3326318,69.2180643,primary
174886586,2,41.3324362,69.2178663,primary
174886586,3,41.3320853,69.217511,primary
174886586,4,41.3315958,69.2170156,primary
174886586,5,41.3309829,69.2163924,primary
174890863,0,41.3250599,69.2317368,primary
174890863,1,41.3251682,69.2318484,primary
174890866,0,41.324094,69.2334448,primary
174890866,1,41.3226887,69.2359298,primary
174890866,2,41.322516,69.2362368,primary
174890866,3,41.3224603,69.2363391,primary
174890866,4,41.3224077,69.23644,primary
174890868,0,41.3204849,69.2252822,primary
174890868,1,41.3205847,69.2251135,primary
174890868,2,41.3209026,69.2245751,primary
174890868,3,41.3210052,69.2244012,primary
174890868,4,41.3211101,69.2242141,primary
174890868,5,41.3213069,69.2238597,primary
174890868,6,41.3213859,69.2237147,primary
174890868,7,41.3215087,69.2234724,primary
174890868,8,41.3216145,69.2232228,primary
174890868,9,41.3216504,69.223133,primary
174890868,10,41.3217162,69.2229688,primary
174890868,11,41.3218111,69.2227148,primary
174890868,12,41.3218976,69.2224533,primary
174890868,13,41.3219735,69.2221785,primary
174890868,14,41.3220401,69.2219036,primary
174890868,15,41.3220686,69.2217658,primary
174890868,16,41.3220942,69.221628,primary
174890868,17,41.3221158,69.2214882,primary
174890868,18,41.322145,69.2212886,primary
174890868,19,41.3221517,69.2211998,primary
174890868,20,41.3221613,69.2210905,primary
174890868,21,41.3221731,69.2209568,primary
174890868,22,41.32219,69.2207658,primary
174890868,23,41.3221945,69.2205158,primary
174890868,24,41.3221955,69.2200584,primary
174890868,25,41.3221888,69.2190332,primary
174890868,26,41.3221912,69.2184697,primary
174890868,27,41.3221972,69.2170465,primary
174890868,28,41.322205,69.2163201,primary
174914612,0,41.3120379,69.2396368,primary
174914612,1,41.3120446,69.2395695,primary
174914612,2,41.3120583,69.2394882,primary
174914612,3,41.3120788,69.2394175,primary
174914612,4,41.3121101,69.2393356,primary
174914612,5,41.3121526,69.2392544,primary
174914612,6,41.3122015,69.2391826,primary
174914612,7,41.3124235,69.2389122,primary
174914612,8,41.3126813,69.2385976,primary
174914613,0,41.3172989,69.2307653,primary
174914613,1,41.3174,69.23061,primary
175027698,0,41.3142441,69.210037,primary
175027698,1,41.3143785,69.2100746,primary
175027698,2,41.3145128,69.2101099,primary
175027698,3,41.3146083,69.2101294,primary
175027698,4,41.3147037,69.2101479,primary
175049231,0,41.3175823,69.229937,primary
175049231,1,41.3174734,69.2301243,primary
175049231,2,41.3173448,69.2303473,primary
175049231,3,41.3173355,69.2303662,primary
175049231,4,41.3172761,69.2304638,primary
175473693,0,41.3211122,69.2545929,primary
175473693,1,41.321102,69.2547071,primary
175600986,0,41.288937,69.2577178,primary
175600986,1,41.2890341,69.2578334,primary
175600990,0,41.2929864,69.263726,primary
175600990,1,41.2935139,69.2648114,primary
175600990,2,41.2937089,69.2652126,primary
175600990,3,41.294058,69.2659438,primary
175600990,4,41.2943721,69.2665684,primary
175600990,5,41.2944316,69.2666717,primary
175600990,6,41.2944955,69.2667742,primary
175600990,7,41.2945884,69.266926,primary
175614920,0,41.2432234,69.2174025,primary
175614920,1,41.2427435,69.2172413,primary
175614920,2,41.2425087,69.2171486,primary
175614920,3,41.2422687,69.2170278,primary
175623776,0,41.344131,69.3629744,trunk
175623776,1,41.3432023,69.3644502,trunk
175623776,2,41.3430379,69.364728,trunk
175758023,0,41.2623042,69.223718,trunk
175758023,1,41.2614329,69.2250354,trunk
175758024,0,41.2590766,69.2207952,primary
175758024,1,41.2590758,69.2199666,primary
175758024,2,41.2590691,69.2197113,primary
175758024,3,41.2590539,69.2194561,primary
175758024,4,41.2590251,69.2191674,primary
175758025,0,41.2596973,69.224111,primary
175758025,1,41.2595845,69.2236289,primary
175758025,2,41.2595422,69.2234408,primary
175758025,3,41.2594947,69.2232434,primary
175758025,4,41.2593235,69.2224949,primary
175758025,5,41.2592941,69.2223689,primary
175758025,6,41.2591246,69.2216257,primary
175758025,7,41.259102,69.2214633,primary
175758025,8,41.2590858,69.2213009,primary
175758025,9,41.2590744,69.2211371,primary
175758025,10,41.2590766,69.2207952,primary
176129987,0,41.3252647,69.255157,primary
176129987,1,41.3253143,69.2550291,primary
176129988,0,41.3253143,69.2550291,primary
176129988,1,41.3254476,69.2546859,primary
176129988,2,41.3254899,69.2545853,primary
176129988,3,41.32555,69.254449,primary
176129988,4,41.3256059,69.2543336,primary
176129988,5,41.3256626,69.2542193,primary
176129988,6,41.3257241,69.2541008,primary
176129988,7,41.3258067,69.2539433,primary
176129988,8,41.3259832,69.2536011,primary
176129988,9,41.3261484,69.2532769,primary
176129988,10,41.3266185,69.252388,primary
176129989,0,41.3244594,69.2648027,primary
176129989,1,41.3244281,69.2647773,primary
176129989,2,41.3244002,69.2647473,primary
176129989,3,41.3243771,69.2647167,primary
176129989,4,41.3243591,69.2646816,primary
176129989,5,41.3243467,69.2646444,primary
176129989,6,41.3243428,69.2646071,primary
176129989,7,41.3243415,69.2645682,primary
176129989,8,41.324342,69.2645293,primary
176129989,9,41.3243755,69.2640624,primary
176129989,10,41.3243963,69.2637655,primary
176129989,11,41.3244707,69.26285,primary
176129989,12,41.3245809,69.2613178,primary
176129989,13,41.3246291,69.2606212,primary
176132086,0,41.3276875,69.2831722,primary
176132086,1,41.3275064,69.2831339,primary
176132086,2,41.3271295,69.2830543,primary
176132086,3,41.3262832,69.2828755,primary
176132086,4,41.3256494,69.2827419,primary
176132086,5,41.3255853,69.282727,primary
176132087,0,41.3210515,69.281772,primary
176132087,1,41.3200255,69.2815653,primary
176132087,2,41.3195041,69.2814475,primary
176132087,3,41.3187787,69.2812931,primary
176132087,4,41.318629,69.2812613,primary
176132088,0,41.3230523,69.2729383,primary
176132088,1,41.323047,69.2728022,primary
176132089,0,41.3226215,69.2763463,primary
176132089,1,41.3226424,69.2761806,primary
176132089,2,41.3227064,69.275672,primary
176132089,3,41.3227117,69.2756297,primary
176132089,4,41.3227701,69.275166,primary
176132091,0,41.3285713,69.2744731,primary
176132091,1,41.3286866,69.274527,primary
176132092,0,41.3230523,69.2729383,primary
176132092,1,41.3232762,69.2730021,primary
176132092,2,41.3234448,69.2730473,primary
176132092,3,41.3263928,69.2738508,primary
176150750,0,41.3330523,69.2881232,trunk
176150750,1,41.3331026,69.2873398,trunk
176150754,0,41.3352073,69.2848767,primary
176150754,1,41.3359353,69.2850126,primary
176150754,2,41.3363261,69.2850856,primary
176150754,3,41.3374058,69.2852871,primary
176150754,4,41.337571,69.2853198,primary
176150754,5,41.3378171,69.2853685,primary
176150754,6,41.3379988,69.2854044,primary
176150754,7,41.3380246,69.2854095,primary
176150754,8,41.3384631,69.2854963,primary
176150754,9,41.3391143,69.2856252,primary
176150754,10,41.3394445,69.2856905,primary
176295202,0,41.2682387,69.2343791,primary
176295202,1,41.2681737,69.2343084,primary
176300979,0,41.2630664,69.2228075,trunk
176300979,1,41.2631288,69.2227098,trunk
176300979,2,41.2631723,69.2226418,trunk
176300979,3,41.2632806,69.222472,trunk
176300979,4,41.2633666,69.2223374,trunk
176300979,5,41.2640468,69.221272,trunk
176300979,6,41.2641127,69.2211688,trunk
176300979,7,41.2641809,69.2210551,trunk
176300979,8,41.2643632,69.2207514,trunk
176300979,9,41.264606,69.2203402,trunk
176300979,10,41.2652312,69.2192413,trunk
176300981,0,41.2681737,69.2343084,primary
176300981,1,41.2680266,69.2341481,primary
176300981,2,41.2672606,69.2333303,primary
176300981,3,41.2671467,69.2332086,primary
176300981,4,41.2660409,69.2319738,primary
176300981,5,41.2659726,69.2318977,primary
176300981,6,41.2658614,69.2317734,primary
176300982,0,41.2613366,69.2267109,primary
176300982,1,41.2610204,69.226339,primary
176432740,0,41.2827333,69.2379326,primary
176432740,1,41.2826264,69.2381074,primary
176432740,2,41.2819259,69.239201,primary
176432740,3,41.2816982,69.2395588,primary
176432740,4,41.2814162,69.2400018,primary
176432740,5,41.2812278,69.2402972,primary
176432740,6,41.2811011,69.2404959,primary
176432740,7,41.2810109,69.240649,primary
176432741,0,41.2688164,69.2350157,primary
176432741,1,41.2685517,69.2347202,primary
176432741,2,41.2684315,69.2345892,primary
176432741,3,41.2683478,69.234498,primary
176432741,4,41.2682387,69.2343791,primary
176536904,0,41.3343622,69.3347365,primary
176536904,1,41.3343088,69.3348255,primary
176536904,2,41.3342647,69.3348988,primary
177632635,0,41.2748419,69.3096553,primary
177632635,1,41.2739588,69.310144,primary
177632635,2,41.2738374,69.3102112,primary
177632635,3,41.2736903,69.3102926,primary
177632635,4,41.2732417,69.3105409,primary
177638321,0,41.2802666,69.3066176,primary
177638321,1,41.2789566,69.3073429,primary
177638321,2,41.278472,69.3076475,primary
177638321,3,41.2783091,69.3077405,primary
177638322,0,41.286484,69.3033499,primary
177638322,1,41.2859195,69.3037187,primary
177638322,2,41.2852448,69.3041595,primary
177638322,3,41.2843657,69.3046717,primary
179412815,0,41.3092416,69.3429804,trunk
179412815,1,41.3091482,69.3428691,trunk
179412815,2,41.3086133,69.3422616,trunk
179412815,3,41.3080509,69.3416164,trunk
179412815,4,41.3073994,69.3408673,trunk
179412815,5,41.3071468,69.3405708,trunk
179412816,0,41.3093415,69.3430957,trunk
179412816,1,41.3092416,69.3429804,trunk
179578272,0,41.315139,69.3252221,primary
179578272,1,41.3153125,69.3235177,primary
179578272,2,41.3154175,69.3224868,primary
179578272,3,41.3154319,69.3223456,primary
179578272,4,41.3154839,69.321834,primary
179578272,5,41.3155507,69.3211781,primary
179578272,6,41.3155829,69.3209572,primary
179578272,7,41.3156199,69.3207343,primary
179578272,8,41.3156648,69.3205097,primary
179578272,9,41.3157182,69.3202851,primary
179578272,10,41.3157357,69.3202084,primary
179578272,11,41.3158504,69.3198258,primary
179578272,12,41.3161097,69.3190693,primary
179578272,13,41.3164337,69.3181825,primary
179578272,14,41.316794,69.3171966,primary
179578272,15,41.31685,69.3170433,primary
179578272,16,41.3169831,69.316679,primary
179578274,0,41.3169831,69.316679,primary
179578274,1,41.3170106,69.3167037,primary
179578274,2,41.3171085,69.3167956,primary
179578274,3,41.3173079,69.3170066,primary
179578274,4,41.3174177,69.3171228,primary
179578274,5,41.3176739,69.3173926,primary
179578274,6,41.3180185,69.3177555,primary
179578274,7,41.3190833,69.3188778,primary
179578275,0,41.3204774,69.3203471,primary
179578275,1,41.3205603,69.3204344,primary
179578275,2,41.3209016,69.3207941,primary
179578275,3,41.3210576,69.3209586,primary
179578275,4,41.3220542,69.322009,primary
179738743,0,41.3170509,69.3164935,primary
179738743,1,41.3169937,69.3164386,primary
179738743,2,41.3169301,69.3163838,primary
179738744,0,41.3205682,69.3201933,primary
179738744,1,41.3204643,69.320084,primary
179738744,2,41.3199544,69.3195473,primary
179738744,3,41.3195208,69.319091,primary
179738744,4,41.3191748,69.3187268,primary
179738744,5,41.3191001,69.3186481,primary
179738744,6,41.3190399,69.3185848,primary
179738744,7,41.3182173,69.3177192,primary
179738744,8,41.3180596,69.3175532,primary
179738744,9,41.3178243,69.3173056,primary
179738745,0,41.319191,69.3105677,primary
179738745,1,41.319317,69.3101854,primary
179738745,2,41.3193835,69.3099946,primary
179738745,3,41.3194518,69.309806,primary
179738745,4,41.3197365,69.3090722,primary
179738746,0,41.3178642,69.3144739,primary
179738746,1,41.3180111,69.3141221,primary
179738746,2,41.3181814,69.3137259,primary
179738746,3,41.31827,69.3134859,primary
179738746,4,41.3182986,69.3134084,primary
179738747,0,41.3254622,69.3245061,primary
179738747,1,41.3255554,69.325158,primary
179738747,2,41.3256037,69.3254956,primary
179738748,0,41.3224593,69.31391,primary
179738748,1,41.3230884,69.3157176,primary
179738748,2,41.3232811,69.3162877,primary
179738748,3,41.3234412,69.3167616,primary
179745901,0,41.3148362,69.3281791,primary
179745901,1,41.3149233,69.3273416,primary
179745901,2,41.3150512,69.3260855,primary
179745901,3,41.3151182,69.3254274,primary
179745901,4,41.3151308,69.325303,primary
179745901,5,41.315139,69.3252221,primary
179745927,0,41.3251215,69.3252431,primary
179745927,1,41.3255182,69.3256617,primary
179745927,2,41.3256469,69.3257975,primary
179746717,0,41.3259138,69.3269152,primary
179746717,1,41.3258355,69.3263732,primary
179746717,2,41.3257707,69.3259281,primary
179938830,0,41.3402828,69.3359294,primary
179938830,1,41.3401836,69.3360999,primary
179938830,2,41.3386265,69.3387338,primary
179938830,3,41.3385906,69.3387947,primary
179938830,4,41.3384433,69.339044,primary
179938831,0,41.3402828,69.3359294,primary
179938831,1,41.3403477,69.3360518,primary
179938846,0,41.3384433,69.339044,primary
179938846,1,41.3383353,69.3389301,primary
179938846,2,41.3378485,69.3384163,primary
179938846,3,41.3362618,69.3367415,primary
179938846,4,41.3348259,69.3352259,primary
179955543,0,41.3466159,69.3252742,primary
179955543,1,41.3457384,69.3267614,primary
179955543,2,41.3455357,69.3271325,primary
179955543,3,41.3454426,69.3273246,primary
180529496,0,41.3384231,69.3392921,primary
180529496,1,41.3384668,69.3392167,primary
180529496,2,41.338487,69.3391818,primary
180529496,3,41.33852,69.3391249,primary
180529502,0,41.3339227,69.3467474,primary
180529502,1,41.3341533,69.3463654,primary
180529509,0,41.3384231,69.3392921,primary
180529509,1,41.3386048,69.339484,primary
180529509,2,41.339307,69.3402258,primary
180529509,3,41.339588,69.3405228,primary
180529509,4,41.3396446,69.3405788,primary
180529509,5,41.3399859,69.3409409,primary
180529509,6,41.3404692,69.3414537,primary
180529509,7,41.34109,69.3421096,primary
180529509,8,41.3411819,69.3422067,primary
180529509,9,41.3418797,69.342944,primary
180529509,10,41.3425666,69.3436697,primary
180529509,11,41.3436773,69.3448432,primary
180529509,12,41.3437407,69.3449102,primary
180529509,13,41.3437957,69.3449683,primary
180529509,14,41.3439224,69.3451023,primary
180534101,0,41.3383465,69.3392111,primary
180534101,1,41.3382528,69.339373,primary
180534101,2,41.3381446,69.3395602,primary
180534103,0,41.3262597,69.326444,primary
180534103,1,41.327407,69.3276546,primary
180534104,0,41.3383465,69.3392111,primary
180534104,1,41.3384231,69.3392921,primary
180657653,0,41.332387,69.294789,trunk
180657653,1,41.332389,69.2947096,trunk
180657653,2,41.3324349,69.2941422,trunk
180657653,3,41.3324733,69.29376,trunk
180657653,4,41.3325228,69.2931753,trunk
180657653,5,41.3325989,69.2924606,trunk
180657653,6,41.3326081,69.2923747,trunk
180657653,7,41.3326275,69.2922004,trunk
180663056,0,41.2895001,69.274637,primary
180663056,1,41.2894726,69.2748324,primary
180773433,0,41.2930799,69.2506448,primary
180773433,1,41.2929661,69.2506447,primary
180773433,2,41.2926252,69.2506443,primary
180773433,3,41.2924827,69.2506441,primary
180773433,4,41.2923633,69.250644,primary
180773433,5,41.2922216,69.250646,primary
180773433,6,41.2920135,69.2506584,primary
180773433,7,41.2919298,69.2506718,primary
180773433,8,41.2918175,69.2506975,primary
180773433,9,41.2916419,69.2507631,primary
180773433,10,41.2915902,69.2507824,primary
180773433,11,41.2910959,69.2509782,primary
180773433,12,41.2901469,69.2513854,primary
180776984,0,41.2959346,69.2018127,primary
180776984,1,41.295606,69.2011229,primary
180776984,2,41.2951994,69.2002694,primary
180776984,3,41.2949284,69.1997006,primary
180918801,0,41.2707976,69.2655455,trunk
180918801,1,41.2707094,69.2653859,trunk
180918801,2,41.2706409,69.2652586,trunk
180918801,3,41.2705756,69.2651303,trunk
180918801,4,41.2705167,69.2649967,trunk
180918801,5,41.2704598,69.2648618,trunk
180918801,6,41.2704097,69.2647357,trunk
180918801,7,41.2703767,69.2646467,trunk
180918802,0,41.2780427,69.2726151,trunk
180918802,1,41.2776503,69.2722632,trunk
180918802,2,41.2773101,69.2719594,trunk
180918802,3,41.2761905,69.2709593,trunk
180918802,4,41.2745767,69.2695179,trunk
180918802,5,41.2724517,69.2675866,trunk
180918802,6,41.2721927,69.2673512,trunk
180918802,7,41.2720361,69.2671931,trunk
180918802,8,41.2718813,69.2670222,trunk
180918802,9,41.2717764,69.2669019,trunk
180918802,10,41.2716774,69.2667867,trunk
180918802,11,41.2715705,69.2666606,trunk
180918802,12,41.2714724,69.2665409,trunk
180918802,13,41.2713799,69.2664213,trunk
180918802,14,41.2712838,69.2662942,trunk
180918802,15,41.2711896,69.2661618,trunk
180918802,16,41.2711031,69.2660337,trunk
180918802,17,41.2710286,69.2659187,trunk
180918802,18,41.2709517,69.265795,trunk
180918802,19,41.2708724,69.2656682,trunk
180918802,20,41.2707976,69.2655455,trunk
180918803,0,41.2849998,69.2673701,primary
180918803,1,41.2856772,69.268852,primary
180918804,0,41.2817224,69.2595021,primary
180918804,1,41.2817801,69.2596663,primary
180918804,2,41.2819556,69.2601068,primary
180918804,3,41.2827365,69.2620264,primary
180918804,4,41.2836317,69.264227,primary
180918804,5,41.2838685,69.2648091,primary
180918804,6,41.2839158,69.2649254,primary
180918804,7,41.2840359,69.2652207,primary
180918804,8,41.2841114,69.2653956,primary
180918804,9,41.2842778,69.2657815,primary
180918804,10,41.2843502,69.2659492,primary
180919115,0,41.271641,69.2597896,primary
180919115,1,41.2721287,69.2595922,primary
180919115,2,41.2722248,69.2595533,primary
180919115,3,41.2725075,69.2594389,primary
180919116,0,41.2807023,69.2557949,primary
180919116,1,41.2808039,69.255749,primary
180922832,0,41.2911727,69.2771906,primary
180922832,1,41.2912429,69.277011,primary
180928336,0,41.2926285,69.2713966,primary
180928336,1,41.2922484,69.2717907,primary
180928336,2,41.292102,69.271942,primary
180928341,0,41.2840849,69.2650708,primary
180928341,1,41.2840009,69.2648639,primary
180928341,2,41.2838796,69.2645654,primary
180928341,3,41.2828238,69.2619667,primary
180928341,4,41.2820978,69.2601797,primary
180928341,5,41.281936,69.2597801,primary
180928341,6,41.2818993,69.2596895,primary
180928341,7,41.2818731,69.2596247,primary
180928341,8,41.2818228,69.2594658,primary
180928344,0,41.2889291,69.2738302,primary
180928344,1,41.2883273,69.2730308,primary
180933295,0,41.2808039,69.255749,primary
180933295,1,41.2809389,69.2556902,primary
180933295,2,41.2811387,69.2556048,primary
180933295,3,41.2813938,69.2554927,primary
180933295,4,41.2820603,69.2551998,primary
180933295,5,41.2821705,69.2551516,primary
180933295,6,41.282469,69.2550211,primary
180933295,7,41.2835028,69.2545568,primary
180933295,8,41.2839527,69.2543547,primary
180933295,9,41.284119,69.25428,primary
180933295,10,41.2847302,69.2540055,primary
180933295,11,41.284909,69.2539331,primary
180933295,12,41.2849554,69.2539157,primary
180933295,13,41.2851131,69.2538451,primary
180933295,14,41.2851743,69.2538113,primary
180933295,15,41.285299,69.2537565,primary
181560996,0,41.326015,69.2520076,primary
181560996,1,41.3258893,69.2522276,primary
181560996,2,41.3256529,69.2526414,primary
181560996,3,41.3251265,69.2535888,primary
181560996,4,41.3250197,69.2537986,primary
181560996,5,41.3249158,69.2540185,primary
181560996,6,41.3248413,69.2541959,primary
181560996,7,41.3247713,69.2543745,primary
181560996,8,41.3247255,69.2544967,primary
181560996,9,41.3246832,69.2546111,primary
181560996,10,41.3245678,69.2549414,primary
181560997,0,41.3245678,69.2549414,primary
181560997,1,41.3245517,69.2549876,primary
181560997,2,41.3245236,69.2550802,primary
181647015,0,41.3859858,69.212318,primary
181647015,1,41.385784,69.2125759,primary
181647015,2,41.3856075,69.2127702,primary
181647016,0,41.385151,69.2133851,primary
181647016,1,41.3850178,69.213554,primary
181647017,0,41.3858285,69.2126728,primary
181647017,1,41.385948,69.2125174,primary
181647017,2,41.3860653,69.2123708,primary
181647017,3,41.3863028,69.2120789,primary
181647017,4,41.3866537,69.2117201,primary
181647017,5,41.3870615,69.2113267,primary
181647017,6,41.3870994,69.2112937,primary
181715795,0,41.3200282,69.2670363,primary
181715795,1,41.320117,69.2666637,primary
181715795,2,41.3203928,69.2655051,primary
181715795,3,41.320403,69.2654617,primary
181748287,0,41.3329593,69.2881041,trunk
181748287,1,41.3327049,69.2904645,trunk
181748287,2,41.3325816,69.2916356,trunk
181748287,3,41.3325733,69.2917214,trunk
181748287,4,41.3325531,69.2919316,trunk
181748290,0,41.331824,69.3127879,trunk
181748290,1,41.3303443,69.3135436,trunk
181748290,2,41.3296113,69.3139306,trunk
181748290,3,41.3294872,69.3139864,trunk
181748290,4,41.3293599,69.3140342,trunk
181748290,5,41.329103,69.3141138,trunk
181748290,6,41.3288802,69.3141761,trunk
181748290,7,41.3287057,69.3142113,trunk
181748290,8,41.3285312,69.3142404,trunk
181748290,9,41.3283251,69.3142565,trunk
181748290,10,41.3281092,69.3142643,trunk
181748290,11,41.3279146,69.3142583,trunk
181748290,12,41.3277407,69.3142452,trunk
181748290,13,41.3275379,69.3142191,trunk
181748290,14,41.3273136,69.3141701,trunk
181748290,15,41.3257385,69.3136621,trunk
181748290,16,41.3239303,69.3130606,trunk
181748290,17,41.3226827,69.3126514,trunk
181748293,0,41.3327904,69.2984454,trunk
181748293,1,41.332813,69.2985733,trunk
181748293,2,41.3328703,69.2989093,trunk
181748293,3,41.333319,69.3015202,trunk
181748293,4,41.3333236,69.3015451,trunk
181748293,5,41.3334837,69.3024122,trunk
181748293,6,41.3335149,69.3026631,trunk
181748293,7,41.3335303,69.3027545,trunk
181748293,8,41.3335602,69.3029335,trunk
181748301,0,41.3277602,69.2833788,primary
181748301,1,41.3279382,69.2834189,primary
181748301,2,41.328072,69.2834477,primary
181748301,3,41.3281794,69.2834704,primary
181972692,0,41.2894726,69.2748324,primary
181972692,1,41.2896148,69.2750288,primary
181972692,2,41.2900368,69.2756119,primary
181972692,3,41.2903898,69.2760995,primary
181972692,4,41.2904298,69.2761607,primary
181972692,5,41.2907377,69.2765802,primary
181972692,6,41.2910293,69.2769831,primary
181972692,7,41.2910757,69.2770472,primary
182010442,0,41.3451143,69.327967,primary
182010442,1,41.3448276,69.328526,primary
182010442,2,41.3446723,69.3288133,primary
182010442,3,41.3442726,69.3294811,primary
182010442,4,41.3439592,69.3299912,primary
182010442,5,41.343742,69.3303539,primary
182010442,6,41.3436571,69.3304957,primary
182010442,7,41.3434593,69.3308187,primary
182010442,8,41.3431788,69.3312832,primary
182010442,9,41.3429473,69.3316665,primary
182010442,10,41.3426162,69.3322235,primary
182010442,11,41.342409,69.3325665,primary
182010442,12,41.3423261,69.3327059,primary
182010442,13,41.3422596,69.332814,primary
182143367,0,41.2928933,69.279688,primary
182143367,1,41.292819,69.2795682,primary
182143368,0,41.2968799,69.2860167,primary
182143368,1,41.2968046,69.2859008,primary
182143369,0,41.2968046,69.2859008,primary
182143369,1,41.2967148,69.2857582,primary
182143369,2,41.2964538,69.2853417,primary
182143369,3,41.2958946,69.2844569,primary
182143369,4,41.2952242,69.2833939,primary
182143369,5,41.295182,69.2833277,primary
182143369,6,41.2951193,69.2832297,primary
182143370,0,41.2960362,69.2763121,primary
182143370,1,41.2960965,69.2762473,primary
182145813,0,41.3009073,69.276435,primary
182145813,1,41.3009975,69.2765715,primary
182145814,0,41.302778,69.279252,primary
182145814,1,41.302856,69.2793636,primary
182145815,0,41.298838,69.2733021,primary
182145815,1,41.2997487,69.2746811,primary
182145815,2,41.3003821,69.2756402,primary
182145815,3,41.3006058,69.2759808,primary
182145815,4,41.3008121,69.276291,primary
182145815,5,41.3008409,69.2763346,primary
182145815,6,41.3009073,69.276435,primary
182145816,0,41.3009975,69.2765715,primary
182145816,1,41.3010838,69.2767021,primary
182145816,2,41.3016037,69.277493,primary
182145816,3,41.3018607,69.2778779,primary
182145816,4,41.302605,69.2790044,primary
182145816,5,41.3027104,69.2791552,primary
182145816,6,41.302778,69.279252,primary
182149109,0,41.302856,69.2793636,primary
182149109,1,41.3029594,69.279246,primary
182149110,0,41.303157,69.2876368,primary
182149110,1,41.3030846,69.2877057,primary
182149111,0,41.3066897,69.2841498,primary
182149111,1,41.3065741,69.284268,primary
182149111,2,41.3058059,69.2850349,primary
182149111,3,41.3056636,69.2851792,primary
182149111,4,41.3053557,69.2855014,primary
182149111,5,41.305322,69.2855359,primary
182149111,6,41.3052076,69.285653,primary
182149407,0,41.3091709,69.2863643,primary
182149407,1,41.3092907,69.2864341,primary
182149407,2,41.3093279,69.2864528,primary
182149408,0,41.3081056,69.2897101,primary
182149408,1,41.3080774,69.2898009,primary
182149408,2,41.3075256,69.2917323,primary
182149408,3,41.3074991,69.2918263,primary
182149408,4,41.3074561,69.2919858,primary
182149409,0,41.3074482,69.2921587,primary
182149409,1,41.3074508,69.2923488,primary
182149409,2,41.3071502,69.2934337,primary
182149409,3,41.3071055,69.2936099,primary
182149409,4,41.3070619,69.2937876,primary
182149409,5,41.3070213,69.2939591,primary
182149409,6,41.3069929,69.294092,primary
182149409,7,41.3069664,69.2942265,primary
182149409,8,41.3069433,69.2943591,primary
182149409,9,41.3069314,69.2944444,primary
182149409,10,41.3069144,69.2945705,primary
182149409,11,41.3069033,69.2946666,primary
182149409,12,41.3068935,69.2947609,primary
182149409,13,41.3068834,69.2949024,primary
182149409,14,41.3068744,69.2950442,primary
182149409,15,41.3068665,69.2952283,primary
182149409,16,41.3068624,69.2954125,primary
182149409,17,41.306861,69.2955105,primary
182149409,18,41.3068586,69.2956717,primary
182149409,19,41.3068582,69.2957005,primary
182149409,20,41.3068661,69.2958607,primary
182149409,21,41.3068892,69.2960796,primary
182149409,22,41.3069217,69.2962974,primary
182149409,23,41.3070269,69.2969075,primary
182152606,0,41.3050733,69.2783767,primary
182152606,1,41.3046101,69.2782763,primary
182152606,2,41.304316,69.2782126,primary
182152606,3,41.3040881,69.2781645,primary
182235793,0,41.298892,69.2730463,primary
182235793,1,41.2984483,69.2723796,primary
182235793,2,41.2983368,69.2722149,primary
182235793,3,41.2978188,69.2714428,primary
182727608,0,41.2869585,69.2805569,trunk
182727608,1,41.2865665,69.2802657,trunk
182727608,2,41.2863671,69.2800946,trunk
182727608,3,41.2861933,69.2799456,trunk
182727608,4,41.2846038,69.2785179,trunk
182727608,5,41.283959,69.2779387,trunk
182727608,6,41.2832191,69.2772741,trunk
182727608,7,41.2822962,69.2764451,trunk
182727608,8,41.28138,69.275621,trunk
182727608,9,41.2782045,69.2727646,trunk
182727608,10,41.2780427,69.2726151,trunk
182727610,0,41.2867111,69.2710822,primary
182727610,1,41.2867799,69.2711941,primary
182727610,2,41.286814,69.2712495,primary
182727610,3,41.2870078,69.2715198,primary
182727610,4,41.2879473,69.272791,primary
182727610,5,41.2884433,69.2734539,primary
182958489,0,41.3379417,69.2327488,primary
182958489,1,41.3380818,69.232676,primary
182958490,0,41.3380848,69.2325642,primary
182958490,1,41.3379702,69.2326222,primary
182958491,0,41.3380818,69.232676,primary
182958491,1,41.3381262,69.2326527,primary
182958491,2,41.3386106,69.2324024,primary
182958491,3,41.3391519,69.2321478,primary
182958491,4,41.3393523,69.2320419,primary
182958491,5,41.3395214,69.2319501,primary
182958491,6,41.3400125,69.2316996,primary
182958491,7,41.3407584,69.2313128,primary
182958491,8,41.3408309,69.2312754,primary
182958491,9,41.34102,69.2311802,primary
182958491,10,41.3411469,69.2311157,primary
182958491,11,41.3413292,69.2310167,primary
182958492,0,41.3379702,69.2326222,primary
182958492,1,41.3374546,69.2328841,primary
182958492,2,41.3373222,69.2329513,primary
182958492,3,41.3372222,69.2330026,primary
182958492,4,41.3371128,69.2330588,primary
182958492,5,41.3370256,69.2331036,primary
183250525,0,41.3441019,69.2629836,trunk
183250525,1,41.3439925,69.2631763,trunk
183250525,2,41.3436708,69.2637427,trunk
183250525,3,41.3435884,69.2638877,trunk
183250525,4,41.3435329,69.2639854,trunk
183250525,5,41.3434983,69.2640464,trunk
183250525,6,41.3434572,69.2641187,trunk
183250525,7,41.3423993,69.2659814,trunk
183250525,8,41.3419399,69.2667882,trunk
183250525,9,41.3419086,69.2668432,trunk
183250525,10,41.3418342,69.2669752,trunk
183250525,11,41.3418007,69.2670345,trunk
183250525,12,41.3417454,69.2671326,trunk
183250525,13,41.3412371,69.2680276,trunk
183250527,0,41.3482842,69.1654965,trunk
183250527,1,41.3483592,69.165515,trunk
183250527,2,41.3487879,69.1656118,trunk
183250527,3,41.3489365,69.1656462,trunk
183250527,4,41.3491273,69.1656908,trunk
183250527,5,41.3494223,69.1657526,trunk
183250527,6,41.3497139,69.1658136,trunk
183250527,7,41.3500338,69.1658805,trunk
183250527,8,41.350313,69.1659465,trunk
183250527,9,41.3506293,69.1660278,trunk
183250527,10,41.3508865,69.1661003,trunk
183250527,11,41.3511388,69.166176,trunk
183250527,12,41.3513978,69.1662648,trunk
183250527,13,41.3516529,69.1663598,trunk
183250527,14,41.3524985,69.1666831,trunk
183250527,15,41.3529193,69.1668661,trunk
183250527,16,41.3531265,69.1669667,trunk
183250527,17,41.3533286,69.1670729,trunk
183250527,18,41.3535692,69.1672052,trunk
183250527,19,41.353805,69.1673419,trunk
183250527,20,41.3540396,69.1674812,trunk
183250527,21,41.3542731,69.1676255,trunk
183250527,22,41.3545066,69.1677664,trunk
183250527,23,41.3547391,69.1679111,trunk
183250527,24,41.354976,69.1680615,trunk
183250527,25,41.3552043,69.1682121,trunk
183250527,26,41.3554748,69.168393,trunk
183250527,27,41.3556103,69.1684907,trunk
183250527,28,41.3557312,69.1685778,trunk
183250527,29,41.355818,69.1686418,trunk
183250527,30,41.3559267,69.1687246,trunk
183250527,31,41.3560519,69.1688207,trunk
183250527,32,41.3562315,69.1689586,trunk
183250527,33,41.3565322,69.1691982,trunk
183250527,34,41.3566814,69.1693203,trunk
183250527,35,41.3568252,69.1694464,trunk
183250527,36,41.3568497,69.1694688,trunk
183250527,37,41.3571109,69.1697075,trunk
183250527,38,41.357656,69.1702469,trunk
183250527,39,41.3578185,69.1704077,trunk
183250527,40,41.3584816,69.1711302,trunk
183250527,41,41.3586618,69.1713346,trunk
183250527,42,41.3591663,69.1719564,trunk
183250527,43,41.3595946,69.1725038,trunk
183250527,44,41.3598642,69.1728667,trunk
183250527,45,41.3603954,69.1736508,trunk
183250527,46,41.3610113,69.17459,trunk
183250527,47,41.3613296,69.1750915,trunk
183250527,48,41.3614033,69.1752077,trunk
183250527,49,41.3615883,69.1754953,trunk
183250527,50,41.3618262,69.1758813,trunk
183250527,51,41.3619881,69.1761283,trunk
183250527,52,41.3637976,69.1789417,trunk
183250527,53,41.3640026,69.1792629,trunk
183250527,54,41.3642128,69.1795978,trunk
183250527,55,41.3642543,69.179664,trunk
183250527,56,41.3647481,69.18043,trunk
183250527,57,41.3648183,69.1805441,trunk
183250527,58,41.3650185,69.1808696,trunk
183250527,59,41.365354,69.1814038,trunk
183250527,60,41.3656859,69.1819321,trunk
183250527,61,41.3662769,69.1828732,trunk
183250527,62,41.3666374,69.183441,trunk
183250527,63,41.3669835,69.1839863,trunk
183250527,64,41.3671633,69.1842697,trunk
183250527,65,41.3673969,69.1846378,trunk
183250527,66,41.3674969,69.1847952,trunk
183250527,67,41.3677578,69.1852026,trunk
183250529,0,41.3480113,69.198231,primary
183250529,1,41.3480793,69.1980673,primary
183250529,2,41.3481092,69.1979886,primary
183250529,3,41.348158,69.1978407,primary
183250529,4,41.3482287,69.1976116,primary
183250529,5,41.3482776,69.1973448,primary
183250529,6,41.348484,69.1960949,primary
183250529,7,41.3486195,69.1951779,primary
183250529,8,41.348709,69.1946241,primary
183250529,9,41.3487457,69.1943975,primary
183250529,10,41.3487591,69.1943143,primary
183250529,11,41.3487724,69.1942356,primary
183250529,12,41.3491942,69.1925555,primary
183250529,13,41.3495423,69.1911307,primary
183250529,14,41.3498762,69.1897854,primary
183250529,15,41.3500108,69.1891957,primary
183250529,16,41.3500589,69.1888997,primary
183250529,17,41.3501029,69.1884938,primary
183250529,18,41.3501248,69.1880796,primary
183250529,19,41.3501291,69.1878941,primary
183250531,0,41.3258251,69.2452089,primary
183250531,1,41.3258283,69.2452118,primary
183250531,2,41.3265535,69.2458584,primary
183250531,3,41.3270208,69.2463079,primary
183250534,0,41.3267918,69.2289095,primary
183250534,1,41.3270161,69.2285175,primary
183250534,2,41.3276803,69.2273549,primary
183252706,0,41.3119385,69.241445,primary
183252706,1,41.3119579,69.2409783,primary
183392898,0,41.2899925,69.2210382,primary
183392898,1,41.2891743,69.2201208,primary
183392898,2,41.2876474,69.2184086,primary
183392906,0,41.2940751,69.2257689,primary
183392906,1,41.2943967,69.2261316,primary
183392906,2,41.296529,69.2285308,primary
183544254,0,41.3022298,69.2663419,primary
183544254,1,41.3024055,69.2662047,primary
183544254,2,41.302515,69.2661316,primary
183544254,3,41.3026267,69.2660595,primary
183544254,4,41.3027286,69.2660014,primary
183544254,5,41.3028408,69.265941,primary
183544254,6,41.30299,69.2658652,primary
183544254,7,41.3031592,69.2657962,primary
183544254,8,41.3033092,69.2657489,primary
183544254,9,41.303459,69.2657058,primary
183544254,10,41.3035808,69.2656772,primary
183544254,11,41.3037062,69.2656556,primary
183544254,12,41.3038121,69.2656397,primary
183544254,13,41.3039181,69.2656284,primary
183544254,14,41.303994,69.26562,primary
183544254,15,41.3040699,69.2656146,primary
183544254,16,41.304141,69.265613,primary
183544254,17,41.3042112,69.2656112,primary
183544254,18,41.3042908,69.2656113,primary
183544254,19,41.3043708,69.2656135,primary
183544254,20,41.3044534,69.2656184,primary
183544254,21,41.3045338,69.2656288,primary
183544254,22,41.3045843,69.2656376,primary
183544254,23,41.3049227,69.2657472,primary
183817082,0,41.2410017,69.3291338,primary
183817082,1,41.2415914,69.3286614,primary
183822026,0,41.3104215,69.2779893,primary
183822026,1,41.310243,69.2786623,primary
183822027,0,41.309369,69.2675897,primary
183822027,1,41.3094699,69.267637,primary
183822029,0,41.3185498,69.2717727,primary
183822029,1,41.3187549,69.2718297,primary
183829635,0,41.312183,69.2808383,primary
183829635,1,41.3124936,69.2802312,primary
183829635,2,41.3126495,69.2799264,primary
183829635,3,41.3127073,69.2798134,primary
183829635,4,41.3127347,69.2797522,primary
183829635,5,41.3127574,69.2796912,primary
183829635,6,41.3127748,69.2796339,primary
183829635,7,41.3127907,69.2795759,primary
183829635,8,41.3128193,69.2794558,primary
183829635,9,41.3128714,69.2792163,primary
183829637,0,41.315904,69.2840803,primary
183829637,1,41.3159343,69.2840227,primary
183829637,2,41.3160186,69.2838512,primary
183829637,3,41.316098,69.2836717,primary
183829637,4,41.3161714,69.283489,primary
183829637,5,41.3162402,69.2833089,primary
183829637,6,41.3163034,69.2831267,primary
183829637,7,41.316347,69.2829851,primary
183829637,8,41.3163613,69.2829389,primary
183829637,9,41.3164129,69.2827507,primary
183829637,10,41.3164602,69.2825601,primary
183829637,11,41.3165068,69.2823697,primary
183829637,12,41.3167371,69.2813863,primary
183829637,13,41.3167565,69.281296,primary
183829637,14,41.3167767,69.2812024,primary
183829637,15,41.3168006,69.2810913,primary
183840407,0,41.3155572,69.2808057,primary
183840407,1,41.3163724,69.280993,primary
183840407,2,41.3164801,69.2810178,primary
183840407,3,41.3166413,69.2810548,primary
184717787,0,41.350779,69.3521174,primary
184717787,1,41.3506062,69.3518924,primary
184717787,2,41.3503029,69.3515647,primary
184717787,3,41.3498279,69.3510733,primary
184717787,4,41.3495517,69.3507812,primary
184717787,5,41.3490989,69.3503023,primary
184717787,6,41.3490515,69.3502522,primary
184717787,7,41.3489153,69.3501081,primary
184717787,8,41.348383,69.349546,primary
184717787,9,41.3482892,69.3494469,primary
184717787,10,41.3477954,69.3489236,primary
184717787,11,41.3475824,69.3486983,primary
184717787,12,41.3474691,69.3485785,primary
184717787,13,41.3473629,69.3484662,primary
184717788,0,41.3506903,69.3522533,primary
184717788,1,41.3507812,69.3523556,primary
184717789,0,41.3476954,69.3571803,trunk
184717789,1,41.3472155,69.3579598,trunk
184717789,2,41.346787,69.3586559,trunk
184717789,3,41.3467296,69.3587491,trunk
184717789,4,41.3462254,69.3595681,trunk
184717789,5,41.3460632,69.3598343,trunk
184717789,6,41.345923,69.3600644,trunk
184717789,7,41.345616,69.3605679,trunk
184717789,8,41.3455075,69.360746,trunk
184717789,9,41.3453016,69.3610799,trunk
184717790,0,41.350779,69.3521174,trunk
184717790,1,41.3507215,69.3522056,trunk
184717790,2,41.3506903,69.3522533,trunk
184747342,0,41.2931269,69.2875435,primary
184747342,1,41.2933538,69.287883,primary
184747342,2,41.2936868,69.2883149,primary
184747342,3,41.2938895,69.2886286,primary
184747342,4,41.2939481,69.2887165,primary
184747343,0,41.2559018,69.3204243,primary
184747343,1,41.2557963,69.320483,primary
184747346,0,41.3166879,69.2808488,primary
184747346,1,41.3165393,69.2808155,primary
184747346,2,41.3161116,69.2807198,primary
184747346,3,41.3153948,69.2805594,primary
184747346,4,41.3151006,69.2804936,primary
185624519,0,41.2967886,69.2861232,primary
185624519,1,41.296858,69.2862392,primary
185624519,2,41.2970278,69.2865066,primary
185624519,3,41.2984342,69.2887219,primary
185624519,4,41.298592,69.2889705,primary
185624519,5,41.2994108,69.2902489,primary
185624519,6,41.2994484,69.2903076,primary
185624520,0,41.2950581,69.2831339,primary
185624520,1,41.2949938,69.283034,primary
185624520,2,41.2947012,69.2825683,primary
185624520,3,41.2931483,69.2800964,primary
185624520,4,41.2930263,69.2799033,primary
185624520,5,41.2928933,69.279688,primary
185939641,0,41.3293603,69.2360855,primary
185939641,1,41.3292746,69.2358898,primary
185945689,0,41.3561049,69.3434474,trunk
185945689,1,41.3559691,69.3436693,trunk
185945689,2,41.3559259,69.3437399,trunk
187489112,0,41.1477366,69.0930701,primary
187489112,1,41.148189,69.0936817,primary
187489112,2,41.1484352,69.0940487,primary
187489112,3,41.1485183,69.094206,primary
187489112,4,41.1486135,69.0944142,primary
187489112,5,41.1487628,69.0948523,primary
187489112,6,41.1488768,69.0953548,primary
187489112,7,41.1490832,69.09633,primary
187489112,8,41.1493105,69.0974641,primary
187489112,9,41.1493751,69.0978271,primary
187489112,10,41.1494042,69.0983054,primary
187489112,11,41.1494433,69.0996316,primary
187489112,12,41.1495077,69.1015014,primary
187489112,13,41.1495485,69.1019712,primary
187489112,14,41.1495973,69.102314,primary
187489112,15,41.1496625,69.1026428,primary
187489112,16,41.1497559,69.1029727,primary
187489112,17,41.1499402,69.1034392,primary
187489112,18,41.1501719,69.1038552,primary
187489112,19,41.1511764,69.1052114,primary
187489112,20,41.1512461,69.1052917,primary
187489112,21,41.1520254,69.1060061,primary
187489112,22,41.1528497,69.1068652,primary
187489112,23,41.1531249,69.1071308,primary
187489112,24,41.153257,69.1072728,primary
187489112,25,41.1533648,69.1074326,primary
187489112,26,41.1535492,69.1077035,primary
187489112,27,41.1537999,69.1081125,primary
187489112,28,41.1546711,69.1095357,primary
187489112,29,41.1549625,69.1100205,primary
187489112,30,41.1552414,69.110554,primary
187489112,31,41.1555405,69.1112764,primary
187489112,32,41.1555612,69.1113264,primary
187489112,33,41.1556912,69.1116743,primary
187489112,34,41.1566689,69.1143601,primary
187489112,35,41.1568941,69.1148992,primary
187489112,36,41.1571997,69.1155228,primary
187489112,37,41.158356,69.1178534,primary
187489112,38,41.1589324,69.1189831,primary
187489112,39,41.1590775,69.1192592,primary
187489112,40,41.1592307,69.1195353,primary
187489112,41,41.1594157,69.1198328,primary
187489112,42,41.1595714,69.120074,primary
187489112,43,41.1600852,69.1207965,primary
187489112,44,41.160333,69.121133,primary
187489112,45,41.1604579,69.1212986,primary
187489112,46,41.1605909,69.1214614,primary
187489112,47,41.1607262,69.1216149,primary
187489112,48,41.1608695,69.1217684,primary
187489112,49,41.1611824,69.1220539,primary
187489112,50,41.1615441,69.1223579,primary
187489112,51,41.1618164,69.1225416,primary
187989918,0,41.3471617,69.3245825,primary
187989918,1,41.3473439,69.3242921,primary
187989918,2,41.3475903,69.3238996,primary
188492282,0,41.292102,69.271942,primary
188492282,1,41.2919018,69.2721494,primary
188492282,2,41.2917462,69.2723105,primary
188492282,3,41.2912134,69.2728624,primary
188492282,4,41.2904146,69.2736898,primary
189180917,0,41.269521,69.4335831,trunk
189180917,1,41.2699878,69.4342241,trunk
189180917,2,41.2715569,69.4363794,trunk
189180917,3,41.2715917,69.4364272,trunk
189180917,4,41.2746705,69.4406797,trunk
189180917,5,41.2762859,69.4429127,trunk
189180917,6,41.2766949,69.4434778,trunk
189180917,7,41.2769714,69.44386,trunk
189180917,8,41.2773149,69.4443272,trunk
189180917,9,41.2774241,69.4444719,trunk
189180917,10,41.277491,69.4445605,trunk
189180917,11,41.2776795,69.4447879,trunk
189180917,12,41.2778649,69.4449994,trunk
189180917,13,41.2780604,69.445207,trunk
189180917,14,41.2782593,69.4454092,trunk
189180917,15,41.2784685,69.4456055,trunk
189180917,16,41.2786733,69.4457842,trunk
189180917,17,41.2788897,69.4459551,trunk
189180917,18,41.2791122,69.4461184,trunk
189180917,19,41.2793376,69.446272,trunk
189180917,20,41.2801815,69.4467789,trunk
189180917,21,41.2804598,69.446946,trunk
189180917,22,41.2811211,69.4473431,trunk
189180917,23,41.2818285,69.447768,trunk
189180917,24,41.2833483,69.4486808,trunk
189180917,25,41.2835273,69.4487883,trunk
189180926,0,41.2564112,69.4141396,trunk
189180926,1,41.2562934,69.4139547,trunk
189716493,0,41.3302728,69.1609143,trunk
189716493,1,41.3300204,69.160783,trunk
189716493,2,41.3297681,69.1606601,trunk
189716493,3,41.3286444,69.1601783,trunk
189716493,4,41.3272959,69.1596033,trunk
189716493,5,41.3271479,69.1595402,trunk
189716493,6,41.3269823,69.1594683,trunk
189716493,7,41.3266566,69.159327,trunk
189716493,8,41.3263013,69.1591728,trunk
189716493,9,41.3261588,69.159111,trunk
189716493,10,41.3259434,69.1590198,trunk
189716493,11,41.3256395,69.1588912,trunk
189716493,12,41.3250673,69.1586491,trunk
189716493,13,41.3248866,69.1585719,trunk
189716493,14,41.3246418,69.1584625,trunk
189716493,15,41.3240397,69.1581974,trunk
189716493,16,41.3236151,69.1580123,trunk
189716493,17,41.3230709,69.1577777,trunk
189716493,18,41.3220097,69.1573137,trunk
189716493,19,41.3216209,69.1571438,trunk
189716493,20,41.3213628,69.157031,trunk
189716493,21,41.3212982,69.1570031,trunk
189716493,22,41.3212357,69.1569761,trunk
189716493,23,41.3205663,69.1566873,trunk
189716493,24,41.320101,69.1564855,trunk
189716493,25,41.3188596,69.1559467,trunk
189716493,26,41.31861,69.1558384,trunk
189716493,27,41.318155,69.1556334,trunk
189716493,28,41.3178563,69.1554988,trunk
189716493,29,41.3174348,69.1553089,trunk
189716493,30,41.3170239,69.1551237,trunk
189716493,31,41.3164243,69.1548535,trunk
189716493,32,41.3163816,69.1548343,trunk
189716493,33,41.3152699,69.1543691,trunk
189716493,34,41.3151601,69.1543232,trunk
189716493,35,41.3149503,69.1542354,trunk
189716493,36,41.3146538,69.1541113,trunk
189716493,37,41.3142676,69.1539497,trunk
189716493,38,41.3142105,69.1539239,trunk
189716493,39,41.3140398,69.1538453,trunk
189716493,40,41.3138121,69.1537501,trunk
189716493,41,41.3127823,69.1533252,trunk
189716493,42,41.3116623,69.1528597,trunk
189716493,43,41.3113652,69.1527429,trunk
189716493,44,41.3108245,69.1525511,trunk
189716493,45,41.3106182,69.1524943,trunk
189716493,46,41.3102044,69.1523986,trunk
189716493,47,41.3100035,69.1523543,trunk
189716493,48,41.3098619,69.1523231,trunk
189716493,49,41.3084395,69.152022,trunk
189716493,50,41.3064509,69.1517711,trunk
190556428,0,41.159906,69.4212283,trunk
190556428,1,41.1624043,69.4195485,trunk
190556428,2,41.1728354,69.4125358,trunk
190556428,3,41.1751523,69.4109774,trunk
190556428,4,41.177476,69.4094398,trunk
190556431,0,41.1774227,69.4092959,trunk
190556431,1,41.1751165,69.4108694,trunk
190556431,2,41.1727753,69.4124441,trunk
190556431,3,41.1623609,69.4194447,trunk
190556431,4,41.16014,69.4209391,trunk
190556431,5,41.1598666,69.4211199,trunk
190798722,0,41.2366312,69.1656934,trunk
190798722,1,41.2363857,69.1654101,trunk
190798722,2,41.2362547,69.1652538,trunk
190798722,3,41.2361283,69.1650833,trunk
190798722,4,41.235872,69.164736,trunk
190809342,0,41.2039524,69.1125122,trunk
190809342,1,41.2041608,69.1128069,trunk
190809343,0,41.2075224,69.1175598,trunk
190809343,1,41.2087267,69.1192656,trunk
190809343,2,41.2092923,69.1200656,trunk
190809343,3,41.2093408,69.1201342,trunk
190809343,4,41.2097164,69.1206655,trunk
190809343,5,41.2097696,69.1207409,trunk
190809343,6,41.2104054,69.1216431,trunk
190809343,7,41.2113753,69.123019,trunk
190809343,8,41.2115663,69.12329,trunk
190809343,9,41.2137786,69.1264289,trunk
190809394,0,41.2040179,69.1124349,trunk
190809394,1,41.203468,69.1116561,trunk
190809394,2,41.2031996,69.1112762,trunk
190809394,3,41.2028684,69.1108071,trunk
190809394,4,41.2026789,69.1105389,trunk
190809401,0,41.2042292,69.1127341,trunk
190809401,1,41.2040179,69.1124349,trunk
190809905,0,41.2214422,69.1373415,trunk
190809905,1,41.2213328,69.1371682,trunk
190809909,0,41.2213745,69.1374149,trunk
190809909,1,41.2220095,69.1384054,trunk
190809925,0,41.2193434,69.1341384,trunk
190809925,1,41.218653,69.1331504,trunk
190809925,2,41.2184956,69.1329268,trunk
190809925,3,41.2172094,69.1310986,trunk
190809925,4,41.2168444,69.1305799,trunk
190809925,5,41.2167365,69.1304276,trunk
190809925,6,41.2139641,69.1265138,trunk
200143040,0,41.2495046,69.2571637,primary
200143040,1,41.2495456,69.2570808,primary
200143040,2,41.249829,69.2566298,primary
200143040,3,41.2498999,69.2565169,primary
200143040,4,41.250033,69.256311,primary
200143040,5,41.2503108,69.2558722,primary
200143040,6,41.250561,69.2554772,primary
200143040,7,41.2510011,69.2547821,primary
200143040,8,41.2513302,69.2542624,primary
200143040,9,41.2513892,69.254165,primary
200143040,10,41.2517931,69.2534979,primary
200143040,11,41.2521109,69.252973,primary
200143040,12,41.2521894,69.2528434,primary
200143040,13,41.2524361,69.2524363,primary
200143040,14,41.2543557,69.2492691,primary
200143040,15,41.2544863,69.2490537,primary
201374946,0,41.2578462,69.3794191,trunk
201374946,1,41.2579341,69.3793069,trunk
201374946,2,41.2583105,69.378857,trunk
201374946,3,41.2584579,69.378676,trunk
201374946,4,41.2585242,69.3786227,trunk
201374946,5,41.2586038,69.3785719,trunk
201374946,6,41.2588309,69.3784195,trunk
201374946,7,41.2589284,69.3783427,trunk
201374946,8,41.2590958,69.3782008,trunk
201374946,9,41.2592897,69.3780123,trunk
201374946,10,41.2595354,69.3777497,trunk
201374946,11,41.2605307,69.3765122,trunk
201374946,12,41.2606857,69.3763234,trunk
201374946,13,41.260855,69.3761383,trunk
201374946,14,41.2609981,69.3760029,trunk
201374946,15,41.2611648,69.3758572,trunk
201778019,0,41.2697879,69.2606057,primary
201778019,1,41.2694023,69.2608625,primary
201778019,2,41.269223,69.2609881,primary
201778019,3,41.2690167,69.2611326,primary
201778019,4,41.2686305,69.2614064,primary
201778019,5,41.2682113,69.2617194,primary
201952790,0,41.2833986,69.1908946,primary
201952790,1,41.2838568,69.1902004,primary
201952796,0,41.2842722,69.1895744,primary
201952796,1,41.2847109,69.1888866,primary
201952796,2,41.2852714,69.1880076,primary
201952796,3,41.2855435,69.187581,primary
201952796,4,41.2856121,69.1874734,primary
201952796,5,41.2862657,69.1864486,primary
202375070,0,41.3267356,69.3586454,primary
202375070,1,41.3268245,69.3584984,primary
202375070,2,41.3270535,69.3581197,primary
202375070,3,41.3275101,69.3573646,primary
202375070,4,41.3280196,69.3565221,primary
202375070,5,41.3289491,69.3550233,primary
202375070,6,41.3289952,69.3549457,primary
202375070,7,41.3290833,69.3547987,primary
202375071,0,41.3264054,69.3591915,primary
202375071,1,41.3265034,69.3590294,primary
202375072,0,41.3264194,69.3589445,primary
202375072,1,41.3263635,69.3590372,primary
202375072,2,41.326321,69.3591076,primary
202375073,0,41.326321,69.3591076,primary
202375073,1,41.3260276,69.3595937,primary
202375073,2,41.3257155,69.3601108,primary
202375073,3,41.3236642,69.3635096,primary
202375073,4,41.3231992,69.36428,primary
202375073,5,41.3231242,69.3644046,primary
202375073,6,41.3230041,69.3645896,primary
202982704,0,41.3220418,69.2162291,primary
202982704,1,41.3220425,69.2165708,primary
202982704,2,41.3220383,69.2170351,primary
202982704,3,41.322032,69.2184636,primary
202982704,4,41.3220314,69.2186057,primary
202982704,5,41.3220219,69.2207576,primary
202982704,6,41.3220078,69.2209357,primary
202982704,7,41.3219982,69.2210338,primary
202982704,8,41.3219937,69.2210675,primary
202982704,9,41.321981,69.2211706,primary
202982704,10,41.3219613,69.22131,primary
202982704,11,41.3219403,69.2214472,primary
202982704,12,41.3219187,69.2215844,primary
202982704,13,41.3218944,69.2217216,primary
202982704,14,41.3218656,69.2218584,primary
202982704,15,41.3218325,69.221993,primary
202982704,16,41.3217961,69.222127,primary
202982704,17,41.3217209,69.2223898,primary
202982704,18,41.3216381,69.2226402,primary
202982704,19,41.3215455,69.2228936,primary
202982704,20,41.3214419,69.2231432,primary
202982704,21,41.3213347,69.2233872,primary
202982704,22,41.3212253,69.2236182,primary
202982704,23,41.3211705,69.2237288,primary
202982704,24,41.3211094,69.2238523,primary
202982704,25,41.3208467,69.2243024,primary
202982704,26,41.3204924,69.2249109,primary
202982704,27,41.3204521,69.2249799,primary
202982704,28,41.3203596,69.2251494,primary
202982704,29,41.320283,69.2252844,primary
202982705,0,41.3223441,69.2061706,primary
202982705,1,41.3223465,69.2060278,primary
202982705,2,41.3223489,69.2058844,primary
202982705,3,41.3223522,69.2056897,primary
202982705,4,41.3223496,69.2054005,primary
202982705,5,41.3223477,69.2051912,primary
202982705,6,41.3223337,69.2046943,primary
202982705,7,41.3223332,69.2046703,primary
202982705,8,41.3223226,69.2044285,primary
202982705,9,41.3223052,69.2041867,primary
203062689,0,41.2956742,69.2690879,primary
203062689,1,41.2960445,69.2693211,primary
203062705,0,41.2928607,69.2629238,primary
203062705,1,41.2922876,69.2617194,primary
203062705,2,41.2922663,69.2616759,primary
203062705,3,41.2922494,69.2616413,primary
203062705,4,41.292064,69.2612724,primary
203062705,5,41.291847,69.2608353,primary
203062705,6,41.2917334,69.2606329,primary
203062705,7,41.2916291,69.260461,primary
203062705,8,41.2915659,69.2603694,primary
203062705,9,41.2913759,69.2601231,primary
203062705,10,41.2913506,69.2600921,primary
203062705,11,41.2911922,69.2599121,primary
203062705,12,41.2907308,69.2593835,primary
203062705,13,41.289975,69.2585406,primary
203081193,0,41.291204,69.2769574,primary
203081193,1,41.2911372,69.2771323,primary
203192678,0,41.3041628,69.2671145,primary
203192678,1,41.3040839,69.2672613,primary
203192678,2,41.304055,69.267318,primary
203192678,3,41.3039861,69.2674368,primary
203192678,4,41.3039184,69.2675434,primary
203192678,5,41.3038613,69.2676279,primary
203192678,6,41.3038054,69.2677036,primary
203192678,7,41.3037512,69.2677771,primary
203192682,0,41.3022298,69.2663419,primary
203192682,1,41.3021638,69.2661759,primary
203268477,0,41.2657432,69.2616982,primary
203268477,1,41.2662188,69.262698,primary
203268477,2,41.266747,69.2638085,primary
203268477,3,41.2672171,69.264881,primary
203268477,4,41.2675253,69.2656775,primary
203268477,5,41.2675503,69.2657496,primary
203268477,6,41.2675708,69.2658189,primary
203268477,7,41.2675881,69.2658869,primary
203268477,8,41.2676014,69.2659511,primary
203268478,0,41.2646648,69.2590088,primary
203268478,1,41.264353,69.2584687,primary
203268478,2,41.2641937,69.2581926,primary
203268478,3,41.2639671,69.2578,primary
203268478,4,41.2637792,69.2574744,primary
203268478,5,41.2635739,69.2571187,primary
203268478,6,41.2634529,69.2569091,primary
203268478,7,41.2629649,69.2560637,primary
203268478,8,41.2627488,69.2556892,primary
203268478,9,41.2624102,69.2551349,primary
203268478,10,41.2622801,69.2549032,primary
203279720,0,41.2964923,69.2686191,primary
203279720,1,41.2968901,69.2685012,primary
203279720,2,41.2969654,69.2684811,primary
203279720,3,41.297108,69.2684431,primary
203279720,4,41.2974587,69.2683497,primary
203279720,5,41.2980644,69.2681885,primary
203279720,6,41.2981183,69.2681742,primary
203279720,7,41.298643,69.2680345,primary
203279720,8,41.299653,69.2677552,primary
203279720,9,41.2998008,69.2677147,primary
203279720,10,41.3003762,69.267573,primary
203279721,0,41.296397,69.2693236,primary
203279721,1,41.2962365,69.2690988,primary
203279721,2,41.2961947,69.2690441,primary
203279721,3,41.2960886,69.2689058,primary
203312915,0,41.2927254,69.2796683,primary
203312915,1,41.2926135,69.2797885,primary
203312915,2,41.2925149,69.2799052,primary
203312915,3,41.2924538,69.2799776,primary
203312915,4,41.292302,69.2801662,primary
203312915,5,41.2922487,69.2802346,primary
203312915,6,41.2921615,69.2803467,primary
203686824,0,41.2591852,69.4186981,trunk
203686824,1,41.259421,69.4190773,trunk
203686824,2,41.2594565,69.4191279,trunk
203686824,3,41.2594683,69.4191466,trunk
203686824,4,41.2597486,69.4195907,trunk
203686831,0,41.2559301,69.4135675,trunk
203686831,1,41.2562213,69.4140285,trunk
203686842,0,41.2562934,69.4139547,trunk
203686842,1,41.2559987,69.4134883,trunk
203686854,0,41.2559987,69.4134883,trunk
203686854,1,41.2551269,69.4121256,trunk
203686854,2,41.254256,69.4107495,trunk
203686854,3,41.2535906,69.409698,trunk
203686854,4,41.2528292,69.4084949,trunk
204156230,0,41.3093011,69.2862306,primary
204156230,1,41.3091709,69.2863643,primary
204156231,0,41.3083262,69.2855624,primary
204156231,1,41.3081692,69.2854218,primary
204156231,2,41.3080135,69.2852778,primary
204156231,3,41.3073242,69.2845785,primary
204156231,4,41.3071198,69.2843712,primary
204156231,5,41.3070298,69.2842798,primary
204156231,6,41.306861,69.2841151,primary
204156232,0,41.3067937,69.2840404,primary
204156232,1,41.3066897,69.2841498,primary
206359235,0,41.1657208,69.3276953,trunk
206359235,1,41.1659036,69.3277216,trunk
206359235,2,41.1663172,69.3277753,trunk
206359235,3,41.1677171,69.3279571,trunk
206359235,4,41.1694244,69.3281789,trunk
206359235,5,41.1705076,69.3283238,trunk
206359235,6,41.1705537,69.3283296,trunk
206359235,7,41.1716827,69.3284726,trunk
206359235,8,41.1726889,69.3286126,trunk
206359235,9,41.1731344,69.3286765,trunk
206359235,10,41.1736007,69.3287368,trunk
206359235,11,41.17459,69.3288615,trunk
206359235,12,41.1754985,69.329001,trunk
206359235,13,41.1762448,69.3290865,trunk
206359235,14,41.1770601,69.3292008,trunk
206359235,15,41.1779698,69.3293082,trunk
206359235,16,41.178103,69.3293271,trunk
206359235,17,41.1785428,69.3293896,trunk
206359235,18,41.1789152,69.3294425,trunk
206359235,19,41.1790315,69.3294596,trunk
206359235,20,41.1793481,69.3295063,trunk
206359235,21,41.180162,69.329626,trunk
206359235,22,41.180365,69.3296548,trunk
206359235,23,41.1812625,69.3297819,trunk
206359235,24,41.1816262,69.3298272,trunk
206359235,25,41.1819961,69.3298782,trunk
206359235,26,41.183075,69.3300363,trunk
206359235,27,41.1834106,69.3300806,trunk
206359235,28,41.184218,69.3301866,trunk
206359235,29,41.1851818,69.3303351,trunk
206359235,30,41.1854644,69.3303697,trunk
206359235,31,41.1860059,69.3304428,trunk
206359235,32,41.1865026,69.3305098,trunk
206359235,33,41.187359,69.3306269,trunk
206359235,34,41.1887472,69.3308209,trunk
206359235,35,41.1902401,69.3310165,trunk
206359235,36,41.1906236,69.3310568,trunk
206359235,37,41.191383,69.3311381,trunk
206359235,38,41.1918274,69.3311851,trunk
206359235,39,41.1924478,69.3312635,trunk
206359235,40,41.1931962,69.3313494,trunk
206359235,41,41.1939754,69.3314446,trunk
206359235,42,41.19459,69.3315272,trunk
206359236,0,41.1657312,69.3275591,trunk
206359236,1,41.1654788,69.3275192,trunk
206359237,0,41.1654675,69.327659,trunk
206359237,1,41.1657208,69.3276953,trunk
206359541,0,41.2183362,69.3344831,trunk
206359541,1,41.2181169,69.3345029,trunk
206359542,0,41.2181393,69.3346547,trunk
206359542,1,41.2183437,69.3346359,trunk
206359543,0,41.2261285,69.3355445,trunk
206359543,1,41.2262447,69.3355632,trunk
206359543,2,41.226697,69.335626,trunk
206359543,3,41.2269124,69.3356472,trunk
206359543,4,41.2270205,69.3356579,trunk
206359543,5,41.2285947,69.335935,trunk
206359543,6,41.2289616,69.3359715,trunk
206359543,7,41.2291023,69.3359696,trunk
206359543,8,41.2293449,69.3359664,trunk
206359543,9,41.2294624,69.3359629,trunk
206359543,10,41.2300557,69.3359454,trunk
206359543,11,41.2305885,69.3359157,trunk
206359543,12,41.2311327,69.3358844,trunk
206359543,13,41.231344,69.335853,trunk
206359543,14,41.2314793,69.3358152,trunk
206359543,15,41.2316283,69.3357562,trunk
206359544,0,41.2177745,69.3345297,trunk
206359544,1,41.2172438,69.3345502,trunk
206359544,2,41.2169697,69.3345323,trunk
206359544,3,41.2166656,69.3344994,trunk
206359544,4,41.2161399,69.3344235,trunk
206359544,5,41.215997,69.3344034,trunk
206359544,6,41.2158555,69.3343835,trunk
207549075,0,41.2187404,69.1746634,primary
207549075,1,41.218589,69.1746151,primary
207549075,2,41.21805,69.1744432,primary
207549075,3,41.2178706,69.1743787,primary
207549075,4,41.2176859,69.1743015,primary
207549075,5,41.2174953,69.1742119,primary
207549075,6,41.2173252,69.1741222,primary
207549075,7,41.2166822,69.1737666,primary
207549075,8,41.2156088,69.1731773,primary
207549075,9,41.2144834,69.1725594,primary
207549075,10,41.2142163,69.1724128,primary
207549075,11,41.2140614,69.1723283,primary
207549075,12,41.2139098,69.1722481,primary
207549075,13,41.2137473,69.1721751,primary
207549075,14,41.2134197,69.1720292,primary
207549075,15,41.2125578,69.171687,primary
207549075,16,41.2116716,69.1713271,primary
207549075,17,41.2111841,69.1711033,primary
207549075,18,41.2108961,69.170959,primary
207549075,19,41.2105662,69.1707613,primary
207549075,20,41.2105269,69.1707377,primary
207549075,21,41.2100752,69.1704469,primary
207549075,22,41.2098363,69.1702709,primary
207549075,23,41.2096242,69.1701104,primary
207549075,24,41.209422,69.1699377,primary
207549075,25,41.2091031,69.1696263,primary
207549075,26,41.2085709,69.1690755,primary
207549075,27,41.2076959,69.1681813,primary
207549075,28,41.2061179,69.1665637,primary
207549075,29,41.2058109,69.1662215,primary
207549075,30,41.2055346,69.1658849,primary
207549075,31,41.2044186,69.1644549,primary
207549075,32,41.2038446,69.1636988,primary
207549075,33,41.2037039,69.1635061,primary
207549075,34,41.2035676,69.1633133,primary
207549075,35,41.2033107,69.162919,primary
207549075,36,41.202852,69.1621852,primary
207549075,37,41.2026738,69.1618842,primary
207549075,38,41.2024601,69.1615806,primary
207549075,39,41.2022069,69.1612362,primary
207549075,40,41.2020779,69.1610734,primary
207549075,41,41.2019948,69.1609759,primary
207549075,42,41.2019391,69.1609106,primary
207549075,43,41.2014081,69.160328,primary
207549087,0,41.2279372,69.1815612,primary
207549087,1,41.2276351,69.1811731,primary
207549106,0,41.2239094,69.1776458,primary
207549106,1,41.2234703,69.1772882,primary
207549106,2,41.2228482,69.1768338,primary
207549106,3,41.2226291,69.1766624,primary
207549106,4,41.222471,69.1765386,primary
207549106,5,41.2220527,69.1762133,primary
207549106,6,41.2220078,69.1761784,primary
207549106,7,41.2216744,69.1759033,primary
207549106,8,41.2215979,69.1758422,primary
207549106,9,41.2215111,69.1757812,primary
207549106,10,41.221336,69.1756552,primary
207549106,11,41.2211663,69.1755542,primary
207549106,12,41.2209811,69.1754525,primary
207549106,13,41.2207995,69.175364,primary
207549106,14,41.2205884,69.1752756,primary
207549106,15,41.2203521,69.1751879,primary
207549106,16,41.2200858,69.1750978,primary
207549106,17,41.2198228,69.1750132,primary
207549107,0,41.2526063,69.2152267,primary
207549107,1,41.2521687,69.214622,primary
207549107,2,41.2520332,69.2144487,primary
207549107,3,41.2517398,69.2140735,primary
207549107,4,41.2509306,69.2129449,primary
207549107,5,41.250613,69.2124801,primary
207549107,6,41.2504672,69.2122668,primary
207549107,7,41.2491345,69.2102775,primary
207549107,8,41.2490674,69.2101709,primary
207549107,9,41.2487131,69.2096084,primary
207549107,10,41.2481811,69.2087638,primary
207549107,11,41.2478923,69.2082692,primary
207549107,12,41.2476294,69.2078191,primary
207549107,13,41.2475361,69.20761,primary
207549107,14,41.2474491,69.2074008,primary
207549107,15,41.247286,69.2069712,primary
207549107,16,41.2470306,69.2061588,primary
207549107,17,41.2469504,69.2059277,primary
207549107,18,41.2468036,69.2055428,primary
207549107,19,41.2467096,69.2053258,primary
207549107,20,41.2466145,69.2051077,primary
207549107,21,41.2464994,69.2048995,primary
207549107,22,41.2462494,69.2044955,primary
207549107,23,41.2457202,69.2037657,primary
207549107,24,41.245287,69.2031553,primary
207549107,25,41.2445972,69.2021695,primary
207549107,26,41.2442037,69.2016132,primary
207549108,0,41.2442037,69.2016132,primary
207549108,1,41.2440239,69.201359,primary
207549108,2,41.2430612,69.1999987,primary
207549108,3,41.242214,69.1988015,primary
207549108,4,41.2414987,69.1977986,primary
207549108,5,41.2412786,69.197493,primary
207549108,6,41.2403893,69.1962578,primary
207549108,7,41.2402397,69.1960388,primary
207549108,8,41.240128,69.1958575,primary
207549108,9,41.2400147,69.1956622,primary
207549108,10,41.2399042,69.1954614,primary
207549108,11,41.2395547,69.1947026,primary
207549108,12,41.2394567,69.1944839,primary
207549108,13,41.2388689,69.1932236,primary
207549108,14,41.2385015,69.1923985,primary
207549108,15,41.2383177,69.191963,primary
207549108,16,41.2379217,69.1910244,primary
207549108,17,41.2377233,69.1906482,primary
207549108,18,41.2375139,69.1902979,primary
207549108,19,41.2372899,69.1899575,primary
207549108,20,41.2370459,69.1896209,primary
207549108,21,41.2368381,69.1893874,primary
207549108,22,41.2366343,69.1891675,primary
207549108,23,41.2365922,69.1891273,primary
208411741,0,41.1618164,69.1225416,primary
208411741,1,41.1621938,69.1227951,primary
208411742,0,41.1622274,69.122698,primary
208411742,1,41.1618419,69.1224465,primary
208411744,0,41.1621938,69.1227951,primary
208411744,1,41.1629118,69.1232316,primary
208411744,2,41.1636366,69.1235568,primary
208411744,3,41.1646342,69.1240098,primary
208411744,4,41.1658077,69.1245732,primary
208411744,5,41.1661565,69.1247489,primary
208411744,6,41.1667137,69.1250402,primary
208411744,7,41.1672623,69.1254005,primary
208411744,8,41.16752,69.125599,primary
208411744,9,41.1678492,69.125889,primary
208411744,10,41.168077,69.1260922,primary
221347559,0,41.298838,69.2733021,primary
221347559,1,41.2989687,69.2731616,primary
227627102,0,41.3397358,69.2855293,primary
227627102,1,41.3396551,69.285732,primary
232619364,0,41.2355424,69.164474,trunk
232619364,1,41.2357868,69.1648428,trunk
232619364,2,41.2359538,69.1650772,trunk
232619364,3,41.2361208,69.1653096,trunk
232619364,4,41.2362408,69.1654656,trunk
232619364,5,41.2363651,69.1656177,trunk
232619364,6,41.2365374,69.1658282,trunk
232619364,7,41.2366969,69.1660064,trunk
232619367,0,41.3835297,69.2099475,trunk
232619367,1,41.3830146,69.2091222,trunk
232619367,2,41.3817636,69.2071691,trunk
232619367,3,41.3812971,69.2064322,trunk
232619367,4,41.3803662,69.2049549,trunk
232619367,5,41.3793586,69.2033368,trunk
232619367,6,41.3789269,69.2026709,trunk
232619367,7,41.3778699,69.2009936,trunk
232619367,8,41.3772393,69.1999894,trunk
232619367,9,41.3768651,69.199399,trunk
232619367,10,41.3764847,69.1987954,trunk
232619367,11,41.3759993,69.1980252,trunk
232619367,12,41.3752867,69.1968944,trunk
232619367,13,41.3747348,69.1960185,trunk
232619367,14,41.3743371,69.1953875,trunk
232619367,15,41.3737948,69.194527,trunk
232619367,16,41.3734701,69.1940117,trunk
232619367,17,41.3731687,69.1935335,trunk
232619367,18,41.3729992,69.1932646,trunk
232619367,19,41.3728304,69.1929968,trunk
232619367,20,41.3723341,69.1922093,trunk
232619367,21,41.3718841,69.1914952,trunk
232619368,0,41.2362629,69.1685915,trunk
232619368,1,41.2364787,69.1685276,trunk
232619371,0,41.2403082,69.1670716,trunk
232619371,1,41.2386938,69.1676145,trunk
232619372,0,41.3856551,69.2136231,trunk
232619372,1,41.3862527,69.2145737,trunk
232619430,0,41.3869872,69.2112675,primary
232619430,1,41.3865985,69.2116459,primary
232619430,2,41.3862566,69.2120012,primary
232619430,3,41.3859858,69.212318,primary
234163980,0,41.3237616,69.3176899,primary
234163980,1,41.323797,69.3177884,primary
234163980,2,41.3239979,69.3183404,primary
234163980,3,41.3245159,69.320006,primary
234163980,4,41.3247401,69.3207534,primary
234163980,5,41.3249485,69.3215647,primary
234163980,6,41.3251059,69.3222207,primary
234163980,7,41.3251172,69.322268,primary
234163980,8,41.325162,69.3224753,primary
234163980,9,41.3251961,69.3226783,primary
234163980,10,41.3253225,69.3235295,primary
234163980,11,41.3253723,69.3238727,primary
234163980,12,41.3254035,69.3240957,primary
234163980,13,41.3254167,69.324188,primary
234163980,14,41.3254622,69.3245061,primary
234163981,0,41.3238919,69.3176142,primary
234163981,1,41.3235161,69.3165296,primary
238284870,0,41.3287126,69.2395604,primary
238284870,1,41.3288647,69.2395721,primary
238284870,2,41.328938,69.2395766,primary
238284870,3,41.3290112,69.2395866,primary
238284870,4,41.3290856,69.239605,primary
238284870,5,41.3291543,69.2396285,primary
238284870,6,41.3292272,69.2396597,primary
238284870,7,41.3293205,69.2397118,primary
238284870,8,41.3294385,69.2397836,primary
238284870,9,41.3295095,69.2398316,primary
238284870,10,41.3295804,69.239881,primary
238284870,11,41.3296492,69.2399347,primary
238284870,12,41.3297178,69.2399902,primary
238284870,13,41.3297852,69.2400477,primary
238284870,14,41.329852,69.2401055,primary
238284870,15,41.3299186,69.2401663,primary
238284870,16,41.329985,69.240228,primary
238284870,17,41.330049,69.2402908,primary
238284870,18,41.3301097,69.240354,primary
238284870,19,41.3301724,69.240425,primary
238284870,20,41.3302281,69.2404972,primary
238284870,21,41.330281,69.2405693,primary
238284870,22,41.3303339,69.2406458,primary
238284870,23,41.330384,69.2407274,primary
238284870,24,41.3304569,69.2408461,primary
238284870,25,41.3304881,69.2409086,primary
238284870,26,41.3305233,69.2409935,primary
238284870,27,41.3305722,69.2411066,primary
238284870,28,41.3306301,69.2412792,primary
238284870,29,41.33066,69.24138,primary
238284870,30,41.3306863,69.2414799,primary
238284870,31,41.3307102,69.2415813,primary
238284870,32,41.3307291,69.2416843,primary
238284870,33,41.330746,69.2417886,primary
238284870,34,41.3307624,69.2418958,primary
238284870,35,41.3307761,69.2420045,primary
238284870,36,41.3307875,69.2421117,primary
238284870,37,41.3307956,69.2422188,primary
238284870,38,41.3308028,69.2423312,primary
238284870,39,41.3308075,69.2424435,primary
238284870,40,41.3308067,69.2425569,primary
238284870,41,41.3308032,69.2426686,primary
241224094,0,41.3220227,69.2361616,primary
241224094,1,41.3221169,69.2363548,primary
241224094,2,41.3221658,69.2364737,primary
241224094,3,41.3222049,69.2365707,primary
241224094,4,41.3222526,69.2367216,primary
241224094,5,41.3223177,69.2369515,primary
245226779,0,41.3006992,69.2107831,primary
245226779,1,41.3009398,69.2107745,primary
245227738,0,41.2930469,69.2879954,trunk
245227738,1,41.2924783,69.2870423,trunk
245227738,2,41.2922941,69.2867217,trunk
245227738,3,41.2921076,69.2863501,trunk
245227738,4,41.2919253,69.2859739,trunk
245227738,5,41.2915919,69.2851868,trunk
245227738,6,41.2910611,69.2840909,trunk
245227741,0,41.290618,69.2835804,trunk
245227741,1,41.2907711,69.2838563,trunk
245227741,2,41.2909328,69.2841888,trunk
245227742,0,41.2908074,69.283579,trunk
245227742,1,41.2907191,69.283429,trunk
245227742,2,41.290683,69.2833703,trunk
245227742,3,41.290643,69.2833116,trunk
245227742,4,41.2906021,69.2832544,trunk
245227742,5,41.2905607,69.2831986,trunk
245227742,6,41.2905247,69.2831519,trunk
245227742,7,41.2904873,69.2831038,trunk
245227742,8,41.2904487,69.2830582,trunk
245227742,9,41.2904114,69.2830139,trunk
245227742,10,41.2903696,69.2829638,trunk
245227742,11,41.2903284,69.2829162,trunk
245227742,12,41.2902866,69.2828708,trunk
245227742,13,41.2902417,69.2828262,trunk
245227742,14,41.2901964,69.2827842,trunk
245227742,15,41.2901459,69.2827422,trunk
245227742,16,41.2900454,69.2826623,trunk
245227742,17,41.2899407,69.2825862,trunk
245227742,18,41.2898344,69.2825126,trunk
245227742,19,41.2897284,69.282444,trunk
245234222,0,41.3220227,69.2361616,primary
245234222,1,41.3221441,69.2362796,primary
245234222,2,41.3222475,69.2363733,primary
245234222,3,41.3222866,69.2364015,primary
245234222,4,41.3223272,69.2364265,primary
245234222,5,41.3223685,69.2364364,primary
245234222,6,41.3224077,69.23644,primary
250214086,0,41.294254,69.2506453,primary
250214086,1,41.2939889,69.2506459,primary
250214086,2,41.2939366,69.2506458,primary
250214086,3,41.2937436,69.2506456,primary
250618717,0,41.3073709,69.3011219,primary
250618717,1,41.3073358,69.3013522,primary
250618717,2,41.3072603,69.3017747,primary
250618717,3,41.3071764,69.3021929,primary
250618717,4,41.3070897,69.3026067,primary
250618717,5,41.3070422,69.3028141,primary
250618717,6,41.3069907,69.3030178,primary
250618717,7,41.3069323,69.3032191,primary
250618717,8,41.3068664,69.303415,primary
250618717,9,41.3067911,69.303611,primary
250618717,10,41.3067047,69.3038191,primary
250618717,11,41.3065439,69.304166,primary
250618717,12,41.3063692,69.3045314,primary
250618717,13,41.3060101,69.3052598,primary
250618718,0,41.3075445,69.300825,primary
250618718,1,41.3075661,69.3006821,primary
250618718,2,41.3076206,69.3001425,primary
250618718,3,41.3076302,69.3000333,primary
255992308,0,41.4118234,69.2011343,primary
255992308,1,41.4115198,69.2012567,primary
255992308,2,41.4113399,69.2013565,primary
255992308,3,41.4111943,69.2014437,primary
255992308,4,41.4106012,69.201838,primary
255992308,5,41.4103444,69.20201,primary
255992308,6,41.4099819,69.202178,primary
255992308,7,41.4098268,69.2022386,primary
255992308,8,41.4096649,69.2022938,primary
255992308,9,41.4093233,69.2023711,primary
255992308,10,41.4091614,69.202392,primary
255992308,11,41.4090487,69.2024005,primary
255992308,12,41.4075844,69.2024446,primary
255992308,13,41.406877,69.2024564,primary
255992308,14,41.4062298,69.2024573,primary
255992308,15,41.4054644,69.2024856,primary
255992308,16,41.4047064,69.2025246,primary
255992310,0,41.4047064,69.2025246,primary
255992310,1,41.4046043,69.2025311,primary
255992310,2,41.4044439,69.2025413,primary
255992310,3,41.4042309,69.2025757,primary
255992310,4,41.4039635,69.202646,primary
255992310,5,41.4037303,69.2027135,primary
255992311,0,41.4016168,69.2035339,primary
255992311,1,41.4030826,69.2030454,primary
256787914,0,41.3221129,69.2822254,primary
256787914,1,41.3224581,69.2822988,primary
256787914,2,41.3235757,69.2825236,primary
256787914,3,41.3236542,69.2825396,primary
256787914,4,41.3237168,69.2825523,primary
256787914,5,41.3244423,69.2827003,primary
256787914,6,41.3249641,69.2828066,primary
256787914,7,41.3252083,69.2828564,primary
256787914,8,41.3253666,69.2828887,primary
256787914,9,41.3254237,69.2829003,primary
256787914,10,41.3255472,69.2829281,primary
257504113,0,41.3204057,69.3071797,primary
257504113,1,41.3201684,69.3077327,primary
257504114,0,41.3201684,69.3077327,primary
257504114,1,41.319739,69.3087332,primary
257504114,2,41.3196292,69.3089891,primary
257504114,3,41.3193437,69.3096845,primary
257504114,4,41.3192747,69.3098631,primary
257504114,5,41.3192089,69.3100417,primary
257504114,6,41.3190896,69.3104078,primary
257504114,7,41.3190627,69.3104907,primary
257504114,8,41.3189164,69.3109593,primary
274720793,0,41.2891652,69.2823409,trunk
274720793,1,41.2892635,69.2823913,trunk
274720793,2,41.2896765,69.2826129,trunk
274731189,0,41.3049733,69.2975754,primary
274731189,1,41.3051025,69.2976864,primary
274731189,2,41.3052326,69.297786,primary
274731189,3,41.3053675,69.2978765,primary
274731189,4,41.3055057,69.2979589,primary
274731189,5,41.3056225,69.2980163,primary
274731189,6,41.3057403,69.2980675,primary
274731189,7,41.3058541,69.2981095,primary
274731189,8,41.305968,69.2981441,primary
274731189,9,41.3061027,69.2981738,primary
274731189,10,41.3062407,69.2981959,primary
274731189,11,41.306377,69.2982084,primary
274731189,12,41.3065078,69.2982151,primary
274731189,13,41.3066433,69.2982049,primary
274731189,14,41.3067789,69.2981896,primary
274731189,15,41.3070461,69.2981371,primary
274731190,0,41.3050264,69.2974096,primary
274731190,1,41.304928,69.2973135,primary
274731190,2,41.3048291,69.2972055,primary
274731190,3,41.3047333,69.2970915,primary
274731190,4,41.3046393,69.2969719,primary
274731190,5,41.304492,69.2967627,primary
274731190,6,41.3043447,69.29655,primary
274731190,7,41.3040541,69.2961242,primary
274731190,8,41.3032861,69.2949717,primary
274731190,9,41.3019323,69.2929415,primary
274731190,10,41.3014027,69.2922483,primary
274731190,11,41.3008592,69.2915684,primary
274731190,12,41.3003935,69.2911066,primary
274731191,0,41.3071969,69.297851,primary
274731191,1,41.3072666,69.2982381,primary
274731192,0,41.3073436,69.2978036,primary
274731192,1,41.3072905,69.2975331,primary
274731193,0,41.3074188,69.2981869,primary
274731193,1,41.3073436,69.2978036,primary
274731194,0,41.3072666,69.2982381,primary
274731194,1,41.3073445,69.2986706,primary
274731194,2,41.3073968,69.298961,primary
274731198,0,41.3079324,69.2977295,primary
274731198,1,41.3075623,69.2978321,primary
274731199,0,41.3079516,69.2978615,primary
274731199,1,41.3082514,69.2977526,primary
274731199,2,41.3085491,69.2976175,primary
274731199,3,41.3093374,69.297248,primary
274731199,4,41.3097335,69.2970582,primary
274731199,5,41.3101238,69.2968609,primary
274731199,6,41.3102971,69.2967762,primary
274731200,0,41.3070461,69.2981371,primary
274731200,1,41.3075831,69.2979779,primary
275187154,0,41.3173851,69.2933432,primary
275187154,1,41.3176012,69.2931602,primary
275187154,2,41.3183425,69.2924959,primary
275187154,3,41.3187385,69.2921423,primary
275187154,4,41.3190449,69.2918219,primary
275187154,5,41.3194517,69.2913394,primary
275187156,0,41.3172882,69.2931241,primary
275187156,1,41.3169042,69.2934506,primary
275187157,0,41.3169872,69.2936301,primary
275187157,1,41.3173851,69.2933432,primary
275187159,0,41.321617,69.2810403,primary
275187159,1,41.3213953,69.2829238,primary
275187162,0,41.321806,69.2795314,primary
275187162,1,41.321617,69.2810403,primary
275187164,0,41.3210879,69.2865451,primary
275187164,1,41.3215189,69.2829457,primary
275187165,0,41.3219313,69.2795635,primary
275187165,1,41.3220143,69.2789174,primary
275187165,2,41.3222901,69.2779637,primary
275187165,3,41.3224912,69.2773812,primary
275187167,0,41.3209445,69.2864889,primary
275187167,1,41.3207748,69.2875304,primary
286206042,0,41.3172304,69.3108242,trunk
286206042,1,41.3169491,69.3106752,trunk
286206042,2,41.3163157,69.310244,trunk
286206042,3,41.3148302,69.3091714,trunk
286206042,4,41.3139769,69.3085459,trunk
286206042,5,41.3127374,69.3076615,trunk
286206042,6,41.3125429,69.3075367,trunk
286206042,7,41.3118838,69.3071017,trunk
286206042,8,41.3118492,69.3070778,trunk
286206042,9,41.31113,69.3065915,trunk
286206042,10,41.3107085,69.3062662,trunk
286206042,11,41.3104876,69.3060793,trunk
286206042,12,41.3102686,69.3058798,trunk
286206042,13,41.3101631,69.3057744,trunk
286206042,14,41.3101265,69.3057361,trunk
286206042,15,41.3099628,69.3055569,trunk
286206042,16,41.3098171,69.3053863,trunk
286206042,17,41.3096433,69.3051723,trunk
286206042,18,41.3095611,69.3050588,trunk
286206042,19,41.309489,69.3049539,trunk
286206042,20,41.3091399,69.3044093,trunk
286206042,21,41.3088273,69.3038806,trunk
286206042,22,41.3087406,69.303739,trunk
286206042,23,41.3086348,69.3035662,trunk
286206042,24,41.3085641,69.3034511,trunk
286206042,25,41.3084154,69.3032089,trunk
286206043,0,41.3171846,69.3109872,trunk
286206043,1,41.31746,69.311111,trunk
286206043,2,41.3177633,69.3112184,trunk
286206043,3,41.3184769,69.311456,trunk
293538942,0,41.3401194,69.2700338,trunk
293538942,1,41.3401972,69.2701079,trunk
300419134,0,41.2707859,69.2456472,primary
300419134,1,41.2713848,69.245556,primary
300419134,2,41.271473,69.2455426,primary
300419136,0,41.2738212,69.2451542,primary
300419136,1,41.2738246,69.2452112,primary
300991082,0,41.2220095,69.1384054,trunk
300991082,1,41.222017,69.1384173,trunk
300991082,2,41.2235412,69.1408406,trunk
300991082,3,41.2236552,69.1410218,trunk
300991082,4,41.2237617,69.1411912,trunk
300991082,5,41.2242859,69.1420246,trunk
300991082,6,41.2244348,69.1422613,trunk
300991082,7,41.2256514,69.1441957,trunk
300991082,8,41.2264554,69.1454738,trunk
300991082,9,41.2273182,69.1468453,trunk
300991082,10,41.2283001,69.1484064,trunk
300991082,11,41.2285853,69.1488598,trunk
300991082,12,41.2287979,69.1491976,trunk
300991082,13,41.2290142,69.1495415,trunk
300991082,14,41.2298637,69.1508921,trunk
300991082,15,41.2303639,69.1516957,trunk
300991082,16,41.2311293,69.1528685,trunk
300991082,17,41.2313986,69.1533182,trunk
300991082,18,41.2315213,69.1535491,trunk
300991082,19,41.2316416,69.1537712,trunk
300991082,20,41.2317207,69.153925,trunk
300991082,21,41.2319491,69.1543793,trunk
300991082,22,41.2319637,69.1544082,trunk
300991082,23,41.2321178,69.1547355,trunk
300991082,24,41.2322802,69.1550898,trunk
300991082,25,41.2323752,69.1553179,trunk
300991082,26,41.232473,69.1555498,trunk
300991082,27,41.2326408,69.1559673,trunk
300991082,28,41.2326586,69.1560117,trunk
300991082,29,41.2328283,69.1564865,trunk
300991082,30,41.2329875,69.1569641,trunk
300991082,31,41.2332201,69.1577095,trunk
300991082,32,41.2334609,69.1586373,trunk
300991082,33,41.2336892,69.159516,trunk
300991082,34,41.2340705,69.1609865,trunk
300991082,35,41.2341401,69.1612438,trunk
300991082,36,41.234221,69.1615006,trunk
300991082,37,41.2343071,69.1617547,trunk
301028486,0,41.2489991,69.2652205,primary
301028486,1,41.2490287,69.2652886,primary
301028486,2,41.2490656,69.26535,primary
301028486,3,41.2491091,69.2654033,primary
301028486,4,41.2491582,69.2654472,primary
301028486,5,41.2492116,69.2654808,primary
301028486,6,41.2492696,69.2655076,primary
301028486,7,41.2493149,69.265518,primary
301152164,0,41.2544863,69.2490537,primary
301152164,1,41.2545084,69.2490241,primary
301152164,2,41.2545315,69.2489984,primary
301152164,3,41.2545544,69.248975,primary
301152164,4,41.2545782,69.248952,primary
301152164,5,41.2546095,69.2489237,primary
301152164,6,41.254642,69.2488963,primary
301152164,7,41.2546751,69.2488731,primary
301152164,8,41.2547075,69.2488522,primary
301152164,9,41.254736,69.2488364,primary
301152164,10,41.2547651,69.2488215,primary
301152164,11,41.2547974,69.2488097,primary
301152164,12,41.2548308,69.2487993,primary
301152164,13,41.2548664,69.2487927,primary
301152164,14,41.254903,69.2487875,primary
301152164,15,41.2549362,69.2487859,primary
301152164,16,41.2549711,69.2487852,primary
301152164,17,41.255006,69.248786,primary
301152164,18,41.2550414,69.2487896,primary
301152164,19,41.2550765,69.2487962,primary
301152164,20,41.2551108,69.2488049,primary
301152164,21,41.2551456,69.248815,primary
301152164,22,41.2551797,69.2488268,primary
301152164,23,41.2552139,69.2488426,primary
301152164,24,41.255247,69.2488593,primary
301152164,25,41.2552802,69.2488809,primary
301152164,26,41.2553112,69.2489044,primary
301152164,27,41.2553406,69.2489309,primary
301152164,28,41.2553683,69.2489612,primary
301152164,29,41.2553935,69.248992,primary
301152164,30,41.2554177,69.2490254,primary
301152164,31,41.2554382,69.2490589,primary
301152164,32,41.2554571,69.2490944,primary
301152164,33,41.2554755,69.2491307,primary
301152164,34,41.255492,69.2491677,primary
301152164,35,41.2555627,69.2493383,primary
301152164,36,41.2560145,69.2504919,primary
301152164,37,41.2561258,69.2508547,primary
301152164,38,41.2561608,69.2509687,primary
301152170,0,41.2561608,69.2509687,primary
301152170,1,41.2567361,69.2528194,primary
301152170,2,41.2568509,69.2531164,primary
301152170,3,41.2569795,69.2534071,primary
301152170,4,41.2571356,69.2537329,primary
301152170,5,41.257691,69.2547278,primary
301152170,6,41.2579237,69.2551279,primary
301152170,7,41.2582781,69.2557374,primary
301152174,0,41.257691,69.2547278,primary
301152174,1,41.2577841,69.2546345,primary
301152185,0,41.2562562,69.2509075,primary
301152185,1,41.2561608,69.2509687,primary
301880202,0,41.2663189,69.2476894,trunk
301880202,1,41.2662783,69.247474,trunk
301880202,2,41.2662325,69.2471648,trunk
301880202,3,41.2661887,69.2468584,trunk
301880202,4,41.266172,69.2467386,trunk
301880202,5,41.2661461,69.2465523,trunk
301880202,6,41.2661318,69.2464488,trunk
301880202,7,41.2661205,69.2463534,trunk
301987917,0,41.3371065,69.223054,primary
301987917,1,41.3374633,69.2235377,primary
301987917,2,41.3377217,69.2239148,primary
301987917,3,41.3377578,69.2239697,primary
301987917,4,41.3378748,69.2241474,primary
301987917,5,41.3379444,69.2242531,primary
302867170,0,41.2661105,69.2462732,trunk
302867170,1,41.2661026,69.2461997,trunk
302867170,2,41.2660914,69.2460622,trunk
302867170,3,41.2660485,69.2455357,trunk
302867170,4,41.2658788,69.2434515,trunk
302867170,5,41.2657556,69.2419392,trunk
302867170,6,41.2657362,69.2417008,trunk
302867170,7,41.2656928,69.2411671,trunk
302867170,8,41.265631,69.2404086,trunk
303419390,0,41.3387849,69.2551488,primary
303419390,1,41.338921,69.2547183,primary
303419390,2,41.3393875,69.2532423,primary
303419390,3,41.339961,69.251476,primary
303419393,0,41.3412834,69.2448861,primary
303419393,1,41.3412238,69.2453181,primary
303419393,2,41.3412017,69.245478,primary
303419393,3,41.3410824,69.2463421,primary
303419393,4,41.3410488,69.2465857,primary
303419393,5,41.3409504,69.2471765,primary
303419393,6,41.3408715,69.2475969,primary
303419393,7,41.3408071,69.2478983,primary
303419393,8,41.3407267,69.2482517,primary
303419393,9,41.3406369,69.2486301,primary
303419393,10,41.3405697,69.2488959,primary
303419393,11,41.3405002,69.2491627,primary
303419393,12,41.3404266,69.2494323,primary
303419393,13,41.3403523,69.2497018,primary
303419393,14,41.3400285,69.2508193,primary
303419393,15,41.3399897,69.2509391,primary
303419393,16,41.3399753,69.250995,primary
303419393,17,41.3398901,69.2512653,primary
303419393,18,41.3396394,69.2520611,primary
303419393,19,41.3392431,69.2532816,primary
303419393,20,41.3390336,69.2539267,primary
303419394,0,41.3415007,69.2341873,primary
303419394,1,41.3415407,69.2345214,primary
303419394,2,41.3415782,69.2348526,primary
303419394,3,41.341612,69.2352049,primary
303419394,4,41.3416373,69.2355201,primary
303419394,5,41.3416599,69.2358309,primary
303419394,6,41.3416806,69.2361418,primary
303419394,7,41.3417006,69.2364526,primary
303419395,0,41.3417929,69.2360213,primary
303419395,1,41.3417618,69.2356029,primary
303419395,2,41.3417251,69.2351846,primary
303419395,3,41.3416865,69.2348311,primary
303419395,4,41.3416103,69.2341493,primary
303419395,5,41.341571,69.2338213,primary
303419398,0,41.3404856,69.2496638,primary
303419398,1,41.3406085,69.2491987,primary
303419398,2,41.3406718,69.2489478,primary
303419398,3,41.3407335,69.248697,primary
303419398,4,41.3408491,69.2482113,primary
303419398,5,41.3409098,69.2479434,primary
303419398,6,41.3409765,69.2476354,primary
303419398,7,41.3410302,69.2473634,primary
303419398,8,41.3410789,69.2470897,primary
303419398,9,41.3411697,69.2465329,primary
303419398,10,41.3411933,69.2463704,primary
303419398,11,41.3413436,69.2453351,primary
303419398,12,41.3414046,69.2449145,primary
303419398,13,41.3415435,69.2438904,primary
303419398,14,41.3416259,69.2432713,primary
303419398,15,41.3417286,69.2424086,primary
303419398,16,41.3417363,69.2423331,primary
303419398,17,41.3417681,69.2420303,primary
303419399,0,41.3397986,69.2274459,primary
303419399,1,41.3396425,69.2270964,primary
303419399,2,41.3395012,69.2267991,primary
303419399,3,41.3394021,69.2265931,primary
303419399,4,41.3393012,69.2263867,primary
303419399,5,41.339197,69.2261803,primary
303419399,6,41.3391026,69.2259971,primary
303419399,7,41.3389702,69.2257447,primary
303419399,8,41.3388337,69.2254904,primary
303419400,0,41.334711,69.2644012,primary
303419400,1,41.3347618,69.2643054,primary
303419402,0,41.3380739,69.257107,primary
303419402,1,41.3381176,69.256939,primary
303419403,0,41.3347618,69.2643054,primary
303419403,1,41.3348888,69.2640655,primary
303419403,2,41.3349464,69.2639354,primary
303419403,3,41.3349954,69.2638135,primary
303419403,4,41.3350411,69.2636862,primary
303419403,5,41.3350841,69.2635586,primary
303419403,6,41.3351231,69.2634299,primary
303419403,7,41.3352314,69.263041,primary
303419403,8,41.3353321,69.2626658,primary
303419403,9,41.3353871,69.262483,primary
303419403,10,41.335447,69.2623017,primary
303419403,11,41.3355118,69.262122,primary
303419403,12,41.3355807,69.261945,primary
303419403,13,41.3356531,69.2617741,primary
303419403,14,41.3357286,69.2616107,primary
303419403,15,41.3357779,69.2615091,primary
303419403,16,41.3358285,69.2614076,primary
303419403,17,41.3358808,69.2613092,primary
303419403,18,41.3359339,69.2612125,primary
303419403,19,41.3364684,69.2603032,primary
303419403,20,41.3369854,69.2593628,primary
303419408,0,41.3336605,69.2191046,primary
303419408,1,41.3335816,69.2190257,primary
303419408,2,41.333339,69.2187801,primary
303419408,3,41.3330484,69.218486,primary
303419408,4,41.3329464,69.2183827,primary
303419408,5,41.3328666,69.218302,primary
303419410,0,41.3367457,69.2595498,primary
303419410,1,41.3364255,69.2601262,primary
303419410,2,41.3358721,69.2611045,primary
303419410,3,41.3358067,69.2612208,primary
303419410,4,41.3357494,69.2613251,primary
303419410,5,41.3356943,69.2614312,primary
303419410,6,41.33564,69.2615394,primary
303419410,7,41.3355617,69.2617091,primary
303419410,8,41.3354856,69.2618817,primary
303419410,9,41.3354136,69.2620557,primary
303419410,10,41.3353458,69.2622381,primary
303419410,11,41.3352827,69.2624229,primary
303419410,12,41.3352534,69.2625175,primary
303419410,13,41.3352252,69.2626134,primary
303419410,14,41.3351991,69.2627082,primary
303419410,15,41.3351741,69.2628042,primary
303419410,16,41.3351264,69.262995,primary
303419410,17,41.3350843,69.2631485,primary
303419410,18,41.3350473,69.2632663,primary
303419410,19,41.3350089,69.2633831,primary
303419410,20,41.3349791,69.2634651,primary
303419410,21,41.3349117,69.2636326,primary
303419410,22,41.3348424,69.2637976,primary
303419410,23,41.334767,69.2639615,primary
303419410,24,41.3346442,69.2641959,primary
303419411,0,41.3345936,69.2642925,primary
303419411,1,41.3344641,69.2645396,primary
303419411,2,41.3342358,69.2649753,primary
303419411,3,41.3340783,69.2652759,primary
303419411,4,41.3337707,69.265863,primary
303419411,5,41.3336033,69.2661824,primary
303419411,6,41.3328527,69.2676067,primary
303419411,7,41.3325131,69.2682469,primary
303419411,8,41.3323592,69.2685195,primary
303419411,9,41.3322706,69.268673,primary
303419411,10,41.3322372,69.2687308,primary
303419411,11,41.3320821,69.2689777,primary
303419411,12,41.3319511,69.2691824,primary
303419411,13,41.3317379,69.2694997,primary
303419411,14,41.3311964,69.2702696,primary
303419413,0,41.3346442,69.2641959,primary
303419413,1,41.3345936,69.2642925,primary
303419414,0,41.3417006,69.2364526,primary
303419414,1,41.3417265,69.2369551,primary
303419414,2,41.3417367,69.2371722,primary
303419414,3,41.3417578,69.237797,primary
303419414,4,41.3417668,69.2380623,primary
303419414,5,41.3417689,69.2381244,primary
303419414,6,41.3417734,69.2385148,primary
303419414,7,41.3417761,69.2388712,primary
303419414,8,41.341775,69.2392853,primary
303419414,9,41.3417687,69.2397357,primary
303419414,10,41.3417612,69.2400254,primary
303419414,11,41.3417479,69.2403854,primary
303419414,12,41.3417276,69.2408078,primary
303419414,13,41.3417147,69.2410016,primary
303419414,14,41.3417026,69.2411943,primary
303419414,15,41.3416624,69.2415726,primary
303419414,16,41.3416544,69.2416624,primary
303419414,17,41.3416297,69.2419299,primary
303419417,0,41.3374307,69.2582058,primary
303419417,1,41.3371949,69.2586884,primary
303419417,2,41.3369759,69.2591265,primary
303419417,3,41.3367457,69.2595498,primary
303419419,0,41.3390336,69.2539267,primary
303419419,1,41.3386929,69.2548823,primary
303419419,2,41.3384301,69.2554629,primary
303419419,3,41.3382134,69.2560355,primary
303419419,4,41.3380811,69.2565375,primary
303419419,5,41.3380285,69.2567101,primary
303419419,6,41.3379934,69.2568548,primary
303469311,0,41.3312427,69.2704208,primary
303469311,1,41.3316746,69.2698168,primary
303469311,2,41.3318203,69.2696058,primary
303469311,3,41.3318856,69.2695058,primary
303469311,4,41.3321441,69.2691302,primary
303469311,5,41.3322065,69.2690246,primary
303469311,6,41.332327,69.2688261,primary
303469311,7,41.3323592,69.2687707,primary
303469311,8,41.3324304,69.2686482,primary
303469311,9,41.3324459,69.2686196,primary
303469311,10,41.3329179,69.2677502,primary
303469311,11,41.3336208,69.2664607,primary
303469311,12,41.3337116,69.2662891,primary
303469311,13,41.3342354,69.2653034,primary
303469311,14,41.3343848,69.2650195,primary
303469311,15,41.3345175,69.2647674,primary
303469311,16,41.3345782,69.2646521,primary
303469311,17,41.334711,69.2644012,primary
303502198,0,41.2493478,69.2572278,primary
303502198,1,41.2493223,69.257364,primary
303502198,2,41.2493123,69.2575001,primary
305502282,0,41.2851609,69.2536079,primary
305502282,1,41.285299,69.2537565,primary
305502283,0,41.2806996,69.2485807,primary
305502283,1,41.2808207,69.2487181,primary
305502283,2,41.2809873,69.2489104,primary
305502283,3,41.2812032,69.2491638,primary
305502283,4,41.2812701,69.2492363,primary
305502283,5,41.2822175,69.2502802,primary
305514975,0,41.3239417,69.2602619,primary
305514975,1,41.3241118,69.2620394,primary
305514977,0,41.3242046,69.2620364,primary
305514977,1,41.3246291,69.2606212,primary
305514979,0,41.3235808,69.267217,primary
305514979,1,41.3234014,69.2684483,primary
305514984,0,41.3234183,69.2689309,primary
305514984,1,41.3236577,69.2672376,primary
305514989,0,41.3234014,69.2684483,primary
305514989,1,41.3233296,69.2689048,primary
305514992,0,41.3241118,69.2620394,primary
305514992,1,41.3239375,69.2642869,primary
305514992,2,41.3238676,69.2650394,primary
305514992,3,41.3237647,69.2658757,primary
305514992,4,41.3235808,69.267217,primary
305514993,0,41.3239417,69.2602619,primary
305514993,1,41.323859,69.2613999,primary
305514993,2,41.3236831,69.2637022,primary
305514993,3,41.3236306,69.2644019,primary
305514993,4,41.3236052,69.2647569,primary
305514993,5,41.3236013,69.2647846,primary
305514993,6,41.3235945,69.2648284,primary
305514993,7,41.3235841,69.2648735,primary
305514993,8,41.3235699,69.264916,primary
305514993,9,41.3235503,69.2649548,primary
305514993,10,41.3235238,69.264991,primary
305514993,11,41.323491,69.2650229,primary
305514993,12,41.3234484,69.2650522,primary
305514995,0,41.3246291,69.2606212,primary
305514995,1,41.3246838,69.2599486,primary
305514995,2,41.324698,69.2597747,primary
305514995,3,41.3247495,69.2591416,primary
305514995,4,41.3247935,69.2586016,primary
305514995,5,41.3248992,69.257302,primary
305514995,6,41.3249227,69.2570328,primary
305514995,7,41.3250047,69.2561956,primary
305514995,8,41.3250343,69.2560191,primary
305514995,9,41.3250749,69.2558487,primary
305514995,10,41.3251379,69.2555986,primary
305514995,11,41.3251577,69.2555309,primary
305514995,12,41.3252647,69.255157,primary
305516646,0,41.3236577,69.2672376,primary
305516646,1,41.3238607,69.2657675,primary
305516646,2,41.3239503,69.2650304,primary
305516646,3,41.3240129,69.2642932,primary
305516646,4,41.3242046,69.2620364,primary
307988183,0,41.3221731,69.2209568,primary
307988183,1,41.3220078,69.2209357,primary
308021019,0,41.3452953,69.2069021,primary
308021019,1,41.3451585,69.2069041,primary
309362423,0,41.275596,69.2449016,primary
309362423,1,41.2754363,69.2449242,primary
309362423,2,41.2741712,69.2451034,primary
309362423,3,41.2740823,69.2451163,primary
309362423,4,41.273979,69.2451313,primary
309362423,5,41.2738212,69.2451542,primary
309362423,6,41.2733083,69.2452287,primary
309362423,7,41.2725822,69.2453342,primary
309362423,8,41.2723355,69.24537,primary
309362423,9,41.2720028,69.2454183,primary
309362423,10,41.2719638,69.245424,primary
309362423,11,41.2716385,69.2454712,primary
309362423,12,41.2715545,69.2454834,primary
309362423,13,41.2714822,69.2454939,primary
309362424,0,41.2670576,69.246229,primary
309362424,1,41.2674361,69.246176,primary
309362424,2,41.2678224,69.2461219,primary
309362424,3,41.2679419,69.2461029,primary
309362424,4,41.2680542,69.2460871,primary
309362424,5,41.2681922,69.2460677,primary
309362424,6,41.2682557,69.2460587,primary
309362424,7,41.2686948,69.2459836,primary
309362424,8,41.2688793,69.245952,primary
309362424,9,41.2690184,69.2459282,primary
309364139,0,41.3327571,69.2181911,primary
309364139,1,41.3328666,69.218302,primary
330215731,0,41.1945763,69.3314019,trunk
330215731,1,41.1932844,69.3312413,trunk
330215731,2,41.1924348,69.3311334,trunk
330215731,3,41.1913613,69.3310253,trunk
330215731,4,41.1902511,69.3308994,trunk
330215731,5,41.1886947,69.3307002,trunk
330215731,6,41.1876157,69.3305378,trunk
330215731,7,41.1873789,69.3305047,trunk
330215731,8,41.1865265,69.3304044,trunk
330215731,9,41.185473,69.3302538,trunk
330215731,10,41.1843782,69.3300951,trunk
330215731,11,41.184226,69.3300753,trunk
330215731,12,41.1834191,69.3299668,trunk
330215731,13,41.1824305,69.3298339,trunk
330215731,14,41.1819412,69.3297554,trunk
330215731,15,41.1816401,69.3297072,trunk
330215731,16,41.1813696,69.3296669,trunk
330215731,17,41.18083,69.3295933,trunk
330215731,18,41.1802991,69.3295213,trunk
330215731,19,41.1797638,69.3294486,trunk
330215731,20,41.1791962,69.3293536,trunk
330215731,21,41.1789148,69.3293149,trunk
330215731,22,41.1767391,69.329039,trunk
330215731,23,41.1762586,69.3289664,trunk
330215731,24,41.1745444,69.3287424,trunk
330215731,25,41.1736019,69.3286193,trunk
330215731,26,41.17203,69.3284109,trunk
330215731,27,41.1705605,69.3282124,trunk
330215731,28,41.1705238,69.3282074,trunk
330215731,29,41.1696758,69.3280783,trunk
330215731,30,41.1683008,69.3279013,trunk
330215731,31,41.1657312,69.3275591,trunk
330215735,0,41.2466237,69.3937361,trunk
330215735,1,41.2467732,69.3935405,trunk
330215735,2,41.2470976,69.3931313,trunk
330215735,3,41.2473574,69.3927849,trunk
330215736,0,41.2677781,69.3660895,trunk
330215736,1,41.2676095,69.3661363,trunk
330215737,0,41.2158555,69.3343835,trunk
330215737,1,41.2153338,69.33431,trunk
330215737,2,41.2142393,69.3341559,trunk
330215737,3,41.2137382,69.3340838,trunk
330215737,4,41.2119292,69.3338418,trunk
330215737,5,41.210794,69.3336876,trunk
330215737,6,41.2097284,69.3335338,trunk
330215738,0,41.216132,69.3345617,trunk
330215738,1,41.2166581,69.3346374,trunk
330215738,2,41.2168456,69.3346617,trunk
330215738,3,41.2169405,69.334674,trunk
330215738,4,41.2171259,69.3346921,trunk
330215738,5,41.2172117,69.3347005,trunk
330215738,6,41.2177611,69.3346805,trunk
330215738,7,41.2180075,69.3346647,trunk
330215738,8,41.2181393,69.3346547,trunk
330215739,0,41.2398704,69.1689615,trunk
330215739,1,41.2398307,69.1689212,trunk
330215739,2,41.2389415,69.1680183,trunk
330215739,3,41.2388848,69.1679608,trunk
330215742,0,41.2683246,69.3667685,trunk
330215742,1,41.2683171,69.3666684,trunk
330215742,2,41.2682988,69.3665708,trunk
330215742,3,41.2682703,69.3664778,trunk
330215742,4,41.268232,69.3663911,trunk
330215742,5,41.2681847,69.3663126,trunk
330215742,6,41.2681295,69.366244,trunk
330215742,7,41.2680674,69.3661866,trunk
330215742,8,41.2679998,69.3661417,trunk
330215742,9,41.2679281,69.3661102,trunk
330215742,10,41.2678536,69.3660926,trunk
330215742,11,41.2677781,69.3660895,trunk
330215743,0,41.2676095,69.3661363,trunk
330215743,1,41.2675384,69.3661814,trunk
330215743,2,41.2674733,69.36624,trunk
330215743,3,41.2674155,69.366311,trunk
330215743,4,41.2673662,69.3663927,trunk
330215743,5,41.2673268,69.3664833,trunk
330215743,6,41.2672979,69.3665806,trunk
330215743,7,41.2672803,69.3666827,trunk
330215743,8,41.2672743,69.3667871,trunk
330215745,0,41.2347887,69.402118,trunk
330215745,1,41.234355,69.4021286,trunk
330215745,2,41.2340594,69.402136,trunk
330215745,3,41.2320478,69.4021867,trunk
330215745,4,41.2243515,69.4023741,trunk
330215745,5,41.2235256,69.4023876,trunk
330215745,6,41.2234031,69.4023922,trunk
330215745,7,41.2198818,69.4024761,trunk
330215745,8,41.2163826,69.4025552,trunk
330215745,9,41.2122976,69.4026557,trunk
330215745,10,41.2088708,69.4027383,trunk
330215745,11,41.2086822,69.4027423,trunk
330215745,12,41.2047493,69.4028133,trunk
330215747,0,41.2440862,69.3967324,trunk
330215747,1,41.2434764,69.3975018,trunk
330215747,2,41.2423018,69.398979,trunk
330215747,3,41.2420109,69.3993258,trunk
330215747,4,41.241699,69.3996941,trunk
330215747,5,41.2414829,69.3999253,trunk
330215747,6,41.2412308,69.4001875,trunk
330215747,7,41.2410553,69.4003677,trunk
330215747,8,41.2408208,69.4005825,trunk
330215747,9,41.2405513,69.4008267,trunk
330215747,10,41.2403981,69.4009576,trunk
330215747,11,41.2402433,69.4010865,trunk
330215747,12,41.2401038,69.4011947,trunk
330215747,13,41.2399644,69.4012971,trunk
330215747,14,41.2396738,69.401485,trunk
330215748,0,41.2271581,69.1994348,trunk
330215748,1,41.227122,69.1990536,trunk
330215749,0,41.2408424,69.167064,trunk
330215749,1,41.2459612,69.1653834,trunk
330215749,2,41.2461223,69.1653288,trunk
330215749,3,41.2483803,69.1645805,trunk
330215749,4,41.2486288,69.1644889,trunk
330215749,5,41.2488612,69.164392,trunk
330215751,0,41.230476,69.1726674,trunk
330215751,1,41.2302683,69.1728541,trunk
330215751,2,41.2300606,69.1730407,trunk
330215751,3,41.2298898,69.1732634,trunk
330215751,4,41.2297485,69.1734809,trunk
330215751,5,41.2295902,69.1737444,trunk
330215751,6,41.2294794,69.1739859,trunk
330215751,7,41.22939,69.1742434,trunk
330215751,8,41.2293127,69.1745009,trunk
330215751,9,41.2292396,69.1747849,trunk
330215751,10,41.2291827,69.175069,trunk
330215751,11,41.229148,69.1753511,trunk
330215751,12,41.2290378,69.17616,trunk
330215751,13,41.2289631,69.1767084,trunk
330215751,14,41.2289432,69.1768548,trunk
330215751,15,41.2289171,69.1770256,trunk
330215751,16,41.228895,69.1771599,trunk
330215751,17,41.2287893,69.1778035,trunk
330215751,18,41.2287299,69.1781244,trunk
330215751,19,41.2286581,69.1784433,trunk
330215751,20,41.228597,69.1786596,trunk
330215751,21,41.2285265,69.1788901,trunk
330215751,22,41.2284306,69.1791758,trunk
330215751,23,41.2282589,69.1796688,trunk
330215752,0,41.227077,69.1976282,trunk
330215752,1,41.2270528,69.1978249,trunk
330215752,2,41.2270148,69.1982303,trunk
330215752,3,41.2270057,69.198398,trunk
330215752,4,41.2269999,69.1985665,trunk
330215752,5,41.2270036,69.1988158,trunk
330215767,0,41.2265586,69.2000766,trunk
330215767,1,41.2266171,69.2000817,trunk
330215767,2,41.2266769,69.2000902,trunk
330215767,3,41.2267273,69.2001015,trunk
330215767,4,41.2267803,69.2001197,trunk
330215767,5,41.2268365,69.2001422,trunk
330215767,6,41.2268886,69.200168,trunk
330215767,7,41.2269404,69.2001985,trunk
330215767,8,41.2269869,69.2002316,trunk
330215767,9,41.2270322,69.2002695,trunk
330215767,10,41.2270741,69.2003108,trunk
330215767,11,41.2271138,69.2003539,trunk
330215767,12,41.2271513,69.2003974,trunk
330215767,13,41.227189,69.2004427,trunk
330215767,14,41.2272239,69.2004896,trunk
330215767,15,41.2272553,69.2005383,trunk
330215767,16,41.2273181,69.2006581,trunk
330215768,0,41.2265586,69.2000766,trunk
330215768,1,41.2266032,69.2000701,trunk
330215768,2,41.2266475,69.2000617,trunk
330215768,3,41.2266888,69.2000489,trunk
330215768,4,41.2267305,69.2000355,trunk
330215768,5,41.2267674,69.2000177,trunk
330215768,6,41.2268029,69.1999969,trunk
330215768,7,41.2268377,69.199972,trunk
330215768,8,41.2268702,69.1999457,trunk
330215768,9,41.2269016,69.1999171,trunk
330215768,10,41.2269312,69.1998877,trunk
330215768,11,41.2269585,69.1998563,trunk
330215768,12,41.2269837,69.1998239,trunk
330215768,13,41.227008,69.1997872,trunk
330215768,14,41.227031,69.1997504,trunk
330215768,15,41.2270519,69.1997113,trunk
330215768,16,41.2270706,69.1996723,trunk
330215772,0,41.2261378,69.1987352,trunk
330215772,1,41.2260988,69.1987826,trunk
330215772,2,41.2260651,69.1988356,trunk
330215772,3,41.2260401,69.1988831,trunk
330215772,4,41.2260204,69.1989313,trunk
330215772,5,41.226002,69.1989795,trunk
330215772,6,41.2259884,69.1990309,trunk
330215772,7,41.2259785,69.1990838,trunk
330215772,8,41.2259726,69.1991359,trunk
330215772,9,41.2259686,69.199188,trunk
330215772,10,41.2259666,69.1992398,trunk
330215772,11,41.2259665,69.1992954,trunk
330215772,12,41.2259697,69.1993491,trunk
330215772,13,41.2259747,69.1994027,trunk
330215772,14,41.2259832,69.1994559,trunk
330215772,15,41.225994,69.199509,trunk
330215772,16,41.2260077,69.1995603,trunk
330215772,17,41.226024,69.1996107,trunk
330215772,18,41.2260433,69.1996581,trunk
330215772,19,41.2260648,69.199705,trunk
330215772,20,41.2260874,69.1997467,trunk
330215772,21,41.2261121,69.199788,trunk
330215772,22,41.2261405,69.1998289,trunk
330215772,23,41.2261722,69.1998679,trunk
330215772,24,41.2262031,69.1999012,trunk
330215772,25,41.2262374,69.199932,trunk
330215772,26,41.2262727,69.199958,trunk
330215772,27,41.226299,69.1999738,trunk
330215772,28,41.2263102,69.1999805,trunk
330215772,29,41.2263494,69.2000009,trunk
330215772,30,41.226389,69.2000189,trunk
330215772,31,41.2264301,69.2000368,trunk
330215772,32,41.2264725,69.2000523,trunk
330215772,33,41.2265143,69.2000649,trunk
330215772,34,41.2265586,69.2000766,trunk
334968158,0,41.2026789,69.1105389,trunk
334968158,1,41.202164,69.1098098,trunk
334968158,2,41.2016868,69.1091339,trunk
334968159,0,41.2015753,69.1091498,trunk
334968159,1,41.2027078,69.1107516,trunk
334968163,0,41.2027078,69.1107516,trunk
334968163,1,41.2031104,69.1113212,trunk
334968163,2,41.2039524,69.1125122,trunk
334970130,0,41.2220788,69.13835,trunk
334970130,1,41.2214422,69.1373415,trunk
334970131,0,41.2349688,69.163001,trunk
334970131,1,41.2348313,69.1627163,trunk
334970131,2,41.2347054,69.1624548,trunk
334970131,3,41.2346188,69.1622554,trunk
334970131,4,41.2345359,69.1620559,trunk
334970131,5,41.2343871,69.1616616,trunk
334970131,6,41.2342694,69.1613298,trunk
334970131,7,41.2341568,69.160981,trunk
334970131,8,41.233772,69.1594801,trunk
334970131,9,41.2333057,69.1576615,trunk
334970131,10,41.2330799,69.1569535,trunk
334970131,11,41.2329077,69.1564411,trunk
334970131,12,41.2328191,69.1561711,trunk
334970131,13,41.2327234,69.1559048,trunk
334970131,14,41.2326024,69.1555973,trunk
334970131,15,41.2324738,69.1552872,trunk
334970131,16,41.2323356,69.1549638,trunk
334970131,17,41.2321912,69.1546404,trunk
334970131,18,41.2320371,69.1543188,trunk
334970131,19,41.2318831,69.1539973,trunk
334970131,20,41.2317308,69.153717,trunk
334970131,21,41.2315537,69.1533909,trunk
334970131,22,41.231382,69.1530929,trunk
334970131,23,41.2312046,69.1527911,trunk
334970131,24,41.230739,69.1520502,trunk
334970131,25,41.2300153,69.1508987,trunk
334970131,26,41.2299669,69.1508216,trunk
334970131,27,41.2289889,69.1492804,trunk
334970131,28,41.2286562,69.1487559,trunk
334970131,29,41.2283927,69.1483408,trunk
334970131,30,41.2283714,69.1483071,trunk
334970131,31,41.2281985,69.1480346,trunk
334970131,32,41.2281147,69.1479026,trunk
334970131,33,41.2265856,69.1454928,trunk
334970131,34,41.226534,69.1454115,trunk
334970131,35,41.2257158,69.144122,trunk
334970131,36,41.2256565,69.1440279,trunk
334970131,37,41.2255771,69.143902,trunk
334970131,38,41.2238526,69.141165,trunk
334970131,39,41.2237551,69.1410103,trunk
334970131,40,41.2233484,69.1403213,trunk
334970131,41,41.2225199,69.1390499,trunk
334970131,42,41.2220788,69.13835,trunk
334970133,0,41.2349326,69.1632216,trunk
334970133,1,41.2351747,69.1637371,trunk
334970133,2,41.2352375,69.1638773,trunk
334970133,3,41.235366,69.1641444,trunk
334970133,4,41.2355424,69.164474,trunk
334970135,0,41.2403987,69.1697267,trunk
334970135,1,41.241008,69.170339,trunk
334970138,0,41.2382122,69.1677712,trunk
334970138,1,41.2365708,69.1683098,trunk
334970138,2,41.2364379,69.1683476,trunk
334970139,0,41.2359955,69.1685113,trunk
334970139,1,41.2358062,69.1685768,trunk
334970139,2,41.235617,69.1686553,trunk
334970139,3,41.235466,69.1687306,trunk
334970139,4,41.2353296,69.1688123,trunk
334970139,5,41.235269,69.1688495,trunk
334970139,6,41.2349073,69.1690667,trunk
334970139,7,41.2345298,69.1693537,trunk
334970145,0,41.2384487,69.1675328,trunk
334970145,1,41.2383441,69.1674378,trunk
334981679,0,41.2435535,69.2180089,trunk
334981679,1,41.2434207,69.2171478,trunk
334981680,0,41.2432804,69.2171246,trunk
334981680,1,41.2434048,69.2179863,trunk
334981686,0,41.2436494,69.2177399,primary
334981686,1,41.2453275,69.2182618,primary
334981686,2,41.2456146,69.2183148,primary
334981686,3,41.2459089,69.2183475,primary
334981686,4,41.2462094,69.2183649,primary
334981686,5,41.246518,69.2183502,primary
334986132,0,41.3856075,69.2127702,primary
334986132,1,41.385151,69.2133851,primary
334986134,0,41.3856659,69.21285,primary
334986134,1,41.3858285,69.2126728,primary
334986135,0,41.3852089,69.2134642,primary
334986135,1,41.3856659,69.21285,primary
334986136,0,41.3851954,69.2126253,trunk
334986136,1,41.3848841,69.21213,trunk
334986136,2,41.3848003,69.2119969,trunk
334986137,0,41.3851101,69.21276,trunk
334986137,1,41.3852855,69.2130378,trunk
334986137,2,41.3856551,69.2136231,trunk
334986138,0,41.3857459,69.2135011,trunk
334986138,1,41.3855452,69.2131818,trunk
334986138,2,41.3851954,69.2126253,trunk
335529641,0,41.2909555,69.276616,primary
335529641,1,41.2897781,69.2750171,primary
335529641,2,41.2897105,69.2749252,primary
335529641,3,41.2896088,69.2747871,primary
335699121,0,41.3087452,69.1656906,primary
335699121,1,41.3086368,69.1649278,primary
335699121,2,41.3085704,69.1645561,primary
335699121,3,41.3084974,69.1641903,primary
335699121,4,41.3084256,69.1638454,primary
335699121,5,41.3083695,69.1636372,primary
335699121,6,41.3083035,69.1634205,primary
335699121,7,41.3082307,69.1632076,primary
335699121,8,41.3081576,69.1630338,primary
335699121,9,41.3081504,69.1630165,primary
335699121,10,41.3080846,69.1628578,primary
335699121,11,41.3078325,69.1623007,primary
335699121,12,41.3078017,69.1622326,primary
335699121,13,41.3075593,69.1616968,primary
335699121,14,41.3075228,69.1616328,primary
335699121,15,41.3074901,69.1615694,primary
335699121,16,41.3074351,69.1614904,primary
335705178,0,41.3205125,69.2646803,primary
335705178,1,41.3204864,69.2647035,primary
335705178,2,41.3204625,69.264733,primary
335705178,3,41.3204426,69.2647673,primary
335705178,4,41.3204262,69.2648059,primary
335705178,5,41.3203979,69.2648793,primary
335705178,6,41.3203721,69.2649552,primary
335705178,7,41.3201846,69.2656872,primary
335705180,0,41.3032182,69.2877216,primary
335705180,1,41.3033122,69.287632,primary
335705180,2,41.3037674,69.2871982,primary
335705180,3,41.3043727,69.2866213,primary
335705180,4,41.3050775,69.285921,primary
335705180,5,41.305141,69.285858,primary
335705180,6,41.3052674,69.2857325,primary
336037082,0,41.2138363,69.126333,trunk
336037082,1,41.2137271,69.1261785,trunk
336037082,2,41.2125595,69.1245267,trunk
336037082,3,41.2125105,69.1244531,trunk
336037082,4,41.2123669,69.1242542,trunk
336037082,5,41.2120948,69.1238694,trunk
336037082,6,41.2111093,69.1224752,trunk
336037082,7,41.210487,69.1215948,trunk
336037082,8,41.2103365,69.1213819,trunk
336037082,9,41.2097799,69.1205945,trunk
336037082,10,41.2095913,69.1203274,trunk
336037082,11,41.207589,69.1174807,trunk
336037086,0,41.2138974,69.1265974,trunk
336037086,1,41.216777,69.1306646,trunk
336037086,2,41.2170448,69.1310452,trunk
336037086,3,41.2180953,69.1325382,trunk
336037086,4,41.2185879,69.1332384,trunk
336037086,5,41.2187368,69.1334501,trunk
336037086,6,41.2189148,69.1337031,trunk
336037086,7,41.2192807,69.1342123,trunk
336037090,0,41.2611286,69.1490027,trunk
336037090,1,41.2612202,69.1489198,trunk
336037090,2,41.2614342,69.1487528,trunk
336037090,3,41.2616566,69.1485887,trunk
336037090,4,41.2620046,69.1483597,trunk
336037090,5,41.2623943,69.1481359,trunk
336037090,6,41.2627227,69.1479626,trunk
336037090,7,41.2630519,69.1478112,trunk
336037090,8,41.2632996,69.1477103,trunk
336037090,9,41.2635456,69.1476153,trunk
336037090,10,41.263666,69.1475692,trunk
336037090,11,41.2638476,69.1475115,trunk
336037090,12,41.2640339,69.1474574,trunk
336037090,13,41.2642215,69.1474043,trunk
336037090,14,41.2644092,69.1473577,trunk
336037090,15,41.264677,69.1473073,trunk
336037090,16,41.2649448,69.1472653,trunk
336037090,17,41.2651563,69.1472402,trunk
336037090,18,41.2653657,69.1472235,trunk
336037090,19,41.2661189,69.147186,trunk
336037090,20,41.2662786,69.1471783,trunk
336037090,21,41.2675586,69.1471107,trunk
336037090,22,41.2677552,69.1471003,trunk
336037090,23,41.2697901,69.1469918,trunk
336037090,24,41.270804,69.1469374,trunk
336037090,25,41.2720067,69.1468728,trunk
336037090,26,41.2724202,69.1468418,trunk
336037090,27,41.272462,69.1468385,trunk
336037090,28,41.2727158,69.1468254,trunk
336037090,29,41.2739984,69.1467461,trunk
336037090,30,41.2760569,69.1466189,trunk
336037090,31,41.2765241,69.1466189,trunk
336037090,32,41.2768957,69.146628,trunk
336037090,33,41.2772264,69.1466567,trunk
336037090,34,41.2773243,69.1466682,trunk
336037090,35,41.2776226,69.1467039,trunk
338597502,0,41.3872845,69.2159489,trunk
338597502,1,41.3863458,69.2144556,trunk
338597504,0,41.3833864,69.2100144,trunk
338597504,1,41.3836451,69.2104259,trunk
338597504,2,41.3841829,69.2112813,trunk
338597506,0,41.3872313,69.2161304,trunk
338597506,1,41.3876371,69.2167745,trunk
338597506,2,41.3894614,69.219671,trunk
338597506,3,41.3898956,69.2203604,trunk
338597506,4,41.3903651,69.2211087,trunk
338597506,5,41.3930721,69.225424,trunk
338597506,6,41.3934003,69.2259473,trunk
338597506,7,41.3935941,69.2262562,trunk
338597506,8,41.394696,69.2280129,trunk
338597508,0,41.3442607,69.3627683,trunk
338597508,1,41.344131,69.3629744,trunk
338597510,0,41.3442048,69.3630581,trunk
338597510,1,41.3447737,69.3621383,trunk
338597510,2,41.3453807,69.3611677,trunk
338597517,0,41.3736607,69.3227242,trunk
338597517,1,41.3736155,69.3225521,trunk
338597520,0,41.3734104,69.3226449,trunk
338597520,1,41.3734534,69.3228178,trunk
338728626,0,41.2408264,69.215897,primary
338728626,1,41.2405336,69.2156182,primary
338728626,2,41.2404078,69.2154984,primary
338728626,3,41.2399959,69.215106,primary
338728626,4,41.2398125,69.2149313,primary
338728626,5,41.2396491,69.2147768,primary
338728626,6,41.2395255,69.2146591,primary
338728626,7,41.2394473,69.214585,primary
338728626,8,41.2393561,69.2145112,primary
338728626,9,41.2392748,69.2144455,primary
338728626,10,41.2392392,69.2144167,primary
338728626,11,41.2391358,69.2143394,primary
338728626,12,41.2390324,69.2142652,primary
338728626,13,41.2389883,69.2142366,primary
338728626,14,41.2389232,69.2141944,primary
338728626,15,41.2388137,69.2141266,primary
338728626,16,41.2387041,69.2140672,primary
338728626,17,41.2385937,69.2140098,primary
338728626,18,41.2385367,69.2139826,primary
338728626,19,41.2384797,69.2139555,primary
338728626,20,41.238365,69.2139058,primary
338728626,21,41.2382873,69.2138775,primary
338728626,22,41.2382497,69.2138638,primary
338728626,23,41.2381341,69.2138249,primary
338728626,24,41.2380171,69.2137946,primary
338728626,25,41.2379018,69.2137685,primary
338728626,26,41.2377862,69.2137501,primary
338728626,27,41.2376734,69.2137378,primary
338728626,28,41.2375555,69.2137302,primary
338728626,29,41.2375478,69.2137301,primary
338728626,30,41.2374376,69.2137273,primary
338728626,31,41.2372083,69.2137338,primary
338728626,32,41.2370514,69.2137416,primary
338728626,33,41.236982,69.2137451,primary
338728626,34,41.2368693,69.2137559,primary
338728626,35,41.2367573,69.21377,primary
338728626,36,41.2367381,69.213774,primary
338728626,37,41.2366715,69.2137876,primary
338728626,38,41.2365288,69.2138224,primary
338728626,39,41.2364115,69.2138598,primary
338728626,40,41.2363537,69.2138814,primary
338728626,41,41.2362959,69.2139029,primary
338728626,42,41.2361829,69.2139524,primary
338728626,43,41.236072,69.2140087,primary
338728626,44,41.2358509,69.2141303,primary
338728626,45,41.2353053,69.2144661,primary
338728626,46,41.2351859,69.2145385,primary
338728626,47,41.2348805,69.2147237,primary
338728626,48,41.2347113,69.2148258,primary
338728626,49,41.233547,69.2155464,primary
338728626,50,41.2332761,69.2157148,primary
338728626,51,41.2326455,69.2161068,primary
338728626,52,41.2324112,69.2162574,primary
338728626,53,41.2323621,69.216289,primary
338728626,54,41.2322997,69.2163305,primary
338728626,55,41.2302142,69.2176294,primary
338728626,56,41.2298887,69.2178325,primary
338728626,57,41.2298088,69.2178824,primary
338728626,58,41.2296439,69.2179817,primary
338728626,59,41.2295225,69.2180611,primary
338728626,60,41.2290714,69.2183447,primary
338728626,61,41.2289037,69.2184502,primary
338728626,62,41.2284885,69.2187122,primary
338728626,63,41.2280641,69.2189771,primary
338728626,64,41.2271223,69.219565,primary
338728626,65,41.226962,69.219665,primary
338728627,0,41.2207972,69.1988274,trunk
338728627,1,41.2208192,69.1988252,trunk
338728627,2,41.2208384,69.198817,trunk
338728627,3,41.2208548,69.1988021,trunk
338728627,4,41.2208666,69.1987849,trunk
338728627,5,41.2208733,69.1987654,trunk
338728627,6,41.2208754,69.1987431,trunk
338728627,7,41.2208737,69.1987164,trunk
338728627,8,41.2208663,69.1986885,trunk
338728642,0,41.2239631,69.2004011,trunk
338728642,1,41.22425,69.2003557,trunk
338728642,2,41.2243901,69.200325,trunk
338728642,3,41.2245262,69.2002889,trunk
338728642,4,41.2249168,69.2001609,trunk
338728642,5,41.2249914,69.2001475,trunk
338728642,6,41.2250439,69.2001381,trunk
338728642,7,41.2251744,69.200126,trunk
338728642,8,41.2261218,69.2000917,trunk
338728642,9,41.2262772,69.2000863,trunk
338728642,10,41.2265586,69.2000766,trunk
338728644,0,41.2261378,69.1987352,trunk
338728644,1,41.2255789,69.1992912,trunk
338728644,2,41.2250669,69.199798,trunk
338728644,3,41.2249474,69.1999171,trunk
338728644,4,41.2248827,69.1999719,trunk
338728644,5,41.2248133,69.2000178,trunk
338728644,6,41.2247278,69.2000567,trunk
338728644,7,41.2246458,69.2000854,trunk
338728645,0,41.2246458,69.2000854,trunk
338728645,1,41.2244372,69.2001443,trunk
338728645,2,41.2242252,69.200197,trunk
338728645,3,41.224088,69.2002194,trunk
338728645,4,41.2239485,69.200231,trunk
338728645,5,41.2237589,69.2002321,trunk
338728645,6,41.223576,69.2002279,trunk
338728645,7,41.2235364,69.2002248,trunk
338728645,8,41.2233904,69.2002134,trunk
338728645,9,41.2232034,69.2001935,trunk
338728645,10,41.223084,69.2001686,trunk
338728645,11,41.2229636,69.2001396,trunk
338728645,12,41.2229113,69.2001225,trunk
338728645,13,41.2228164,69.2000913,trunk
338728645,14,41.2227666,69.2000728,trunk
338728645,15,41.2226791,69.2000404,trunk
338728645,16,41.222557,69.1999837,trunk
338728645,17,41.2223882,69.1998866,trunk
338728645,18,41.2222212,69.1997775,trunk
338728645,19,41.2220223,69.1996342,trunk
338728645,20,41.2218234,69.1994801,trunk
338728645,21,41.2214879,69.1992046,trunk
338728645,22,41.2208663,69.1986885,trunk
338728645,23,41.2200492,69.1980188,trunk
338728645,24,41.2192438,69.1973588,trunk
338728645,25,41.2191355,69.19727,trunk
338728645,26,41.2190244,69.197179,trunk
338728645,27,41.2188167,69.1970087,trunk
338728645,28,41.2186582,69.1968788,trunk
338728645,29,41.2184466,69.1967054,trunk
338728645,30,41.2178384,69.1962048,trunk
338728645,31,41.2176596,69.1960622,trunk
338728645,32,41.2173354,69.1957967,trunk
338728645,33,41.214678,69.1936208,trunk
338728645,34,41.2122825,69.1916773,trunk
338728645,35,41.2114052,69.1909547,trunk
338728645,36,41.210438,69.1901578,trunk
338728645,37,41.2099653,69.1897715,trunk
338728645,38,41.2077285,69.1879274,trunk
338728658,0,41.2436197,69.2175264,primary
338728658,1,41.2432234,69.2174025,primary
338728659,0,41.2464934,69.2181644,primary
338728659,1,41.2463759,69.2181701,primary
338728659,2,41.2461031,69.2181834,primary
338728659,3,41.2458542,69.218176,primary
338728659,4,41.2456231,69.2181451,primary
338728659,5,41.2453396,69.2180867,primary
338728659,6,41.2436197,69.2175264,primary
338732203,0,41.1663492,69.2424955,trunk
338732203,1,41.1663328,69.2415403,trunk
338732203,2,41.1663019,69.2397659,trunk
338732203,3,41.1663032,69.2394623,trunk
338732203,4,41.1663035,69.2390725,trunk
338732203,5,41.1663099,69.2386827,trunk
338732203,6,41.1663201,69.2382929,trunk
338732203,7,41.1663451,69.237828,trunk
338732203,8,41.1663781,69.2373608,trunk
338732203,9,41.1664233,69.2368948,trunk
338732203,10,41.1664806,69.2364287,trunk
338732203,11,41.1665479,69.235964,trunk
338732203,12,41.1666296,69.2354396,trunk
338732206,0,41.1676279,69.2314898,trunk
338732206,1,41.1686885,69.2280304,trunk
338732222,0,41.1660076,69.2485081,trunk
338732222,1,41.1655964,69.2523476,trunk
338732222,2,41.1650967,69.2569211,trunk
338732224,0,41.1863302,69.1954948,trunk
338732224,1,41.1864227,69.195412,trunk
338732224,2,41.1866415,69.1952163,trunk
338732224,3,41.1873343,69.1945984,trunk
338732224,4,41.1876399,69.1943258,trunk
338732224,5,41.187654,69.1943133,trunk
338732224,6,41.187986,69.1940171,trunk
338732224,7,41.1886878,69.1933911,trunk
338732224,8,41.1887074,69.1933737,trunk
338732224,9,41.1906936,69.1916131,trunk
338732224,10,41.1916345,69.190779,trunk
338732224,11,41.1922841,69.1902032,trunk
338732224,12,41.1923759,69.190118,trunk
338732224,13,41.1925424,69.189964,trunk
338732224,14,41.1928805,69.1896513,trunk
338732224,15,41.1947117,69.1880557,trunk
338732224,16,41.194845,69.1879371,trunk
338732224,17,41.1954691,69.1873821,trunk
338732224,18,41.1957038,69.1871773,trunk
338732224,19,41.1958651,69.1870532,trunk
338732224,20,41.1959501,69.1869878,trunk
338732224,21,41.1961973,69.1868005,trunk
338732224,22,41.196455,69.1866412,trunk
338732224,23,41.1967208,69.1864756,trunk
338732224,24,41.1969746,69.1863232,trunk
338732224,25,41.1972372,69.1861834,trunk
338732224,26,41.1975017,69.1860463,trunk
338732224,27,41.1977688,69.1859244,trunk
338732224,28,41.1980388,69.1858046,trunk
338732224,29,41.1983304,69.1857043,trunk
338732224,30,41.1986254,69.1856133,trunk
338732224,31,41.1989233,69.1855238,trunk
338732224,32,41.1992092,69.1854504,trunk
338732224,33,41.1995136,69.1853812,trunk
338732224,34,41.1998404,69.1853275,trunk
338732224,35,41.2000015,69.1853036,trunk
338732224,36,41.2002911,69.1852687,trunk
338732224,37,41.2005806,69.1852467,trunk
338732224,38,41.2009774,69.1852358,trunk
338732224,39,41.2013742,69.1852371,trunk
338732763,0,41.2081546,69.3408197,trunk
338732763,1,41.2087949,69.3416801,trunk
338732763,2,41.2117998,69.3457173,trunk
338732763,3,41.2119896,69.3459723,trunk
338732763,4,41.2123418,69.3464455,trunk
338732763,5,41.2129823,69.3473061,trunk
338734812,0,41.1649704,69.2590651,trunk
338734812,1,41.1651992,69.2569448,trunk
338734815,0,41.1651992,69.2569448,trunk
338734815,1,41.1656534,69.2527365,trunk
338734815,2,41.1656947,69.2523541,trunk
338734815,3,41.1660644,69.2488901,trunk
338734815,4,41.1661043,69.2485161,trunk
338736602,0,41.1689567,69.2867141,trunk
338736602,1,41.1701087,69.288481,trunk
338736602,2,41.1707413,69.2894514,trunk
338736602,3,41.170976,69.2898141,trunk
338736602,4,41.1712169,69.2901865,trunk
338736602,5,41.1715611,69.2907184,trunk
338736602,6,41.1718615,69.2911827,trunk
338736602,7,41.1731518,69.2931734,trunk
338736602,8,41.1732353,69.2933062,trunk
338736602,9,41.1739669,69.2944241,trunk
338736602,10,41.1750644,69.2961011,trunk
338736602,11,41.1761481,69.297758,trunk
338736602,12,41.1783429,69.3011077,trunk
338736602,13,41.1784235,69.3012307,trunk
338736603,0,41.1689456,69.2864681,trunk
338736603,1,41.1685679,69.2858722,trunk
338736603,2,41.1684434,69.2856842,trunk
338736603,3,41.1670914,69.2836419,trunk
338736603,4,41.1668033,69.2831717,trunk
338736603,5,41.1666555,69.2829147,trunk
338736603,6,41.1665124,69.2826582,trunk
338736603,7,41.1663726,69.2824016,trunk
338736603,8,41.1662368,69.2821396,trunk
338736603,9,41.1659354,69.2815284,trunk
338736603,10,41.1657908,69.2812174,trunk
338736603,11,41.1656502,69.2809037,trunk
338736603,12,41.1655366,69.2806421,trunk
338736603,13,41.1651317,69.2795673,trunk
338736603,14,41.1649445,69.2790215,trunk
338736603,15,41.164852,69.2787379,trunk
338736603,16,41.1647452,69.2783601,trunk
338736603,17,41.164478,69.2773566,trunk
338736603,18,41.1644135,69.2770953,trunk
338736603,19,41.1643405,69.2767993,trunk
338736603,20,41.1642221,69.2762314,trunk
338736603,21,41.1642037,69.2761306,trunk
338736603,22,41.1641169,69.275654,trunk
338736603,23,41.1640269,69.2750725,trunk
338736603,24,41.1639517,69.274495,trunk
338736603,25,41.1639011,69.2741044,trunk
338736603,26,41.1638881,69.2739409,trunk
338736603,27,41.1638851,69.2739028,trunk
338736603,28,41.1638015,69.2728362,trunk
338736603,29,41.1637789,69.2723002,trunk
338736603,30,41.1637724,69.2717642,trunk
338736603,31,41.1637812,69.2712242,trunk
338736603,32,41.163802,69.2706842,trunk
338736603,33,41.1638618,69.2696103,trunk
338736603,34,41.1638938,69.2692236,trunk
338736607,0,41.1808484,69.3047111,trunk
338736607,1,41.1808657,69.304712,trunk
338736607,2,41.1808829,69.304709,trunk
338736607,3,41.1809,69.3046997,trunk
338736607,4,41.1809138,69.3046857,trunk
338736607,5,41.1809252,69.3046639,trunk
338736607,6,41.1809319,69.304642,trunk
338736607,7,41.1809363,69.3046177,trunk
338736607,8,41.1809383,69.304594,trunk
338736608,0,41.16904,69.286616,trunk
338736608,1,41.1689456,69.2864681,trunk
338736610,0,41.1688607,69.2865677,trunk
338736610,1,41.1689567,69.2867141,trunk
338736613,0,41.1784945,69.3011559,trunk
338736613,1,41.1784131,69.3010286,trunk
338736613,2,41.1778744,69.3001855,trunk
338736613,3,41.1762409,69.2976542,trunk
338736613,4,41.1732467,69.2930721,trunk
338736613,5,41.1731756,69.2929625,trunk
338736613,6,41.1708321,69.2893563,trunk
338736613,7,41.1707695,69.2892605,trunk
338736613,8,41.16904,69.286616,trunk
338736620,0,41.1827837,69.3070133,trunk
338736620,1,41.1809383,69.304594,trunk
338736620,2,41.1802444,69.3036842,trunk
338736620,3,41.1797928,69.3030705,trunk
338736620,4,41.1793476,69.3024482,trunk
338736620,5,41.1784945,69.3011559,trunk
338737842,0,41.2130676,69.3472062,trunk
338737842,1,41.213044,69.3471969,trunk
338737842,2,41.2130265,69.3471943,trunk
338737842,3,41.2130094,69.3471967,trunk
338737842,4,41.2129946,69.347206,trunk
338737842,5,41.2129832,69.3472276,trunk
338737842,6,41.2129785,69.34725,trunk
338737842,7,41.2129781,69.3472784,trunk
338737842,8,41.2129823,69.3473061,trunk
338737845,0,41.2129823,69.3473061,trunk
338737845,1,41.2136789,69.3482421,trunk
338737845,2,41.2139011,69.3485407,trunk
338737845,3,41.2148043,69.34974,trunk
338737845,4,41.2159542,69.3513762,trunk
338737845,5,41.2164253,69.3520903,trunk
338737849,0,41.2130676,69.3472062,trunk
338737849,1,41.2082325,69.3407043,trunk
338737849,2,41.2074639,69.3396707,trunk
338740559,0,41.2161203,69.3511977,trunk
338740559,1,41.2158763,69.3508988,trunk
338740559,2,41.2154823,69.3504161,trunk
338740559,3,41.2152666,69.3501519,trunk
338740559,4,41.2147495,69.349468,trunk
338740559,5,41.2137609,69.3481386,trunk
338740559,6,41.2132988,69.3475171,trunk
338740559,7,41.2130676,69.3472062,trunk
338921640,0,41.2494662,69.2644976,primary
338921640,1,41.2494317,69.2644263,primary
338921640,2,41.2494102,69.2643718,primary
338921640,3,41.2493983,69.2643112,primary
340238449,0,41.3051814,69.246613,primary
340238449,1,41.3053417,69.2464346,primary
340238449,2,41.3054365,69.2463336,primary
340238449,3,41.3055657,69.2462109,primary
340238449,4,41.3063877,69.2454813,primary
340238449,5,41.3071691,69.2447713,primary
340238449,6,41.3076131,69.2443335,primary
340238449,7,41.3079777,69.2439956,primary
340238449,8,41.3080586,69.2439207,primary
340238449,9,41.308446,69.2435616,primary
340238449,10,41.3089231,69.2431231,primary
340238449,11,41.3091034,69.2429574,primary
340238449,12,41.309161,69.2429077,primary
340238449,13,41.3091884,69.2428884,primary
340238449,14,41.3092166,69.2428701,primary
340238449,15,41.3092384,69.242859,primary
340238449,16,41.3092607,69.2428492,primary
340238449,17,41.3093086,69.242837,primary
340238449,18,41.3093713,69.2428296,primary
340238449,19,41.3094345,69.2428274,primary
340238449,20,41.3095639,69.2428313,primary
340238449,21,41.3097769,69.2428507,primary
340238449,22,41.3111082,69.2429718,primary
340875484,0,41.3102084,69.2534123,primary
340875484,1,41.3103913,69.2534308,primary
340875484,2,41.3110629,69.2534987,primary
340875484,3,41.311286,69.2535217,primary
344982052,0,41.3317274,69.2509801,primary
344982052,1,41.332022,69.2512752,primary
344982052,2,41.3320653,69.251318,primary
344982052,3,41.3323334,69.2515836,primary
344982052,4,41.3332736,69.2525123,primary
344982052,5,41.3337114,69.2529496,primary
344982052,6,41.3343091,69.2535503,primary
344982052,7,41.3349909,69.2542286,primary
344982052,8,41.3356859,69.2549105,primary
345305891,0,41.3285701,69.2488684,primary
345305891,1,41.3288993,69.2482847,primary
345305891,2,41.3289738,69.2481503,primary
346497104,0,41.3270808,69.2462002,primary
346497104,1,41.325606,69.2447504,primary
346497104,2,41.325442,69.2446216,primary
346497104,3,41.3252006,69.2444458,primary
346497104,4,41.3249591,69.2442792,primary
346497104,5,41.3246367,69.244073,primary
346500194,0,41.3300564,69.2491235,primary
346500194,1,41.3270808,69.2462002,primary
346500199,0,41.3299969,69.2492308,primary
346500199,1,41.3303486,69.2495763,primary
348076441,0,41.3303486,69.2495763,primary
348076441,1,41.3308456,69.2500858,primary
348076441,2,41.3313156,69.2505677,primary
348076442,0,41.3303991,69.2494602,primary
348076442,1,41.3300564,69.2491235,primary
348076445,0,41.3313959,69.2504058,primary
348076445,1,41.3303991,69.2494602,primary
348076446,0,41.3270208,69.2463079,primary
348076446,1,41.3299969,69.2492308,primary
348491305,0,41.2359886,69.3320587,trunk
348491305,1,41.2347,69.3330416,trunk
367116585,0,41.3381176,69.256939,primary
367116585,1,41.3379934,69.2568548,primary
367116586,0,41.3380739,69.257107,primary
367116586,1,41.338173,69.2571616,primary
367116589,0,41.3379438,69.2570203,primary
367116589,1,41.3380739,69.257107,primary
367116591,0,41.3376992,69.256576,primary
367116591,1,41.3373021,69.2562313,primary
367116591,2,41.3367426,69.2556818,primary
367116591,3,41.3363694,69.2553167,primary
367116591,4,41.336315,69.2552623,primary
367116591,5,41.3361969,69.2551442,primary
367116591,6,41.3349941,69.2539535,primary
367116591,7,41.3343927,69.2533644,primary
367116591,8,41.3338023,69.2527769,primary
367116591,9,41.3331335,69.2521303,primary
367116591,10,41.3324885,69.2514912,primary
367116591,11,41.3324252,69.2514284,primary
367116591,12,41.3321528,69.2511575,primary
367116591,13,41.3313959,69.2504058,primary
376212925,0,41.278904,69.1980692,trunk
376212925,1,41.2789917,69.1979183,trunk
376212925,2,41.2792086,69.19755,trunk
376212925,3,41.2794011,69.197223,trunk
376212925,4,41.2798152,69.1965677,trunk
376212925,5,41.2802627,69.1958612,trunk
376212925,6,41.2802699,69.1958498,trunk
376212925,7,41.2805539,69.1954036,trunk
377430234,0,41.2911372,69.2771323,primary
377430234,1,41.2911727,69.2771906,primary
379875291,0,41.3455306,69.327401,primary
379875291,1,41.3456391,69.3271888,primary
379875291,2,41.3458342,69.3268267,primary
379875291,3,41.3468254,69.3251447,primary
379875291,4,41.3468674,69.3250695,primary
379875292,0,41.3475025,69.3238098,primary
379875292,1,41.3473179,69.3241022,primary
379875292,2,41.3470839,69.3244925,primary
379875293,0,41.3496643,69.3202958,primary
379875293,1,41.3495914,69.3204193,primary
383579498,0,41.3061308,69.3053725,primary
383579498,1,41.306217,69.3051817,primary
383579498,2,41.3065815,69.3044274,primary
383579498,3,41.3067563,69.3040503,primary
383579498,4,41.3068379,69.3038605,primary
383579498,5,41.3069166,69.3036697,primary
383579498,6,41.3069932,69.303464,primary
383579498,7,41.3070606,69.3032579,primary
383579498,8,41.3071238,69.3030439,primary
383579498,9,41.3071765,69.3028357,primary
383579498,10,41.3072275,69.3026232,primary
383579498,11,41.3072742,69.3024095,primary
383579498,12,41.3073576,69.3019833,primary
383579498,13,41.3074383,69.3015543,primary
383579498,14,41.3075077,69.3011213,primary
383579501,0,41.3074729,69.2994365,primary
383579501,1,41.3074832,69.2995724,primary
383579501,2,41.3074881,69.2997093,primary
383579501,3,41.3074823,69.3000013,primary
383579501,4,41.3074711,69.3002541,primary
383579501,5,41.3074555,69.3005045,primary
383579501,6,41.30743,69.3007171,primary
383579501,7,41.3074011,69.3009289,primary
383579501,8,41.3073709,69.3011219,primary
385794102,0,41.306861,69.2841151,primary
385794102,1,41.3067937,69.2840404,primary
385794103,0,41.3066897,69.2841498,primary
385794103,1,41.3067575,69.2842253,primary
385794104,0,41.3067575,69.2842253,primary
385794104,1,41.306861,69.2841151,primary
385794105,0,41.3031435,69.2877927,primary
385794105,1,41.3032182,69.2877216,primary
386119868,0,41.3495914,69.3204193,primary
386119868,1,41.3496488,69.3205884,primary
387470569,0,41.3210247,69.2819847,primary
387470569,1,41.3220405,69.2822094,primary
387470569,2,41.3221129,69.2822254,primary
387470570,0,41.3207748,69.2875304,primary
387470570,1,41.3207201,69.2878373,primary
387470570,2,41.3206675,69.2881397,primary
387470570,3,41.3206301,69.2883194,primary
387470570,4,41.3205875,69.2885034,primary
387470570,5,41.3205416,69.2886815,primary
387482635,0,41.3209457,69.3051874,primary
387482635,1,41.3210173,69.3042514,primary
387482635,2,41.3210531,69.3037837,primary
390002013,0,41.3110817,69.2592236,primary
390002013,1,41.3110673,69.2596251,primary
390181127,0,41.2967141,69.2860031,primary
390181127,1,41.2967886,69.2861232,primary
390181128,0,41.2949658,69.2832405,primary
390181128,1,41.2950251,69.2833376,primary
390181129,0,41.2950251,69.2833376,primary
390181129,1,41.2950857,69.2834368,primary
390181129,2,41.2952237,69.283651,primary
390181129,3,41.2952814,69.2837421,primary
390181129,4,41.2953144,69.2837941,primary
390181129,5,41.2965873,69.285803,primary
390181129,6,41.2966241,69.285861,primary
390181129,7,41.2967141,69.2860031,primary
391185534,0,41.2170483,69.352626,trunk
391185534,1,41.216651,69.3519045,trunk
391185534,2,41.2161203,69.3511977,trunk
391185542,0,41.2350464,69.3807818,trunk
391185542,1,41.2327026,69.3771065,trunk
391185542,2,41.2323175,69.3764962,trunk
391185542,3,41.232094,69.3761522,trunk
391185542,4,41.2316111,69.375395,trunk
391185542,5,41.2310795,69.3745751,trunk
391185542,6,41.2307291,69.3740465,trunk
391185542,7,41.2301662,69.3731582,trunk
391185542,8,41.2295497,69.3721983,trunk
391185542,9,41.2289786,69.3713092,trunk
391185542,10,41.2282684,69.3702036,trunk
391636843,0,41.2441663,69.3968468,trunk
391636843,1,41.2449313,69.3959055,trunk
391636843,2,41.2451907,69.3955863,trunk
391745305,0,41.2446202,69.3957529,trunk
391745305,1,41.2441991,69.3951013,trunk
392197924,0,41.3483592,69.165515,primary
392197924,1,41.3483583,69.165324,primary
392197925,0,41.3482849,69.1653063,primary
392197925,1,41.3482842,69.1654965,primary
394547774,0,41.3055484,69.1529571,primary
394547774,1,41.3056192,69.1522446,primary
394547774,2,41.3056425,69.1519282,primary
394843400,0,41.2282589,69.1796688,trunk
394843400,1,41.2270684,69.1831784,trunk
394843402,0,41.2290324,69.1770626,trunk
394843402,1,41.2290566,69.1768949,trunk
394843402,2,41.2291497,69.176164,trunk
394843402,3,41.2292494,69.1753812,trunk
394843402,4,41.2292988,69.1751225,trunk
394843402,5,41.229356,69.1748416,trunk
394843402,6,41.2294293,69.1745608,trunk
394843402,7,41.2295068,69.1743137,trunk
394843402,8,41.2295923,69.1740666,trunk
394843402,9,41.2296898,69.1738504,trunk
394843402,10,41.2298075,69.1736342,trunk
394843402,11,41.2298326,69.1735956,trunk
394843402,12,41.2299642,69.1733932,trunk
394843402,13,41.2301383,69.1731732,trunk
394843402,14,41.2305392,69.1727745,trunk
394843402,15,41.2306969,69.1726484,trunk
394843402,16,41.2307955,69.1725695,trunk
394843402,17,41.2312945,69.172171,trunk
394843402,18,41.2320166,69.1715959,trunk
394843402,19,41.2328526,69.1709281,trunk
394843402,20,41.2329417,69.1708542,trunk
394843402,21,41.2331346,69.1706924,trunk
394843402,22,41.2337032,69.1702322,trunk
394843402,23,41.2338969,69.1700698,trunk
394843402,24,41.2346503,69.1694541,trunk
394843402,25,41.2349739,69.1692096,trunk
394843402,26,41.2353086,69.1689949,trunk
394843402,27,41.2353554,69.1689696,trunk
394843402,28,41.2354754,69.1689045,trunk
394843402,29,41.2356743,69.1688074,trunk
394843402,30,41.2359356,69.1687111,trunk
394843402,31,41.2362629,69.1685915,trunk
394843403,0,41.2275876,69.18126,primary
394843403,1,41.2278827,69.181647,primary
397559539,0,41.2281363,69.3703265,trunk
397559539,1,41.228832,69.3713907,trunk
397559539,2,41.229005,69.3716552,trunk
397559539,3,41.2292388,69.3720129,trunk
397559539,4,41.2293633,69.3722034,trunk
397559539,5,41.229443,69.3723269,trunk
397559539,6,41.2295902,69.3725552,trunk
397559539,7,41.2300631,69.3732879,trunk
397559539,8,41.2304306,69.3738573,trunk
397559539,9,41.2310886,69.3748696,trunk
397559539,10,41.2321331,69.376488,trunk
397559539,11,41.232732,69.3774161,trunk
397559539,12,41.233314,69.3783044,trunk
397559539,13,41.2334406,69.3784977,trunk
397559539,14,41.2336475,69.3788135,trunk
397559539,15,41.234425,69.3800153,trunk
397559539,16,41.2349766,69.3808761,trunk
397559539,17,41.2354761,69.3816557,trunk
397559539,18,41.2357187,69.3820323,trunk
397559539,19,41.2373683,69.3846524,trunk
397559539,20,41.2390185,69.3872799,trunk
397559539,21,41.2408434,69.3901933,trunk
397559776,0,41.2440786,69.3952228,trunk
397559776,1,41.2445121,69.3958758,trunk
397559777,0,41.2441991,69.3951013,trunk
397559777,1,41.2424433,69.3923464,trunk
397999776,0,41.257342,69.1914607,primary
397999776,1,41.2571072,69.1917051,primary
397999777,0,41.2571509,69.1917766,primary
397999777,1,41.2573722,69.1915339,primary
400697369,0,41.3174,69.23061,primary
400697369,1,41.3173607,69.2305641,primary
405457922,0,41.2611286,69.1490027,trunk
405457922,1,41.2609777,69.1488948,trunk
406725027,0,41.2903798,69.2832041,trunk
406725027,1,41.2904306,69.2832788,trunk
406725027,2,41.2904844,69.2833584,trunk
406725027,3,41.290519,69.2834127,trunk
406725027,4,41.2905533,69.2834691,trunk
406725027,5,41.2905863,69.2835246,trunk
406725027,6,41.290618,69.2835804,trunk
409653180,0,41.2799294,69.2530654,primary
409653180,1,41.2802957,69.2543584,primary
409653180,2,41.2803014,69.2543788,primary
409653180,3,41.2805366,69.2552209,primary
409653180,4,41.2805784,69.2553705,primary
409653180,5,41.2806014,69.2554529,primary
409653180,6,41.2806473,69.2556065,primary
411233681,0,41.3841932,69.2833556,trunk
411233681,1,41.3842763,69.2830885,trunk
411233681,2,41.3843622,69.2828243,trunk
411233681,3,41.3844479,69.282567,trunk
411233681,4,41.3845396,69.2823124,trunk
411233681,5,41.3846128,69.2821238,trunk
411233681,6,41.3846389,69.2820565,trunk
411233681,7,41.3847413,69.2818089,trunk
411233681,8,41.3848482,69.2815674,trunk
411233681,9,41.3849565,69.2813305,trunk
411233681,10,41.3850709,69.2810968,trunk
411233681,11,41.3851892,69.2808684,trunk
411233681,12,41.3853118,69.2806404,trunk
411233681,13,41.3854374,69.2804227,trunk
411233681,14,41.3859526,69.2795872,trunk
411233681,15,41.3864696,69.2787781,trunk
411233681,16,41.3867689,69.2783096,trunk
411233681,17,41.3869353,69.2780492,trunk
411233681,18,41.3874232,69.2772856,trunk
411233681,19,41.3882372,69.2760114,trunk
411233681,20,41.3888712,69.2750191,trunk
411233681,21,41.3899144,69.2733864,trunk
411233681,22,41.3925472,69.2692653,trunk
411233681,23,41.3926775,69.2690614,trunk
411233681,24,41.393265,69.2681417,trunk
411233681,25,41.3933538,69.2680023,trunk
411233681,26,41.3938413,69.2672397,trunk
411233681,27,41.3939307,69.2670997,trunk
411233682,0,41.3939132,69.2668904,trunk
411233682,1,41.3938427,69.2670046,trunk
411233683,0,41.3939307,69.2670997,trunk
411233683,1,41.3940014,69.2669857,trunk
411233684,0,41.3906241,69.2720357,trunk
411233684,1,41.3904561,69.2722984,trunk
411233684,2,41.3902336,69.2726463,trunk
411233684,3,41.3900419,69.272946,trunk
411233684,4,41.3899411,69.2731035,trunk
411233684,5,41.3898602,69.2732301,trunk
411233684,6,41.3898238,69.273287,trunk
411233684,7,41.3888731,69.274773,trunk
411233684,8,41.3884703,69.2754028,trunk
411233684,9,41.3881349,69.275927,trunk
411233684,10,41.3880961,69.2759876,trunk
411233684,11,41.3879498,69.2762163,trunk
411233684,12,41.3874919,69.276932,trunk
411233684,13,41.3872854,69.2772547,trunk
411233684,14,41.3870132,69.2776802,trunk
411233684,15,41.3866761,69.2782072,trunk
411233684,16,41.385857,69.2794874,trunk
411233684,17,41.3853455,69.2803166,trunk
411233684,18,41.3852198,69.2805386,trunk
411233684,19,41.3851685,69.2806355,trunk
411233684,20,41.3850971,69.2807703,trunk
411233684,21,41.3850221,69.2809147,trunk
411233684,22,41.3849781,69.2809995,trunk
411233684,23,41.3849285,69.281091,trunk
411233684,24,41.3848632,69.2812348,trunk
411233684,25,41.3847538,69.2814748,trunk
411233684,26,41.3846472,69.2817185,trunk
411233684,27,41.3845446,69.281965,trunk
411233684,28,41.3844294,69.2822688,trunk
411233684,29,41.3843983,69.2823483,trunk
411233684,30,41.384349,69.2824838,trunk
411233684,31,41.384257,69.282753,trunk
411233684,32,41.3842138,69.2828856,trunk
411233684,33,41.384169,69.2830229,trunk
411233684,34,41.384084,69.2832947,trunk
411236896,0,41.3383212,69.378294,trunk
411236896,1,41.3384137,69.3782311,trunk
411236896,2,41.3384574,69.3782014,trunk
411236896,3,41.3387303,69.3779789,trunk
411236896,4,41.3388728,69.3778602,trunk
411236896,5,41.3390095,69.3777349,trunk
411236896,6,41.3391457,69.377593,trunk
411236896,7,41.3392713,69.3774469,trunk
411236896,8,41.3393935,69.3772878,trunk
411236896,9,41.3395117,69.3771229,trunk
411236896,10,41.3396172,69.376961,trunk
411236896,11,41.3397201,69.3767957,trunk
411236896,12,41.3398252,69.3766225,trunk
411236896,13,41.3399285,69.3764424,trunk
411236896,14,41.3400269,69.3762663,trunk
411236896,15,41.3401224,69.3760843,trunk
411236896,16,41.3402115,69.3758987,trunk
411236896,17,41.3402926,69.3757051,trunk
411236896,18,41.3403679,69.3755119,trunk
411236896,19,41.3404358,69.3753177,trunk
411236896,20,41.3405004,69.3751145,trunk
411236896,21,41.3405625,69.3749105,trunk
411236896,22,41.3406151,69.3747035,trunk
411236896,23,41.3406656,69.3744701,trunk
411236896,24,41.3408209,69.3735963,trunk
411236896,25,41.3409333,69.3729682,trunk
411236898,0,41.3376978,69.3786,trunk
411236898,1,41.3378107,69.378549,trunk
411236899,0,41.3377348,69.3784232,trunk
411236899,1,41.3376337,69.378467,trunk
411241200,0,41.3299229,69.3533723,primary
411241200,1,41.3334054,69.3476041,primary
411241204,0,41.3333249,69.3475234,primary
411241204,1,41.3333029,69.3475598,primary
411241204,2,41.3318247,69.3500021,primary
411241204,3,41.3298335,69.3532917,primary
411241207,0,41.3338438,69.3466662,primary
411241207,1,41.3333249,69.3475234,primary
418254135,0,41.3189164,69.3109593,primary
418254135,1,41.3188214,69.3112636,primary
418869243,0,41.3078249,69.2553794,primary
418869243,1,41.3077945,69.2554872,primary
418877830,0,41.3052814,69.3066984,primary
418877830,1,41.3054146,69.3069281,primary
420440313,0,41.3168978,69.193183,trunk
420440313,1,41.3162136,69.1932228,trunk
420440315,0,41.3120431,69.1933917,trunk
420440315,1,41.3112937,69.1934196,trunk
420440316,0,41.3162136,69.1932228,trunk
420440316,1,41.3152765,69.1932562,trunk
420440316,2,41.3149347,69.1932657,trunk
420440316,3,41.3147496,69.1932707,trunk
420440316,4,41.3146326,69.193273,trunk
420440316,5,41.3132173,69.1933398,trunk
420440316,6,41.3124329,69.1933769,trunk
420440316,7,41.3123699,69.1933813,trunk
420440316,8,41.3120431,69.1933917,trunk
420449601,0,41.3183423,69.3132902,primary
420449601,1,41.3186632,69.3123173,primary
420449601,2,41.3190179,69.3111561,primary
420449601,3,41.319191,69.3105677,primary
421282388,0,41.3948426,69.2061261,primary
421282388,1,41.3950384,69.2060193,primary
421282388,2,41.3954947,69.2057839,primary
421282388,3,41.3960476,69.2055209,primary
421282388,4,41.3961186,69.2054902,primary
421282388,5,41.3963588,69.2053783,primary
421282388,6,41.397335,69.2049736,primary
421282388,7,41.3975387,69.2048935,primary
421282388,8,41.3980121,69.204738,primary
421282388,9,41.3981581,69.2046852,primary
421282388,10,41.3983176,69.2046336,primary
421723427,0,41.278439,69.2456719,primary
421723427,1,41.2783946,69.2456217,primary
421723427,2,41.2782214,69.245429,primary
421723427,3,41.2781994,69.2454063,primary
421723427,4,41.2779079,69.2450836,primary
421734890,0,41.3090029,69.2860559,primary
421734890,1,41.3088315,69.2859393,primary
421734890,2,41.3086611,69.2858213,primary
421734890,3,41.3084929,69.2856935,primary
421734890,4,41.3083262,69.2855624,primary
421736474,0,41.3189974,69.281553,primary
421736474,1,41.3195128,69.2816625,primary
421736474,2,41.3199062,69.2817468,primary
421736474,3,41.3200025,69.2817674,primary
421736475,0,41.3200025,69.2817674,primary
421736475,1,41.3203198,69.2818384,primary
421736475,2,41.3210247,69.2819847,primary
422575950,0,41.3120683,69.2810625,primary
422575950,1,41.312183,69.2808383,primary
422575952,0,41.3166413,69.2810548,primary
422575952,1,41.3166208,69.2811458,primary
422575952,2,41.3164705,69.2817964,primary
422575952,3,41.3163562,69.2822908,primary
422575952,4,41.3163103,69.2824789,primary
422575952,5,41.3162634,69.2826675,primary
422575952,6,41.316212,69.2828521,primary
422575952,7,41.3161563,69.2830378,primary
422575952,8,41.3160948,69.2832188,primary
422575952,9,41.3160299,69.283397,primary
422575952,10,41.3159604,69.2835719,primary
422575952,11,41.315938,69.2836242,primary
422575952,12,41.3158877,69.2837416,primary
422575952,13,41.3158062,69.2839135,primary
422575952,14,41.3157627,69.283995,primary
422575954,0,41.3166413,69.2810548,primary
422575954,1,41.3168006,69.2810913,primary
422575955,0,41.3182574,69.2814004,primary
422575955,1,41.3185995,69.2814685,primary
422575955,2,41.3189974,69.281553,primary
422575956,0,41.3139795,69.2861156,primary
422575956,1,41.3139286,69.2860006,primary
422575956,2,41.3132007,69.28437,primary
422575956,3,41.3130919,69.2841265,primary
422591131,0,41.3097777,69.2845429,primary
422591131,1,41.3097636,69.2845943,primary
422591131,2,41.3094077,69.2858945,primary
422591131,3,41.3093839,69.2859813,primary
422591131,4,41.3093011,69.2862306,primary
422591551,0,41.3091709,69.2863643,primary
422591551,1,41.3090112,69.2867661,primary
422591551,2,41.3089064,69.2871175,primary
422591551,3,41.3084792,69.2885505,primary
422591551,4,41.3084401,69.2886817,primary
422591551,5,41.3083712,69.2888793,primary
423054318,0,41.3067937,69.2840404,primary
423054318,1,41.3065805,69.2838113,primary
423054318,2,41.3065076,69.2837255,primary
423054318,3,41.3062687,69.2834668,primary
423054318,4,41.3055767,69.282687,primary
423054318,5,41.3047536,69.2816977,primary
423054318,6,41.3045181,69.2813999,primary
423054318,7,41.304179,69.2809604,primary
423054318,8,41.3037307,69.28033,primary
423054318,9,41.303198,69.279581,primary
423054318,10,41.3031326,69.279489,primary
423066332,0,41.3205143,69.2545711,primary
423066332,1,41.3207338,69.2546149,primary
423066332,2,41.3209033,69.2546594,primary
423066332,3,41.3209782,69.2546785,primary
423066332,4,41.321102,69.2547071,primary
423317729,0,41.3187991,69.2716371,primary
423317729,1,41.3187549,69.2718297,primary
423733433,0,41.3419152,69.3670023,trunk
423733433,1,41.3418618,69.3672396,trunk
423733433,2,41.3418148,69.36748,trunk
423733433,3,41.3413192,69.370199,trunk
423815384,0,41.2795666,69.2429925,primary
423815384,1,41.2784511,69.2446877,primary
424161528,0,41.2995594,69.2116872,primary
424161528,1,41.2997752,69.2113499,primary
424161528,2,41.2998379,69.2112649,primary
424161528,3,41.2999009,69.2111869,primary
424161528,4,41.2999649,69.2111167,primary
424161528,5,41.3000295,69.2110576,primary
424161528,6,41.3001048,69.2109986,primary
424161528,7,41.3001759,69.2109453,primary
424161528,8,41.3002484,69.2109025,primary
424161528,9,41.3002965,69.2108797,primary
424161528,10,41.3003786,69.2108424,primary
424161528,11,41.3004572,69.2108182,primary
424161528,12,41.3005628,69.2107952,primary
424161530,0,41.3004745,69.2105934,primary
424161530,1,41.3003821,69.2106344,primary
424161530,2,41.3002802,69.2106794,primary
424161530,3,41.3002077,69.2107164,primary
424161530,4,41.3001587,69.2107456,primary
424161530,5,41.3001038,69.2107832,primary
424161530,6,41.3000619,69.2108093,primary
424161530,7,41.3000124,69.2108429,primary
424161530,8,41.2999356,69.2109078,primary
424161530,9,41.2998624,69.2109762,primary
424161530,10,41.2997364,69.2111269,primary
424161530,11,41.2995647,69.2113819,primary
424170268,0,41.3133284,69.2093769,primary
424170268,1,41.3131749,69.2092487,primary
424170268,2,41.3130275,69.2091166,primary
424170268,3,41.3129046,69.2089984,primary
424170268,4,41.3125212,69.208608,primary
424170268,5,41.3123183,69.2084243,primary
424170268,6,41.3121127,69.2082454,primary
424170268,7,41.3120246,69.2081744,primary
424170268,8,41.3119365,69.2081034,primary
424170268,9,41.3117487,69.2079629,primary
424170268,10,41.3115835,69.2078529,primary
424170268,11,41.3113074,69.2076763,primary
424170268,12,41.3111844,69.2076025,primary
424170268,13,41.3109892,69.2075037,primary
424170937,0,41.3093263,69.2069765,primary
424170937,1,41.309024,69.2069383,primary
424170937,2,41.3086436,69.2069032,primary
424170937,3,41.308367,69.2068872,primary
424170937,4,41.3082499,69.2068804,primary
424170938,0,41.3077547,69.207043,primary
424170938,1,41.3078885,69.2070306,primary
424170938,2,41.3082738,69.2070434,primary
424170938,3,41.3086125,69.2070622,primary
424170938,4,41.3090189,69.2070966,primary
424170938,5,41.3092616,69.2071362,primary
424170938,6,41.3094441,69.2071634,primary
425255011,0,41.3076495,69.2068882,primary
425255011,1,41.3075538,69.2068967,primary
425255011,2,41.3073689,69.2069221,primary
425255011,3,41.3071095,69.2069664,primary
425255011,4,41.3069892,69.2069955,primary
425255011,5,41.3068212,69.2070424,primary
425255011,6,41.306768,69.2070573,primary
425255011,7,41.3065331,69.207142,primary
425255011,8,41.3062981,69.2072349,primary
425255011,9,41.3060671,69.2073317,primary
425255011,10,41.3058399,69.2074387,primary
425255011,11,41.3057853,69.2074669,primary
425255011,12,41.3056347,69.2075447,primary
425255011,13,41.305433,69.2076559,primary
425255011,14,41.3050414,69.207893,primary
425255011,15,41.3049582,69.2079434,primary
425255011,16,41.3047868,69.2080509,primary
425256503,0,41.3017024,69.2101383,primary
425256503,1,41.301587,69.2102417,primary
425256503,2,41.3014636,69.2103451,primary
425256503,3,41.3013193,69.2104497,primary
425256503,4,41.3012509,69.2104887,primary
425256503,5,41.3011699,69.2105238,primary
425256503,6,41.3011109,69.2105452,primary
425256503,7,41.3010505,69.210564,primary
425256503,8,41.300938,69.2105898,primary
426060206,0,41.3101081,69.2790315,primary
426060206,1,41.3100927,69.2790727,primary
426060206,2,41.3100759,69.2791158,primary
426060206,3,41.310058,69.2791591,primary
426060206,4,41.3100392,69.2792013,primary
426060206,5,41.3100185,69.279241,primary
426060206,6,41.3099962,69.2792801,primary
426060206,7,41.3099846,69.2792985,primary
426060206,8,41.3099724,69.2793158,primary
426060206,9,41.3099582,69.279333,primary
426060206,10,41.3099433,69.2793476,primary
426060206,11,41.3099277,69.2793583,primary
426060206,12,41.3099116,69.2793664,primary
426060206,13,41.3098957,69.2793721,primary
426060206,14,41.3098786,69.2793767,primary
426060206,15,41.3098451,69.2793823,primary
426060206,16,41.3098104,69.2793845,primary
426060206,17,41.309743,69.2793798,primary
426742876,0,41.3036516,69.314854,primary
426742876,1,41.3038236,69.313997,primary
426742876,2,41.3039825,69.3131875,primary
426742876,3,41.3041047,69.3125974,primary
426742876,4,41.304132,69.3124626,primary
426742876,5,41.3042014,69.3121199,primary
426742876,6,41.3043902,69.3111957,primary
426742876,7,41.3045433,69.31045,primary
426742876,8,41.3048616,69.3088922,primary
426742876,9,41.3049732,69.3083904,primary
426742876,10,41.3050452,69.3080733,primary
427411522,0,41.2980865,69.2067943,primary
427411522,1,41.2984953,69.2076524,primary
427411522,2,41.2989019,69.2085061,primary
427411522,3,41.2992972,69.2093359,primary
427411522,4,41.2994003,69.2095524,primary
427411522,5,41.2995093,69.209798,primary
427411522,6,41.2995557,69.2099061,primary
427411522,7,41.299584,69.2099804,primary
427411522,8,41.2996152,69.2100631,primary
427411522,9,41.2996375,69.2101518,primary
427411522,10,41.2996569,69.210243,primary
427411522,11,41.2996733,69.2103335,primary
427411522,12,41.2996847,69.2104264,primary
427411522,13,41.2996893,69.2105261,primary
427411522,14,41.2996885,69.2106223,primary
427411522,15,41.2996819,69.2108038,primary
427411522,16,41.2996728,69.2109126,primary
427411522,17,41.2996581,69.2110091,primary
427411522,18,41.2996274,69.2111636,primary
427411522,19,41.2995647,69.2113819,primary
427414107,0,41.2810109,69.240649,primary
427414107,1,41.2807849,69.2410833,primary
427414107,2,41.280575,69.2414279,primary
427562418,0,41.2796305,69.2430573,primary
427562418,1,41.2806245,69.2415022,primary
427570905,0,41.2785281,69.2447525,primary
427570905,1,41.2796305,69.2430573,primary
428164579,0,41.3082499,69.2068804,primary
428164579,1,41.3078876,69.2068776,primary
428164579,2,41.3076495,69.2068882,primary
428480215,0,41.2793433,69.2508963,primary
428480215,1,41.2796567,69.2520381,primary
428480215,2,41.2799294,69.2530654,primary
428480218,0,41.2788637,69.2491491,primary
428480218,1,41.2793433,69.2508963,primary
428480221,0,41.2800208,69.2529904,primary
428480221,1,41.2797281,69.2519902,primary
428480221,2,41.2794197,69.2508642,primary
428480222,0,41.2794197,69.2508642,primary
428480222,1,41.2789397,69.2491115,primary
428480224,0,41.2784511,69.2446877,primary
428480224,1,41.2783977,69.2447756,primary
428480224,2,41.2783451,69.2448653,primary
428480224,3,41.2782983,69.2449586,primary
428480224,4,41.2782548,69.2450533,primary
428480224,5,41.2782171,69.2451521,primary
428480224,6,41.2781829,69.2452528,primary
428480224,7,41.278153,69.2453529,primary
428480224,8,41.2781291,69.2454574,primary
428480224,9,41.2781083,69.2455671,primary
428480224,10,41.2780954,69.2456774,primary
428480224,11,41.2780877,69.2457881,primary
428480224,12,41.2780842,69.2458989,primary
428480224,13,41.2780836,69.2460124,primary
428480224,14,41.2780884,69.2461259,primary
428480224,15,41.2780982,69.2462394,primary
428480224,16,41.2781079,69.2463186,primary
428480224,17,41.2781197,69.2463963,primary
428480224,18,41.2781402,69.2464986,primary
428480224,19,41.2781641,69.2465961,primary
428480224,20,41.2781889,69.246691,primary
428480224,21,41.2788637,69.2491491,primary
428480225,0,41.2789397,69.2491115,primary
428480225,1,41.2782711,69.2466701,primary
428480225,2,41.2782483,69.2465757,primary
428480225,3,41.2782378,69.2465285,primary
428480225,4,41.2782274,69.2464809,primary
428480225,5,41.2782178,69.2464339,primary
428480225,6,41.27821,69.246387,primary
428480225,7,41.2782021,69.2463393,primary
428480225,8,41.2781956,69.2462917,primary
428480225,9,41.2781891,69.2462372,primary
428480225,10,41.2781798,69.2461292,primary
428480225,11,41.2781742,69.2460216,primary
428480225,12,41.2781721,69.2459126,primary
428480225,13,41.2781771,69.2458035,primary
428480225,14,41.2781874,69.2456957,primary
428480225,15,41.2782023,69.2455895,primary
428480225,16,41.2782208,69.2454834,primary
428480225,17,41.2782431,69.2453838,primary
428480225,18,41.278271,69.2452842,primary
428480225,19,41.2783034,69.2451886,primary
428480225,20,41.2783393,69.245094,primary
428480225,21,41.2783828,69.2450023,primary
428480225,22,41.2784307,69.2449135,primary
428480225,23,41.2784787,69.2448327,primary
428480225,24,41.2785281,69.2447525,primary
429053060,0,41.3007397,69.2970937,trunk
429053060,1,41.3019151,69.2971646,trunk
429053060,2,41.3022776,69.2972115,trunk
429053060,3,41.3025456,69.2972604,trunk
429053060,4,41.3027891,69.2973158,trunk
429053060,5,41.3029664,69.2973605,trunk
429053060,6,41.3031252,69.2974073,trunk
429053060,7,41.3033019,69.2974761,trunk
429053060,8,41.3034785,69.2975521,trunk
429053060,9,41.303724,69.2976693,trunk
429053060,10,41.303966,69.2977965,trunk
429053060,11,41.304136,69.2978983,trunk
429053060,12,41.3043013,69.2979992,trunk
429053060,13,41.3044835,69.2981197,trunk
429053060,14,41.304662,69.2982584,trunk
429053060,15,41.3048456,69.2984092,trunk
429053060,16,41.305022,69.2985648,trunk
429053060,17,41.3051424,69.2986713,trunk
429053060,18,41.3052621,69.2987817,trunk
429053060,19,41.3053606,69.2988828,trunk
429053060,20,41.3054569,69.298983,trunk
429053060,21,41.3056001,69.2991409,trunk
429053060,22,41.3057409,69.2993033,trunk
429053060,23,41.3058889,69.299484,trunk
429053060,24,41.3060326,69.2996693,trunk
429053060,25,41.3061169,69.2997843,trunk
429053060,26,41.3061861,69.2998822,trunk
429053060,27,41.3062511,69.2999763,trunk
429053060,28,41.306346,69.300122,trunk
429053060,29,41.3065617,69.3004673,trunk
429053060,30,41.306733,69.3007364,trunk
429053060,31,41.3070821,69.3013034,trunk
429466381,0,41.2807531,69.2555584,primary
429466381,1,41.2807082,69.255401,primary
429466381,2,41.2805774,69.2549422,primary
429466381,3,41.2804011,69.2543237,primary
429466381,4,41.2800208,69.2529904,primary
429578956,0,41.2806473,69.2556065,primary
429578956,1,41.2807023,69.2557949,primary
430891839,0,41.3006974,69.2105973,primary
430891839,1,41.3006802,69.2105972,primary
430891839,2,41.3005619,69.210593,primary
432913681,0,41.2828335,69.2381122,primary
432913681,1,41.2828824,69.2380368,primary
432913681,2,41.2829212,69.2379769,primary
432913681,3,41.282957,69.237918,primary
432913681,4,41.2830997,69.237688,primary
432913681,5,41.2832531,69.2374408,primary
432913681,6,41.2836312,69.2368337,primary
432913681,7,41.2837802,69.2365972,primary
432913681,8,41.283955,69.2363174,primary
432913681,9,41.2842086,69.2359151,primary
432913681,10,41.2846272,69.235251,primary
435422330,0,41.2995594,69.2116872,primary
435422330,1,41.2996034,69.2116433,primary
435422330,2,41.2996474,69.2116024,primary
435422330,3,41.2996909,69.2115658,primary
435422330,4,41.2997381,69.2115301,primary
435422330,5,41.2997851,69.2114997,primary
435422330,6,41.2998339,69.2114738,primary
435422330,7,41.299879,69.2114561,primary
435422330,8,41.2999291,69.211443,primary
435422330,9,41.3003919,69.2114407,primary
436194584,0,41.2450941,69.3954481,trunk
436194584,1,41.2440862,69.3967324,trunk
436275921,0,41.3667551,69.291279,primary
436275921,1,41.3667902,69.2910397,primary
436275921,2,41.3668036,69.2909482,primary
436275921,3,41.3668515,69.2906211,primary
436275921,4,41.366862,69.2905491,primary
436275921,5,41.3668865,69.290382,primary
436275921,6,41.3669009,69.2902838,primary
436275921,7,41.3669781,69.2897568,primary
436275921,8,41.3670161,69.2894973,primary
436275921,9,41.367114,69.288829,primary
436275921,10,41.3671369,69.2886727,primary
436275922,0,41.36624,69.2927723,primary
436275922,1,41.3661825,69.2928679,primary
436275922,2,41.3660862,69.2930284,primary
436275922,3,41.3658438,69.2934322,primary
436275922,4,41.3657124,69.2936511,primary
436512508,0,41.1686885,69.2280304,trunk
436512508,1,41.1692588,69.2261702,trunk
436512510,0,41.1736045,69.2119764,trunk
436512510,1,41.1737082,69.2116386,trunk
436512512,0,41.1736232,69.211592,trunk
436512512,1,41.1735242,69.2119103,trunk
436512513,0,41.169301,69.225662,trunk
436512513,1,41.1685917,69.2279765,trunk
436512519,0,41.1735242,69.2119103,trunk
436512519,1,41.1735096,69.2119578,trunk
436512519,2,41.1717103,69.2178076,trunk
436512519,3,41.1714353,69.218701,trunk
436512519,4,41.1714251,69.2187342,trunk
436512519,5,41.171213,69.2194231,trunk
436512519,6,41.169301,69.225662,trunk
436512523,0,41.1694031,69.2256997,trunk
436512523,1,41.1713047,69.2194973,trunk
436512523,2,41.1718165,69.217862,trunk
436516350,0,41.2437762,69.2244731,trunk
436516350,1,41.243895,69.2244661,trunk
436822865,0,41.2527802,69.2155348,primary
436822865,1,41.2526565,69.2153056,primary
436822866,0,41.2525728,69.2153701,primary
436822866,1,41.2526925,69.2155956,primary
436824461,0,41.2610204,69.226339,primary
436824461,1,41.2607964,69.2260755,primary
436824462,0,41.2607172,69.2263217,primary
436824462,1,41.2609489,69.2265852,primary
438355241,0,41.3142937,69.2098815,primary
438355241,1,41.3141856,69.2098439,primary
438355241,2,41.3140799,69.2098046,primary
438355241,3,41.3139458,69.2097485,primary
438355241,4,41.3137601,69.2096567,primary
438355241,5,41.3136076,69.2095743,primary
438355241,6,41.3134841,69.2094919,primary
438355241,7,41.3133284,69.2093769,primary
438487199,0,41.3056189,69.2637781,primary
438487199,1,41.305774,69.2631675,primary
438487199,2,41.3059344,69.2625639,primary
438487199,3,41.3067762,69.2595759,primary
438487199,4,41.3070216,69.2587129,primary
438487199,5,41.3070693,69.2585451,primary
438957436,0,41.3348662,69.279361,trunk
438957436,1,41.3347914,69.2794969,trunk
438957438,0,41.3348859,69.2795868,trunk
438957438,1,41.3349617,69.2794503,trunk
438957439,0,41.3341104,69.2810194,trunk
438957439,1,41.3341963,69.2808375,trunk
438957439,2,41.3342881,69.2806557,trunk
438957439,3,41.3344856,69.2803079,trunk
438957439,4,41.3347885,69.2797623,trunk
438957439,5,41.3348123,69.2797194,trunk
438957439,6,41.3348859,69.2795868,trunk
439445459,0,41.338395,69.2560437,primary
439445459,1,41.3387849,69.2551488,primary
439445460,0,41.3379934,69.2568548,primary
439445460,1,41.3379438,69.2570203,primary
439641605,0,41.3134772,69.2096805,primary
439641605,1,41.313669,69.2097847,primary
439641605,2,41.3139012,69.2099001,primary
439641605,3,41.3140414,69.2099632,primary
439641605,4,41.3141415,69.2100017,primary
439641605,5,41.3142441,69.210037,primary
439641606,0,41.3265575,69.2125098,primary
439641606,1,41.326126,69.2122282,primary
439641606,2,41.3256977,69.2119525,primary
439641606,3,41.3253755,69.2117464,primary
439641606,4,41.3249972,69.2115061,primary
439641606,5,41.3244791,69.2111817,primary
439641606,6,41.3238924,69.2108143,primary
439641606,7,41.3236502,69.2106622,primary
439641606,8,41.3233615,69.2104827,primary
439641609,0,41.3105975,69.2075066,primary
439641609,1,41.3108304,69.2076115,primary
439641609,2,41.3110149,69.2076993,primary
439641609,3,41.3111875,69.2077971,primary
439641609,4,41.3115232,69.2080135,primary
439641609,5,41.3117382,69.2081624,primary
439641609,6,41.3119162,69.2082997,primary
439641609,7,41.3120834,69.208437,primary
439641609,8,41.3122127,69.2085529,primary
439641609,9,41.3122736,69.2086074,primary
439641609,10,41.3124648,69.208785,primary
439641609,11,41.3128289,69.2091477,primary
439641609,12,41.3129478,69.2092674,primary
439641609,13,41.3130855,69.2093871,primary
439641609,14,41.3131083,69.2094046,primary
439641609,15,41.3132642,69.2095244,primary
439641609,16,41.3134772,69.2096805,primary
439641610,0,41.3298364,69.215441,primary
439641610,1,41.3305935,69.2162275,primary
439641610,2,41.3307255,69.2163614,primary
439641610,3,41.3311674,69.2168096,primary
439641610,4,41.3315124,69.2171595,primary
439641610,5,41.3318918,69.2175412,primary
439642816,0,41.3311964,69.2702696,primary
439642816,1,41.3309728,69.2705782,primary
439642816,2,41.3305823,69.2711169,primary
439642816,3,41.3302268,69.2716035,primary
439642817,0,41.3229426,69.2711654,primary
439642817,1,41.3228816,69.271512,primary
439642817,2,41.3228517,69.2716416,primary
439642817,3,41.3228144,69.2717721,primary
439642817,4,41.3227531,69.2719433,primary
439642817,5,41.3226855,69.2720978,primary
439642817,6,41.3226138,69.2722342,primary
439642817,7,41.3225377,69.2723526,primary
439642817,8,41.322491,69.2724215,primary
439642817,9,41.3224649,69.2724693,primary
439642817,10,41.3224388,69.2725171,primary
439642817,11,41.3224158,69.2725711,primary
439642817,12,41.3224023,69.2726237,primary
439642818,0,41.3285911,69.2743542,primary
439642818,1,41.3283388,69.2742783,primary
439642818,2,41.3281069,69.2742127,primary
439642818,3,41.327906,69.2741558,primary
439642818,4,41.3264109,69.2737298,primary
439642818,5,41.325608,69.2735085,primary
439642818,6,41.3246706,69.2732501,primary
439642818,7,41.3243326,69.2731573,primary
439642818,8,41.3233442,69.2728845,primary
439642818,9,41.3232921,69.2728702,primary
439642818,10,41.323047,69.2728022,primary
439750341,0,41.3234983,69.2107698,primary
439750341,1,41.3238341,69.2109849,primary
439750341,2,41.3244147,69.2113506,primary
439750341,3,41.3253141,69.2119326,primary
439750341,4,41.3255046,69.2120621,primary
439750341,5,41.3255622,69.2121013,primary
439750341,6,41.3257594,69.2122243,primary
439750341,7,41.3278816,69.2135483,primary
439750341,8,41.3279049,69.2135608,primary
439755548,0,41.3221365,69.2101179,primary
439755548,1,41.3222879,69.2101713,primary
439755549,0,41.3222912,69.2099433,primary
439755549,1,41.3221402,69.209889,primary
439969781,0,41.3327573,69.297503,trunk
439969781,1,41.3325691,69.2962593,trunk
439969781,2,41.3323993,69.2950869,trunk
439969781,3,41.3323916,69.2949386,trunk
439969781,4,41.332387,69.294789,trunk
439993338,0,41.3297659,69.2467166,primary
439993338,1,41.3300151,69.2460892,primary
439993338,2,41.3302995,69.2453136,primary
439993338,3,41.3304293,69.2449435,primary
439993338,4,41.3305599,69.244571,primary
439993338,5,41.3305785,69.2445164,primary
439993338,6,41.3306234,69.2443843,primary
439993338,7,41.3306609,69.2442684,primary
439993338,8,41.3306848,69.2441942,primary
439993338,9,41.3307424,69.2440008,primary
439993338,10,41.330792,69.2438078,primary
439993338,11,41.3308333,69.2436222,primary
439993338,12,41.3308692,69.2434332,primary
439993338,13,41.3309022,69.243238,primary
439993338,14,41.3309139,69.2431467,primary
439993338,15,41.3309239,69.2430545,primary
439995871,0,41.3009398,69.2107745,primary
439995871,1,41.3011356,69.2107149,primary
439995871,2,41.3012769,69.2106613,primary
439995871,3,41.3014104,69.2105962,primary
439995871,4,41.3014786,69.2105502,primary
439995871,5,41.3015653,69.2104672,primary
439995871,6,41.301692,69.2103563,primary
439995871,7,41.3019313,69.2101356,primary
440550980,0,41.3082107,69.337189,primary
440550980,1,41.3079833,69.33743,primary
441114273,0,41.3080333,69.2547399,primary
441114273,1,41.3079918,69.2548674,primary
441114273,2,41.3079686,69.2549387,primary
441114273,3,41.3078249,69.2553794,primary
442195008,0,41.2774558,69.2449608,primary
442195008,1,41.2780174,69.2456179,primary
442195008,2,41.2780838,69.2456966,primary
442195008,3,41.2785108,69.2462013,primary
442570730,0,41.3086064,69.288996,primary
442570730,1,41.308662,69.2888014,primary
442570730,2,41.309126,69.2871836,primary
442570730,3,41.3091663,69.2870365,primary
442570730,4,41.3092156,69.2868616,primary
442570730,5,41.3093279,69.2864528,primary
442570731,0,41.3076835,69.2921437,primary
442570731,1,41.3077559,69.2919764,primary
442570731,2,41.3080377,69.2909889,primary
442570731,3,41.3082555,69.2902256,primary
442570731,4,41.3084063,69.2896973,primary
442570731,5,41.3085233,69.2892874,primary
442570731,6,41.308546,69.2892077,primary
442570731,7,41.3086064,69.288996,primary
443963118,0,41.3094441,69.2071634,primary
443963118,1,41.3096247,69.2071958,primary
443963118,2,41.3097789,69.2072326,primary
443963118,3,41.3100954,69.2073198,primary
443963118,4,41.3104295,69.2074448,primary
443963118,5,41.3105975,69.2075066,primary
443963119,0,41.3103606,69.2072297,primary
443963119,1,41.3101009,69.2071418,primary
443963119,2,41.3098509,69.207084,primary
443963119,3,41.3095986,69.2070265,primary
443963119,4,41.3093263,69.2069765,primary
444510921,0,41.2868719,69.2807424,trunk
444510921,1,41.2875725,69.2812532,trunk
444510921,2,41.2876623,69.2813168,trunk
444848135,0,41.3653262,69.3305415,trunk
444848135,1,41.3658813,69.3298165,trunk
444848135,2,41.3667254,69.328714,trunk
444848135,3,41.3672183,69.3280702,trunk
444848135,4,41.3673631,69.3278811,trunk
444848135,5,41.3679277,69.3271436,trunk
444848135,6,41.3687495,69.3260703,trunk
444848135,7,41.3690891,69.3256449,trunk
444848135,8,41.369183,69.32553,trunk
444848135,9,41.369211,69.3254951,trunk
444848135,10,41.3693267,69.3253516,trunk
444848135,11,41.3694441,69.325211,trunk
444848135,12,41.3695636,69.3250738,trunk
444848135,13,41.369686,69.3249438,trunk
444848135,14,41.369787,69.324838,trunk
444848135,15,41.3698896,69.3247359,trunk
444848135,16,41.3700016,69.3246366,trunk
444848135,17,41.3701137,69.3245417,trunk
444848135,18,41.3703411,69.3243683,trunk
444848135,19,41.3705736,69.3241923,trunk
444848135,20,41.3707108,69.3241065,trunk
444848135,21,41.3707809,69.3240626,trunk
444848135,22,41.3709927,69.3239428,trunk
444848135,23,41.371426,69.3237326,trunk
444848135,24,41.3723356,69.3233222,trunk
444848135,25,41.37336,69.3228599,trunk
444848135,26,41.3733899,69.3228464,trunk
444848135,27,41.3734534,69.3228178,trunk
444848136,0,41.3736155,69.3225521,trunk
444848136,1,41.3734104,69.3226449,trunk
446034935,0,41.2995852,69.2968429,trunk
446034935,1,41.2997247,69.296889,trunk
446034935,2,41.2998642,69.2969322,trunk
446034935,3,41.2999415,69.2969552,trunk
446034935,4,41.3000942,69.2969981,trunk
446034935,5,41.3003139,69.297047,trunk
446034935,6,41.3005341,69.2970812,trunk
446034935,7,41.3007397,69.2970937,trunk
446034938,0,41.307168,69.3011964,trunk
446034938,1,41.3067124,69.300459,trunk
446034938,2,41.3063391,69.2998697,trunk
446034938,3,41.3062302,69.2997087,trunk
446034938,4,41.3061051,69.299534,trunk
446034938,5,41.305977,69.299368,trunk
446034938,6,41.3058458,69.2992071,trunk
446034938,7,41.3057169,69.2990454,trunk
446034938,8,41.3055816,69.2988904,trunk
446034938,9,41.3054708,69.2987715,trunk
446034938,10,41.305354,69.298659,trunk
446034938,11,41.3051931,69.2985104,trunk
446034938,12,41.3050295,69.2983681,trunk
446034938,13,41.3048243,69.2981969,trunk
446034938,14,41.3045831,69.298005,trunk
446034938,15,41.3044013,69.2978697,trunk
446034938,16,41.3042351,69.2977598,trunk
446034938,17,41.3040585,69.2976563,trunk
446034938,18,41.3039256,69.2975833,trunk
446034938,19,41.3037998,69.2975196,trunk
446034938,20,41.3036727,69.2974612,trunk
446034938,21,41.3034816,69.2973792,trunk
446034938,22,41.3033702,69.297333,trunk
446034938,23,41.3032178,69.297269,trunk
446034938,24,41.3030082,69.2971962,trunk
446034938,25,41.3028687,69.2971507,trunk
446034938,26,41.3027071,69.2971024,trunk
446034938,27,41.3025449,69.2970612,trunk
446034938,28,41.3024005,69.2970351,trunk
446034938,29,41.3022581,69.2970143,trunk
446034938,30,41.3020187,69.2969895,trunk
446034938,31,41.3017616,69.2969758,trunk
446034938,32,41.3014503,69.2969532,trunk
446034938,33,41.3007408,69.2969234,trunk
446034938,34,41.3004929,69.2969032,trunk
446034938,35,41.3002416,69.2968707,trunk
446034938,36,41.3001,69.2968487,trunk
446083466,0,41.3048412,69.2082023,primary
446083466,1,41.3047868,69.2080509,primary
446622136,0,41.3355475,69.3438512,primary
446622136,1,41.3353935,69.3441058,primary
446622137,0,41.3353935,69.3441058,primary
446622137,1,41.3352032,69.3444194,primary
446622137,2,41.3348163,69.3450569,primary
446622137,3,41.3341856,69.3461014,primary
446622139,0,41.3354681,69.3441875,primary
446622139,1,41.3355724,69.3440147,primary
446622139,2,41.3357687,69.3436895,primary
446622139,3,41.3368106,69.3419637,primary
446622139,4,41.3375567,69.3407278,primary
446622139,5,41.3382393,69.3395971,primary
446622139,6,41.3383292,69.3394482,primary
446622139,7,41.3384231,69.3392921,primary
446622585,0,41.3342644,69.3461813,primary
446622585,1,41.3354681,69.3441875,primary
446622586,0,41.3341533,69.3463654,primary
446622586,1,41.3342644,69.3461813,primary
446622588,0,41.3341856,69.3461014,primary
446622588,1,41.334073,69.3462874,primary
446936234,0,41.3054146,69.3069281,primary
446936234,1,41.3054834,69.3067712,primary
447850492,0,41.2371758,69.3282787,trunk
447850492,1,41.2372398,69.3286058,trunk
447850492,2,41.2373808,69.3291801,trunk
447850492,3,41.2374476,69.3294277,trunk
447850493,0,41.2369517,69.3264459,trunk
447850493,1,41.2369711,69.3267245,trunk
447850493,2,41.2369981,69.327066,trunk
447850493,3,41.2370144,69.3272484,trunk
447850493,4,41.2370408,69.3274475,trunk
447850493,5,41.2371189,69.3279883,trunk
447850494,0,41.2935195,69.2977088,primary
447850494,1,41.2936623,69.2975673,primary
447850494,2,41.2937128,69.2975118,primary
447850494,3,41.2939921,69.29723,primary
447900681,0,41.3137685,69.2370756,primary
447900681,1,41.3136455,69.2369718,primary
447943777,0,41.1618419,69.1224465,primary
447943777,1,41.1615814,69.122271,primary
447943777,2,41.1612129,69.1219593,primary
447943777,3,41.1609116,69.1216968,primary
447943777,4,41.160771,69.1215486,primary
447943777,5,41.1606455,69.1214004,primary
447943777,6,41.1605104,69.1212371,primary
447943777,7,41.1603853,69.1210738,primary
447943777,8,41.1601352,69.1207338,primary
447943777,9,41.1596431,69.1200216,primary
447943777,10,41.1592843,69.1194585,primary
447943777,11,41.1591508,69.1192239,primary
447943777,12,41.1590194,69.1189812,primary
447943777,13,41.1585436,69.1180194,primary
447943777,14,41.1584078,69.1177449,primary
447943777,15,41.1582112,69.1173544,primary
447943777,16,41.1572635,69.1154722,primary
447943777,17,41.1569789,69.1148705,primary
447943777,18,41.156738,69.114312,primary
447943777,19,41.1559196,69.1120685,primary
447943777,20,41.1557681,69.1116532,primary
447943777,21,41.1556314,69.111294,primary
447943777,22,41.1556027,69.1112246,primary
447943777,23,41.1553071,69.1105099,primary
447943777,24,41.1550309,69.109977,primary
447943777,25,41.1547389,69.1094725,primary
447943777,26,41.1538713,69.1080396,primary
447943777,27,41.1534466,69.1073684,primary
447943777,28,41.1533313,69.1071986,primary
447943777,29,41.1532007,69.1070466,primary
447943777,30,41.1529065,69.106762,primary
447943777,31,41.1520795,69.1059068,primary
447943777,32,41.1513269,69.1051993,primary
447943777,33,41.1512377,69.1051121,primary
447943777,34,41.1508817,69.1046342,primary
447943777,35,41.1502528,69.1037897,primary
447943777,36,41.1500217,69.103391,primary
447943777,37,41.1498409,69.1029359,primary
447943777,38,41.14975,69.1026041,primary
447943777,39,41.1496833,69.1022634,primary
447943777,40,41.1496438,69.10195,primary
447943777,41,41.1495916,69.1014549,primary
447943777,42,41.1495855,69.1006127,primary
447943777,43,41.1495601,69.099606,primary
447943777,44,41.1495225,69.098253,primary
447943777,45,41.1494233,69.0974422,primary
447943777,46,41.1492288,69.0964741,primary
447943777,47,41.1489834,69.0953032,primary
447943777,48,41.1488647,69.0948079,primary
447943777,49,41.1487021,69.0943544,primary
447943777,50,41.1485969,69.0941337,primary
447943777,51,41.1484913,69.0939403,primary
447943777,52,41.1482929,69.0936424,primary
447943777,53,41.1479831,69.0932243,primary
447943777,54,41.1478097,69.0929675,primary
448283047,0,41.3116783,69.2433804,primary
448283047,1,41.3116662,69.2437519,primary
448283047,2,41.3116551,69.2440623,primary
448283047,3,41.3116365,69.2445308,primary
448283047,4,41.3116325,69.2446313,primary
448283047,5,41.3115978,69.2454997,primary
448283047,6,41.311582,69.2459238,primary
448283047,7,41.3115749,69.246106,primary
448283047,8,41.3115236,69.2474212,primary
448283047,9,41.311517,69.2475907,primary
448283047,10,41.3115147,69.2476503,primary
448283047,11,41.3114745,69.24868,primary
448283047,12,41.3114335,69.2497277,primary
448283047,13,41.3114151,69.2501988,primary
448283047,14,41.3113713,69.2513212,primary
448283047,15,41.3113047,69.253011,primary
448326468,0,41.2488612,69.164392,trunk
448326468,1,41.2489883,69.1643375,trunk
448326468,2,41.249524,69.1640543,trunk
448326468,3,41.2498897,69.163835,trunk
448326468,4,41.250255,69.1636072,trunk
448326468,5,41.2504787,69.1634403,trunk
448326468,6,41.2507325,69.1632419,trunk
448326468,7,41.2511513,69.1628559,trunk
448326468,8,41.2514066,69.1626256,trunk
448326468,9,41.2518839,69.1621365,trunk
448326468,10,41.2523879,69.1615187,trunk
448326468,11,41.252928,69.160724,trunk
449040912,0,41.234271,69.2080613,trunk
449040912,1,41.2352698,69.2087729,trunk
449040912,2,41.2364208,69.2095904,trunk
449040912,3,41.238793,69.2112708,trunk
449040912,4,41.2413682,69.2130758,trunk
449040912,5,41.2416172,69.2132812,trunk
449040912,6,41.2417976,69.2134568,trunk
449040912,7,41.241919,69.2135851,trunk
449040912,8,41.2420589,69.2137406,trunk
449040912,9,41.2421879,69.2139025,trunk
449040912,10,41.2423058,69.2140717,trunk
449040912,11,41.2424167,69.2142427,trunk
449040912,12,41.2424993,69.2143799,trunk
449040912,13,41.242572,69.2145149,trunk
449040912,14,41.2426708,69.2147011,trunk
449040912,15,41.2427626,69.2148891,trunk
449040912,16,41.2428282,69.2150574,trunk
449040912,17,41.2428902,69.2152256,trunk
449040912,18,41.2429557,69.2154193,trunk
449040912,19,41.2430175,69.2156163,trunk
449040912,20,41.2430642,69.2158013,trunk
449040912,21,41.2431035,69.2159864,trunk
449040912,22,41.2431312,69.2161266,trunk
449040912,23,41.243157,69.2162693,trunk
449040912,24,41.2432804,69.2171246,trunk
449056099,0,41.2006451,69.1597001,primary
449056099,1,41.2008299,69.1598861,primary
449056099,2,41.2011607,69.1602191,primary
449056099,3,41.201486,69.1605456,primary
449056099,4,41.2018671,69.1609662,primary
449056099,5,41.2020125,69.1611339,primary
449056099,6,41.2021483,69.1613067,primary
449056099,7,41.2024059,69.1616542,primary
449056099,8,41.2026331,69.1619695,primary
449056099,9,41.2028387,69.1623006,primary
449056099,10,41.2032536,69.1629849,primary
449056099,11,41.2034786,69.1633338,primary
449056099,12,41.2036278,69.1635483,primary
449056099,13,41.2037793,69.1637509,primary
449056099,14,41.2043384,69.1645021,primary
449056099,15,41.2054839,69.1659629,primary
449056099,16,41.2057672,69.1663059,primary
449056099,17,41.2060798,69.1666564,primary
449056099,18,41.2076526,69.1682694,primary
449056099,19,41.208523,69.1691626,primary
449056099,20,41.2090503,69.169712,primary
449056099,21,41.2093536,69.1700076,primary
449056099,22,41.209479,69.1701192,primary
449056099,23,41.2096059,69.1702246,primary
449056099,24,41.2097863,69.1703668,primary
449056099,25,41.2100456,69.1705535,primary
449056099,26,41.2104719,69.1708293,primary
449056099,27,41.2108944,69.1710741,primary
449056099,28,41.2111591,69.1712011,primary
449056099,29,41.2116448,69.1714271,primary
449056099,30,41.2125316,69.1717952,primary
449056099,31,41.2133651,69.1721199,primary
449056099,32,41.2136298,69.1722307,primary
449056099,33,41.2138674,69.1723397,primary
449056099,34,41.2140451,69.1724229,primary
449056099,35,41.2154673,69.1732114,primary
449056099,36,41.2166475,69.1738715,primary
449056099,37,41.2173109,69.1742155,primary
449056099,38,41.2174885,69.1743129,primary
449056099,39,41.2176667,69.1744022,primary
449056099,40,41.217864,69.1744873,primary
449056099,41,41.2180314,69.1745399,primary
449056099,42,41.218308,69.1746286,primary
449056099,43,41.2186843,69.1747524,primary
449056101,0,41.1991743,69.1582272,primary
449056101,1,41.1993817,69.1584391,primary
449056101,2,41.1998114,69.158878,primary
449056101,3,41.1998599,69.1589276,primary
449056101,4,41.1998999,69.1589685,primary
449056101,5,41.2006451,69.1597001,primary
449056102,0,41.1960637,69.1551099,primary
449056102,1,41.1963994,69.155456,primary
449056102,2,41.1967259,69.1557876,primary
449056102,3,41.1969513,69.1560199,primary
449056102,4,41.1971802,69.1562554,primary
449056102,5,41.1974893,69.1565633,primary
449056102,6,41.1979082,69.1569727,primary
449056102,7,41.198714,69.1577666,primary
449056105,0,41.1972064,69.1561257,primary
449056105,1,41.1967819,69.1556968,primary
449056105,2,41.1964132,69.1553229,primary
449056105,3,41.1960505,69.1549552,primary
449056105,4,41.1946464,69.1535591,primary
449056802,0,41.1999523,69.1588695,primary
449056802,1,41.1997406,69.1586546,primary
449056802,2,41.199358,69.1582663,primary
449056802,3,41.1987439,69.1576467,primary
449056802,4,41.1972064,69.1561257,primary
449056804,0,41.1931669,69.1521397,primary
449056804,1,41.193867,69.1529039,primary
449056804,2,41.1945939,69.1536585,primary
449056805,0,41.1945939,69.1536585,primary
449056805,1,41.1960637,69.1551099,primary
449056806,0,41.1946464,69.1535591,primary
449056806,1,41.1945139,69.1534186,primary
449056806,2,41.1942737,69.1531728,primary
449056806,3,41.1941382,69.1530358,primary
449056806,4,41.193797,69.152682,primary
449056806,5,41.193467,69.1523282,primary
449056806,6,41.1929629,69.1517575,primary
449056806,7,41.1907355,69.1491292,primary
449056806,8,41.1894191,69.1475968,primary
449056806,9,41.1889497,69.1470486,primary
449056806,10,41.1887622,69.1468142,primary
449056806,11,41.1886951,69.1467376,primary
449056806,12,41.1885722,69.1465974,primary
449056806,13,41.1884123,69.1464321,primary
449056806,14,41.1882619,69.1462864,primary
449056806,15,41.1879209,69.1459878,primary
449056806,16,41.1866949,69.144971,primary
449056806,17,41.186013,69.1444043,primary
449056806,18,41.1852444,69.1437513,primary
449056806,19,41.1850352,69.143566,primary
449056806,20,41.1832167,69.1418684,primary
449056806,21,41.1813498,69.14016,primary
449056806,22,41.1813048,69.140116,primary
449056806,23,41.1810183,69.1398031,primary
449056806,24,41.1806984,69.1394218,primary
449056806,25,41.1804903,69.1391627,primary
449056806,26,41.1801773,69.138765,primary
449056806,27,41.1783451,69.1363903,primary
449056806,28,41.1766581,69.1344257,primary
449056806,29,41.1749291,69.132424,primary
449056806,30,41.1746842,69.1321569,primary
449056806,31,41.1745086,69.1319837,primary
449056806,32,41.1743421,69.1318264,primary
449056806,33,41.1736762,69.1312045,primary
449056806,34,41.1731546,69.1307289,primary
449056806,35,41.1721233,69.1297544,primary
449056806,36,41.1714633,69.1291599,primary
449056806,37,41.1713936,69.1290965,primary
449056806,38,41.1703995,69.1281721,primary
449056806,39,41.1700472,69.1278463,primary
449056806,40,41.1691765,69.12703,primary
449056806,41,41.1683867,69.1262757,primary
449056806,42,41.1681287,69.1260311,primary
449485419,0,41.3188214,69.3112636,primary
449485419,1,41.3185864,69.3121014,primary
449485419,2,41.3182488,69.3131982,primary
450175107,0,41.3380436,69.2852192,primary
450175107,1,41.3377062,69.2851573,primary
450175107,2,41.3375898,69.285136,primary
450175107,3,41.3359553,69.2848364,primary
450175107,4,41.3354459,69.2847426,primary
452669678,0,41.3048412,69.2082023,primary
452669678,1,41.305012,69.208094,primary
452669678,2,41.3054004,69.2078562,primary
452669678,3,41.3055519,69.2077653,primary
452669678,4,41.3057136,69.2076749,primary
452669678,5,41.3058342,69.207611,primary
452669678,6,41.3058764,69.2075887,primary
452669678,7,41.3060993,69.207487,primary
452669678,8,41.3063244,69.2073938,primary
452669678,9,41.3065543,69.2073084,primary
452669678,10,41.3067842,69.2072278,primary
452669678,11,41.3068525,69.2072093,primary
452669678,12,41.3069382,69.2071861,primary
452669678,13,41.3070922,69.2071468,primary
452669678,14,41.3073257,69.2070979,primary
452669678,15,41.3075666,69.2070566,primary
452669678,16,41.3077547,69.207043,primary
453277194,0,41.3104481,69.3126482,primary
453277194,1,41.3105206,69.3124523,primary
456969006,0,41.3083712,69.2888793,primary
456969006,1,41.3086064,69.288996,primary
458950618,0,41.3653179,69.2945763,primary
458950618,1,41.3652205,69.2944704,primary
459938850,0,41.2257526,69.3354419,trunk
459938850,1,41.2260954,69.3355355,trunk
459938850,2,41.2261285,69.3355445,trunk
459938851,0,41.2183437,69.3346359,trunk
459938851,1,41.2184981,69.3346196,trunk
459938851,2,41.2203037,69.3343818,trunk
459938852,0,41.2261409,69.3354328,trunk
459938852,1,41.2257643,69.3353392,trunk
459938853,0,41.2257643,69.3353392,trunk
459938853,1,41.2256972,69.3353132,trunk
459938853,2,41.2254994,69.3352102,trunk
459938853,3,41.2252016,69.3350362,trunk
459938853,4,41.2249275,69.3348489,trunk
459938853,5,41.2246511,69.334643,trunk
459938853,6,41.2244198,69.3344518,trunk
459938853,7,41.2241955,69.3342642,trunk
459938853,8,41.2241265,69.3342133,trunk
459938853,9,41.2240561,69.3341696,trunk
459938853,10,41.2239748,69.3341222,trunk
459938853,11,41.2238944,69.3340808,trunk
459938853,12,41.2238019,69.3340401,trunk
459938853,13,41.2237094,69.3340073,trunk
459938853,14,41.2236319,69.3339854,trunk
459938853,15,41.2235522,69.3339642,trunk
459938853,16,41.2234709,69.3339463,trunk
459938853,17,41.2233857,69.3339355,trunk
459938853,18,41.2232832,69.3339262,trunk
459938853,19,41.2231793,69.3339253,trunk
459938853,20,41.2230454,69.3339272,trunk
459938853,21,41.2229146,69.3339345,trunk
459938853,22,41.2225031,69.3339785,trunk
459938853,23,41.2214947,69.3340863,trunk
459938853,24,41.2211976,69.3341243,trunk
460062461,0,41.3204774,69.3203471,primary
460062461,1,41.3205682,69.3201933,primary
460865171,0,41.3557677,69.3773765,primary
460865171,1,41.3558607,69.3775182,primary
460865171,2,41.3561344,69.3779289,primary
460865171,3,41.3566367,69.3787046,primary
460865171,4,41.3567807,69.378962,primary
460865171,5,41.3568525,69.3790964,primary
460865171,6,41.3569183,69.3792334,primary
460865171,7,41.3569737,69.3793517,primary
460865172,0,41.3594084,69.3882911,primary
460865172,1,41.3592197,69.3876672,primary
460865172,2,41.3588206,69.3861728,primary
460865172,3,41.3588055,69.386116,primary
460865172,4,41.358743,69.3858768,primary
460865173,0,41.3586198,69.3859355,primary
460865173,1,41.358684,69.3861896,primary
460865173,2,41.3588433,69.3867653,primary
460865173,3,41.3591064,69.3876927,primary
460865173,4,41.3593036,69.3883604,primary
462690937,0,41.3497221,69.3204635,primary
462690937,1,41.3496643,69.3202958,primary
462690940,0,41.3439224,69.3451023,primary
462690940,1,41.3440937,69.3450085,primary
462695992,0,41.3190662,69.2425211,primary
462695992,1,41.3214038,69.2427617,primary
462695993,0,41.3214043,69.2425717,primary
462695993,1,41.3190785,69.2423366,primary
463677141,0,41.3369854,69.2593628,primary
463677141,1,41.3373746,69.258709,primary
463677141,2,41.3375436,69.2584009,primary
463677141,3,41.3376264,69.2582463,primary
463677141,4,41.3377061,69.2580886,primary
463677141,5,41.3377957,69.2578825,primary
463677141,6,41.3378926,69.2576712,primary
463677141,7,41.3379754,69.2574868,primary
463677141,8,41.3379968,69.2574096,primary
463677141,9,41.3380411,69.2572356,primary
463677141,10,41.3380739,69.257107,primary
465330060,0,41.2927254,69.2796683,primary
465330060,1,41.2928008,69.2797878,primary
465330061,0,41.2911727,69.2771906,primary
465330061,1,41.2912564,69.2773285,primary
465330061,2,41.2916008,69.2778719,primary
465330061,3,41.2924838,69.2792855,primary
465330061,4,41.2925417,69.279377,primary
465330061,5,41.2927254,69.2796683,primary
466899242,0,41.1737082,69.2116386,trunk
466899242,1,41.1737309,69.2115676,trunk
466899242,2,41.174169,69.210141,trunk
466899242,3,41.1743309,69.2096458,trunk
466899242,4,41.1745007,69.2091644,trunk
466899242,5,41.1746806,69.2086883,trunk
466899242,6,41.1748696,69.208219,trunk
466899242,7,41.175026,69.2078509,trunk
466899242,8,41.1750667,69.207755,trunk
466899242,9,41.1752675,69.2073108,trunk
466899242,10,41.1754845,69.2068665,trunk
466899242,11,41.1757076,69.2064357,trunk
466899242,12,41.1759387,69.2060157,trunk
466899242,13,41.1761734,69.2056177,trunk
466899242,14,41.1764222,69.2052251,trunk
466899242,15,41.1766417,69.204888,trunk
466899242,16,41.1769238,69.2044722,trunk
466899242,17,41.1771828,69.2041134,trunk
466899242,18,41.1774419,69.2037668,trunk
466899242,19,41.1778242,69.2032902,trunk
466899242,20,41.1779841,69.2030909,trunk
466899242,21,41.1784723,69.2025891,trunk
466899242,22,41.1789445,69.2020946,trunk
466899244,0,41.1790642,69.2018081,trunk
466899244,1,41.1789811,69.2018938,trunk
466899244,2,41.1789355,69.2019429,trunk
466899244,3,41.1788458,69.2020397,trunk
466899244,4,41.1778905,69.2030189,trunk
466899244,5,41.1776193,69.203356,trunk
466899244,6,41.1773481,69.2036995,trunk
466899244,7,41.177092,69.2040386,trunk
466899244,8,41.1768308,69.2043927,trunk
466899244,9,41.1765728,69.2047723,trunk
466899244,10,41.1763264,69.2051581,trunk
466899244,11,41.1760847,69.2055593,trunk
466899244,12,41.1758511,69.2059711,trunk
466899244,13,41.1756315,69.2063613,trunk
466899244,14,41.1756185,69.2063843,trunk
466899244,15,41.175394,69.2068029,trunk
466899244,16,41.1753341,69.2069247,trunk
466899244,17,41.1751775,69.2072429,trunk
466899244,18,41.1749692,69.2076909,trunk
466899244,19,41.1749319,69.2077789,trunk
466899244,20,41.1747742,69.2081511,trunk
466899244,21,41.1747236,69.2082785,trunk
466899244,22,41.1745873,69.2086219,trunk
466899244,23,41.1744094,69.2091022,trunk
466899244,24,41.1742356,69.2095851,trunk
466899244,25,41.1740716,69.2100806,trunk
466899244,26,41.1739183,69.2105832,trunk
466899244,27,41.1736388,69.2115388,trunk
466899244,28,41.1736232,69.211592,trunk
467223989,0,41.288917,69.2822136,trunk
467223989,1,41.2890692,69.2822916,trunk
467352311,0,41.3848192,69.2911139,trunk
467352311,1,41.3852534,69.2913187,trunk
467352312,0,41.3844903,69.2907522,trunk
467352312,1,41.3840853,69.2904431,trunk
467352312,2,41.3840114,69.2903775,trunk
467352312,3,41.3839374,69.2903061,trunk
467352313,0,41.38486,69.2910161,trunk
467352313,1,41.3847936,69.2909709,trunk
467352313,2,41.3844903,69.2907522,trunk
467888616,0,41.3844453,69.2908511,trunk
467888616,1,41.3845088,69.2908972,trunk
467888616,2,41.3848192,69.2911139,trunk
468205953,0,41.3283886,69.2477809,primary
468205953,1,41.3281192,69.2482563,primary
468433203,0,41.2621877,69.2549973,primary
468433203,1,41.2622801,69.2549032,primary
468433205,0,41.2597648,69.2551328,primary
468433205,1,41.2598281,69.255239,primary
468433207,0,41.2583631,69.2556084,primary
468433207,1,41.2577841,69.2546345,primary
468433207,2,41.2572158,69.2536246,primary
468433207,3,41.2570658,69.253308,primary
468433207,4,41.2569402,69.2530142,primary
468433207,5,41.2568274,69.2527097,primary
468433207,6,41.2562562,69.2509075,primary
470223108,0,41.2598964,69.2252274,primary
470223108,1,41.2599857,69.2253659,primary
470223108,2,41.2601646,69.2256265,primary
470223108,3,41.2604043,69.2259486,primary
470223108,4,41.2607172,69.2263217,primary
470223109,0,41.2601098,69.2252249,primary
470223109,1,41.2600774,69.2251702,primary
470223109,2,41.2600194,69.2250617,primary
470223109,3,41.2599127,69.2248487,primary
470223109,4,41.2598596,69.2247183,primary
470223109,5,41.2598206,69.2245746,primary
470223109,6,41.2596973,69.224111,primary
470242936,0,41.2655746,69.2317852,primary
470242936,1,41.2655885,69.2318003,primary
470242936,2,41.2656376,69.2318537,primary
470242936,3,41.2657438,69.231969,primary
470933378,0,41.2894726,69.2748324,primary
470933378,1,41.2896088,69.2747871,primary
471343173,0,41.2843502,69.2659492,primary
471343173,1,41.2843858,69.266027,primary
471343173,2,41.2846272,69.2665552,primary
471343173,3,41.2848437,69.2670288,primary
471343173,4,41.2849998,69.2673701,primary
471343178,0,41.2844386,69.2658819,primary
471343178,1,41.2842268,69.2654018,primary
471343178,2,41.2841889,69.2653159,primary
471343178,3,41.2841332,69.2651897,primary
471343178,4,41.2840849,69.2650708,primary
471343184,0,41.2895001,69.274637,primary
471343184,1,41.2894032,69.2745101,primary
471343184,2,41.2889291,69.2738302,primary
473783426,0,41.3119999,69.2391881,primary
473783426,1,41.3118514,69.2394685,primary
473783426,2,41.3118263,69.2395526,primary
473783426,3,41.3118067,69.2396413,primary
473783426,4,41.3117934,69.2397319,primary
473783426,5,41.3117837,69.2398333,primary
473783426,6,41.3117769,69.2400624,primary
473783426,7,41.3117734,69.240179,primary
473783426,8,41.3117687,69.2403378,primary
480580950,0,41.2899247,69.221157,primary
480580950,1,41.2940751,69.2257689,primary
480788050,0,41.3665386,69.2922183,primary
480788050,1,41.3666454,69.2920382,primary
481010236,0,41.3006427,69.290176,primary
481010236,1,41.3007887,69.290037,primary
481010236,2,41.3015218,69.2893382,primary
481010236,3,41.3015816,69.2892813,primary
481010236,4,41.3029803,69.2879483,primary
481010236,5,41.3030732,69.2878597,primary
481010236,6,41.3031435,69.2877927,primary
481010239,0,41.3030846,69.2877057,primary
481010239,1,41.3030224,69.2877648,primary
481010239,2,41.3026717,69.2880984,primary
481010239,3,41.3025437,69.2882202,primary
481010239,4,41.3021789,69.2885672,primary
481010239,5,41.3015321,69.2891824,primary
481010239,6,41.3014699,69.2892416,primary
481010239,7,41.301049,69.289642,primary
481010239,8,41.3008496,69.2898317,primary
481010239,9,41.3005862,69.2900822,primary
481041174,0,41.302856,69.2793636,primary
481041174,1,41.3030291,69.2796113,primary
481041174,2,41.303196,69.2798386,primary
481041174,3,41.3032499,69.279912,primary
481041174,4,41.3039796,69.2809131,primary
481041174,5,41.3040454,69.2810033,primary
481041174,6,41.3043696,69.2814386,primary
481041174,7,41.3047061,69.2818624,primary
481041174,8,41.3053945,69.2826725,primary
481041174,9,41.3063932,69.2838143,primary
481041174,10,41.3064912,69.2839252,primary
481041174,11,41.3066897,69.2841498,primary
481044985,0,41.3140626,69.2863006,primary
481044985,1,41.3141012,69.2862744,primary
481044985,2,41.3142265,69.2861761,primary
481044985,3,41.3143485,69.2860708,primary
481044985,4,41.3144681,69.2859618,primary
481044985,5,41.3145279,69.2859052,primary
481044985,6,41.3145864,69.2858498,primary
481044985,7,41.3147044,69.2857347,primary
481044985,8,41.31482,69.2856143,primary
481044985,9,41.3149314,69.2854916,primary
481044985,10,41.3149843,69.2854314,primary
481044985,11,41.3150416,69.2853661,primary
481044985,12,41.315086,69.2853142,primary
481044985,13,41.3151571,69.2852313,primary
481044985,14,41.315267,69.2850939,primary
481044985,15,41.3153735,69.2849504,primary
481044985,16,41.3154536,69.2848336,primary
481044985,17,41.3154757,69.2848014,primary
481044985,18,41.3155708,69.2846559,primary
481044985,19,41.3156622,69.2845081,primary
481044985,20,41.3157559,69.2843494,primary
481044985,21,41.3157917,69.2842861,primary
481044985,22,41.3158469,69.2841886,primary
481044985,23,41.315904,69.2840803,primary
481044987,0,41.3146273,69.2855445,primary
481044987,1,41.3145118,69.2856565,primary
481044987,2,41.3143993,69.285765,primary
481044987,3,41.3143514,69.285809,primary
481044987,4,41.3142842,69.2858709,primary
481044987,5,41.3141691,69.2859692,primary
481044987,6,41.314112,69.2860144,primary
481044987,7,41.3140506,69.2860631,primary
481044987,8,41.3139795,69.2861156,primary
481048200,0,41.2969522,69.2861298,primary
481048200,1,41.2968799,69.2860167,primary
481148453,0,41.3005862,69.2900822,primary
481148453,1,41.3004498,69.2902308,primary
481148453,2,41.3003184,69.2903882,primary
481151497,0,41.3001211,69.2908612,primary
481151497,1,41.3002235,69.290706,primary
481151497,2,41.3003351,69.2905358,primary
481352299,0,41.2659694,69.2177086,trunk
481352299,1,41.2658625,69.2178741,trunk
481352299,2,41.2656509,69.2182104,trunk
481352299,3,41.2655597,69.2183628,trunk
481352299,4,41.2653798,69.2186633,trunk
481352299,5,41.2653133,69.2187768,trunk
481352301,0,41.2654287,69.2188942,trunk
481352301,1,41.265555,69.2186722,trunk
481352301,2,41.2659476,69.2180572,trunk
481352301,3,41.2659811,69.2180057,trunk
481352301,4,41.2660892,69.2178395,trunk
482062728,0,41.274391,69.2050751,trunk
482062728,1,41.2747546,69.2045148,trunk
482366384,0,41.2917982,69.2239086,primary
482366384,1,41.2919733,69.2236285,primary
482366384,2,41.2922271,69.2232362,primary
482366384,3,41.2924305,69.2229188,primary
482366385,0,41.2904276,69.2260753,primary
482366385,1,41.2904382,69.2260585,primary
482366385,2,41.2913088,69.2246785,primary
482366385,3,41.2914026,69.2245298,primary
482366385,4,41.2917982,69.2239086,primary
482366386,0,41.2916298,69.2238103,primary
482366386,1,41.2913734,69.2242194,primary
482366386,2,41.2912923,69.22435,primary
482366386,3,41.2904542,69.2256898,primary
482366386,4,41.2903016,69.2259338,primary
482366387,0,41.2923327,69.2226932,primary
482366387,1,41.2920865,69.2230778,primary
482366387,2,41.2918399,69.2234715,primary
482366387,3,41.2916298,69.2238103,primary
482473252,0,41.3497221,69.3204635,primary
482473252,1,41.349886,69.3201841,primary
482473252,2,41.350461,69.3192042,primary
482473252,3,41.3507439,69.3187221,primary
482473252,4,41.350919,69.3184237,primary
482473252,5,41.3509698,69.3183371,primary
482473252,6,41.3511432,69.3180415,primary
482473252,7,41.3515499,69.3173485,primary
482473252,8,41.3517259,69.3170486,primary
482473252,9,41.3526125,69.3155377,primary
482474346,0,41.3507664,69.3184305,primary
482474346,1,41.3505309,69.3188291,primary
482474346,2,41.3501756,69.3194305,primary
482474346,3,41.3498785,69.3199335,primary
482474346,4,41.3498003,69.3200659,primary
482474346,5,41.3496643,69.3202958,primary
482474950,0,41.353059,69.3145609,primary
482474950,1,41.352528,69.3154488,primary
482612354,0,41.3526125,69.3155377,primary
482612354,1,41.3531451,69.3146526,primary
482644974,0,41.3114397,69.2535432,primary
482644974,1,41.3114439,69.2534482,primary
482775461,0,41.2849236,69.2347886,primary
482775461,1,41.2849879,69.2346827,primary
482775461,2,41.285432,69.2339868,primary
482775461,3,41.2854559,69.2339493,primary
482775461,4,41.2855313,69.2338314,primary
482775461,5,41.2856174,69.2337002,primary
482775461,6,41.285731,69.2335212,primary
482775462,0,41.2882882,69.2294629,primary
482775462,1,41.2883432,69.2293759,primary
482775462,2,41.2883916,69.2292992,primary
482775462,3,41.2884729,69.2291706,primary
482775462,4,41.2887642,69.2287095,primary
482775462,5,41.2890962,69.2281841,primary
482775462,6,41.2892883,69.2278799,primary
482775464,0,41.2964869,69.2165134,primary
482775464,1,41.2965558,69.2164036,primary
482775464,2,41.2967082,69.2161606,primary
482775464,3,41.2972073,69.2153647,primary
482775464,4,41.2972835,69.2152432,primary
482775464,5,41.2979154,69.21426,primary
482775464,6,41.2981436,69.2139219,primary
482775464,7,41.2982688,69.2137351,primary
482968703,0,41.2999517,69.2908863,primary
482968703,1,41.299911,69.2909456,primary
482968703,2,41.2998892,69.2909775,primary
482968703,3,41.2998764,69.2909961,primary
482968703,4,41.2995521,69.2914507,primary
482968703,5,41.2995079,69.2915048,primary
482968703,6,41.2994606,69.2915556,primary
482968703,7,41.2994098,69.2916042,primary
482968703,8,41.2993567,69.2916499,primary
482968703,9,41.2992442,69.2917352,primary
482968703,10,41.2991853,69.2917745,primary
482968703,11,41.2991258,69.2918085,primary
482968703,12,41.2990704,69.2918337,primary
482968703,13,41.299014,69.2918549,primary
482968703,14,41.2988948,69.2918896,primary
482968703,15,41.2987715,69.2919133,primary
482968703,16,41.2986414,69.2919252,primary
482968703,17,41.2984192,69.2919057,primary
482968704,0,41.2963481,69.2949613,primary
482968704,1,41.2964431,69.294855,primary
482968704,2,41.2964872,69.2947971,primary
482968704,3,41.2965283,69.2947382,primary
482968704,4,41.2965671,69.294678,primary
482968704,5,41.296602,69.2946177,primary
482968704,6,41.2966365,69.2945515,primary
482968704,7,41.2966678,69.2944835,primary
482968704,8,41.2966941,69.294412,primary
482968704,9,41.2967178,69.2943405,primary
482968704,10,41.2967393,69.294266,primary
482968704,11,41.2967588,69.2941915,primary
482968704,12,41.2967772,69.2941164,primary
482968704,13,41.2967918,69.2940393,primary
482968704,14,41.296802,69.2939609,primary
482968704,15,41.2968083,69.2938799,primary
482968704,16,41.2968325,69.2933032,primary
482968704,17,41.2968377,69.2932213,primary
482968704,18,41.2968474,69.2931393,primary
482968704,19,41.2968653,69.2930407,primary
482968704,20,41.2968882,69.2929424,primary
482968704,21,41.2969168,69.2928455,primary
482968704,22,41.2969493,69.2927505,primary
482968704,23,41.2969862,69.2926614,primary
482968704,24,41.2970312,69.2925764,primary
482968704,25,41.2970829,69.2924929,primary
482968704,26,41.297139,69.2924176,primary
482968704,27,41.2972008,69.2923431,primary
482968704,28,41.2972682,69.2922733,primary
482968704,29,41.2973441,69.2922081,primary
482968704,30,41.2974121,69.2921581,primary
482968704,31,41.2974887,69.2921115,primary
482968704,32,41.2975665,69.2920704,primary
482968704,33,41.2976563,69.292035,primary
482969433,0,41.2958835,69.2954096,primary
482969433,1,41.2963481,69.2949613,primary
482969434,0,41.2962883,69.294848,primary
482969434,1,41.2958012,69.2952854,primary
483591443,0,41.2951193,69.2832297,primary
483591443,1,41.2950581,69.2831339,primary
483618891,0,41.3345769,69.3090672,trunk
483618891,1,41.3345874,69.3093354,trunk
483618891,2,41.3345895,69.3095133,trunk
483618891,3,41.3345823,69.3098276,trunk
483618891,4,41.3345743,69.3099903,trunk
483618891,5,41.3345598,69.3101495,trunk
483618891,6,41.3345442,69.3102735,trunk
483618891,7,41.334522,69.3103989,trunk
483618891,8,41.3344961,69.3105159,trunk
483618891,9,41.3344638,69.3106312,trunk
483618891,10,41.3344292,69.3107481,trunk
483618891,11,41.3343979,69.3108487,trunk
483618891,12,41.3343631,69.3109431,trunk
483618891,13,41.3343289,69.3110213,trunk
483618891,14,41.3342894,69.3111022,trunk
483618891,15,41.3342461,69.3111812,trunk
483618891,16,41.3341762,69.3112847,trunk
483618891,17,41.3341011,69.3113829,trunk
483618891,18,41.3340375,69.3114584,trunk
483618891,19,41.33397,69.3115272,trunk
483618891,20,41.3338676,69.3116162,trunk
483618891,21,41.3337628,69.311696,trunk
483618891,22,41.3335785,69.3118249,trunk
483618891,23,41.3333658,69.3119499,trunk
483618891,24,41.3331425,69.3120701,trunk
483618891,25,41.3327138,69.3122998,trunk
483618892,0,41.3335602,69.3029335,trunk
483618892,1,41.3336159,69.3032653,trunk
483618892,2,41.3336415,69.303418,trunk
483618892,3,41.3336523,69.3034801,trunk
483618892,4,41.3337186,69.3038726,trunk
483618892,5,41.3340264,69.3056942,trunk
483618892,6,41.3340506,69.3058537,trunk
483618892,7,41.334073,69.305994,trunk
483618892,8,41.3341504,69.3064613,trunk
483618892,9,41.3343701,69.3077881,trunk
483618892,10,41.3345623,69.3089414,trunk
483618892,11,41.3345769,69.3090672,trunk
483618893,0,41.3347664,69.3089856,trunk
483618893,1,41.3347166,69.3086681,trunk
483618893,2,41.3346587,69.3083438,trunk
483618893,3,41.3344697,69.3074299,trunk
483618893,4,41.3344396,69.3072842,trunk
483618893,5,41.3342213,69.3062288,trunk
483618894,0,41.3315716,69.3131125,trunk
483618894,1,41.3317731,69.3130144,trunk
483618894,2,41.3318722,69.3129662,trunk
483618894,3,41.3320262,69.3128896,trunk
483618894,4,41.3325844,69.3126034,trunk
483860874,0,41.2967886,69.2861232,primary
483860874,1,41.2968799,69.2860167,primary
484861821,0,41.264732,69.2369595,trunk
484861821,1,41.2648175,69.2371618,trunk
484861821,2,41.2648945,69.2373658,trunk
484861821,3,41.2649639,69.2375675,trunk
484861821,4,41.2650261,69.2377659,trunk
484861821,5,41.2651402,69.2381568,trunk
484861821,6,41.2652384,69.2385442,trunk
484861821,7,41.2652944,69.2388218,trunk
484861821,8,41.2653444,69.2391176,trunk
484861821,9,41.2653682,69.2392722,trunk
484861821,10,41.2653748,69.2393233,trunk
484861821,11,41.2653884,69.2394302,trunk
484861821,12,41.2654277,69.2397585,trunk
484861821,13,41.2654562,69.2400157,trunk
484861821,14,41.2654625,69.2400724,trunk
484861821,15,41.2654748,69.2401761,trunk
484861823,0,41.2656107,69.2401587,trunk
484861823,1,41.2656017,69.2399921,trunk
484861823,2,41.2655646,69.2396212,trunk
484861823,3,41.2655329,69.2393569,trunk
484861823,4,41.2654877,69.2390952,trunk
484861823,5,41.2654192,69.2387246,trunk
484861823,6,41.2653859,69.2385338,trunk
484861823,7,41.2653636,69.238456,trunk
484861823,8,41.2651177,69.2375953,trunk
484861823,9,41.2650361,69.237325,trunk
484861823,10,41.2649541,69.2371071,trunk
484864650,0,41.2716633,69.2385031,primary
484864650,1,41.2720319,69.2389155,primary
484864650,2,41.2726475,69.2395857,primary
484864650,3,41.2728517,69.239808,primary
484864650,4,41.2732251,69.2402361,primary
484864650,5,41.2737658,69.2408489,primary
484864650,6,41.2738341,69.2409228,primary
484864650,7,41.2740037,69.2411052,primary
484864651,0,41.2680486,69.2345202,primary
484864651,1,41.2681401,69.2346214,primary
485703100,0,41.3495914,69.3204193,primary
485703100,1,41.3494018,69.3207453,primary
485703100,2,41.3491713,69.3211172,primary
485703100,3,41.3489127,69.3215345,primary
485703100,4,41.3475025,69.3238098,primary
485703101,0,41.3496488,69.3205884,primary
485703101,1,41.3497221,69.3204635,primary
485826784,0,41.3101792,69.2399783,primary
485826784,1,41.3081054,69.2383354,primary
485826784,2,41.3078518,69.238135,primary
485826784,3,41.306951,69.2374233,primary
485826788,0,41.3059973,69.2368913,primary
485826788,1,41.3073993,69.2380086,primary
485826788,2,41.3080395,69.2385187,primary
485826788,3,41.3101077,69.240137,primary
492571772,0,41.3224023,69.2726237,primary
492571772,1,41.3223241,69.2726016,primary
492571772,2,41.3218917,69.2724822,primary
492571772,3,41.3192337,69.2717576,primary
492571772,4,41.3191415,69.2717387,primary
492573812,0,41.3189503,69.2716769,primary
492573812,1,41.3187991,69.2716371,primary
500860688,0,41.2950581,69.2831339,primary
500860688,1,41.2949658,69.2832405,primary
500860692,0,41.2950251,69.2833376,primary
500860692,1,41.2951193,69.2832297,primary
500871792,0,41.3173808,69.2941193,primary
500871792,1,41.3174483,69.2942803,primary
500871792,2,41.3175572,69.2945401,primary
504453718,0,41.3001211,69.2908612,primary
504453718,1,41.3000268,69.2907763,primary
504453724,0,41.2995145,69.2902436,primary
504453724,1,41.2985137,69.2886349,primary
504453724,2,41.2969873,69.286186,primary
504453724,3,41.2969522,69.2861298,primary
504453729,0,41.3000444,69.2909768,primary
504453729,1,41.3001211,69.2908612,primary
507746700,0,41.3191217,69.2718567,primary
507746700,1,41.321031,69.2723706,primary
507746700,2,41.3216962,69.2725581,primary
507746785,0,41.3189072,69.2718431,primary
507746785,1,41.3189503,69.2716769,primary
507755737,0,41.3106861,69.2644145,primary
507755737,1,41.3107184,69.2643056,primary
507755737,2,41.3107524,69.2641853,primary
507755737,3,41.3107839,69.2640637,primary
507755737,4,41.3108136,69.2639421,primary
507755737,5,41.3108325,69.2638548,primary
507755737,6,41.3108603,69.2637024,primary
507755737,7,41.3108793,69.2635833,primary
507755737,8,41.310895,69.2634643,primary
507755737,9,41.310919,69.2632253,primary
507755737,10,41.3109623,69.262502,primary
507756006,0,41.311286,69.2535217,primary
507756006,1,41.3112526,69.2544531,primary
507756006,2,41.3112233,69.2552727,primary
507756006,3,41.3112095,69.2556552,primary
507756006,4,41.3111948,69.2560681,primary
507756006,5,41.3111774,69.2565531,primary
507756006,6,41.3111542,69.2572004,primary
507756006,7,41.3111128,69.258356,primary
507883609,0,41.3482011,69.2520611,trunk
507883609,1,41.3481786,69.2519071,trunk
507883609,2,41.3481674,69.2518385,trunk
507883609,3,41.3480793,69.2512528,trunk
507883609,4,41.3480676,69.2511516,trunk
507883609,5,41.3480221,69.2508478,trunk
507885801,0,41.3432385,69.25741,primary
507885801,1,41.3429951,69.2573569,primary
507885801,2,41.3428765,69.2573355,primary
507885801,3,41.3427573,69.257317,primary
507885801,4,41.3426222,69.2573016,primary
507885801,5,41.3424848,69.2572892,primary
507885801,6,41.3423299,69.2572775,primary
507885801,7,41.3421121,69.2572749,primary
507885801,8,41.3419342,69.2572834,primary
507885801,9,41.3417572,69.2573014,primary
507885801,10,41.3402768,69.2574619,primary
507885801,11,41.3401438,69.2574672,primary
507885801,12,41.3400109,69.2574698,primary
507885801,13,41.3398738,69.2574675,primary
507885801,14,41.339736,69.2574621,primary
507885964,0,41.339736,69.2574621,primary
507885964,1,41.3395811,69.2574466,primary
507885964,2,41.3394223,69.2574185,primary
507885964,3,41.3392665,69.2573816,primary
507885964,4,41.3391107,69.2573413,primary
507885964,5,41.3390104,69.2573203,primary
507885964,6,41.3389065,69.257292,primary
507885964,7,41.3388078,69.2572547,primary
507885964,8,41.3386658,69.2572062,primary
507910984,0,41.2377332,69.3218818,trunk
507910984,1,41.2376488,69.322091,trunk
507910984,2,41.2375672,69.3223064,trunk
507910984,3,41.2374876,69.3225262,trunk
507910984,4,41.2374127,69.3227439,trunk
507910984,5,41.2372787,69.3231662,trunk
507910984,6,41.2372174,69.3233915,trunk
507910984,7,41.2371564,69.3236213,trunk
507910984,8,41.2371002,69.3238521,trunk
507910984,9,41.237049,69.3240918,trunk
507910984,10,41.2370048,69.3243416,trunk
507910984,11,41.2369692,69.3245915,trunk
507910984,12,41.2369409,69.3248391,trunk
507910984,13,41.2369262,69.3250824,trunk
507910984,14,41.2369122,69.3255664,trunk
507910984,15,41.2369296,69.3260504,trunk
507910984,16,41.2369517,69.3264459,trunk
507912947,0,41.3044693,69.3218419,primary
507912947,1,41.3043463,69.3218744,primary
507913017,0,41.3050019,69.3279182,primary
507913017,1,41.3048995,69.3279345,primary
509367499,0,41.2883273,69.2730308,primary
509367499,1,41.2870004,69.2712405,primary
509367499,2,41.2869183,69.2711355,primary
509367499,3,41.2868556,69.2710339,primary
509367499,4,41.2867665,69.2708769,primary
509367499,5,41.2865703,69.2704808,primary
509367849,0,41.2865703,69.2704808,primary
509367849,1,41.285946,69.2691465,primary
509367849,2,41.2853372,69.2678125,primary
509367849,3,41.2849379,69.2669546,primary
509367849,4,41.2845262,69.26607,primary
509367849,5,41.2844737,69.2659574,primary
509367849,6,41.2844386,69.2658819,primary
509368118,0,41.2856772,69.268852,primary
509368118,1,41.2861641,69.2699189,primary
509368118,2,41.2867111,69.2710822,primary
514788883,0,41.3531451,69.3146526,primary
514788883,1,41.3541008,69.3131023,primary
514788883,2,41.3542874,69.3127996,primary
514788883,3,41.3544711,69.3125016,primary
514788883,4,41.3545859,69.3123154,primary
514788883,5,41.3546226,69.3122559,primary
514788883,6,41.354814,69.3119454,primary
514788883,7,41.354991,69.3116582,primary
514788883,8,41.3551925,69.3113314,primary
514788883,9,41.3553842,69.3110203,primary
516116496,0,41.2658614,69.2317734,primary
516116496,1,41.2657522,69.2316511,primary
516116496,2,41.2648971,69.2306967,primary
516116496,3,41.2641262,69.2298163,primary
516116496,4,41.2639786,69.2296479,primary
516116496,5,41.2637072,69.229372,primary
516116496,6,41.2631169,69.2287158,primary
516116496,7,41.2619799,69.2274417,primary
516116496,8,41.2618698,69.2273356,primary
516588156,0,41.398304,69.2045349,primary
516588156,1,41.3981419,69.2045857,primary
516588156,2,41.3975246,69.2047921,primary
516588156,3,41.3971591,69.2049279,primary
516588156,4,41.3963348,69.2052806,primary
516588156,5,41.3961556,69.2053621,primary
516588156,6,41.3960947,69.2053909,primary
517164605,0,41.2976563,69.292035,primary
517164605,1,41.2977634,69.2920134,primary
517164605,2,41.2978745,69.2920022,primary
517164605,3,41.2981143,69.2920084,primary
517164605,4,41.2986365,69.2920447,primary
517164605,5,41.298708,69.2920433,primary
517164605,6,41.2987736,69.2920396,primary
517164605,7,41.2988398,69.2920334,primary
517164605,8,41.2989022,69.292023,primary
517164605,9,41.2989455,69.2920123,primary
517164605,10,41.2989898,69.2919996,primary
517164605,11,41.2990686,69.2919659,primary
517164606,0,41.2976185,69.2919335,primary
517164606,1,41.2975333,69.2919686,primary
517164606,2,41.2974452,69.2920103,primary
517164606,3,41.2973641,69.2920574,primary
517164606,4,41.2972888,69.2921123,primary
517164606,5,41.2972109,69.2921858,primary
517164606,6,41.2971375,69.2922628,primary
517164606,7,41.2970712,69.2923439,primary
517164606,8,41.2970098,69.292425,primary
517164606,9,41.2969561,69.292519,primary
517164606,10,41.2969103,69.2926131,primary
517164606,11,41.2968695,69.2927119,primary
517164606,12,41.2968355,69.2928082,primary
517164606,13,41.2968058,69.2929147,primary
517164606,14,41.2967822,69.2930177,primary
517164606,15,41.2967633,69.2931237,primary
517164606,16,41.2967496,69.2932293,primary
517164606,17,41.2967294,69.2938394,primary
517164606,18,41.2967219,69.2939077,primary
517164606,19,41.2967137,69.293976,primary
517164606,20,41.2967005,69.2940494,primary
517164606,21,41.2966853,69.2941227,primary
517164606,22,41.2966702,69.2941865,primary
517164606,23,41.2966535,69.2942497,primary
517164606,24,41.296635,69.2943137,primary
517164606,25,41.2966115,69.2943766,primary
517164606,26,41.2965859,69.2944372,primary
517164606,27,41.2965571,69.2944979,primary
517164606,28,41.2965273,69.2945551,primary
517164606,29,41.2964922,69.2946123,primary
517164606,30,41.2964459,69.294678,primary
517164606,31,41.2964002,69.2947369,primary
517164606,32,41.2962883,69.294848,primary
517949354,0,41.3156193,69.2901028,primary
517949354,1,41.315656,69.2901858,primary
518933912,0,41.3099324,69.2805123,primary
518933912,1,41.3099448,69.2805848,primary
518933912,2,41.3099591,69.2806572,primary
518933912,3,41.3099767,69.280724,primary
518933912,4,41.309997,69.2807899,primary
518933912,5,41.3100243,69.2808544,primary
518933912,6,41.3100545,69.280914,primary
518933912,7,41.3100859,69.2809671,primary
518933912,8,41.3101203,69.2810197,primary
520713815,0,41.3471698,69.2582067,trunk
520713815,1,41.3472768,69.2580982,trunk
520713815,2,41.3474038,69.2579601,trunk
520713815,3,41.3474471,69.2579091,trunk
520713815,4,41.3474904,69.2578568,trunk
520713815,5,41.3475344,69.2577933,trunk
520713815,6,41.3475764,69.2577285,trunk
520713815,7,41.3476471,69.2576042,trunk
520713815,8,41.3477129,69.2574786,trunk
520713815,9,41.3477788,69.2573492,trunk
520713815,10,41.3478427,69.2572131,trunk
520713875,0,41.3470404,69.2581207,trunk
520713875,1,41.3469473,69.2582211,trunk
520713875,2,41.3468584,69.2583327,trunk
520713875,3,41.3465501,69.2587905,trunk
520713875,4,41.3463585,69.2591028,trunk
520713875,5,41.3459852,69.2597505,trunk
520713875,6,41.3457631,69.2601409,trunk
524459485,0,41.3224912,69.2773812,primary
524459485,1,41.3226215,69.2763463,primary
524459489,0,41.3234412,69.3167616,primary
524459489,1,41.3237148,69.3175531,primary
524459489,2,41.3237616,69.3176899,primary
525037520,0,41.2877509,69.2811441,trunk
525037520,1,41.28748,69.2809424,trunk
525037520,2,41.2869585,69.2805569,trunk
526242241,0,41.2996225,69.291558,primary
526242241,1,41.2996781,69.291481,primary
526242241,2,41.2999653,69.2910857,primary
526242241,3,41.3000444,69.2909768,primary
526443673,0,41.2847454,69.2537992,primary
526443673,1,41.2844276,69.2539391,primary
526443673,2,41.2840386,69.2540939,primary
526443673,3,41.2828149,69.2546393,primary
526443673,4,41.2821176,69.2549501,primary
526443673,5,41.2816295,69.2551677,primary
526443673,6,41.2809717,69.255461,primary
526443673,7,41.2808884,69.2554981,primary
526443673,8,41.2807531,69.2555584,primary
526991718,0,41.2570766,69.1539907,trunk
526991718,1,41.2572115,69.1538118,trunk
526991718,2,41.2582665,69.1523755,trunk
526991718,3,41.2587413,69.1517259,trunk
526991718,4,41.2595633,69.1506221,trunk
526991718,5,41.2597511,69.1503914,trunk
526991718,6,41.2599388,69.1501678,trunk
526991718,7,41.2602733,69.1498214,trunk
526991718,8,41.2605716,69.1495211,trunk
526991718,9,41.2609287,69.1491858,trunk
526991718,10,41.2609709,69.1491472,trunk
526991718,11,41.2610532,69.1490718,trunk
526991719,0,41.255131,69.1567701,trunk
526991719,1,41.2550513,69.1569143,trunk
526991719,2,41.2549787,69.1570457,trunk
526991719,3,41.254821,69.1573312,trunk
526991719,4,41.2547715,69.1574207,trunk
526991719,5,41.2546972,69.1575552,trunk
526996405,0,41.235872,69.164736,trunk
526996405,1,41.2357837,69.164598,trunk
526996405,2,41.2356993,69.1644583,trunk
526996405,3,41.2355851,69.1642544,trunk
526996405,4,41.2354399,69.1639738,trunk
527801436,0,41.3020859,69.2481948,primary
527801436,1,41.3018718,69.248262,primary
527801436,2,41.3017585,69.2482991,primary
528117464,0,41.323047,69.2728022,primary
528117464,1,41.3226559,69.2726939,primary
528117464,2,41.3224023,69.2726237,primary
528168132,0,41.3257707,69.3259281,primary
528168132,1,41.3257268,69.3256254,primary
528168133,0,41.3256037,69.3254956,primary
528168133,1,41.3256469,69.3257975,primary
528636519,0,41.2958012,69.2952854,primary
528636519,1,41.2938185,69.2971639,primary
528664143,0,41.2891169,69.2821089,trunk
528664143,1,41.288803,69.2818976,trunk
530087007,0,41.2810313,69.1946528,trunk
530087007,1,41.2809656,69.1947006,trunk
530087007,2,41.2809028,69.1947462,trunk
530087007,3,41.2808415,69.1947942,trunk
530087007,4,41.2807821,69.1948468,trunk
530087007,5,41.280726,69.1949034,trunk
530087007,6,41.2806707,69.1949613,trunk
530087007,7,41.2806149,69.1950202,trunk
530087007,8,41.2805594,69.1950795,trunk
530964610,0,41.2851609,69.2536079,primary
530964610,1,41.2850401,69.2536709,primary
530964610,2,41.2847454,69.2537992,primary
531258539,0,41.3224023,69.2726237,primary
531258539,1,41.3223737,69.2727479,primary
531258540,0,41.3219601,69.2761808,primary
531258540,1,41.3219411,69.276334,primary
531258540,2,41.3218367,69.2772018,primary
531258541,0,41.3218367,69.2772018,primary
531258541,1,41.321887,69.2783876,primary
531258541,2,41.3218545,69.2791439,primary
531258541,3,41.321806,69.2795314,primary
531258542,0,41.3221356,69.2819995,primary
531258542,1,41.3210515,69.281772,primary
534225087,0,41.2923079,69.1943418,primary
534225087,1,41.2921735,69.1941086,primary
534497275,0,41.3319969,69.1619868,trunk
534497275,1,41.3314362,69.1616351,trunk
534497275,2,41.3313713,69.1615945,trunk
534497275,3,41.3309873,69.1613536,trunk
534602537,0,41.2212696,69.2231989,primary
534602537,1,41.2213275,69.2233644,primary
534893340,0,41.3256469,69.3257975,primary
534893340,1,41.3257707,69.3259281,primary
534893341,0,41.3256037,69.3254956,primary
534893341,1,41.3249219,69.324777,primary
535242379,0,41.311747,69.2410698,primary
535242379,1,41.3117031,69.2425479,primary
535242379,2,41.3116952,69.2428115,primary
536445164,0,41.3175361,69.2941702,primary
536445164,1,41.3174079,69.2938835,primary
536445168,0,41.3193646,69.2983947,primary
536445168,1,41.3175361,69.2941702,primary
536445173,0,41.3207037,69.3014996,primary
536445173,1,41.3206403,69.3013277,primary
536445173,2,41.3205737,69.301159,primary
536445173,3,41.3204465,69.3008465,primary
536445178,0,41.3210531,69.3037837,primary
536445178,1,41.321069,69.3035159,primary
536445178,2,41.3210703,69.3034209,primary
536445178,3,41.321069,69.303326,primary
536445178,4,41.3210638,69.3032272,primary
536445183,0,41.3235161,69.3165296,primary
536445183,1,41.3231801,69.3155742,primary
536445183,2,41.322582,69.3138732,primary
537211586,0,41.3205416,69.2886815,primary
537211586,1,41.320519,69.2887548,primary
537211586,2,41.3204782,69.2888872,primary
537211586,3,41.3203377,69.2892966,primary
537211586,4,41.3201685,69.2896945,primary
537211587,0,41.3229863,69.2709095,primary
537211587,1,41.3229426,69.2711654,primary
537225954,0,41.3169042,69.2934506,primary
537225954,1,41.3165144,69.2936735,primary
537225954,2,41.3161219,69.2938648,primary
537225954,3,41.3152474,69.2942857,primary
537230756,0,41.3182025,69.313341,primary
537230756,1,41.3181752,69.3134255,primary
537230756,2,41.3180761,69.313664,primary
538580526,0,41.4118384,69.201212,primary
538580526,1,41.4121399,69.2010985,primary
538580526,2,41.4124197,69.2009859,primary
538580527,0,41.4124197,69.2009859,primary
538580527,1,41.4121273,69.2010323,primary
538580527,2,41.4119889,69.2010787,primary
538580527,3,41.4118234,69.2011343,primary
538787757,0,41.3210953,69.3207481,primary
538787757,1,41.3207076,69.32034,primary
538787757,2,41.3206518,69.3202813,primary
538787757,3,41.3205682,69.3201933,primary
538787759,0,41.3249219,69.324777,primary
538787759,1,41.3248312,69.3246814,primary
538787759,2,41.3247518,69.3245976,primary
538787759,3,41.3246657,69.3245069,primary
538787759,4,41.3241988,69.3240148,primary
538787759,5,41.3240575,69.3238658,primary
538787759,6,41.3240018,69.3238072,primary
538787759,7,41.3237654,69.3235584,primary
538787759,8,41.3231877,69.3229503,primary
538787759,9,41.3230294,69.3227837,primary
538787759,10,41.3229598,69.3227104,primary
538787759,11,41.3220346,69.3217367,primary
538787759,12,41.3210953,69.3207481,primary
538787763,0,41.3239601,69.3240178,primary
538787763,1,41.3243276,69.3244056,primary
538787763,2,41.3246063,69.3246988,primary
538787763,3,41.3246571,69.3247532,primary
538787763,4,41.3251215,69.3252431,primary
538787764,0,41.3220542,69.322009,primary
538787764,1,41.322869,69.3228677,primary
538787764,2,41.3239601,69.3240178,primary
539422244,0,41.2944072,69.2698073,primary
539422244,1,41.2949681,69.2693789,primary
539422244,2,41.2953474,69.2690892,primary
539422244,3,41.2953748,69.2690714,primary
539422244,4,41.2954096,69.2690536,primary
539422244,5,41.2954444,69.2690431,primary
539422244,6,41.2954793,69.2690376,primary
539422244,7,41.2955166,69.2690375,primary
539422244,8,41.2955532,69.2690426,primary
539422244,9,41.2955918,69.2690537,primary
539422244,10,41.2956742,69.2690879,primary
539594924,0,41.2097284,69.3335338,trunk
539594924,1,41.2097177,69.3336707,trunk
542461041,0,41.309743,69.2793798,primary
542461041,1,41.3096485,69.2793681,primary
542461041,2,41.3089652,69.27922,primary
542461041,3,41.3082546,69.2790661,primary
542461042,0,41.3125851,69.2787215,primary
542461042,1,41.3107485,69.2778061,primary
542461042,2,41.3107259,69.2777986,primary
542461042,3,41.3107024,69.2777933,primary
542461042,4,41.3106799,69.2777892,primary
542461042,5,41.3106563,69.2777865,primary
542461042,6,41.3106331,69.2777858,primary
542461042,7,41.3106103,69.2777871,primary
542461042,8,41.3105989,69.2777889,primary
542461042,9,41.3105875,69.2777914,primary
542461042,10,41.3105768,69.277795,primary
542461042,11,41.3105661,69.2777994,primary
542461042,12,41.3105549,69.2778056,primary
542461042,13,41.3105439,69.277813,primary
542461042,14,41.310533,69.277822,primary
542461042,15,41.3105221,69.277832,primary
542461042,16,41.310512,69.2778425,primary
542461042,17,41.3105023,69.2778541,primary
542461042,18,41.3104929,69.2778661,primary
542461042,19,41.3104837,69.2778782,primary
542461042,20,41.3104666,69.2779034,primary
542461042,21,41.3104503,69.2779298,primary
542461042,22,41.3104353,69.2779589,primary
542461042,23,41.3104215,69.2779893,primary
542461043,0,41.315715,69.2900501,primary
542461043,1,41.3156551,69.2899097,primary
542461043,2,41.3149609,69.288325,primary
542461043,3,41.3147589,69.2878695,primary
542464410,0,41.3056482,69.2784964,primary
542464410,1,41.3053113,69.2784283,primary
542469096,0,41.3119414,69.2818444,primary
542469096,1,41.3126278,69.2833792,primary
542469096,2,41.3129313,69.2840575,primary
542469096,3,41.3129854,69.2841783,primary
542469096,4,41.3138019,69.2860034,primary
542469096,5,41.3138358,69.2860792,primary
542469096,6,41.313883,69.2861849,primary
542469097,0,41.3075343,69.2790431,primary
542469097,1,41.3081002,69.2791639,primary
542469097,2,41.3082343,69.2791956,primary
542469098,0,41.3053635,69.2785701,primary
542469098,1,41.3061012,69.2787308,primary
542469098,2,41.3065435,69.2788272,primary
542469098,3,41.3069814,69.2789229,primary
542469098,4,41.3074248,69.2790193,primary
544278128,0,41.2843657,69.3046717,primary
544278128,1,41.2837325,69.3050256,primary
544278128,2,41.2832059,69.3053311,primary
544278128,3,41.2827693,69.3055844,primary
544278128,4,41.282527,69.3057097,primary
544278128,5,41.2822735,69.3058399,primary
544278128,6,41.282089,69.3059127,primary
551191196,0,41.3418049,69.2052466,primary
551191196,1,41.3415683,69.2050979,primary
551191196,2,41.3412913,69.2049441,primary
551191196,3,41.3410424,69.2048095,primary
551191196,4,41.3408576,69.204741,primary
551191196,5,41.340821,69.2047313,primary
551191196,6,41.3407859,69.2047204,primary
551191196,7,41.3407498,69.2047129,primary
551191196,8,41.3407134,69.2047101,primary
551191196,9,41.3406768,69.2047123,primary
551191196,10,41.3406402,69.2047166,primary
551191196,11,41.3406038,69.2047248,primary
551191196,12,41.3405675,69.204735,primary
551191196,13,41.3405309,69.2047495,primary
551191196,14,41.3404946,69.2047653,primary
551191196,15,41.3404561,69.2047859,primary
551191196,16,41.3404176,69.2048112,primary
551191196,17,41.3403786,69.204842,primary
551191196,18,41.3403408,69.2048767,primary
551191196,19,41.3403049,69.2049159,primary
551191196,20,41.3402702,69.2049573,primary
551191196,21,41.3402378,69.2050019,primary
551191196,22,41.3402059,69.2050488,primary
551191196,23,41.3392002,69.2068379,primary
551191196,24,41.3391001,69.2070111,primary
555455774,0,41.3492708,69.1784844,primary
555455774,1,41.349288,69.1786376,primary
570230112,0,41.3086621,69.3112201,primary
570230112,1,41.3085233,69.3110647,primary
570230112,2,41.3083631,69.3108775,primary
570230117,0,41.3085688,69.3113617,primary
570230117,1,41.3086177,69.3114182,primary
570230117,2,41.308856,69.311618,primary
570230117,3,41.3091099,69.3118138,primary
570230117,4,41.3093366,69.3119718,primary
570230117,5,41.3099416,69.31234,primary
570230117,6,41.3102807,69.3125464,primary
570230117,7,41.3103496,69.3125883,primary
570230117,8,41.3104481,69.3126482,primary
574172115,0,41.3146211,69.1866411,primary
574172115,1,41.3149448,69.1871632,primary
574172115,2,41.3150004,69.1872607,primary
574172115,3,41.3150567,69.1873701,primary
574172115,4,41.3151186,69.1875068,primary
574172115,5,41.31531,69.188089,primary
574172115,6,41.3156899,69.1892412,primary
574172115,7,41.3158233,69.1896618,primary
574172115,8,41.3161018,69.1904957,primary
574172116,0,41.3141568,69.1857253,primary
574172116,1,41.3137672,69.1850702,primary
574172116,2,41.3135794,69.1846676,primary
574172116,3,41.3135151,69.1844998,primary
574172116,4,41.3134544,69.1843348,primary
574172116,5,41.3133825,69.1840935,primary
574172116,6,41.3133225,69.1838699,primary
574172116,7,41.3132756,69.1836533,primary
574172116,8,41.3131382,69.1829594,primary
574172116,9,41.3130682,69.1826055,primary
574172116,10,41.3130376,69.1824501,primary
574172116,11,41.3127247,69.1809684,primary
574172116,12,41.3126967,69.1808213,primary
579187976,0,41.2804113,69.2103393,primary
579187976,1,41.279373,69.2091746,primary
579187976,2,41.2788748,69.2086371,primary
579187979,0,41.2836168,69.2140719,primary
579187979,1,41.284474,69.2150629,primary
588474486,0,41.2333678,69.3344295,trunk
588474486,1,41.233428,69.3343679,trunk
588474493,0,41.233428,69.3343679,trunk
588474493,1,41.2339642,69.3338697,trunk
588474493,2,41.2340432,69.3337945,trunk
588474493,3,41.2342021,69.3336432,trunk
588474493,4,41.234492,69.3333766,trunk
588474493,5,41.2347452,69.3331432,trunk
589657966,0,41.2411587,69.1667878,trunk
589657966,1,41.2403082,69.1670716,trunk
589840011,0,41.2836818,69.2139735,primary
589840011,1,41.2804113,69.2103393,primary
589840012,0,41.2803539,69.2104307,primary
589840012,1,41.2836168,69.2140719,primary
593637501,0,41.3300576,69.2232208,primary
593637501,1,41.3301768,69.223015,primary
593637501,2,41.3302554,69.2228771,primary
593637501,3,41.3303388,69.2227306,primary
593639101,0,41.3452185,69.2070477,primary
593639101,1,41.3452953,69.2069021,primary
593639101,2,41.3453523,69.2067734,primary
593639101,3,41.3454272,69.2065456,primary
593705083,0,41.3557817,69.2272296,primary
593705083,1,41.3558918,69.2271951,primary
593705083,2,41.3565549,69.226987,primary
594550875,0,41.2875709,69.2185252,primary
594550875,1,41.2891029,69.2202381,primary
594550875,2,41.2899247,69.221157,primary
594550880,0,41.2876474,69.2184086,primary
594550880,1,41.2859756,69.216534,primary
594550880,2,41.2855786,69.2160888,primary
596909917,0,41.3412867,69.2680962,trunk
596909917,1,41.3417693,69.2672477,trunk
596909917,2,41.3417969,69.2671991,trunk
596909917,3,41.341851,69.2671036,trunk
596909917,4,41.3418863,69.2670414,trunk
596909917,5,41.3419656,69.2669016,trunk
596909917,6,41.3426419,69.2657108,trunk
596909917,7,41.3434703,69.2642516,trunk
596909917,8,41.3435121,69.264178,trunk
596909917,9,41.3435537,69.2641046,trunk
596909917,10,41.3435875,69.2640452,trunk
596909917,11,41.3436449,69.263944,trunk
596909917,12,41.3439975,69.263323,trunk
596909918,0,41.3401194,69.2700338,trunk
596909918,1,41.3400433,69.2701971,trunk
596909918,2,41.3399484,69.2703707,trunk
596909918,3,41.3399195,69.2704238,trunk
596909918,4,41.3385578,69.2728176,trunk
596909918,5,41.338016,69.2737612,trunk
596909918,6,41.3380007,69.2737879,trunk
596909918,7,41.3379211,69.2739266,trunk
596909918,8,41.3378291,69.2740871,trunk
596909918,9,41.3377427,69.2742376,trunk
596909918,10,41.3377318,69.2742563,trunk
596909918,11,41.3375867,69.2745097,trunk
598290897,0,41.2661205,69.2463534,primary
598290897,1,41.2663094,69.2463286,primary
598290897,2,41.2667937,69.2462625,primary
602003989,0,41.2788748,69.2086371,primary
602003989,1,41.2782384,69.2080039,primary
602003989,2,41.2771248,69.2069512,primary
602003989,3,41.2758214,69.2057154,primary
602003989,4,41.275182,69.2051331,primary
602003991,0,41.2708075,69.2024115,primary
602003991,1,41.2720113,69.2030626,primary
602003991,2,41.273185,69.2037574,primary
602003991,3,41.2735173,69.2040035,primary
602003992,0,41.270882,69.2022601,primary
602003992,1,41.268571,69.200991,primary
602003992,2,41.2685264,69.2009667,primary
604065052,0,41.3113047,69.253011,primary
604065052,1,41.3112955,69.2532632,primary
604982593,0,41.3118886,69.2426432,primary
604982593,1,41.3118963,69.2424577,primary
606456337,0,41.2967349,69.2285257,primary
606456337,1,41.2944704,69.2260178,primary
606456337,2,41.2941442,69.2256565,primary
606456338,0,41.2941442,69.2256565,primary
606456338,1,41.2899925,69.2210382,primary
607458777,0,41.2424433,69.3923464,trunk
607458777,1,41.2391232,69.3871747,trunk
607477308,0,41.2345298,69.1693537,trunk
607477308,1,41.2337639,69.1699795,trunk
607477308,2,41.2329954,69.1706121,trunk
607477308,3,41.2328716,69.1707133,trunk
607477308,4,41.2327733,69.1707936,trunk
607477308,5,41.2320424,69.1713918,trunk
607477308,6,41.2312397,69.1720487,trunk
607477308,7,41.2308401,69.1723715,trunk
607477308,8,41.2306434,69.1725314,trunk
607477308,9,41.230476,69.1726674,trunk
608879477,0,41.3342647,69.3348988,primary
608879477,1,41.3345208,69.3351694,primary
608879477,2,41.3346128,69.3352666,primary
608879477,3,41.3348482,69.3355152,primary
608879477,4,41.3358011,69.3365219,primary
608879477,5,41.33629,69.3370384,primary
608879477,6,41.3364432,69.3372004,primary
608879477,7,41.337216,69.3380168,primary
610449983,0,41.3220248,69.2413855,primary
610449983,1,41.3219794,69.2420715,primary
610449983,2,41.3219739,69.2421556,primary
610449983,3,41.3219612,69.2423479,primary
610449984,0,41.3221772,69.2390775,primary
610449984,1,41.3221576,69.2393741,primary
610449984,2,41.3221448,69.2395693,primary
610449984,3,41.3221285,69.2398149,primary
610449984,4,41.3221108,69.2400827,primary
610449985,0,41.322246,69.240847,primary
610449985,1,41.3223693,69.2393708,primary
610449985,2,41.322373,69.2392992,primary
610449985,3,41.3223964,69.2389171,primary
610452218,0,41.2539059,69.159206,trunk
610452218,1,41.254526,69.1581502,trunk
612021656,0,41.4281009,69.2029037,primary
612021656,1,41.4280403,69.20288,primary
612021656,2,41.4279596,69.202848,primary
612021656,3,41.4272004,69.202567,primary
612021656,4,41.4263558,69.2022526,primary
612021656,5,41.4257967,69.2020494,primary
612021656,6,41.425126,69.2018322,primary
612021656,7,41.4248081,69.2017475,primary
612021656,8,41.4243726,69.2016241,primary
612021656,9,41.4240692,69.2015462,primary
612021656,10,41.4236016,69.2014393,primary
612021656,11,41.4229457,69.2012883,primary
612021656,12,41.4223401,69.2011512,primary
612021656,13,41.4222588,69.2011322,primary
612021656,14,41.4222167,69.201123,primary
612021656,15,41.4221838,69.2011159,primary
612021656,16,41.4219461,69.2010641,primary
612021656,17,41.4218783,69.2010487,primary
612021656,18,41.4209328,69.2008339,primary
612021656,19,41.4199373,69.2006087,primary
612021656,20,41.418929,69.200377,primary
612021656,21,41.4183902,69.2002498,primary
613868965,0,41.3085688,69.3113617,primary
613868965,1,41.3086621,69.3112201,primary
614377011,0,41.29686,69.2938769,trunk
614377011,1,41.2966214,69.2934695,trunk
614377012,0,41.2970577,69.2942449,trunk
614377012,1,41.29686,69.2938769,trunk
614377013,0,41.296537,69.2936601,trunk
614377013,1,41.2966607,69.2938767,trunk
614377013,2,41.2967374,69.2940237,trunk
614377013,3,41.2969041,69.294343,trunk
616551479,0,41.2806473,69.2556065,primary
616551479,1,41.280501,69.255672,primary
616551479,2,41.2801266,69.2558393,primary
616551479,3,41.2789129,69.2563816,primary
616551479,4,41.2781308,69.2567311,primary
616551479,5,41.2774741,69.2570285,primary
616551479,6,41.2766908,69.2573746,primary
616551479,7,41.276441,69.2574862,primary
616551479,8,41.2761127,69.2576329,primary
616551479,9,41.2741543,69.2585079,primary
616551479,10,41.2739719,69.2585894,primary
616551479,11,41.2736082,69.2587543,primary
616551479,12,41.2729743,69.2590352,primary
616551479,13,41.2727459,69.2591329,primary
617084658,0,41.2590766,69.2207952,primary
617084658,1,41.259114,69.220127,primary
617084658,2,41.2591362,69.2197925,primary
617084658,3,41.259166,69.2194588,primary
617084658,4,41.259187,69.219289,primary
617084658,5,41.2592404,69.2188574,primary
617531076,0,41.3337932,69.2194461,primary
617531076,1,41.3341747,69.219835,primary
617531076,2,41.3346525,69.2203035,primary
617531076,3,41.3349827,69.2206272,primary
617531076,4,41.3351368,69.220783,primary
617587775,0,41.2182304,69.2515728,primary
617587775,1,41.2171054,69.2488383,primary
617830123,0,41.3042575,69.3415182,primary
617830123,1,41.3036864,69.3421306,primary
617830127,0,41.3058287,69.3393345,trunk
617830127,1,41.3055545,69.3397173,trunk
618590789,0,41.3327138,69.3122998,trunk
618590789,1,41.3319834,69.3127104,trunk
618590789,2,41.331824,69.3127879,trunk
619110867,0,41.2695959,69.2625533,trunk
619110867,1,41.2695237,69.2623585,trunk
619110867,2,41.2692699,69.2616029,trunk
619110867,3,41.2692327,69.2614599,trunk
619110867,4,41.2691977,69.2613152,trunk
619110867,5,41.2691671,69.261168,trunk
619705278,0,41.2845539,69.2149399,primary
619705278,1,41.2836818,69.2139735,primary
619708015,0,41.2807531,69.2555584,primary
619708015,1,41.2806473,69.2556065,primary
619760316,0,41.3128937,69.3310534,primary
619760316,1,41.3128287,69.3311368,primary
619760317,0,41.3129333,69.331312,primary
619760317,1,41.3129933,69.3312336,primary
623397503,0,41.3412371,69.2680276,trunk
623397503,1,41.3406962,69.268986,trunk
623397503,2,41.3403253,69.2696432,trunk
623397503,3,41.3402652,69.26975,trunk
623397503,4,41.3401499,69.2699696,trunk
623397503,5,41.3401194,69.2700338,trunk
623399627,0,41.3321592,69.2195378,primary
623399627,1,41.3326491,69.2186889,primary
623399627,2,41.3327878,69.2184425,primary
623775628,0,41.3498848,69.1855554,primary
623775628,1,41.3498137,69.1850618,primary
623775628,2,41.3496543,69.1839558,primary
623775628,3,41.3495595,69.1833169,primary
623775628,4,41.3494714,69.1826466,primary
623775628,5,41.3494148,69.1822271,primary
625712780,0,41.322002,69.4456693,trunk
625712780,1,41.3231117,69.4425566,trunk
625712780,2,41.3231802,69.4423477,trunk
625712780,3,41.3242023,69.4395028,trunk
626004226,0,41.3171951,69.316109,primary
626004226,1,41.3173594,69.3156813,primary
626004226,2,41.3178642,69.3144739,primary
626004227,0,41.3170509,69.3164935,primary
626004227,1,41.3171678,69.3161735,primary
626004227,2,41.3171951,69.316109,primary
626884595,0,41.3221872,69.2061639,primary
626884595,1,41.3221867,69.2062922,primary
626884595,2,41.3221836,69.2070951,primary
626884595,3,41.3221818,69.2075495,primary
626884595,4,41.3221705,69.2079407,primary
626884595,5,41.3221626,69.2086686,primary
626884595,6,41.3221473,69.2094543,primary
626884595,7,41.3221453,69.2095751,primary
626884595,8,41.3221402,69.209889,primary
626884596,0,41.3221872,69.2061639,primary
626884596,1,41.3223441,69.2061706,primary
627425626,0,41.3142688,69.2360256,primary
627425626,1,41.3143444,69.2358833,primary
627425626,2,41.3146679,69.2353129,primary
627425626,3,41.3149,69.2348852,primary
627425626,4,41.3152513,69.2342726,primary
627425626,5,41.3154327,69.2339632,primary
627425626,6,41.3156239,69.2336286,primary
627425626,7,41.3156706,69.2335485,primary
627425626,8,41.3158243,69.2332806,primary
627425626,9,41.316591,69.2319577,primary
627526364,0,41.2943264,69.219576,primary
627526364,1,41.2938512,69.2203108,primary
627526364,2,41.2938069,69.2203867,primary
627526364,3,41.2937743,69.2204415,primary
627526364,4,41.2935002,69.2208673,primary
627526364,5,41.2932015,69.2213326,primary
627777521,0,41.2882195,69.2292362,primary
627777521,1,41.2881649,69.229327,primary
628667079,0,41.3293885,69.2359334,primary
628667079,1,41.3294106,69.2358376,primary
628667079,2,41.3294357,69.2357435,primary
628667079,3,41.329463,69.2356482,primary
628667079,4,41.3294932,69.2355548,primary
628667079,5,41.3295777,69.2353293,primary
628667079,6,41.329635,69.2351763,primary
628712797,0,41.3217041,69.2486007,primary
628712797,1,41.3217235,69.2483435,primary
628712797,2,41.3217404,69.2481098,primary
628712797,3,41.3217907,69.2474215,primary
633817903,0,41.3095197,69.267465,primary
633817903,1,41.3094168,69.2674188,primary
633817904,0,41.3095197,69.267465,primary
633817904,1,41.3096081,69.2671991,primary
633817904,2,41.3099938,69.2662089,primary
633846651,0,41.3151006,69.2804936,primary
633846651,1,41.3148158,69.2804535,primary
633846651,2,41.3141638,69.2803085,primary
633846651,3,41.3132737,69.2800847,primary
633846651,4,41.3130022,69.2800239,primary
633846651,5,41.3129856,69.280017,primary
633846651,6,41.3129691,69.2800088,primary
633846651,7,41.3129526,69.2799977,primary
633846651,8,41.3129368,69.2799844,primary
633846651,9,41.3129232,69.2799694,primary
633846651,10,41.3129107,69.2799524,primary
633846651,11,41.3128995,69.2799328,primary
633846651,12,41.3128898,69.2799125,primary
633856617,0,41.3104331,69.2648623,primary
633856617,1,41.3103949,69.2649558,primary
633856617,2,41.310168,69.2655111,primary
633856617,3,41.3100965,69.2656859,primary
633856617,4,41.3100505,69.2657986,primary
633856617,5,41.3098452,69.266301,primary
633856617,6,41.3095645,69.2670015,primary
633859134,0,41.3099938,69.2662089,primary
633859134,1,41.3105085,69.2649182,primary
633859134,2,41.3105544,69.2647991,primary
633859134,3,41.3105987,69.2646767,primary
633859134,4,41.3106416,69.264552,primary
633859134,5,41.3106861,69.2644145,primary
633891185,0,41.3187549,69.2718297,primary
633891185,1,41.3189072,69.2718431,primary
633891186,0,41.3170866,69.2791,primary
633891186,1,41.3167861,69.2804165,primary
633891186,2,41.3167588,69.2805355,primary
633891186,3,41.3167362,69.2806355,primary
633891186,4,41.3166879,69.2808488,primary
634267260,0,41.3094699,69.267637,primary
634267260,1,41.3097245,69.267753,primary
634267260,2,41.3100981,69.2679274,primary
634267260,3,41.3107747,69.2682344,primary
635107924,0,41.3201846,69.2656872,primary
635107924,1,41.3200593,69.2661997,primary
635107924,2,41.3198981,69.2668592,primary
635107924,3,41.319894,69.2668759,primary
635107924,4,41.3198608,69.2670107,primary
635107924,5,41.319856,69.2670315,primary
635538780,0,41.2704056,69.2112034,trunk
635538780,1,41.2704731,69.2111,trunk
635538780,2,41.2707303,69.2107061,trunk
635538780,3,41.2722733,69.2083319,trunk
635538780,4,41.272415,69.208114,trunk
635577183,0,41.2544731,69.2039098,primary
635577183,1,41.2544523,69.2037975,primary
635577187,0,41.2543992,69.2039087,primary
635577187,1,41.2545546,69.2046316,primary
635577187,2,41.2545879,69.2047554,primary
635577187,3,41.2546254,69.2048787,primary
635577187,4,41.2547602,69.2052317,primary
635577187,5,41.2548817,69.2055497,primary
635577187,6,41.2549109,69.205626,primary
635577187,7,41.2549308,69.2056781,primary
635577187,8,41.2552794,69.2064818,primary
635577187,9,41.2556325,69.2070524,primary
635577187,10,41.2560332,69.2077426,primary
635577187,11,41.2561896,69.2080123,primary
635577187,12,41.2563049,69.2082112,primary
635577187,13,41.2564378,69.2084427,primary
635577187,14,41.2566737,69.2088517,primary
635577187,15,41.2567645,69.2090087,primary
635577187,16,41.2575134,69.2103038,primary
635577187,17,41.2581063,69.2113217,primary
635577187,18,41.2584161,69.2118556,primary
635577187,19,41.2585326,69.2120906,primary
635577187,20,41.2586355,69.2123177,primary
635577187,21,41.2590122,69.2133338,primary
635577193,0,41.2701417,69.2112747,trunk
635577193,1,41.2700997,69.2113395,trunk
635715059,0,41.2855893,69.2334248,primary
635715059,1,41.285498,69.2335697,primary
635715059,2,41.2852939,69.2338872,primary
635715059,3,41.2848695,69.2345427,primary
635715059,4,41.28479,69.2346704,primary
635964730,0,41.2917067,69.1792184,primary
635964730,1,41.2914637,69.1794016,primary
635964730,2,41.2911323,69.1796513,primary
635964730,3,41.290548,69.1800951,primary
635964730,4,41.2904772,69.1801515,primary
635964730,5,41.2904189,69.1801979,primary
635964730,6,41.2902886,69.1803045,primary
635964730,7,41.2901749,69.1804059,primary
635964730,8,41.2900635,69.1805117,primary
635964730,9,41.2898956,69.1806798,primary
635964730,10,41.289744,69.1808441,primary
635964730,11,41.289682,69.1809209,primary
635964730,12,41.2896495,69.1809634,primary
635964730,13,41.2895986,69.18103,primary
635964730,14,41.2891086,69.1817723,primary
635964730,15,41.2890742,69.1818256,primary
635964730,16,41.2890553,69.1818547,primary
635964730,17,41.2889992,69.1819412,primary
635964730,18,41.2889033,69.1820893,primary
635964730,19,41.2887214,69.1823749,primary
635964730,20,41.2882899,69.1830526,primary
635964730,21,41.2875261,69.1842522,primary
635964730,22,41.287056,69.1849905,primary
635964730,23,41.286875,69.1852747,primary
635964733,0,41.2998732,69.2492799,primary
635964733,1,41.3001249,69.2492368,primary
636093168,0,41.3094168,69.2674188,primary
636093168,1,41.3090733,69.2672722,primary
636093168,2,41.309,69.2672409,primary
636093168,3,41.308764,69.2671338,primary
636093168,4,41.3054307,69.2657176,primary
636093169,0,41.3023359,69.2660361,primary
636093169,1,41.3021638,69.2661759,primary
636093169,2,41.3020147,69.2662998,primary
636093169,3,41.3010261,69.2671074,primary
636093169,4,41.3009509,69.2671557,primary
636093169,5,41.3008723,69.2672053,primary
636093169,6,41.3008068,69.267246,primary
636093169,7,41.3007162,69.2672959,primary
636093169,8,41.3006167,69.2673377,primary
636093169,9,41.3004885,69.2673886,primary
636093169,10,41.3003559,69.2674272,primary
636093169,11,41.2996478,69.2676047,primary
636093169,12,41.2996019,69.2676198,primary
636093169,13,41.2976336,69.2681209,primary
636093169,14,41.2974329,69.2681742,primary
636093169,15,41.2968709,69.2683413,primary
636093169,16,41.2967231,69.2683852,primary
636093169,17,41.2964864,69.2684556,primary
636093169,18,41.2963254,69.2685103,primary
636093169,19,41.2962642,69.2685219,primary
636093169,20,41.2962038,69.2685266,primary
636093169,21,41.2961352,69.268515,primary
636093172,0,41.3050484,69.2657943,primary
636093172,1,41.3052449,69.2658636,primary
636093172,2,41.3055483,69.2659906,primary
636093172,3,41.3066906,69.2664687,primary
636093172,4,41.3089973,69.2674341,primary
636093172,5,41.3090385,69.2674514,primary
636093172,6,41.309369,69.2675897,primary
636233756,0,41.2953598,69.1763191,primary
636233756,1,41.2952917,69.1763689,primary
636233757,0,41.2954214,69.1764409,primary
636233757,1,41.2955296,69.1763439,primary
636233757,2,41.2963463,69.1756922,primary
636233758,0,41.2977815,69.1939048,trunk
636233758,1,41.2977087,69.1939065,trunk
636525881,0,41.2919761,69.1941255,trunk
636525881,1,41.2918826,69.1941365,trunk
636525881,2,41.2917725,69.194147,trunk
636525881,3,41.2912936,69.1941712,trunk
636525881,4,41.2907604,69.1941993,trunk
636525881,5,41.290523,69.1942134,trunk
636525881,6,41.2901345,69.1942231,trunk
636525881,7,41.2898382,69.1942323,trunk
636525881,8,41.2896487,69.1942401,trunk
636525881,9,41.2886156,69.1942823,trunk
636525881,10,41.2879601,69.1943128,trunk
636525881,11,41.2870713,69.1943543,trunk
636525881,12,41.2870363,69.1943559,trunk
636525881,13,41.2870008,69.1943565,trunk
636525881,14,41.2866814,69.1943637,trunk
636525881,15,41.2864673,69.1943644,trunk
636525881,16,41.2861418,69.1943785,trunk
636525881,17,41.2860594,69.1943824,trunk
636525881,18,41.2854436,69.1944079,trunk
636525881,19,41.2853649,69.1944112,trunk
636525881,20,41.2850414,69.1944246,trunk
636525881,21,41.2844813,69.1944622,trunk
636525881,22,41.2842615,69.194477,trunk
636525881,23,41.28373,69.1945082,trunk
636525881,24,41.2835238,69.1945181,trunk
636525881,25,41.2835086,69.1945189,trunk
636525881,26,41.2823136,69.1945623,trunk
636525881,27,41.2821859,69.1945658,trunk
637441295,0,41.3334054,69.3476041,primary
637441295,1,41.3339227,69.3467474,primary
637441298,0,41.334073,69.3462874,primary
637441298,1,41.3338438,69.3466662,primary
637441300,0,41.3298335,69.3532917,primary
637441300,1,41.3291254,69.354482,primary
637441300,2,41.3290575,69.3545976,primary
637441300,3,41.3289906,69.3547142,primary
638316871,0,41.305625,69.1512,primary
638316871,1,41.3056159,69.1513205,primary
638316871,2,41.3056015,69.1515122,primary
638316880,0,41.3051295,69.157708,primary
638316880,1,41.3051173,69.15765,primary
638316880,2,41.3051108,69.1575888,primary
638316880,3,41.3051041,69.1574607,primary
638316880,4,41.3051052,69.1573432,primary
638316880,5,41.3051136,69.1572226,primary
638316880,6,41.3051364,69.1569844,primary
638316880,7,41.305257,69.155886,primary
638316880,8,41.3052991,69.1554575,primary
638316880,9,41.3055484,69.1529571,primary
638318922,0,41.3056741,69.151523,primary
638318922,1,41.3056985,69.1512046,primary
638318923,0,41.3056425,69.1519282,primary
638318923,1,41.3056741,69.151523,primary
638318924,0,41.3056015,69.1515122,primary
638318924,1,41.3055696,69.1519173,primary
638318925,0,41.3055696,69.1519173,primary
638318925,1,41.3055529,69.1521245,primary
638318925,2,41.3055538,69.1521293,primary
638318925,3,41.3054897,69.1529489,primary
638321794,0,41.303474,69.1710719,primary
638321794,1,41.3034545,69.1710982,primary
638321794,2,41.3032114,69.1714255,primary
638321794,3,41.3031584,69.1714777,primary
638321794,4,41.3030946,69.1715312,primary
638321794,5,41.3030301,69.171578,primary
638321794,6,41.3029641,69.1716193,primary
638321794,7,41.3029108,69.1716491,primary
638321794,8,41.3027438,69.1717214,primary
638321794,9,41.3026539,69.1717626,primary
638321794,10,41.3019683,69.1721144,primary
638321796,0,41.3035217,69.1711323,primary
638321796,1,41.3036839,69.1709079,primary
638321796,2,41.3037289,69.1708511,primary
638321796,3,41.3037746,69.1707972,primary
638321796,4,41.3038433,69.1707244,primary
638321796,5,41.303916,69.1706621,primary
638321796,6,41.3039798,69.1706173,primary
638321796,7,41.3040462,69.1705748,primary
638321796,8,41.3041765,69.1704999,primary
638321797,0,41.3038945,69.1705888,primary
638321797,1,41.303831,69.1706386,primary
638321797,2,41.3037668,69.1706948,primary
638321797,3,41.3037185,69.1707423,primary
638321797,4,41.3036786,69.1707868,primary
638321797,5,41.3036419,69.1708337,primary
638321797,6,41.303474,69.1710719,primary
638412397,0,41.3404062,69.2313766,primary
638412397,1,41.3403706,69.2313942,primary
638412397,2,41.3399798,69.2315922,primary
638412397,3,41.3399028,69.2316324,primary
639037579,0,41.3480498,69.1979543,primary
639037579,1,41.3480226,69.1980247,primary
639037579,2,41.3478741,69.1983237,primary
639037579,3,41.3477834,69.1985274,primary
639037579,4,41.3476804,69.1987936,primary
639037579,5,41.3476576,69.1988702,primary
639037579,6,41.3473874,69.1996545,primary
639037579,7,41.347148,69.2004365,primary
639037579,8,41.3470314,69.2008139,primary
639037579,9,41.3469223,69.2011554,primary
639037579,10,41.3468831,69.2012849,primary
639037579,11,41.3463275,69.2031214,primary
639037579,12,41.3461739,69.2036297,primary
639037579,13,41.3459387,69.2044089,primary
639037579,14,41.3458861,69.204565,primary
639037579,15,41.3456797,69.2052385,primary
639122540,0,41.349288,69.1786376,primary
639122540,1,41.349299,69.1787311,primary
639122540,2,41.3493097,69.1792757,primary
639122540,3,41.3493114,69.179363,primary
639122540,4,41.3493213,69.1798661,primary
639122540,5,41.3493311,69.1803615,primary
639122540,6,41.3493326,69.1804359,primary
639122540,7,41.349336,69.1806077,primary
639122540,8,41.3493592,69.182234,primary
639122542,0,41.349359,69.1786346,primary
639122542,1,41.3493456,69.1784828,primary
639122544,0,41.3493748,69.1792573,primary
639122544,1,41.3493685,69.1787888,primary
639122544,2,41.3493671,69.1787264,primary
639122544,3,41.349359,69.1786346,primary
639124730,0,41.3454272,69.2065456,primary
639124730,1,41.3455769,69.2059971,primary
639124730,2,41.3457552,69.2052956,primary
639431004,0,41.344821,69.2077095,primary
639431004,1,41.3450297,69.2074045,primary
639431004,2,41.3451157,69.2072395,primary
639431004,3,41.3452185,69.2070477,primary
640055212,0,41.3308032,69.2426686,primary
640055212,1,41.3307984,69.2428424,primary
640093698,0,41.3401124,69.2702781,trunk
640093698,1,41.3401972,69.2701079,trunk
640093698,2,41.3403403,69.2698278,trunk
640093698,3,41.3405454,69.2694229,trunk
640093698,4,41.3407306,69.2690914,trunk
640093698,5,41.3412867,69.2680962,trunk
640100218,0,41.3443609,69.2628724,trunk
640100218,1,41.344753,69.2622444,trunk
640100218,2,41.3454913,69.2609894,trunk
640100218,3,41.3457579,69.2605084,trunk
640100218,4,41.3461055,69.2598815,trunk
640100218,5,41.3464698,69.2592367,trunk
640100218,6,41.3466423,69.2589367,trunk
640100218,7,41.3469393,69.2584799,trunk
640100218,8,41.3470347,69.258359,trunk
640100218,9,41.3471301,69.2582493,trunk
640100218,10,41.3471698,69.2582067,trunk
640100220,0,41.3439975,69.263323,trunk
640100220,1,41.3440803,69.2632203,trunk
640100220,2,41.3441994,69.2630727,trunk
640100220,3,41.3443609,69.2628724,trunk
640503729,0,41.3003762,69.267573,primary
640503729,1,41.3005095,69.2675353,primary
640503729,2,41.3006666,69.2674813,primary
640503729,3,41.3007427,69.2674523,primary
640503729,4,41.3008103,69.2674237,primary
640503729,5,41.3008825,69.2673886,primary
640503729,6,41.3009539,69.2673465,primary
640503729,7,41.3010054,69.2673138,primary
640503729,8,41.3010532,69.2672817,primary
640503729,9,41.3015426,69.2668784,primary
640503729,10,41.3020211,69.2665048,primary
640503729,11,41.302084,69.2664557,primary
640503729,12,41.3022298,69.2663419,primary
640505273,0,41.2973045,69.2501845,primary
640505273,1,41.2979467,69.2499742,primary
640505273,2,41.2980445,69.2499394,primary
640505273,3,41.298377,69.2498193,primary
640505273,4,41.2984238,69.2498027,primary
640505273,5,41.2984609,69.2497898,primary
640505273,6,41.299347,69.2494691,primary
640505273,7,41.2998732,69.2492799,primary
640506273,0,41.2970495,69.2500599,primary
640506273,1,41.2968048,69.2501232,primary
640506273,2,41.2967016,69.2501442,primary
640506273,3,41.2964492,69.2501954,primary
640506273,4,41.295975,69.2502917,primary
640506273,5,41.2956539,69.2503569,primary
640506273,6,41.295134,69.2504665,primary
640506273,7,41.2944256,69.2506252,primary
640513738,0,41.2818228,69.2594658,primary
640513738,1,41.2817763,69.2593187,primary
640513738,2,41.2816234,69.2587397,primary
640513738,3,41.2815056,69.2583023,primary
640513738,4,41.281361,69.2577821,primary
640513738,5,41.2808809,69.25603,primary
640513738,6,41.2808483,69.255911,primary
640513738,7,41.2808039,69.255749,primary
640894819,0,41.3050382,69.2655734,primary
640894819,1,41.3049227,69.2657472,primary
640956382,0,41.3371028,69.2565919,primary
640956382,1,41.337333,69.2568158,primary
640956382,2,41.3373785,69.256879,primary
640956382,3,41.33742,69.2569541,primary
640956382,4,41.3374456,69.2570097,primary
640956382,5,41.3374774,69.2570915,primary
640956382,6,41.3375039,69.2571734,primary
640956382,7,41.3375242,69.2572603,primary
640956382,8,41.3375327,69.2573396,primary
640956382,9,41.3375408,69.2573933,primary
640956382,10,41.3375455,69.2574827,primary
640956382,11,41.3375448,69.2575974,primary
640956382,12,41.3375362,69.2576831,primary
640956382,13,41.3375138,69.257813,primary
640956382,14,41.3374803,69.257941,primary
640956382,15,41.3371949,69.2586884,primary
641070334,0,41.3358833,69.2337966,primary
641070334,1,41.3359367,69.2337691,primary
641070334,2,41.3361546,69.233657,primary
641070334,3,41.3362313,69.2336176,primary
641070334,4,41.3368273,69.233317,primary
641070334,5,41.3372499,69.2331054,primary
641070334,6,41.3373971,69.2330316,primary
641070334,7,41.3374798,69.2329886,primary
641070334,8,41.3379417,69.2327488,primary
641070335,0,41.329635,69.2351763,primary
641070335,1,41.3297057,69.2351005,primary
641070335,2,41.3297817,69.2350424,primary
641070335,3,41.3298587,69.234997,primary
641070335,4,41.3299425,69.2349622,primary
641070335,5,41.3302046,69.2349108,primary
641070335,6,41.3305892,69.2348354,primary
641070335,7,41.3309689,69.2347609,primary
641070335,8,41.3313965,69.2346771,primary
641070335,9,41.3319075,69.2345769,primary
641070335,10,41.3322089,69.2345178,primary
641070335,11,41.3329346,69.2343755,primary
641070335,12,41.3338281,69.234201,primary
641070335,13,41.3340971,69.2341471,primary
641070335,14,41.3341567,69.2341352,primary
641070335,15,41.334258,69.2341156,primary
641070335,16,41.334781,69.2340141,primary
641070335,17,41.3351892,69.2339347,primary
641070335,18,41.3354732,69.2338795,primary
641070335,19,41.3358833,69.2337966,primary
641070337,0,41.3329488,69.2342596,primary
641070337,1,41.3327354,69.2343003,primary
641070337,2,41.3321903,69.2344049,primary
641070337,3,41.3314443,69.2345726,primary
641070337,4,41.3312653,69.2346007,primary
641070337,5,41.3311416,69.2346125,primary
641070337,6,41.3303473,69.2347697,primary
641079245,0,41.3150286,69.2100174,primary
641079245,1,41.3149492,69.2100135,primary
641079245,2,41.3148703,69.2100072,primary
641079245,3,41.3147914,69.209997,primary
641079245,4,41.3147124,69.2099847,primary
641079245,5,41.3146068,69.2099639,primary
641079245,6,41.3144997,69.2099389,primary
641079245,7,41.3143964,69.2099115,primary
641079245,8,41.3142937,69.2098815,primary
641079246,0,41.3147037,69.2101479,primary
641079246,1,41.3147838,69.2101614,primary
641079246,2,41.3148629,69.2101728,primary
641079246,3,41.3149446,69.2101802,primary
641079246,4,41.3150271,69.210185,primary
641079246,5,41.3152504,69.2101824,primary
641079246,6,41.3165092,69.2101686,primary
641079246,7,41.3166864,69.2101667,primary
641498903,0,41.3054933,69.3343351,trunk
641498903,1,41.3056994,69.3362018,trunk
641787549,0,41.3379438,69.2570203,primary
641787549,1,41.3378939,69.2571471,primary
641787549,2,41.3376434,69.2577414,primary
642038998,0,41.302173,69.2097088,primary
642038998,1,41.3019612,69.2098938,primary
642038998,2,41.3018946,69.2099529,primary
642038998,3,41.3017893,69.210055,primary
642038998,4,41.3017024,69.2101383,primary
642059356,0,41.3212608,69.2547551,primary
642059356,1,41.3212684,69.2546495,primary
642806657,0,41.3495172,69.2271168,primary
642806657,1,41.3493309,69.2272088,primary
642806657,2,41.3488938,69.2273992,primary
642806657,3,41.3486918,69.22749,primary
642806657,4,41.3485741,69.2275461,primary
642806657,5,41.3485661,69.22755,primary
642806657,6,41.3479367,69.2278248,primary
642806657,7,41.3474512,69.2279996,primary
642806657,8,41.3470172,69.2281824,primary
642806657,9,41.3462195,69.2285299,primary
642806657,10,41.3459857,69.2286274,primary
642807873,0,41.3502875,69.2195636,trunk
642807873,1,41.3503189,69.2191873,trunk
642807873,2,41.3503245,69.2191102,trunk
642807873,3,41.3503275,69.2190325,trunk
642807873,4,41.3503206,69.2189628,trunk
642807873,5,41.3503073,69.2188935,trunk
642807873,6,41.3502991,69.218854,trunk
642807873,7,41.3502891,69.218813,trunk
642807873,8,41.3502787,69.2187738,trunk
642807873,9,41.3502675,69.2187368,trunk
642807873,10,41.3502563,69.218706,trunk
642807873,11,41.3502429,69.2186772,trunk
642807873,12,41.3502293,69.218649,trunk
642807873,13,41.3502111,69.2186189,trunk
642807873,14,41.3501832,69.2185779,trunk
642807873,15,41.3501447,69.2185282,trunk
642807873,16,41.3499498,69.218343,trunk
642809956,0,41.3477838,69.2280094,primary
642809956,1,41.3478788,69.2279911,primary
642809956,2,41.3479738,69.2279841,primary
642809956,3,41.3486495,69.2279889,primary
642809956,4,41.3486821,69.2279891,primary
642809956,5,41.348788,69.2279873,primary
642809956,6,41.3492929,69.2279729,primary
642809956,7,41.349332,69.2279714,primary
642809956,8,41.3494473,69.2279654,primary
642809957,0,41.3413292,69.2310167,primary
642809957,1,41.3416055,69.2308727,primary
642809957,2,41.3418765,69.2307314,primary
642809957,3,41.3425429,69.2303912,primary
642809957,4,41.3426052,69.2303581,primary
642809957,5,41.3437633,69.2297592,primary
642809957,6,41.3441305,69.2295692,primary
642809957,7,41.3442153,69.2295227,primary
642809957,8,41.3443274,69.2294674,primary
642809957,9,41.3446143,69.2293259,primary
642809957,10,41.3449483,69.2291669,primary
642809959,0,41.3449483,69.2291669,primary
642809959,1,41.3450217,69.2291357,primary
642809959,2,41.3457346,69.2288326,primary
642809959,3,41.3460027,69.2287133,primary
642809959,4,41.3469345,69.2283359,primary
642809960,0,41.3413013,69.2309148,primary
642809960,1,41.3412058,69.2309647,primary
642809960,2,41.3411199,69.2310098,primary
642809960,3,41.3409932,69.2310793,primary
642809962,0,41.3449277,69.2290703,primary
642809962,1,41.3441266,69.2294689,primary
642809962,2,41.3437515,69.2296657,primary
642809962,3,41.3436221,69.2297353,primary
642809962,4,41.3429735,69.2300685,primary
642809962,5,41.3425174,69.2302962,primary
642809962,6,41.3418534,69.2306321,primary
642809962,7,41.3417788,69.2306678,primary
642809962,8,41.3413622,69.2308845,primary
642809962,9,41.3413013,69.2309148,primary
642814653,0,41.3592184,69.2255208,primary
642814653,1,41.3586577,69.2256405,primary
642814653,2,41.3580205,69.2257766,primary
642814653,3,41.3575482,69.2258774,primary
642814653,4,41.3571464,69.2259632,primary
642814653,5,41.3566615,69.2260667,primary
642814653,6,41.3563198,69.2261396,primary
642814653,7,41.3559568,69.2262171,primary
642814653,8,41.3558181,69.2262468,primary
642814653,9,41.3556857,69.226275,primary
642824651,0,41.3484531,69.2413448,trunk
642824651,1,41.34847,69.2411567,trunk
642824651,2,41.3485153,69.2405806,trunk
642824651,3,41.3485581,69.2400843,trunk
642824651,4,41.3486153,69.2394286,trunk
642824651,5,41.3486391,69.2391591,trunk
642824651,6,41.3487207,69.2382654,trunk
642824651,7,41.3487512,69.2379053,trunk
642824651,8,41.3488637,69.236578,trunk
642824651,9,41.3489029,69.2361107,trunk
642824651,10,41.348946,69.2355945,trunk
642824651,11,41.3489965,69.2349453,trunk
642824651,12,41.3490497,69.234361,trunk
642824651,13,41.3490952,69.233682,trunk
642824651,14,41.3491496,69.2330623,trunk
642824651,15,41.3492878,69.231181,trunk
642824651,16,41.3493684,69.2301994,trunk
642824651,17,41.3494288,69.2294109,trunk
642824651,18,41.3494804,69.2288095,trunk
642824651,19,41.3495284,69.2282506,trunk
642824651,20,41.3495383,69.2281414,trunk
642824651,21,41.3495579,69.2279538,trunk
642824651,22,41.3495814,69.2277774,trunk
642824651,23,41.3496228,69.2273543,trunk
642824651,24,41.3496313,69.2272781,trunk
642824651,25,41.3496514,69.2270601,trunk
642824660,0,41.3478957,69.2467398,trunk
642824660,1,41.3478718,69.2470089,trunk
642824660,2,41.3478494,69.2472862,trunk
642824660,3,41.3478376,69.2475119,trunk
642824660,4,41.3478216,69.2479862,trunk
642824660,5,41.3478262,69.248413,trunk
642824660,6,41.3478252,69.2499016,trunk
642824660,7,41.3478307,69.250242,trunk
642824660,8,41.3478538,69.2505786,trunk
642824660,9,41.3478564,69.2506156,trunk
642830184,0,41.3482279,69.2522419,trunk
642830184,1,41.3482011,69.2520611,trunk
643748288,0,41.3870994,69.2112937,primary
643748288,1,41.387755,69.2107006,primary
643748288,2,41.3878946,69.2105879,primary
643748288,3,41.3883019,69.2102631,primary
643748288,4,41.3888564,69.2098515,primary
643748288,5,41.3897823,69.2092545,primary
643748288,6,41.3906437,69.2087082,primary
643748288,7,41.3914663,69.2081764,primary
643748296,0,41.3948138,69.2060355,primary
643748296,1,41.3944882,69.2062093,primary
643748296,2,41.3938841,69.2065762,primary
643748296,3,41.3930812,69.2070596,primary
643748296,4,41.3928787,69.2071865,primary
643748296,5,41.3922548,69.2075604,primary
643748296,6,41.3921725,69.2076105,primary
643748296,7,41.3919162,69.2077665,primary
643748296,8,41.3912059,69.2082159,primary
643748296,9,41.3905393,69.2086568,primary
643748296,10,41.3895961,69.2092292,primary
643748296,11,41.3887014,69.2098476,primary
643748296,12,41.388003,69.2103629,primary
643748296,13,41.3877829,69.2105396,primary
643748296,14,41.3870519,69.2112071,primary
643748296,15,41.3870277,69.2112297,primary
651545856,0,41.3049227,69.2657472,primary
651545856,1,41.3050484,69.2657943,primary
651545857,0,41.3049227,69.2657472,primary
651545857,1,41.304841,69.2658758,primary
651545857,2,41.3046568,69.2662103,primary
651545857,3,41.3041628,69.2671145,primary
651545858,0,41.3050382,69.2655734,primary
651545858,1,41.3046286,69.2654296,primary
651687523,0,41.280575,69.2414279,primary
651687523,1,41.2797315,69.2427366,primary
651687523,2,41.2795666,69.2429925,primary
651687524,0,41.2806245,69.2415022,primary
651687524,1,41.280941,69.2410721,primary
653992651,0,41.367149,69.2924477,primary
653992651,1,41.3668428,69.2922159,primary
653992651,2,41.3666454,69.2920382,primary
655524511,0,41.3431396,69.2575484,primary
655524511,1,41.3433355,69.2576058,primary
655524511,2,41.3435314,69.2576709,primary
655524511,3,41.3437012,69.2577335,primary
655524511,4,41.3438726,69.2577982,primary
655524511,5,41.3440488,69.2578768,primary
655524511,6,41.3442213,69.2579679,primary
655524511,7,41.3444999,69.2581159,primary
655524511,8,41.3447568,69.2582664,primary
655524512,0,41.3457631,69.2601409,trunk
655524512,1,41.3455781,69.2604584,trunk
655524512,2,41.3451702,69.2611503,trunk
655524512,3,41.3447731,69.2618239,trunk
655524512,4,41.3444861,69.2623108,trunk
655524512,5,41.3443337,69.262573,trunk
655524512,6,41.3442345,69.2627551,trunk
655524512,7,41.3441019,69.2629836,trunk
655524515,0,41.338173,69.2571616,primary
655524515,1,41.3383333,69.2572433,primary
655872412,0,41.3596985,69.2894309,primary
655872412,1,41.3598658,69.2894561,primary
655872412,2,41.3600779,69.2894804,primary
655872412,3,41.3601855,69.2894872,primary
655872412,4,41.3602926,69.289492,primary
655872412,5,41.3604521,69.2894886,primary
655872412,6,41.3606126,69.2894796,primary
655872412,7,41.360825,69.2894606,primary
655872412,8,41.3610313,69.2894367,primary
655872412,9,41.361101,69.2894245,primary
655872412,10,41.361321,69.2893845,primary
655872412,11,41.361532,69.2893269,primary
655872412,12,41.3617668,69.2892456,primary
655872412,13,41.3619683,69.2891698,primary
655872412,14,41.3622148,69.289061,primary
655872412,15,41.3624224,69.2889568,primary
655872412,16,41.3626834,69.2887974,primary
655872412,17,41.3626988,69.2887891,primary
655872412,18,41.3629395,69.2886341,primary
655872412,19,41.3630696,69.2885503,primary
655872412,20,41.3631755,69.2884717,primary
655872412,21,41.3637271,69.2880328,primary
655872415,0,41.3512354,69.2876796,primary
655872415,1,41.3510731,69.2876464,primary
655872415,2,41.350567,69.287543,primary
655872415,3,41.3494638,69.2873177,primary
656204810,0,41.366998,69.2852002,primary
656204810,1,41.3668033,69.2854042,primary
656204810,2,41.3666301,69.2855669,primary
656204810,3,41.3663255,69.2858529,primary
656204810,4,41.3662633,69.2859009,primary
656204811,0,41.3817094,69.296895,primary
656204811,1,41.3815017,69.2969174,primary
656204811,2,41.3814289,69.2969252,primary
656204811,3,41.3812475,69.2969297,primary
656204811,4,41.3810773,69.2969265,primary
656204811,5,41.3809818,69.2969182,primary
656204811,6,41.3808645,69.2968913,primary
656204811,7,41.3806238,69.2968297,primary
656204811,8,41.3771418,69.2957878,primary
656204812,0,41.3833276,69.2973648,primary
656204812,1,41.383228,69.2973521,primary
656204812,2,41.3831462,69.2973352,primary
656204812,3,41.3824838,69.2971323,primary
656204812,4,41.3817094,69.296895,primary
656204815,0,41.3670358,69.2858803,primary
656204815,1,41.3672967,69.2858049,primary
656204816,0,41.3761749,69.2882759,primary
656204816,1,41.3768292,69.2884731,primary
656204816,2,41.3772783,69.2886034,primary
656204816,3,41.3784903,69.2889631,primary
656204816,4,41.378598,69.2889951,primary
656204816,5,41.3789959,69.2891132,primary
656204816,6,41.3799582,69.2893988,primary
656204816,7,41.3809968,69.2897071,primary
656204816,8,41.3825652,69.2901545,primary
656204816,9,41.3827301,69.2901964,primary
656204817,0,41.367501,69.2929866,primary
656204817,1,41.3676144,69.2930492,primary
656204817,2,41.3676357,69.29306,primary
656204817,3,41.3677992,69.2931431,primary
656204817,4,41.3679155,69.2931928,primary
656204818,0,41.3663984,69.2927909,primary
656204818,1,41.3664635,69.2926592,primary
656204818,2,41.3665116,69.2925383,primary
656204818,3,41.3665388,69.2924613,primary
656204818,4,41.3665953,69.2922728,primary
656204819,0,41.3632575,69.2979809,primary
656204819,1,41.3633852,69.2977698,primary
656204819,2,41.3634528,69.2976561,primary
656204819,3,41.3635897,69.297432,primary
656204819,4,41.3637453,69.2971749,primary
656204819,5,41.3640555,69.2966623,primary
656204819,6,41.3641774,69.2964609,primary
656204819,7,41.3646105,69.2957453,primary
656204819,8,41.3650273,69.2950565,primary
656204819,9,41.3652507,69.2946874,primary
656204819,10,41.3653179,69.2945763,primary
656204819,11,41.3654068,69.2944294,primary
656204819,12,41.3660593,69.2933513,primary
656204819,13,41.3663984,69.2927909,primary
656204827,0,41.383687,69.2981901,trunk
656204827,1,41.3836979,69.2986935,trunk
656204827,2,41.3837354,69.3004299,trunk
656204827,3,41.3837477,69.3009029,trunk
656204827,4,41.3837543,69.3011863,trunk
656204827,5,41.3837699,69.3014491,trunk
656204827,6,41.3837943,69.3017125,trunk
656204827,7,41.383826,69.3019759,trunk
656204827,8,41.3838604,69.3022391,trunk
656204827,9,41.3838986,69.3025003,trunk
656204827,10,41.3839874,69.30302,trunk
656204827,11,41.3841578,69.3040249,trunk
656204827,12,41.3841995,69.304273,trunk
656204827,13,41.3842371,69.3045212,trunk
656204827,14,41.3843057,69.3050318,trunk
656204829,0,41.3803724,69.3195646,trunk
656204829,1,41.3794587,69.3199351,trunk
656215466,0,41.3827301,69.2901964,primary
656215466,1,41.3828859,69.290236,primary
656215466,2,41.3831386,69.2903002,primary
656215466,3,41.383221,69.2903242,primary
656215466,4,41.3833024,69.2903535,primary
656215466,5,41.3834538,69.2904245,primary
657022016,0,41.3004745,69.2105934,primary
657022016,1,41.3004059,69.2105614,primary
657022016,2,41.3003438,69.2105294,primary
657022016,3,41.3002785,69.2104857,primary
657022016,4,41.3002135,69.2104444,primary
657022016,5,41.3001519,69.2103979,primary
657022016,6,41.3000876,69.2103448,primary
657022016,7,41.3000283,69.2102884,primary
657022016,8,41.2999689,69.210223,primary
657022016,9,41.2998949,69.2101212,primary
657022016,10,41.2998283,69.2099861,primary
657603391,0,41.3020859,69.2481948,primary
657603391,1,41.3021177,69.2482987,primary
657603391,2,41.3021512,69.2483447,primary
657603391,3,41.3021925,69.2483743,primary
657603391,4,41.3022442,69.2483809,primary
657603395,0,41.3049914,69.246546,primary
657603395,1,41.3049167,69.2466109,primary
657603395,2,41.3045974,69.2468872,primary
657603395,3,41.304522,69.2469492,primary
657603395,4,41.3043881,69.2470566,primary
657603398,0,41.3040233,69.2475688,primary
657603398,1,41.304346,69.2473391,primary
657603398,2,41.3044429,69.2472645,primary
657603402,0,41.3078855,69.2556651,primary
657603402,1,41.3079143,69.2555601,primary
661006642,0,41.2158186,69.2268738,primary
661006642,1,41.2147884,69.2277216,primary
661006642,2,41.2142018,69.2282042,primary
661006642,3,41.2141428,69.2282532,primary
661006642,4,41.2140537,69.228326,primary
661006642,5,41.2139852,69.2283825,primary
661006642,6,41.213596,69.2287026,primary
661006642,7,41.213453,69.2288203,primary
661064283,0,41.2533549,69.2168327,primary
661064283,1,41.2533013,69.2165993,primary
662834430,0,41.1654788,69.3275192,trunk
662834430,1,41.1654105,69.3275084,trunk
662834430,2,41.1649375,69.3274337,trunk
662834430,3,41.1637576,69.3272468,trunk
662834430,4,41.1631973,69.3271275,trunk
662834430,5,41.1628806,69.327066,trunk
662834430,6,41.1600982,69.3261856,trunk
662834430,7,41.1595514,69.3260036,trunk
662834430,8,41.1587022,69.3257515,trunk
662834430,9,41.1581439,69.3255383,trunk
662834430,10,41.1576552,69.3252768,trunk
662834430,11,41.1571766,69.324975,trunk
662834430,12,41.1559689,69.3240792,trunk
662834430,13,41.1548642,69.3232021,trunk
662834430,14,41.1538464,69.3224323,trunk
662834430,15,41.1534526,69.3221667,trunk
662834430,16,41.1527669,69.3217912,trunk
662834430,17,41.1516168,69.3212172,trunk
662834430,18,41.1500384,69.320426,trunk
662834430,19,41.1478713,69.3193236,trunk
662834430,20,41.1466291,69.3187053,trunk
662834430,21,41.1454112,69.3181206,trunk
662834430,22,41.1450234,69.3179731,trunk
662834430,23,41.1446749,69.3178618,trunk
662834430,24,41.1444073,69.3177961,trunk
662834430,25,41.1441114,69.3177371,trunk
662834430,26,41.1438902,69.3176982,trunk
662834430,27,41.1435388,69.3176767,trunk
662834430,28,41.1429571,69.3176821,trunk
662834430,29,41.1418433,69.3177532,trunk
662834430,30,41.14057,69.3178701,trunk
662834430,31,41.1356847,69.3183126,trunk
662834430,32,41.1355421,69.3183255,trunk
662834430,33,41.1340013,69.3184197,trunk
662834430,34,41.1328033,69.318413,trunk
662834430,35,41.131673,69.3183821,trunk
662834430,36,41.1312144,69.3183888,trunk
662834430,37,41.130683,69.3184076,trunk
662834430,38,41.1299689,69.3184505,trunk
662834430,39,41.1294598,69.3184854,trunk
662834430,40,41.128493,69.3185511,trunk
662834430,41,41.1250715,69.3188019,trunk
662834430,42,41.1242825,69.3188515,trunk
662834430,43,41.1220691,69.3190058,trunk
662834430,44,41.11882,69.3192458,trunk
664529330,0,41.3424805,69.2108797,primary
664529330,1,41.342574,69.2107134,primary
668983060,0,41.2809221,69.1945177,primary
668983060,1,41.2805594,69.1950795,primary
672462271,0,41.320893,69.3020526,primary
672462271,1,41.3208005,69.3017767,primary
672462271,2,41.3207507,69.3016392,primary
672462271,3,41.3207037,69.3014996,primary
673017246,0,41.2041315,69.2177831,primary
673017246,1,41.2042058,69.2179625,primary
674050250,0,41.3190833,69.3188778,primary
674050250,1,41.3203374,69.3201995,primary
674050250,2,41.320424,69.3202908,primary
674050250,3,41.3204774,69.3203471,primary
674895542,0,41.3582397,69.2891711,primary
674895542,1,41.35846,69.2892135,primary
674895542,2,41.3587716,69.2892695,primary
674895542,3,41.3589391,69.2892993,primary
674895542,4,41.3594347,69.2893861,primary
674895542,5,41.359483,69.2893942,primary
674895542,6,41.3596985,69.2894309,primary
674895543,0,41.3512279,69.2878937,primary
674895543,1,41.3513766,69.2879224,primary
674895543,2,41.3518954,69.2880238,primary
674895543,3,41.3519091,69.2880262,primary
674895543,4,41.3528115,69.2881852,primary
674895543,5,41.3550078,69.2885808,primary
674895543,6,41.3552773,69.2886294,primary
674895543,7,41.3554074,69.2886528,primary
674895543,8,41.3561713,69.2887903,primary
674895544,0,41.3597158,69.2892364,primary
674895544,1,41.3591907,69.2891406,primary
674895544,2,41.3590975,69.2891246,primary
674895544,3,41.3590731,69.2891204,primary
674895546,0,41.3610864,69.2892569,primary
674895546,1,41.3608645,69.2892866,primary
674895546,2,41.3606401,69.2893083,primary
674895546,3,41.3604283,69.2893118,primary
674895546,4,41.3602134,69.2893042,primary
674895546,5,41.3600672,69.2892926,primary
674895546,6,41.3598778,69.2892659,primary
674895546,7,41.3597158,69.2892364,primary
674895549,0,41.3579034,69.2889065,primary
674895549,1,41.3575641,69.2888518,primary
674895549,2,41.3571366,69.2887729,primary
674895549,3,41.3567695,69.2887052,primary
674895549,4,41.3567121,69.2886946,primary
674895549,5,41.3565159,69.2886608,primary
674895549,6,41.3565118,69.2886577,primary
674895549,7,41.3551006,69.2883974,primary
674895549,8,41.3544056,69.2882685,primary
674895549,9,41.3543373,69.2882567,primary
674895549,10,41.3536957,69.2881383,primary
674895549,11,41.3526823,69.2879514,primary
674895549,12,41.3519223,69.2878113,primary
674895549,13,41.3514784,69.2877295,primary
674895549,14,41.351404,69.2877154,primary
674895549,15,41.3512354,69.2876796,primary
674895550,0,41.3645468,69.2871729,primary
674895550,1,41.3637093,69.2877993,primary
675393592,0,41.2956046,69.2685025,primary
675393592,1,41.2955651,69.2685579,primary
675393592,2,41.2955422,69.2686018,primary
675393592,3,41.2954974,69.2686918,primary
675393594,0,41.2957541,69.2683919,primary
675393594,1,41.2956853,69.2682057,primary
675393594,2,41.2956661,69.2681529,primary
675393594,3,41.2956462,69.2681,primary
675393594,4,41.2956023,69.2679957,primary
675393597,0,41.2953768,69.2680693,primary
675393597,1,41.2954427,69.2681745,primary
675393597,2,41.2954987,69.2682749,primary
675393597,3,41.295512,69.2682977,primary
675393597,4,41.2956046,69.2685025,primary
675614625,0,41.3288325,69.239316,primary
675614625,1,41.3288247,69.2392112,primary
675614625,2,41.3288224,69.2391776,primary
675614625,3,41.3288229,69.2391462,primary
675614625,4,41.3288256,69.2391153,primary
675614625,5,41.3288315,69.2390837,primary
675614625,6,41.3288398,69.2390532,primary
675614625,7,41.3288583,69.2390077,primary
675614625,8,41.3289252,69.2388699,primary
675614625,9,41.3289662,69.2387713,primary
675614625,10,41.328997,69.2386907,primary
675614625,11,41.3290263,69.238606,primary
675614625,12,41.3290516,69.2385185,primary
675614625,13,41.3290737,69.2384319,primary
675614625,14,41.3290883,69.238356,primary
675614625,15,41.3291261,69.2380265,primary
675614625,16,41.3292351,69.2370669,primary
675614625,17,41.3293389,69.2362215,primary
675614625,18,41.3293603,69.2360855,primary
675614626,0,41.3257823,69.2413202,primary
675614626,1,41.3260469,69.2411456,primary
675614626,2,41.3271554,69.2404139,primary
675614626,3,41.3282958,69.23972,primary
675614626,4,41.3283637,69.2396835,primary
675614626,5,41.3284292,69.2396516,primary
675614626,6,41.3284944,69.2396249,primary
675614626,7,41.3285603,69.2396022,primary
675614626,8,41.3287126,69.2395604,primary
675950139,0,41.3590731,69.2891204,primary
675950139,1,41.3589627,69.2891012,primary
675950139,2,41.3586416,69.2890408,primary
675950139,3,41.358548,69.2890235,primary
675950139,4,41.35826,69.2889706,primary
675950139,5,41.3579034,69.2889065,primary
679977692,0,41.3631428,69.2852041,primary
679977692,1,41.362534,69.2837548,primary
679977692,2,41.362485,69.2836382,primary
679977692,3,41.3608545,69.2799486,primary
679977692,4,41.3607946,69.279795,primary
679977692,5,41.3607397,69.2796539,primary
679977693,0,41.3598584,69.2781664,primary
679977693,1,41.3604968,69.2795827,primary
679977693,2,41.3605815,69.2797711,primary
684424974,0,41.2562213,69.4140285,trunk
684424974,1,41.2563438,69.4142208,trunk
684424974,2,41.2591852,69.4186981,trunk
684424975,0,41.2482705,69.4016711,trunk
684424975,1,41.2499353,69.4041991,trunk
684424975,2,41.2499545,69.4042285,trunk
684424976,0,41.2452691,69.3969991,trunk
684424976,1,41.2462929,69.3985927,trunk
684424976,2,41.2467659,69.3993162,trunk
684424976,3,41.2482705,69.4016711,trunk
684449085,0,41.2625337,69.4236569,trunk
684449085,1,41.2622633,69.4232582,trunk
684449085,2,41.2612296,69.4217089,trunk
684449085,3,41.261114,69.4215274,trunk
684449087,0,41.2602221,69.4203409,trunk
684449087,1,41.2605102,69.4207973,trunk
684449087,2,41.2606198,69.4209709,trunk
684451492,0,41.2499493,69.4040576,trunk
684451492,1,41.2498454,69.4038955,trunk
684451492,2,41.2491569,69.402821,trunk
684451492,3,41.2483582,69.4015745,trunk
684451492,4,41.2475591,69.4003274,trunk
684451492,5,41.2470119,69.3994734,trunk
684988566,0,41.3122029,69.3478867,trunk
684988566,1,41.3109857,69.3457785,trunk
684988567,0,41.3181902,69.3578448,trunk
684988567,1,41.3168446,69.3559182,trunk
684988567,2,41.3167719,69.3558123,trunk
684988567,3,41.3165884,69.3555452,trunk
684988567,4,41.3165664,69.3555132,trunk
684988567,5,41.3160603,69.3547604,trunk
684988567,6,41.3158956,69.3545024,trunk
684988567,7,41.3154966,69.3538318,trunk
684988567,8,41.3153617,69.3536069,trunk
684988567,9,41.3148879,69.3527529,trunk
684988567,10,41.3143963,69.3518811,trunk
684988567,11,41.3136228,69.3504682,trunk
684988567,12,41.3126243,69.3486442,trunk
684988568,0,41.3126243,69.3486442,trunk
684988568,1,41.3122029,69.3478867,trunk
684988570,0,41.3209134,69.3616689,trunk
684988570,1,41.3207867,69.3614914,trunk
684988570,2,41.3205127,69.3611066,trunk
684988570,3,41.3181902,69.3578448,trunk
684988572,0,41.3376337,69.378467,trunk
684988572,1,41.3375467,69.3785038,trunk
684988572,2,41.33746,69.378536,trunk
684988572,3,41.3372838,69.3785911,trunk
684988572,4,41.3369329,69.3786872,trunk
684988572,5,41.3368353,69.3787129,trunk
684988572,6,41.3367049,69.3787453,trunk
684988572,7,41.3365722,69.3787702,trunk
684988572,8,41.3364411,69.3787923,trunk
684988572,9,41.3363095,69.3788097,trunk
684988572,10,41.3361763,69.3788211,trunk
684988572,11,41.3360431,69.3788265,trunk
684988572,12,41.3359104,69.3788191,trunk
684988572,13,41.3357781,69.3788088,trunk
684988572,14,41.3356458,69.378794,trunk
684988572,15,41.3355141,69.3787766,trunk
684988572,16,41.335389,69.37875,trunk
684988572,17,41.3352644,69.37872,trunk
684988572,18,41.3351406,69.3786876,trunk
684988572,19,41.3350176,69.3786482,trunk
684988572,20,41.3348948,69.3785957,trunk
684988572,21,41.3347731,69.3785401,trunk
684988572,22,41.3346496,69.3784728,trunk
684988572,23,41.3345286,69.3784015,trunk
684988572,24,41.3344145,69.3783225,trunk
684988572,25,41.3343007,69.37824,trunk
684988572,26,41.3341899,69.3781571,trunk
684988572,27,41.3340783,69.37807,trunk
684988572,28,41.3338306,69.3778664,trunk
684988572,29,41.3337592,69.3778077,trunk
684988575,0,41.3506903,69.3522533,trunk
684988575,1,41.3506005,69.3523908,trunk
684988575,2,41.3501602,69.3530634,trunk
684988575,3,41.3500697,69.3532117,trunk
684989604,0,41.3114773,69.3469982,trunk
684989604,1,41.312494,69.3488242,trunk
684989609,0,41.3092036,69.3431944,trunk
684989609,1,41.3093498,69.3433749,trunk
684989609,2,41.3094878,69.3435489,trunk
684989609,3,41.3096206,69.3437276,trunk
684989609,4,41.3097302,69.3438846,trunk
684989609,5,41.3098362,69.3440509,trunk
684989609,6,41.3101813,69.3446577,trunk
684989609,7,41.310508,69.3452469,trunk
684989609,8,41.3105746,69.345367,trunk
684989609,9,41.3106115,69.3454335,trunk
684989609,10,41.3108617,69.3458848,trunk
688082622,0,41.286917,69.1494583,trunk
688082622,1,41.2873648,69.1495295,trunk
688082622,2,41.2880609,69.1496168,trunk
688082622,3,41.2890118,69.1497354,trunk
688082622,4,41.2891615,69.1497528,trunk
688082622,5,41.2898083,69.1498358,trunk
689071970,0,41.3657124,69.2936511,primary
689071970,1,41.3656551,69.2937466,primary
689071970,2,41.3655951,69.2938465,primary
689071970,3,41.3653512,69.2942527,primary
689071970,4,41.3652205,69.2944704,primary
689071970,5,41.3649907,69.2948531,primary
689071970,6,41.364518,69.2956404,primary
689071970,7,41.3641614,69.2962344,primary
689071970,8,41.3639643,69.2965626,primary
689071970,9,41.3633762,69.2975422,primary
689071970,10,41.363298,69.2976724,primary
689071970,11,41.3631694,69.2978866,primary
689312664,0,41.3211576,69.2540078,primary
689312664,1,41.3211371,69.2542963,primary
689312664,2,41.3211307,69.2543977,primary
689312664,3,41.3211122,69.2545929,primary
689730966,0,41.3499046,69.2223991,trunk
689730966,1,41.3498344,69.2232739,trunk
689730966,2,41.3498188,69.2234482,trunk
689894661,0,41.2977295,69.1941553,trunk
689894661,1,41.2979141,69.1941511,trunk
689894661,2,41.2983363,69.1941352,trunk
689894661,3,41.2985543,69.1941284,trunk
689894661,4,41.2985773,69.1941276,trunk
689894661,5,41.2995463,69.1940941,trunk
689894662,0,41.292915,69.1940688,trunk
689894662,1,41.2927776,69.1940738,trunk
689894662,2,41.292434,69.1940874,trunk
689894662,3,41.2923536,69.1940916,trunk
689894662,4,41.2921735,69.1941086,trunk
691279113,0,41.3734104,69.3226449,trunk
691279113,1,41.373342,69.3226764,trunk
691279113,2,41.3731634,69.3227589,trunk
691279113,3,41.3729075,69.3228769,trunk
691279113,4,41.3726481,69.3229898,trunk
691279113,5,41.3724768,69.323061,trunk
691279113,6,41.3723043,69.3231454,trunk
692274659,0,41.3556857,69.226275,primary
692274659,1,41.355634,69.2262872,primary
692274659,2,41.3554602,69.2263316,primary
692274659,3,41.3550733,69.2264304,primary
692274659,4,41.3548577,69.2264855,primary
692283764,0,41.3544273,69.368852,primary
692283764,1,41.354409,69.3691255,primary
692283764,2,41.3543692,69.3697167,primary
692283764,3,41.3543423,69.3701161,primary
692283764,4,41.3543107,69.3705873,primary
692283764,5,41.3542955,69.3708133,primary
692283764,6,41.3542298,69.3717902,primary
692283764,7,41.3542175,69.3720896,primary
692283764,8,41.3542187,69.3723379,primary
692283764,9,41.3542353,69.3726565,primary
692283764,10,41.3542774,69.3732185,primary
692283764,11,41.3543041,69.3734841,primary
692283764,12,41.3543432,69.3737366,primary
692283764,13,41.354423,69.3741626,primary
692283764,14,41.3545154,69.3745379,primary
692283764,15,41.3546552,69.3750338,primary
692283764,16,41.3547926,69.3754218,primary
692687100,0,41.2014081,69.160328,primary
692687100,1,41.2013555,69.1602748,primary
692687100,2,41.2012437,69.1601616,primary
692687100,3,41.2007065,69.1596181,primary
692687100,4,41.2003847,69.1593022,primary
692687100,5,41.2000628,69.1589863,primary
692687100,6,41.1999523,69.1588695,primary
692729907,0,41.3222879,69.2101713,primary
692729907,1,41.3222912,69.2099433,primary
692729908,0,41.322205,69.2163201,primary
692729908,1,41.3222018,69.215957,primary
692729908,2,41.3222028,69.2157206,primary
692729908,3,41.3222131,69.2151432,primary
692729908,4,41.3222201,69.2147473,primary
692729908,5,41.3222244,69.2145709,primary
692729908,6,41.322227,69.2144654,primary
692729908,7,41.3222326,69.2142371,primary
692729909,0,41.3221212,69.2112474,primary
692729909,1,41.322117,69.2122359,primary
692729909,2,41.3221156,69.2125513,primary
692729909,3,41.3221129,69.2127585,primary
692729909,4,41.3221041,69.213207,primary
692729909,5,41.3220885,69.2140076,primary
692729909,6,41.3220848,69.2142367,primary
692729909,7,41.3220812,69.2144606,primary
692729909,8,41.3220723,69.2150121,primary
692729909,9,41.322043,69.2159461,primary
692729909,10,41.3220418,69.2162291,primary
692729910,0,41.3221402,69.209889,primary
692729910,1,41.3221365,69.2101179,primary
693055837,0,41.2857652,69.2538725,primary
693055837,1,41.2857469,69.2537914,primary
693055837,2,41.2857393,69.2537147,primary
693708851,0,41.3325531,69.2919316,trunk
693708851,1,41.3325247,69.2922072,trunk
693708852,0,41.3325247,69.2922072,trunk
693708852,1,41.3325111,69.292367,trunk
693708852,2,41.3324638,69.292853,trunk
693708852,3,41.3322902,69.2946862,trunk
693708852,4,41.3322893,69.2947918,trunk
693708854,0,41.3319315,69.2175812,primary
693708854,1,41.3324856,69.2181386,primary
693708854,2,41.332551,69.2182043,primary
693708854,3,41.3326772,69.2183313,primary
693708856,0,41.3279049,69.2135608,primary
693708856,1,41.3280082,69.2136339,primary
693708856,2,41.3281613,69.2137656,primary
693708856,3,41.3283594,69.213948,primary
694434982,0,41.3393331,69.2205439,primary
694434982,1,41.3393989,69.2203115,primary
694434982,2,41.3394808,69.2200053,primary
694434982,3,41.3395318,69.2198158,primary
694434982,4,41.3397582,69.2190246,primary
694434982,5,41.3400833,69.2179314,primary
694434982,6,41.340139,69.2177409,primary
694434982,7,41.3403527,69.2170104,primary
694434982,8,41.340897,69.2152047,primary
694434982,9,41.3410523,69.2146554,primary
694434982,10,41.3412972,69.2137974,primary
694434982,11,41.341399,69.2134615,primary
694434982,12,41.341422,69.2133912,primary
695101812,0,41.2689297,69.3651966,trunk
695101812,1,41.2687983,69.3653651,trunk
695101812,2,41.2686104,69.3656165,trunk
695101812,3,41.2685125,69.3657382,trunk
695101812,4,41.268462,69.3657942,trunk
695101812,5,41.268409,69.3658489,trunk
695101812,6,41.2683766,69.3658774,trunk
695101812,7,41.2683438,69.3659053,trunk
695101812,8,41.2683069,69.3659293,trunk
695101812,9,41.2682686,69.3659523,trunk
695101812,10,41.2682284,69.3659681,trunk
695101812,11,41.2681857,69.3659826,trunk
695101812,12,41.2681443,69.3659938,trunk
695101812,13,41.2681014,69.3660029,trunk
700829316,0,41.2470119,69.3994734,trunk
700829316,1,41.24638,69.3984874,trunk
700829316,2,41.2453515,69.3968824,trunk
702413612,0,41.1984389,69.2040215,primary
702413612,1,41.1990184,69.2053701,primary
702413612,2,41.1991868,69.2057812,primary
702413612,3,41.1994873,69.2065147,primary
707009439,0,41.2940556,69.1977848,primary
707009439,1,41.2939584,69.1975895,primary
707009440,0,41.3276675,69.2833577,primary
707009440,1,41.3277602,69.2833788,primary
707009441,0,41.2848278,69.2532271,primary
707009441,1,41.2850355,69.2534645,primary
707009441,2,41.2851609,69.2536079,primary
707009442,0,41.2740037,69.2411052,primary
707009442,1,41.2741139,69.2412288,primary
707009442,2,41.2752056,69.2424397,primary
707009443,0,41.2748671,69.241729,primary
707009443,1,41.2742862,69.2410712,primary
707009443,2,41.2742417,69.2410213,primary
707009443,3,41.2740429,69.2407947,primary
707551103,0,41.291204,69.2769574,primary
707551103,1,41.2911533,69.2768847,primary
707551103,2,41.2909555,69.276616,primary
713619640,0,41.2884433,69.2734539,primary
713619640,1,41.2892683,69.2745564,primary
713619640,2,41.2893213,69.2746271,primary
713619640,3,41.2894095,69.2747455,primary
713619640,4,41.2894726,69.2748324,primary
713925627,0,41.3107988,69.1527313,trunk
713925627,1,41.3112368,69.1528716,trunk
713925627,2,41.3119588,69.1531653,trunk
713925627,3,41.3137974,69.1539459,trunk
713925627,4,41.3139957,69.1540264,trunk
713925627,5,41.3141683,69.1541011,trunk
713925627,6,41.3142246,69.1541246,trunk
713925627,7,41.3146275,69.1542931,trunk
713925627,8,41.3148156,69.1543715,trunk
714532358,0,41.3093779,69.2862746,primary
714532358,1,41.3094529,69.2860145,primary
714532358,2,41.3095565,69.2856453,primary
714532358,3,41.30985,69.2846399,primary
714532358,4,41.3098865,69.2845138,primary
714532358,5,41.3099163,69.2843894,primary
714532358,6,41.3100156,69.2840368,primary
714532358,7,41.3102613,69.2830927,primary
714532358,8,41.3106181,69.2818089,primary
714532358,9,41.3106335,69.2817652,primary
714532358,10,41.3106533,69.2817251,primary
714532358,11,41.3106788,69.2816872,primary
714532358,12,41.3107078,69.2816566,primary
714532358,13,41.3107334,69.2816336,primary
714532358,14,41.3107577,69.2816178,primary
714532358,15,41.3107824,69.2816059,primary
714532358,16,41.3108411,69.2815911,primary
714532358,17,41.3110744,69.2815501,primary
714615353,0,41.3000444,69.2909768,primary
714615353,1,41.3003225,69.2912482,primary
714741168,0,41.3099223,69.2802681,primary
714741168,1,41.3099229,69.28033,primary
714741168,2,41.3099245,69.2803919,primary
714741168,3,41.309928,69.2804522,primary
714741168,4,41.3099324,69.2805123,primary
714757180,0,41.3508648,69.3522262,trunk
714757180,1,41.3510223,69.3519823,trunk
714757180,2,41.3510908,69.3518702,trunk
714757180,3,41.3515784,69.351072,trunk
714757180,4,41.3516128,69.3510157,trunk
714757180,5,41.3522594,69.3499571,trunk
714757180,6,41.3527188,69.3492051,trunk
714757180,7,41.3531558,69.3484896,trunk
714757180,8,41.3533331,69.3481993,trunk
714757180,9,41.3535077,69.3479135,trunk
714757180,10,41.3537982,69.347438,trunk
714757180,11,41.3545078,69.3462762,trunk
714757180,12,41.3551,69.3453066,trunk
714757180,13,41.3556448,69.3444165,trunk
714757180,14,41.3557156,69.3442989,trunk
714757180,15,41.3557507,69.3442414,trunk
714757180,16,41.3559574,69.3439132,trunk
714757181,0,41.3440095,69.3449196,primary
714757181,1,41.3438911,69.3447945,primary
714757181,2,41.3435385,69.3444223,primary
714757181,3,41.3430649,69.3439224,primary
714757181,4,41.3419815,69.3427787,primary
714757181,5,41.3412698,69.3420275,primary
714757181,6,41.3411879,69.3419411,primary
714757181,7,41.3405703,69.3412892,primary
714757181,8,41.340396,69.3411051,primary
714757181,9,41.339794,69.3404697,primary
714757181,10,41.3397346,69.3404077,primary
714757181,11,41.3395117,69.3401722,primary
714757181,12,41.3391321,69.3397711,primary
714757181,13,41.3387708,69.3393897,primary
714757181,14,41.338703,69.3393181,primary
714757181,15,41.33852,69.3391249,primary
714757182,0,41.3440095,69.3449196,primary
714757182,1,41.3439224,69.3451023,primary
714757183,0,41.33852,69.3391249,primary
714757183,1,41.3384433,69.339044,primary
714757184,0,41.3381446,69.3395602,primary
714757184,1,41.3379519,69.3398786,primary
714757184,2,41.3376623,69.3403571,primary
714757184,3,41.336724,69.3419013,primary
714757184,4,41.3355475,69.3438512,primary
714757186,0,41.3296155,69.3299875,primary
714757186,1,41.3298981,69.330286,primary
714757186,2,41.3299578,69.3303491,primary
714757186,3,41.3302528,69.3306638,primary
714757187,0,41.3129385,69.2788977,primary
714757187,1,41.3127327,69.2787951,primary
714757188,0,41.3128714,69.2792163,primary
714757188,1,41.312876,69.2791856,primary
714757188,2,41.3128798,69.2791549,primary
714757188,3,41.3128819,69.279125,primary
714757188,4,41.3128822,69.2790953,primary
714757188,5,41.3128794,69.2790638,primary
714757188,6,41.3128744,69.2790328,primary
714757188,7,41.312867,69.2790038,primary
714757188,8,41.3128574,69.2789756,primary
714757188,9,41.3128464,69.2789485,primary
714757188,10,41.3128341,69.2789227,primary
714757188,11,41.3128215,69.2788989,primary
714757188,12,41.3128069,69.278876,primary
714757188,13,41.3127905,69.2788541,primary
714757188,14,41.3127728,69.2788339,primary
714757188,15,41.3127532,69.278814,primary
714757188,16,41.3127327,69.2787951,primary
714757189,0,41.3050484,69.2657943,primary
714757189,1,41.3051585,69.2656135,primary
714757190,0,41.3051585,69.2656135,primary
714757190,1,41.3050382,69.2655734,primary
714757191,0,41.2989687,69.2731616,primary
714757191,1,41.2991416,69.2729758,primary
714757191,2,41.2993579,69.2727434,primary
714757191,3,41.2995207,69.2725685,primary
714757191,4,41.300365,69.2716615,primary
714757191,5,41.3008879,69.2711031,primary
714757191,6,41.3013328,69.2706217,primary
714757191,7,41.3032282,69.2685853,primary
714757191,8,41.3033546,69.2684442,primary
714757191,9,41.3034844,69.2683031,primary
714757191,10,41.3037315,69.2680108,primary
714757191,11,41.3038412,69.2678748,primary
714757191,12,41.3039421,69.2677373,primary
714757191,13,41.3040434,69.2675912,primary
714757191,14,41.3041418,69.2674288,primary
714757191,15,41.3041761,69.2673695,primary
714757191,16,41.3042331,69.2672667,primary
714757191,17,41.3042623,69.2672142,primary
714757191,18,41.3048646,69.2661005,primary
714757191,19,41.3049711,69.2659231,primary
714757191,20,41.3050484,69.2657943,primary
714757192,0,41.2989687,69.2731616,primary
714757192,1,41.298892,69.2730463,primary
714757193,0,41.301148,69.2765139,primary
714757193,1,41.3010663,69.2763903,primary
714757196,0,41.3010663,69.2763903,primary
714757196,1,41.3009608,69.2762307,primary
714757196,2,41.3006923,69.2758013,primary
714757196,3,41.3000919,69.2748736,primary
714757196,4,41.299637,69.2741749,primary
714757196,5,41.2991252,69.2733972,primary
714757196,6,41.2989687,69.2731616,primary
714840095,0,41.3413192,69.370199,trunk
714840095,1,41.3412042,69.3708297,trunk
714840096,0,41.3381018,69.3782453,trunk
714840096,1,41.3379213,69.3783359,trunk
714840096,2,41.3377348,69.3784232,trunk
715359657,0,41.3337592,69.3778077,trunk
715359657,1,41.3335607,69.3776439,trunk
715359657,2,41.3319438,69.3763001,trunk
715359657,3,41.3312707,69.3757407,trunk
715359657,4,41.3310448,69.3755427,trunk
715359657,5,41.3309317,69.3754373,trunk
715359657,6,41.3308224,69.375331,trunk
715359657,7,41.3307161,69.3752188,trunk
715359657,8,41.3306131,69.3751049,trunk
715359657,9,41.3305152,69.3749867,trunk
715359657,10,41.3304202,69.3748645,trunk
715359657,11,41.3294682,69.3735587,trunk
715638065,0,41.3148156,69.1543715,trunk
715638065,1,41.3152825,69.1545682,trunk
717488576,0,41.2099073,69.2317378,primary
717488576,1,41.2099666,69.2318815,primary
717488578,0,41.213762,69.2407516,primary
717488578,1,41.2129307,69.2387343,primary
717488578,2,41.2127246,69.238234,primary
717488578,3,41.2126466,69.2380448,primary
717488578,4,41.212615,69.2379682,primary
717488578,5,41.2124938,69.2376741,primary
717488578,6,41.2123125,69.2372341,primary
717488578,7,41.212007,69.2364953,primary
717488578,8,41.2115675,69.2354266,primary
717488578,9,41.2115188,69.2353081,primary
717488578,10,41.2107607,69.2334686,primary
717488578,11,41.2101634,69.2320282,primary
717488578,12,41.2101378,69.2319665,primary
717488578,13,41.210068,69.2317981,primary
718849777,0,41.3000268,69.2907763,primary
718849777,1,41.2997582,69.2905216,primary
718871741,0,41.2999517,69.2908863,primary
718871741,1,41.3000444,69.2909768,primary
718871742,0,41.2994484,69.2903076,primary
718871742,1,41.2997452,69.2906652,primary
718871742,2,41.2999517,69.2908863,primary
721155320,0,41.3168697,69.231161,primary
721155320,1,41.3163854,69.2320018,primary
721155320,2,41.3162431,69.2322506,primary
721155320,3,41.3161037,69.2324883,primary
721155320,4,41.3159956,69.2326745,primary
721155320,5,41.3159521,69.2327494,primary
721155320,6,41.3156404,69.2332874,primary
723312209,0,41.3052674,69.2857325,primary
723312209,1,41.305376,69.2856206,primary
723312209,2,41.3058558,69.2851262,primary
723312209,3,41.3065771,69.284415,primary
723312209,4,41.3066205,69.2843691,primary
723312209,5,41.3067575,69.2842253,primary
723312210,0,41.3052076,69.285653,primary
723312210,1,41.3050859,69.2857645,primary
723312210,2,41.3043576,69.2864947,primary
723312210,3,41.3043187,69.2865317,primary
723312210,4,41.3033068,69.2874942,primary
723312210,5,41.3032385,69.2875593,primary
723312210,6,41.303157,69.2876368,primary
725349203,0,41.3286866,69.274527,primary
725349203,1,41.3287034,69.2744097,primary
725349204,0,41.3287034,69.2744097,primary
725349204,1,41.3285911,69.2743542,primary
725349205,0,41.3285911,69.2743542,primary
725349205,1,41.3285713,69.2744731,primary
726122441,0,41.3484415,69.2415004,trunk
726122441,1,41.3484531,69.2413448,trunk
726122442,0,41.3484349,69.2415821,trunk
726122442,1,41.3484415,69.2415004,trunk
726122443,0,41.3484198,69.2417505,trunk
726122443,1,41.3484349,69.2415821,trunk
726122444,0,41.3479868,69.2471394,trunk
726122444,1,41.3482082,69.2444363,trunk
726122444,2,41.3484126,69.2418383,trunk
726122444,3,41.3484198,69.2417505,trunk
726122445,0,41.348309,69.2417381,trunk
726122445,1,41.348272,69.2421856,trunk
726122445,2,41.3482103,69.2429303,trunk
726122445,3,41.3479472,69.2461212,trunk
726122445,4,41.3479113,69.2465566,trunk
726122445,5,41.3478957,69.2467398,trunk
726122446,0,41.3483228,69.2415704,trunk
726122446,1,41.348309,69.2417381,trunk
726122447,0,41.3483298,69.2414866,trunk
726122447,1,41.3483228,69.2415704,trunk
726122448,0,41.3483426,69.2413312,trunk
726122448,1,41.3483298,69.2414866,trunk
726122451,0,41.3417765,69.241915,primary
726122451,1,41.3418026,69.2416817,primary
726122451,2,41.3418223,69.2413713,primary
726122451,3,41.3418316,69.2412142,primary
726122451,4,41.341837,69.2411219,primary
726122451,5,41.3418503,69.240883,primary
726122451,6,41.3418685,69.2403921,primary
726122451,7,41.3418715,69.2403057,primary
726122451,8,41.3418822,69.2399928,primary
726122451,9,41.3418885,69.2397394,primary
726122451,10,41.3418927,69.2392906,primary
726122451,11,41.3418912,69.2388729,primary
726122451,12,41.341889,69.2385176,primary
726122451,13,41.3418837,69.2381268,primary
726122451,14,41.3418717,69.2375988,primary
726122451,15,41.34185,69.237,primary
726122451,16,41.3418463,69.2369322,primary
726122451,17,41.3418233,69.2364763,primary
726122451,18,41.3417929,69.2360213,primary
726122452,0,41.3417681,69.2420303,primary
726122452,1,41.3417765,69.241915,primary
726122453,0,41.3416215,69.242037,primary
726122453,1,41.3415969,69.2423057,primary
726122453,2,41.3415932,69.2423367,primary
726122453,3,41.3415214,69.2429552,primary
726122453,4,41.341417,69.2438541,primary
726122453,5,41.3413246,69.2445675,primary
726122453,6,41.3412834,69.2448861,primary
726122454,0,41.3416297,69.2419299,primary
726122454,1,41.3416215,69.242037,primary
726148799,0,41.3241957,69.4391987,trunk
726148799,1,41.3241088,69.4394416,trunk
726148800,0,41.3242886,69.4392612,trunk
726148800,1,41.3247071,69.4380735,trunk
726148800,2,41.3249437,69.4373488,trunk
726148800,3,41.3251651,69.4366136,trunk
726148800,4,41.32527,69.4362398,trunk
726148800,5,41.325364,69.43587,trunk
726148800,6,41.3254564,69.4354766,trunk
726148800,7,41.3255446,69.4350929,trunk
726148800,8,41.3256646,69.4345343,trunk
726148800,9,41.3257232,69.4342453,trunk
726148800,10,41.3260547,69.4324172,trunk
726148801,0,41.3242023,69.4395028,trunk
726148801,1,41.3242886,69.4392612,trunk
729010999,0,41.2867131,69.1945596,trunk
729010999,1,41.2869129,69.194552,trunk
729010999,2,41.2870046,69.1945482,trunk
729010999,3,41.2879641,69.1945088,trunk
729010999,4,41.2891542,69.1944658,trunk
729010999,5,41.2899005,69.1944388,trunk
729010999,6,41.290208,69.1944272,trunk
729010999,7,41.2902841,69.1944243,trunk
729010999,8,41.2905299,69.1944133,trunk
729010999,9,41.2914688,69.1943779,trunk
729010999,10,41.2918064,69.1943724,trunk
729010999,11,41.2918827,69.1943679,trunk
729010999,12,41.2919293,69.1943651,trunk
729010999,13,41.2920903,69.1943554,trunk
729066558,0,41.3595583,69.3378803,trunk
729066558,1,41.3593284,69.3381952,trunk
729066559,0,41.3569811,69.3422608,trunk
729066559,1,41.3572274,69.3418625,trunk
729066559,2,41.3574569,69.3415041,trunk
729066559,3,41.3575817,69.3413066,trunk
729066560,0,41.3597443,69.337838,trunk
729066560,1,41.3597942,69.3377704,trunk
729066560,2,41.3599783,69.3375207,trunk
729066561,0,41.3599663,69.3373214,trunk
729066561,1,41.359877,69.3374438,trunk
729066561,2,41.3596965,69.337691,trunk
729066561,3,41.3596383,69.3377708,trunk
730009738,0,41.2543211,69.1966812,primary
730009738,1,41.2543184,69.1968145,primary
730009738,2,41.2543139,69.1970417,primary
730009738,3,41.2542998,69.1976928,primary
732166149,0,41.322582,69.3138732,primary
732166149,1,41.3212751,69.3100694,primary
732166149,2,41.3212421,69.3099734,primary
732166149,3,41.3211418,69.3096327,primary
732166149,4,41.3210686,69.3093384,primary
732166149,5,41.3209946,69.3089843,primary
732968999,0,41.3482681,69.1732391,primary
732968999,1,41.3484471,69.1743316,primary
732968999,2,41.3484555,69.1743832,primary
732968999,3,41.3484697,69.1744689,primary
732968999,4,41.3484995,69.1746515,primary
732968999,5,41.348568,69.1750027,primary
732968999,6,41.3488208,69.176248,primary
732968999,7,41.3489342,69.1768119,primary
733304767,0,41.3260839,69.4245975,trunk
733304767,1,41.3260315,69.424172,trunk
733304767,2,41.3259748,69.4237448,trunk
733304767,3,41.3258237,69.4226724,trunk
733304767,4,41.325754,69.4221473,trunk
733304767,5,41.3254741,69.4201882,trunk
733304767,6,41.3252224,69.4184267,trunk
733304767,7,41.3251659,69.4180396,trunk
733304767,8,41.32486,69.415943,trunk
733304767,9,41.3246834,69.4147072,trunk
733304767,10,41.3246386,69.4144383,trunk
733304767,11,41.3245533,69.4139256,trunk
733304767,12,41.3244605,69.413368,trunk
733304767,13,41.3243446,69.4126423,trunk
733304767,14,41.3235837,69.4080966,trunk
733304767,15,41.3234567,69.4073299,trunk
733304767,16,41.321843,69.3975841,trunk
733304767,17,41.3218232,69.3974635,trunk
733304767,18,41.3210008,69.3924962,trunk
733304767,19,41.3208818,69.391767,trunk
733304767,20,41.3207738,69.3911224,trunk
733304767,21,41.3206728,69.3905375,trunk
733304767,22,41.3205631,69.3899545,trunk
733304767,23,41.3203564,69.3889786,trunk
733304767,24,41.3203313,69.3888596,trunk
733304767,25,41.3202537,69.3884805,trunk
733304768,0,41.3259499,69.4324098,trunk
733304768,1,41.3256131,69.4342477,trunk
733304768,2,41.3255638,69.4344919,trunk
733304768,3,41.3254434,69.4350523,trunk
733304768,4,41.3253582,69.4354264,trunk
733304768,5,41.3252664,69.4358005,trunk
733304768,6,41.3251676,69.436184,trunk
733304768,7,41.32506,69.4365699,trunk
733304768,8,41.3248403,69.437309,trunk
733304768,9,41.3246099,69.4380202,trunk
733304768,10,41.3241957,69.4391987,trunk
739714394,0,41.2544116,69.196682,primary
739714394,1,41.2544179,69.1958027,primary
739714394,2,41.2544218,69.195735,primary
739714394,3,41.254428,69.1956657,primary
739714394,4,41.2544351,69.1956128,primary
739714394,5,41.2544461,69.1955499,primary
739714394,6,41.2544656,69.195467,primary
739714394,7,41.254531,69.1951741,primary
739714394,8,41.2546006,69.1949388,primary
739714394,9,41.2547028,69.1946901,primary
739714394,10,41.2547851,69.1945167,primary
739714394,11,41.2548733,69.1943528,primary
739714394,12,41.2549632,69.1942084,primary
739714394,13,41.2550401,69.1940872,primary
739714394,14,41.2552509,69.1938366,primary
740879096,0,41.3064988,69.3434401,trunk
740879096,1,41.3065214,69.3436441,trunk
740879096,2,41.3066339,69.3446643,trunk
740879097,0,41.3070893,69.347793,trunk
740879097,1,41.3069475,69.3465147,trunk
740879097,2,41.3069146,69.3462182,trunk
740879097,3,41.3068595,69.345722,trunk
740879097,4,41.3067395,69.3446405,trunk
742205043,0,41.3221059,69.2748295,primary
742205043,1,41.3220203,69.2756587,primary
742205043,2,41.3220095,69.2757494,primary
742205043,3,41.3219601,69.2761808,primary
744308325,0,41.3475853,69.2161243,trunk
744308325,1,41.3477337,69.2162758,trunk
744308325,2,41.3478631,69.2164158,trunk
744308325,3,41.3492634,69.2178705,trunk
744308325,4,41.3495372,69.2181587,trunk
744308325,5,41.349817,69.2184411,trunk
744308326,0,41.3475106,69.2160479,trunk
744308326,1,41.3475853,69.2161243,trunk
744308327,0,41.3476957,69.216011,trunk
744308327,1,41.3476172,69.2159333,trunk
753814969,0,41.3061018,69.3395228,primary
753814969,1,41.3042575,69.3415182,primary
757769935,0,41.3071708,69.3495485,trunk
757769935,1,41.3073253,69.3507122,trunk
757769935,2,41.3074451,69.351549,trunk
757769935,3,41.3075362,69.3520995,trunk
757769935,4,41.3076347,69.3526431,trunk
757769935,5,41.307739,69.3531885,trunk
757769935,6,41.3078485,69.3537326,trunk
757769935,7,41.3080055,69.3544686,trunk
757769935,8,41.3081759,69.3551996,trunk
757769935,9,41.3083339,69.3558155,trunk
757769935,10,41.3084967,69.3564262,trunk
757769935,11,41.3087363,69.3572371,trunk
757769935,12,41.3089265,69.3578451,trunk
757769935,13,41.3091524,69.3585374,trunk
757769935,14,41.309615,69.3598988,trunk
757769935,15,41.3105526,69.3626281,trunk
757769935,16,41.3124243,69.3680895,trunk
757769935,17,41.3129045,69.3694732,trunk
757769935,18,41.3131981,69.3702954,trunk
757769935,19,41.3133977,69.3708545,trunk
757769935,20,41.3139103,69.3722213,trunk
757769935,21,41.3144448,69.3735755,trunk
757769935,22,41.3147136,69.3742359,trunk
757769935,23,41.3149902,69.3748953,trunk
757769935,24,41.3152859,69.3755698,trunk
757769935,25,41.3155598,69.3761947,trunk
757769935,26,41.3167156,69.378783,trunk
757769935,27,41.3171705,69.3798059,trunk
757769935,28,41.3174248,69.3803715,trunk
757769935,29,41.3176754,69.3809414,trunk
757769935,30,41.3179084,69.381486,trunk
757769935,31,41.318133,69.3820406,trunk
757769935,32,41.3183525,69.3825984,trunk
757769935,33,41.3185618,69.383157,trunk
757769935,34,41.3187693,69.383719,trunk
757769935,35,41.3189653,69.3842887,trunk
757769935,36,41.3191485,69.3848637,trunk
757769935,37,41.31933,69.3854395,trunk
757769935,38,41.3195017,69.386016,trunk
757769935,39,41.3196673,69.3865925,trunk
757769935,40,41.3198219,69.3871745,trunk
757769935,41,41.3199731,69.3877565,trunk
757769935,42,41.320055,69.388089,trunk
757769935,43,41.3200765,69.3881768,trunk
757769935,44,41.3201451,69.3884604,trunk
759622004,0,41.2514055,69.3552764,trunk
759622004,1,41.2511714,69.3550434,trunk
759622004,2,41.2507495,69.3545853,trunk
759622004,3,41.2502729,69.3540176,trunk
759622004,4,41.2500539,69.353736,trunk
759622004,5,41.2499722,69.3536257,trunk
759622004,6,41.2495296,69.3530283,trunk
759622004,7,41.2494316,69.3529028,trunk
759622004,8,41.2492976,69.3527311,trunk
759622004,9,41.2489494,69.3522132,trunk
759622004,10,41.2479573,69.350458,trunk
759622004,11,41.2475192,69.3496614,trunk
759622004,12,41.2471135,69.3488955,trunk
759622004,13,41.2470017,69.3486713,trunk
759622004,14,41.2468764,69.3484201,trunk
759622004,15,41.2466765,69.3479839,trunk
759622004,16,41.2465187,69.3475839,trunk
759622004,17,41.2464565,69.3474201,trunk
759622004,18,41.246302,69.3469822,trunk
759622004,19,41.2462336,69.3467393,trunk
759622004,20,41.2460727,69.3461558,trunk
759622004,21,41.2457706,69.3450184,trunk
759622004,22,41.2455552,69.3442022,trunk
759622004,23,41.2454532,69.3438231,trunk
759622004,24,41.245376,69.3435395,trunk
759622005,0,41.254323,69.3576711,trunk
759622005,1,41.2554456,69.3584394,trunk
759622005,2,41.2561913,69.3589494,trunk
759622005,3,41.2582535,69.36036,trunk
759622005,4,41.2586853,69.3606409,trunk
759622005,5,41.2592199,69.3610211,trunk
759622005,6,41.260032,69.3615766,trunk
759622005,7,41.2603476,69.3617925,trunk
759622005,8,41.2612978,69.3624425,trunk
759622005,9,41.2616996,69.3627173,trunk
759622005,10,41.261823,69.3628018,trunk
759622005,11,41.262784,69.3634568,trunk
759622005,12,41.2635853,69.3640017,trunk
759622006,0,41.2663429,69.3659511,trunk
759622006,1,41.2669064,69.3663612,trunk
759622006,2,41.2669571,69.3664118,trunk
759622006,3,41.2670036,69.3664667,trunk
759622006,4,41.2670498,69.3665251,trunk
759622006,5,41.2670816,69.3665672,trunk
759622007,0,41.2636543,69.3638597,trunk
759622007,1,41.2630285,69.3634327,trunk
759622007,2,41.2629403,69.3633707,trunk
759622007,3,41.2623992,69.3630008,trunk
759622007,4,41.2619245,69.3626817,trunk
759622007,5,41.2613204,69.3622747,trunk
759622007,6,41.2611876,69.3621853,trunk
759622007,7,41.2562594,69.3587819,trunk
759622007,8,41.2555153,69.3582771,trunk
759622007,9,41.2543653,69.357478,trunk
762084519,0,41.3205087,69.2634411,primary
762084519,1,41.3204766,69.2642563,primary
762084519,2,41.320468,69.2644367,primary
762084519,3,41.3204658,69.26454,primary
762084519,4,41.3204675,69.264565,primary
762084519,5,41.3204707,69.2645834,primary
762084519,6,41.3204755,69.2646017,primary
762084519,7,41.3204822,69.2646219,primary
762084519,8,41.3204901,69.2646417,primary
762084519,9,41.3205004,69.264661,primary
762084519,10,41.3205125,69.2646803,primary
766227526,0,41.3145976,69.2947579,primary
766227526,1,41.3145637,69.2946107,primary
770033112,0,41.2685264,69.2009667,primary
770033112,1,41.2683965,69.200898,primary
771694714,0,41.2533013,69.2165993,primary
771694714,1,41.2532413,69.2166508,primary
771694715,0,41.2533013,69.2165993,primary
771694715,1,41.2532354,69.2164562,primary
771694715,2,41.2528868,69.2157664,primary
771694716,0,41.2532413,69.2166508,primary
771694716,1,41.2533549,69.2168327,primary
772603011,0,41.2528868,69.2157664,primary
772603011,1,41.2527802,69.2155348,primary
777224752,0,41.3052814,69.3066984,primary
777224752,1,41.3051312,69.3071848,primary
779258394,0,41.3091183,69.3430949,trunk
779258394,1,41.3092036,69.3431944,trunk
779860582,0,41.2683361,69.2010458,primary
779860582,1,41.2684783,69.2011242,primary
779860582,2,41.2704233,69.2021993,primary
779860582,3,41.2708075,69.2024115,primary
779860583,0,41.2682506,69.2009987,primary
779860583,1,41.2683361,69.2010458,primary
779860587,0,41.2683965,69.200898,primary
779860587,1,41.2682793,69.200836,primary
779860590,0,41.2682793,69.200836,primary
779860590,1,41.2681986,69.2007933,primary
779860590,2,41.2665932,69.199944,primary
779860590,3,41.2646224,69.1988663,primary
779860590,4,41.2645166,69.1988084,primary
779860590,5,41.2644208,69.198756,primary
779860590,6,41.2627772,69.1978616,primary
779860590,7,41.261166,69.1969848,primary
779860590,8,41.2599572,69.1963469,primary
779860590,9,41.2595329,69.196123,primary
779860590,10,41.2593114,69.1960018,primary
779860590,11,41.2590942,69.1958751,primary
779860590,12,41.2588733,69.1957247,primary
779860590,13,41.2586562,69.195567,primary
779860590,14,41.2584413,69.1953967,primary
779860590,15,41.2582311,69.1952208,primary
779860590,16,41.2580489,69.1950563,primary
779860590,17,41.2579203,69.1949323,primary
779860590,18,41.2578721,69.1948859,primary
779860590,19,41.2577422,69.1947495,primary
779860590,20,41.2576147,69.1946121,primary
779860590,21,41.2574882,69.1944698,primary
779860590,22,41.2573638,69.194323,primary
779860590,23,41.2572954,69.1942393,primary
779860590,24,41.2572285,69.1941544,primary
779860590,25,41.2571631,69.1940694,primary
779860590,26,41.2570982,69.1939816,primary
779860590,27,41.2570161,69.1938677,primary
779860590,28,41.2569369,69.1937512,primary
779860590,29,41.2568598,69.1936342,primary
779860590,30,41.2567829,69.193516,primary
779860590,31,41.2537374,69.1885252,primary
780413142,0,41.3000299,69.3466173,trunk
780413142,1,41.2998275,69.3469511,trunk
780413142,2,41.2998,69.3469925,trunk
780413142,3,41.2997177,69.3471266,trunk
780413142,4,41.2995408,69.3474166,trunk
780413142,5,41.2983927,69.3492993,trunk
780413142,6,41.2980612,69.3498428,trunk
780413142,7,41.2974206,69.3508932,trunk
780413142,8,41.2970942,69.3514095,trunk
780413142,9,41.296788,69.3518618,trunk
780413142,10,41.2965406,69.3522037,trunk
780413142,11,41.2963599,69.3524351,trunk
780413142,12,41.2961737,69.352653,trunk
780413142,13,41.2961112,69.3527249,trunk
780413142,14,41.296066,69.3527763,trunk
780413142,15,41.2960029,69.3528391,trunk
780413142,16,41.2959146,69.3529223,trunk
780413142,17,41.2956533,69.3531731,trunk
780413142,18,41.2953502,69.3534612,trunk
780413142,19,41.2932783,69.3554302,trunk
780413143,0,41.3108617,69.3458848,trunk
780413143,1,41.3114773,69.3469982,trunk
780556233,0,41.3094712,69.3360331,primary
780556233,1,41.3094923,69.3360052,primary
780556233,2,41.3095587,69.3359171,primary
780556233,3,41.3096126,69.3358403,primary
780556233,4,41.3096478,69.3357929,primary
780556233,5,41.3102356,69.3349993,primary
780556233,6,41.3107185,69.3343564,primary
780556233,7,41.3108968,69.3341191,primary
780556233,8,41.3115284,69.3332783,primary
780556233,9,41.3118318,69.3328743,primary
780556233,10,41.3120768,69.3324789,primary
780556233,11,41.3122211,69.332246,primary
780556234,0,41.308278,69.3373279,primary
780556234,1,41.3092775,69.3362299,primary
780556234,2,41.3094712,69.3360331,primary
780556235,0,41.3043198,69.3416623,primary
780556235,1,41.308278,69.3373279,primary
780556240,0,41.3036861,69.3178476,primary
780556240,1,41.3036288,69.3175954,primary
780556240,2,41.3035913,69.3174018,primary
780556240,3,41.3035594,69.3172081,primary
780556240,4,41.3035327,69.3170145,primary
780556240,5,41.3035212,69.3169176,primary
780556240,6,41.3035116,69.3168208,primary
780556240,7,41.3035041,69.3167237,primary
780556240,8,41.3035002,69.3166266,primary
780556240,9,41.3034945,69.3165283,primary
780556240,10,41.3034916,69.3164312,primary
780556240,11,41.3034908,69.3163357,primary
780556240,12,41.3034919,69.3162414,primary
780556240,13,41.3034923,69.3161427,primary
780556240,14,41.3034953,69.3160422,primary
780556240,15,41.3034986,69.3159448,primary
780556240,16,41.3035067,69.3158338,primary
780556240,17,41.3035179,69.315711,primary
780556240,18,41.3035396,69.3155303,primary
780556240,19,41.3035588,69.3153954,primary
780556240,20,41.3035779,69.3152635,primary
780556240,21,41.303599,69.3151355,primary
780556240,22,41.3036223,69.3150074,primary
780556240,23,41.3036516,69.314854,primary
780556242,0,41.3058005,69.3361807,trunk
780556242,1,41.3055932,69.3343128,trunk
780556243,0,41.3056994,69.3362018,trunk
780556243,1,41.3063119,69.3417469,trunk
780556243,2,41.3063731,69.3423012,trunk
780556243,3,41.3064988,69.3434401,trunk
780559979,0,41.3066339,69.3446643,trunk
780559979,1,41.3069131,69.3471905,trunk
780559979,2,41.3071708,69.3495485,trunk
780559980,0,41.3067395,69.3446405,trunk
780559980,1,41.3066044,69.3434237,trunk
780756574,0,41.3037814,69.3422689,trunk
780756574,1,41.3043235,69.3418487,trunk
781195598,0,41.3055545,69.3397173,trunk
781195598,1,41.3054927,69.3398473,trunk
781195598,2,41.305422,69.3399738,trunk
781195598,3,41.3053454,69.3400863,trunk
781195816,0,41.3051658,69.3409274,trunk
781195816,1,41.3055482,69.3404948,trunk
781195816,2,41.305618,69.3404343,trunk
781195816,3,41.3056898,69.3403799,trunk
781195816,4,41.305793,69.3403123,trunk
781195816,5,41.305846,69.3402839,trunk
781195816,6,41.3058994,69.3402568,trunk
781195816,7,41.305967,69.3402281,trunk
781692485,0,41.3247534,69.4159793,trunk
781692485,1,41.3251135,69.4184389,trunk
781692485,2,41.3253367,69.4200125,trunk
781692485,3,41.3256423,69.4221674,trunk
781692485,4,41.3257167,69.4227069,trunk
781692485,5,41.3257978,69.4232897,trunk
781692485,6,41.3260075,69.4248713,trunk
781692485,7,41.3260826,69.4254498,trunk
781698665,0,41.305967,69.3402281,trunk
781698665,1,41.3060813,69.3401847,trunk
781698665,2,41.3061758,69.34016,trunk
781698665,3,41.3062824,69.3401488,trunk
781698665,4,41.3063522,69.3401555,trunk
781698665,5,41.3064323,69.3401716,trunk
781698665,6,41.3065136,69.3402002,trunk
781719323,0,41.3065136,69.3402002,trunk
781719323,1,41.3065683,69.3402358,trunk
781719323,2,41.3066228,69.3402754,trunk
781719323,3,41.3066967,69.3403355,trunk
781719323,4,41.3067672,69.3404002,trunk
781719323,5,41.3068373,69.3404693,trunk
781719323,6,41.3069071,69.3405405,trunk
781719323,7,41.3069695,69.3406061,trunk
781719323,8,41.3070263,69.3406698,trunk
781719323,9,41.3073123,69.3410047,trunk
781786547,0,41.3071468,69.3405708,trunk
781786547,1,41.3070593,69.3404611,trunk
781786547,2,41.3070163,69.3404026,trunk
781786547,3,41.3069753,69.340342,trunk
781786547,4,41.3069396,69.3402844,trunk
781786547,5,41.3069074,69.340225,trunk
781786547,6,41.3067231,69.3397595,trunk
781786547,7,41.3066761,69.3396633,trunk
781786547,8,41.3066229,69.3395692,trunk
782061446,0,41.3109857,69.3457785,trunk
782061446,1,41.3107768,69.3454122,trunk
782061446,2,41.3107268,69.3453246,trunk
782061446,3,41.3106292,69.3451534,trunk
782061446,4,41.3101364,69.3442894,trunk
782061446,5,41.3099491,69.3439535,trunk
782061446,6,41.3098415,69.3437792,trunk
782061446,7,41.3097317,69.3436123,trunk
782061446,8,41.3096199,69.3434482,trunk
782061446,9,41.3094955,69.3432842,trunk
782061446,10,41.3093415,69.3430957,trunk
782082097,0,41.3122211,69.332246,primary
782082097,1,41.3124855,69.3318988,primary
782082097,2,41.3127402,69.3315643,primary
782082097,3,41.3128574,69.3314111,primary
782082097,4,41.3129333,69.331312,primary
782082098,0,41.3121073,69.3321208,primary
782082098,1,41.3118469,69.3325842,primary
782082098,2,41.3117171,69.3328177,primary
782082098,3,41.3114187,69.3332213,primary
782082098,4,41.310822,69.3340283,primary
782082098,5,41.3107888,69.3340733,primary
782082098,6,41.3101872,69.3348758,primary
782082098,7,41.3097381,69.3354747,primary
782082098,8,41.3096309,69.3356177,primary
782082098,9,41.309582,69.3356744,primary
782082098,10,41.3095487,69.3357131,primary
782082098,11,41.3095115,69.3357563,primary
784005512,0,41.2857393,69.2537147,primary
784005512,1,41.2857443,69.2536752,primary
784005512,2,41.285754,69.2536421,primary
784005512,3,41.285766,69.253609,primary
784005512,4,41.2857895,69.2535732,primary
784005512,5,41.2858099,69.2535408,primary
784005512,6,41.2858509,69.2535021,primary
784005513,0,41.2901469,69.2513854,primary
784005513,1,41.2898357,69.2515218,primary
784005513,2,41.2892802,69.2517742,primary
784005513,3,41.2891392,69.2518353,primary
784005513,4,41.2886055,69.2520664,primary
784005513,5,41.2882253,69.2522311,primary
784005513,6,41.288096,69.2522871,primary
784005513,7,41.2872926,69.2526405,primary
784005513,8,41.2868243,69.2528465,primary
784005513,9,41.2865504,69.252967,primary
784005513,10,41.2857558,69.2533445,primary
784005513,11,41.2856616,69.253385,primary
784005513,12,41.2856166,69.2534043,primary
784005513,13,41.2854185,69.2534894,primary
784168515,0,41.3058037,69.3397189,trunk
784168515,1,41.3058211,69.3397697,trunk
784168515,2,41.3058413,69.3398179,trunk
784168515,3,41.3058671,69.3398613,trunk
784168515,4,41.305896,69.3399014,trunk
784168515,5,41.305929,69.3399344,trunk
784168515,6,41.3059642,69.3399649,trunk
784774992,0,41.3095115,69.3357563,primary
784774992,1,41.3092425,69.3360959,primary
784774992,2,41.3082107,69.337189,primary
788908000,0,41.284474,69.2150629,primary
788908000,1,41.2854947,69.2162041,primary
788908001,0,41.2854947,69.2162041,primary
788908001,1,41.28613,69.2169144,primary
788908001,2,41.2875709,69.2185252,primary
788908002,0,41.2855786,69.2160888,primary
788908002,1,41.2845539,69.2149399,primary
791871568,0,41.2677713,69.2672943,primary
791871568,1,41.2678046,69.2673022,primary
791871568,2,41.2678379,69.2673055,primary
791871568,3,41.2678703,69.267306,primary
791871568,4,41.2679021,69.2673009,primary
791871568,5,41.2679289,69.2672897,primary
791871568,6,41.2679611,69.2672705,primary
791871568,7,41.267997,69.2672402,primary
791871568,8,41.2680278,69.2671993,primary
791871568,9,41.268055,69.2671513,primary
791871568,10,41.2680741,69.2670944,primary
791871568,11,41.2680879,69.2670293,primary
791871568,12,41.2680947,69.2669479,primary
791871568,13,41.2680935,69.266903,primary
791871568,14,41.2680886,69.2668692,primary
791871570,0,41.3453994,69.2062247,primary
791871570,1,41.3453295,69.2064749,primary
791871570,2,41.3452335,69.2067407,primary
791871570,3,41.3451833,69.2068599,primary
791871570,4,41.3451585,69.2069041,primary
791871570,5,41.34507,69.2070561,primary
791871571,0,41.3493456,69.1784828,primary
791871571,1,41.349334,69.1783857,primary
791871571,2,41.3493235,69.1783199,primary
791871571,3,41.3491731,69.1775895,primary
791871571,4,41.3491412,69.1774349,primary
791871571,5,41.3490083,69.1767877,primary
791871571,6,41.3488926,69.1762249,primary
791871571,7,41.3485756,69.1746825,primary
791871571,8,41.3485663,69.1746374,primary
791871571,9,41.3485333,69.1744641,primary
791871571,10,41.3485191,69.1743827,primary
791871571,11,41.3484118,69.1737675,primary
791871571,12,41.3483761,69.1735625,primary
791871571,13,41.3483371,69.173244,primary
791871571,14,41.3483375,69.1731392,primary
791871571,15,41.3483388,69.1727464,primary
791871571,16,41.3483393,69.1726121,primary
791871571,17,41.3483409,69.1721308,primary
791871571,18,41.3483412,69.1720301,primary
791871571,19,41.348344,69.1712052,primary
791871571,20,41.3483444,69.1711051,primary
791871571,21,41.3483462,69.1705676,primary
791871571,22,41.3483465,69.1704899,primary
791871571,23,41.3483468,69.1703841,primary
791871571,24,41.3483476,69.1701545,primary
791871571,25,41.3483478,69.1701029,primary
791871571,26,41.3483484,69.1699232,primary
791871571,27,41.3483486,69.1698588,primary
791871571,28,41.348349,69.1697662,primary
791871571,29,41.3483492,69.1696895,primary
791871571,30,41.3483536,69.1688664,primary
791871571,31,41.3483597,69.1677208,primary
791871571,32,41.348357,69.1676725,primary
791871571,33,41.3483577,69.1672087,primary
791871571,34,41.3483575,69.1667023,primary
791871571,35,41.3483615,69.1660792,primary
791871571,36,41.3483617,69.1660141,primary
791871571,37,41.3483592,69.165515,primary
791871575,0,41.3482886,69.1658962,primary
791871575,1,41.3482883,69.1660099,primary
791871575,2,41.3482888,69.166255,primary
791871575,3,41.3482868,69.1667857,primary
791871575,4,41.348285,69.1672094,primary
791871575,5,41.3482813,69.1685614,primary
791871575,6,41.3482807,69.1687925,primary
791871575,7,41.3482785,69.169535,primary
791871575,8,41.348278,69.169689,primary
791871575,9,41.3482779,69.1697636,primary
791871575,10,41.3482768,69.1701036,primary
791871575,11,41.3482764,69.1702551,primary
791871575,12,41.3482761,69.1703844,primary
791871575,13,41.3482636,69.1710585,primary
791871575,14,41.3482681,69.1732391,primary
792950963,0,41.2931151,69.2508259,primary
792950963,1,41.2932795,69.2508265,primary
792950963,2,41.2936147,69.2508278,primary
792950963,3,41.293714,69.2508282,primary
792988832,0,41.293714,69.2508282,primary
792988832,1,41.293771,69.2508284,primary
792988832,2,41.2939332,69.250829,primary
792988832,3,41.2942386,69.2508302,primary
792988832,4,41.2943443,69.2508259,primary
792988832,5,41.29445,69.2508178,primary
792988832,6,41.2954896,69.250581,primary
792988832,7,41.2956767,69.2505425,primary
792988832,8,41.2962283,69.2504287,primary
792988832,9,41.2967178,69.2503284,primary
792988832,10,41.2970152,69.2502673,primary
792988832,11,41.2973045,69.2501845,primary
792988833,0,41.2937436,69.2506456,primary
792988833,1,41.2933999,69.2506452,primary
792988833,2,41.2932819,69.2506451,primary
792988833,3,41.2931432,69.2506449,primary
792988837,0,41.3653263,69.2868211,primary
792988837,1,41.3654637,69.2867167,primary
792988837,2,41.3656961,69.2865402,primary
792988837,3,41.3661363,69.2862059,primary
792988837,4,41.3662804,69.2861175,primary
792988837,5,41.3664182,69.2860464,primary
792988837,6,41.3667453,69.2859595,primary
792988837,7,41.3668281,69.2859369,primary
792988837,8,41.3670358,69.2858803,primary
792988839,0,41.3658396,69.2914957,primary
792988839,1,41.3659616,69.2916433,primary
792988839,2,41.3660874,69.2917833,primary
792988839,3,41.3663424,69.2920295,primary
792988839,4,41.3665386,69.2922183,primary
792988841,0,41.3631694,69.2978866,primary
792988841,1,41.3629669,69.2982238,primary
792988841,2,41.3629007,69.2983336,primary
792988841,3,41.3622824,69.2993603,primary
792988841,4,41.3621656,69.2995543,primary
792988841,5,41.3614986,69.3006618,primary
792988841,6,41.3614105,69.3008081,primary
792988841,7,41.3606012,69.3021519,primary
792988841,8,41.3605515,69.3022344,primary
792988841,9,41.3601824,69.3028472,primary
792988841,10,41.359976,69.3031899,primary
792988841,11,41.3597641,69.3035418,primary
792988841,12,41.3596806,69.3036804,primary
792988841,13,41.3595046,69.3039726,primary
792988841,14,41.3593972,69.3041509,primary
792988841,15,41.3589244,69.3049359,primary
792988841,16,41.3579401,69.3065701,primary
792988841,17,41.3575082,69.3072872,primary
792988841,18,41.3567545,69.3085385,primary
792988841,19,41.3567449,69.3085545,primary
792988841,20,41.3563191,69.3092481,primary
792988841,21,41.3561723,69.3094874,primary
792988841,22,41.3561524,69.3095197,primary
792988841,23,41.3560749,69.309646,primary
792988845,0,41.3684266,69.2931702,primary
792988845,1,41.3679835,69.2929542,primary
792988847,0,41.3672864,69.286437,primary
792988847,1,41.3672789,69.2865485,primary
792988847,2,41.3672325,69.287243,primary
792988847,3,41.3672025,69.2876923,primary
792988847,4,41.3671929,69.2878351,primary
792988847,5,41.3671369,69.2886727,primary
793004434,0,41.2269169,69.2198652,primary
793004434,1,41.2270167,69.2198043,primary
793004434,2,41.2274586,69.2195352,primary
793004434,3,41.2277375,69.2193608,primary
793004434,4,41.2285427,69.2188808,primary
793004434,5,41.2288871,69.2186649,primary
793004434,6,41.2297019,69.2181535,primary
793004434,7,41.2297644,69.2181142,primary
793004434,8,41.2301058,69.217882,primary
793004434,9,41.2306757,69.2175265,primary
793004434,10,41.2307696,69.2174641,primary
793004434,11,41.2310383,69.2172873,primary
793004434,12,41.2318558,69.2167701,primary
793004434,13,41.2322423,69.2165322,primary
793004434,14,41.2325154,69.216367,primary
793004434,15,41.232693,69.2162561,primary
793004434,16,41.2328733,69.2161434,primary
793004434,17,41.2333246,69.2158659,primary
793004434,18,41.2333609,69.2158436,primary
793004434,19,41.233597,69.2156985,primary
793004434,20,41.2341295,69.2153711,primary
793004434,21,41.2352408,69.2146906,primary
793004434,22,41.2353021,69.214653,primary
793004434,23,41.2356564,69.2144419,primary
793004434,24,41.2359579,69.2142629,primary
793004434,25,41.2361659,69.21415,primary
793004434,26,41.2362718,69.2140983,primary
793004434,27,41.2363772,69.2140516,primary
793004434,28,41.236485,69.2140134,primary
793004434,29,41.2365949,69.2139834,primary
793004434,30,41.2367033,69.2139584,primary
793004434,31,41.2368161,69.2139391,primary
793004434,32,41.2370307,69.2139146,primary
793004434,33,41.2372482,69.2139036,primary
793004434,34,41.2373874,69.2139034,primary
793004434,35,41.2374642,69.2139033,primary
793004434,36,41.2376802,69.2139129,primary
793004434,37,41.2377912,69.2139286,primary
793004434,38,41.2379022,69.2139492,primary
793004434,39,41.2380098,69.2139745,primary
793004434,40,41.238126,69.2140059,primary
793004434,41,41.2382333,69.214041,primary
793004434,42,41.2383406,69.2140819,primary
793004434,43,41.2384469,69.2141286,primary
793004434,44,41.2385531,69.2141781,primary
793004434,45,41.2386071,69.214203,primary
793004434,46,41.2386611,69.214228,primary
793004434,47,41.2387703,69.2142847,primary
793004434,48,41.2388761,69.2143482,primary
793004434,49,41.2389818,69.2144179,primary
793004434,50,41.2390811,69.2144898,primary
793004434,51,41.2391803,69.2145637,primary
793004434,52,41.2392795,69.2146463,primary
793004434,53,41.2393774,69.2147278,primary
793004434,54,41.2394985,69.2148439,primary
793004434,55,41.2402026,69.2155147,primary
793004434,56,41.2403015,69.2156077,primary
793004434,57,41.2407276,69.2160082,primary
793004438,0,41.2960886,69.2689058,primary
793004438,1,41.2961019,69.2688315,primary
793004438,2,41.2961015,69.26876,primary
793004438,3,41.2960962,69.268697,primary
793004438,4,41.2960834,69.2686318,primary
793004438,5,41.296062,69.2685656,primary
793004438,6,41.2960341,69.2685069,primary
793004438,7,41.2959978,69.2684578,primary
793004438,8,41.2959538,69.2684168,primary
793004439,0,41.2957541,69.2683919,primary
793004439,1,41.2957213,69.268407,primary
793004439,2,41.2956856,69.2684275,primary
793004440,0,41.3015713,69.2771558,primary
793004440,1,41.3012958,69.2767375,primary
793004440,2,41.3012691,69.2766972,primary
793004440,3,41.3012293,69.276637,primary
793004440,4,41.301148,69.2765139,primary
793004441,0,41.3028804,69.2791324,primary
793004441,1,41.302778,69.279252,primary
793030227,0,41.1681287,69.1260311,primary
793030227,1,41.1678888,69.1258161,primary
793030227,2,41.167549,69.1255289,primary
793030227,3,41.1672825,69.1253253,primary
793030227,4,41.1667399,69.124971,primary
793030227,5,41.1661802,69.124676,primary
793030227,6,41.1658283,69.1244918,primary
793030227,7,41.1646412,69.123921,primary
793030227,8,41.1636664,69.1234876,primary
793030227,9,41.1628783,69.1231087,primary
793030227,10,41.1622274,69.122698,primary
793030228,0,41.168865,69.1268364,primary
793030228,1,41.1691396,69.127105,primary
793030228,2,41.1700104,69.1279206,primary
793030228,3,41.1703633,69.1282556,primary
793030228,4,41.1707831,69.1286409,primary
793030228,5,41.1713512,69.1291624,primary
793030228,6,41.1721029,69.1298495,primary
793030228,7,41.1731067,69.1307795,primary
793030228,8,41.1736775,69.1313029,primary
793030228,9,41.1742506,69.1318462,primary
793030228,10,41.1744674,69.1320509,primary
793030228,11,41.1746404,69.132226,primary
793030228,12,41.1748858,69.1324916,primary
793030228,13,41.1766144,69.1344879,primary
793030228,14,41.1783109,69.1364539,primary
793030228,15,41.1801399,69.1388197,primary
793030228,16,41.1804518,69.139217,primary
793030228,17,41.1806449,69.1394493,primary
793030228,18,41.1809687,69.1398466,primary
793030228,19,41.1812728,69.1401706,primary
793030228,20,41.1831784,69.1419367,primary
793030228,21,41.1842854,69.14297,primary
793030228,22,41.1849927,69.1436302,primary
793030228,23,41.1852078,69.1438184,primary
793030228,24,41.1859684,69.14445,primary
793030228,25,41.1866634,69.1450383,primary
793030228,26,41.1878843,69.1460611,primary
793030228,27,41.188226,69.1463535,primary
793030228,28,41.1883861,69.1465077,primary
793030228,29,41.1885409,69.1466744,primary
793030228,30,41.1887283,69.1468876,primary
793030228,31,41.1889104,69.1471079,primary
793030228,32,41.1892573,69.1475063,primary
793030228,33,41.1893797,69.1476561,primary
793030228,34,41.1906756,69.1491985,primary
793030228,35,41.1921277,69.1509357,primary
793030228,36,41.1931669,69.1521397,primary
793030230,0,41.2549471,69.2152702,primary
793030230,1,41.254558,69.2154646,primary
793030230,2,41.254439,69.2155301,primary
793030230,3,41.254324,69.2156069,primary
793030230,4,41.2542091,69.2156937,primary
793030230,5,41.2541021,69.2157804,primary
793030230,6,41.2534262,69.216471,primary
793030230,7,41.2533013,69.2165993,primary
793030231,0,41.2607227,69.2274311,trunk
793030231,1,41.2607348,69.2272372,trunk
793030231,2,41.2607718,69.2270057,trunk
793030239,0,41.3218896,69.2460174,primary
793030239,1,41.3219109,69.2457252,primary
793030239,2,41.3219479,69.2452332,primary
793030239,3,41.3219895,69.2446278,primary
793030239,4,41.3220021,69.2444443,primary
793030239,5,41.3220333,69.2439903,primary
793030239,6,41.3220675,69.2434792,primary
794674384,0,41.4037303,69.2027135,primary
794674384,1,41.4034973,69.2027954,primary
794674384,2,41.4033129,69.2028578,primary
794674385,0,41.4037264,69.2028224,primary
794674385,1,41.4039704,69.2027481,primary
794674385,2,41.4041548,69.2026993,primary
794674388,0,41.3548577,69.2264855,primary
794674388,1,41.3541748,69.2266599,primary
794674388,2,41.3539623,69.2267142,primary
794674388,3,41.3529406,69.2269751,primary
794674388,4,41.3527116,69.2270058,primary
794674388,5,41.3524899,69.2270233,primary
794674388,6,41.3522527,69.2270209,primary
794674388,7,41.352054,69.2270168,primary
794674388,8,41.3517524,69.2270107,primary
794674388,9,41.3499122,69.2269932,primary
794674388,10,41.3497902,69.2270151,primary
794674388,11,41.3496514,69.2270601,primary
794674389,0,41.328125,69.2396403,primary
794674389,1,41.3271155,69.2402884,primary
794674389,2,41.3258909,69.2410895,primary
794683298,0,41.3327878,69.2184425,primary
794683298,1,41.3328666,69.218302,primary
794683299,0,41.3327878,69.2184425,primary
794683299,1,41.3328705,69.2185257,primary
794683299,2,41.332953,69.2186087,primary
794683299,3,41.3330669,69.2187234,primary
794683299,4,41.3332584,69.218916,primary
794683300,0,41.3304287,69.2222806,primary
794683300,1,41.3303314,69.2224525,primary
794683300,2,41.3302313,69.2226246,primary
794683300,3,41.3287023,69.2253188,primary
794683300,4,41.3282886,69.2259828,primary
794683300,5,41.328234,69.2260778,primary
794683300,6,41.3275052,69.2274266,primary
794683300,7,41.3270084,69.228301,primary
794683300,8,41.3269861,69.2283395,primary
794683300,9,41.3267817,69.228692,primary
794683300,10,41.326645,69.2289337,primary
794683300,11,41.3265951,69.229022,primary
794683300,12,41.3264356,69.2293041,primary
794683300,13,41.3262333,69.2296619,primary
794683300,14,41.3258524,69.2303353,primary
794683300,15,41.3254026,69.2311307,primary
794683301,0,41.3327571,69.2181911,primary
794683301,1,41.3326772,69.2183313,primary
794683302,0,41.3384903,69.2234895,primary
794683302,1,41.33853,69.2234085,primary
794683302,2,41.3385721,69.2233161,primary
794683302,3,41.3386182,69.2232065,primary
794683302,4,41.3386597,69.2230944,primary
794683302,5,41.3386938,69.2229941,primary
794683302,6,41.3387243,69.2228937,primary
794683302,7,41.3388434,69.2224308,primary
794683302,8,41.3388609,69.2223524,primary
794683303,0,41.34102,69.2311802,primary
794683303,1,41.3410674,69.2313947,primary
794683303,2,41.3411125,69.231629,primary
794683303,3,41.3411444,69.2318043,primary
794683303,4,41.3411964,69.2320981,primary
794683303,5,41.3412371,69.2323337,primary
794683303,6,41.341274,69.232578,primary
794683303,7,41.3413126,69.2328223,primary
794683303,8,41.3413811,69.2332895,primary
794683303,9,41.3414463,69.2337568,primary
794683303,10,41.3415007,69.2341873,primary
794683304,0,41.3379764,69.2240177,primary
794683304,1,41.3378748,69.2241474,primary
794683304,2,41.3377459,69.2243097,primary
794683304,3,41.3375102,69.2245928,primary
794683304,4,41.337049,69.2251305,primary
794683304,5,41.336793,69.2254167,primary
794683304,6,41.3364989,69.2257408,primary
794683304,7,41.3362285,69.2260581,primary
794683304,8,41.3360692,69.2262375,primary
794683304,9,41.3358962,69.2264375,primary
794683304,10,41.3358464,69.2264943,primary
794683304,11,41.3357153,69.2266442,primary
794683304,12,41.3352711,69.2271376,primary
794683304,13,41.3347711,69.2276929,primary
794683304,14,41.3346463,69.2278264,primary
794683304,15,41.333963,69.228598,primary
794683304,16,41.3336446,69.2289574,primary
794683304,17,41.333133,69.2295351,primary
794683304,18,41.3330786,69.2296024,primary
794683304,19,41.3326599,69.230064,primary
794683304,20,41.3325533,69.2301849,primary
794683304,21,41.3319309,69.2309312,primary
794683304,22,41.3310047,69.2320412,primary
794683304,23,41.3309709,69.2320861,primary
794683304,24,41.3305726,69.2326144,primary
794683304,25,41.3304753,69.2327624,primary
794683305,0,41.3379764,69.2240177,primary
794683305,1,41.3378665,69.223844,primary
794683305,2,41.3375828,69.2234065,primary
794683305,3,41.3372784,69.2230421,primary
794683306,0,41.3455199,69.2058136,primary
794683306,1,41.3453994,69.2062247,primary
794683307,0,41.3456797,69.2052385,primary
794683307,1,41.3455747,69.2056085,primary
794683307,2,41.3455199,69.2058136,primary
794683309,0,41.3356912,69.1639949,trunk
794683309,1,41.3363381,69.1641478,trunk
794683309,2,41.3366658,69.1642091,trunk
794683309,3,41.3369864,69.1642668,trunk
794683309,4,41.3372004,69.1643048,trunk
794683309,5,41.337413,69.1643371,trunk
794683309,6,41.3382323,69.1644256,trunk
794683309,7,41.3384243,69.164443,trunk
794683309,8,41.3388741,69.1644837,trunk
794683309,9,41.3390362,69.1644984,trunk
794683310,0,41.3390362,69.1644984,trunk
794683310,1,41.3397622,69.1645443,trunk
794683310,2,41.339948,69.1645561,trunk
794683310,3,41.3402581,69.1645757,trunk
794683310,4,41.3411046,69.1646292,trunk
794683310,5,41.3432962,69.1647678,trunk
794683310,6,41.3438776,69.1647971,trunk
794683310,7,41.3441657,69.1648297,trunk
794683310,8,41.3444007,69.1648562,trunk
794683310,9,41.3454059,69.1649698,trunk
794683310,10,41.3459325,69.1650509,trunk
794683310,11,41.3464728,69.1651498,trunk
794683310,12,41.3479741,69.1654248,trunk
794683310,13,41.3480429,69.1654373,trunk
794683310,14,41.3482842,69.1654965,trunk
794683311,0,41.3390464,69.1642888,trunk
794683311,1,41.3389592,69.1642818,trunk
794683311,2,41.3387182,69.1642626,trunk
794683311,3,41.3385057,69.1642456,trunk
794683311,4,41.3383913,69.1642364,trunk
794683311,5,41.3374506,69.1641582,trunk
794683311,6,41.3372216,69.1641305,trunk
794683311,7,41.3369951,69.1640994,trunk
794683311,8,41.3366539,69.164035,trunk
794683311,9,41.336315,69.1639593,trunk
794683311,10,41.3356349,69.1637837,trunk
794683311,11,41.3354909,69.1637393,trunk
794683311,12,41.3353442,69.1636902,trunk
794683311,13,41.3351402,69.1636178,trunk
794683311,14,41.334947,69.1635407,trunk
794683311,15,41.3347636,69.16347,trunk
794683311,16,41.334372,69.1633006,trunk
794683311,17,41.3340395,69.1631493,trunk
794683311,18,41.333978,69.1631213,trunk
794683311,19,41.333655,69.1629693,trunk
794683311,20,41.3333787,69.1628274,trunk
794683311,21,41.3330708,69.1626634,trunk
794683311,22,41.3328364,69.1625199,trunk
794683311,23,41.3319969,69.1619868,trunk
794683312,0,41.3302226,69.161081,trunk
794683312,1,41.331116,69.1616407,trunk
794683312,2,41.3311959,69.1616959,trunk
794683312,3,41.3313099,69.1617665,trunk
794683312,4,41.3313311,69.1617803,trunk
794683312,5,41.3313733,69.1618077,trunk
794683312,6,41.3315897,69.1619481,trunk
794683312,7,41.3316532,69.161989,trunk
794683312,8,41.3320203,69.1622286,trunk
794683312,9,41.3326568,69.1626361,trunk
794683312,10,41.3327392,69.1626889,trunk
794683312,11,41.3328159,69.1627356,trunk
794683312,12,41.3329808,69.162836,trunk
794683312,13,41.3332257,69.1629696,trunk
794683312,14,41.3336501,69.1631935,trunk
794683312,15,41.3338661,69.163294,trunk
794683312,16,41.3341049,69.163405,trunk
794683312,17,41.3346558,69.1636365,trunk
794683312,18,41.3347135,69.1636575,trunk
794683312,19,41.3353338,69.1638903,trunk
794683312,20,41.3355117,69.1639448,trunk
794683312,21,41.3356912,69.1639949,trunk
794683314,0,41.3309873,69.1613536,trunk
794683314,1,41.330542,69.1610784,trunk
794683314,2,41.3302728,69.1609143,trunk
795158750,0,41.2203037,69.3343818,trunk
795158750,1,41.2207996,69.3343242,trunk
795158750,2,41.222836,69.3340876,trunk
795158750,3,41.2230467,69.3340711,trunk
795158750,4,41.2231984,69.3340668,trunk
795158750,5,41.2233487,69.3340756,trunk
795158750,6,41.2234418,69.334088,trunk
795158750,7,41.2235303,69.3341056,trunk
795158750,8,41.2236075,69.3341246,trunk
795158750,9,41.2236862,69.3341499,trunk
795158750,10,41.2237701,69.334185,trunk
795158750,11,41.2238527,69.3342235,trunk
795158750,12,41.2239226,69.3342588,trunk
795158750,13,41.2239924,69.3342999,trunk
795158750,14,41.2240556,69.3343401,trunk
795158750,15,41.2241163,69.3343817,trunk
795158750,16,41.2243344,69.334543,trunk
795158750,17,41.224765,69.3348799,trunk
795158750,18,41.2249765,69.3350287,trunk
795158750,19,41.225188,69.3351689,trunk
795158750,20,41.2253099,69.3352413,trunk
795158750,21,41.2254199,69.3353031,trunk
795158750,22,41.2256613,69.3354162,trunk
795158750,23,41.2257526,69.3354419,trunk
795158751,0,41.2202712,69.3342343,trunk
795158751,1,41.2198984,69.3342826,trunk
795158751,2,41.218404,69.334476,trunk
795158752,0,41.2453082,69.3439069,trunk
795158752,1,41.245346,69.3440462,trunk
795158752,2,41.2454079,69.3442748,trunk
795158752,3,41.2454958,69.3445987,trunk
795158752,4,41.2455631,69.3448472,trunk
795158752,5,41.2457784,69.3456411,trunk
795158752,6,41.2459344,69.3462163,trunk
795158752,7,41.2461038,69.3467994,trunk
795158752,8,41.2461606,69.3469961,trunk
795158752,9,41.2461847,69.3470725,trunk
795158752,10,41.2463077,69.3474613,trunk
795158752,11,41.2463752,69.347633,trunk
795158752,12,41.2463902,69.3476712,trunk
795158752,13,41.2465129,69.3479832,trunk
795158752,14,41.2466195,69.348236,trunk
795158752,15,41.2467393,69.3484867,trunk
795158752,16,41.2468855,69.3487726,trunk
795158752,17,41.2470235,69.3490425,trunk
795158752,18,41.2472721,69.3495075,trunk
795158752,19,41.2481148,69.3510635,trunk
795158752,20,41.2483698,69.3515578,trunk
795158752,21,41.2484998,69.3517871,trunk
795158752,22,41.2488463,69.3523459,trunk
795158752,23,41.2489805,69.3525614,trunk
795158752,24,41.2490334,69.3526366,trunk
795158752,25,41.2491872,69.3528553,trunk
795158752,26,41.249487,69.3532457,trunk
795158752,27,41.2497051,69.3535297,trunk
795158752,28,41.2499039,69.3537886,trunk
795158752,29,41.25005,69.3539789,trunk
795158752,30,41.2501776,69.3541451,trunk
795158752,31,41.2502596,69.3542481,trunk
795158752,32,41.2504961,69.3545452,trunk
795158752,33,41.250644,69.3547178,trunk
795158752,34,41.2510457,69.3551555,trunk
795158752,35,41.2511775,69.3552803,trunk
795158752,36,41.2512705,69.3553684,trunk
795158752,37,41.2513234,69.3554234,trunk
795158753,0,41.2401296,69.3345561,trunk
795158753,1,41.2399441,69.3343695,trunk
795158753,2,41.2398526,69.3342725,trunk
795158753,3,41.2397797,69.3341901,trunk
795158753,4,41.2397041,69.3341019,trunk
795158753,5,41.2396376,69.3340238,trunk
795158753,6,41.2394412,69.3337233,trunk
795158753,7,41.2393059,69.3335254,trunk
795158753,8,41.239118,69.3332181,trunk
795158753,9,41.2389999,69.3329904,trunk
795158753,10,41.2388843,69.3327527,trunk
795158753,11,41.238791,69.332534,trunk
795158753,12,41.2386986,69.3323151,trunk
795158753,13,41.238584,69.3320054,trunk
795158753,14,41.2384797,69.3316957,trunk
795158753,15,41.2382613,69.3310748,trunk
795158753,16,41.2380773,69.3304757,trunk
795158754,0,41.2378195,69.3221162,trunk
795158754,1,41.2378674,69.3219927,trunk
795158754,2,41.237936,69.3218346,trunk
795158754,3,41.238003,69.321682,trunk
795158754,4,41.2380752,69.3215345,trunk
795158754,5,41.2381514,69.3213881,trunk
795158754,6,41.2382273,69.3212531,trunk
795158754,7,41.2383032,69.3211233,trunk
795158754,8,41.2383855,69.3209948,trunk
795158754,9,41.2384685,69.3208741,trunk
795158754,10,41.2385472,69.3207616,trunk
795158754,11,41.2386269,69.3206504,trunk
795158754,12,41.238709,69.3205405,trunk
795158754,13,41.2387917,69.3204328,trunk
795158754,14,41.2390141,69.3201586,trunk
795158754,15,41.2392365,69.3198928,trunk
795158754,16,41.2406494,69.3182363,trunk
795158754,17,41.2408263,69.3180289,trunk
795158754,18,41.2415266,69.3172068,trunk
795158754,19,41.2423443,69.316303,trunk
795158754,20,41.2426239,69.3159974,trunk
795158754,21,41.2427572,69.3158286,trunk
795158754,22,41.2428868,69.3156562,trunk
795158754,23,41.2430067,69.315474,trunk
795158754,24,41.243122,69.3152894,trunk
795158754,25,41.2432361,69.3150982,trunk
795158754,26,41.2433455,69.3149049,trunk
795158754,27,41.2434122,69.3147777,trunk
795158754,28,41.2434738,69.3146502,trunk
795158754,29,41.2435355,69.314519,trunk
795158754,30,41.2435952,69.3143882,trunk
795158754,31,41.243652,69.3142566,trunk
795158754,32,41.243707,69.314123,trunk
795158754,33,41.2437605,69.3139915,trunk
795158754,34,41.2438144,69.3138529,trunk
795158754,35,41.2438699,69.3136916,trunk
795158754,36,41.2439215,69.3135273,trunk
795158754,37,41.2439698,69.3133615,trunk
795158754,38,41.2440143,69.3131941,trunk
795158754,39,41.244054,69.3130387,trunk
795158754,40,41.2440937,69.3128725,trunk
795158754,41,41.2441286,69.3127044,trunk
795158754,42,41.2441603,69.3125454,trunk
795158754,43,41.2442085,69.3122722,trunk
795158754,44,41.2442451,69.3120066,trunk
795158754,45,41.2442723,69.3117483,trunk
795158754,46,41.2442911,69.3115046,trunk
795158754,47,41.2443043,69.3112586,trunk
795158754,48,41.2443154,69.3104288,trunk
795158754,49,41.2443152,69.3103044,trunk
795158754,50,41.2443146,69.310016,trunk
795685711,0,41.2906128,69.1499391,trunk
795685711,1,41.2910551,69.1499959,trunk
795685711,2,41.2914784,69.1500503,trunk
795685711,3,41.2921941,69.1501422,trunk
795685711,4,41.29243,69.1501781,trunk
795685711,5,41.2926224,69.1502006,trunk
801397541,0,41.3800749,69.4407599,primary
801397541,1,41.3789627,69.4387319,primary
801397541,2,41.3783706,69.4374575,primary
801397541,3,41.3779258,69.436502,primary
801397541,4,41.3777097,69.4360249,primary
801397541,5,41.3775981,69.435785,primary
801397541,6,41.3775411,69.4356692,primary
801397541,7,41.3774819,69.4355549,primary
801397541,8,41.3764941,69.433887,primary
801397541,9,41.3758661,69.4328283,primary
801397541,10,41.3756077,69.4323925,primary
801397541,11,41.375239,69.4317709,primary
801397541,12,41.3747154,69.4308882,primary
801397541,13,41.3738284,69.429379,primary
801397541,14,41.3737868,69.4293061,primary
801397541,15,41.3727657,69.4275825,primary
801397541,16,41.3720854,69.4264221,primary
801397541,17,41.3710177,69.4245802,primary
801397541,18,41.3708396,69.4242738,primary
801397541,19,41.3706734,69.4239878,primary
808276599,0,41.3202537,69.3884805,trunk
808276599,1,41.320236,69.3884027,trunk
813396894,0,41.2043051,69.2178872,primary
813396894,1,41.2037979,69.216663,primary
813396894,2,41.2037232,69.2164812,primary
813396894,3,41.2035514,69.2160631,primary
813396894,4,41.2035,69.2159381,primary
813396894,5,41.2029507,69.2146016,primary
813396897,0,41.1974492,69.2017639,primary
813396897,1,41.1984389,69.2040215,primary
813400772,0,41.2029507,69.2146016,primary
813400772,1,41.2025988,69.2137456,primary
813400772,2,41.2025418,69.2136072,primary
813400772,3,41.202334,69.2131018,primary
813400772,4,41.2022328,69.2128556,primary
813400772,5,41.2019568,69.2121842,primary
813400772,6,41.2016025,69.2113208,primary
813400772,7,41.2014809,69.2110274,primary
813969826,0,41.2270036,69.1988158,trunk
813969826,1,41.2270706,69.1996723,trunk
813969827,0,41.227122,69.1990536,trunk
813969827,1,41.2271239,69.1986744,trunk
813969827,2,41.2271304,69.1984905,trunk
813969827,3,41.227138,69.1983025,trunk
813969827,4,41.2271576,69.1980638,trunk
813969827,5,41.2271799,69.1978251,trunk
813969828,0,41.2271799,69.1978251,trunk
813969828,1,41.2273212,69.1967948,trunk
813969828,2,41.2273321,69.1967152,trunk
813969828,3,41.2273974,69.1961012,trunk
813969828,4,41.2274259,69.1957878,trunk
813969828,5,41.2274351,69.1956471,trunk
813969828,6,41.2274371,69.1956172,trunk
813969828,7,41.2274452,69.1954465,trunk
813969828,8,41.2274485,69.1952461,trunk
813969828,9,41.2274472,69.1950443,trunk
813969828,10,41.2274456,69.1949335,trunk
813969828,11,41.2274448,69.1948753,trunk
813969828,12,41.2274343,69.1947062,trunk
813969828,13,41.2274215,69.1945366,trunk
813969828,14,41.2274041,69.1943682,trunk
813969828,15,41.2273947,69.1941322,trunk
813969828,16,41.2273757,69.1939678,trunk
813969828,17,41.2273489,69.1938215,trunk
813969828,18,41.2270997,69.1927771,trunk
813969831,0,41.3836916,69.2904452,trunk
813969831,1,41.3839006,69.2905173,trunk
813969831,2,41.384048,69.2905912,trunk
813969832,0,41.384048,69.2905912,trunk
813969832,1,41.384255,69.290719,trunk
813969832,2,41.3844453,69.2908511,trunk
813969834,0,41.3834373,69.2900798,trunk
813969834,1,41.3834017,69.2901615,trunk
813969834,2,41.3833927,69.2902321,trunk
813969834,3,41.3833989,69.2903031,trunk
813969834,4,41.3834198,69.290369,trunk
813969834,5,41.3834538,69.2904245,trunk
813969837,0,41.383673,69.2908149,trunk
813969837,1,41.3836916,69.2904452,trunk
813969839,0,41.3834538,69.2904245,trunk
813969839,1,41.3834797,69.2905353,trunk
813969839,2,41.3835023,69.2906461,trunk
813969839,3,41.3835163,69.2907569,trunk
813969839,4,41.3835261,69.2908677,trunk
813969839,5,41.3835309,69.2909811,trunk
813969839,6,41.3835377,69.2916284,trunk
813969839,7,41.3835446,69.2919274,trunk
813969839,8,41.383557,69.2924666,trunk
813969839,9,41.3835818,69.2935447,trunk
813969839,10,41.38365,69.2965047,trunk
813969839,11,41.3836593,69.2969089,trunk
813969839,12,41.3836693,69.2973735,trunk
813969839,13,41.383687,69.2981901,trunk
815532521,0,41.3019319,69.2485042,primary
815532521,1,41.3022442,69.2483809,primary
815532523,0,41.3022442,69.2483809,primary
815532523,1,41.3023891,69.2483297,primary
815532525,0,41.3017585,69.2482991,primary
815532525,1,41.3009977,69.2485418,primary
815532525,2,41.3009605,69.2485537,primary
821302865,0,41.290911,69.3576996,trunk
821302865,1,41.2907663,69.3578413,trunk
821302865,2,41.2906888,69.3579168,trunk
821302865,3,41.2904157,69.3581727,trunk
821302865,4,41.290204,69.3583586,trunk
821302865,5,41.2899885,69.3585529,trunk
821302865,6,41.2898403,69.3586771,trunk
821302865,7,41.2896905,69.3587987,trunk
821302865,8,41.28959,69.3588742,trunk
821302865,9,41.2894876,69.3589479,trunk
821302865,10,41.2893675,69.359032,trunk
821302865,11,41.2892469,69.359113,trunk
821302865,12,41.2891591,69.3591664,trunk
821302865,13,41.2890704,69.3592174,trunk
821302865,14,41.288971,69.3592698,trunk
821302865,15,41.2888709,69.3593206,trunk
821302865,16,41.2886956,69.3594011,trunk
821302865,17,41.288525,69.3594755,trunk
821302865,18,41.2883561,69.3595374,trunk
821302865,19,41.2881926,69.3595907,trunk
821302865,20,41.2880474,69.3596318,trunk
821302865,21,41.2879087,69.3596657,trunk
821302865,22,41.2877179,69.3597041,trunk
821302865,23,41.2868631,69.3598285,trunk
821302866,0,41.2928571,69.3561052,trunk
821302866,1,41.2929887,69.3559775,trunk
821302866,2,41.2930225,69.3559447,trunk
821302866,3,41.2951294,69.3539425,trunk
821302866,4,41.2959338,69.3531876,trunk
821302866,5,41.2960166,69.3531021,trunk
821302866,6,41.2961224,69.35299,trunk
821302866,7,41.2962159,69.3528889,trunk
821302866,8,41.2963103,69.3527855,trunk
821302866,9,41.2964067,69.3526744,trunk
821302866,10,41.2966458,69.3523698,trunk
821302866,11,41.2968748,69.3520679,trunk
821302866,12,41.2970388,69.351836,trunk
821302866,13,41.2971705,69.3516292,trunk
821302866,14,41.2974317,69.3512177,trunk
821302866,15,41.2976503,69.3508695,trunk
821302866,16,41.2982446,69.3498908,trunk
821302866,17,41.2993113,69.3481342,trunk
821302866,18,41.2998213,69.3472943,trunk
821302866,19,41.2998402,69.3472614,trunk
821302866,20,41.3001992,69.3466671,trunk
824174081,0,41.3005649,69.2112665,primary
824174081,1,41.3005638,69.2110186,primary
824174081,2,41.3005628,69.2107952,primary
824174083,0,41.3003919,69.2114407,primary
824174083,1,41.3004072,69.2114383,primary
824174083,2,41.3004227,69.211435,primary
824174083,3,41.3004382,69.2114306,primary
824174083,4,41.3004535,69.2114254,primary
824174083,5,41.3004672,69.2114192,primary
824174083,6,41.3004808,69.211412,primary
824174083,7,41.3004937,69.211403,primary
824174083,8,41.3005064,69.2113921,primary
824174083,9,41.300517,69.2113809,primary
824174083,10,41.300527,69.2113685,primary
824174083,11,41.3005357,69.2113541,primary
824174083,12,41.3005437,69.2113384,primary
824174083,13,41.3005507,69.2113219,primary
824174083,14,41.3005563,69.211304,primary
824174083,15,41.3005613,69.2112857,primary
824174083,16,41.3005649,69.2112665,primary
825918366,0,41.3256185,69.3248784,primary
825918366,1,41.3255255,69.3242373,primary
825918366,2,41.3255148,69.3241636,primary
825918366,3,41.3254948,69.3240258,primary
826370601,0,41.2015329,69.1850696,trunk
826370601,1,41.2013885,69.1850663,trunk
826370602,0,41.2013885,69.1850663,trunk
826370602,1,41.2009863,69.185068,trunk
826370602,2,41.200581,69.1850817,trunk
826370602,3,41.2001726,69.1851157,trunk
826370602,4,41.1998287,69.1851635,trunk
826370602,5,41.1994856,69.1852178,trunk
826370602,6,41.1991914,69.1852867,trunk
826370602,7,41.1988995,69.1853691,trunk
826370602,8,41.1986036,69.1854621,trunk
826370602,9,41.198319,69.1855524,trunk
826370602,10,41.1980298,69.1856559,trunk
826370602,11,41.1977446,69.1857784,trunk
826370602,12,41.1975793,69.1858532,trunk
826370602,13,41.1974654,69.1859048,trunk
826370602,14,41.1971993,69.1860363,trunk
826370602,15,41.1969372,69.1861783,trunk
826370602,16,41.1967773,69.1862747,trunk
826370602,17,41.1966805,69.186333,trunk
826370602,18,41.1964199,69.186485,trunk
826370602,19,41.1961631,69.1866511,trunk
826370602,20,41.1959133,69.1868312,trunk
826370602,21,41.1956622,69.1870198,trunk
826370602,22,41.1954045,69.1872159,trunk
826370602,23,41.1924761,69.1898285,trunk
826370603,0,41.2015342,69.185237,trunk
826370603,1,41.2018238,69.1852522,trunk
826370603,2,41.2021225,69.1852847,trunk
826370603,3,41.2024177,69.1853225,trunk
826370603,4,41.2027148,69.1853682,trunk
826370603,5,41.2029871,69.1854288,trunk
826370603,6,41.2032564,69.1855003,trunk
826370603,7,41.2034507,69.1855586,trunk
826370603,8,41.2036637,69.1856258,trunk
826370603,9,41.2038768,69.1856965,trunk
826370603,10,41.2041487,69.18579,trunk
826370603,11,41.2044165,69.1858946,trunk
826370603,12,41.2046676,69.1860067,trunk
826370603,13,41.2049186,69.1861283,trunk
826370603,14,41.2057515,69.1866,trunk
826370603,15,41.2061578,69.1868681,trunk
826370603,16,41.206544,69.1871576,trunk
826370603,17,41.2076718,69.1880565,trunk
826370604,0,41.2013742,69.1852371,trunk
826370604,1,41.2015342,69.185237,trunk
826559494,0,41.3209219,69.303058,primary
826559494,1,41.3209334,69.3031612,primary
826559494,2,41.3209438,69.303264,primary
826559494,3,41.3209506,69.3033699,primary
826559494,4,41.320953,69.3034779,primary
827800883,0,41.2154448,69.2442389,primary
827800883,1,41.2154031,69.2442018,primary
827800883,2,41.2153657,69.2441632,primary
827800883,3,41.2153337,69.2441192,primary
827800883,4,41.215307,69.2440752,primary
827800883,5,41.2152556,69.2439799,primary
827800883,6,41.2152117,69.2438845,primary
827800883,7,41.2151177,69.2436599,primary
829420806,0,41.3343622,69.3347365,primary
829420806,1,41.3342281,69.334595,primary
830061640,0,41.2659542,69.2375352,primary
830061640,1,41.2660556,69.2374414,primary
830061640,2,41.2661205,69.2373783,primary
830061640,3,41.2661805,69.2373141,primary
830061640,4,41.2662372,69.2372471,primary
830061640,5,41.2666033,69.236769,primary
830061640,6,41.2668484,69.2364488,primary
830061640,7,41.2674664,69.2356422,primary
830061640,8,41.2675723,69.2354959,primary
830061640,9,41.2676797,69.2353371,primary
830061640,10,41.2677194,69.2352802,primary
830061640,11,41.2677475,69.2352363,primary
830061640,12,41.2677676,69.2352064,primary
830061640,13,41.2680485,69.2347702,primary
830061640,14,41.2680657,69.2347421,primary
830061640,15,41.2681401,69.2346214,primary
830061643,0,41.2150612,69.2448043,primary
830061643,1,41.2151495,69.2448328,primary
830061643,2,41.2152245,69.2448425,primary
830061643,3,41.215311,69.2448313,primary
830061643,4,41.2153973,69.2448041,primary
830061643,5,41.2155302,69.244743,primary
830061643,6,41.2156568,69.24468,primary
830061643,7,41.2158728,69.2445688,primary
830061643,8,41.2159339,69.2445447,primary
830061643,9,41.2159936,69.2445216,primary
830061643,10,41.2160623,69.2445049,primary
830061643,11,41.2161316,69.2444916,primary
830061643,12,41.2162471,69.2444775,primary
830061643,13,41.216312,69.2444699,primary
830061643,14,41.2176973,69.2443014,primary
830061643,15,41.2186198,69.2441905,primary
830061643,16,41.2190415,69.2441692,primary
830415393,0,41.2136567,69.2408264,primary
830415393,1,41.2160934,69.2466505,primary
830415393,2,41.2170032,69.2489088,primary
830415394,0,41.2170032,69.2489088,primary
830415394,1,41.217176,69.2493381,primary
837677252,0,41.3118612,69.2433102,primary
837677252,1,41.3118758,69.2429546,primary
837677252,2,41.3118796,69.2428621,primary
837677252,3,41.3118886,69.2426432,primary
837677296,0,41.311286,69.2535217,primary
837677296,1,41.3114397,69.2535432,primary
838010108,0,41.3137685,69.2370756,primary
838010108,1,41.3138036,69.2370021,primary
838010108,2,41.3138619,69.2368802,primary
838010108,3,41.3139995,69.2365878,primary
838010108,4,41.31416,69.2362446,primary
838010108,5,41.3142267,69.2361095,primary
838010108,6,41.3142688,69.2360256,primary
838010109,0,41.3138211,69.2365717,primary
838010109,1,41.3137762,69.2366731,primary
838010109,2,41.313738,69.2367603,primary
838010109,3,41.3136455,69.2369718,primary
838010110,0,41.3156404,69.2332874,primary
838010110,1,41.3153158,69.2338573,primary
838010110,2,41.3149841,69.2344397,primary
838010110,3,41.3145136,69.2352732,primary
838010110,4,41.3142013,69.2358266,primary
838010110,5,41.3141439,69.2359325,primary
838010110,6,41.3141098,69.2359951,primary
838010110,7,41.3139511,69.2362867,primary
838010110,8,41.3138211,69.2365717,primary
838010111,0,41.3134718,69.2375964,primary
838010111,1,41.3135749,69.2374394,primary
838010111,2,41.3136711,69.2372756,primary
838010111,3,41.3137089,69.2372003,primary
838010111,4,41.3137685,69.2370756,primary
838010163,0,41.3110639,69.2402055,primary
838010163,1,41.310979,69.2401935,primary
838010163,2,41.3109372,69.2401851,primary
838010163,3,41.3108955,69.2401746,primary
838010163,4,41.3106213,69.2400678,primary
838372792,0,41.35011,69.1869372,primary
838372792,1,41.3500816,69.1866969,primary
838372792,2,41.3498848,69.1855554,primary
838372795,0,41.3501291,69.1878941,primary
838372795,1,41.3501282,69.187832,primary
838372795,2,41.3501357,69.1873419,primary
838372795,3,41.3501155,69.1869937,primary
838372795,4,41.35011,69.1869372,primary
838372796,0,41.325383,69.2314722,primary
838372796,1,41.3255713,69.2311303,primary
838372796,2,41.3256934,69.230908,primary
838372797,0,41.3256934,69.230908,primary
838372797,1,41.3259357,69.2304506,primary
838372797,2,41.3262299,69.2298944,primary
838372799,0,41.3226331,69.2363405,primary
838372799,1,41.3226854,69.2362093,primary
838372799,2,41.3227731,69.2360388,primary
838372799,3,41.3235229,69.2347255,primary
838372801,0,41.3222143,69.2413324,primary
838372801,1,41.322246,69.240847,primary
838372802,0,41.3221093,69.2428842,primary
838372802,1,41.3221335,69.2425318,primary
838372802,2,41.3221602,69.2421426,primary
838372803,0,41.3111082,69.2429718,primary
838372803,1,41.3112702,69.2429663,primary
838372803,2,41.3113447,69.2429599,primary
838372803,3,41.3114448,69.242943,primary
838372803,4,41.3114764,69.2429343,primary
838372803,5,41.3115595,69.2429065,primary
838372803,6,41.3116072,69.242882,primary
838372803,7,41.3116952,69.2428115,primary
838372806,0,41.3023891,69.2483297,primary
838372806,1,41.3025549,69.2482738,primary
838372806,2,41.3027252,69.2482163,primary
838372806,3,41.3029338,69.2481369,primary
838372806,4,41.3030902,69.2480689,primary
838372806,5,41.3032427,69.2479969,primary
838372806,6,41.3034466,69.2478982,primary
838372806,7,41.3036571,69.2477868,primary
838372806,8,41.3040233,69.2475688,primary
838372810,0,41.2493633,69.2655175,primary
838372810,1,41.2493859,69.2655136,primary
838372810,2,41.2494298,69.2655047,primary
838372810,3,41.2494917,69.2654807,primary
838372810,4,41.2495499,69.2654434,primary
838372810,5,41.2496026,69.265394,primary
838372810,6,41.2496485,69.2653336,primary
838372810,7,41.2496863,69.2652641,primary
838372810,8,41.249715,69.2651872,primary
838372810,9,41.2497339,69.2651051,primary
838372810,10,41.2497423,69.26502,primary
838372810,11,41.24974,69.2649342,primary
838372810,12,41.2497272,69.2648501,primary
838372810,13,41.2497042,69.2647699,primary
838372810,14,41.2496716,69.2646958,primary
838372810,15,41.2496302,69.2646299,primary
838372810,16,41.2495813,69.2645739,primary
838372810,17,41.2495261,69.2645294,primary
838372810,18,41.2494662,69.2644976,primary
838372811,0,41.2494662,69.2644976,primary
838372811,1,41.2494101,69.2644806,primary
838372811,2,41.2493527,69.2644748,primary
838372811,3,41.2492954,69.2644802,primary
838372811,4,41.2492392,69.2644967,primary
838372811,5,41.2491855,69.264524,primary
838372842,0,41.3119868,69.2404938,primary
838372842,1,41.3118444,69.240392,primary
838372843,0,41.3119692,69.2407885,primary
838372843,1,41.3119374,69.2408029,primary
839394435,0,41.3073173,69.2576732,primary
839394435,1,41.3073796,69.2574544,primary
839394435,2,41.3074565,69.2571838,primary
839394436,0,41.3070693,69.2585451,primary
839394436,1,41.3072866,69.2577812,primary
839394436,2,41.3073173,69.2576732,primary
839394437,0,41.3052301,69.2654395,primary
839394437,1,41.3055582,69.2640378,primary
839394437,2,41.3056189,69.2637781,primary
839394487,0,41.3121977,69.2533705,primary
839394487,1,41.3117009,69.2533113,primary
839394487,2,41.3115558,69.2532922,primary
839394491,0,41.3146579,69.2537214,primary
839394491,1,41.3145036,69.2536982,primary
839394491,2,41.3144218,69.2536903,primary
839394519,0,41.321698,69.2462441,primary
839394519,1,41.3216929,69.2463347,primary
839394519,2,41.3216564,69.2468312,primary
839394519,3,41.3216125,69.2474636,primary
839394519,4,41.3215941,69.2477587,primary
839394519,5,41.3215405,69.2484593,primary
839394519,6,41.3215284,69.2486032,primary
839394519,7,41.3215173,69.2487621,primary
839394519,8,41.3213995,69.2504953,primary
841412415,0,41.1922588,69.1900177,primary
841412415,1,41.1922841,69.1902032,primary
841412415,2,41.1924226,69.1905009,primary
841412415,3,41.1931598,69.1921664,primary
841412415,4,41.1939558,69.1939649,primary
841412415,5,41.1946191,69.1954635,primary
841412415,6,41.1951933,69.196761,primary
841412415,7,41.1952162,69.1968117,primary
841412415,8,41.1954126,69.1972474,primary
841412415,9,41.1969234,69.2005979,primary
842017410,0,41.3536739,69.3474121,trunk
842017410,1,41.3534207,69.3478165,trunk
842017410,2,41.3533236,69.3479715,trunk
842017410,3,41.3532374,69.3481141,trunk
842017410,4,41.3531218,69.3483051,trunk
842017410,5,41.353072,69.3483874,trunk
842017410,6,41.3527989,69.348839,trunk
842017410,7,41.3526333,69.349109,trunk
842017410,8,41.352193,69.3498269,trunk
842017410,9,41.3521697,69.3498648,trunk
842017410,10,41.3515979,69.3507972,trunk
842708179,0,41.3755026,69.2952967,primary
842708179,1,41.3743848,69.2949707,primary
842708179,2,41.3730236,69.2945737,primary
842708179,3,41.3688498,69.2933551,primary
842708179,4,41.3686955,69.2932928,primary
842708179,5,41.3684266,69.2931702,primary
842708180,0,41.3740977,69.2950783,primary
842708180,1,41.3747052,69.2952736,primary
842708180,2,41.3754293,69.2955029,primary
842708180,3,41.3754613,69.2955126,primary
842708181,0,41.375648,69.2955709,primary
842708181,1,41.3757051,69.2955885,primary
842708182,0,41.3771418,69.2957878,primary
842708182,1,41.3764865,69.2955917,primary
842708182,2,41.3758342,69.2953965,primary
842708182,3,41.3757413,69.2953687,primary
842708188,0,41.3768679,69.2959454,primary
842708188,1,41.3797608,69.2967695,primary
842708188,2,41.3805922,69.296986,primary
842708188,3,41.3807096,69.297024,primary
842708188,4,41.3808299,69.2970701,primary
842708188,5,41.3809781,69.2971329,primary
842708188,6,41.3811243,69.2971979,primary
842708188,7,41.3813839,69.2973525,primary
842708188,8,41.3814805,69.2974592,primary
842708188,9,41.3815312,69.2975023,primary
842708188,10,41.3816034,69.2975473,primary
842708188,11,41.3816999,69.2975896,primary
842708188,12,41.3819469,69.297674,primary
842708188,13,41.3823363,69.2977913,primary
846970024,0,41.3139661,69.286366,primary
846970024,1,41.3144963,69.2875554,primary
846970024,2,41.314764,69.2881729,primary
846970025,0,41.3157627,69.283995,primary
846970025,1,41.3157209,69.2840751,primary
846970025,2,41.3156347,69.2842299,primary
846970025,3,41.3155474,69.2843824,primary
846970025,4,41.3154572,69.2845268,primary
846970025,5,41.3153616,69.2846691,primary
846970025,6,41.3152656,69.2848056,primary
846970025,7,41.3151676,69.2849363,primary
846970025,8,41.3150675,69.2850615,primary
846970025,9,41.3149982,69.2851416,primary
846970025,10,41.314964,69.2851812,primary
846970025,11,41.3148546,69.285305,primary
846970025,12,41.314742,69.2854244,primary
846970025,13,41.3146273,69.2855445,primary
846970027,0,41.3176701,69.2765552,primary
846970027,1,41.3176507,69.2766396,primary
846970027,2,41.3170866,69.2791,primary
846970028,0,41.3184112,69.2733229,primary
846970028,1,41.3177354,69.2762703,primary
846970028,2,41.3176701,69.2765552,primary
846970029,0,41.3187549,69.2718297,primary
846970029,1,41.3186928,69.2721002,primary
846970031,0,41.3127716,69.26915,primary
846970031,1,41.3161357,69.2706926,primary
846970031,2,41.3184515,69.2717314,primary
846970031,3,41.3185498,69.2717727,primary
846970033,0,41.3107747,69.2682344,primary
846970033,1,41.3125807,69.2690625,primary
846970033,2,41.3127716,69.26915,primary
846970034,0,41.3101775,69.267762,primary
846970034,1,41.3098258,69.2676025,primary
846970034,2,41.3097697,69.2675772,primary
846970034,3,41.3095197,69.267465,primary
846970036,0,41.3105976,69.2643929,primary
846970036,1,41.3105595,69.2645115,primary
846970036,2,41.3105202,69.2646285,primary
846970036,3,41.3104775,69.2647466,primary
846970036,4,41.3104331,69.2648623,primary
846970037,0,41.3109623,69.262502,primary
846970037,1,41.3111056,69.2603005,primary
846970038,0,41.311,69.2602847,primary
846970038,1,41.3109842,69.2605468,primary
846970038,2,41.3109685,69.2608305,primary
846970038,3,41.3108919,69.2621585,primary
846970038,4,41.3108725,69.2624946,primary
846970039,0,41.3111128,69.258356,primary
846970039,1,41.3110991,69.2587366,primary
846970040,0,41.3110991,69.2587366,primary
846970040,1,41.311084,69.2591593,primary
849495331,0,41.3202361,69.2543839,primary
849495331,1,41.319841,69.2543451,primary
849495331,2,41.3197427,69.2543354,primary
849495331,3,41.3195317,69.2543147,primary
849495332,0,41.3195317,69.2543147,primary
849495332,1,41.3186159,69.2542247,primary
849495332,2,41.3182014,69.254184,primary
849495332,3,41.3181496,69.2541789,primary
849495332,4,41.3180708,69.2541712,primary
849495333,0,41.3186333,69.2543565,primary
849495333,1,41.3200336,69.2544812,primary
849495333,2,41.3203412,69.2545291,primary
849495335,0,41.3263928,69.2738508,primary
849495335,1,41.3279996,69.2742913,primary
849495335,2,41.3282901,69.2743709,primary
849495335,3,41.3283232,69.27438,primary
849495335,4,41.3284506,69.2744229,primary
849495335,5,41.3285123,69.2744468,primary
849495335,6,41.3285713,69.2744731,primary
849495343,0,41.3216962,69.2725581,primary
849495343,1,41.322291,69.2727248,primary
849495343,2,41.3223737,69.2727479,primary
849495344,0,41.3197524,69.2674829,primary
849495344,1,41.3197029,69.2676986,primary
849495344,2,41.3194656,69.2687329,primary
849495344,3,41.3189175,69.2711211,primary
849495346,0,41.3205087,69.2634411,primary
849495346,1,41.3204218,69.2642391,primary
849495346,2,41.3203945,69.264425,primary
849495346,3,41.3203802,69.2645207,primary
849495346,4,41.3203698,69.2645854,primary
849495346,5,41.3202901,69.2650625,primary
849495346,6,41.3201846,69.2656872,primary
849495347,0,41.3206805,69.2609354,primary
849495347,1,41.3206681,69.2611165,primary
849495347,2,41.3206609,69.2612211,primary
849495347,3,41.3206353,69.2615944,primary
849495347,4,41.3205477,69.262872,primary
849495347,5,41.3205087,69.2634411,primary
849495350,0,41.3180611,69.2543084,primary
849495350,1,41.3181199,69.2543147,primary
849495350,2,41.3181845,69.2543233,primary
849495350,3,41.3186075,69.2543533,primary
849495350,4,41.3186333,69.2543565,primary
849495352,0,41.31176,69.2535823,primary
849495352,1,41.3120859,69.2536221,primary
849495352,2,41.3122317,69.2536362,primary
849576715,0,41.3394445,69.2856905,primary
849576715,1,41.3394975,69.2857009,primary
849576715,2,41.3396551,69.285732,primary
849576719,0,41.329034,69.2836545,primary
849576719,1,41.3294296,69.2837327,primary
849576719,2,41.3295824,69.2837629,primary
849576720,0,41.3319261,69.2842557,primary
849576720,1,41.3328264,69.2844323,primary
849576720,2,41.3328822,69.2844427,primary
849925934,0,41.2657438,69.231969,primary
849925934,1,41.2658557,69.2320906,primary
849925934,2,41.2658841,69.2321215,primary
849925934,3,41.2662327,69.2325002,primary
849925934,4,41.2671125,69.2334801,primary
850258882,0,41.3348259,69.3352259,primary
850258882,1,41.3347126,69.3351056,primary
850258882,2,41.3344815,69.3348604,primary
850258882,3,41.3343622,69.3347365,primary
850258883,0,41.3302528,69.3306638,primary
850258883,1,41.3321065,69.3326191,primary
850258883,2,41.332378,69.3329057,primary
850258883,3,41.3328217,69.3333745,primary
850258883,4,41.332879,69.333435,primary
850258883,5,41.3329234,69.3334819,primary
850258883,6,41.3342647,69.3348988,primary
850896241,0,41.337216,69.3380168,primary
850896241,1,41.3380634,69.338912,primary
850896241,2,41.3382369,69.3390953,primary
850896241,3,41.3383465,69.3392111,primary
852139994,0,41.3196537,69.2990373,primary
852139994,1,41.3193646,69.2983947,primary
852140003,0,41.3169153,69.2927826,primary
852140003,1,41.3168543,69.2926463,primary
852140003,2,41.3165923,69.2920497,primary
856304110,0,41.261114,69.4215274,trunk
856304110,1,41.2599489,69.4196977,trunk
856304110,2,41.25983,69.419511,trunk
856304110,3,41.2595394,69.4190529,trunk
856304110,4,41.2595243,69.4190309,trunk
856304117,0,41.2763595,69.4428394,trunk
856304117,1,41.2739341,69.439488,trunk
856304117,2,41.2723413,69.4372881,trunk
856304117,3,41.2717199,69.4364299,trunk
856304117,4,41.2716754,69.4363685,trunk
856304117,5,41.2716247,69.4362987,trunk
856304117,6,41.2705813,69.4348615,trunk
856304117,7,41.2701449,69.4342605,trunk
856304117,8,41.2698207,69.433814,trunk
856304117,9,41.2695824,69.4334857,trunk
857899936,0,41.3295693,69.235062,primary
857899936,1,41.329635,69.2351763,primary
859530505,0,41.3255561,69.2413337,primary
859530505,1,41.3255239,69.2413592,primary
859530505,2,41.3253902,69.2414654,primary
859530505,3,41.3239494,69.2423559,primary
860427107,0,41.3066229,69.3395692,trunk
860427107,1,41.3065624,69.339477,trunk
860427107,2,41.3064956,69.3393871,trunk
860427108,0,41.3064956,69.3393871,trunk
860427108,1,41.3063855,69.3392608,trunk
860770932,0,41.3037814,69.3422689,primary
860770932,1,41.3043198,69.3416623,primary
860770933,0,41.3039943,69.3415922,trunk
860770933,1,41.3038112,69.3419123,trunk
860770933,2,41.3036864,69.3421306,trunk
863388539,0,41.2544523,69.2037975,primary
863388539,1,41.2544,69.203475,primary
863388544,0,41.2537374,69.1885252,primary
863388544,1,41.253485,69.1881479,primary
863388544,2,41.2528316,69.1870893,primary
863388544,3,41.2523045,69.1862243,primary
863388544,4,41.2522041,69.1860576,primary
863388544,5,41.2503651,69.1830311,primary
863388545,0,41.2535826,69.1885856,primary
863388545,1,41.2551229,69.1910987,primary
863388545,2,41.255255,69.1913142,primary
863388545,3,41.256674,69.1936295,primary
863388545,4,41.256814,69.1938417,primary
863388545,5,41.2569561,69.1940505,primary
863388545,6,41.2570873,69.1942288,primary
863388545,7,41.2572245,69.1944036,primary
863388545,8,41.2575014,69.1947437,primary
863388545,9,41.2576245,69.1948851,primary
863388545,10,41.2577867,69.1950537,primary
863388545,11,41.2578262,69.1950905,primary
863388545,12,41.2579783,69.1952321,primary
863388545,13,41.2581743,69.1954033,primary
863388545,14,41.2583744,69.1955594,primary
863388545,15,41.2585746,69.19571,primary
863388545,16,41.2588058,69.1958797,primary
863388545,17,41.2590402,69.1960412,primary
863388546,0,41.2502438,69.1831657,primary
863388546,1,41.2508316,69.1841448,primary
863388546,2,41.2520413,69.186131,primary
863388546,3,41.2520794,69.1861934,primary
863388546,4,41.2521795,69.1863624,primary
863388546,5,41.2527103,69.1872235,primary
863388546,6,41.2534332,69.1883623,primary
863388546,7,41.2535826,69.1885856,primary
863388551,0,41.241734,69.170798,trunk
863388551,1,41.2410866,69.1701888,trunk
863388551,2,41.2398704,69.1689615,trunk
863479297,0,41.3365419,69.2220998,primary
863479297,1,41.3360389,69.2215213,primary
863479297,2,41.3356673,69.2211256,primary
863479297,3,41.3356286,69.2210844,primary
863559492,0,41.3202783,69.2256362,primary
863559492,1,41.3204096,69.2254113,primary
863559500,0,41.3169842,69.2312916,primary
863559500,1,41.3170962,69.2311043,primary
863559500,2,41.3171782,69.2309671,primary
863559500,3,41.3172227,69.2308928,primary
863559500,4,41.3172989,69.2307653,primary
863591332,0,41.2416488,69.170988,primary
863591332,1,41.2420567,69.1713871,primary
863591332,2,41.2432212,69.1725499,primary
863591332,3,41.2437013,69.173048,primary
863591332,4,41.2440579,69.1734655,primary
863591332,5,41.244421,69.1739141,primary
863591332,6,41.2447326,69.1743137,primary
863591332,7,41.2449205,69.1745659,primary
863591332,8,41.2451064,69.1748237,primary
863591332,9,41.2455588,69.1755004,primary
863591332,10,41.2457997,69.1758909,primary
863591332,11,41.2465257,69.1770472,primary
863591332,12,41.2467007,69.1773444,primary
863591332,13,41.2469428,69.1777237,primary
863591332,14,41.2479435,69.1793874,primary
863591332,15,41.2486242,69.1804978,primary
863591332,16,41.2494658,69.1818944,primary
863591332,17,41.2501015,69.1829295,primary
863591332,18,41.2502438,69.1831657,primary
864285540,0,41.338169,69.2239542,primary
864285540,1,41.3382959,69.2237821,primary
864285540,2,41.3384274,69.2236015,primary
864285540,3,41.3384579,69.2235513,primary
864285540,4,41.3384903,69.2234895,primary
864285542,0,41.3371022,69.2251957,primary
864285542,1,41.3375826,69.2246642,primary
864285542,2,41.3377504,69.2244814,primary
864285542,3,41.3378129,69.224404,primary
864285542,4,41.3379444,69.2242531,primary
864285568,0,41.329635,69.2351763,primary
864285568,1,41.3296946,69.2349748,primary
864285568,2,41.3297869,69.234663,primary
864285568,3,41.3299478,69.2341428,primary
874437445,0,41.321657,69.2357438,primary
874437445,1,41.3220227,69.2361616,primary
876032716,0,41.3055932,69.3343128,primary
876032716,1,41.3054774,69.3332178,primary
876032716,2,41.3053137,69.3316703,primary
876032717,0,41.3052192,69.3318528,primary
876032717,1,41.3053641,69.3331726,primary
876032717,2,41.3053913,69.3334181,primary
876032717,3,41.3054933,69.3343351,primary
877503963,0,41.3079833,69.33743,primary
877503963,1,41.307601,69.3378545,primary
877503963,2,41.3061018,69.3395228,primary
877997924,0,41.2645787,69.2654998,primary
877997924,1,41.2646099,69.2654661,primary
877997924,2,41.2646396,69.2654291,primary
877997924,3,41.2646658,69.2653864,primary
877997924,4,41.2646897,69.2653417,primary
877997924,5,41.2648105,69.2650895,primary
877997924,6,41.2649132,69.264885,primary
878878413,0,41.2444894,69.2562859,trunk
878878413,1,41.2443231,69.2562973,trunk
878878414,0,41.2444986,69.2574464,trunk
878878414,1,41.2444895,69.25668,trunk
878878414,2,41.2444894,69.2563622,trunk
880319170,0,41.2890868,69.2578909,primary
880319170,1,41.2891942,69.258009,primary
880319170,2,41.2899732,69.2588873,primary
880319170,3,41.2909276,69.2599523,primary
880319170,4,41.2911483,69.2601986,primary
880319170,5,41.2912182,69.2602786,primary
880319170,6,41.2913474,69.2604346,primary
880319170,7,41.2914087,69.260515,primary
880319170,8,41.291468,69.2605975,primary
880319170,9,41.2915242,69.2606848,primary
880319172,0,41.2891708,69.2576436,primary
880319172,1,41.2890723,69.257534,primary
880319172,2,41.2883583,69.2567421,primary
880319173,0,41.2892208,69.2576992,primary
880319173,1,41.2891708,69.2576436,primary
880319174,0,41.2890341,69.2578334,primary
880319174,1,41.2890868,69.2578909,primary
881903242,0,41.2062997,69.2227061,primary
881903242,1,41.2061553,69.2223577,primary
881903242,2,41.2060493,69.2221019,primary
881903242,3,41.2058572,69.2216385,primary
881903242,4,41.2054153,69.2205426,primary
881903242,5,41.2052752,69.2202153,primary
882665748,0,41.3114513,69.2532784,primary
882665748,1,41.3115616,69.2505947,primary
882665748,2,41.3115682,69.2504356,primary
882665748,3,41.3115867,69.249986,primary
882665748,4,41.3115969,69.2497372,primary
882665748,5,41.311602,69.2496122,primary
882665748,6,41.3116664,69.2480469,primary
882665748,7,41.3116751,69.2478356,primary
882665748,8,41.3116825,69.2476568,primary
882665748,9,41.3116847,69.2476029,primary
882665748,10,41.3117101,69.2469842,primary
882665748,11,41.3117402,69.246253,primary
882665748,12,41.3117403,69.2462509,primary
882665748,13,41.3117474,69.2460786,primary
882665748,14,41.3117533,69.2459339,primary
882665748,15,41.3118477,69.2436378,primary
882665748,16,41.3118612,69.2433102,primary
882665749,0,41.3135997,69.2414392,primary
882665749,1,41.31355,69.241428,primary
882665749,2,41.3132315,69.2413496,primary
882665749,3,41.3130833,69.2413055,primary
882665749,4,41.3129326,69.2412483,primary
882665749,5,41.3125816,69.2410424,primary
888144499,0,41.3105841,69.240368,primary
888144499,1,41.3109717,69.2404017,primary
888144499,2,41.311292,69.2404549,primary
888144499,3,41.3114656,69.2404717,primary
888144499,4,41.3115018,69.2404801,primary
888144499,5,41.3115324,69.2404926,primary
888144499,6,41.3115626,69.2405086,primary
888144499,7,41.3115935,69.2405308,primary
888144499,8,41.3116269,69.2405648,primary
888144499,9,41.3116457,69.2405992,primary
888144499,10,41.3116629,69.2406351,primary
888144499,11,41.3116816,69.2406792,primary
888144499,12,41.3116968,69.240728,primary
888144499,13,41.3117098,69.2407859,primary
888144499,14,41.31172,69.2408448,primary
888144499,15,41.311747,69.2410698,primary
888660067,0,41.217176,69.2493381,primary
888660067,1,41.2184661,69.2524631,primary
888660067,2,41.218804,69.2532817,primary
888660067,3,41.2192574,69.2543715,primary
888660067,4,41.2208261,69.2581423,primary
888660067,5,41.2209219,69.2583726,primary
888660068,0,41.2444334,69.2777244,primary
888660068,1,41.2442707,69.2773481,primary
890563163,0,41.2014366,69.2109204,primary
890563163,1,41.2013691,69.2107575,primary
890563163,2,41.2006782,69.2090922,primary
890563163,3,41.1999826,69.207416,primary
890563163,4,41.1998439,69.2070818,primary
890563163,5,41.1996931,69.2067186,primary
890563163,6,41.1995792,69.206444,primary
890563163,7,41.1992343,69.2056129,primary
890563163,8,41.199108,69.2053087,primary
890563163,9,41.1987549,69.2044578,primary
890563163,10,41.1983569,69.2035338,primary
890563163,11,41.1981587,69.203085,primary
890563163,12,41.1978967,69.2024916,primary
890563163,13,41.1970107,69.2005297,primary
890563163,14,41.1957457,69.1977287,primary
890563163,15,41.1954805,69.1971417,primary
890563163,16,41.1952791,69.1966957,primary
890563163,17,41.1940554,69.1938783,primary
890563163,18,41.1939536,69.1936494,primary
890563163,19,41.1936014,69.1928611,primary
890563163,20,41.1929637,69.1914336,primary
890563163,21,41.1928413,69.1911596,primary
890563163,22,41.1923759,69.190118,primary
890563163,23,41.1922588,69.1900177,primary
891209936,0,41.2190037,69.1973459,trunk
891209936,1,41.2197286,69.1979416,trunk
891209936,2,41.2207972,69.1988274,trunk
891209936,3,41.221422,69.1993435,trunk
891209936,4,41.2217533,69.1996049,trunk
891209936,5,41.22195,69.1997523,trunk
891209936,6,41.2221491,69.1998906,trunk
891209936,7,41.222331,69.2000053,trunk
891209936,8,41.2225022,69.2001039,trunk
891209936,9,41.2227427,69.2002094,trunk
891209936,10,41.2229504,69.2002823,trunk
891209936,11,41.223073,69.2003151,trunk
891209936,12,41.2231946,69.2003395,trunk
891209936,13,41.2234024,69.2003677,trunk
891209936,14,41.2236102,69.2003871,trunk
891209936,15,41.2239631,69.2004011,trunk
892779970,0,41.2806375,69.1474933,trunk
892779970,1,41.2791644,69.1470007,trunk
892779970,2,41.2782225,69.1466975,trunk
892779970,3,41.2777283,69.1465678,trunk
892779970,4,41.2776362,69.1465522,trunk
895422911,0,41.2896088,69.2747871,primary
895422911,1,41.2897572,69.2746305,primary
911314896,0,41.2649132,69.264885,primary
911314896,1,41.2647198,69.2646389,primary
911314896,2,41.2646915,69.2646137,primary
911314896,3,41.2646623,69.264592,primary
911314896,4,41.2646321,69.264573,primary
911314896,5,41.2646004,69.2645564,primary
911314896,6,41.2645683,69.2645423,primary
911314896,7,41.2645359,69.2645315,primary
911314896,8,41.2645023,69.2645225,primary
911314896,9,41.2644689,69.2645157,primary
911484121,0,41.2544815,69.3212144,primary
911484121,1,41.2536214,69.3217438,primary
911484121,2,41.2527653,69.3222361,primary
911484121,3,41.2526944,69.322271,primary
911484121,4,41.2525719,69.3223402,primary
911484122,0,41.2557963,69.320483,primary
911484122,1,41.2558363,69.3205446,primary
911484122,2,41.2559013,69.320597,primary
911484124,0,41.2586139,69.3190843,primary
911484124,1,41.2596004,69.318529,primary
911484124,2,41.2596335,69.3185104,primary
911484124,3,41.2597924,69.3184202,primary
911484124,4,41.2610121,69.3177401,primary
911484124,5,41.2621492,69.3170843,primary
911484124,6,41.2621963,69.3170571,primary
911484124,7,41.2622948,69.3170003,primary
911484124,8,41.2645269,69.3156519,primary
911499859,0,41.2730914,69.3108153,primary
911499859,1,41.2730921,69.3107672,primary
911499859,2,41.27309,69.3107233,primary
911499859,3,41.2730853,69.3106778,primary
911499859,4,41.2730774,69.3106318,primary
911738013,0,41.2513229,69.3230046,primary
911738013,1,41.2502503,69.323592,primary
911738013,2,41.2496624,69.3239212,primary
911738013,3,41.2492241,69.3241666,primary
911738013,4,41.2489011,69.3243474,primary
911738013,5,41.248455,69.3245972,primary
911738013,6,41.2481884,69.3247465,primary
911738013,7,41.2478943,69.324908,primary
911738013,8,41.2477512,69.3249865,primary
911738013,9,41.247644,69.3250454,primary
911738027,0,41.247666,69.3252156,primary
911738027,1,41.2477339,69.3251773,primary
911738027,2,41.2477636,69.3251609,primary
911738027,3,41.2477934,69.3251445,primary
911738027,4,41.2486425,69.3246675,primary
911738027,5,41.2502051,69.3238124,primary
914593846,0,41.1969234,69.2005979,primary
914593846,1,41.1974492,69.2017639,primary
917141788,0,41.2676014,69.2659511,primary
917141788,1,41.2676141,69.26604,primary
917141788,2,41.267622,69.2661324,primary
917141788,3,41.2676248,69.266223,primary
917141788,4,41.2676265,69.2663137,primary
917141788,5,41.2676214,69.2666308,primary
917141788,6,41.2676179,69.2668475,primary
919830834,0,41.3550517,69.3569161,primary
919830834,1,41.3551944,69.357055,primary
920265113,0,41.3552598,69.3571187,primary
920265113,1,41.3553586,69.3572148,primary
920265114,0,41.3552598,69.3571187,primary
920265114,1,41.3552478,69.3571411,primary
920265114,2,41.3552372,69.3571652,primary
920265114,3,41.3552254,69.3572036,primary
920265114,4,41.3552171,69.3572402,primary
920265114,5,41.3552112,69.3572776,primary
920265114,6,41.3551948,69.3574389,primary
920265115,0,41.3551702,69.3571596,primary
920265115,1,41.3551832,69.3572275,primary
920265115,2,41.3551905,69.3572972,primary
920265115,3,41.355194,69.3573678,primary
920265115,4,41.3551948,69.3574389,primary
920265116,0,41.3553397,69.3570706,primary
920265116,1,41.3552562,69.3569533,primary
921053037,0,41.2770067,69.2444969,primary
921053037,1,41.2770169,69.2445344,primary
921053037,2,41.2770185,69.2445719,primary
921053037,3,41.2770138,69.2446003,primary
921053037,4,41.2770051,69.2446281,primary
921053037,5,41.2769913,69.2446506,primary
921053037,6,41.276973,69.2446671,primary
921053037,7,41.2769558,69.2446798,primary
921053037,8,41.2769297,69.2446942,primary
921053037,9,41.2769113,69.2447014,primary
921053037,10,41.2768423,69.2447241,primary
921053037,11,41.2762037,69.2448151,primary
922945918,0,41.2700997,69.2113395,trunk
922945918,1,41.2699623,69.2115514,trunk
922945918,2,41.2697692,69.2118491,trunk
922945918,3,41.2693786,69.2124514,trunk
922945918,4,41.2685284,69.2137622,trunk
922945918,5,41.2684774,69.2138409,trunk
922945918,6,41.2683743,69.2139999,trunk
922945919,0,41.2701038,69.2116674,trunk
922945919,1,41.2701476,69.2116,trunk
922945919,2,41.2702508,69.2114414,trunk
926308958,0,41.3669219,69.4164453,primary
926308958,1,41.3668946,69.4163799,primary
926308960,0,41.3668946,69.4163799,primary
926308960,1,41.366844,69.41647,primary
926308962,0,41.3697505,69.405641,primary
926308962,1,41.3709444,69.4024667,primary
926308962,2,41.371014,69.402258,primary
926308962,3,41.3710767,69.4020425,primary
926308962,4,41.3711137,69.4018917,primary
926308962,5,41.3711457,69.4017372,primary
926308962,6,41.3711735,69.4015719,primary
926308962,7,41.3711948,69.4014108,primary
926308962,8,41.3712062,69.4012465,primary
926308962,9,41.3712133,69.4010865,primary
926308962,10,41.3712169,69.4009254,primary
926308962,11,41.3712172,69.400764,primary
926308962,12,41.3712082,69.4005982,primary
926308962,13,41.371193,69.4004311,primary
926308962,14,41.3711746,69.400294,primary
926308962,15,41.3711523,69.400155,primary
926308962,16,41.3711269,69.4000157,primary
926308962,17,41.3710934,69.3998702,primary
926308962,18,41.3710523,69.3997108,primary
926308962,19,41.3710056,69.3995489,primary
926308962,20,41.3709492,69.3993683,primary
926308962,21,41.3708861,69.3991899,primary
926308962,22,41.3708209,69.3990207,primary
926308962,23,41.3707512,69.3988536,primary
926308962,24,41.3705369,69.3983766,primary
926308962,25,41.3704723,69.3982386,primary
926308962,26,41.3703193,69.3978976,primary
926308962,27,41.3702563,69.3977656,primary
926308962,28,41.3701919,69.3976345,primary
926308962,29,41.370115,69.3974816,primary
926308962,30,41.3700336,69.3973294,primary
926308962,31,41.3699747,69.3972246,primary
926308962,32,41.3699127,69.3971206,primary
926308962,33,41.3698351,69.3969946,primary
926308962,34,41.3697517,69.396872,primary
926308962,35,41.3696351,69.3967104,primary
926308962,36,41.369569,69.3966285,primary
926308962,37,41.3695005,69.3965482,primary
926308962,38,41.3694024,69.3964425,primary
926308962,39,41.3693034,69.3963367,primary
926308962,40,41.3691997,69.3962356,primary
926308962,41,41.3690856,69.3961316,primary
926308962,42,41.3689758,69.3960371,primary
926308962,43,41.3688637,69.3959444,primary
935438521,0,41.3190179,69.3111561,primary
935438521,1,41.3190166,69.3111214,primary
935438521,2,41.3190106,69.3110882,primary
935438521,3,41.319003,69.3110597,primary
935438521,4,41.3189912,69.3110316,primary
935438521,5,41.3189757,69.3110091,primary
935438521,6,41.3189557,69.3109886,primary
935438521,7,41.3189368,69.3109724,primary
935438521,8,41.3189164,69.3109593,primary
937885478,0,41.3688637,69.3959444,primary
937885478,1,41.3687366,69.3958538,primary
937885478,2,41.3686438,69.3957962,primary
937885478,3,41.3685486,69.3957417,primary
937885478,4,41.3684522,69.3956908,primary
937885478,5,41.3683566,69.3956429,primary
937885478,6,41.3681684,69.3955624,primary
937885478,7,41.3679802,69.395488,primary
937885478,8,41.3675928,69.3953773,primary
937885478,9,41.3672053,69.3952667,primary
937885478,10,41.3666284,69.395083,primary
937885478,11,41.3664241,69.3950179,primary
944062940,0,41.3248859,69.1929492,trunk
944062940,1,41.3247395,69.1929414,trunk
944062940,2,41.3246061,69.1929393,trunk
944062940,3,41.3241459,69.1929455,trunk
944062940,4,41.3235846,69.192953,trunk
970497786,0,41.2889327,69.3016011,primary
970497786,1,41.2875889,69.3025925,primary
970497786,2,41.2873698,69.3027542,primary
970497787,0,41.2875951,69.3028145,primary
970497787,1,41.28882,69.3018684,primary
970497787,2,41.288957,69.3017586,primary
970497788,0,41.288957,69.3017586,primary
970497788,1,41.2897574,69.3010807,primary
970497789,0,41.2897574,69.3010807,primary
970497789,1,41.2902998,69.3006249,primary
970497789,2,41.2910373,69.2999543,primary
970497789,3,41.2911775,69.2998268,primary
970497789,4,41.2918301,69.2992334,primary
970497789,5,41.2919752,69.2991015,primary
970497789,6,41.2920861,69.2990006,primary
970497789,7,41.292317,69.2987907,primary
970497789,8,41.2930318,69.2981407,primary
970497789,9,41.2935195,69.2977088,primary
970497812,0,41.2871685,69.3029027,primary
970497812,1,41.2865733,69.3032916,primary
970497812,2,41.286484,69.3033499,primary
971019037,0,41.2873698,69.3027542,primary
971019037,1,41.2872491,69.3028432,primary
971019037,2,41.2871685,69.3029027,primary
978235252,0,41.3220623,69.4451599,trunk
978235252,1,41.320998,69.448123,trunk
978235253,0,41.3223104,69.4444666,trunk
978235253,1,41.3220623,69.4451599,trunk
978235255,0,41.320998,69.448123,trunk
978235255,1,41.3209169,69.4483486,trunk
978399816,0,41.3416295,69.3339516,primary
978399816,1,41.3416681,69.3338886,primary
978399816,2,41.3421446,69.3331397,primary
978399816,3,41.3422086,69.3330391,primary
978399816,4,41.3423228,69.3328865,primary
978399817,0,41.3415689,69.333887,primary
978399817,1,41.3405628,69.3354593,primary
978399817,2,41.3405131,69.3355371,primary
978399817,3,41.3404633,69.3356148,primary
978399817,4,41.34044,69.335655,primary
978399817,5,41.3403652,69.3357808,primary
978399817,6,41.3402828,69.3359294,primary
978399818,0,41.3422596,69.332814,primary
978399818,1,41.3419955,69.3332245,primary
978399818,2,41.3416713,69.3337285,primary
978399818,3,41.3415689,69.333887,primary
978399819,0,41.3440585,69.3300253,primary
978399819,1,41.3443523,69.3295463,primary
978399819,2,41.3447626,69.3288717,primary
978399819,3,41.3449164,69.3285936,primary
978399819,4,41.3449477,69.328534,primary
978399819,5,41.3450135,69.328409,primary
978399819,6,41.3452039,69.3280381,primary
981608525,0,41.244311,69.2401219,primary
981608525,1,41.2434296,69.2402671,primary
981608525,2,41.2426928,69.2403941,primary
981608525,3,41.241379,69.2406745,primary
981608525,4,41.2400421,69.2409367,primary
981608525,5,41.2392121,69.2411472,primary
981608525,6,41.2382389,69.2413613,primary
981608525,7,41.2372401,69.2415531,primary
981608525,8,41.2352456,69.2418718,primary
986647989,0,41.2328252,69.1860115,primary
986647989,1,41.2320148,69.1853489,primary
986647989,2,41.2309358,69.1844772,primary
986647989,3,41.2306316,69.1842314,primary
986647989,4,41.2300924,69.183797,primary
986647989,5,41.2294897,69.1833158,primary
986647989,6,41.2291812,69.1830602,primary
986647989,7,41.2290346,69.1829185,primary
986647989,8,41.2288894,69.1827712,primary
986647989,9,41.228696,69.1825439,primary
986647989,10,41.2285074,69.1823036,primary
986647989,11,41.2281673,69.1818569,primary
986647989,12,41.2281319,69.1818114,primary
986647989,13,41.2279632,69.1815946,primary
986647989,14,41.2279372,69.1815612,primary
986647990,0,41.2276351,69.1811731,primary
986647990,1,41.2274597,69.1809478,primary
986647990,2,41.2269636,69.1803387,primary
986647990,3,41.2265093,69.1797698,primary
986647990,4,41.2264052,69.1796603,primary
986647990,5,41.2262991,69.1795662,primary
986647990,6,41.2261406,69.1794383,primary
986647991,0,41.198714,69.1577666,primary
986647991,1,41.1987924,69.157845,primary
986647991,2,41.1988444,69.157897,primary
986647991,3,41.1989243,69.157977,primary
986647991,4,41.1989725,69.1580252,primary
986647991,5,41.1990197,69.1580725,primary
986647991,6,41.1990797,69.1581326,primary
986647991,7,41.1991743,69.1582272,primary
988100687,0,41.272415,69.208114,trunk
988100687,1,41.272968,69.2072638,trunk
988100687,2,41.2730091,69.2072006,trunk
988100687,3,41.2732118,69.206889,trunk
988100687,4,41.2733007,69.2067523,trunk
988100687,5,41.2734516,69.2065202,trunk
992661205,0,41.2743091,69.3101492,primary
992661205,1,41.2760438,69.3091942,primary
992661205,2,41.2780251,69.3081063,primary
992661205,3,41.2782631,69.3079701,primary
992661205,4,41.2784606,69.3078571,primary
993062497,0,41.2783091,69.3077405,primary
993062497,1,41.2774073,69.3082354,primary
993062499,0,41.2786167,69.3071857,primary
993062499,1,41.2778093,69.3078635,primary
993062499,2,41.2774073,69.3082354,primary
996986602,0,41.2624645,69.4237491,trunk
996986602,1,41.2632433,69.4248834,trunk
996986602,2,41.2644182,69.4265057,trunk
996986602,3,41.2653919,69.4279074,trunk
996986603,0,41.2695824,69.4334857,trunk
996986603,1,41.2693917,69.433223,trunk
996986603,2,41.2676401,69.4308106,trunk
996986603,3,41.265881,69.4283996,trunk
996986603,4,41.2654579,69.4278213,trunk
996986603,5,41.2633086,69.4247933,trunk
996986603,6,41.2625337,69.4236569,trunk
996986606,0,41.2767611,69.4433907,trunk
996986606,1,41.2763595,69.4428394,trunk
996986607,0,41.2775431,69.4444551,trunk
996986607,1,41.2773711,69.4442265,trunk
996986607,2,41.2770336,69.4437649,trunk
996986607,3,41.2767611,69.4433907,trunk
996986608,0,41.2793841,69.4461678,trunk
996986608,1,41.2792809,69.4460982,trunk
996986608,2,41.2791502,69.44601,trunk
996986608,3,41.2789208,69.4458445,trunk
996986608,4,41.278704,69.445665,trunk
996986608,5,41.2784975,69.4454797,trunk
996986608,6,41.2782932,69.4452907,trunk
996986608,7,41.2781547,69.44515,trunk
996986608,8,41.2780976,69.445092,trunk
996986608,9,41.277906,69.4448874,trunk
996986608,10,41.2777217,69.4446789,trunk
996986608,11,41.2775431,69.4444551,trunk
996986616,0,41.2834416,69.4486059,trunk
996986616,1,41.2831306,69.448419,trunk
996986616,2,41.2829975,69.4483391,trunk
996986616,3,41.2809417,69.4471037,trunk
996986616,4,41.2805003,69.4468385,trunk
996986616,5,41.2793841,69.4461678,trunk
996986621,0,41.2879722,69.4513285,trunk
996986621,1,41.2876673,69.4511453,trunk
996986621,2,41.2872843,69.4509174,trunk
996986621,3,41.2871403,69.4508316,trunk
996986621,4,41.2834416,69.4486059,trunk
996986622,0,41.2835273,69.4487883,trunk
996986622,1,41.2871022,69.4509386,trunk
996986622,2,41.2872506,69.4510272,trunk
996986622,3,41.2878316,69.4513736,trunk
996986622,4,41.2884886,69.4517683,trunk
996986622,5,41.288739,69.4519187,trunk
997109205,0,41.2672681,69.3668633,trunk
997109205,1,41.2672535,69.3669737,trunk
997109205,2,41.267233,69.367079,trunk
997109205,3,41.2672106,69.3671472,trunk
997109205,4,41.2671989,69.3671829,trunk
997109205,5,41.2671657,69.3672613,trunk
997109205,6,41.2671052,69.3673864,trunk
997109205,7,41.2670404,69.3675014,trunk
997109205,8,41.2669695,69.3676252,trunk
997109205,9,41.2668962,69.3677448,trunk
997109205,10,41.2668101,69.3678644,trunk
997109205,11,41.2663646,69.3684249,trunk
997109205,12,41.2662719,69.3685415,trunk
997109205,13,41.2624765,69.373364,trunk
997109205,14,41.2624458,69.373424,trunk
997109205,15,41.2624204,69.3735091,trunk
997109205,16,41.2624075,69.3735973,trunk
997109205,17,41.2624006,69.3736715,trunk
997109205,18,41.2623902,69.3738319,trunk
997109205,19,41.2623779,69.3739666,trunk
997109205,20,41.2623479,69.3741979,trunk
997109205,21,41.2622939,69.3744376,trunk
997109205,22,41.2622332,69.3746297,trunk
997109205,23,41.2621663,69.3747781,trunk
997109205,24,41.2621087,69.3748727,trunk
997109205,25,41.262019,69.3749871,trunk
997109205,26,41.2619482,69.3750644,trunk
997109206,0,41.2672681,69.3668633,trunk
997109206,1,41.2672801,69.3668915,trunk
997109207,0,41.2672743,69.3667871,trunk
997109207,1,41.2672801,69.3668915,trunk
997109208,0,41.2478004,69.3922013,trunk
997109208,1,41.2486301,69.3911518,trunk
997109208,2,41.248698,69.3910661,trunk
997109208,3,41.2492978,69.3903081,trunk
997109208,4,41.2496241,69.3898916,trunk
997109208,5,41.2506498,69.3885822,trunk
997109208,6,41.251669,69.3872916,trunk
997109208,7,41.2519851,69.3868914,trunk
997109208,8,41.2525685,69.3861526,trunk
997109210,0,41.2543042,69.383723,trunk
997109210,1,41.2541218,69.3839548,trunk
997109210,2,41.254077,69.3840118,trunk
997185033,0,41.2606198,69.4209709,trunk
997185033,1,41.2611466,69.4218055,trunk
997185033,2,41.2621904,69.42335,trunk
997185033,3,41.2624645,69.4237491,trunk
997185034,0,41.2595243,69.4190309,trunk
997185034,1,41.2594946,69.4189793,trunk
997185034,2,41.2564112,69.4141396,trunk
997185037,0,41.2597486,69.4195907,trunk
997185037,1,41.2598736,69.4197888,trunk
997185037,2,41.2602221,69.4203409,trunk
997965977,0,41.323447,69.4412791,trunk
997965977,1,41.3231092,69.4422115,trunk
997965977,2,41.3226698,69.4434625,trunk
997965977,3,41.3223104,69.4444666,trunk
998127384,0,41.3066044,69.3434237,trunk
998127384,1,41.3065922,69.3433135,trunk
998127384,2,41.3058005,69.3361807,trunk
1005556668,0,41.3113468,69.255669,primary
1005556668,1,41.3114287,69.2537944,primary
1005556668,2,41.3114397,69.2535432,primary
1006592618,0,41.191767,69.0953188,trunk
1006592618,1,41.1918041,69.0953712,trunk
1006592618,2,41.1935752,69.0978779,trunk
1006592618,3,41.1940617,69.0985532,trunk
1006592618,4,41.1973708,69.1032435,trunk
1006592620,0,41.2016868,69.1091339,trunk
1006592620,1,41.2012707,69.1085447,trunk
1006592620,2,41.2010179,69.1081856,trunk
1006592620,3,41.2009164,69.1080391,trunk
1006592620,4,41.2006085,69.1076072,trunk
1006592620,5,41.1999483,69.106681,trunk
1006592620,6,41.1995449,69.1061152,trunk
1006592620,7,41.1994512,69.1059838,trunk
1006592620,8,41.1987186,69.1049562,trunk
1006592620,9,41.1983654,69.1044609,trunk
1006592620,10,41.1981641,69.104171,trunk
1006592622,0,41.1980872,69.104259,trunk
1006592622,1,41.1982988,69.1045589,trunk
1006592622,2,41.1996435,69.1064386,trunk
1006592622,3,41.2008488,69.1081236,trunk
1006592622,4,41.2009372,69.1082506,trunk
1006592622,5,41.2010916,69.1084724,trunk
1006592622,6,41.2011999,69.1086189,trunk
1006592622,7,41.2013794,69.1088727,trunk
1006592622,8,41.2015753,69.1091498,trunk
1010041508,0,41.271715,69.3115919,primary
1010041508,1,41.271929,69.3114655,primary
1010041510,0,41.2666164,69.3144452,primary
1010041510,1,41.2668931,69.3142854,primary
1010041511,0,41.265846,69.3147006,primary
1010041511,1,41.2657971,69.3147306,primary
1010041511,2,41.2656748,69.3148055,primary
1010041511,3,41.2655229,69.3148955,primary
1010041511,4,41.2649262,69.3152468,primary
1010041511,5,41.2647663,69.3153416,primary
1010041511,6,41.2645617,69.315458,primary
1010041511,7,41.2641062,69.3157332,primary
1010041512,0,41.2668377,69.3141119,primary
1010041512,1,41.2665149,69.3142957,primary
1010266692,0,41.2791929,69.3075226,primary
1010266692,1,41.2796615,69.3073351,primary
1010266720,0,41.2796615,69.3073351,primary
1010266720,1,41.2801022,69.3071162,primary
1010266720,2,41.2803861,69.3069849,primary
1010266721,0,41.2803861,69.3069849,primary
1010266721,1,41.28051,69.3069159,primary
1010266721,2,41.2807736,69.3067689,primary
1010266724,0,41.280702,69.3064168,primary
1010266724,1,41.2805174,69.3064949,primary
1010266724,2,41.2804059,69.3065508,primary
1010266724,3,41.2802666,69.3066176,primary
1015320099,0,41.3379934,69.2568548,primary
1015320099,1,41.3379058,69.25678,primary
1015320099,2,41.3376992,69.256576,primary
1015320104,0,41.3377877,69.256899,primary
1015320104,1,41.3378538,69.2569568,primary
1015320104,2,41.3379438,69.2570203,primary
1015320125,0,41.3401261,69.2509499,primary
1015320125,1,41.3401453,69.2508823,primary
1015320125,2,41.3401715,69.2507934,primary
1015320126,0,41.339961,69.251476,primary
1015320126,1,41.3400964,69.2510528,primary
1015320126,2,41.3401261,69.2509499,primary
1015320136,0,41.3381176,69.256939,primary
1015320136,1,41.3381539,69.2567908,primary
1015320136,2,41.338395,69.2560437,primary
1015320137,0,41.3383004,69.2570441,primary
1015320137,1,41.3382121,69.2569937,primary
1015320137,2,41.3381176,69.256939,primary
1015320173,0,41.3390817,69.2575176,primary
1015320173,1,41.3393703,69.2575898,primary
1015320173,2,41.3395438,69.2576144,primary
1015320173,3,41.3397099,69.2576226,primary
1015320174,0,41.3397099,69.2576226,primary
1015320174,1,41.3398663,69.2576262,primary
1015320174,2,41.3400219,69.2576252,primary
1015320174,3,41.340173,69.2576214,primary
1015320174,4,41.3403241,69.2576107,primary
1015320175,0,41.3403241,69.2576107,primary
1015320175,1,41.3411148,69.2575207,primary
1015320175,2,41.3417706,69.257446,primary
1015320175,3,41.3419394,69.2574286,primary
1015320175,4,41.3421081,69.2574257,primary
1015320175,5,41.3422932,69.2574258,primary
1015320175,6,41.3424799,69.2574365,primary
1015320175,7,41.3426096,69.2574497,primary
1015320175,8,41.3427394,69.2574659,primary
1015320175,9,41.3428994,69.2574948,primary
1015320175,10,41.3430406,69.2575249,primary
1015320175,11,41.3431396,69.2575484,primary
1015930954,0,41.3376434,69.2577414,primary
1015930954,1,41.3374307,69.2582058,primary
1016214890,0,41.3576268,69.2725138,primary
1016214890,1,41.3575397,69.2723439,primary
1016214890,2,41.3574018,69.2720513,primary
1016214890,3,41.3572548,69.2717726,primary
1016214890,4,41.3570635,69.2714349,primary
1016214890,5,41.3568867,69.2711442,primary
1016214890,6,41.3567785,69.2709724,primary
1016214890,7,41.3566692,69.2708069,primary
1016214890,8,41.3564904,69.270564,primary
1016214892,0,41.3591544,69.2765178,primary
1016214892,1,41.3598584,69.2781664,primary
1016214896,0,41.3605815,69.2797711,primary
1016214896,1,41.3606431,69.2799079,primary
1016214896,2,41.3615788,69.2820356,primary
1016214896,3,41.3623043,69.2836731,primary
1016214896,4,41.3623428,69.2837573,primary
1016214896,5,41.3628305,69.2848801,primary
1016214896,6,41.363205,69.2856679,primary
1016214899,0,41.3607397,69.2796539,primary
1016214899,1,41.3604178,69.2789248,primary
1017789669,0,41.3036864,69.3421306,trunk
1017789669,1,41.3032383,69.3426323,trunk
1017789669,2,41.3029841,69.34293,trunk
1017789669,3,41.3021153,69.3438893,trunk
1017789669,4,41.3014434,69.3446323,trunk
1017789669,5,41.301352,69.3447363,trunk
1017789669,6,41.3012615,69.3448441,trunk
1017789669,7,41.3011267,69.3450082,trunk
1017789669,8,41.3009945,69.345177,trunk
1017789669,9,41.3008697,69.3453445,trunk
1017789669,10,41.3007445,69.3455167,trunk
1017789669,11,41.3001476,69.3464254,trunk
1017789669,12,41.3000299,69.3466173,trunk
1018402145,0,41.3128898,69.2799125,primary
1018402145,1,41.3128812,69.2798905,primary
1018402145,2,41.3128737,69.2798684,primary
1018402145,3,41.312868,69.2798454,primary
1018402145,4,41.3128635,69.2798222,primary
1018402145,5,41.312861,69.2797981,primary
1018402145,6,41.3128599,69.2797741,primary
1018402145,7,41.3128595,69.27975,primary
1018402145,8,41.3128609,69.2797258,primary
1018402145,9,41.3128645,69.2796936,primary
1018402145,10,41.312871,69.2796518,primary
1018402145,11,41.3130001,69.279065,primary
1018402145,12,41.3130023,69.2790522,primary
1018402145,13,41.3130039,69.2790394,primary
1018402145,14,41.3130051,69.2790265,primary
1018402145,15,41.3130053,69.2790138,primary
1018402145,16,41.3130048,69.279001,primary
1018402145,17,41.3130029,69.2789878,primary
1018402145,18,41.3130008,69.2789761,primary
1018402145,19,41.3129976,69.278964,primary
1018402145,20,41.3129929,69.2789524,primary
1018402145,21,41.3129874,69.2789413,primary
1018402145,22,41.3129807,69.2789309,primary
1018402145,23,41.3129735,69.2789221,primary
1018402145,24,41.3129654,69.2789151,primary
1018402145,25,41.3129565,69.2789083,primary
1018402145,26,41.3129385,69.2788977,primary
1019049327,0,41.3212283,69.2352541,primary
1019049327,1,41.3214631,69.2355224,primary
1019049328,0,41.3207125,69.2346648,primary
1019049328,1,41.3212283,69.2352541,primary
1021999714,0,41.1981641,69.104171,trunk
1021999714,1,41.1972853,69.1029237,trunk
1021999714,2,41.1951202,69.0998507,trunk
1027063747,0,41.2890692,69.2822916,trunk
1027063747,1,41.2891652,69.2823409,trunk
1027063748,0,41.2887189,69.2820891,trunk
1027063748,1,41.288917,69.2822136,trunk
1030665090,0,41.3169301,69.3163838,primary
1030665090,1,41.316792,69.316274,primary
1030665090,2,41.31667,69.3161697,primary
1030665090,3,41.3165382,69.316085,primary
1030665090,4,41.315952,69.3157549,primary
1031506890,0,41.1648646,69.2590464,trunk
1031506890,1,41.164387,69.2634178,trunk
1031506900,0,41.164387,69.2634178,trunk
1031506900,1,41.1640846,69.2662489,trunk
1031506900,2,41.1639298,69.2676778,trunk
1031506900,3,41.1637666,69.2692021,trunk
1031506902,0,41.1644984,69.2634381,trunk
1031506902,1,41.1649704,69.2590651,trunk
1031506912,0,41.1638938,69.2692236,trunk
1031506912,1,41.1640435,69.2677123,trunk
1031506912,2,41.1641896,69.2662552,trunk
1031506912,3,41.1644543,69.2638403,trunk
1031506912,4,41.1644984,69.2634381,trunk
1044304654,0,41.1867842,69.1949297,trunk
1044304654,1,41.1863144,69.1953435,trunk
1044304654,2,41.1860776,69.1955522,trunk
1044304654,3,41.1860223,69.1956009,trunk
1044304654,4,41.1854516,69.1961036,trunk
1044304654,5,41.1846953,69.1967698,trunk
1044304654,6,41.183494,69.197846,trunk
1044304654,7,41.1829758,69.1983101,trunk
1044304654,8,41.181909,69.1992658,trunk
1044304654,9,41.1814994,69.1996327,trunk
1044304654,10,41.1806776,69.2003645,trunk
1044304654,11,41.1797649,69.2011812,trunk
1044304654,12,41.1790642,69.2018081,trunk
1044304655,0,41.1789445,69.2020946,trunk
1044304655,1,41.1789911,69.202053,trunk
1044304655,2,41.1819223,69.1994345,trunk
1044304655,3,41.1831821,69.1983091,trunk
1044304655,4,41.1834756,69.1980482,trunk
1044304655,5,41.1847638,69.1969027,trunk
1044304655,6,41.1858367,69.1959384,trunk
1044304655,7,41.1863302,69.1954948,trunk
1044304678,0,41.1662204,69.2424444,trunk
1044304678,1,41.1662338,69.245548,trunk
1044304678,2,41.1662284,69.2459258,trunk
1044304678,3,41.166213,69.2462962,trunk
1044304678,4,41.1661921,69.2466672,trunk
1044304678,5,41.166159,69.2470355,trunk
1044304678,6,41.1660076,69.2485081,trunk
1044304680,0,41.1661043,69.2485161,trunk
1044304680,1,41.166256,69.2470453,trunk
1044304680,2,41.1662864,69.2466755,trunk
1044304680,3,41.1663087,69.2463058,trunk
1044304680,4,41.1663275,69.2459361,trunk
1044304680,5,41.1663403,69.2455593,trunk
1044304680,6,41.1663492,69.2424955,trunk
1044496337,0,41.1991121,69.3278154,trunk
1044496337,1,41.1990751,69.3277435,trunk
1044496337,2,41.199034,69.3276761,trunk
1044496337,3,41.1989901,69.3276124,trunk
1044496337,4,41.1989414,69.327557,trunk
1044496337,5,41.1988844,69.3275085,trunk
1044496337,6,41.1988259,69.3274664,trunk
1044496337,7,41.1987652,69.3274299,trunk
1044496337,8,41.1987031,69.3273998,trunk
1044496337,9,41.1984556,69.3272942,trunk
1044496337,10,41.1981851,69.3271887,trunk
1044496337,11,41.1981292,69.327156,trunk
1044496337,12,41.1980744,69.3271155,trunk
1044496337,13,41.198022,69.3270709,trunk
1044496337,14,41.1979729,69.3270178,trunk
1044496337,15,41.1962716,69.3247738,trunk
1044496337,16,41.1957891,69.324298,trunk
1046562065,0,41.2181997,69.3545782,trunk
1046562065,1,41.218107,69.3544351,trunk
1046562065,2,41.217859,69.3540521,trunk
1046562065,3,41.2178513,69.3540401,trunk
1046562065,4,41.2174791,69.3534654,trunk
1046562065,5,41.2172878,69.3531619,trunk
1046562065,6,41.2170483,69.352626,trunk
1046562073,0,41.2164253,69.3520903,trunk
1046562073,1,41.2173629,69.3535146,trunk
1046562073,2,41.2178486,69.3542657,trunk
1046562073,3,41.2181139,69.3546762,trunk
1046562077,0,41.2181139,69.3546762,trunk
1046562077,1,41.2185544,69.3553629,trunk
1046562077,2,41.2189978,69.3560431,trunk
1046562077,3,41.220004,69.3575999,trunk
1046562077,4,41.2206671,69.3586242,trunk
1046562077,5,41.2211243,69.3593316,trunk
1046562077,6,41.2223755,69.3612654,trunk
1046562077,7,41.2224494,69.3613797,trunk
1046562077,8,41.2231522,69.3625045,trunk
1046562077,9,41.2237136,69.3633779,trunk
1046562077,10,41.223973,69.3637842,trunk
1046562077,11,41.2251336,69.3656023,trunk
1046562077,12,41.2255616,69.3662832,trunk
1046562077,13,41.2259426,69.3668569,trunk
1046562077,14,41.2261685,69.3672186,trunk
1046562077,15,41.2264193,69.3676249,trunk
1046562077,16,41.2267008,69.3680722,trunk
1046562077,17,41.2269632,69.3684878,trunk
1046562077,18,41.2274389,69.3692413,trunk
1046562077,19,41.2281363,69.3703265,trunk
1046562078,0,41.2225809,69.3613497,trunk
1046562078,1,41.2200908,69.3575005,trunk
1046562078,2,41.2183385,69.3547919,trunk
1046562078,3,41.2181997,69.3545782,trunk
1046562079,0,41.2282684,69.3702036,trunk
1046562079,1,41.2271244,69.3684227,trunk
1046562079,2,41.2261045,69.3668289,trunk
1046562079,3,41.2256715,69.3661609,trunk
1046562079,4,41.2252297,69.3654863,trunk
1046562079,5,41.2242074,69.3638816,trunk
1046562079,6,41.2240667,69.3636626,trunk
1046562079,7,41.2236778,69.3630573,trunk
1046562079,8,41.2231739,69.3622728,trunk
1046562079,9,41.2229582,69.361937,trunk
1046577937,0,41.2363095,69.4022012,trunk
1046577937,1,41.2373342,69.4021797,trunk
1046577937,2,41.2377438,69.4021472,trunk
1046577937,3,41.238264,69.4020644,trunk
1046577937,4,41.2386204,69.4019839,trunk
1046577937,5,41.2390829,69.4018579,trunk
1046577937,6,41.2393976,69.4017559,trunk
1046577937,7,41.2395435,69.4016904,trunk
1046577937,8,41.2396874,69.401614,trunk
1046577937,9,41.2400036,69.4014126,trunk
1046577937,10,41.240185,69.4012853,trunk
1046577937,11,41.2403649,69.4011487,trunk
1046904465,0,41.2528292,69.4084949,trunk
1046904465,1,41.2515047,69.4064502,trunk
1046904465,2,41.2514151,69.4063123,trunk
1046904465,3,41.2513375,69.406193,trunk
1046904466,0,41.2499545,69.4042285,trunk
1046904466,1,41.2501006,69.404452,trunk
1046904466,2,41.2504384,69.4049711,trunk
1046978023,0,41.2653919,69.4279074,trunk
1046978023,1,41.2675695,69.4309028,trunk
1046978023,2,41.269521,69.4335831,trunk
1047720498,0,41.2640829,69.2645746,primary
1047720498,1,41.2640396,69.2645888,primary
1047720498,2,41.2640055,69.2646107,primary
1047720498,3,41.2639729,69.2646408,primary
1047720498,4,41.2639432,69.2646769,primary
1047720498,5,41.2639186,69.2647208,primary
1047720498,6,41.2638993,69.2647692,primary
1047720498,7,41.2638852,69.2648219,primary
1047720498,8,41.2638764,69.2648791,primary
1047720498,9,41.2638735,69.2649357,primary
1047720498,10,41.263876,69.2649905,primary
1047720498,11,41.2638825,69.2650451,primary
1047720498,12,41.2638931,69.2650989,primary
1047720498,13,41.263908,69.2651576,primary
1047720498,14,41.2639284,69.2652216,primary
1047720498,15,41.2639521,69.2652839,primary
1047783079,0,41.3051658,69.3409274,trunk
1047783079,1,41.3056381,69.3405843,trunk
1047783079,2,41.3057212,69.3405302,trunk
1047783079,3,41.305738,69.3405222,trunk
1047783079,4,41.3058257,69.3404803,trunk
1047783079,5,41.3059142,69.340448,trunk
1047783079,6,41.3060234,69.3404232,trunk
1047783079,7,41.3061338,69.340407,trunk
1047783079,8,41.3062404,69.3403998,trunk
1047783079,9,41.3063313,69.3404088,trunk
1047783079,10,41.3064466,69.3404356,trunk
1047783079,11,41.3065481,69.3404678,trunk
1047783079,12,41.3066476,69.3405076,trunk
1047783079,13,41.3067791,69.3405791,trunk
1047783079,14,41.3069004,69.340656,trunk
1047783079,15,41.3070358,69.3407545,trunk
1047783079,16,41.3071696,69.3408753,trunk
1047783079,17,41.3073123,69.3410047,trunk
1050354458,0,41.3553397,69.3570706,primary
1050354458,1,41.3553187,69.3570741,primary
1050354458,2,41.3552977,69.3570831,primary
1050354458,3,41.3552771,69.3570978,primary
1050354458,4,41.3552598,69.3571187,primary
1050502391,0,41.2591125,69.2384488,primary
1050502391,1,41.2574576,69.2386569,primary
1050502391,2,41.2558104,69.2388953,primary
1050502391,3,41.2549878,69.2390254,primary
1050502391,4,41.2541619,69.2391227,primary
1050502391,5,41.2525101,69.2392656,primary
1050502391,6,41.2512052,69.239415,primary
1050502391,7,41.2508969,69.2394453,primary
1050502391,8,41.249737,69.2395338,primary
1050502391,9,41.2486866,69.2396435,primary
1050502391,10,41.2472765,69.2397814,primary
1050502391,11,41.2459743,69.2399066,primary
1050502391,12,41.2453037,69.2399911,primary
1050502391,13,41.244311,69.2401219,primary
1050502392,0,41.2443165,69.240272,primary
1050502392,1,41.2453092,69.2401541,primary
1050502392,2,41.2459603,69.2400753,primary
1050502392,3,41.2472865,69.2399495,primary
1050502392,4,41.2487104,69.2398222,primary
1050502392,5,41.2499288,69.2397242,primary
1050502392,6,41.251212,69.2395875,primary
1050502392,7,41.2525247,69.2394509,primary
1050502392,8,41.2541718,69.2392808,primary
1050502392,9,41.254997,69.2391831,primary
1050502392,10,41.2558189,69.2390527,primary
1050502392,11,41.2574635,69.2388138,primary
1050502392,12,41.2591191,69.2385917,primary
1050502393,0,41.2659201,69.2374431,primary
1050502393,1,41.2658928,69.2374668,primary
1050502393,2,41.265826,69.2375205,primary
1050502393,3,41.2657592,69.2375705,primary
1050502393,4,41.2656918,69.2376134,primary
1050502393,5,41.2656193,69.2376537,primary
1050502393,6,41.2655532,69.237684,primary
1050502393,7,41.265476,69.2377175,primary
1050502393,8,41.2653866,69.2377509,primary
1050502393,9,41.2653144,69.2377739,primary
1050502393,10,41.2652454,69.2377901,primary
1050502393,11,41.2651499,69.2378075,primary
1050502393,12,41.2650318,69.2378233,primary
1050502393,13,41.2648815,69.2378405,primary
1050502393,14,41.2641176,69.2378924,primary
1050502393,15,41.2627909,69.2380252,primary
1050502393,16,41.2609516,69.2381952,primary
1050502393,17,41.2591125,69.2384488,primary
1050502394,0,41.2628039,69.2381557,primary
1050502394,1,41.2632535,69.2380876,primary
1050502394,2,41.2645668,69.2379675,primary
1050502394,3,41.2651142,69.2379125,primary
1050502394,4,41.2652659,69.2378923,primary
1050502394,5,41.2653274,69.2378793,primary
1050502394,6,41.2654258,69.2378544,primary
1050502394,7,41.2655384,69.2378068,primary
1050502394,8,41.2656297,69.2377608,primary
1050502394,9,41.2657155,69.2377118,primary
1050502394,10,41.2657912,69.2376653,primary
1050502394,11,41.2658615,69.2376143,primary
1050502394,12,41.2659294,69.2375575,primary
1050502394,13,41.2659542,69.2375352,primary
1051627476,0,41.3552669,69.3764634,primary
1051627476,1,41.3555915,69.3770648,primary
1051627476,2,41.3556427,69.3771548,primary
1051627476,3,41.3557677,69.3773765,primary
1051748315,0,41.2052752,69.2202153,primary
1051748315,1,41.2051442,69.2199091,primary
1052464926,0,41.3261585,69.429687,trunk
1052464926,1,41.3261465,69.430422,trunk
1052464926,2,41.3261327,69.4306993,trunk
1052464926,3,41.3261149,69.4309765,trunk
1052464926,4,41.3260946,69.4312507,trunk
1052464926,5,41.3260702,69.4315285,trunk
1052464926,6,41.326039,69.4318031,trunk
1052464926,7,41.3260004,69.4320764,trunk
1052464926,8,41.3259499,69.4324098,trunk
1052487923,0,41.358135,69.3839174,primary
1052487923,1,41.3582818,69.3845354,primary
1052487923,2,41.3585111,69.3855007,primary
1052487923,3,41.3585449,69.385643,primary
1052487923,4,41.3586198,69.3859355,primary
1053750030,0,41.2443444,69.2473831,trunk
1053750030,1,41.2443417,69.2485005,trunk
1053750030,2,41.2443407,69.2489099,trunk
1053750030,3,41.2443393,69.2495158,trunk
1053750030,4,41.2443389,69.2496747,trunk
1053750030,5,41.2443379,69.2501217,trunk
1053750030,6,41.2443364,69.2507358,trunk
1053750030,7,41.2443335,69.2519284,trunk
1053750030,8,41.2443329,69.2521959,trunk
1053750030,9,41.2443286,69.2540011,trunk
1053750030,10,41.2443259,69.2551339,trunk
1053750030,11,41.2443239,69.2559908,trunk
1053750030,12,41.2443231,69.2562973,trunk
1053750038,0,41.2437052,69.2223894,trunk
1053750038,1,41.2437406,69.2234283,trunk
1053750038,2,41.2437576,69.2239275,trunk
1053750038,3,41.2437762,69.2244731,trunk
1053750038,4,41.2437929,69.2249948,trunk
1053750038,5,41.2438237,69.2259557,trunk
1053750038,6,41.2438408,69.2264869,trunk
1053750038,7,41.2438426,69.2265444,trunk
1053750038,8,41.2438725,69.2274762,trunk
1053750038,9,41.2438838,69.2278299,trunk
1053750038,10,41.2439009,69.2283632,trunk
1053750038,11,41.2439017,69.2283891,trunk
1053750038,12,41.243924,69.2290855,trunk
1053750038,13,41.2439259,69.2291448,trunk
1053750038,14,41.2439373,69.2294996,trunk
1053750038,15,41.2439638,69.2303257,trunk
1053750038,16,41.2439678,69.2304514,trunk
1053750038,17,41.2440048,69.2316046,trunk
1053750038,18,41.2440316,69.2324408,trunk
1053750038,19,41.2440612,69.2333639,trunk
1053750038,20,41.2440616,69.2333795,trunk
1053750038,21,41.2440695,69.2336686,trunk
1053750038,22,41.2440769,69.2338552,trunk
1061171979,0,41.3239494,69.2423559,primary
1061171979,1,41.3237459,69.2424973,primary
1061171979,2,41.3236672,69.2425447,primary
1061171979,3,41.3235535,69.2425913,primary
1061171979,4,41.3233307,69.2426558,primary
1061171979,5,41.323106,69.2426973,primary
1061171979,6,41.3228784,69.2427162,primary
1061171979,7,41.3226528,69.2427234,primary
1061171979,8,41.3224199,69.2427102,primary
1061171979,9,41.3221851,69.2426842,primary
1065352551,0,41.2526925,69.2155956,primary
1065352551,1,41.2531492,69.2164583,primary
1065352551,2,41.2531734,69.2165074,primary
1065352551,3,41.2532413,69.2166508,primary
1068267764,0,41.2352456,69.2418718,primary
1068267764,1,41.2329296,69.2421959,primary
1068267764,2,41.2316814,69.2423929,primary
1068267764,3,41.2304912,69.2425538,primary
1068267764,4,41.2287649,69.2427262,primary
1068267764,5,41.2282857,69.242775,primary
1068267764,6,41.2281047,69.2427976,primary
1068267764,7,41.2275461,69.242871,primary
1068267764,8,41.2268512,69.2429623,primary
1068267764,9,41.2259104,69.2431021,primary
1068267764,10,41.224465,69.243317,primary
1068267764,11,41.2236953,69.2434317,primary
1068267764,12,41.2229192,69.2435417,primary
1068267764,13,41.2209533,69.2437559,primary
1068267764,14,41.2205879,69.2438003,primary
1068267764,15,41.2203909,69.2438172,primary
1068267764,16,41.2199514,69.2438454,primary
1068267764,17,41.2196767,69.2438713,primary
1068267765,0,41.2352381,69.2420367,primary
1068267765,1,41.237239,69.2417293,primary
1068267765,2,41.2382544,69.2415331,primary
1068267765,3,41.2392197,69.2413316,primary
1068267765,4,41.2400695,69.2411628,primary
1068267765,5,41.2409302,69.2409486,primary
1068267765,6,41.2414401,69.2408335,primary
1068267765,7,41.2428725,69.2405259,primary
1068267765,8,41.2434251,69.2404316,primary
1068267765,9,41.2443165,69.240272,primary
1070099442,0,41.2645787,69.2654998,primary
1070099442,1,41.264617,69.2654367,primary
1070099442,2,41.264652,69.2653703,primary
1070099442,3,41.2646845,69.2652885,primary
1070099442,4,41.2647076,69.2652162,primary
1070099442,5,41.2647186,69.265177,primary
1070099442,6,41.264728,69.2651379,primary
1070099442,7,41.2647355,69.2650991,primary
1070099442,8,41.2647416,69.2650589,primary
1070099442,9,41.2647454,69.2650214,primary
1070099442,10,41.2647451,69.2649821,primary
1070099442,11,41.2647417,69.2649402,primary
1070099442,12,41.2647352,69.2648974,primary
1070099442,13,41.2647255,69.2648627,primary
1070099442,14,41.2647114,69.2648285,primary
1070099442,15,41.2646951,69.2647949,primary
1070099442,16,41.2646774,69.2647654,primary
1070099442,17,41.26466,69.2647402,primary
1070099442,18,41.2646401,69.2647158,primary
1070099442,19,41.264619,69.2646931,primary
1070099442,20,41.2645933,69.264669,primary
1070099442,21,41.2645663,69.264646,primary
1070099442,22,41.2645413,69.264626,primary
1070099442,23,41.2645147,69.2646077,primary
1070099442,24,41.2644872,69.2645906,primary
1070099442,25,41.2644587,69.2645743,primary
1070099442,26,41.2644356,69.2645655,primary
1070099442,27,41.2644135,69.2645594,primary
1070099442,28,41.2643174,69.2645416,primary
1072867698,0,41.3109717,69.2404017,primary
1072867698,1,41.3112198,69.2403768,primary
1072867698,2,41.3115876,69.2404023,primary
1072867698,3,41.3116636,69.2404087,primary
1072867698,4,41.311711,69.2404122,primary
1072867698,5,41.3117663,69.2404166,primary
1072867699,0,41.3118444,69.240392,primary
1072867699,1,41.3118859,69.2403664,primary
1072867699,2,41.3119239,69.2403349,primary
1072867699,3,41.3119568,69.240296,primary
1072867699,4,41.3119815,69.2402533,primary
1072867699,5,41.3120045,69.2401976,primary
1072867700,0,41.3116712,69.2402681,primary
1072867700,1,41.3114714,69.240247,primary
1072867700,2,41.3113133,69.2402302,primary
1072867700,3,41.3112088,69.2402205,primary
1072867701,0,41.311747,69.2410698,primary
1072867701,1,41.3118072,69.2415512,primary
1072867701,2,41.3117852,69.2421823,primary
1072867701,3,41.3117862,69.24222,primary
1072867701,4,41.3117895,69.2422576,primary
1072867701,5,41.3117929,69.2422822,primary
1072867701,6,41.3117985,69.2423068,primary
1072867701,7,41.3118032,69.2423252,primary
1072867701,8,41.3118097,69.2423436,primary
1072867701,9,41.3118182,69.2423609,primary
1072867701,10,41.311834,69.2423862,primary
1072867701,11,41.3118609,69.2424217,primary
1072867701,12,41.3118963,69.2424577,primary
1072867701,13,41.3119279,69.2424762,primary
1072867701,14,41.3119589,69.2424894,primary
1072867701,15,41.3120033,69.2424963,primary
1072867701,16,41.312055,69.2424852,primary
1073445371,0,41.311747,69.2410698,primary
1073445371,1,41.3117204,69.2411865,primary
1073445371,2,41.3116984,69.2413066,primary
1073445371,3,41.3116865,69.2413652,primary
1073445371,4,41.3116767,69.2414252,primary
1073445371,5,41.311668,69.2414867,primary
1073445371,6,41.3116615,69.2415485,primary
1073445371,7,41.3116554,69.2416633,primary
1073445371,8,41.3116459,69.241876,primary
1073445371,9,41.3116226,69.2424567,primary
1073445371,10,41.3116143,69.2425125,primary
1073445371,11,41.3116007,69.2425744,primary
1073445371,12,41.3115873,69.2426111,primary
1073445371,13,41.3115631,69.242656,primary
1073445371,14,41.3115411,69.2426942,primary
1073445371,15,41.3115245,69.2427152,primary
1073445371,16,41.3115053,69.2427358,primary
1073445371,17,41.3114895,69.2427498,primary
1073445371,18,41.3114706,69.2427655,primary
1073445371,19,41.3114504,69.2427776,primary
1074308864,0,41.3222145,69.2385131,primary
1074308864,1,41.3221898,69.2388871,primary
1074308864,2,41.3221772,69.2390775,primary
1074308889,0,41.3221602,69.2421426,primary
1074308889,1,41.3221841,69.241795,primary
1074308889,2,41.3222143,69.2413324,primary
1074308891,0,41.3221108,69.2400827,primary
1074308891,1,41.3220248,69.2413855,primary
1074308892,0,41.3223964,69.2389171,primary
1074308892,1,41.3224707,69.2377197,primary
1074308893,0,41.3224077,69.23644,primary
1074308893,1,41.3223828,69.2363806,primary
1074308893,2,41.3223624,69.2363407,primary
1074308893,3,41.3223091,69.2362632,primary
1074308893,4,41.3222559,69.2361886,primary
1074308893,5,41.322145,69.2360476,primary
1075179924,0,41.3205568,69.2646581,primary
1075179924,1,41.3205642,69.2645622,primary
1075179924,2,41.3205822,69.264343,primary
1075340744,0,41.3125816,69.2410424,primary
1075340744,1,41.312159,69.2408285,primary
1075340744,2,41.3120713,69.2407842,primary
1075340744,3,41.3120537,69.2407814,primary
1075340744,4,41.3120359,69.24078,primary
1075340744,5,41.3120188,69.2407802,primary
1075340744,6,41.3120014,69.2407819,primary
1075340744,7,41.3119852,69.240785,primary
1075340744,8,41.3119692,69.2407885,primary
1075340745,0,41.3119692,69.2407885,primary
1075340745,1,41.3119868,69.2404938,primary
1075340763,0,41.3119579,69.2409783,primary
1075340763,1,41.3119565,69.2409373,primary
1075340763,2,41.3119536,69.2408967,primary
1075340763,3,41.3119461,69.2408496,primary
1075340763,4,41.3119374,69.2408029,primary
1075340768,0,41.3125816,69.2410424,primary
1075340768,1,41.3122049,69.240673,primary
1075340768,2,41.3121169,69.2405868,primary
1075854197,0,41.3126813,69.2385976,primary
1075854197,1,41.3128248,69.2384167,primary
1075854197,2,41.3134718,69.2375964,primary
1075854198,0,41.3119868,69.2404938,primary
1075854198,1,41.3120045,69.2401976,primary
1075854201,0,41.3213811,69.2530126,primary
1075854201,1,41.3214975,69.2512984,primary
1075854201,2,41.3215972,69.2500911,primary
1075854201,3,41.3216982,69.2486947,primary
1075854201,4,41.3217041,69.2486007,primary
1075854205,0,41.3212684,69.2546495,primary
1075854205,1,41.3212862,69.2544029,primary
1075854221,0,41.3209332,69.2572465,primary
1075854221,1,41.3209164,69.2574922,primary
1075854221,2,41.3208489,69.2584778,primary
1075854221,3,41.3208232,69.2588534,primary
1075854221,4,41.3207777,69.259517,primary
1075854221,5,41.3207069,69.2605505,primary
1075854221,6,41.3206946,69.2607296,primary
1075854221,7,41.3206805,69.2609354,primary
1075854222,0,41.3203412,69.2545291,primary
1075854222,1,41.3205143,69.2545711,primary
1075854224,0,41.3212307,69.2529789,primary
1075854224,1,41.3211731,69.2537898,primary
1075854224,2,41.3211576,69.2540078,primary
1075854231,0,41.3217907,69.2474215,primary
1075854231,1,41.3218352,69.246799,primary
1075854231,2,41.321867,69.2463582,primary
1075854231,3,41.3218748,69.2462504,primary
1075854231,4,41.3218896,69.2460174,primary
1075854237,0,41.3218791,69.2435903,primary
1075854237,1,41.3218565,69.2439324,primary
1075854237,2,41.3218301,69.2443311,primary
1075854237,3,41.3218131,69.2445892,primary
1075854241,0,41.32191,69.2431218,primary
1075854241,1,41.3218791,69.2435903,primary
1075854242,0,41.3219612,69.2423479,primary
1075854242,1,41.32191,69.2431218,primary
1077462024,0,41.3561664,69.3097514,primary
1077462024,1,41.3560749,69.309646,primary
1077773820,0,41.3617837,69.3004328,primary
1077773820,1,41.3618462,69.3003288,primary
1077773820,2,41.3622569,69.2996455,primary
1077773820,3,41.362266,69.2996302,primary
1077773820,4,41.3629884,69.2984282,primary
1077773820,5,41.3630462,69.2983321,primary
1077773820,6,41.3631431,69.2981709,primary
1077773820,7,41.3632575,69.2979809,primary
1078028657,0,41.3210813,69.2572598,primary
1078028657,1,41.3210957,69.2570536,primary
1078028657,2,41.3210988,69.2570113,primary
1078028657,3,41.3211067,69.2569005,primary
1078028657,4,41.3211396,69.256442,primary
1078028659,0,41.3211396,69.256442,primary
1078028659,1,41.3212128,69.2554236,primary
1078028659,2,41.3212286,69.255204,primary
1078292329,0,41.2270036,69.1988158,trunk
1078292329,1,41.2269596,69.1987559,trunk
1078292329,2,41.2269266,69.1987167,trunk
1078292329,3,41.2268879,69.1986774,trunk
1078292329,4,41.2268631,69.1986542,trunk
1078292329,5,41.226837,69.1986332,trunk
1078292329,6,41.2268084,69.1986139,trunk
1078292329,7,41.2267759,69.1985952,trunk
1078292329,8,41.2267425,69.1985798,trunk
1078292329,9,41.2267106,69.1985675,trunk
1078292329,10,41.2266783,69.1985569,trunk
1078292329,11,41.2266452,69.1985485,trunk
1078292329,12,41.2266112,69.1985423,trunk
1078292329,13,41.2265776,69.1985378,trunk
1078292329,14,41.2265431,69.1985367,trunk
1078292329,15,41.2265117,69.1985392,trunk
1078292329,16,41.2264818,69.1985425,trunk
1078292329,17,41.2264522,69.1985484,trunk
1078292329,18,41.2264231,69.1985559,trunk
1078292329,19,41.2263915,69.1985669,trunk
1078292329,20,41.2263618,69.1985801,trunk
1078292329,21,41.2263329,69.1985953,trunk
1078292329,22,41.2263044,69.198613,trunk
1078292329,23,41.2262752,69.1986327,trunk
1078292329,24,41.2262432,69.1986553,trunk
1078292329,25,41.2261931,69.1986931,trunk
1078292329,26,41.2261378,69.1987352,trunk
1078292330,0,41.2291386,69.203546,trunk
1078292330,1,41.2296648,69.2042725,trunk
1078292330,2,41.2298622,69.2045485,trunk
1078292330,3,41.229996,69.2047117,trunk
1078292330,4,41.2301319,69.2048735,trunk
1078292330,5,41.2304042,69.2051574,trunk
1078292330,6,41.2305419,69.2052929,trunk
1078292330,7,41.2306754,69.2054231,trunk
1078292330,8,41.2307654,69.205505,trunk
1078292330,9,41.2308559,69.2055854,trunk
1078292330,10,41.2309465,69.2056641,trunk
1078292330,11,41.2310371,69.2057398,trunk
1078292330,12,41.2312205,69.2058805,trunk
1078292330,13,41.2313898,69.2060104,trunk
1078292330,14,41.2317324,69.2062664,trunk
1078292330,15,41.2327665,69.2069912,trunk
1078292331,0,41.2270706,69.1996723,trunk
1078292331,1,41.2270951,69.1996129,trunk
1078292331,2,41.2271181,69.1995535,trunk
1078292331,3,41.2271388,69.1994941,trunk
1078292331,4,41.2271581,69.1994348,trunk
1079843173,0,41.3205125,69.2646803,primary
1079843173,1,41.3205452,69.264722,primary
1079843174,0,41.3205568,69.2646581,primary
1079843174,1,41.3205125,69.2646803,primary
1079843175,0,41.3118963,69.2424577,primary
1079843175,1,41.3119385,69.241445,primary
1079843177,0,41.3118444,69.240392,primary
1079843177,1,41.3117687,69.2403378,primary
1079843179,0,41.3117663,69.2404166,primary
1079843179,1,41.3118065,69.2404093,primary
1079843181,0,41.3117663,69.2404166,primary
1079843181,1,41.311747,69.2410698,primary
1081416273,0,41.3834373,69.2900798,primary
1081416273,1,41.3833884,69.2901297,primary
1081416273,2,41.3833616,69.2901509,primary
1081416273,3,41.3833342,69.2901692,primary
1081416273,4,41.3833104,69.2901808,primary
1081416273,5,41.3832851,69.2901896,primary
1081416273,6,41.3832338,69.290196,primary
1081416273,7,41.383185,69.2901949,primary
1081416273,8,41.383115,69.2901871,primary
1081416273,9,41.3830468,69.2901736,primary
1081416273,10,41.3829091,69.2901395,primary
1081416273,11,41.3827833,69.2901026,primary
1081416273,12,41.382659,69.2900658,primary
1081416273,13,41.3825716,69.29004,primary
1081416273,14,41.3814298,69.2897052,primary
1081416273,15,41.3811786,69.2896314,primary
1081416273,16,41.3810184,69.2895843,primary
1081416278,0,41.3697897,69.2862357,primary
1081416278,1,41.3687117,69.2859562,primary
1081416278,2,41.3684869,69.2858958,primary
1081416278,3,41.3678535,69.2857255,primary
1081416278,4,41.3678076,69.2857131,primary
1081416278,5,41.3677789,69.2857015,primary
1081416278,6,41.36775,69.285688,primary
1081416278,7,41.367723,69.2856726,primary
1081416278,8,41.3676969,69.2856547,primary
1081416278,9,41.3676727,69.2856325,primary
1081416278,10,41.3676501,69.285607,primary
1081416278,11,41.3676303,69.2855787,primary
1081416278,12,41.3676114,69.2855488,primary
1081416278,13,41.36758,69.2854888,primary
1081416278,14,41.3674799,69.2852763,primary
1082335262,0,41.32627,69.4296879,trunk
1082335262,1,41.3262753,69.4286024,trunk
1082490834,0,41.3261674,69.427101,trunk
1082490834,1,41.326173,69.4276581,trunk
1082490834,2,41.3261662,69.4286011,trunk
1082490838,0,41.3260547,69.4324172,trunk
1082490838,1,41.3261083,69.4320909,trunk
1082490838,2,41.3261478,69.4318107,trunk
1082490838,3,41.3261805,69.4315318,trunk
1082490838,4,41.3262057,69.431252,trunk
1082490838,5,41.3262281,69.4309713,trunk
1082490838,6,41.3262445,69.430691,trunk
1082490838,7,41.3262549,69.4304122,trunk
1082490838,8,41.32627,69.4296879,trunk
1085890215,0,41.3482592,69.3562311,trunk
1085890215,1,41.3477596,69.3570759,trunk
1085890215,2,41.3476954,69.3571803,trunk
1086178201,0,41.2681737,69.2343084,primary
1086178201,1,41.2681235,69.2343938,primary
1086178201,2,41.2680923,69.2344471,primary
1086178202,0,41.2681401,69.2346214,primary
1086178202,1,41.268177,69.2345375,primary
1086178202,2,41.2682017,69.2344744,primary
1086497873,0,41.334759,69.3787272,trunk
1086497873,1,41.3348896,69.3787802,trunk
1086497873,2,41.3350212,69.3788299,trunk
1086497873,3,41.3351503,69.3788672,trunk
1086497873,4,41.3352795,69.3788998,trunk
1086497873,5,41.3353693,69.3789172,trunk
1086497873,6,41.3354117,69.3789254,trunk
1086497873,7,41.335543,69.3789479,trunk
1086497873,8,41.3356759,69.3789657,trunk
1086497873,9,41.3358085,69.3789788,trunk
1086497873,10,41.3359421,69.3789835,trunk
1086497873,11,41.3360749,69.3789862,trunk
1086497873,12,41.3362117,69.378977,trunk
1086497873,13,41.3363485,69.3789643,trunk
1086497873,14,41.3364849,69.3789463,trunk
1086497873,15,41.3366221,69.378923,trunk
1086497873,16,41.3367591,69.3788907,trunk
1086497873,17,41.3368946,69.3788574,trunk
1086497873,18,41.3369546,69.3788417,trunk
1086497873,19,41.3371385,69.378789,trunk
1086497873,20,41.3373255,69.3787342,trunk
1086497873,21,41.3375117,69.3786744,trunk
1086497873,22,41.3376082,69.3786376,trunk
1086497873,23,41.3376978,69.3786,trunk
1086497875,0,41.3293576,69.3737008,trunk
1086497875,1,41.3303288,69.3750292,trunk
1086497875,2,41.3304301,69.3751466,trunk
1086497875,3,41.3305301,69.3752573,trunk
1086497875,4,41.3306367,69.3753682,trunk
1086497875,5,41.3307463,69.3754762,trunk
1086497875,6,41.3308562,69.3755813,trunk
1086497875,7,41.3309694,69.3756813,trunk
1086497875,8,41.3312041,69.3758818,trunk
1086497889,0,41.3408212,69.3729308,trunk
1086497889,1,41.3407732,69.3731945,trunk
1086497889,2,41.3407058,69.3735642,trunk
1086497889,3,41.3406687,69.3737714,trunk
1086497889,4,41.3405663,69.3743636,trunk
1086497889,5,41.3405461,69.3744634,trunk
1086497889,6,41.340501,69.3746599,trunk
1086497889,7,41.3404516,69.3748538,trunk
1086497889,8,41.3403964,69.3750483,trunk
1086497889,9,41.3403337,69.3752418,trunk
1086497889,10,41.340286,69.3753784,trunk
1086497889,11,41.3402669,69.3754328,trunk
1086497889,12,41.3401906,69.3756219,trunk
1086497889,13,41.3401068,69.3758104,trunk
1086497889,14,41.3400719,69.3758825,trunk
1086497889,15,41.3400166,69.3759968,trunk
1086497889,16,41.3399275,69.3761719,trunk
1086497889,17,41.3398327,69.3763454,trunk
1086497889,18,41.339735,69.3765157,trunk
1086497889,19,41.3396337,69.3766811,trunk
1086497889,20,41.3395331,69.3768436,trunk
1086497889,21,41.3394245,69.3770011,trunk
1086497889,22,41.339312,69.37715,trunk
1086497889,23,41.3391941,69.3772986,trunk
1086497889,24,41.3390691,69.3774419,trunk
1086497889,25,41.3389407,69.3775801,trunk
1086497889,26,41.3388116,69.3777087,trunk
1086497889,27,41.3386825,69.3778283,trunk
1086497889,28,41.3385435,69.3779474,trunk
1086497889,29,41.3384004,69.3780613,trunk
1086497889,30,41.3382529,69.3781581,trunk
1086497889,31,41.3381018,69.3782453,trunk
1086497898,0,41.3412042,69.3708297,trunk
1086497898,1,41.3410123,69.3718827,trunk
1086497898,2,41.3408212,69.3729308,trunk
1087061816,0,41.2643174,69.2645416,primary
1087061816,1,41.2640829,69.2645746,primary
1088128030,0,41.2099073,69.2317378,primary
1088128030,1,41.210068,69.2317981,primary
1093208515,0,41.3876103,69.4588352,primary
1093208515,1,41.3871751,69.4579753,primary
1093208515,2,41.3870885,69.457804,primary
1093208515,3,41.3865699,69.4567855,primary
1093208515,4,41.3863174,69.4562614,primary
1093208515,5,41.3860913,69.455734,primary
1093208515,6,41.3858252,69.4550837,primary
1093208515,7,41.3846469,69.4521984,primary
1093208515,8,41.3843118,69.4513464,primary
1093208515,9,41.3839359,69.4503276,primary
1093208515,10,41.3836065,69.449435,primary
1093208515,11,41.3833054,69.448627,primary
1093208515,12,41.3828563,69.4473905,primary
1093208515,13,41.3824428,69.4462695,primary
1093208515,14,41.3818446,69.444681,primary
1093208515,15,41.3815893,69.4440198,primary
1093208515,16,41.3812029,69.4430846,primary
1093208515,17,41.3810611,69.4427662,primary
1093208515,18,41.3809988,69.4426265,primary
1093208515,19,41.3807889,69.4421733,primary
1093208515,20,41.3804297,69.4414714,primary
1093208515,21,41.3800749,69.4407599,primary
1093208516,0,41.3800091,69.4408176,primary
1093208516,1,41.3803625,69.4414999,primary
1093208516,2,41.3807259,69.4422236,primary
1093208516,3,41.3809318,69.4426628,primary
1093208516,4,41.3811345,69.4431173,primary
1093208516,5,41.3815186,69.4440693,primary
1093208516,6,41.3817809,69.4447128,primary
1093208516,7,41.3823774,69.4463122,primary
1093208516,8,41.3827909,69.4474327,primary
1093208516,9,41.3834864,69.4493291,primary
1093208516,10,41.384247,69.4513929,primary
1094943119,0,41.3852534,69.2913187,trunk
1094943119,1,41.3856371,69.291591,trunk
1094943119,2,41.3864297,69.2921303,trunk
1094943119,3,41.3867335,69.2923402,trunk
1094943119,4,41.3870023,69.2925336,trunk
1094943119,5,41.3876606,69.2929952,trunk
1094943119,6,41.3894974,69.2942449,trunk
1094943119,7,41.3912029,69.2954153,trunk
1094943119,8,41.3913813,69.2955363,trunk
1094943119,9,41.3933304,69.296859,trunk
1094943119,10,41.3935588,69.2970137,trunk
1094943119,11,41.3938495,69.2972241,trunk
1094943119,12,41.394164,69.2974176,trunk
1094943119,13,41.3949665,69.2979515,trunk
1094943119,14,41.396605,69.2990418,trunk
1094943119,15,41.397036,69.2993611,trunk
1094943119,16,41.3981233,69.3000881,trunk
1094943119,17,41.3990448,69.3006708,trunk
1094943119,18,41.3996167,69.3010919,trunk
1094943119,19,41.4012328,69.3021526,trunk
1094943119,20,41.4021235,69.3027499,trunk
1094943119,21,41.4044941,69.3043452,trunk
1107409709,0,41.3178243,69.3173056,primary
1107409709,1,41.3173916,69.3168501,primary
1107409709,2,41.3172881,69.3167412,primary
1110590405,0,41.2838568,69.1902004,primary
1110590405,1,41.2839843,69.1900043,primary
1110590405,2,41.2841568,69.1897553,primary
1110590406,0,41.2841568,69.1897553,primary
1110590406,1,41.2840605,69.1896497,primary
1110612219,0,41.3120045,69.2401976,primary
1110612219,1,41.3120258,69.2398406,primary
1110612219,2,41.3120379,69.2396368,primary
1110612220,0,41.3121169,69.2405868,primary
1110612220,1,41.3119868,69.2404938,primary
1117398508,0,41.2654952,69.240426,trunk
1117398508,1,41.2655323,69.2408806,trunk
1117398508,2,41.2655801,69.2414652,trunk
1117398508,3,41.2656001,69.2417106,trunk
1117398508,4,41.2656102,69.2418345,trunk
1117398508,5,41.2656187,69.241939,trunk
1117398508,6,41.2656631,69.2424825,trunk
1117398508,7,41.2656753,69.2426322,trunk
1117398508,8,41.2657291,69.2432901,trunk
1117398508,9,41.2659461,69.2459476,trunk
1117398508,10,41.2659582,69.2460812,trunk
1117398508,11,41.2659689,69.2462264,trunk
1117398508,12,41.2659795,69.246341,trunk
1117398509,0,41.2661105,69.2462732,primary
1117398509,1,41.2659795,69.246341,primary
1117398510,0,41.2659795,69.246341,primary
1117398510,1,41.2661205,69.2463534,primary
1117861220,0,41.3212862,69.2544029,primary
1117861220,1,41.3213211,69.2539158,primary
1117861220,2,41.3213641,69.2533145,primary
1117861220,3,41.3213811,69.2530126,primary
1117861221,0,41.3210765,69.254993,primary
1117861221,1,41.3210244,69.2559157,primary
1117861221,2,41.3209627,69.256817,primary
1117861221,3,41.3209587,69.256875,primary
1117861221,4,41.3209482,69.2570282,primary
1117861221,5,41.3209372,69.2571888,primary
1117861221,6,41.3209332,69.2572465,primary
1117861222,0,41.320403,69.2654617,primary
1117861222,1,41.3205158,69.2648851,primary
1117861222,2,41.3205452,69.264722,primary
1117861225,0,41.3212286,69.255204,primary
1117861225,1,41.3212424,69.2550114,primary
1117861225,2,41.3212608,69.2547551,primary
1119037299,0,41.2997582,69.2905216,primary
1119037299,1,41.2995817,69.2903232,primary
1119037299,2,41.2995145,69.2902436,primary
1119037300,0,41.3003351,69.2905358,primary
1119037300,1,41.3004736,69.2903622,primary
1119037300,2,41.3006427,69.290176,primary
1119037301,0,41.3003935,69.2911066,primary
1119037301,1,41.3003596,69.291076,primary
1119037301,2,41.3001211,69.2908612,primary
1119037302,0,41.3003184,69.2903882,primary
1119037302,1,41.3001932,69.2905453,primary
1119037302,2,41.3001362,69.2906207,primary
1119037302,3,41.3000268,69.2907763,primary
1119037303,0,41.3003225,69.2912482,primary
1119037303,1,41.3007685,69.2917004,primary
1119037303,2,41.3013189,69.2923675,primary
1119037303,3,41.3018454,69.2930398,primary
1119037303,4,41.3032087,69.2950652,primary
1119037303,5,41.303743,69.2958756,primary
1119037303,6,41.3041786,69.2965323,primary
1119037303,7,41.3045355,69.2970671,primary
1119037303,8,41.3046376,69.2972027,primary
1119037303,9,41.304747,69.297336,primary
1119037303,10,41.3048573,69.29746,primary
1119037303,11,41.3049733,69.2975754,primary
1119253291,0,41.2502051,69.3238124,primary
1119253291,1,41.2505727,69.3236095,primary
1119253292,0,41.2505727,69.3236095,primary
1119253292,1,41.2514759,69.3231108,primary
1119257924,0,41.2455293,69.3264277,primary
1119257924,1,41.2460972,69.3260958,primary
1119257924,2,41.2462631,69.3259988,primary
1119257924,3,41.2463308,69.3259592,primary
1119257927,0,41.2451931,69.3266145,primary
1119257927,1,41.2453859,69.3265074,primary
1119257927,2,41.2455293,69.3264277,primary
1119397202,0,41.2850511,69.1489123,trunk
1119397202,1,41.2840999,69.1486587,trunk
1119397202,2,41.2829485,69.1482998,trunk
1119397202,3,41.2820435,69.148004,trunk
1119397202,4,41.2814513,69.1477888,trunk
1119397205,0,41.2853515,69.1489893,trunk
1119397205,1,41.2850511,69.1489123,trunk
1120159483,0,41.3051312,69.3071848,primary
1120159483,1,41.3049871,69.3077546,primary
1120159483,2,41.3049178,69.3080753,primary
1120159483,3,41.3047564,69.3088566,primary
1120159483,4,41.3047056,69.3091079,primary
1120159483,5,41.3044422,69.3104155,primary
1120159483,6,41.3040922,69.3121526,primary
1120159483,7,41.3040098,69.3125617,primary
1120159483,8,41.303887,69.3131716,primary
1120159483,9,41.3035629,69.3147613,primary
1120159483,10,41.3034961,69.3150963,primary
1120159483,11,41.3034533,69.3153555,primary
1120159483,12,41.3034343,69.315511,primary
1120159483,13,41.3034167,69.3156457,primary
1120159483,14,41.3034014,69.3157803,primary
1120159483,15,41.3033883,69.315915,primary
1120159483,16,41.3033779,69.3160559,primary
1120159483,17,41.3033723,69.3161968,primary
1120159483,18,41.3033689,69.3163402,primary
1120159483,19,41.3033676,69.3164826,primary
1120159483,20,41.303372,69.3166213,primary
1120159483,21,41.3033813,69.3167591,primary
1120159483,22,41.3033923,69.3168969,primary
1120159483,23,41.3034089,69.3170346,primary
1120159483,24,41.3034316,69.3171752,primary
1120159483,25,41.3034722,69.3173833,primary
1120159483,26,41.3035128,69.3175857,primary
1120159483,27,41.3036084,69.3180441,primary
1120159483,28,41.3037555,69.3187256,primary
1120159483,29,41.3038385,69.3191101,primary
1120159483,30,41.3039341,69.3195529,primary
1120159483,31,41.3040192,69.3199472,primary
1120159483,32,41.3043005,69.3216044,primary
1120159483,33,41.3043138,69.3216828,primary
1120159483,34,41.3043463,69.3218744,primary
1120159483,35,41.304371,69.3220358,primary
1120159483,36,41.3043732,69.3220516,primary
1120159483,37,41.3044426,69.3226487,primary
1120159483,38,41.3044647,69.3228626,primary
1120159483,39,41.304602,69.3243738,primary
1120159483,40,41.304621,69.3245845,primary
1120159483,41,41.3047012,69.3254933,primary
1120159483,42,41.3047201,69.3257275,primary
1120159483,43,41.3047337,69.3258965,primary
1120159483,44,41.3047819,69.326493,primary
1120159483,45,41.3048318,69.3271113,primary
1120159483,46,41.3048995,69.3279345,primary
1120159483,47,41.3049283,69.3282848,primary
1120159483,48,41.3050151,69.3293817,primary
1120159483,49,41.3051183,69.3306615,primary
1120159483,50,41.3051505,69.3310606,primary
1120159483,51,41.3051594,69.3311704,primary
1120159483,52,41.3051698,69.3312997,primary
1120159483,53,41.3052192,69.3318528,primary
1120159485,0,41.3056523,69.3072899,primary
1120159485,1,41.3058509,69.3075758,primary
1120159485,2,41.3059575,69.3077292,primary
1120159485,3,41.3061378,69.3079888,primary
1120159485,4,41.3066015,69.3086562,primary
1120159485,5,41.3069515,69.3091601,primary
1120159485,6,41.307157,69.3094559,primary
1120159485,7,41.3073596,69.3097475,primary
1120159485,8,41.3075856,69.3100729,primary
1120159485,9,41.307779,69.3103452,primary
1120159485,10,41.3079534,69.3106027,primary
1120159485,11,41.3080116,69.3106865,primary
1120159486,0,41.3057238,69.3070443,primary
1120159486,1,41.305654,69.3069413,primary
1120159486,2,41.3054834,69.3067712,primary
1120159487,0,41.3050452,69.3080733,primary
1120159487,1,41.3051557,69.3076609,primary
1120159487,2,41.3052142,69.3074566,primary
1120159487,3,41.3052443,69.3073559,primary
1120159487,4,41.3052711,69.3072661,primary
1120159487,5,41.3054146,69.3069281,primary
1120159488,0,41.3057354,69.3062562,primary
1120159488,1,41.3058297,69.3060457,primary
1120159488,2,41.3059162,69.3058468,primary
1120159488,3,41.3060212,69.3056147,primary
1120159488,4,41.3061308,69.3053725,primary
1120296215,0,41.3326366,69.2921089,trunk
1120296215,1,41.3326473,69.2920007,trunk
1120296217,0,41.3326275,69.2922004,trunk
1120296217,1,41.3326366,69.2921089,trunk
1120296221,0,41.3326473,69.2920007,trunk
1120296221,1,41.3326802,69.291739,trunk
1120296221,2,41.3327649,69.2910167,trunk
1120296221,3,41.332775,69.2909299,trunk
1120296221,4,41.3328228,69.2904771,trunk
1120296221,5,41.3330523,69.2881232,trunk
1124007968,0,41.3190627,69.3104907,primary
1124007968,1,41.3189655,69.310671,primary
1124007968,2,41.3189133,69.3107571,primary
1124007968,3,41.3188882,69.3107951,primary
1124007968,4,41.3188611,69.3108278,primary
1124007968,5,41.3188362,69.3108494,primary
1124007968,6,41.3188093,69.3108666,primary
1124007968,7,41.3187839,69.3108747,primary
1124007968,8,41.3187376,69.3108785,primary
1126812005,0,41.2913132,69.2845798,primary
1126812005,1,41.2913267,69.2846737,primary
1126812005,2,41.2913438,69.2847665,primary
1126812005,3,41.2913655,69.2848561,primary
1126812005,4,41.2913898,69.2849447,primary
1126812006,0,41.2914019,69.2839956,primary
1126812006,1,41.2914072,69.283315,primary
1126812006,2,41.2914078,69.2832302,primary
1126832652,0,41.2893378,69.2822326,trunk
1126832652,1,41.2891579,69.2821349,trunk
1128353592,0,41.2442707,69.2773481,primary
1128353592,1,41.2443008,69.2773425,primary
1128353592,2,41.2443282,69.2773299,primary
1128353592,3,41.2443621,69.2773052,primary
1128353592,4,41.2443929,69.2772713,primary
1128353592,5,41.2444133,69.2772409,primary
1128353592,6,41.2444306,69.2772034,primary
1128353595,0,41.2444306,69.2772034,trunk
1128353595,1,41.2444292,69.27705,trunk
1128353595,2,41.2444299,69.2769178,trunk
1128353595,3,41.2444351,69.2758956,trunk
1128353595,4,41.2444356,69.2757936,trunk
1128353595,5,41.2444387,69.2751831,trunk
1128353595,6,41.2444403,69.2748549,trunk
1128353595,7,41.244441,69.2747238,trunk
1128353595,8,41.2444527,69.2733091,trunk
1128353595,9,41.2444545,69.2730838,trunk
1128353596,0,41.2444334,69.2777244,trunk
1128353596,1,41.2444306,69.2772034,trunk
1128353597,0,41.2442673,69.2777989,trunk
1128353597,1,41.2442663,69.2779307,trunk
1128353597,2,41.2442636,69.2782818,trunk
1128353597,3,41.2442597,69.2794089,trunk
1128353597,4,41.244259,69.2794847,trunk
1128353597,5,41.2442536,69.2801086,trunk
1128353597,6,41.2442489,69.2806394,trunk
1128353597,7,41.2442353,69.2821945,trunk
1128353597,8,41.2442283,69.2829881,trunk
1128353597,9,41.2442214,69.2838316,trunk
1128353597,10,41.2442194,69.2845863,trunk
1128353597,11,41.2442188,69.2848043,trunk
1128353597,12,41.2442178,69.2852119,trunk
1128353597,13,41.2442181,69.2853721,trunk
1128353597,14,41.2442168,69.2855886,trunk
1128353597,15,41.2442141,69.2865854,trunk
1128353597,16,41.2442136,69.2867696,trunk
1128353597,17,41.2442118,69.2874743,trunk
1128353597,18,41.2442098,69.288214,trunk
1128353597,19,41.2442087,69.2886425,trunk
1128353597,20,41.2442076,69.2890783,trunk
1128353597,21,41.2442072,69.2892077,trunk
1128353597,22,41.2442064,69.2895268,trunk
1128353597,23,41.244204,69.2904435,trunk
1128353597,24,41.2442021,69.2908203,trunk
1128353597,25,41.2442003,69.291471,trunk
1128353597,26,41.2441977,69.2932281,trunk
1128353597,27,41.2441974,69.2934852,trunk
1128353597,28,41.2441941,69.2936918,trunk
1128353597,29,41.2441928,69.2937786,trunk
1128353597,30,41.2441965,69.2940934,trunk
1128353597,31,41.2441961,69.2944027,trunk
1128353597,32,41.2441967,69.2946477,trunk
1128353597,33,41.2441959,69.2948727,trunk
1128353597,34,41.2441951,69.2950016,trunk
1128353597,35,41.2441942,69.2955429,trunk
1128353597,36,41.2441928,69.2963426,trunk
1128353597,37,41.2441919,69.2968614,trunk
1128353597,38,41.2441912,69.2969743,trunk
1128353597,39,41.2441886,69.2973909,trunk
1128353597,40,41.2441849,69.2981161,trunk
1128353597,41,41.2441825,69.2983718,trunk
1128353597,42,41.2441814,69.2984822,trunk
1128353597,43,41.2441796,69.2994578,trunk
1128353597,44,41.2441781,69.3000385,trunk
1128353597,45,41.2441766,69.3005964,trunk
1128353597,46,41.2441764,69.3006702,trunk
1128353597,47,41.2441769,69.3007694,trunk
1128353598,0,41.2442739,69.2761341,trunk
1128353598,1,41.244273,69.2764768,trunk
1128353598,2,41.244272,69.2768589,trunk
1128353598,3,41.2442715,69.2770464,trunk
1128353598,4,41.2442707,69.2773481,trunk
1130775828,0,41.3665953,69.2922728,primary
1130775828,1,41.3666454,69.2920382,primary
1130775829,0,41.3665953,69.2922728,primary
1130775829,1,41.3667483,69.2924201,primary
1130775829,2,41.3669097,69.2925655,primary
1130775829,3,41.367074,69.2927039,primary
1130775829,4,41.3672492,69.2928346,primary
1130775830,0,41.3665386,69.2922183,primary
1130775830,1,41.3665953,69.2922728,primary
1130775831,0,41.3665386,69.2922183,primary
1130775831,1,41.3664365,69.2923906,primary
1130775831,2,41.36624,69.2927723,primary
1130775832,0,41.3666454,69.2920382,primary
1130775832,1,41.366326,69.2917285,primary
1130775832,2,41.3661453,69.29155,primary
1130775832,3,41.3660707,69.2914704,primary
1130775832,4,41.3659855,69.2913706,primary
1130775832,5,41.365924,69.2912915,primary
1130775832,6,41.3658626,69.2912087,primary
1130775832,7,41.3658107,69.2911302,primary
1130775832,8,41.3657543,69.2910381,primary
1130775832,9,41.3656808,69.2909009,primary
1130775832,10,41.3656145,69.290771,primary
1130775832,11,41.3655312,69.2906021,primary
1130775832,12,41.3654025,69.2903279,primary
1130775833,0,41.3666454,69.2920382,primary
1130775833,1,41.3666727,69.2918494,primary
1130775833,2,41.3667551,69.291279,primary
1130786682,0,41.3813839,69.2973525,primary
1130786682,1,41.3814762,69.2973731,primary
1130786682,2,41.3815081,69.2973718,primary
1130786682,3,41.3815348,69.2973618,primary
1130786682,4,41.3815538,69.2973465,primary
1130786682,5,41.3815697,69.2973251,primary
1130786682,6,41.381584,69.2972839,primary
1130786682,7,41.3815925,69.2972388,primary
1130786682,8,41.3815984,69.2971936,primary
1130786682,9,41.3816011,69.2971469,primary
1130786682,10,41.3815992,69.2970984,primary
1130786682,11,41.3815893,69.2970586,primary
1130786682,12,41.3815794,69.297031,primary
1130786682,13,41.3815623,69.2970085,primary
1130786682,14,41.381538,69.2969838,primary
1130786682,15,41.3815008,69.2969608,primary
1130786682,16,41.3814289,69.2969252,primary
1131423408,0,41.2894095,69.2747455,primary
1131423408,1,41.2895001,69.274637,primary
1131870743,0,41.320953,69.3034779,primary
1131870743,1,41.3209373,69.3037733,primary
1131870743,2,41.3209034,69.3042355,primary
1131870743,3,41.32084,69.3051008,primary
1131870743,4,41.3208347,69.3051737,primary
1133177239,0,41.3051373,69.2653786,primary
1133177239,1,41.3051585,69.2656135,primary
1133177239,2,41.3051707,69.2656717,primary
1133177239,3,41.3051896,69.2657433,primary
1133177239,4,41.305212,69.2658091,primary
1133177239,5,41.3052449,69.2658636,primary
1133177240,0,41.3050484,69.2657943,primary
1133177240,1,41.3050382,69.2655734,primary
1135924239,0,41.3052933,69.265659,primary
1135924239,1,41.3052758,69.265633,primary
1135924239,2,41.30526,69.2656054,primary
1135924239,3,41.3052502,69.2655846,primary
1135924239,4,41.3052421,69.2655615,primary
1135924239,5,41.3052355,69.2655353,primary
1135924239,6,41.3052305,69.2655079,primary
1135924239,7,41.3052284,69.2654745,primary
1135924239,8,41.3052301,69.2654395,primary
1149214278,0,41.1998785,69.3325009,trunk
1149214278,1,41.2000281,69.3326226,trunk
1149293512,0,41.2661205,69.2463534,trunk
1149293512,1,41.2661105,69.2462732,trunk
1150245081,0,41.2920779,69.2617861,primary
1150245081,1,41.2928819,69.2635021,primary
1150245081,2,41.292925,69.2635948,primary
1150245081,3,41.2929864,69.263726,primary
1150245082,0,41.2915242,69.2606848,primary
1150245082,1,41.2915805,69.2607759,primary
1150245082,2,41.2916782,69.2609597,primary
1150245082,3,41.2917751,69.2611569,primary
1150245082,4,41.2919557,69.2615413,primary
1150245082,5,41.2920337,69.2616975,primary
1150245082,6,41.2920779,69.2617861,primary
1150351041,0,41.3645722,69.2251472,primary
1150351041,1,41.3644277,69.2251442,primary
1150351041,2,41.364352,69.2251426,primary
1150351041,3,41.3624121,69.2250957,primary
1150351041,4,41.3621838,69.2250964,primary
1150351041,5,41.3618585,69.2250973,primary
1150351041,6,41.3616152,69.2251425,primary
1150351041,7,41.3613497,69.2252074,primary
1150789127,0,41.2639802,69.2653451,primary
1150789127,1,41.2639961,69.2653741,primary
1150789127,2,41.2640341,69.2654291,primary
1150789127,3,41.2640713,69.2654714,primary
1150789127,4,41.2641171,69.2655109,primary
1150789127,5,41.2641678,69.2655445,primary
1150789127,6,41.2642219,69.2655687,primary
1150789127,7,41.2642796,69.265585,primary
1150789127,8,41.26434,69.2655898,primary
1150789127,9,41.2644003,69.2655856,primary
1150789127,10,41.2644349,69.2655789,primary
1150789127,11,41.2644691,69.265571,primary
1150789127,12,41.2644983,69.2655588,primary
1150789127,13,41.2645249,69.2655432,primary
1150789127,14,41.2645535,69.2655206,primary
1150789127,15,41.2645787,69.2654998,primary
1150789128,0,41.2639521,69.2652839,primary
1150789128,1,41.2639611,69.2653034,primary
1150789128,2,41.2639802,69.2653451,primary
1153859946,0,41.2354399,69.1639738,trunk
1153859946,1,41.2352429,69.1635787,trunk
1153859946,2,41.2349688,69.163001,trunk
1154079581,0,41.2397447,69.16908,trunk
1154079581,1,41.2398954,69.169229,trunk
1154079581,2,41.2403987,69.1697267,trunk
1154079583,0,41.2373585,69.166716,trunk
1154079583,1,41.2382486,69.1676025,trunk
1154079585,0,41.2366969,69.1660064,trunk
1154079585,1,41.2368238,69.1661426,trunk
1154079585,2,41.2373585,69.166716,trunk
1154079590,0,41.2343071,69.1617547,trunk
1154079590,1,41.2344519,69.1621471,trunk
1154079590,2,41.234519,69.1623156,trunk
1154079590,3,41.234592,69.1624809,trunk
1154079590,4,41.2346643,69.1626437,trunk
1154079590,5,41.2347407,69.1628104,trunk
1154079590,6,41.2347801,69.1628937,trunk
1154079590,7,41.2349326,69.1632216,trunk
1157275878,0,41.316591,69.2319577,primary
1157275878,1,41.3169842,69.2312916,primary
1157912473,0,41.2380182,69.3312064,trunk
1157912473,1,41.2381357,69.3315906,trunk
1157912473,2,41.2384523,69.3324043,trunk
1157912473,3,41.2385681,69.3326635,trunk
1157912473,4,41.2386865,69.3329207,trunk
1157912473,5,41.2387717,69.3330845,trunk
1157912473,6,41.2388624,69.333242,trunk
1157912473,7,41.2389328,69.3333642,trunk
1157912473,8,41.2389793,69.3334406,trunk
1157912473,9,41.2390051,69.333483,trunk
1157912473,10,41.2390551,69.3335551,trunk
1157912473,11,41.2390952,69.3336136,trunk
1157912473,12,41.2391845,69.3337397,trunk
1159453749,0,41.3116952,69.2428115,primary
1159453749,1,41.3116904,69.242973,primary
1159453749,2,41.3116783,69.2433804,primary
1159453750,0,41.3116952,69.2428115,primary
1159453750,1,41.3118886,69.2426432,primary
1159453754,0,41.312055,69.2424852,primary
1159453754,1,41.3122606,69.2423609,primary
1159453754,2,41.3123321,69.2423289,primary
1159453754,3,41.3123999,69.2423019,primary
1159453754,4,41.3124698,69.2422775,primary
1159453754,5,41.3125432,69.2422537,primary
1159453754,6,41.3126166,69.2422384,primary
1159453754,7,41.3127312,69.2422295,primary
1159453754,8,41.3128431,69.2422351,primary
1159453754,9,41.3130668,69.2422535,primary
1159453754,10,41.3132414,69.2422725,primary
1160687373,0,41.348408,69.2871354,primary
1160687373,1,41.3479855,69.2870585,primary
1160687381,0,41.3487301,69.2871943,primary
1160687381,1,41.348476,69.2871479,primary
1160687381,2,41.348408,69.2871354,primary
1160687382,0,41.3489158,69.2872255,primary
1160687382,1,41.3487301,69.2871943,primary
1162223528,0,41.307015,69.2949012,primary
1162223528,1,41.3070218,69.2948165,primary
1162223528,2,41.3070378,69.2946678,primary
1162223528,3,41.3070524,69.2945573,primary
1162223528,4,41.3070692,69.294448,primary
1162223528,5,41.3070882,69.2943387,primary
1162223528,6,41.3071086,69.2942297,primary
1162223528,7,41.3071334,69.2941143,primary
1162223528,8,41.3071601,69.2939995,primary
1162223528,9,41.3072196,69.2937706,primary
1162223528,10,41.3072487,69.2936641,primary
1162223528,11,41.3074365,69.292972,primary
1162223528,12,41.3075564,69.292535,primary
1162223528,13,41.3075856,69.2924273,primary
1162223528,14,41.3076242,69.2922805,primary
1163064111,0,41.3052933,69.265659,primary
1163064111,1,41.3051585,69.2656135,primary
1163064112,0,41.3054307,69.2657176,primary
1163064112,1,41.3052933,69.265659,primary
1163064116,0,41.3031388,69.2684853,primary
1163064116,1,41.3008119,69.2709844,primary
1163064116,2,41.2991289,69.2727918,primary
1163064116,3,41.298892,69.2730463,primary
1171785920,0,41.345265,69.2586408,primary
1171785920,1,41.3453439,69.2587043,primary
1171785920,2,41.345424,69.2587737,primary
1171785920,3,41.3455781,69.2589156,primary
1171785921,0,41.3447568,69.2582664,primary
1171785921,1,41.3448953,69.2583622,primary
1171785921,2,41.345035,69.2584646,primary
1171785921,3,41.345265,69.2586408,primary
1180022595,0,41.2893171,69.3012886,primary
1180022595,1,41.2890739,69.3014899,primary
1180022595,2,41.2889327,69.3016011,primary
1183926777,0,41.3185498,69.2717727,primary
1183926777,1,41.3186227,69.2718565,primary
1183926777,2,41.3186607,69.2719097,primary
1183926777,3,41.3186871,69.2720058,primary
1183926777,4,41.3186928,69.2721002,primary
1183926778,0,41.3188824,69.271274,primary
1183926778,1,41.3188577,69.2713277,primary
1183926778,2,41.3188301,69.2713754,primary
1183926778,3,41.318803,69.2714176,primary
1183926778,4,41.3187755,69.2714568,primary
1183926778,5,41.318744,69.2714946,primary
1183926778,6,41.3187084,69.2715285,primary
1183926778,7,41.3186704,69.2715582,primary
1183926778,8,41.3185931,69.2715773,primary
1183926779,0,41.3185931,69.2715773,primary
1183926779,1,41.3183783,69.2714805,primary
1183926779,2,41.3166322,69.2706888,primary
1183926779,3,41.3161862,69.2704864,primary
1183926779,4,41.3159372,69.2703735,primary
1183926779,5,41.3147096,69.2698169,primary
1183926779,6,41.3141639,69.2695695,primary
1183926779,7,41.3139101,69.2694539,primary
1183926779,8,41.3130371,69.2690585,primary
1183926779,9,41.3128231,69.2689593,primary
1183926780,0,41.3186928,69.2721002,primary
1183926780,1,41.318578,69.2726004,primary
1183926780,2,41.3184112,69.2733229,primary
1186228731,0,41.2193812,69.1748707,primary
1186228731,1,41.2193098,69.1748476,primary
1186228731,2,41.2187404,69.1746634,primary
1186228732,0,41.2198228,69.1750132,primary
1186228732,1,41.2193812,69.1748707,primary
1186228733,0,41.2186843,69.1747524,primary
1186228733,1,41.218876,69.1748133,primary
1186228733,2,41.2189664,69.174842,primary
1186228733,3,41.219252,69.1749327,primary
1186228733,4,41.2192943,69.1749461,primary
1186228733,5,41.219366,69.1749689,primary
1186228734,0,41.219366,69.1749689,primary
1186228734,1,41.2198159,69.1751139,primary
1192699021,0,41.2676954,69.3674825,trunk
1192699021,1,41.2677628,69.3674848,trunk
1192699021,2,41.267826,69.3674856,trunk
1192699021,3,41.267889,69.3674763,trunk
1192699021,4,41.2679506,69.367457,trunk
1192699021,5,41.26801,69.367428,trunk
1192699021,6,41.2680663,69.3673896,trunk
1192699021,7,41.2681188,69.3673426,trunk
1192699021,8,41.2681667,69.3672874,trunk
1192699021,9,41.2682092,69.3672251,trunk
1192699021,10,41.2682458,69.3671563,trunk
1192699021,11,41.2682758,69.3670822,trunk
1192699021,12,41.2683071,69.3669677,trunk
1192699021,13,41.2683212,69.3668689,trunk
1192699021,14,41.2683246,69.3667685,trunk
1192765720,0,41.3005619,69.210593,primary
1192765720,1,41.3004745,69.2105934,primary
1192765722,0,41.2901863,69.2515623,primary
1192765722,1,41.2906328,69.2513656,primary
1192765722,2,41.2911392,69.2511521,primary
1192765722,3,41.2912103,69.251121,primary
1192765722,4,41.2912966,69.2510837,primary
1192765722,5,41.2915777,69.2509619,primary
1192765722,6,41.2916698,69.2509222,primary
1192765722,7,41.2917344,69.2508943,primary
1192765722,8,41.291806,69.2508726,primary
1192765722,9,41.2918776,69.2508566,primary
1192765722,10,41.29194,69.2508471,primary
1192765722,11,41.292002,69.2508402,primary
1192765722,12,41.2920522,69.2508356,primary
1192765722,13,41.2923147,69.2508242,primary
1192765722,14,41.2923668,69.250823,primary
1192765722,15,41.2924919,69.2508235,primary
1192765722,16,41.2925568,69.2508237,primary
1192765722,17,41.292878,69.250825,primary
1192765722,18,41.2929692,69.2508253,primary
1192765722,19,41.2931151,69.2508259,primary
1201707743,0,41.3172881,69.3167412,primary
1201707743,1,41.3171794,69.3166257,primary
1201707743,2,41.3170509,69.3164935,primary
1203424376,0,41.3136455,69.2369718,primary
1203424376,1,41.3135928,69.2370923,primary
1203424376,2,41.3135407,69.237201,primary
1203424376,3,41.3134779,69.2373132,primary
1203424376,4,41.313403,69.2374243,primary
1203424376,5,41.3127297,69.2382647,primary
1203424376,6,41.3121472,69.2389847,primary
1203424376,7,41.3119999,69.2391881,primary
1207468328,0,41.2476271,69.3924327,trunk
1207468328,1,41.2478004,69.3922013,trunk
1207468331,0,41.24883,69.390669,trunk
1207468331,1,41.2482077,69.3914332,trunk
1207468331,2,41.2477103,69.3920797,trunk
1207468347,0,41.2496107,69.3896796,trunk
1207468347,1,41.2492094,69.3901801,trunk
1207468347,2,41.24883,69.390669,trunk
1207765950,0,41.2403649,69.4011487,trunk
1207765950,1,41.2408783,69.4007039,trunk
1207765950,2,41.2411169,69.4004812,trunk
1207765950,3,41.2412918,69.4003073,trunk
1207765950,4,41.2417653,69.3997993,trunk
1207765950,5,41.2420757,69.3994469,trunk
1207765951,0,41.2420757,69.3994469,trunk
1207765951,1,41.2435167,69.3976858,trunk
1207765951,2,41.2441663,69.3968468,trunk
1208105427,0,41.2211917,69.4025676,trunk
1208105427,1,41.2233766,69.4025194,trunk
1208105428,0,41.2091711,69.4028549,trunk
1208105428,1,41.2122991,69.402776,trunk
1208105428,2,41.2198819,69.4026021,trunk
1208105428,3,41.2211917,69.4025676,trunk
1208105430,0,41.1896322,69.4033357,trunk
1208105430,1,41.190599,69.4032941,trunk
1208105430,2,41.2047494,69.4029817,trunk
1208105430,3,41.2067919,69.4029223,trunk
1208105430,4,41.2084339,69.402876,trunk
1208105430,5,41.2088656,69.4028638,trunk
1208105430,6,41.2091711,69.4028549,trunk
1208105435,0,41.1879529,69.4034564,trunk
1208105435,1,41.1880675,69.403438,trunk
1208105435,2,41.1881821,69.4034225,trunk
1208105435,3,41.1884134,69.4033982,trunk
1208105435,4,41.1888354,69.4033718,trunk
1208105435,5,41.1896322,69.4033357,trunk
1208105436,0,41.185027,69.4044475,trunk
1208105436,1,41.1853691,69.4042651,trunk
1208105436,2,41.1856225,69.4041431,trunk
1208105436,3,41.1857482,69.4040868,trunk
1208105436,4,41.1858738,69.4040345,trunk
1208105436,5,41.1861353,69.4039393,trunk
1208105436,6,41.1867821,69.4037447,trunk
1208105436,7,41.1870587,69.4036724,trunk
1208105436,8,41.1879529,69.4034564,trunk
1208105437,0,41.1835312,69.4053702,trunk
1208105437,1,41.1839643,69.4050773,trunk
1208105437,2,41.1843992,69.4048016,trunk
1208105437,3,41.1848091,69.4045691,trunk
1208105437,4,41.185027,69.4044475,trunk
1208105442,0,41.1793131,69.4081808,trunk
1208105442,1,41.1802589,69.4075602,trunk
1208105444,0,41.1802589,69.4075602,trunk
1208105444,1,41.1808057,69.4072132,trunk
1208105444,2,41.181997,69.4064337,trunk
1208105444,3,41.1825117,69.4060555,trunk
1208105444,4,41.1826045,69.4059908,trunk
1208105444,5,41.1829489,69.4057593,trunk
1208105444,6,41.1835312,69.4053702,trunk
1208105457,0,41.1839208,69.4049223,trunk
1208105457,1,41.1836371,69.4051087,trunk
1208105457,2,41.1828903,69.405613,trunk
1208105457,3,41.1826616,69.4057645,trunk
1208105457,4,41.1825895,69.4058123,trunk
1208105457,5,41.1825457,69.4058413,trunk
1208105457,6,41.1811395,69.4067991,trunk
1208105457,7,41.1807522,69.4070629,trunk
1208105457,8,41.1797734,69.4077212,trunk
1208105457,9,41.1792727,69.4080698,trunk
1208105460,0,41.1879367,69.403329,trunk
1208105460,1,41.1870405,69.4035503,trunk
1208105460,2,41.186765,69.4036294,trunk
1208105460,3,41.1861141,69.4038293,trunk
1208105462,0,41.1884026,69.4032599,trunk
1208105462,1,41.1881686,69.4032904,trunk
1208105462,2,41.1880527,69.4033082,trunk
1208105462,3,41.1879367,69.403329,trunk
1208105464,0,41.2047493,69.4028133,trunk
1208105464,1,41.1896262,69.4031976,trunk
1208105464,2,41.1888329,69.4032271,trunk
1208105464,3,41.1884026,69.4032599,trunk
1208105480,0,41.1861141,69.4038293,trunk
1208105480,1,41.1858453,69.4039117,trunk
1208105480,2,41.1857116,69.4039568,trunk
1208105480,3,41.185578,69.4040089,trunk
1208105480,4,41.1853207,69.4041311,trunk
1208105480,5,41.1850441,69.4042698,trunk
1208105480,6,41.1847686,69.4044153,trunk
1208105480,7,41.1843427,69.4046487,trunk
1208105480,8,41.1839208,69.4049223,trunk
1209532596,0,41.1545372,69.4248422,trunk
1209532596,1,41.1554442,69.4242427,trunk
1209532597,0,41.1525242,69.4261911,trunk
1209532597,1,41.1545372,69.4248422,trunk
1209532621,0,41.1527606,69.4258737,trunk
1209532621,1,41.1524162,69.4261088,trunk
1209532623,0,41.1524623,69.4262326,trunk
1209532623,1,41.1525242,69.4261911,trunk
1209532627,0,41.1581641,69.4224196,trunk
1209532627,1,41.1590461,69.4218068,trunk
1209532627,2,41.1597194,69.4213554,trunk
1209532628,0,41.1557462,69.4240457,trunk
1209532628,1,41.1559291,69.4239219,trunk
1209532628,2,41.1569877,69.4232056,trunk
1209532634,0,41.1554442,69.4242427,trunk
1209532634,1,41.1557462,69.4240457,trunk
1209532635,0,41.155821,69.4238171,trunk
1209532635,1,41.1552763,69.4241746,trunk
1209532635,2,41.15491,69.4244273,trunk
1209532635,3,41.154486,69.4247149,trunk
1209532635,4,41.1529537,69.4257416,trunk
1209532635,5,41.1527606,69.4258737,trunk
1209532663,0,41.177476,69.4094398,trunk
1209532663,1,41.1793131,69.4081808,trunk
1209532665,0,41.1792727,69.4080698,trunk
1209532665,1,41.1784968,69.4085829,trunk
1210857636,0,41.2095416,69.1895863,trunk
1210857636,1,41.2103804,69.1902804,trunk
1210857636,2,41.2103885,69.1902872,trunk
1210857636,3,41.2107505,69.190581,trunk
1210857636,4,41.2119123,69.19152,trunk
1210857636,5,41.2135819,69.1928869,trunk
1210857636,6,41.2139146,69.1931651,trunk
1210857636,7,41.2146161,69.1937492,trunk
1210857636,8,41.2155525,69.1945045,trunk
1210857636,9,41.216654,69.1954073,trunk
1210857636,10,41.2174159,69.196027,trunk
1210857636,11,41.2176028,69.1961848,trunk
1210857636,12,41.2181785,69.1966625,trunk
1210857636,13,41.2182568,69.1967275,trunk
1210857636,14,41.2187899,69.1971699,trunk
1210857636,15,41.2189202,69.1972771,trunk
1210857636,16,41.2190037,69.1973459,trunk
1211981410,0,41.3172383,69.2306955,primary
1211981410,1,41.3172989,69.2307653,primary
1216700927,0,41.2525628,69.322526,primary
1216700927,1,41.2527562,69.3224162,primary
1216700927,2,41.2529071,69.3223383,primary
1216700927,3,41.253787,69.3218299,primary
1216700931,0,41.2525719,69.3223402,primary
1216700931,1,41.2523974,69.3224361,primary
1216700932,0,41.2523974,69.3224361,primary
1216700932,1,41.2522941,69.322488,primary
1218427438,0,41.2444334,69.2777244,primary
1218427438,1,41.244267,69.2777147,primary
1218427439,0,41.2257606,69.2672983,primary
1218427439,1,41.2250878,69.2664737,primary
1218427439,2,41.2246107,69.2659028,primary
1218427439,3,41.2242898,69.2655065,primary
1218427439,4,41.2241324,69.2653021,primary
1218427439,5,41.2240077,69.265128,primary
1218427439,6,41.2238924,69.2649555,primary
1218427439,7,41.2237748,69.2647698,primary
1218427439,8,41.223663,69.2645773,primary
1218427439,9,41.22355,69.2643701,primary
1218427439,10,41.2235267,69.2643241,primary
1218826350,0,41.2931432,69.2506449,primary
1218826350,1,41.2930799,69.2506448,primary
1222780172,0,41.3119374,69.2408029,primary
1222780172,1,41.3119253,69.2407554,primary
1222780172,2,41.3119041,69.2406806,primary
1222780172,3,41.3118831,69.2406108,primary
1222780172,4,41.3118565,69.2405332,primary
1222780172,5,41.3118344,69.240473,primary
1222780172,6,41.3118065,69.2404093,primary
1222780173,0,41.3119374,69.2408029,primary
1222780173,1,41.3119139,69.2408144,primary
1222780173,2,41.3118918,69.2408283,primary
1222780173,3,41.3118761,69.2408401,primary
1222780173,4,41.3118622,69.2408518,primary
1222780173,5,41.3118489,69.240865,primary
1222780173,6,41.3118322,69.2408854,primary
1222780173,7,41.3118157,69.2409073,primary
1222780173,8,41.311796,69.24094,primary
1222780173,9,41.3117794,69.2409746,primary
1222780173,10,41.3117649,69.2410126,primary
1222780173,11,41.311747,69.2410698,primary
1222780174,0,41.3119579,69.2409783,primary
1222780174,1,41.3119692,69.2407885,primary
1222940991,0,41.2443231,69.2562973,trunk
1222940991,1,41.2444894,69.2563622,trunk
1225668595,0,41.3001249,69.2492368,primary
1225668595,1,41.3002426,69.2491951,primary
1225668597,0,41.2998967,69.2489801,primary
1225668597,1,41.2998097,69.2490204,primary
1226254038,0,41.2610532,69.1490718,trunk
1226254038,1,41.2609777,69.1488948,trunk
1228721185,0,41.3046057,69.2471327,primary
1228721185,1,41.3048232,69.246923,primary
1228721185,2,41.3050746,69.2467081,primary
1229241172,0,41.3810184,69.2895843,primary
1229241172,1,41.3807912,69.2895175,primary
1234352812,0,41.329148,69.3546884,primary
1234352812,1,41.3293917,69.3542888,primary
1234352812,2,41.3295039,69.3540953,primary
1234672196,0,41.2939481,69.2887165,primary
1234672196,1,41.2939923,69.288777,primary
1234672196,2,41.2940385,69.2888312,primary
1234672196,3,41.2940655,69.2888561,primary
1234672196,4,41.2940942,69.2888753,primary
1234672196,5,41.2941229,69.2888891,primary
1234672196,6,41.2941522,69.2888973,primary
1235646455,0,41.2543211,69.1966812,primary
1235646455,1,41.2544116,69.196682,primary
1253159505,0,41.2698378,69.260756,primary
1253159505,1,41.2702233,69.2605121,primary
1253159505,2,41.2704167,69.2603953,primary
1253159505,3,41.2706121,69.260285,primary
1253159505,4,41.2710063,69.2600808,primary
1253159505,5,41.271641,69.2597896,primary
1253159507,0,41.265688,69.2638658,primary
1253159507,1,41.2652928,69.2642057,primary
1253159509,0,41.2707328,69.2600535,primary
1253159509,1,41.2705736,69.2601354,primary
1253159509,2,41.2703764,69.2602484,primary
1253159509,3,41.2701791,69.260364,primary
1253159509,4,41.2697879,69.2606057,primary
1253187816,0,41.2644689,69.2645157,primary
1253187816,1,41.2643174,69.2645416,primary
1267706115,0,41.2959487,69.2690657,primary
1267706115,1,41.2959838,69.2690334,primary
1267706115,2,41.2960085,69.2690099,primary
1267706115,3,41.2960345,69.2689752,primary
1267706115,4,41.2960886,69.2689058,primary
1283778126,0,41.2679329,69.2621477,primary
1283778126,1,41.2682742,69.2618726,primary
1283778126,2,41.2686928,69.2615529,primary
1283778126,3,41.2690733,69.2612805,primary
1283778126,4,41.2692766,69.2611364,primary
1284261335,0,41.2650608,69.2646534,primary
1284261335,1,41.2651299,69.2645617,primary
1284261335,2,41.2652036,69.2644779,primary
1284261335,3,41.2652778,69.2644027,primary
1284261335,4,41.2653538,69.2643308,primary
1284261335,5,41.2657505,69.2639923,primary
1284375922,0,41.3103382,69.286849,primary
1284375922,1,41.3103623,69.2868555,primary
1284375922,2,41.310489,69.2868898,primary
1284375922,3,41.3106441,69.2869251,primary
1284375922,4,41.310799,69.286958,primary
1284375922,5,41.3109546,69.2869834,primary
1284375922,6,41.3109856,69.2869881,primary
1284375922,7,41.3111103,69.2870071,primary
1284375922,8,41.3112663,69.2870296,primary
1284375922,9,41.3113422,69.2870399,primary
1284375922,10,41.311422,69.2870508,primary
1284375922,11,41.3114385,69.2870524,primary
1284375922,12,41.3115773,69.2870658,primary
1284375922,13,41.3116305,69.2870698,primary
1285787716,0,41.2211456,69.2589112,primary
1285787716,1,41.2212515,69.2588351,primary
1285787717,0,41.2263842,69.2680897,primary
1285787717,1,41.2264491,69.2679562,primary
1285787718,0,41.226188,69.2677255,primary
1285787718,1,41.2261152,69.2678566,primary
1286107439,0,41.3064557,69.3394314,trunk
1286107439,1,41.306443,69.3393847,trunk
1286107439,2,41.3064275,69.3393411,trunk
1286107439,3,41.3064079,69.3393013,trunk
1286107439,4,41.3063855,69.3392608,trunk
1286107440,0,41.3058287,69.3393345,trunk
1286107440,1,41.3058071,69.3393895,trunk
1286107440,2,41.3057949,69.339443,trunk
1286107440,3,41.3057853,69.3394973,trunk
1286107440,4,41.3057829,69.3395536,trunk
1286107440,5,41.3057839,69.3396098,trunk
1286107440,6,41.3057914,69.339665,trunk
1286107440,7,41.3058037,69.3397189,trunk
1286107441,0,41.3061918,69.3400068,trunk
1286107441,1,41.3062457,69.339985,trunk
1286107441,2,41.3062987,69.3399566,trunk
1286107441,3,41.3063449,69.3399119,trunk
1286107441,4,41.3063859,69.3398591,trunk
1286107441,5,41.3064193,69.3397956,trunk
1286107441,6,41.3064453,69.3397301,trunk
1286107441,7,41.3064594,69.3396574,trunk
1286107441,8,41.3064693,69.3395819,trunk
1286107441,9,41.3064659,69.3395061,trunk
1286107441,10,41.3064557,69.3394314,trunk
1286107442,0,41.3061846,69.3391099,trunk
1286107442,1,41.3061381,69.3391059,trunk
1286107442,2,41.3060917,69.3391054,trunk
1286107442,3,41.3060461,69.3391174,trunk
1286107442,4,41.3060012,69.3391342,trunk
1286107442,5,41.3059604,69.3391619,trunk
1286107442,6,41.3059199,69.3391943,trunk
1286107442,7,41.3058857,69.339236,trunk
1286107442,8,41.3058536,69.3392812,trunk
1286107442,9,41.3058287,69.3393345,trunk
1286138826,0,41.2439905,69.2274655,trunk
1286138826,1,41.2438725,69.2274762,trunk
1286272150,0,41.2443317,69.2904419,trunk
1286272150,1,41.244204,69.2904435,trunk
1286272158,0,41.2405771,69.3181199,trunk
1286272158,1,41.2406494,69.3182363,trunk
1286458014,0,41.3803662,69.2049549,trunk
1286458014,1,41.3802737,69.2050568,trunk
1286466817,0,41.3839374,69.2903061,trunk
1286466817,1,41.3838844,69.2902092,trunk
1286466817,2,41.3838355,69.2901122,trunk
1286466817,3,41.3837929,69.2900159,trunk
1286466817,4,41.3837543,69.2899159,trunk
1286466817,5,41.3837168,69.2898099,trunk
1286466817,6,41.3836805,69.2896994,trunk
1286466817,7,41.3836519,69.2895808,trunk
1286466817,8,41.383625,69.2894686,trunk
1286466818,0,41.383673,69.2908149,trunk
1286466818,1,41.3836897,69.2907501,trunk
1286466818,2,41.3837102,69.2906862,trunk
1286466818,3,41.3837394,69.2906237,trunk
1286466818,4,41.3837708,69.2905752,trunk
1286466818,5,41.3838109,69.2905309,trunk
1286466818,6,41.3838536,69.2905169,trunk
1286466818,7,41.3839006,69.2905173,trunk
1286616520,0,41.3807912,69.2895175,primary
1286616520,1,41.3799771,69.2892781,primary
1286616520,2,41.3790166,69.2889958,primary
1286616520,3,41.378775,69.2889248,primary
1286616520,4,41.378615,69.2888777,primary
1286616520,5,41.3779555,69.2886839,primary
1286616520,6,41.3772959,69.28849,primary
1286616520,7,41.3767062,69.2883121,primary
1286616520,8,41.3764075,69.288222,primary
1286938431,0,41.369686,69.3249438,trunk
1286938431,1,41.3695556,69.3248281,trunk
1287207778,0,41.3440352,69.3300634,primary
1287207778,1,41.3439592,69.3299912,primary
1292314750,0,41.3285835,69.2394189,primary
1292314750,1,41.3285895,69.2394492,primary
1292314750,2,41.3285995,69.239475,primary
1292314750,3,41.3286135,69.2394995,primary
1292314750,4,41.3286289,69.2395206,primary
1292314750,5,41.3286478,69.2395374,primary
1292314750,6,41.3286681,69.2395502,primary
1292314750,7,41.3286901,69.2395566,primary
1292314750,8,41.3287126,69.2395604,primary
1292314750,9,41.3287351,69.2395564,primary
1292314750,10,41.3287569,69.23955,primary
1292314750,11,41.328778,69.2395361,primary
1292314750,12,41.3287961,69.2395201,primary
1292314750,13,41.3288124,69.2394983,primary
1292314750,14,41.3288253,69.2394743,primary
1292314750,15,41.3288343,69.2394489,primary
1292314750,16,41.3288403,69.2394235,primary
1292314750,17,41.3288436,69.2393964,primary
1292314750,18,41.3288428,69.239369,primary
1292314750,19,41.3288392,69.2393425,primary
1292314750,20,41.3288325,69.239316,primary
1292314750,21,41.3288225,69.2392927,primary
1292314750,22,41.3288105,69.2392699,primary
1292314750,23,41.3287955,69.2392512,primary
1292314750,24,41.3287788,69.2392352,primary
1292314750,25,41.3287602,69.2392238,primary
1292314750,26,41.3287406,69.2392151,primary
1292314750,27,41.3287205,69.2392119,primary
1292314750,28,41.3286997,69.2392118,primary
1292314750,29,41.3286799,69.2392171,primary
1292314750,30,41.3286599,69.2392256,primary
1292314750,31,41.3286427,69.2392383,primary
1292314750,32,41.3286253,69.239255,primary
1292314750,33,41.3286103,69.2392773,primary
1292314750,34,41.3285972,69.239302,primary
1292314750,35,41.3285886,69.2393299,primary
1292314750,36,41.3285827,69.2393589,primary
1292314750,37,41.328582,69.2393887,primary
1292314750,38,41.3285835,69.2394189,primary
1295738498,0,41.2920903,69.1943554,trunk
1295738498,1,41.2921874,69.1943499,trunk
1295738499,0,41.2924311,69.1945557,primary
1295738499,1,41.2924309,69.1944672,primary
1295738499,2,41.2924688,69.1943334,primary
1301448374,0,41.3453807,69.3611677,trunk
1301448374,1,41.345693,69.3606683,trunk
1301448376,0,41.3421358,69.3663113,trunk
1301448376,1,41.3421027,69.3663866,trunk
1301448376,2,41.3420442,69.3665365,trunk
1301448376,3,41.3420069,69.3666517,trunk
1301448376,4,41.3419752,69.3667664,trunk
1301448376,5,41.3419152,69.3670023,trunk
1312874076,0,41.3837927,69.2973772,primary
1312874076,1,41.3836693,69.2973735,primary
1312874076,2,41.3833989,69.297366,primary
1312874076,3,41.3833276,69.2973648,primary
1312874078,0,41.383687,69.2981901,primary
1312874078,1,41.3838093,69.2981905,primary
1317411698,0,41.2808039,69.255749,primary
1317411698,1,41.2807531,69.2555584,primary
1323572378,0,41.3457552,69.2052956,primary
1323572378,1,41.345773,69.2052404,primary
1323572378,2,41.3459621,69.2046117,primary
1323572378,3,41.3460132,69.204447,primary
1323572378,4,41.3461163,69.2041153,primary
1323572378,5,41.3461902,69.2038746,primary
1323572378,6,41.3464074,69.2031671,primary
1323572378,7,41.3464513,69.2030151,primary
1323572378,8,41.3468195,69.2017621,primary
1323572378,9,41.3469153,69.2014437,primary
1323572378,10,41.3469514,69.2013271,primary
1323572378,11,41.3469924,69.2011955,primary
1323572378,12,41.3470961,69.2008526,primary
1323572378,13,41.3474138,69.1998706,primary
1323572378,14,41.3474694,69.1996983,primary
1323572378,15,41.3477584,69.1988334,primary
1327528690,0,41.3128231,69.2689593,primary
1327528690,1,41.3101775,69.267762,primary
1330692154,0,41.3180708,69.2541712,primary
1330692154,1,41.3176384,69.2541142,primary
1330692157,0,41.3176302,69.2542513,primary
1330692157,1,41.3177769,69.2542742,primary
1330692172,0,41.3132984,69.2536779,primary
1330692172,1,41.3141272,69.2537805,primary
1330692172,2,41.3142267,69.2537929,primary
1330692173,0,41.3128606,69.2536304,primary
1330692173,1,41.3130669,69.2536492,primary
1330692173,2,41.3132564,69.2536727,primary
1330692173,3,41.3132984,69.2536779,primary
1330692174,0,41.3122317,69.2536362,primary
1330692174,1,41.312387,69.2536341,primary
1330692174,2,41.3125441,69.2536235,primary
1330692174,3,41.3127024,69.2536236,primary
1330692174,4,41.3128606,69.2536304,primary
1330692176,0,41.3114439,69.2534482,primary
1330692176,1,41.3114513,69.2532784,primary
1332176788,0,41.312798,69.2534907,primary
1332176788,1,41.3121977,69.2533705,primary
1332176798,0,41.3113176,69.2563369,primary
1332176798,1,41.3113468,69.255669,primary
1332176801,0,41.3114513,69.2532784,primary
1332176801,1,41.3112955,69.2532632,primary
1332176802,0,41.3136313,69.2535921,primary
1332176802,1,41.3133557,69.2535585,primary
1332176802,2,41.312798,69.2534907,primary
1342405232,0,41.3110744,69.2815501,primary
1342405232,1,41.311128,69.2815506,primary
1349107355,0,41.3261284,69.1939164,trunk
1349107355,1,41.3262382,69.1940285,trunk
1349107355,2,41.3262965,69.1940878,trunk
1349107356,0,41.3262965,69.1940878,trunk
1349107356,1,41.3264155,69.1942344,trunk
1349107356,2,41.3268464,69.1946818,trunk
1349107356,3,41.3273715,69.1952271,trunk
1349107356,4,41.3277792,69.1956505,trunk
1349107356,5,41.3280576,69.195943,trunk
1349107356,6,41.3282704,69.1961606,trunk
1349107356,7,41.3284915,69.1963902,trunk
1349107356,8,41.3286918,69.1966034,trunk
1352413614,0,41.3673288,69.225151,primary
1352413614,1,41.3678479,69.2251635,primary
1352413614,2,41.3692993,69.2252177,primary
1352413615,0,41.3692993,69.2252177,primary
1352413615,1,41.3697814,69.2251919,primary
1352413615,2,41.3701633,69.2252047,primary
1352413615,3,41.3703174,69.2252093,primary
1352413615,4,41.3704677,69.2252109,primary
1352413615,5,41.3706148,69.2252042,primary
1352413615,6,41.3707619,69.2251961,primary
1352413615,7,41.3709062,69.2251832,primary
1352413615,8,41.3710716,69.225166,primary
1352413615,9,41.3713492,69.2251295,primary
1352413616,0,41.3713272,69.2249936,primary
1352413616,1,41.371184,69.2250101,primary
1352413616,2,41.3710372,69.2250248,primary
1352413616,3,41.3708908,69.2250372,primary
1352413616,4,41.3707444,69.2250471,primary
1352413616,5,41.3705983,69.2250507,primary
1352413616,6,41.3704521,69.2250532,primary
1352413616,7,41.3703178,69.2250485,primary
1352413617,0,41.3684579,69.2249813,primary
1352413617,1,41.3677234,69.22494,primary
1352413617,2,41.3672455,69.2249153,primary
1352413617,3,41.3669507,69.2249317,primary
1352413617,4,41.3667245,69.2249397,primary
1352413617,5,41.3661681,69.2249858,primary
1352413617,6,41.365577,69.2250666,primary
1352413617,7,41.3653276,69.2250948,primary
1352413617,8,41.3652459,69.2251026,primary
1352413617,9,41.3650782,69.2251187,primary
1352413617,10,41.3648053,69.2251398,primary
1352413617,11,41.3645722,69.2251472,primary
1352413618,0,41.3645762,69.2253028,primary
1352413618,1,41.3648095,69.2252783,primary
1352413618,2,41.365244,69.2252505,primary
1352413618,3,41.3656044,69.2252147,primary
1352413618,4,41.3661986,69.2251359,primary
1352413618,5,41.3663782,69.2251243,primary
1352413618,6,41.3666404,69.2251232,primary
1352413618,7,41.3673288,69.225151,primary
1352413626,0,41.3598039,69.2256129,primary
1352413626,1,41.3599685,69.2256058,primary
1354431266,0,41.3727772,69.2246752,primary
1354431266,1,41.3723918,69.2247699,primary
1354431266,2,41.3721543,69.2248352,primary
1354431266,3,41.3718554,69.2248999,primary
1354431266,4,41.3716194,69.224946,primary
1354431266,5,41.3714675,69.2249709,primary
1354431266,6,41.3713272,69.2249936,primary
1354431268,0,41.3728935,69.2247641,primary
1354431268,1,41.373362,69.2246492,primary
1354431268,2,41.3735025,69.2246112,primary
1354431268,3,41.3736403,69.2245675,primary
1354431268,4,41.3737935,69.2245206,primary
1354431268,5,41.3739472,69.2244687,primary
1354431268,6,41.3740977,69.2244141,primary
1354431268,7,41.3742467,69.2243578,primary
1354431268,8,41.3743761,69.2243046,primary
1354431268,9,41.3745044,69.224248,primary
1354431268,10,41.3748442,69.2240941,primary
1354431268,11,41.3750771,69.2239665,primary
1354431268,12,41.3752694,69.2238621,primary
1354431268,13,41.3754337,69.2237609,primary
1354431268,14,41.3755964,69.2236591,primary
1354431268,15,41.3757443,69.2235643,primary
1354431268,16,41.3758907,69.2234655,primary
1354431268,17,41.3760565,69.2233539,primary
1354431268,18,41.3762065,69.2232496,primary
1354431268,19,41.3763473,69.2231425,primary
1354431268,20,41.3764839,69.2230283,primary
1354431268,21,41.3768315,69.2227355,primary
1354431268,22,41.3770094,69.2225709,primary
1354431268,23,41.3772015,69.2223912,primary
1354431270,0,41.3772015,69.2223912,primary
1354431270,1,41.3773512,69.2222448,primary
1354431270,2,41.3774981,69.2220959,primary
1354431270,3,41.3776535,69.2219291,primary
1354431270,4,41.377806,69.2217585,primary
1354431270,5,41.3781757,69.2213289,primary
1354431270,6,41.3785139,69.220947,primary
1354431270,7,41.3786264,69.2208219,primary
1354431270,8,41.3787117,69.2207285,primary
1354431270,9,41.3787568,69.2206791,primary
1354431270,10,41.3788895,69.220534,primary
1354431270,11,41.3792222,69.2201904,primary
1354431271,0,41.3771514,69.2222972,primary
1354431271,1,41.3772015,69.2223912,primary
1354431272,0,41.3771514,69.2222972,primary
1354431272,1,41.3769535,69.2224811,primary
1354431273,0,41.3769535,69.2224811,primary
1354431273,1,41.3767978,69.2226121,primary
1354431273,2,41.3764236,69.222927,primary
1354431273,3,41.376254,69.2230648,primary
1354431273,4,41.3762038,69.2231045,primary
1354431273,5,41.3761138,69.2231756,primary
1354431273,6,41.3759833,69.2232715,primary
1354431273,7,41.3758508,69.2233638,primary
1354431273,8,41.3757136,69.2234547,primary
1354431273,9,41.3755748,69.223544,primary
1354431273,10,41.3754085,69.2236456,primary
1354431273,11,41.3752407,69.2237413,primary
1354431273,12,41.3750423,69.223854,primary
1354431273,13,41.3747733,69.2239972,primary
1354431273,14,41.3745139,69.2241175,primary
1354431274,0,41.3798762,69.2192767,primary
1354431274,1,41.3796422,69.2195147,primary
1354431275,0,41.3798762,69.2192767,primary
1354431275,1,41.3799302,69.2193881,primary
1354431275,2,41.3799605,69.2194507,primary
1354431276,0,41.3798446,69.2195728,primary
1354431276,1,41.3799605,69.2194507,primary
1354431278,0,41.3798446,69.2195728,primary
1354431278,1,41.3798277,69.2195475,primary
1354431278,2,41.3798105,69.2195276,primary
1354431278,3,41.3797924,69.2195117,primary
1354431278,4,41.3797723,69.2194985,primary
1354431281,0,41.3799605,69.2194507,primary
1354431281,1,41.3801094,69.219299,primary
1354431281,2,41.3808298,69.218565,primary
1354431281,3,41.3813741,69.218022,primary
1354431281,4,41.3814521,69.2179366,primary
1354431281,5,41.3814972,69.2178879,primary
1354431281,6,41.3822023,69.2171714,primary
1354431281,7,41.3827026,69.216663,primary
1354431281,8,41.3829299,69.2164045,primary
1354431281,9,41.3831023,69.216195,primary
1354431281,10,41.3834056,69.2158135,primary
1354431281,11,41.3837122,69.2154162,primary
1354431281,12,41.3838083,69.2152851,primary
1354431281,13,41.3838621,69.2152116,primary
1354431283,0,41.3797723,69.2194985,primary
1354431283,1,41.3797478,69.2194901,primary
1354431283,2,41.3797223,69.2194877,primary
1354431283,3,41.3796946,69.2194901,primary
1354431283,4,41.3796699,69.2194982,primary
1354431283,5,41.3796422,69.2195147,primary
1354431284,0,41.3800354,69.2191146,primary
1354431284,1,41.3798762,69.2192767,primary
1356506712,0,41.3172761,69.2304638,primary
1356506712,1,41.3171806,69.2306282,primary
1356506714,0,41.3174,69.23061,primary
1356506714,1,41.3174678,69.2305059,primary
1356506714,2,41.3176884,69.2301671,primary
1356506717,0,41.3180896,69.2290974,primary
1356506717,1,41.3177963,69.2295687,primary
1356506721,0,41.3177963,69.2295687,primary
1356506721,1,41.3177489,69.229651,primary
1356506721,2,41.3175823,69.229937,primary
1368484593,0,41.2741904,69.2050316,trunk
1368484593,1,41.2740041,69.2053189,trunk
1368484593,2,41.2738634,69.2055359,trunk
1368484593,3,41.2734939,69.2060925,trunk
1368494766,0,41.3062511,69.2999763,trunk
1368494766,1,41.3063391,69.2998697,trunk
1374443295,0,41.3837385,69.2900951,trunk
1374443295,1,41.3836989,69.2900392,trunk
1374443295,2,41.3836485,69.2900017,trunk
1374443295,3,41.383592,69.2899861,trunk
1374443295,4,41.3835345,69.2899939,trunk
1374443295,5,41.3834815,69.2900244,trunk
1374443295,6,41.3834373,69.2900798,trunk
1374443296,0,41.3834538,69.2904245,trunk
1374443296,1,41.3834959,69.2904637,trunk
1374443296,2,41.3835444,69.2904863,trunk
1374443296,3,41.3835957,69.2904908,trunk
1374443296,4,41.383646,69.2904767,trunk
1374443296,5,41.3836916,69.2904452,trunk
1374443297,0,41.3836916,69.2904452,trunk
1374443297,1,41.3837339,69.2903905,trunk
1375435749,0,41.3672864,69.286437,primary
1375435749,1,41.3673512,69.2861054,primary
1375435749,2,41.3673599,69.286065,primary
1375435749,3,41.3673706,69.2860245,primary
1375435749,4,41.3673825,69.2859862,primary
1375435749,5,41.3673968,69.2859485,primary
1375435749,6,41.3674139,69.2859106,primary
1375435749,7,41.3674322,69.2858739,primary
1375435749,8,41.3674501,69.2858407,primary
1375435749,9,41.367467,69.2858116,primary
1375435750,0,41.3677732,69.2858562,primary
1375435750,1,41.3681115,69.2859446,primary
1375435750,2,41.368469,69.2860381,primary
1375435750,3,41.3686895,69.2860958,primary
1375435750,4,41.3697534,69.2863753,primary
1375435750,5,41.3709213,69.2866794,primary
1375435750,6,41.3718947,69.2869339,primary
1375435750,7,41.3736318,69.287475,primary
1375435750,8,41.3740899,69.2876187,primary
1375435750,9,41.3742251,69.2876611,primary
1378356835,0,41.2129675,69.2396721,primary
1378356835,1,41.2144663,69.2433854,primary
1378356835,2,41.2144756,69.2434076,primary
1378356835,3,41.2147501,69.2440655,primary
1378356835,4,41.2150612,69.2448043,primary
1379173780,0,41.3960947,69.2053909,primary
1379173780,1,41.3954646,69.2056896,primary
1379173780,2,41.3950753,69.2058905,primary
1379173780,3,41.3950122,69.20593,primary
1379173780,4,41.3948138,69.2060355,primary
1379173784,0,41.4033129,69.2028578,primary
1379173784,1,41.4016708,69.2034136,primary
1379173784,2,41.4015975,69.2034366,primary
1379173784,3,41.4010898,69.2036065,primary
1379173784,4,41.3985394,69.2044585,primary
1379173784,5,41.3984168,69.2044994,primary
1379173784,6,41.398304,69.2045349,primary
1379173787,0,41.4041548,69.2026993,primary
1379173787,1,41.4042204,69.2026801,primary
1379173787,2,41.4044476,69.2026386,primary
1379173787,3,41.4046069,69.2026207,primary
1379173787,4,41.4047085,69.2026094,primary
1379173790,0,41.3994764,69.2042472,primary
1379173790,1,41.4005641,69.2038832,primary
1379173790,2,41.4010339,69.203732,primary
1379173790,3,41.4015346,69.2035605,primary
1379173790,4,41.4016168,69.2035339,primary
1379173803,0,41.3941458,69.2065303,primary
1379173803,1,41.3945212,69.2063015,primary
1379173803,2,41.3948426,69.2061261,primary
1383086014,0,41.3422581,69.3663015,trunk
1383086014,1,41.3423197,69.3661774,trunk
1383086014,2,41.34239,69.3660507,trunk
1383086014,3,41.3425218,69.365829,trunk
1383086014,4,41.3429466,69.3651142,trunk
1383766185,0,41.3653467,69.3944343,primary
1383766185,1,41.3653068,69.3944048,primary
1383766185,2,41.365166,69.3943006,primary
1383766185,3,41.3649738,69.3941407,primary
1383766185,4,41.3647831,69.3939761,primary
1383766185,5,41.3645194,69.3937413,primary
1383766185,6,41.3634344,69.3927417,primary
1383766185,7,41.3633668,69.3926784,primary
1383766185,8,41.3632977,69.3926119,primary
1383766185,9,41.3631195,69.392447,primary
1391744195,0,41.3271464,69.3577413,primary
1391744195,1,41.3270802,69.3578496,primary
1391744195,2,41.3267994,69.3583149,primary
1391744195,3,41.3267424,69.3584094,primary
1391744195,4,41.3266844,69.3585055,primary
1391744195,5,41.3266044,69.358638,primary
1394799684,0,41.3201451,69.3884604,trunk
1394799684,1,41.3202448,69.3888938,trunk
1394799684,2,41.3204741,69.3900628,trunk
1394799684,3,41.3205825,69.390647,trunk
1394799684,4,41.320682,69.3912312,trunk
1394799684,5,41.3208759,69.3924015,trunk
1394799684,6,41.3218411,69.3982283,trunk
1394799684,7,41.3235915,69.4087702,trunk
1394799684,8,41.3243546,69.4133868,trunk
1394799684,9,41.3245345,69.4144752,trunk
1394799684,10,41.3245733,69.4147103,trunk
1394799684,11,41.3247534,69.4159793,trunk
1394805523,0,41.3262753,69.4286024,trunk
1394805523,1,41.3262801,69.427631,trunk
1394805523,2,41.3262723,69.4265177,trunk
1394805523,3,41.3262618,69.4262405,trunk
1394805523,4,41.3262446,69.4259633,trunk
1394805523,5,41.3262149,69.4256874,trunk
1394805523,6,41.3261826,69.4254133,trunk
1394805526,0,41.3241088,69.4394416,trunk
1394805526,1,41.323447,69.4412791,trunk
1394805527,0,41.3210095,69.4484072,trunk
1394805527,1,41.3210967,69.4481719,trunk
1394805527,2,41.322002,69.4456693,trunk
1409138726,0,41.3225143,69.2370328,primary
1409138726,1,41.322549,69.2366763,primary
1409138726,2,41.3225695,69.2365841,primary
1409138726,3,41.3225948,69.2364649,primary
1409138726,4,41.3226331,69.2363405,primary
1413006561,0,41.2442707,69.2773481,trunk
1413006561,1,41.244267,69.2777147,trunk
1413006561,2,41.2442673,69.2777989,trunk
1414749054,0,41.3670358,69.2858803,primary
1414749054,1,41.3670748,69.285891,primary
1414749054,2,41.3671116,69.285905,primary
1414749054,3,41.3671422,69.2859239,primary
1414749054,4,41.3671707,69.2859463,primary
1414749054,5,41.3671953,69.2859747,primary
1414749054,6,41.3672174,69.2860056,primary
1414749054,7,41.3672334,69.2860344,primary
1414749054,8,41.3672458,69.2860652,primary
1414749054,9,41.3672551,69.2860953,primary
1414749054,10,41.367263,69.2861254,primary
1414749054,11,41.3672711,69.2861636,primary
1414749054,12,41.3672772,69.2862021,primary
1414749054,13,41.3672864,69.286437,primary
1414749055,0,41.3672967,69.2858049,primary
1414749055,1,41.3673368,69.2857898,primary
1414749055,2,41.3673556,69.2857815,primary
1414749055,3,41.3673743,69.2857712,primary
1414749055,4,41.3673922,69.2857606,primary
1414749055,5,41.3674083,69.2857479,primary
1414749055,6,41.3674247,69.2857338,primary
1414749055,7,41.3674397,69.2857192,primary
1414749055,8,41.3674548,69.285703,primary
1414749055,9,41.3674689,69.2856858,primary
1414749055,10,41.3674816,69.2856684,primary
1414749055,11,41.3674941,69.2856483,primary
1414749055,12,41.3675068,69.2856236,primary
1414749055,13,41.3675175,69.2855979,primary
1414749055,14,41.3675252,69.2855748,primary
1414749055,15,41.3675304,69.2855526,primary
1414749055,16,41.3675347,69.2855293,primary
1414749055,17,41.3675379,69.2855047,primary
1414749056,0,41.3672967,69.2858049,primary
1414749056,1,41.367467,69.2858116,primary
1414749057,0,41.3675379,69.2855047,primary
1414749057,1,41.3675352,69.2854728,primary
1414749057,2,41.3675309,69.2854396,primary
1414749057,3,41.3675243,69.285407,primary
1414749057,4,41.3675153,69.2853731,primary
1414749057,5,41.3675046,69.2853415,primary
1414749057,6,41.3674799,69.2852763,primary
1421416720,0,41.3221851,69.2426842,primary
1421416720,1,41.3214043,69.2425717,primary
1421416721,0,41.3246367,69.244073,primary
1421416721,1,41.3229525,69.2430189,primary
1421416721,2,41.3227679,69.2429158,primary
1421416721,3,41.3225801,69.24282,primary
1422086851,0,41.3631718,69.3926905,primary
1422086851,1,41.3632334,69.3927469,primary
1422086851,2,41.3633032,69.3928108,primary
1422086851,3,41.3636686,69.3931524,primary
1422086851,4,41.3647402,69.3940736,primary
1422086851,5,41.3649316,69.3942346,primary
1422086851,6,41.3651256,69.3943896,primary
1422086851,7,41.3653068,69.3945254,primary
1426855719,0,41.2365922,69.1891273,primary
1426855719,1,41.236285,69.1888341,primary
1426855719,2,41.2354502,69.1881688,primary
1426855719,3,41.2346413,69.1875017,primary
1426855719,4,41.2341112,69.1870645,primary
1426855719,5,41.2335728,69.1866246,primary
1426855719,6,41.2328252,69.1860115,primary
1427052319,0,41.3261662,69.4286011,trunk
1427052319,1,41.3261585,69.429687,trunk
1427054923,0,41.3261826,69.4254133,trunk
1427054923,1,41.3260839,69.4245975,trunk
1427054924,0,41.3260826,69.4254498,trunk
1427054924,1,41.3261107,69.4257231,trunk
1427054924,2,41.3261332,69.426011,trunk
1427054924,3,41.3261483,69.4262791,trunk
1427054924,4,41.3261566,69.426548,trunk
1427054924,5,41.3261674,69.427101,trunk
1427084857,0,41.3147664,69.3285601,primary
1427084857,1,41.314787,69.3284747,primary
1427084857,2,41.3148049,69.3283878,primary
1427084857,3,41.3148215,69.3282839,primary
1427084857,4,41.3148362,69.3281791,primary
1427084859,0,41.3129933,69.3312336,primary
1427084859,1,41.3131692,69.3310037,primary
1427084859,2,41.3132864,69.3308425,primary
1427084859,3,41.3135346,69.3304984,primary
1427084859,4,41.3139982,69.3298557,primary
1427084859,5,41.3144963,69.3291889,primary
1427084859,6,41.3145625,69.3290876,primary
1427084859,7,41.3145928,69.3290344,primary
1427084859,8,41.3146204,69.3289788,primary
1427084859,9,41.3146559,69.3288984,primary
1427084859,10,41.3147014,69.3287768,primary
1427084859,11,41.3147362,69.3286682,primary
1427084859,12,41.3147664,69.3285601,primary
1427084862,0,41.3144909,69.3287406,primary
1427084862,1,41.3144434,69.3288466,primary
1427084862,2,41.3143902,69.3289575,primary
1427084862,3,41.3143255,69.3290773,primary
1427084862,4,41.3142216,69.3292419,primary
1427084862,5,41.3140716,69.3294617,primary
1427084862,6,41.3140069,69.3295564,primary
1427084862,7,41.3138972,69.3297117,primary
1427084862,8,41.3135378,69.3301955,primary
1427084862,9,41.3131192,69.330759,primary
1427084862,10,41.3131035,69.33078,primary
1427084862,11,41.3130481,69.3308553,primary
1427084862,12,41.3128937,69.3310534,primary
1427084863,0,41.3146464,69.3281473,primary
1427084863,1,41.31463,69.3282638,primary
1427084863,2,41.3146169,69.3283356,primary
1427084863,3,41.3146009,69.3284051,primary
1427084863,4,41.3145831,69.3284746,primary
1427084863,5,41.3145536,69.3285692,primary
1427084863,6,41.3145224,69.328659,primary
1427084863,7,41.3144909,69.3287406,primary
1429276737,0,41.3757413,69.2953687,primary
1429276737,1,41.3756805,69.2953505,primary
1429276738,0,41.3757051,69.2955885,primary
1429276738,1,41.3768679,69.2959454,primary
1429276739,0,41.3754613,69.2955126,primary
1429276739,1,41.3755568,69.2955416,primary
1429276739,2,41.375648,69.2955709,primary
1429276740,0,41.3756805,69.2953505,primary
1429276740,1,41.3755885,69.2953218,primary
1429276740,2,41.3755026,69.2952967,primary
1429544254,0,41.1973708,69.1032435,trunk
1429544254,1,41.1980872,69.104259,trunk
1429544255,0,41.2041608,69.1128069,trunk
1429544255,1,41.2061552,69.115628,trunk
1429544255,2,41.2069677,69.1167773,trunk
1429544255,3,41.2075224,69.1175598,trunk
1429544256,0,41.207589,69.1174807,trunk
1429544256,1,41.2063993,69.1158049,trunk
1429544256,2,41.2061374,69.115436,trunk
1429544256,3,41.2061196,69.115411,trunk
1429544256,4,41.2058036,69.1149636,trunk
1429544256,5,41.2054054,69.1143997,trunk
1429544256,6,41.2042942,69.1128261,trunk
1429544256,7,41.2042292,69.1127341,trunk
1429544257,0,41.2192807,69.1342123,trunk
1429544257,1,41.219724,69.1348399,trunk
1429544257,2,41.2205407,69.136114,trunk
1429544257,3,41.221266,69.1372455,trunk
1429544258,0,41.2213328,69.1371682,trunk
1429544258,1,41.2206073,69.1360189,trunk
1429544258,2,41.2197709,69.1347447,trunk
1429544258,3,41.2193434,69.1341384,trunk
1429544259,0,41.2383441,69.1674378,trunk
1429544259,1,41.2371359,69.166241,trunk
1429544259,2,41.2369012,69.1659998,trunk
1429544259,3,41.2366312,69.1656934,trunk
1429544260,0,41.241008,69.170339,trunk
1429544260,1,41.2416488,69.170988,trunk
1433101572,0,41.2611885,69.2299892,trunk
1433101572,1,41.2614343,69.2304644,trunk
1433101572,2,41.2615786,69.2307751,trunk
1433101572,3,41.2620493,69.2317138,trunk
1433101572,4,41.2627179,69.233018,trunk
1433101572,5,41.2631145,69.2337784,trunk
1433101572,6,41.2631671,69.2338809,trunk
1433101572,7,41.2631839,69.2339136,trunk
1433101572,8,41.2631972,69.2339395,trunk
1433101572,9,41.2633654,69.2342673,trunk
1433101572,10,41.2635286,69.2345854,trunk
1433101572,11,41.2636279,69.2347788,trunk
1433101572,12,41.2638172,69.2351477,trunk
1433101572,13,41.2643422,69.2361708,trunk
1433101572,14,41.264732,69.2369595,trunk
1434183044,0,41.2921874,69.1943499,trunk
1434183044,1,41.2923079,69.1943418,trunk
1434183046,0,41.2971103,69.2042806,primary
1434183046,1,41.2967164,69.2034538,primary
1434183047,0,41.2975851,69.2052772,primary
1434183047,1,41.2972142,69.2044987,primary
1434183047,2,41.2971525,69.2043691,primary
1434183047,3,41.2971103,69.2042806,primary
1434183048,0,41.2967164,69.2034538,primary
1434183048,1,41.2962657,69.2025076,primary
1434183048,2,41.2961303,69.2022235,primary
1434183048,3,41.2960899,69.2021387,primary
1434183048,4,41.2959346,69.2018127,primary
1434183056,0,41.2967931,69.2040789,primary
1434183056,1,41.2969521,69.2044127,primary
1434183056,2,41.2970023,69.2045182,primary
1434183056,3,41.2971723,69.2048751,primary
1434183060,0,41.2963763,69.203204,primary
1434183060,1,41.2964289,69.2033144,primary
1434183060,2,41.2967931,69.2040789,primary
1434183065,0,41.2960121,69.2024395,primary
1434183065,1,41.2963763,69.203204,primary
1434183075,0,41.2930788,69.195846,primary
1434183075,1,41.2927893,69.1952729,primary
1434183076,0,41.2924311,69.1945557,primary
1434183076,1,41.2923837,69.1944734,primary
1434183076,2,41.2923079,69.1943418,primary
1435172048,0,41.3814157,69.2177525,primary
1435172048,1,41.3813867,69.217782,primary
1435172048,2,41.3812893,69.2178801,primary
1435172048,3,41.3809427,69.2182281,primary
1435172049,0,41.3809427,69.2182281,primary
1435172049,1,41.3807906,69.2183767,primary
1435172049,2,41.3800354,69.2191146,primary
1435172054,0,41.3850178,69.213554,primary
1435172054,1,41.3840138,69.2148592,primary
1435172054,2,41.383818,69.2150782,primary
1435172059,0,41.3870277,69.2112297,primary
1435172059,1,41.3870164,69.2112403,primary
1435172059,2,41.3869872,69.2112675,primary
1435172080,0,41.3929125,69.2072747,primary
1435172080,1,41.3930752,69.2071642,primary
1435172080,2,41.3941458,69.2065303,primary
1435172083,0,41.3914663,69.2081764,primary
1435172083,1,41.3921488,69.2077488,primary
1435172083,2,41.3922145,69.2077093,primary
1435172083,3,41.3929125,69.2072747,primary
1435705722,0,41.3983176,69.2046336,primary
1435705722,1,41.3984303,69.2045972,primary
1435705722,2,41.3994764,69.2042472,primary
1436003295,0,41.4183902,69.2002498,primary
1436003295,1,41.4181569,69.2001967,primary
1436003295,2,41.4178575,69.2001282,primary
1436003295,3,41.4176479,69.200094,primary
1436003295,4,41.4174486,69.200092,primary
1436003296,0,41.4174486,69.200092,primary
1436003296,1,41.4171599,69.2001105,primary
1436003296,2,41.4168665,69.2001624,primary
1436003296,3,41.4168563,69.2001641,primary
1436003296,4,41.4166767,69.2001941,primary
1436003296,5,41.4166144,69.2002059,primary
1436003296,6,41.4165389,69.2002208,primary
1436003296,7,41.4164268,69.2002428,primary
1436003296,8,41.4160694,69.2003165,primary
1436003296,9,41.4159865,69.2003336,primary
1436003296,10,41.4149184,69.2005353,primary
1436003296,11,41.4139937,69.2007095,primary
1436003296,12,41.4139682,69.2007143,primary
1436003296,13,41.4138668,69.2007334,primary
1436003367,0,41.4138668,69.2007334,primary
1436003367,1,41.4137467,69.2007527,primary
1436003367,2,41.4136876,69.2007622,primary
1436003367,3,41.4134229,69.2008048,primary
1436003367,4,41.4128695,69.2009,primary
1436003367,5,41.4124197,69.2009859,primary
1441492398,0,41.3185839,69.273169,primary
1441492398,1,41.3188128,69.272207,primary
1441492398,2,41.3188289,69.2721451,primary
1441492399,0,41.3178313,69.2765358,primary
1441492399,1,41.3181434,69.2751156,primary
1441492399,2,41.3183012,69.2744241,primary
1441492399,3,41.3185839,69.273169,primary
1442723581,0,41.2689832,69.2582751,trunk
1442723581,1,41.2689407,69.2585103,trunk
1442723581,2,41.2689139,69.2586855,trunk
1442723581,3,41.2688885,69.2588599,trunk
1442723581,4,41.2688659,69.2590366,trunk
1442723581,5,41.2688463,69.2592125,trunk
1442723581,6,41.2688302,69.2593906,trunk
1442723581,7,41.2688196,69.2595714,trunk
1442723581,8,41.2688142,69.2597528,trunk
1442723581,9,41.2688141,69.2599328,trunk
1442723581,10,41.2688188,69.2601129,trunk
1442723581,11,41.2688284,69.2602963,trunk
1442723581,12,41.2688416,69.2604771,trunk
1442723581,13,41.2688604,69.2606581,trunk
1442723581,14,41.2688831,69.2608409,trunk
1442723581,15,41.2689093,69.2610039,trunk
1442723581,16,41.2689411,69.2611659,trunk
1442723581,17,41.2689758,69.2613283,trunk
1442723581,18,41.2690146,69.2614906,trunk
1442723581,19,41.2690559,69.2616507,trunk
1442723581,20,41.2691041,69.2618082,trunk
1442723581,21,41.269216,69.2621195,trunk
1442723581,22,41.2694217,69.2626781,trunk
1443549192,0,41.3221365,69.2101179,primary
1443549192,1,41.3221317,69.2104108,primary
1443549192,2,41.3221269,69.2107974,primary
1443549192,3,41.3221212,69.2112474,primary
1443549193,0,41.3190013,69.1966893,primary
1443549193,1,41.3190689,69.196795,primary
1443549193,2,41.3191812,69.1969383,primary
1443549193,3,41.3192701,69.1970517,primary
1443549193,4,41.3200677,69.1980701,primary
1443549193,5,41.3202083,69.1982515,primary
1443549193,6,41.3203521,69.1984545,primary
1443549193,7,41.3204187,69.1985666,primary
1443549193,8,41.3204808,69.1986807,primary
1443549193,9,41.3207373,69.1991699,primary
1443549193,10,41.3208699,69.1994405,primary
1443549193,11,41.3209599,69.1996242,primary
1443549193,12,41.3213135,69.2003504,primary
1443549193,13,41.3213525,69.2004286,primary
1443549193,14,41.3213919,69.2005127,primary
1443549193,15,41.3214366,69.2006189,primary
1443549193,16,41.3214773,69.2007252,primary
1443549194,0,41.3223052,69.2041867,primary
1443549194,1,41.3222834,69.2039555,primary
1443549194,2,41.3222578,69.203723,primary
1443549194,3,41.3222282,69.2034897,primary
1443549194,4,41.3221914,69.2032605,primary
1443549194,5,41.3221517,69.2030283,primary
1443549194,6,41.3221088,69.2027988,primary
1443549194,7,41.3220089,69.2023565,primary
1443549194,8,41.3217221,69.2009648,primary
1443549194,9,41.321694,69.2008646,primary
1443549194,10,41.3216612,69.2007709,primary
1443549194,11,41.3216302,69.2006887,primary
1443549195,0,41.3222724,69.2110824,primary
1443549195,1,41.3222816,69.2106166,primary
1443549195,2,41.3222849,69.2104291,primary
1443549195,3,41.3222879,69.2101713,primary
1443549203,0,41.3212426,69.2099866,primary
1443549203,1,41.3215178,69.2100122,primary
1443549203,2,41.3216592,69.2100297,primary
1443549203,3,41.3218346,69.2100585,primary
1443549203,4,41.321962,69.2100827,primary
1443549203,5,41.3221365,69.2101179,primary
1443549208,0,41.3233615,69.2104827,primary
1443549208,1,41.3229566,69.2102332,primary
1443549208,2,41.3227851,69.2101459,primary
1443549208,3,41.3226208,69.2100719,primary
1443549208,4,41.3225377,69.2100346,primary
1443549208,5,41.3224316,69.2099932,primary
1443549208,6,41.3222912,69.2099433,primary
1443566872,0,41.2986586,69.193879,trunk
1443566872,1,41.2981057,69.1938953,trunk
1443566872,2,41.2980912,69.1938959,trunk
1443566872,3,41.297994,69.1939,trunk
1443566872,4,41.2979226,69.1939035,trunk
1443566872,5,41.2977815,69.1939048,trunk
1443566873,0,41.2977087,69.1939065,trunk
1443566873,1,41.2975731,69.1939092,trunk
1443566873,2,41.2974215,69.1939156,trunk
1443566873,3,41.2973114,69.1939203,trunk
1443566873,4,41.2968404,69.19394,trunk
1443600303,0,41.2659694,69.2177086,trunk
1443600303,1,41.2660892,69.2178395,trunk
1443600304,0,41.2660892,69.2178395,trunk
1443600304,1,41.2661722,69.2177119,trunk
1443600304,2,41.2666481,69.2169802,trunk
1443600304,3,41.2669496,69.2165168,trunk
1443615525,0,41.2805539,69.1954036,primary
1443615525,1,41.2808572,69.1949265,primary
1443615525,2,41.2810313,69.1946528,primary
1443932524,0,41.3839374,69.2903061,trunk
1443932524,1,41.3838331,69.2902058,trunk
1443932524,2,41.3837385,69.2900951,trunk
1445290550,0,41.3304753,69.2327624,primary
1445290550,1,41.3303941,69.2329062,primary
1445290550,2,41.330369,69.232958,primary
1445290550,3,41.330196,69.2332908,primary
1445290550,4,41.3301164,69.2334763,primary
1445290550,5,41.3300004,69.2337615,primary
1445290550,6,41.3298982,69.2340437,primary
1445290567,0,41.3245729,69.232598,primary
1445290567,1,41.3244314,69.2328481,primary
1445290567,2,41.3241842,69.2332852,primary
1445290567,3,41.324094,69.2334448,primary
1445290571,0,41.3242947,69.2333738,primary
1445290571,1,41.3244186,69.2331565,primary
1445290573,0,41.323825,69.2341965,primary
1445290573,1,41.3242947,69.2333738,primary
1445290574,0,41.3235229,69.2347255,primary
1445290574,1,41.323825,69.2341965,primary
1445838787,0,41.3112955,69.2532632,primary
1445838787,1,41.311286,69.2535217,primary
1445976805,0,41.2956046,69.2685025,primary
1445976805,1,41.2956213,69.2685396,primary
1445976805,2,41.2956607,69.2686224,primary
1445976805,3,41.2957037,69.2687031,primary
1445976805,4,41.2957493,69.2687821,primary
1445976805,5,41.2957967,69.2688564,primary
1445976805,6,41.2958466,69.268925,primary
1445976805,7,41.2959487,69.2690657,primary
1446206411,0,41.2960886,69.2689058,primary
1446206411,1,41.2960251,69.2688335,primary
1446206411,2,41.2959476,69.2687402,primary
1446206411,3,41.2959157,69.2686971,primary
1446206411,4,41.295876,69.2686387,primary
1446206411,5,41.2958397,69.2685753,primary
1446206411,6,41.2958002,69.2685,primary
1446206411,7,41.2957541,69.2683919,primary
1448045723,0,41.3633095,69.2855907,primary
1448045723,1,41.3631428,69.2852041,primary
1448081270,0,41.4030826,69.2030454,primary
1448081270,1,41.4037264,69.2028224,primary
1449494732,0,41.3223177,69.2369515,primary
1449494732,1,41.322228,69.2383094,primary
1449494733,0,41.3248798,69.2320552,primary
1449494733,1,41.324708,69.2323591,primary
1449494733,2,41.3245729,69.232598,primary
1449494734,0,41.3250599,69.2317368,primary
1449494734,1,41.325018,69.2318108,primary
1449494734,2,41.3248798,69.2320552,primary
1449494735,0,41.3112088,69.2402205,primary
1449494735,1,41.3110639,69.2402055,primary
1449494737,0,41.3251682,69.2318484,primary
1449494737,1,41.3252409,69.2317287,primary
1449494738,0,41.2999813,69.2318132,primary
1449494738,1,41.3011035,69.2328886,primary
1449494739,0,41.2983555,69.2302734,primary
1449494739,1,41.2992419,69.2311162,primary
1449494741,0,41.2734516,69.2065202,trunk
1449494741,1,41.2742884,69.2052331,trunk
1449494741,2,41.2743451,69.2051458,trunk
1449494741,3,41.274391,69.2050751,trunk
1449494742,0,41.168077,69.1260922,primary
1449494742,1,41.1683572,69.1263397,primary
1449494742,2,41.1685283,69.1265071,primary
1449494742,3,41.168865,69.1268364,primary
1449494744,0,41.3187286,69.2424864,primary
1449494744,1,41.3190662,69.2425211,primary
1449708798,0,41.3308078,69.2215967,primary
1449708798,1,41.3305369,69.2220873,primary
1449708799,0,41.3318476,69.2197832,primary
1449708799,1,41.3312986,69.2207496,primary
1449708799,2,41.3308945,69.2214444,primary
1449708799,3,41.3308249,69.2215679,primary
1449708799,4,41.3308078,69.2215967,primary
1449708800,0,41.3323572,69.2188862,primary
1449708800,1,41.3318476,69.2197832,primary
1449708801,0,41.3326772,69.2183313,primary
1449708801,1,41.3323572,69.2188862,primary
1449708802,0,41.338986,69.207216,primary
1449708802,1,41.3389354,69.2073055,primary
1449708802,2,41.3388136,69.2075081,primary
1449708802,3,41.3384741,69.208118,primary
1449708802,4,41.3382738,69.208471,primary
1449708803,0,41.3442647,69.2065764,primary
1449708803,1,41.3436194,69.2062361,primary
1449708804,0,41.3448216,69.2068612,primary
1449708804,1,41.3447418,69.2068304,primary
1449708804,2,41.3445203,69.2067144,primary
1449708804,3,41.3443177,69.2066069,primary
1449708804,4,41.3442647,69.2065764,primary
1449708822,0,41.3220675,69.2434792,primary
1449708822,1,41.3220903,69.2431544,primary
1450009411,0,41.322228,69.2383094,primary
1450009411,1,41.3222145,69.2385131,primary
1450009412,0,41.3220005,69.2030923,primary
1450009412,1,41.3220416,69.2033141,primary
1450009412,2,41.3220572,69.203411,primary
1450009412,3,41.3220788,69.2035448,primary
1450009412,4,41.3220935,69.2036559,primary
1450009412,5,41.3221078,69.2037646,primary
1450009412,6,41.3221372,69.2039933,primary
1450009412,7,41.3221569,69.2042237,primary
1450009412,8,41.3221613,69.2043044,primary
1450009422,0,41.3199625,69.2098406,primary
1450009422,1,41.3179419,69.2099191,primary
1450009422,2,41.3168919,69.2099523,primary
1450009422,3,41.3167794,69.2099559,primary
1450009422,4,41.3166028,69.2099639,primary
1450009423,0,41.3199655,69.2100336,primary
1450009423,1,41.3201875,69.2100205,primary
1450009423,2,41.3207432,69.2099993,primary
1450009423,3,41.3209875,69.2099942,primary
1450009423,4,41.3212426,69.2099866,primary
1450009424,0,41.3166864,69.2101667,primary
1450009424,1,41.3167824,69.2101637,primary
1450009424,2,41.3168802,69.2101584,primary
1450009425,0,41.3222326,69.2142371,primary
1450009425,1,41.3222409,69.213902,primary
1450009425,2,41.322252,69.2131199,primary
1450009425,3,41.3222572,69.2127607,primary
1450009425,4,41.322259,69.2125534,primary
1450009425,5,41.3222724,69.2110824,primary
1450009429,0,41.3178866,69.2311676,primary
1450009429,1,41.3175601,69.2307934,primary
1450009429,2,41.3174838,69.2307061,primary
1450009429,3,41.3174,69.23061,primary
1450009430,0,41.322145,69.2360476,primary
1450009430,1,41.3217954,69.235647,primary
1450009430,2,41.3215084,69.2353182,primary
1450024525,0,41.3272292,69.2512534,primary
1450024525,1,41.3276419,69.2505195,primary
1450024525,2,41.3279614,69.2499511,primary
1450024525,3,41.3283498,69.2492602,primary
1450024525,4,41.3285701,69.2488684,primary
1450024769,0,41.3266185,69.252388,primary
1450024769,1,41.3270512,69.25157,primary
1450024769,2,41.3272292,69.2512534,primary
1450024952,0,41.3272856,69.2497493,primary
1450024952,1,41.3271614,69.2499724,primary
1450024952,2,41.326917,69.2504115,primary
1450024952,3,41.3268326,69.2505631,primary
1450024952,4,41.3266296,69.2509278,primary
1450024952,5,41.326542,69.2510852,primary
1450024952,6,41.3264992,69.2511602,primary
1450024953,0,41.3281192,69.2482563,primary
1450024953,1,41.3278728,69.2486865,primary
1450024953,2,41.3276997,69.2490052,primary
1450024953,3,41.3273614,69.2496131,primary
1450024953,4,41.3272856,69.2497493,primary
1450025958,0,41.2871041,69.2310315,primary
1450025958,1,41.2865338,69.2319296,primary
1450025958,2,41.2857103,69.2332375,primary
1450025958,3,41.2856631,69.23331,primary
1450025958,4,41.2856327,69.2333563,primary
1450035540,0,41.2940257,69.2886204,primary
1450035540,1,41.2938774,69.2883953,primary
1450035540,2,41.2937836,69.2882521,primary
1450035540,3,41.2931797,69.2873337,primary
1450035540,4,41.2925972,69.2864393,primary
1450035540,5,41.2924874,69.2862718,primary
1450268999,0,41.2545749,69.1947818,primary
1450268999,1,41.2545305,69.1948916,primary
1450268999,2,41.2544893,69.1950311,primary
1450268999,3,41.254452,69.1951688,primary
1450268999,4,41.2543956,69.1954431,primary
1450269000,0,41.2547989,69.1943182,primary
1450269000,1,41.2547023,69.1944965,primary
1450269000,2,41.2546222,69.1946647,primary
1450269000,3,41.2545749,69.1947818,primary
1450269001,0,41.2552061,69.1937616,primary
1450269001,1,41.2550004,69.1939945,primary
1450269001,2,41.2549026,69.1941333,primary
1450269001,3,41.2547989,69.1943182,primary
1451369767,0,41.2042058,69.2179625,primary
1451369767,1,41.204887,69.2196082,primary
1451369767,2,41.2049425,69.2197424,primary
1451369767,3,41.205043,69.2199852,primary
1451369767,4,41.2051705,69.2202931,primary
1451369767,5,41.2053398,69.2207217,primary
1451369767,6,41.205758,69.2217128,primary
1451369767,7,41.2060433,69.2224021,primary
1451369768,0,41.2049642,69.2194822,primary
1451369768,1,41.204717,69.2188841,primary
1451369768,2,41.20469,69.2188188,primary
1451369769,0,41.2051442,69.2199091,primary
1451369769,1,41.2050393,69.2196643,primary
1451369769,2,41.2049642,69.2194822,primary
1451369770,0,41.2071503,69.2247584,primary
1451369770,1,41.206777,69.2238576,primary
1451369771,0,41.2081724,69.2272442,primary
1451369771,1,41.207866,69.2264945,primary
1451369771,2,41.2076078,69.2258627,primary
1451369771,3,41.2071503,69.2247584,primary
1451369772,0,41.2094571,69.2303298,primary
1451369772,1,41.2093587,69.2300892,primary
1451369772,2,41.209281,69.2298991,primary
1451369773,0,41.2100083,69.2316541,primary
1451369773,1,41.2099099,69.2314178,primary
1451369773,2,41.2094571,69.2303298,primary
1451418671,0,41.2854406,69.2536892,primary
1451418671,1,41.2855453,69.2536393,primary
1451418672,0,41.2804759,69.2480153,primary
1451418672,1,41.2800918,69.2475911,primary
1451418672,2,41.2791736,69.2465816,primary
1451418677,0,41.2854185,69.2534894,primary
1451418677,1,41.2853071,69.2535407,primary
1451418685,0,41.2774894,69.244621,primary
1451418685,1,41.2766997,69.2437481,primary
1451418685,2,41.2761963,69.2432022,primary
1451418685,3,41.2761679,69.2431691,primary
1451418685,4,41.2761166,69.2431169,primary
1451418687,0,41.2779079,69.2450836,primary
1451418687,1,41.2774894,69.244621,primary
1451785123,0,41.3070242,69.2845068,primary
1451785123,1,41.3075845,69.2850771,primary
1451785124,0,41.3067575,69.2842253,primary
1451785124,1,41.3069439,69.2844251,primary
1451785124,2,41.3070242,69.2845068,primary
1451921231,0,41.26199,69.3751503,trunk
1451921231,1,41.2620659,69.3750675,trunk
1451921231,2,41.2621679,69.3749419,trunk
1451921231,3,41.2622317,69.3748416,trunk
1451921231,4,41.2622718,69.3747709,trunk
1451921232,0,41.2611263,69.3757781,trunk
1451921232,1,41.2609576,69.375925,trunk
1451921232,2,41.2608031,69.3760631,trunk
1451921232,3,41.2606238,69.3762546,trunk
1451921232,4,41.260469,69.3764311,trunk
1451921232,5,41.2594733,69.3776791,trunk
1451921232,6,41.2592285,69.3779409,trunk
1451921232,7,41.2590478,69.3781167,trunk
1451921232,8,41.2588839,69.3782419,trunk
1451921232,9,41.2587879,69.378298,trunk
1451921232,10,41.2585298,69.378446,trunk
1451921232,11,41.2584471,69.3784953,trunk
1451921232,12,41.25838,69.3785472,trunk
1451921232,13,41.2582154,69.3787274,trunk
1451921233,0,41.2582154,69.3787274,trunk
1451921233,1,41.2580577,69.3789224,trunk
1451921233,2,41.2578499,69.3791921,trunk
1451944453,0,41.2274403,69.33564,trunk
1451944453,1,41.2270286,69.3355627,trunk
1451944453,2,41.2267254,69.3355204,trunk
1451944453,3,41.2265573,69.3354969,trunk
1451944453,4,41.2261409,69.3354328,trunk
1451955769,0,41.2212515,69.2588351,primary
1451955769,1,41.2210257,69.2582947,primary
1451955769,2,41.2208464,69.2578621,primary
1451955769,3,41.2202567,69.2564575,primary
1451955769,4,41.2193527,69.2543041,primary
1451955769,5,41.218566,69.2523914,primary
1451955769,6,41.2182304,69.2515728,primary
1451955770,0,41.2322056,69.2711909,primary
1451955770,1,41.2319516,69.2710639,primary
1451955770,2,41.231274,69.2707041,primary
1451955770,3,41.2309678,69.2705415,primary
1451955770,4,41.2272341,69.2684747,primary
1451955770,5,41.227032,69.2683604,primary
1451955770,6,41.2268324,69.2682358,primary
1451955770,7,41.2266359,69.2681059,primary
1451955770,8,41.2264491,69.2679562,primary
1451955770,9,41.2262473,69.2677809,primary
1451955770,10,41.226188,69.2677255,primary
1451955770,11,41.2260508,69.2675973,primary
1451955770,12,41.2258649,69.2674094,primary
1451955770,13,41.2257606,69.2672983,primary
1451955771,0,41.2345545,69.2723652,primary
1451955771,1,41.2324388,69.2713075,primary
1451955771,2,41.2322056,69.2711909,primary
1451955772,0,41.2442707,69.2773481,primary
1451955772,1,41.24424,69.2772787,primary
1451955772,2,41.2442213,69.2772443,primary
1451955772,3,41.2441991,69.2772127,primary
1451955772,4,41.2441771,69.277189,primary
1451955772,5,41.2441524,69.2771671,primary
1451955772,6,41.2438488,69.2770129,primary
1451955772,7,41.2437805,69.2769782,primary
1451955772,8,41.2437056,69.2769402,primary
1451955772,9,41.2387716,69.2744772,primary
1451955772,10,41.2386868,69.2744348,primary
1451955772,11,41.2383724,69.2742772,primary
1451955772,12,41.2360352,69.2731054,primary
1451955772,13,41.2351573,69.2726665,primary
1451955772,14,41.2349703,69.272573,primary
1451955772,15,41.2347484,69.2724621,primary
1451955772,16,41.2345545,69.2723652,primary
1452127840,0,41.2924874,69.2862718,primary
1452127840,1,41.292431,69.2861882,primary
1452127844,0,41.3096729,69.2866126,primary
1452127844,1,41.309733,69.2866379,primary
1452127844,2,41.3098862,69.2867007,primary
1452127844,3,41.3101876,69.2868072,primary
1452127844,4,41.3103382,69.286849,primary
1452127845,0,41.3093279,69.2864528,primary
1452127845,1,41.3094347,69.2865066,primary
1452127845,2,41.3095558,69.2865624,primary
1452127845,3,41.3095801,69.2865735,primary
1452127845,4,41.3096729,69.2866126,primary
1452127848,0,41.3093011,69.2862306,primary
1452127848,1,41.3090699,69.2860968,primary
1452127848,2,41.3090029,69.2860559,primary
1452444219,0,41.2730774,69.3106318,primary
1452444219,1,41.2727805,69.3107963,primary
1452444225,0,41.2209219,69.2583726,primary
1452444225,1,41.2210273,69.2586264,primary
1452444225,2,41.2211456,69.2589112,primary
1452444227,0,41.2235267,69.2643241,primary
1452444227,1,41.2234464,69.2641655,primary
1452444227,2,41.2233547,69.2639589,primary
1452444227,3,41.2213348,69.2590654,primary
1452444227,4,41.2213079,69.2590003,primary
1452444227,5,41.2212515,69.2588351,primary
1452444228,0,41.2261152,69.2678566,primary
1452444228,1,41.2261825,69.2679176,primary
1452444228,2,41.2263842,69.2680897,primary
1452444239,0,41.2436238,69.2770675,primary
1452444239,1,41.2439801,69.2772184,primary
1452444239,2,41.2441234,69.2772823,primary
1452444239,3,41.2442707,69.2773481,primary
1452444240,0,41.2441739,69.3016139,trunk
1452444240,1,41.2441741,69.3018828,trunk
1452444240,2,41.2441755,69.3038345,trunk
1452444240,3,41.2441761,69.3045745,trunk
1452444240,4,41.2441767,69.3054421,trunk
1452444240,5,41.2441773,69.3062551,trunk
1452444240,6,41.2441782,69.3074095,trunk
1452444240,7,41.2441791,69.3086893,trunk
1452444242,0,41.2567606,69.3199466,primary
1452444242,1,41.2560607,69.320336,primary
1452444242,2,41.255968,69.3203875,primary
1452444242,3,41.2559018,69.3204243,primary
1452444243,0,41.2727805,69.3107963,primary
1452444243,1,41.2727103,69.3108352,primary
1452444253,0,41.288803,69.2818976,trunk
1452444253,1,41.288517,69.2816923,trunk
1452444253,2,41.2881573,69.281434,trunk
1452444253,3,41.2879148,69.28126,trunk
1452444253,4,41.2878156,69.281189,trunk
1452444253,5,41.2877509,69.2811441,trunk
1452566125,0,41.2409592,69.3289736,primary
1452566125,1,41.2408589,69.3291088,primary
1452566125,2,41.2407547,69.3291938,primary
1452566125,3,41.2406499,69.3292716,primary
1452566125,4,41.2405493,69.3293368,primary
1452566125,5,41.2393119,69.330055,primary
1452566126,0,41.2641062,69.3157332,primary
1452566126,1,41.2636038,69.3160331,primary
1452566126,2,41.2627127,69.3165647,primary
1452566126,3,41.2624346,69.3167334,primary
1452566126,4,41.2623469,69.3167866,primary
1452566126,5,41.2622449,69.3168442,primary
1452566126,6,41.2621215,69.3169174,primary
1452566126,7,41.2620335,69.3169697,primary
1452566126,8,41.2618676,69.3170677,primary
1452566127,0,41.2665149,69.3142957,primary
1452566127,1,41.265846,69.3147006,primary
1452702403,0,41.2990686,69.2919659,primary
1452702403,1,41.2991625,69.2919254,primary
1452702403,2,41.299229,69.29189,primary
1452702403,3,41.2992925,69.2918506,primary
1452702403,4,41.29935,69.2918095,primary
1452702403,5,41.2994075,69.2917644,primary
1452702403,6,41.2995187,69.2916653,primary
1452702403,7,41.2995722,69.2916133,primary
1452702403,8,41.2996225,69.291558,primary
1452702404,0,41.2490074,69.2647478,primary
1452702404,1,41.2489825,69.2648226,primary
1452702404,2,41.2489668,69.2649016,primary
1452702404,3,41.2489605,69.2649829,primary
1452702404,4,41.2489639,69.2650645,primary
1452702404,5,41.2489769,69.2651443,primary
1452702404,6,41.2489991,69.2652205,primary
1452702405,0,41.2491855,69.264524,primary
1452702405,1,41.2491314,69.264565,primary
1452702405,2,41.2490829,69.2646169,primary
1452702405,3,41.2490412,69.2646783,primary
1452702405,4,41.2490074,69.2647478,primary
1452702406,0,41.2444906,69.2648824,primary
1452702406,1,41.2443024,69.2649872,primary
1452702407,0,41.2443024,69.2649872,primary
1452702407,1,41.2444896,69.2650857,primary
1452702408,0,41.2443024,69.2649872,trunk
1452702408,1,41.2443015,69.2653415,trunk
1452702408,2,41.2443006,69.2656875,trunk
1452702408,3,41.2442966,69.2672832,trunk
1452702408,4,41.2442942,69.2682228,trunk
1452702408,5,41.2442932,69.268595,trunk
1452702408,6,41.2442866,69.2711452,trunk
1452702408,7,41.2442833,69.2724352,trunk
1452702408,8,41.2442811,69.2733134,trunk
1452702408,9,41.244281,69.2733559,trunk
1452702408,10,41.2442799,69.2737894,trunk
1452702408,11,41.2442796,69.2738985,trunk
1452702408,12,41.2442772,69.2748463,trunk
1452702408,13,41.2442739,69.2761341,trunk
1452702409,0,41.2444896,69.2650857,trunk
1452702409,1,41.2444906,69.2648824,trunk
1452702409,2,41.2444906,69.2645992,trunk
1452702409,3,41.2444905,69.2641425,trunk
1452702409,4,41.2444905,69.2640202,trunk
1452702409,5,41.2444902,69.2621825,trunk
1452702409,6,41.2444902,69.2616492,trunk
1452702409,7,41.2444897,69.2585981,trunk
1452702411,0,41.3001,69.2968487,trunk
1452702411,1,41.2999593,69.2968164,trunk
1452702411,2,41.2997774,69.2967662,trunk
1452702411,3,41.2995955,69.2967092,trunk
1452702411,4,41.2993545,69.296602,trunk
1452702411,5,41.2991604,69.2965026,trunk
1452702411,6,41.2990116,69.296413,trunk
1452702411,7,41.2988649,69.2963222,trunk
1452702411,8,41.2987252,69.2962263,trunk
1452702411,9,41.2985735,69.2961222,trunk
1452702411,10,41.2985045,69.2960728,trunk
1452702411,11,41.2984051,69.2960017,trunk
1452702411,12,41.2982509,69.2958677,trunk
1452702411,13,41.2980997,69.2957212,trunk
1452702411,14,41.2979535,69.2955654,trunk
1452702411,15,41.2978138,69.2953999,trunk
1452702411,16,41.2977131,69.2952675,trunk
1452702411,17,41.2975638,69.2950719,trunk
1452702411,18,41.2974898,69.2949648,trunk
1452702411,19,41.2972244,69.2945158,trunk
1452702411,20,41.2971746,69.2944345,trunk
1452702411,21,41.2970577,69.2942449,trunk
1452702413,0,41.2923663,69.2864109,primary
1452702413,1,41.2928911,69.2871918,primary
1452702413,2,41.2930388,69.2874117,primary
1452702413,3,41.2931269,69.2875435,primary
1452961028,0,41.282089,69.3059127,primary
1452961028,1,41.280702,69.3064168,primary
1453138088,0,41.3150724,69.2806943,primary
1453138088,1,41.3155572,69.2808057,primary
1453182716,0,41.3118065,69.2404093,primary
1453182716,1,41.3118444,69.240392,primary
1453396564,0,41.3593102,69.2764205,primary
1453396564,1,41.3592308,69.2762395,primary
1453396564,2,41.3588225,69.2752667,primary
1453396569,0,41.3550517,69.3569161,primary
1453396569,1,41.3550884,69.356974,primary
1453396569,2,41.3551231,69.3570336,primary
1453396569,3,41.3551493,69.3570952,primary
1453396569,4,41.3551702,69.3571596,primary
1453396570,0,41.3734534,69.3228178,trunk
1453396570,1,41.3736607,69.3227242,trunk
1453396572,0,41.3585536,69.2751599,primary
1453396572,1,41.3590181,69.2762165,primary
1453396572,2,41.3590799,69.2763572,primary
1453396572,3,41.3591544,69.2765178,primary
1453396581,0,41.3383333,69.2572433,primary
1453396581,1,41.3384316,69.2572873,primary
1453455737,0,41.2954974,69.2686918,primary
1453455737,1,41.2954573,69.2687666,primary
1453455738,0,41.2964864,69.2684556,primary
1453455738,1,41.296272,69.2684561,primary
1453455738,2,41.2962064,69.2684499,primary
1453455738,3,41.296113,69.2684258,primary
1453455741,0,41.2959538,69.2684168,primary
1453455741,1,41.2958883,69.2683867,primary
1453455741,2,41.2958204,69.2683755,primary
1453455741,3,41.2957541,69.2683919,primary
1453455743,0,41.2960886,69.2689058,primary
1453455743,1,41.2962146,69.2687813,primary
1453455743,2,41.2962844,69.2687208,primary
1453455743,3,41.2963644,69.2686769,primary
1453455743,4,41.2964923,69.2686191,primary
1453455745,0,41.2959487,69.2690657,primary
1453455745,1,41.2960807,69.2692385,primary
1453455745,2,41.2961938,69.269412,primary
1453455747,0,41.2954974,69.2686918,primary
1453455747,1,41.2955012,69.2687724,primary
1453455747,2,41.2955131,69.2688433,primary
1453455747,3,41.29553,69.2689028,primary
1453455747,4,41.2955584,69.2689604,primary
1453455747,5,41.29559,69.269012,primary
1453455747,6,41.2956298,69.2690531,primary
1453455747,7,41.2956742,69.2690879,primary
1453455747,8,41.2957237,69.2691085,primary
1453455747,9,41.2957727,69.2691215,primary
1453455747,10,41.295823,69.2691198,primary
1453455747,11,41.2958732,69.2691071,primary
1453455747,12,41.2958989,69.2690986,primary
1453455747,13,41.2959487,69.2690657,primary
1453455749,0,41.2969182,69.2703831,primary
1453455749,1,41.2976824,69.2715452,primary
1453455749,2,41.2981645,69.2722785,primary
1453455749,3,41.2982999,69.2724843,primary
1453455749,4,41.2986059,69.2729497,primary
1453455749,5,41.2987616,69.2731865,primary
1453455750,0,41.2953768,69.2680693,primary
1453455750,1,41.2954396,69.2682388,primary
1453455750,2,41.2954576,69.2683188,primary
1453455750,3,41.295483,69.2684407,primary
1453455750,4,41.2954927,69.2685647,primary
1453455750,5,41.2954974,69.2686918,primary
1453950791,0,41.3642862,69.2876091,primary
1453950791,1,41.3651709,69.2869391,primary
1453950791,2,41.3653263,69.2868211,primary
1453950792,0,41.3637271,69.2880328,primary
1453950792,1,41.3642862,69.2876091,primary
1453950793,0,41.3654805,69.2864724,primary
1453950793,1,41.3651058,69.2867539,primary
1453950793,2,41.3649989,69.2868342,primary
1453950793,3,41.3645899,69.2871406,primary
1453950793,4,41.3645468,69.2871729,primary
1453950794,0,41.3662633,69.2859009,primary
1453950794,1,41.3658699,69.2861796,primary
1453950794,2,41.3658282,69.2862112,primary
1454239315,0,41.2960445,69.2693211,primary
1454239315,1,41.2961938,69.269412,primary
1454239316,0,41.3672492,69.2928346,primary
1454239316,1,41.3673382,69.2928902,primary
1454239316,2,41.3674273,69.2929459,primary
1454239316,3,41.367501,69.2929866,primary
1454535177,0,41.3589289,69.3390991,trunk
1454535177,1,41.3589921,69.3389947,trunk
1454535177,2,41.3595523,69.3380984,trunk
1454535177,3,41.3596594,69.3379532,trunk
1454535178,0,41.3584938,69.3398182,trunk
1454535178,1,41.3589289,69.3390991,trunk
1454535188,0,41.3596383,69.3377708,trunk
1454535188,1,41.3595583,69.3378803,trunk
1454535189,0,41.3596594,69.3379532,trunk
1454535189,1,41.3597443,69.337838,trunk
1454535202,0,41.3597443,69.337838,trunk
1454535202,1,41.3596383,69.3377708,trunk
1454535203,0,41.3595583,69.3378803,trunk
1454535203,1,41.3596594,69.3379532,trunk
1454746892,0,41.3833303,69.2980876,primary
1454746892,1,41.383687,69.2981901,primary
1454746896,0,41.3823363,69.2977913,primary
1454746896,1,41.3833303,69.2980876,primary
1454966601,0,41.2899064,69.1809137,primary
1454966601,1,41.2899841,69.1808237,primary
1454966601,2,41.2901493,69.1806486,primary
1454966601,3,41.2902301,69.1805701,primary
1454966601,4,41.2903116,69.1804936,primary
1454966601,5,41.290435,69.1803885,primary
1454966601,6,41.291774,69.1793584,primary
1454966602,0,41.2099666,69.2318815,primary
1454966602,1,41.210068,69.2317981,primary
1454966623,0,41.2192374,69.2244771,primary
1454966623,1,41.2191746,69.2245146,primary
1454966623,2,41.2186362,69.2248519,primary
1454966623,3,41.2180938,69.2252089,primary
1454966623,4,41.2173669,69.2256874,primary
1454966623,5,41.216869,69.2260151,primary
1454966623,6,41.2166961,69.2261565,primary
1454966623,7,41.2161618,69.2265932,primary
1454966623,8,41.2158391,69.2268571,primary
1454966623,9,41.2158186,69.2268738,primary
1454966624,0,41.2734939,69.2060925,trunk
1454966624,1,41.2731742,69.2065987,trunk
1454966624,2,41.2727645,69.2072304,trunk
1454966625,0,41.2861879,69.1863518,primary
1454966625,1,41.2857439,69.1870401,primary
1454966626,0,41.2863987,69.1860227,primary
1454966626,1,41.2863413,69.1861129,primary
1454966626,2,41.2862845,69.1862021,primary
1454966626,3,41.2861879,69.1863518,primary
1454966627,0,41.2827688,69.1916521,primary
1454966627,1,41.2821579,69.1925991,primary
1454966627,2,41.2821115,69.192671,primary
1454966627,3,41.281965,69.192898,primary
1454966628,0,41.2832635,69.1908852,primary
1454966628,1,41.2827688,69.1916521,primary
1454966632,0,41.2919144,69.1790536,primary
1454966632,1,41.2918637,69.1790938,primary
1454966632,2,41.2917067,69.1792184,primary
1454979509,0,41.3209134,69.3616689,trunk
1454979509,1,41.3208001,69.3618285,trunk
1455521958,0,41.2596778,69.2246929,primary
1455521958,1,41.2596983,69.2247523,primary
1455521958,2,41.259741,69.2248757,primary
1455521958,3,41.2598964,69.2252274,primary
1455521959,0,41.2594336,69.2236914,primary
1455521959,1,41.2595355,69.2241249,primary
1455521959,2,41.2596778,69.2246929,primary
1455521975,0,41.2818479,69.1933206,primary
1455521975,1,41.281902,69.1932344,primary
1455521975,2,41.2820449,69.1930033,primary
1455521975,3,41.2822034,69.1927699,primary
1455521975,4,41.2822998,69.1926186,primary
1455521975,5,41.2823884,69.1924797,primary
1455521976,0,41.2814769,69.1939464,primary
1455521976,1,41.2818479,69.1933206,primary
1455825187,0,41.2961352,69.268515,primary
1455825187,1,41.2960672,69.2684955,primary
1455825187,2,41.2959978,69.2684578,primary
1455825190,0,41.2959538,69.2684168,primary
1455825190,1,41.2958033,69.2682151,primary
1456366575,0,41.3787568,69.2206791,primary
1456366575,1,41.3786819,69.2205671,primary
1456366576,0,41.3786369,69.22062,primary
1456366576,1,41.3787117,69.2207285,primary
1456368008,0,41.2702958,69.2113723,trunk
1456368008,1,41.2704056,69.2112034,trunk
1456368025,0,41.2662168,69.2477887,trunk
1456368025,1,41.2662633,69.2479608,trunk
1456368025,2,41.2662993,69.2480825,trunk
1456368025,3,41.2663369,69.2482008,trunk
1456368025,4,41.2663841,69.248341,trunk
1456368025,5,41.2664196,69.2484414,trunk
1456368025,6,41.2664887,69.2486236,trunk
1456368025,7,41.266559,69.2488034,trunk
1456368025,8,41.266637,69.2489838,trunk
1456368025,9,41.2667166,69.249162,trunk
1456368025,10,41.2668692,69.2494731,trunk
1456368025,11,41.2673789,69.2505121,trunk
1456368025,12,41.2681514,69.2520871,trunk
1456368025,13,41.2682338,69.2522585,trunk
1456368025,14,41.268293,69.2523898,trunk
1456368025,15,41.2684247,69.2526824,trunk
1456368025,16,41.2686116,69.2530779,trunk
1456368025,17,41.2687209,69.253335,trunk
1456368025,18,41.2688203,69.2535884,trunk
1456368025,19,41.2689099,69.253841,trunk
1456368025,20,41.2689923,69.2540978,trunk
1456368025,21,41.2690731,69.2543603,trunk
1456368025,22,41.2691471,69.254622,trunk
1456368025,23,41.2692141,69.2548817,trunk
1456368025,24,41.2692723,69.2551436,trunk
1456368025,25,41.2692987,69.2552715,trunk
1456368025,26,41.2693218,69.2553994,trunk
1456368025,27,41.2693405,69.2555277,trunk
1456368025,28,41.2693548,69.2556574,trunk
1456368025,29,41.2693663,69.2557856,trunk
1456368025,30,41.2693753,69.2559138,trunk
1456368025,31,41.2693803,69.2560432,trunk
1456368025,32,41.2693788,69.2561741,trunk
1456368025,33,41.2693748,69.2562716,trunk
1456368025,34,41.2693569,69.2564173,trunk
1456368025,35,41.2693403,69.2565389,trunk
1456368025,36,41.269312,69.2566925,trunk
1456368025,37,41.2692799,69.2568556,trunk
1456368025,38,41.2692219,69.2571492,trunk
1456368660,0,41.3703174,69.2252093,primary
1456368660,1,41.3703178,69.2250485,primary
1456398604,0,41.204521,69.332746,trunk
1456398604,1,41.2044598,69.332714,trunk
1456398604,2,41.2044087,69.3326686,trunk
1456398604,3,41.2043752,69.3326274,trunk
1456398604,4,41.2043363,69.3325634,trunk
1456398604,5,41.2042992,69.3324773,trunk
1456398604,6,41.2042794,69.3324304,trunk
1456398604,7,41.2042574,69.3323844,trunk
1456398604,8,41.2042117,69.332308,trunk
1456398604,9,41.2041563,69.3322289,trunk
1456398604,10,41.2041291,69.3321952,trunk
1456398604,11,41.2040999,69.3321646,trunk
1456398604,12,41.20407,69.332134,trunk
1456398604,13,41.2040382,69.3321051,trunk
1456398604,14,41.2039041,69.3319994,trunk
1456398604,15,41.2033905,69.3316137,trunk
1456398604,16,41.2031283,69.3314389,trunk
1456398604,17,41.20287,69.3313126,trunk
1456398604,18,41.2025795,69.3311944,trunk
1456398604,19,41.2023221,69.331053,trunk
1456398604,20,41.2020646,69.3308879,trunk
1456398604,21,41.2009973,69.3301703,trunk
1456398604,22,41.2007742,69.3299527,trunk
1456398604,23,41.2005726,69.3297268,trunk
1456398604,24,41.2001809,69.3292459,trunk
1456398604,25,41.1991121,69.3278154,trunk
1456398610,0,41.2054742,69.3367332,trunk
1456398610,1,41.2053934,69.3366035,trunk
1456398610,2,41.2053141,69.3364688,trunk
1456398610,3,41.2052315,69.3363449,trunk
1456398610,4,41.2051489,69.3362221,trunk
1456398610,5,41.2038738,69.334524,trunk
1456398610,6,41.2038432,69.3344677,trunk
1456398610,7,41.2038206,69.3344049,trunk
1456398610,8,41.2038012,69.3343401,trunk
1456398610,9,41.2037906,69.3342739,trunk
1456398610,10,41.2037855,69.3342107,trunk
1456398610,11,41.2037863,69.3341489,trunk
1456398610,12,41.2037919,69.3340863,trunk
1456398610,13,41.2038015,69.3340238,trunk
1456398610,14,41.2039044,69.3333084,trunk
1456398610,15,41.2039234,69.3332631,trunk
1456398610,16,41.2039436,69.3332237,trunk
1456398610,17,41.2039664,69.3331863,trunk
1456398610,18,41.2039936,69.3331555,trunk
1456398610,19,41.204115,69.3330596,trunk
1456398610,20,41.2042951,69.3328771,trunk
1456398615,0,41.1994578,69.3322052,trunk
1456398615,1,41.1998785,69.3325009,trunk
1456398616,0,41.2012608,69.3334763,trunk
1456398616,1,41.2018024,69.3338463,trunk
1456398616,2,41.2034259,69.334926,trunk
1456398616,3,41.2036015,69.3350574,trunk
1456398616,4,41.2036857,69.3351299,trunk
1456398616,5,41.2039758,69.3354537,trunk
1456398616,6,41.204214,69.3356985,trunk
1456398616,7,41.2044228,69.3358815,trunk
1456398616,8,41.2045426,69.3359671,trunk
1456398620,0,41.2002285,69.3307419,trunk
1456398620,1,41.2002223,69.3309033,trunk
1456398620,2,41.2002195,69.3309342,trunk
1456398620,3,41.2002073,69.3310674,trunk
1456398620,4,41.2001757,69.3312261,trunk
1456398620,5,41.2001357,69.3313927,trunk
1456398620,6,41.2000731,69.3315539,trunk
1456398620,7,41.1999873,69.3317032,trunk
1456398620,8,41.1999254,69.3317817,trunk
1456526441,0,41.2762037,69.2448151,primary
1456526441,1,41.275596,69.2449016,primary
1456687296,0,41.2694217,69.2626781,trunk
1456687296,1,41.2696443,69.2632654,trunk
1456687296,2,41.2699892,69.2641656,trunk
1456687296,3,41.2701904,69.2646894,trunk
1456687296,4,41.2702202,69.2647641,trunk
1456725842,0,41.320236,69.3884027,trunk
1456725842,1,41.3201742,69.3881311,trunk
1456725842,2,41.3200532,69.3876258,trunk
1456725842,3,41.3199019,69.3870418,trunk
1456725842,4,41.319742,69.3864523,trunk
1456725842,5,41.3195797,69.3858827,trunk
1456725842,6,41.3194048,69.3853076,trunk
1456725842,7,41.3192226,69.3847318,trunk
1456725842,8,41.3190368,69.38416,trunk
1456725842,9,41.3188414,69.3835963,trunk
1456725842,10,41.3186372,69.3830315,trunk
1456725842,11,41.3184261,69.3824754,trunk
1456725842,12,41.3182138,69.381925,trunk
1456725842,13,41.3179891,69.3813781,trunk
1456725842,14,41.317756,69.3808337,trunk
1456725842,15,41.3172798,69.3797584,trunk
1456725842,16,41.3167995,69.3786845,trunk
1456725842,17,41.3164567,69.3779146,trunk
1456728496,0,41.3392919,69.2075375,trunk
1456728496,1,41.33966,69.2079144,trunk
1456728496,2,41.3397566,69.2080163,trunk
1456728497,0,41.3390762,69.2073131,trunk
1456728497,1,41.3391554,69.2074011,trunk
1456728497,2,41.3392919,69.2075375,trunk
1456728512,0,41.2493149,69.265518,primary
1456728512,1,41.2493633,69.2655175,primary
1456778094,0,41.3164567,69.3779146,trunk
1456778094,1,41.3159546,69.3767869,trunk
1456778094,2,41.3156411,69.3760828,trunk
1456778094,3,41.3151619,69.3749913,trunk
1456778094,4,41.3150704,69.3747785,trunk
1456778094,5,41.3147927,69.3741214,trunk
1456778094,6,41.3145182,69.3734602,trunk
1456778094,7,41.3139928,69.3721243,trunk
1456778094,8,41.3134827,69.3707684,trunk
1456778094,9,41.3130958,69.369678,trunk
1456778094,10,41.3130003,69.3694114,trunk
1456778094,11,41.3125358,69.3680368,trunk
1456778094,12,41.3106549,69.3625784,trunk
1456778094,13,41.3097177,69.3598468,trunk
1456778094,14,41.3092546,69.3584735,trunk
1456778094,15,41.3090258,69.3577843,trunk
1456778094,16,41.3088139,69.3570912,trunk
1456778094,17,41.3086805,69.3566301,trunk
1456778094,18,41.308295,69.3551695,trunk
1456778094,19,41.3082077,69.354794,trunk
1456778094,20,41.308123,69.3544166,trunk
1456778094,21,41.3079586,69.3536734,trunk
1456778094,22,41.3078441,69.3531366,trunk
1456778094,23,41.3077401,69.3525966,trunk
1456778094,24,41.3076434,69.3520584,trunk
1456778094,25,41.3075561,69.3515174,trunk
1456778094,26,41.3074396,69.3507333,trunk
1456778094,27,41.3072735,69.3494634,trunk
1456778094,28,41.3070893,69.347793,trunk
1456967660,0,41.2682113,69.2617194,primary
1456967660,1,41.2678741,69.2619888,primary
1456967660,2,41.2675065,69.2623078,primary
1456967660,3,41.2667682,69.2629365,primary
1456967660,4,41.265688,69.2638658,primary
1456967669,0,41.2373015,69.3279132,trunk
1456967669,1,41.2372152,69.3274993,trunk
1456967669,2,41.237202,69.3274058,trunk
1456967669,3,41.2371526,69.327055,trunk
1456967669,4,41.237135,69.3268972,trunk
1456967669,5,41.2371191,69.3267485,trunk
1456967670,0,41.2380773,69.3304757,trunk
1456967670,1,41.2378238,69.3297347,trunk
1456967670,2,41.2374412,69.3284736,trunk
1456967670,3,41.2373668,69.3281964,trunk
1456967670,4,41.2373015,69.3279132,trunk
1456967679,0,41.2555128,69.3206407,primary
1456967679,1,41.2550688,69.3208877,primary
1456967679,2,41.2544815,69.3212144,primary
1456967684,0,41.2691671,69.261168,trunk
1456967684,1,41.26914,69.2610221,trunk
1456967684,2,41.2691122,69.2608708,trunk
1456967684,3,41.2690915,69.2607162,trunk
1456967684,4,41.2690746,69.2605648,trunk
1456967684,5,41.2690532,69.2603166,trunk
1456967685,0,41.2692766,69.2611364,primary
1456967685,1,41.2694537,69.2610107,primary
1456967685,2,41.2698378,69.260756,primary
1456967686,0,41.245376,69.3435395,trunk
1456967686,1,41.2453062,69.3432828,trunk
1456967686,2,41.2452496,69.3430747,trunk
1456967686,3,41.2452107,69.3429317,trunk
1456967686,4,41.2450508,69.3423243,trunk
1456967686,5,41.2448106,69.341403,trunk
1456967686,6,41.2447376,69.3411112,trunk
1456967686,7,41.2445102,69.3402868,trunk
1456967686,8,41.244353,69.3397889,trunk
1456967686,9,41.2442782,69.3395301,trunk
1456967686,10,41.243981,69.3388369,trunk
1456967686,11,41.2438754,69.3386141,trunk
1456967686,12,41.2437307,69.3383359,trunk
1456967686,13,41.2436552,69.3382077,trunk
1456967686,14,41.2435783,69.3380828,trunk
1456967686,15,41.2434998,69.3379648,trunk
1456967686,16,41.2434171,69.3378523,trunk
1456967686,17,41.2432409,69.3376275,trunk
1456967686,18,41.2431892,69.3375636,trunk
1456967686,19,41.2429278,69.33727,trunk
1456967686,20,41.2426667,69.3369858,trunk
1456967686,21,41.2422135,69.3365407,trunk
1456967686,22,41.2418463,69.3361803,trunk
1456967686,23,41.2414398,69.3357872,trunk
1456967686,24,41.2407995,69.3351641,trunk
1456967686,25,41.2402998,69.3347105,trunk
1456967686,26,41.2401296,69.3345561,trunk
1456967688,0,41.2406279,69.3352242,trunk
1456967688,1,41.2407831,69.3353717,trunk
1456967688,2,41.2410845,69.3356583,trunk
1456967688,3,41.2414556,69.3360111,trunk
1456967688,4,41.2417704,69.3363218,trunk
1456967688,5,41.2419752,69.3365254,trunk
1456967688,6,41.2420038,69.3365549,trunk
1456967688,7,41.2423393,69.3369012,trunk
1456967688,8,41.2427188,69.3373095,trunk
1456967688,9,41.2428177,69.3374179,trunk
1456967688,10,41.2429072,69.337516,trunk
1456967688,11,41.2430907,69.3377267,trunk
1456967688,12,41.243134,69.3377804,trunk
1456967688,13,41.2432519,69.3379498,trunk
1456967688,14,41.2433536,69.3380959,trunk
1456967688,15,41.2434703,69.3382717,trunk
1456967688,16,41.2435745,69.338438,trunk
1456967688,17,41.2436709,69.3386126,trunk
1456967688,18,41.2437613,69.3387913,trunk
1456967688,19,41.2438122,69.3388985,trunk
1456967688,20,41.2438872,69.3390562,trunk
1456967688,21,41.2440132,69.3393448,trunk
1456967688,22,41.2442197,69.3398731,trunk
1456967688,23,41.2443752,69.3403514,trunk
1456967688,24,41.2445484,69.3409996,trunk
1456967688,25,41.2445936,69.3411764,trunk
1456967688,26,41.2448204,69.3420429,trunk
1456967688,27,41.2451357,69.3432475,trunk
1456967688,28,41.2451637,69.3433548,trunk
1456967688,29,41.2452635,69.3437361,trunk
1456967688,30,41.2453082,69.3439069,trunk
1457216642,0,41.2982688,69.2137351,primary
1457216642,1,41.298338,69.2136282,primary
1457216642,2,41.2988165,69.2128626,primary
1457216642,3,41.2991825,69.2122963,primary
1457216642,4,41.2993227,69.2120712,primary
1457216642,5,41.2995594,69.2116872,primary
1457216643,0,41.2981383,69.2136068,primary
1457216643,1,41.2978601,69.2140143,primary
1457216643,2,41.2971619,69.2151079,primary
1457216643,3,41.2965215,69.216116,primary
1457216643,4,41.2964721,69.2161938,primary
1457216643,5,41.2964346,69.2162528,primary
1457216643,6,41.2963568,69.2163753,primary
1457216669,0,41.286875,69.1852747,primary
1457216669,1,41.286633,69.1856549,primary
1457216669,2,41.2865918,69.1857196,primary
1457216669,3,41.2865151,69.18584,primary
1457216677,0,41.2924688,69.1943334,trunk
1457216677,1,41.2932062,69.1943119,trunk
1457216677,2,41.2938731,69.1942863,trunk
1457216677,3,41.2945672,69.1942596,trunk
1457216677,4,41.2946892,69.1942551,trunk
1457216677,5,41.2975335,69.1941598,trunk
1457216677,6,41.2975823,69.1941587,trunk
1457216677,7,41.2977295,69.1941553,trunk
1457216678,0,41.2923079,69.1943418,trunk
1457216678,1,41.2924688,69.1943334,trunk
1457216679,0,41.2927893,69.1952729,primary
1457216679,1,41.2924311,69.1945557,primary
1457216693,0,41.3051585,69.2656135,primary
1457216693,1,41.3052301,69.2654395,primary
1457648453,0,41.3001992,69.3466671,trunk
1457648453,1,41.3008573,69.3456588,trunk
1457648453,2,41.3009477,69.3455296,trunk
1457648453,3,41.3010382,69.3454047,trunk
1457648453,4,41.3011304,69.3452828,trunk
1457648453,5,41.3012239,69.3451627,trunk
1457648453,6,41.3013673,69.3449841,trunk
1457648453,7,41.3015187,69.3448063,trunk
1457648453,8,41.3021165,69.3441083,trunk
1457648453,9,41.3037814,69.3422689,trunk
1458333866,0,41.2922469,69.1789827,primary
1458333866,1,41.2924616,69.178812,primary
1458333866,2,41.2925906,69.1787095,primary
1458333867,0,41.291774,69.1793584,primary
1458333867,1,41.2919781,69.1791962,primary
1458333867,2,41.292112,69.1790898,primary
1458333880,0,41.2544132,69.1580462,trunk
1458333880,1,41.253344,69.1598463,trunk
1458333880,2,41.2528402,69.1606435,trunk
1458333881,0,41.2609777,69.1488948,trunk
1458333881,1,41.2608889,69.148975,trunk
1458333881,2,41.2608702,69.1489924,trunk
1458333881,3,41.2605891,69.1492539,trunk
1458333881,4,41.2604912,69.1493449,trunk
1458333881,5,41.2602284,69.1495893,trunk
1458333881,6,41.2600223,69.1498178,trunk
1458333881,7,41.2598495,69.1500094,trunk
1458333881,8,41.2594744,69.1504709,trunk
1458333881,9,41.2586486,69.1515789,trunk
1458333881,10,41.2581636,69.1522313,trunk
1458333881,11,41.2576665,69.1529,trunk
1458333881,12,41.2570376,69.1537815,trunk
1458333881,13,41.2569832,69.1538524,trunk
1458333882,0,41.2552951,69.1568003,trunk
1458333882,1,41.2553523,69.156702,trunk
1458333882,2,41.2554321,69.1565647,trunk
1458333882,3,41.2558002,69.1559391,trunk
1458333882,4,41.2560639,69.155491,trunk
1458333882,5,41.2563788,69.1549974,trunk
1458333882,6,41.2570766,69.1539907,trunk
1458333883,0,41.2552338,69.1569057,trunk
1458333883,1,41.2552951,69.1568003,trunk
1458347892,0,41.226962,69.219665,primary
1458347892,1,41.2268633,69.2197266,primary
1458347893,0,41.2961938,69.269412,primary
1458347893,1,41.2963776,69.2696501,primary
1458347893,2,41.2966078,69.2699998,primary
1458347893,3,41.2969182,69.2703831,primary
1458347894,0,41.2611948,69.2268664,primary
1458347894,1,41.2616821,69.2274132,primary
1458347894,2,41.2617589,69.2274998,primary
1458347895,0,41.2618698,69.2273356,primary
1458347895,1,41.2617538,69.2272006,primary
1458347895,2,41.2613366,69.2267109,primary
1458347896,0,41.2970259,69.2702601,primary
1458347896,1,41.2968098,69.2699383,primary
1458347896,2,41.2965264,69.2695162,primary
1458347896,3,41.296397,69.2693236,primary
1458347897,0,41.2767197,69.2441224,primary
1458347897,1,41.2772632,69.2447396,primary
1458347897,2,41.2774558,69.2449608,primary
1458347898,0,41.2761346,69.2434704,primary
1458347898,1,41.2767197,69.2441224,primary
1458347901,0,41.2813237,69.2489317,primary
1458347901,1,41.2809055,69.2484851,primary
1458539020,0,41.2462745,69.3258256,primary
1458539020,1,41.2462053,69.325865,primary
1458539020,2,41.2458043,69.3260934,primary
1458539021,0,41.247644,69.3250454,primary
1458539021,1,41.2464964,69.3256992,primary
1458539021,2,41.2462745,69.3258256,primary
1458539024,0,41.2517408,69.3227823,primary
1458539024,1,41.2513229,69.3230046,primary
1458539025,0,41.2522941,69.322488,primary
1458539025,1,41.2519569,69.3226673,primary
1458539025,2,41.2517408,69.3227823,primary
1458539043,0,41.2347,69.3330416,trunk
1458539043,1,41.2341101,69.3335695,trunk
1458539043,2,41.2335177,69.3340996,trunk
1458539043,3,41.2333303,69.3342633,trunk
1458810144,0,41.3084154,69.3032089,trunk
1458810144,1,41.3082824,69.3029944,trunk
1458810144,2,41.3080681,69.3026501,trunk
1458810144,3,41.3076936,69.302044,trunk
1458810144,4,41.3076867,69.3020327,trunk
1458810145,0,41.3075077,69.3011213,primary
1458810145,1,41.3075445,69.300825,primary
1459128929,0,41.3281253,69.3284134,primary
1459128929,1,41.3296155,69.3299875,primary
1459128930,0,41.327407,69.3276546,primary
1459128930,1,41.3281253,69.3284134,primary
1459143800,0,41.2645269,69.3156519,primary
1459143800,1,41.2650792,69.3153419,primary
1459143800,2,41.2654426,69.315138,primary
1459143801,0,41.2378188,69.3306126,trunk
1459143801,1,41.2380182,69.3312064,trunk
1459143802,0,41.2375843,69.3311663,trunk
1459143802,1,41.2380973,69.3308715,trunk
1459143803,0,41.24418,69.3098668,trunk
1459143803,1,41.2441801,69.3100138,trunk
1459893097,0,41.3074561,69.2919858,primary
1459893097,1,41.3074482,69.2921587,primary
1460240321,0,41.3263446,69.251436,primary
1460240321,1,41.3261199,69.2518234,primary
1460240321,2,41.326015,69.2520076,primary
1460240322,0,41.3264992,69.2511602,primary
1460240322,1,41.3263446,69.251436,primary
1460240331,0,41.3294218,69.2473533,primary
1460240331,1,41.3296252,69.2469916,primary
1460240331,2,41.3297659,69.2467166,primary
1460240332,0,41.3289738,69.2481503,primary
1460240332,1,41.3290511,69.2480129,primary
1460240332,2,41.3292873,69.2475926,primary
1460240332,3,41.3294218,69.2473533,primary
1460240336,0,41.3201425,69.2340137,primary
1460240336,1,41.3204705,69.2343884,primary
1460240336,2,41.3207125,69.2346648,primary
1460240337,0,41.3215084,69.2353182,primary
1460240337,1,41.3212615,69.2350353,primary
1460240337,2,41.3209768,69.2347092,primary
1460240337,3,41.3204305,69.2340832,primary
1460240337,4,41.3202369,69.2338614,primary
1460240338,0,41.3255472,69.2829281,primary
1460240338,1,41.3255853,69.282727,primary
1460277858,0,41.3005628,69.2107952,primary
1460277858,1,41.3005619,69.210593,primary
1461911958,0,41.2643748,69.1989049,primary
1461911958,1,41.2644702,69.198957,primary
1461911958,2,41.2659882,69.1997857,primary
1461911958,3,41.2665504,69.2000926,primary
1461911958,4,41.2680939,69.2009144,primary
1461911958,5,41.2681555,69.2009472,primary
1461911958,6,41.2682506,69.2009987,primary
1461911959,0,41.2543233,69.1963923,primary
1461911959,1,41.2543211,69.1966812,primary
1461911961,0,41.2421235,69.1712094,primary
1461911961,1,41.241734,69.170798,primary
1461911986,0,41.2980998,69.174187,primary
1461911986,1,41.2974335,69.1746848,primary
1461911988,0,41.298339,69.1741377,primary
1461911988,1,41.2983844,69.174102,primary
1461911989,0,41.2983527,69.1739836,primary
1461911989,1,41.298306,69.1740241,primary
1462415312,0,41.2691279,69.2353636,primary
1462415312,1,41.2688164,69.2350157,primary
1462415313,0,41.2702365,69.2366051,primary
1462415313,1,41.2696404,69.2359422,primary
1462415313,2,41.2691279,69.2353636,primary
1462415315,0,41.272194,69.2387746,primary
1462415315,1,41.2719687,69.2384941,primary
1462415315,2,41.2713021,69.2377677,primary
1462415315,3,41.2711339,69.2375787,primary
1462415315,4,41.270635,69.2370481,primary
1462415319,0,41.2734089,69.2401237,primary
1462415319,1,41.2731206,69.2398174,primary
1462415319,2,41.2727467,69.2393984,primary
1462415319,3,41.2725784,69.2392098,primary
1462415319,4,41.272194,69.2387746,primary
1462415320,0,41.2740429,69.2407947,primary
1462415320,1,41.2739633,69.2407128,primary
1462415320,2,41.2734089,69.2401237,primary
1462415327,0,41.2759256,69.2429101,primary
1462415327,1,41.2754647,69.2424141,primary
1462415327,2,41.2748671,69.241729,primary
1462415329,0,41.2761166,69.2431169,primary
1462415329,1,41.2759256,69.2429101,primary
1462415341,0,41.2791736,69.2465816,primary
1462415341,1,41.278439,69.2456719,primary
1462415342,0,41.2809055,69.2484851,primary
1462415342,1,41.2804759,69.2480153,primary
1462415348,0,41.2819467,69.2496178,primary
1462415348,1,41.2814613,69.2490878,primary
1462415348,2,41.2813875,69.249005,primary
1462415348,3,41.2813237,69.2489317,primary
1462415352,0,41.2854185,69.2534894,primary
1462415352,1,41.2852268,69.2532689,primary
1462415352,2,41.2850364,69.253056,primary
1462415364,0,41.2857652,69.2538725,primary
1462415364,1,41.2857183,69.2538325,primary
1462415364,2,41.2855453,69.2536393,primary
1462415367,0,41.2883583,69.2567421,primary
1462415367,1,41.2869375,69.2551662,primary
1462415378,0,41.289975,69.2585406,primary
1462415378,1,41.2893721,69.2578767,primary
1462415378,2,41.2893379,69.2578389,primary
1462415378,3,41.2892208,69.2576992,primary
1462415381,0,41.2937383,69.2647816,primary
1462415381,1,41.2936859,69.2646672,primary
1462415381,2,41.2933508,69.2639354,primary
1462415381,3,41.2931703,69.2635426,primary
1462415381,4,41.2931291,69.2634574,primary
1462415381,5,41.2928607,69.2629238,primary
1462415390,0,41.2944048,69.2661766,primary
1462415390,1,41.2940758,69.265488,primary
1462415390,2,41.2937383,69.2647816,primary
1462415391,0,41.2948583,69.2669538,primary
1462415391,1,41.2947861,69.2668586,primary
1462415391,2,41.2947405,69.2667872,primary
1462415391,3,41.2946529,69.2666355,primary
1462415391,4,41.2945985,69.2665489,primary
1462415391,5,41.2945466,69.2664598,primary
1462415391,6,41.2944967,69.2663688,primary
1462415391,7,41.2944048,69.2661766,primary
1462415394,0,41.2956023,69.2679957,primary
1462415394,1,41.2955163,69.2678639,primary
1462415394,2,41.2954029,69.2676901,primary
1462415394,3,41.2951836,69.2673613,primary
1462415394,4,41.2948583,69.2669538,primary
1462415395,0,41.296113,69.2684258,primary
1462415395,1,41.2960463,69.2683986,primary
1462415395,2,41.2959678,69.2683489,primary
1462415395,3,41.2958972,69.2682946,primary
1462415395,4,41.2958033,69.2682151,primary
1462415407,0,41.2978188,69.2714428,primary
1462415407,1,41.2971146,69.2703932,primary
1462415407,2,41.2970259,69.2702601,primary
1462415408,0,41.2682017,69.2344744,primary
1462415408,1,41.2682387,69.2343791,primary
1462415418,0,41.2680923,69.2344471,primary
1462415418,1,41.2680486,69.2345202,primary
1462649974,0,41.3059642,69.3399649,trunk
1462649974,1,41.3060193,69.339994,trunk
1462649974,2,41.3060753,69.3400136,trunk
1462649974,3,41.3061341,69.3400156,trunk
1462649974,4,41.3061918,69.3400068,trunk
1462649975,0,41.3053454,69.3400863,trunk
1462649975,1,41.305259,69.340194,trunk
1462649975,2,41.3039943,69.3415922,trunk
1462649984,0,41.3076242,69.2922805,primary
1462649984,1,41.3076835,69.2921437,primary
1462878547,0,41.3043235,69.3418487,trunk
1462878547,1,41.3046074,69.3415511,trunk
1463130022,0,41.3396551,69.285732,primary
1463130022,1,41.3397673,69.2857535,primary
1463483516,0,41.3345335,69.2847509,primary
1463483516,1,41.3349338,69.2848256,primary
1463483517,0,41.3349338,69.2848256,primary
1463483517,1,41.3352073,69.2848767,primary
1463483518,0,41.3343482,69.2847163,primary
1463483518,1,41.3345335,69.2847509,primary
1463483519,0,41.3342127,69.284691,primary
1463483519,1,41.3343482,69.2847163,primary
1463483520,0,41.3338842,69.2846297,primary
1463483520,1,41.3342127,69.284691,primary
1463483521,0,41.333611,69.2845787,primary
1463483521,1,41.3338842,69.2846297,primary
1463483522,0,41.3328822,69.2844427,primary
1463483522,1,41.3329189,69.2844496,primary
1463483522,2,41.3333777,69.2845352,primary
1463483522,3,41.333611,69.2845787,primary
1463483523,0,41.3316226,69.2841927,primary
1463483523,1,41.3319261,69.2842557,primary
1463483524,0,41.3306419,69.283989,primary
1463483524,1,41.3315132,69.28417,primary
1463483524,2,41.3316226,69.2841927,primary
1463483525,0,41.3302981,69.2839106,primary
1463483525,1,41.3306419,69.283989,primary
1463483526,0,41.3299624,69.2838413,primary
1463483526,1,41.3302981,69.2839106,primary
1463483527,0,41.3295824,69.2837629,primary
1463483527,1,41.3299624,69.2838413,primary
1463483528,0,41.3284509,69.2835292,primary
1463483528,1,41.329034,69.2836545,primary
1463483529,0,41.3281794,69.2834704,primary
1463483529,1,41.3283084,69.2834977,primary
1463483529,2,41.3284509,69.2835292,primary
1463483531,0,41.3515979,69.3507972,trunk
1463483531,1,41.3511145,69.3515855,trunk
1463483531,2,41.3509799,69.3518048,trunk
1463483531,3,41.3509309,69.3518848,trunk
1463483531,4,41.350779,69.3521174,trunk
1463483534,0,41.3550062,69.3452395,trunk
1463483534,1,41.3544274,69.3461835,trunk
1463483534,2,41.3542138,69.3465317,trunk
1463483534,3,41.3539827,69.3469086,trunk
1463483534,4,41.3538171,69.3471786,trunk
1463483534,5,41.3536739,69.3474121,trunk
1463483535,0,41.3556161,69.3442435,trunk
1463483535,1,41.3553733,69.3446409,trunk
1463483535,2,41.3552396,69.3448589,trunk
1463483535,3,41.3551703,69.344972,trunk
1463483535,4,41.3550062,69.3452395,trunk
1463483544,0,41.356851,69.3422253,trunk
1463483544,1,41.3565024,69.3427997,trunk
1463483544,2,41.3562488,69.3432144,trunk
1463483545,0,41.3579078,69.3405088,trunk
1463483545,1,41.3576734,69.3408906,trunk
1463483545,2,41.356851,69.3422253,trunk
1463483546,0,41.356311,69.3433506,trunk
1463483546,1,41.3569811,69.3422608,trunk
1463483555,0,41.3593284,69.3381952,trunk
1463483555,1,41.3588393,69.3389918,trunk
1463483555,2,41.3579078,69.3405088,trunk
1463525639,0,41.2945884,69.266926,primary
1463525639,1,41.2947955,69.2672057,primary
1463525641,0,41.2947955,69.2672057,primary
1463525641,1,41.2951861,69.2677777,primary
1463525641,2,41.2953768,69.2680693,primary
1463525646,0,41.2868052,69.2553673,primary
1463525646,1,41.2880261,69.2567037,primary
1463525646,2,41.288422,69.2571398,primary
1463525648,0,41.288422,69.2571398,primary
1463525648,1,41.288728,69.257477,primary
1463525648,2,41.2888838,69.2576511,primary
1463525648,3,41.288937,69.2577178,primary
1463525655,0,41.283669,69.2519024,primary
1463525655,1,41.2843324,69.2526608,primary
1463525657,0,41.2843324,69.2526608,primary
1463525657,1,41.2848278,69.2532271,primary
1463525659,0,41.2822175,69.2502802,primary
1463525659,1,41.2828795,69.2509999,primary
1463525659,2,41.2829495,69.2510799,primary
1463525659,3,41.2832402,69.2514122,primary
1463525659,4,41.283669,69.2519024,primary
1463525661,0,41.2788141,69.2465256,primary
1463525661,1,41.2791046,69.2468075,primary
1463525661,2,41.2798473,69.247627,primary
1463525661,3,41.280001,69.2477965,primary
1463525661,4,41.2806996,69.2485807,primary
1463525662,0,41.2785108,69.2462013,primary
1463525662,1,41.2788141,69.2465256,primary
1463525669,0,41.2767197,69.2441224,primary
1463525669,1,41.2767902,69.2442436,primary
1463525669,2,41.2770067,69.2444969,primary
1463525670,0,41.2752056,69.2424397,primary
1463525670,1,41.2760429,69.2433685,primary
1463525670,2,41.2761346,69.2434704,primary
1463525673,0,41.2701757,69.2368857,primary
1463525673,1,41.2707707,69.2375564,primary
1463525673,2,41.2710838,69.2379025,primary
1463525673,3,41.2711663,69.2379916,primary
1463525673,4,41.2716633,69.2385031,primary
1463525674,0,41.2691904,69.2358002,primary
1463525674,1,41.2696352,69.2362674,primary
1463525674,2,41.2701757,69.2368857,primary
1463525675,0,41.2681401,69.2346214,primary
1463525675,1,41.2682069,69.2346952,primary
1463525675,2,41.2683942,69.234904,primary
1463525675,3,41.2687195,69.2352835,primary
1463525675,4,41.2691904,69.2358002,primary
1463525677,0,41.2671125,69.2334801,primary
1463525677,1,41.2676054,69.2340334,primary
1463525678,0,41.2676054,69.2340334,primary
1463525678,1,41.2678367,69.2342858,primary
1463525678,2,41.2678955,69.2343508,primary
1463525678,3,41.2680486,69.2345202,primary
1463525682,0,41.2650861,69.2312545,primary
1463525682,1,41.2655746,69.2317852,primary
1463525683,0,41.2639833,69.2300432,primary
1463525683,1,41.2650861,69.2312545,primary
1463525688,0,41.2631819,69.2291442,primary
1463525688,1,41.263448,69.2294378,primary
1463525688,2,41.2639344,69.2299906,primary
1463525688,3,41.2639833,69.2300432,primary
1463525693,0,41.2628578,69.2287614,primary
1463525693,1,41.2631819,69.2291442,primary
1463525694,0,41.2617589,69.2274998,primary
1463525694,1,41.2626727,69.2285561,primary
1463525694,2,41.2628578,69.2287614,primary
1463702892,0,41.3221613,69.2043044,primary
1463702892,1,41.3221818,69.2046828,primary
1463702892,2,41.3221935,69.2051785,primary
1463702892,3,41.3221955,69.2056741,primary
1463702892,4,41.3221919,69.2058895,primary
1463702892,5,41.3221895,69.2060277,primary
1463702892,6,41.3221872,69.2061639,primary
1463702893,0,41.3222912,69.2099433,primary
1463702893,1,41.3222959,69.2096101,primary
1463702893,2,41.3223033,69.2091845,primary
1463702893,3,41.3223099,69.2086805,primary
1463702893,4,41.3223152,69.2081407,primary
1463702894,0,41.3204096,69.2254113,primary
1463702894,1,41.3204849,69.2252822,primary
1463702895,0,41.3204849,69.2252822,primary
1463702895,1,41.3203596,69.2251494,primary
1463702896,0,41.320283,69.2252844,primary
1463702896,1,41.3202313,69.2253755,primary
1464003246,0,41.3051862,69.2785315,primary
1464003246,1,41.3052879,69.2785536,primary
1464003246,2,41.3053635,69.2785701,primary
1464003250,0,41.3063082,69.3391728,trunk
1464003250,1,41.3062799,69.339152,trunk
1464003250,2,41.3062487,69.3391333,trunk
1464003250,3,41.3062173,69.3391203,trunk
1464003250,4,41.3061846,69.3391099,trunk
1464003251,0,41.3168582,69.3165738,primary
1464003251,1,41.3167145,69.3169537,primary
1464003252,0,41.316588,69.3163838,primary
1464003252,1,41.3166977,69.3164541,primary
1464003252,2,41.3168044,69.3165328,primary
1464003252,3,41.3168582,69.3165738,primary
1464003258,0,41.3266044,69.358638,primary
1464003258,1,41.3264194,69.3589445,primary
1464003260,0,41.3265034,69.3590294,primary
1464003260,1,41.3265811,69.358901,primary
1464003260,2,41.3266399,69.3588037,primary
1464003261,0,41.3230041,69.3645896,primary
1464003261,1,41.3229547,69.3647851,primary
1464003265,0,41.3215936,69.3629162,trunk
1464003265,1,41.3221012,69.3636168,trunk
1464003265,2,41.3227076,69.3644469,trunk
1464003265,3,41.3228148,69.3645936,trunk
1464003265,4,41.3229547,69.3647851,trunk
1464003266,0,41.3031326,69.279489,primary
1464003266,1,41.3029594,69.279246,primary
1464003267,0,41.3029594,69.279246,primary
1464003267,1,41.3030423,69.2791259,primary
1464003267,2,41.3031877,69.2789155,primary
1464003270,0,41.3053113,69.2784283,primary
1464003270,1,41.3050733,69.2783767,primary
1466280610,0,41.321032,69.3621503,trunk
1466280610,1,41.3215936,69.3629162,trunk
1466280611,0,41.3208001,69.3618285,trunk
1466280611,1,41.3209616,69.3620537,trunk
1466280611,2,41.321032,69.3621503,trunk
1466522361,0,41.2912881,69.2839816,primary
1466522361,1,41.2912835,69.284263,primary
1468065021,0,41.3705925,69.1894348,trunk
1468065021,1,41.3705051,69.1895396,trunk
1468307043,0,41.3209169,69.4483486,trunk
1468307043,1,41.3198892,69.4512367,trunk
1468307044,0,41.3199811,69.4512941,trunk
1468307044,1,41.3210095,69.4484072,trunk
1472862951,0,41.3044429,69.2472645,primary
1472862951,1,41.304504,69.2472156,primary
1472862951,2,41.3046057,69.2471327,primary
1473627761,0,41.2958033,69.2682151,primary
1473627761,1,41.2956023,69.2679957,primary
1473627766,0,41.2956549,69.2684508,primary
1473627766,1,41.2956046,69.2685025,primary
1473627768,0,41.2956856,69.2684275,primary
1473627768,1,41.2956549,69.2684508,primary
1474195583,0,41.3499122,69.2269932,primary
1474195583,1,41.3497921,69.2269786,primary
1474195583,2,41.3497374,69.2269634,primary
1474195583,3,41.3496618,69.2269257,primary
1474195584,0,41.3496514,69.2270601,primary
1474195584,1,41.3495172,69.2271168,primary
1474195585,0,41.3495172,69.2271168,trunk
1474195585,1,41.3494595,69.2278148,trunk
1474195585,2,41.3494473,69.2279654,trunk
1474195585,3,41.349432,69.2281483,trunk
1474195585,4,41.3494214,69.2282764,trunk
1474195585,5,41.3493729,69.2288638,trunk
1474195585,6,41.3493342,69.2293983,trunk
1474195585,7,41.3492669,69.2301663,trunk
1474195585,8,41.3491824,69.2311686,trunk
1474195585,9,41.34906,69.2327164,trunk
1474195585,10,41.3489313,69.2342399,trunk
1474195585,11,41.3488187,69.2355746,trunk
1474195585,12,41.3487761,69.2360651,trunk
1474195585,13,41.3487578,69.2362954,trunk
1474195585,14,41.3487315,69.236627,trunk
1474195585,15,41.348627,69.2378891,trunk
1474195585,16,41.3486223,69.2379461,trunk
1474195585,17,41.348611,69.2380837,trunk
1474195585,18,41.3485786,69.2384761,trunk
1474195585,19,41.3485699,69.2385801,trunk
1474195585,20,41.3485038,69.2394048,trunk
1474195585,21,41.348477,69.2397045,trunk
1474195585,22,41.3484519,69.2399946,trunk
1474195585,23,41.3484174,69.2404258,trunk
1474195585,24,41.3483796,69.2408837,trunk
1474195586,0,41.3496618,69.2269257,trunk
1474195586,1,41.3497842,69.2254808,trunk
1474195586,2,41.3498582,69.2245987,trunk
1474195586,3,41.3499652,69.2234152,trunk
1474290297,0,41.3095645,69.2670015,primary
1474290297,1,41.3094168,69.2674188,primary
1474290328,0,41.3189072,69.2718431,primary
1474290328,1,41.3191217,69.2718567,primary
1474290329,0,41.3191415,69.2717387,primary
1474290329,1,41.3189503,69.2716769,primary
1474290330,0,41.3188824,69.271274,primary
1474290330,1,41.3187991,69.2716371,primary
1474290331,0,41.3189503,69.2716769,primary
1474290331,1,41.3190316,69.2713187,primary
1474290331,2,41.3191118,69.2709799,primary
1474290331,3,41.3192863,69.2702609,primary
1474290331,4,41.3196206,69.2688069,primary
1474290331,5,41.3196437,69.2687068,primary
1474290331,6,41.3198191,69.2679537,primary
1474290331,7,41.3198884,69.2676612,primary
1474290332,0,41.3188289,69.2721451,primary
1474290332,1,41.3189072,69.2718431,primary
1475306043,0,41.2961391,69.2762016,primary
1475306043,1,41.2967097,69.2755886,primary
1475306044,0,41.2960965,69.2762473,primary
1475306044,1,41.2961391,69.2762016,primary
1475306055,0,41.2923111,69.2863293,primary
1475306055,1,41.2923663,69.2864109,primary
1475306065,0,41.2731846,69.3107641,primary
1475306065,1,41.2733104,69.310695,primary
1475306066,0,41.2740997,69.3102642,primary
1475306066,1,41.2743091,69.3101492,primary
1475536268,0,41.221266,69.1372455,trunk
1475536268,1,41.2213745,69.1374149,trunk
1475536270,0,41.2139641,69.1265138,trunk
1475536270,1,41.2138363,69.126333,trunk
1475536271,0,41.2137786,69.1264289,trunk
1475536271,1,41.2138974,69.1265974,trunk
1475999225,0,41.2942052,69.2893187,primary
1475999225,1,41.2941842,69.2891026,primary
1475999226,0,41.2942206,69.2894314,primary
1475999226,1,41.2942052,69.2893187,primary
1475999229,0,41.2912835,69.284263,primary
1475999229,1,41.2912951,69.2844219,primary
1475999229,2,41.2913132,69.2845798,primary
1476629471,0,41.3309239,69.2430545,primary
1476629471,1,41.3309281,69.2429746,primary
1476629471,2,41.3309293,69.242917,primary
1476629472,0,41.3309293,69.242917,primary
1476629472,1,41.3309307,69.2428589,primary
1476629472,2,41.3309308,69.242805,primary
1476629476,0,41.3307948,69.2428949,primary
1476629476,1,41.3307787,69.2430148,primary
1478666025,0,41.2814259,69.1479217,trunk
1478666025,1,41.2817481,69.1480458,trunk
1478666025,2,41.2822903,69.1482308,trunk
1478666025,3,41.2831491,69.1485057,trunk
1478666025,4,41.283788,69.1487234,trunk
1478666026,0,41.3837339,69.2903905,trunk
1478666026,1,41.3837616,69.2903212,trunk
1478666026,2,41.383772,69.2902438,trunk
1478666026,3,41.383764,69.290166,trunk
1478666026,4,41.3837385,69.2900951,trunk
1478688901,0,41.3284707,69.2394034,primary
1478688901,1,41.328125,69.2396403,primary
1478688902,0,41.3292746,69.2358898,primary
1478688902,1,41.3292555,69.2359833,primary
1478688902,2,41.3292396,69.2360946,primary
1478688902,3,41.3292132,69.2362937,primary
1478688907,0,41.2867425,69.1864029,primary
1478688907,1,41.2871978,69.1869258,primary
1478688908,0,41.2864843,69.1861114,primary
1478688908,1,41.2865875,69.1862225,primary
1478688908,2,41.2867425,69.1864029,primary
1478688909,0,41.2862657,69.1864486,primary
1478688909,1,41.2863627,69.1862964,primary
1478688909,2,41.2864312,69.186191,primary
1478688909,3,41.2864843,69.1861114,primary
1478688911,0,41.2814105,69.1940614,primary
1478688911,1,41.2814769,69.1939464,primary
1478688912,0,41.2821859,69.1945658,trunk
1478688912,1,41.2813772,69.1945799,trunk
1478688912,2,41.281259,69.1945896,trunk
1478688912,3,41.2811645,69.1946059,trunk
1478688912,4,41.2810947,69.1946265,trunk
1478688912,5,41.2810313,69.1946528,trunk
1478688914,0,41.3257357,69.241191,primary
1478688914,1,41.3255561,69.2413337,primary
1478688915,0,41.3258909,69.2410895,primary
1478688915,1,41.3257357,69.241191,primary
1478913632,0,41.316073,69.209988,primary
1478913632,1,41.3152599,69.2100254,primary
1478913632,2,41.3150286,69.2100174,primary
1478913633,0,41.3166028,69.2099639,primary
1478913633,1,41.3162906,69.209978,primary
1478913633,2,41.316073,69.209988,primary
1478913634,0,41.3174137,69.210132,primary
1478913634,1,41.3199655,69.2100336,primary
1478913635,0,41.3168802,69.2101584,primary
1478913635,1,41.3172181,69.2101399,primary
1478913635,2,41.3174137,69.210132,primary
1478913642,0,41.3109892,69.2075037,primary
1478913642,1,41.3108782,69.2074489,primary
1478913642,2,41.3106431,69.2073432,primary
1478913642,3,41.3104663,69.2072645,primary
1478913642,4,41.3103606,69.2072297,primary
1478913644,0,41.3349885,69.2145137,primary
1478913644,1,41.3352215,69.2141022,primary
1478913644,2,41.3352968,69.2139656,primary
1478913644,3,41.3353566,69.213865,primary
1478913648,0,41.3345516,69.2152814,primary
1478913648,1,41.3349885,69.2145137,primary
1478913650,0,41.3343731,69.215594,primary
1478913650,1,41.3344158,69.2155193,primary
1478913650,2,41.3344913,69.215387,primary
1478913650,3,41.3345516,69.2152814,primary
1478913651,0,41.3342123,69.2158783,primary
1478913651,1,41.3343731,69.215594,primary
1478913652,0,41.3335812,69.21701,primary
1478913652,1,41.3338379,69.2165329,primary
1478913652,2,41.3340281,69.2161998,primary
1478913652,3,41.3342123,69.2158783,primary
1478913656,0,41.3334109,69.2173177,primary
1478913656,1,41.3335812,69.21701,primary
1478913657,0,41.3328666,69.218302,primary
1478913657,1,41.3329528,69.2181462,primary
1478913657,2,41.3330938,69.2178909,primary
1478913657,3,41.3334109,69.2173177,primary
1478913660,0,41.3318949,69.2199978,primary
1478913660,1,41.3321592,69.2195378,primary
1478913661,0,41.3316942,69.2203468,primary
1478913661,1,41.3318949,69.2199978,primary
1478913662,0,41.3312243,69.2211643,primary
1478913662,1,41.3316942,69.2203468,primary
1478913663,0,41.330861,69.2218009,primary
1478913663,1,41.3309295,69.2216833,primary
1478913663,2,41.3311588,69.2212805,primary
1478913663,3,41.3312243,69.2211643,primary
1478913664,0,41.3307808,69.2219447,primary
1478913664,1,41.330861,69.2218009,primary
1478913669,0,41.3306871,69.2221128,primary
1478913669,1,41.3307808,69.2219447,primary
1478913670,0,41.3303388,69.2227306,primary
1478913670,1,41.3304333,69.2225634,primary
1478913670,2,41.3305346,69.2223843,primary
1478913670,3,41.3306871,69.2221128,primary
1478913671,0,41.3299405,69.2234232,primary
1478913671,1,41.3300576,69.2232208,primary
1478913672,0,41.3283063,69.2262294,primary
1478913672,1,41.3283575,69.2261578,primary
1478913672,2,41.3299405,69.2234232,primary
1478913673,0,41.3280709,69.2266481,primary
1478913673,1,41.3282479,69.2263424,primary
1478913673,2,41.3283063,69.2262294,primary
1478913677,0,41.3278478,69.2270631,primary
1478913677,1,41.3280709,69.2266481,primary
1478913678,0,41.3276803,69.2273549,primary
1478913678,1,41.3278478,69.2270631,primary
1478913679,0,41.3267484,69.2289926,primary
1478913679,1,41.3267918,69.2289095,primary
1478913686,0,41.3263975,69.2295933,primary
1478913686,1,41.3264946,69.2294189,primary
1478913689,0,41.3224707,69.2377197,primary
1478913689,1,41.3225143,69.2370328,primary
1478913691,0,41.3244186,69.2331565,primary
1478913691,1,41.3247061,69.2326524,primary
1478913692,0,41.3262299,69.2298944,primary
1478913692,1,41.3263975,69.2295933,primary
1478913693,0,41.3266682,69.2291114,primary
1478913693,1,41.3267135,69.2290512,primary
1478913693,2,41.3267484,69.2289926,primary
1478913695,0,41.3264946,69.2294189,primary
1478913695,1,41.3266439,69.2291506,primary
1478913695,2,41.3266682,69.2291114,primary
1479388932,0,41.3000268,69.2907763,primary
1479388932,1,41.2999517,69.2908863,primary
1483526034,0,41.2968046,69.2859008,primary
1483526034,1,41.2967141,69.2860031,primary
1483872336,0,41.3252409,69.2317287,primary
1483872336,1,41.3251282,69.2316159,primary
1484701978,0,41.3266399,69.3588037,primary
1484701978,1,41.3267356,69.3586454,primary
1484701981,0,41.3416013,69.3692336,trunk
1484701981,1,41.3416484,69.3689707,trunk
1484701982,0,41.3378107,69.378549,trunk
1484701982,1,41.3379741,69.3784716,trunk
1484701982,2,41.3381412,69.3783794,trunk
1484701982,3,41.3383212,69.378294,trunk
1484701988,0,41.3335618,69.377888,trunk
1484701988,1,41.3340226,69.3782643,trunk
1484701988,2,41.3341402,69.3783523,trunk
1484701988,3,41.3342603,69.3784349,trunk
1484701988,4,41.3343818,69.3785158,trunk
1484701988,5,41.3345034,69.378594,trunk
1484701988,6,41.3346301,69.3786626,trunk
1484701988,7,41.334759,69.3787272,trunk
1484701989,0,41.3229547,69.3647851,trunk
1484701989,1,41.3231594,69.3650702,trunk
1484701989,2,41.3231614,69.3650729,trunk
1484701989,3,41.3293576,69.3737008,trunk
1484701990,0,41.3294682,69.3735587,trunk
1484701990,1,41.3285218,69.3722458,trunk
1484701990,2,41.325428,69.3679537,trunk
1484701990,3,41.3250113,69.3673573,trunk
1484701990,4,41.3242021,69.366253,trunk
1484701990,5,41.3238126,69.3656947,trunk
1484701990,6,41.3235351,69.3653278,trunk
1484701990,7,41.3233457,69.3650649,trunk
1484701990,8,41.3232553,69.3649399,trunk
1484701990,9,41.3230785,69.3646943,trunk
1484701990,10,41.3230041,69.3645896,trunk
1484701998,0,41.3511259,69.317822,primary
1484701998,1,41.3509143,69.3181803,primary
1484701998,2,41.3508771,69.3182431,primary
1484701998,3,41.3507664,69.3184305,primary
1484701999,0,41.352528,69.3154488,primary
1484701999,1,41.3514608,69.3172551,primary
1484701999,2,41.3511259,69.317822,primary
1484702006,0,41.3694178,69.4065277,primary
1484702006,1,41.3696146,69.4060025,primary
1484702006,2,41.3696396,69.4059358,primary
1484702006,3,41.3697505,69.405641,primary
1484702007,0,41.3693019,69.411774,primary
1484702007,1,41.3692344,69.4114602,primary
1484702007,2,41.3691942,69.4112466,primary
1484702007,3,41.3691566,69.4110271,primary
1484702007,4,41.369112,69.4106666,primary
1484702007,5,41.3690982,69.4105275,primary
1484702007,6,41.3690782,69.4102685,primary
1484702007,7,41.3690668,69.4100679,primary
1484702007,8,41.3690466,69.409724,primary
1484702007,9,41.3690411,69.4093796,primary
1484702007,10,41.3690407,69.4090093,primary
1484702007,11,41.3690452,69.4086412,primary
1484702007,12,41.3690593,69.4083744,primary
1484702007,13,41.3690809,69.4081155,primary
1484702007,14,41.3691013,69.4079126,primary
1484702007,15,41.3691277,69.4077117,primary
1484702007,16,41.3691699,69.4074623,primary
1484702007,17,41.3692175,69.4072179,primary
1484702007,18,41.3692328,69.407154,primary
1484702007,19,41.3692638,69.4070248,primary
1484702007,20,41.3693175,69.4068387,primary
1484702007,21,41.3694178,69.4065277,primary
1484702011,0,41.3694714,69.4125815,primary
1484702011,1,41.3693521,69.4120131,primary
1484702011,2,41.3693019,69.411774,primary
1484702012,0,41.3671174,69.4163358,primary
1484702012,1,41.3671653,69.416301,primary
1484702012,2,41.36773,69.4158912,primary
1484702012,3,41.3678542,69.4157921,primary
1484702012,4,41.3679666,69.4157004,primary
1484702012,5,41.368088,69.4155881,primary
1484702012,6,41.3681885,69.4154913,primary
1484702012,7,41.3682884,69.4153917,primary
1484702012,8,41.3690081,69.4146327,primary
1484702012,9,41.3690867,69.4145446,primary
1484702012,10,41.3691605,69.4144544,primary
1484702012,11,41.36925,69.4143228,primary
1484702012,12,41.3693087,69.4142129,primary
1484702012,13,41.3693562,69.414103,primary
1484702012,14,41.3693931,69.4140074,primary
1484702012,15,41.3694277,69.4139058,primary
1484702012,16,41.3694586,69.4138029,primary
1484702012,17,41.3694853,69.413695,primary
1484702012,18,41.3695065,69.4135814,primary
1484702012,19,41.3695212,69.4134644,primary
1484702012,20,41.3695327,69.4133168,primary
1484702012,21,41.3695356,69.413237,primary
1484702012,22,41.3695354,69.4131593,primary
1484702012,23,41.3695293,69.4130365,primary
1484702012,24,41.3695203,69.4129153,primary
1484702012,25,41.3694981,69.4127464,primary
1484702012,26,41.3694714,69.4125815,primary
1484702022,0,41.3686315,69.4149079,primary
1484702022,1,41.368347,69.4152131,primary
1484702022,2,41.36824,69.4153207,primary
1484702022,3,41.3680658,69.4154878,primary
1484702022,4,41.3679431,69.4155997,primary
1484702022,5,41.3677901,69.4157258,primary
1484702023,0,41.3688904,69.4146303,primary
1484702023,1,41.3687431,69.4147883,primary
1484702023,2,41.3686315,69.4149079,primary
1484702024,0,41.366844,69.41647,primary
1484702024,1,41.3669219,69.4164453,primary
1484702028,0,41.3677901,69.4157258,primary
1484702028,1,41.3671754,69.4161598,primary
1484702028,2,41.3671246,69.4161956,primary
1484702028,3,41.3669674,69.4163009,primary
1484702028,4,41.3668946,69.4163799,primary
1484702044,0,41.35787,69.2891021,primary
1484702044,1,41.3582397,69.2891711,primary
1484900259,0,41.2941522,69.2888973,primary
1484900259,1,41.2941273,69.2888253,primary
1484900259,2,41.2940973,69.2887529,primary
1484900259,3,41.2940625,69.2886853,primary
1484900259,4,41.2940257,69.2886204,primary
1485442078,0,41.3556517,69.3105864,primary
1485442078,1,41.3559505,69.3101017,primary
1485442078,2,41.3560572,69.3099226,primary
1485442078,3,41.3561664,69.3097514,primary
1485442079,0,41.3553842,69.3110203,primary
1485442079,1,41.3556517,69.3105864,primary
1486132336,0,41.2763951,69.3615682,trunk
1486132336,1,41.2758894,69.3616546,trunk
1486132336,2,41.2750244,69.3618009,trunk
1486132336,3,41.2726403,69.3622059,trunk
1486132336,4,41.2725406,69.3622283,trunk
1486132336,5,41.2724446,69.3622556,trunk
1486132336,6,41.272347,69.3622848,trunk
1486132336,7,41.2722494,69.3623201,trunk
1486132336,8,41.2720705,69.3623888,trunk
1486132336,9,41.2718968,69.3624624,trunk
1486132336,10,41.271655,69.362576,trunk
1486132336,11,41.2715306,69.3626361,trunk
1486132336,12,41.2714057,69.3627,trunk
1486132336,13,41.271311,69.3627527,trunk
1486132336,14,41.2712163,69.3628099,trunk
1486132336,15,41.2711306,69.3628645,trunk
1486132336,16,41.2710425,69.3629222,trunk
1486132336,17,41.270941,69.362992,trunk
1486132336,18,41.2708395,69.3630655,trunk
1486132336,19,41.2707535,69.3631325,trunk
1486132336,20,41.2706691,69.3632035,trunk
1486132336,21,41.2705662,69.3632905,trunk
1486132336,22,41.2704641,69.3633824,trunk
1486132336,23,41.2702675,69.3635775,trunk
1486132336,24,41.2701523,69.3636958,trunk
1486132336,25,41.2700414,69.3638125,trunk
1486132336,26,41.2699322,69.3639373,trunk
1486132336,27,41.2698246,69.3640686,trunk
1486132336,28,41.2697172,69.3642003,trunk
1486132336,29,41.2696118,69.364332,trunk
1486132336,30,41.2689297,69.3651966,trunk
1486132337,0,41.2763951,69.3615682,trunk
1486132337,1,41.2764693,69.3617827,trunk
1486132338,0,41.2884709,69.359719,trunk
1486132338,1,41.2885672,69.3596835,trunk
1486132338,2,41.2887889,69.3595927,trunk
1486132338,3,41.2890121,69.3594954,trunk
1486132338,4,41.2892055,69.3593953,trunk
1486132338,5,41.2893815,69.3592875,trunk
1486132338,6,41.2896481,69.3590939,trunk
1486132338,7,41.2898851,69.3589055,trunk
1486132338,8,41.2902917,69.3585602,trunk
1486132338,9,41.2906182,69.358253,trunk
1486132338,10,41.2907201,69.3581571,trunk
1486132338,11,41.2907803,69.3581001,trunk
1486132338,12,41.2908665,69.3580199,trunk
1486132338,13,41.29099,69.3579045,trunk
1486132338,14,41.2918378,69.3570909,trunk
1486132338,15,41.2925264,69.3564261,trunk
1486132338,16,41.2926388,69.356317,trunk
1486132338,17,41.2927129,69.3562423,trunk
1486132338,18,41.2928571,69.3561052,trunk
1486132340,0,41.2525685,69.3861526,trunk
1486132340,1,41.2530695,69.3854965,trunk
1486132340,2,41.2535053,69.3849435,trunk
1486132340,3,41.2535936,69.3848315,trunk
1486132340,4,41.2542991,69.3839361,trunk
1486132340,5,41.2547417,69.3833889,trunk
1486132340,6,41.2551911,69.3828041,trunk
1486132340,7,41.2554255,69.3825084,trunk
1486132340,8,41.2556796,69.3821841,trunk
1486132340,9,41.2557622,69.3820787,trunk
1486132340,10,41.2560533,69.3817073,trunk
1486132340,11,41.2575972,69.3797367,trunk
1486132340,12,41.257647,69.3796732,trunk
1486132340,13,41.2578462,69.3794191,trunk
1486132361,0,41.2681014,69.3660029,trunk
1486132361,1,41.2679489,69.3660456,trunk
1486132361,2,41.2677781,69.3660895,trunk
1486479103,0,41.2686276,69.3659319,trunk
1486479103,1,41.2687848,69.3656733,trunk
1486479103,2,41.2688408,69.3655943,trunk
1486479103,3,41.2688967,69.3655173,trunk
1486479103,4,41.2690366,69.3653403,trunk
1486479104,0,41.2683246,69.3667685,trunk
1486479104,1,41.2684068,69.366466,trunk
1486479104,2,41.2684535,69.3663071,trunk
1486479104,3,41.2684961,69.3661919,trunk
1486479104,4,41.26854,69.3660924,trunk
1486479104,5,41.2686276,69.3659319,trunk
1486530185,0,41.3493592,69.182234,primary
1486530185,1,41.349505,69.1833286,primary
1486530185,2,41.3497397,69.1849377,primary
1486530185,3,41.3497577,69.185063,primary
1486530185,4,41.3498322,69.1855795,primary
1486530185,5,41.3499276,69.1861497,primary
1486530185,6,41.3499849,69.1864924,primary
1486530185,7,41.3500146,69.1866704,primary
1486530185,8,41.350022,69.1867104,primary
1486530185,9,41.3500487,69.1869566,primary
1486530185,10,41.350063,69.1871505,primary
1486530185,11,41.3500663,69.1873447,primary
1486530185,12,41.350068,69.1876313,primary
1486530185,13,41.3500652,69.1878302,primary
1486530185,14,41.3500605,69.1880277,primary
1486530185,15,41.3500479,69.1882234,primary
1486530185,16,41.3500226,69.1885257,primary
1486530185,17,41.3499786,69.1889094,primary
1486530185,18,41.3499432,69.1891353,primary
1486530185,19,41.349844,69.1896157,primary
1486530185,20,41.3494745,69.1911297,primary
1486530185,21,41.3491258,69.1925252,primary
1486530185,22,41.3488071,69.1938381,primary
1486530185,23,41.348741,69.1941106,primary
1486530185,24,41.348716,69.1942108,primary
1487267610,0,41.1784235,69.3012307,trunk
1487267610,1,41.1787487,69.3017428,trunk
1487267610,2,41.1792689,69.3025618,trunk
1487267610,3,41.1797129,69.3031954,trunk
1487267610,4,41.1801634,69.3038141,trunk
1487267610,5,41.1808484,69.3047111,trunk
1487267610,6,41.1827101,69.3071492,trunk
1487267610,7,41.1827493,69.3072009,trunk
1487267610,8,41.187265,69.3131456,trunk
1487267610,9,41.1880222,69.3141426,trunk
1487267610,10,41.1881322,69.3142874,trunk
1487267610,11,41.1893644,69.3159097,trunk
1487267610,12,41.1896442,69.3162781,trunk
1487267610,13,41.1901882,69.3169943,trunk
1487267610,14,41.1932874,69.3210749,trunk
1487267610,15,41.1945886,69.3227867,trunk
1487267610,16,41.1956399,69.3241699,trunk
1487267610,17,41.1957568,69.3243236,trunk
1487267613,0,41.2045426,69.3359671,trunk
1487267613,1,41.2048917,69.3364361,trunk
1487267613,2,41.2072682,69.3396288,trunk
1487267613,3,41.2081442,69.3408058,trunk
1487267613,4,41.2081546,69.3408197,trunk
1487267616,0,41.19459,69.3315272,trunk
1487267616,1,41.1947246,69.3315303,trunk
1487267616,2,41.1948205,69.331529,trunk
1487267616,3,41.1949497,69.3314955,trunk
1487267616,4,41.1950384,69.3314638,trunk
1487267616,5,41.195096,69.3314378,trunk
1487267616,6,41.1951979,69.3314365,trunk
1487267616,7,41.19565,69.3314861,trunk
1487267616,8,41.196315,69.3315813,trunk
1487267616,9,41.1970789,69.3316805,trunk
1487267616,10,41.1978559,69.3317771,trunk
1487267616,11,41.1983726,69.331877,trunk
1487267616,12,41.1985319,69.3319202,trunk
1487267616,13,41.1987742,69.331985,trunk
1487267616,14,41.1991642,69.3320741,trunk
1487267616,15,41.1993559,69.3321573,trunk
1487267616,16,41.1994578,69.3322052,trunk
1487267618,0,41.199386,69.3319611,trunk
1487267618,1,41.1992142,69.3319555,trunk
1487267618,2,41.199103,69.3319429,trunk
1487267618,3,41.1987762,69.3319058,trunk
1487267618,4,41.1986087,69.3318441,trunk
1487267618,5,41.1984251,69.3317556,trunk
1487267618,6,41.1982818,69.33171,trunk
1487267618,7,41.1980678,69.3316832,trunk
1487267618,8,41.1967197,69.3315062,trunk
1487267618,9,41.1954643,69.3313399,trunk
1487267618,10,41.1951131,69.3312836,trunk
1487267618,11,41.1949597,69.331297,trunk
1487267618,12,41.194766,69.331356,trunk
1487267618,13,41.1945763,69.3314019,trunk
1487267620,0,41.2053094,69.3330245,trunk
1487267620,1,41.2062928,69.333172,trunk
1487267620,2,41.2097177,69.3336707,trunk
1487267622,0,41.2042951,69.3328771,trunk
1487267622,1,41.2043128,69.3328191,trunk
1487267622,2,41.2043217,69.3327187,trunk
1487267622,3,41.2043199,69.3325979,trunk
1487267622,4,41.2042992,69.3324773,trunk
1487267624,0,41.2074639,69.3396707,trunk
1487267624,1,41.2072762,69.3392578,trunk
1487267624,2,41.207137,69.3388581,trunk
1487267624,3,41.2070018,69.3385845,trunk
1487267624,4,41.206806,69.3383512,trunk
1487267624,5,41.206245,69.3376672,trunk
1487267624,6,41.2054742,69.3367332,trunk
1487267625,0,41.1999254,69.3317817,trunk
1487267625,1,41.1998891,69.3318277,trunk
1487267625,2,41.1997689,69.3319149,trunk
1487267625,3,41.1996598,69.3319475,trunk
1487267625,4,41.1995522,69.3319686,trunk
1487267625,5,41.199386,69.3319611,trunk
1487267627,0,41.1999254,69.3317817,trunk
1487267627,1,41.1998489,69.3319327,trunk
1487267627,2,41.1998196,69.3320413,trunk
1487267627,3,41.1998129,69.3320997,trunk
1487267627,4,41.1998152,69.3322536,trunk
1487267627,5,41.1998448,69.3323846,trunk
1487267627,6,41.1998785,69.3325009,trunk
1487267628,0,41.1980304,69.3273127,trunk
1487267628,1,41.1988226,69.3284029,trunk
1487267628,2,41.1990608,69.3287837,trunk
1487267628,3,41.1992243,69.3290949,trunk
1487267628,4,41.1995633,69.3295911,trunk
1487267628,5,41.1998796,69.3300095,trunk
1487267628,6,41.2001137,69.3303857,trunk
1487267628,7,41.2001824,69.3305493,trunk
1487267628,8,41.2002285,69.3307419,trunk
1487545860,0,41.3035091,69.2784278,primary
1487545860,1,41.3032026,69.2787652,primary
1487545860,2,41.3030672,69.2789142,primary
1487545860,3,41.3029869,69.279008,primary
1487545860,4,41.3028804,69.2791324,primary
1487545861,0,41.3035346,69.2785501,primary
1487545861,1,41.3036187,69.2784781,primary
1487545861,2,41.3036847,69.2784263,primary
1487545861,3,41.3037531,69.2783785,primary
1487545861,4,41.3037894,69.2783585,primary
1487545861,5,41.3038271,69.2783398,primary
1487545861,6,41.3038654,69.2783242,primary
1487545861,7,41.3039033,69.2783119,primary
1487545861,8,41.3039425,69.278303,primary
1487545861,9,41.3039817,69.2782978,primary
1487545861,10,41.3040187,69.2782941,primary
1487545861,11,41.304055,69.2782928,primary
1487545861,12,41.3041245,69.2783021,primary
1487545861,13,41.3041939,69.2783153,primary
1487545861,14,41.3050184,69.278495,primary
1487545861,15,41.3050602,69.2785041,primary
1487545861,16,41.3051862,69.2785315,primary
1488130359,0,41.3430379,69.364728,trunk
1488130359,1,41.3423104,69.3659569,trunk
1488130359,2,41.3422375,69.3660947,trunk
1488130359,3,41.3421679,69.3662384,trunk
1488130359,4,41.3421358,69.3663113,trunk
1488130360,0,41.3453016,69.3610799,trunk
1488130360,1,41.3447022,69.3620522,trunk
1488130360,2,41.3442607,69.3627683,trunk
1491294343,0,41.3177769,69.2542742,primary
1491294343,1,41.317941,69.254294,primary
1491294343,2,41.3180611,69.2543084,primary
1491645634,0,41.3173607,69.2305641,primary
1491645634,1,41.3172761,69.2304638,primary
1491645635,0,41.3171806,69.2306282,primary
1491645635,1,41.3171078,69.2307566,primary
1491645635,2,41.3168697,69.231161,primary
1491647982,0,41.3433464,69.2060797,primary
1491647982,1,41.3432153,69.2060039,primary
1491647982,2,41.3428698,69.2058207,primary
1491647982,3,41.3418652,69.2052801,primary
1491647982,4,41.3418049,69.2052466,primary
1491647985,0,41.3415757,69.2052961,primary
1491647985,1,41.3418187,69.2054214,primary
1491647985,2,41.3418639,69.2054462,primary
1491647985,3,41.3419165,69.2054747,primary
1491647985,4,41.3422255,69.205642,primary
1491647985,5,41.3424866,69.2057831,primary
1491647985,6,41.3427732,69.2059382,primary
1491647985,7,41.3431723,69.2061571,primary
1491647985,8,41.343288,69.2062172,primary
1491647985,9,41.3436689,69.2064239,primary
1491647985,10,41.3442717,69.2067429,primary
1491647985,11,41.3444214,69.2068199,primary
1491647985,12,41.3446959,69.2069704,primary
1491966344,0,41.2932783,69.3554302,trunk
1491966344,1,41.2930956,69.3556038,trunk
1491966344,2,41.2930214,69.3556744,trunk
1491966344,3,41.2929315,69.3557599,trunk
1491966344,4,41.2927838,69.3559004,trunk
1491966346,0,41.2868847,69.3600942,trunk
1491966346,1,41.287294,69.3600192,trunk
1491966346,2,41.2875403,69.3599726,trunk
1491966346,3,41.2877979,69.3599223,trunk
1491966346,4,41.2880543,69.3598536,trunk
1491966346,5,41.2882626,69.3597883,trunk
1491966346,6,41.2884709,69.359719,trunk
1491966347,0,41.2776535,69.361584,trunk
1491966347,1,41.2785024,69.3614493,trunk
1491966347,2,41.2810437,69.3610421,trunk
1491966347,3,41.2811153,69.3610306,trunk
1491966347,4,41.2822384,69.3608503,trunk
1491966347,5,41.2826781,69.3607748,trunk
1491966347,6,41.2845668,69.3604516,trunk
1491966347,7,41.2858101,69.3602601,trunk
1491966347,8,41.2858919,69.3602475,trunk
1491966347,9,41.2864278,69.3601714,trunk
1491966347,10,41.2868847,69.3600942,trunk
1491966348,0,41.2868631,69.3598285,trunk
1491966348,1,41.2864031,69.3599004,trunk
1491966348,2,41.2859281,69.3599791,trunk
1491966348,3,41.2858693,69.3599888,trunk
1491966348,4,41.2838857,69.3603152,trunk
1491966348,5,41.2822164,69.3605887,trunk
1491966348,6,41.2811628,69.3607751,trunk
1491966348,7,41.2810952,69.3607871,trunk
1491966348,8,41.2809879,69.3608061,trunk
1491966348,9,41.2802319,69.3609421,trunk
1491966348,10,41.2793445,69.3610856,trunk
1491966348,11,41.2776352,69.3613695,trunk
1491966349,0,41.2910033,69.3576091,trunk
1491966349,1,41.290911,69.3576996,trunk
1491966360,0,41.2927838,69.3559004,trunk
1491966360,1,41.2926505,69.3560344,trunk
1491966360,2,41.2921757,69.3564884,trunk
1491966360,3,41.2910033,69.3576091,trunk
1491966362,0,41.3104481,69.3126482,primary
1491966362,1,41.3105214,69.3126929,primary
1491966362,2,41.3117162,69.3134198,primary
1491966362,3,41.311771,69.3134532,primary
1491966362,4,41.3118329,69.3134908,primary
1493216299,0,41.210068,69.2317981,primary
1493216299,1,41.2100083,69.2316541,primary
1493216300,0,41.2143823,69.2282522,primary
1493216300,1,41.215007,69.2277458,primary
1493216300,2,41.2153913,69.2274254,primary
1493216300,3,41.2158615,69.2270391,primary
1493216300,4,41.2162144,69.2267483,primary
1493216300,5,41.2164679,69.2265394,primary
1493216300,6,41.2169333,69.2261772,primary
1493216300,7,41.2187202,69.2250021,primary
1493216300,8,41.2189252,69.2248673,primary
1493216300,9,41.2191853,69.2247221,primary
1493216300,10,41.2192452,69.2246856,primary
1493216300,11,41.2194034,69.2245815,primary
1493216301,0,41.2099666,69.2318815,primary
1493216301,1,41.2100372,69.2320527,primary
1493216301,2,41.2102131,69.232479,primary
1493216301,3,41.2106546,69.2335492,primary
1493216301,4,41.2110356,69.2344726,primary
1493216301,5,41.2114125,69.2353864,primary
1493216301,6,41.2119217,69.2366207,primary
1493216301,7,41.2120739,69.2369896,primary
1493216301,8,41.212205,69.2373074,primary
1493216301,9,41.2126171,69.2383062,primary
1493216301,10,41.2127063,69.2385225,primary
1493216301,11,41.2128296,69.2388213,primary
1493216301,12,41.2130069,69.2392511,primary
1493857576,0,41.3552562,69.3569533,primary
1493857576,1,41.3551286,69.3567741,primary
1493857576,2,41.3548815,69.356512,primary
1493857576,3,41.3544254,69.3560283,primary
1493857576,4,41.3543853,69.3559857,primary
1493857576,5,41.3543374,69.3559349,primary
1493857576,6,41.3532734,69.3548065,primary
1493857576,7,41.3523115,69.3537863,primary
1493857576,8,41.3521646,69.3536304,primary
1493857576,9,41.3517514,69.3531922,primary
1493857576,10,41.3510798,69.3524799,primary
1493857576,11,41.3509891,69.3523837,primary
1493857576,12,41.3508648,69.3522262,primary
1493857577,0,41.3551948,69.3574389,primary
1493857577,1,41.3551649,69.3578698,primary
1493857577,2,41.3551474,69.3581427,primary
1493857577,3,41.3551226,69.358512,primary
1493857578,0,41.3551944,69.357055,primary
1493857578,1,41.3552598,69.3571187,primary
1493857579,0,41.3553359,69.3575371,primary
1493857579,1,41.3553586,69.3572148,primary
1494692550,0,41.3483583,69.165324,trunk
1494692550,1,41.3482849,69.1653063,trunk
1494692550,2,41.3480629,69.1652528,trunk
1494692550,3,41.3477518,69.1651928,trunk
1494692550,4,41.3473002,69.1651056,trunk
1494692550,5,41.3469491,69.1650378,trunk
1494692550,6,41.3462966,69.1649118,trunk
1494692550,7,41.345962,69.1648539,trunk
1494692550,8,41.3458513,69.1648348,trunk
1494692550,9,41.3456788,69.1648092,trunk
1494692550,10,41.3455576,69.1647907,trunk
1494692550,11,41.3451805,69.1647438,trunk
1494692550,12,41.3449367,69.1647158,trunk
1494692550,13,41.3447273,69.1646938,trunk
1494692550,14,41.3441763,69.1646358,trunk
1494692550,15,41.3438843,69.1646051,trunk
1494692550,16,41.3438195,69.1646009,trunk
1494692550,17,41.3430596,69.1645511,trunk
1494692550,18,41.3428207,69.1645355,trunk
1494692550,19,41.3420935,69.164488,trunk
1494692550,20,41.341109,69.1644237,trunk
1494692550,21,41.3399572,69.1643484,trunk
1494692550,22,41.3399109,69.1643453,trunk
1494692550,23,41.339731,69.1643336,trunk
1494692550,24,41.3394499,69.1643152,trunk
1494692550,25,41.3391806,69.1642976,trunk
1494692550,26,41.3390464,69.1642888,trunk
1495164491,0,41.2546972,69.1575552,trunk
1495164491,1,41.2544132,69.1580462,trunk
1495164501,0,41.2898083,69.1498358,trunk
1495164501,1,41.2901397,69.1498755,trunk
1495164501,2,41.2902921,69.1498979,trunk
1495164501,3,41.29054,69.1499298,trunk
1495164501,4,41.2906128,69.1499391,trunk
1495164503,0,41.283788,69.1487234,trunk
1495164503,1,41.2839713,69.1487858,trunk
1495164505,0,41.2881018,69.1494912,trunk
1495164505,1,41.2865373,69.1492581,trunk
1495164505,2,41.2859495,69.1491428,trunk
1495164505,3,41.2853515,69.1489893,trunk
1496729599,0,41.282684,69.2383329,primary
1496729599,1,41.2827591,69.2382269,primary
1496729599,2,41.2827838,69.2381888,primary
1496729599,3,41.2828335,69.2381122,primary
1497757492,0,41.2580978,69.2182488,primary
1497757492,1,41.2581653,69.2184207,primary
1497757492,2,41.2582663,69.218687,primary
1497757497,0,41.2607964,69.2260755,primary
1497757497,1,41.2603643,69.2255517,primary
1497757497,2,41.2602563,69.2254195,primary
1498051312,0,41.2364787,69.1685276,trunk
1498051312,1,41.2367394,69.168439,trunk
1498051313,0,41.2269759,69.1922679,trunk
1498051313,1,41.2269189,69.1920174,trunk
1498051313,2,41.2268354,69.1916402,trunk
1498051321,0,41.2343233,69.2079348,trunk
1498051321,1,41.2334276,69.207301,trunk
1498051321,2,41.2330167,69.2070106,trunk
1498051321,3,41.232917,69.2069401,trunk
1498051322,0,41.2434207,69.2171478,trunk
1498051322,1,41.2433001,69.2163086,trunk
1498051322,2,41.2432708,69.2161318,trunk
1498051322,3,41.243234,69.2159494,trunk
1498051322,4,41.2431876,69.2157502,trunk
1498051322,5,41.2431443,69.2155932,trunk
1498051322,6,41.2430916,69.2154095,trunk
1498051322,7,41.2430336,69.2152294,trunk
1498051322,8,41.2429732,69.2150657,trunk
1498051322,9,41.2429097,69.2149083,trunk
1498051322,10,41.2428602,69.2147899,trunk
1498051322,11,41.2428075,69.2146725,trunk
1498051322,12,41.2427465,69.2145501,trunk
1498051322,13,41.2426816,69.2144309,trunk
1498051322,14,41.2426075,69.2143035,trunk
1498051322,15,41.2425305,69.2141776,trunk
1498051322,16,41.2424036,69.2139899,trunk
1498051322,17,41.2422729,69.2138123,trunk
1498051322,18,41.2420042,69.2134587,trunk
1498051322,19,41.24186,69.2133138,trunk
1498051322,20,41.2417101,69.2131877,trunk
1498051322,21,41.2414116,69.2129491,trunk
1498051322,22,41.2388352,69.2111246,trunk
1498051322,23,41.2365699,69.2095205,trunk
1498051322,24,41.2360278,69.2091366,trunk
1498051322,25,41.2353242,69.2086384,trunk
1498051322,26,41.2343233,69.2079348,trunk
1498051323,0,41.2327665,69.2069912,trunk
1498051323,1,41.2328644,69.2070624,trunk
1498051323,2,41.2329257,69.2071032,trunk
1498051323,3,41.2329675,69.2071329,trunk
1498051323,4,41.234271,69.2080613,trunk
1498051326,0,41.2271799,69.1968508,trunk
1498051326,1,41.2271071,69.1973828,trunk
1498051326,2,41.227077,69.1976282,trunk
1498277813,0,41.2853885,69.253714,primary
1498277813,1,41.2854406,69.2536892,primary
1498277815,0,41.292112,69.1790898,primary
1498277815,1,41.2921973,69.179022,primary
1498277815,2,41.2922469,69.1789827,primary
1498277816,0,41.2776362,69.1465522,trunk
1498277816,1,41.2773296,69.1465116,trunk
1498277817,0,41.2906255,69.1497739,trunk
1498277817,1,41.2902944,69.1497344,trunk
1498277817,2,41.2899612,69.1496974,trunk
1498277817,3,41.2898271,69.1496826,trunk
1498277817,4,41.2896266,69.1496603,trunk
1498277817,5,41.289558,69.1496527,trunk
1498277817,6,41.2893491,69.1496295,trunk
1498277817,7,41.2888863,69.1495782,trunk
1498277817,8,41.2888544,69.1495747,trunk
1498277817,9,41.2881018,69.1494912,trunk
1498277821,0,41.2777939,69.146743,trunk
1498277821,1,41.2779966,69.146787,trunk
1498277821,2,41.27809,69.1468073,trunk
1498277821,3,41.2784948,69.1469322,trunk
1498277821,4,41.2792435,69.1471831,trunk
1498277821,5,41.2806118,69.1476371,trunk
1498277824,0,41.292115,69.1788944,primary
1498277824,1,41.2919571,69.1790197,primary
1498277824,2,41.2919144,69.1790536,primary
1498277826,0,41.270635,69.2370481,primary
1498277826,1,41.2702365,69.2366051,primary
1498277831,0,41.2853071,69.2535407,primary
1498277831,1,41.285257,69.2535637,primary
1498277833,0,41.2864248,69.2532443,primary
1498277833,1,41.2872675,69.2528564,primary
1498277833,2,41.2880383,69.2525174,primary
1498277833,3,41.2882743,69.2524124,primary
1498277833,4,41.2893203,69.2519471,primary
1498277833,5,41.2894974,69.2518652,primary
1498277833,6,41.2901863,69.2515623,primary
1498277834,0,41.2855453,69.2536393,primary
1498277834,1,41.2857295,69.2535566,primary
1498277834,2,41.2857678,69.2535394,primary
1498277834,3,41.2858509,69.2535021,primary
1498277834,4,41.2864248,69.2532443,primary
1498610870,0,41.2748851,69.2039607,trunk
1498610870,1,41.2747705,69.204137,trunk
1498610870,2,41.2746802,69.2042762,trunk
1498610870,3,41.2746049,69.2043924,trunk
1498610872,0,41.3033193,69.2089568,primary
1498610872,1,41.3024321,69.209519,primary
1498610872,2,41.3023046,69.2096112,primary
1498610872,3,41.302173,69.2097088,primary
1498610873,0,41.3033777,69.2091156,primary
1498610873,1,41.3038165,69.2088409,primary
1498610873,2,41.3045822,69.208367,primary
1498610873,3,41.304692,69.2083014,primary
1498610873,4,41.3048412,69.2082023,primary
1498610874,0,41.2964288,69.2166061,primary
1498610874,1,41.2964869,69.2165134,primary
1499776829,0,41.3391001,69.2070111,primary
1499776829,1,41.338986,69.207216,primary
1499776835,0,41.34507,69.2070561,primary
1499776835,1,41.3450225,69.2071378,primary
1499776835,2,41.3449908,69.2072039,primary
1499776835,3,41.3449526,69.2072693,primary
1499776835,4,41.3448841,69.2073817,primary
1499776835,5,41.344813,69.2074655,primary
1499776836,0,41.3446959,69.2069704,primary
1499776836,1,41.3447979,69.2070094,primary
1499776836,2,41.344946,69.2070504,primary
1499776836,3,41.3450132,69.2070577,primary
1499776836,4,41.34507,69.2070561,primary
1499776844,0,41.3214773,69.2007252,primary
1499776844,1,41.3215205,69.2008485,primary
1499776844,2,41.3215474,69.2009361,primary
1499776844,3,41.3215718,69.2010247,primary
1499776844,4,41.321821,69.2022165,primary
1499776844,5,41.3219581,69.2028723,primary
1499776844,6,41.3220005,69.2030923,primary
1500043727,0,41.3150571,69.1872187,primary
1500043727,1,41.3150002,69.1871115,primary
1500043727,2,41.3147869,69.1867699,primary
1500043727,3,41.3146748,69.1865869,primary
1500043760,0,41.3129652,69.1824757,primary
1500043760,1,41.3130721,69.1830207,primary
1500043760,2,41.3131018,69.1831587,primary
1500043761,0,41.312642,69.1808468,primary
1500043761,1,41.3129423,69.1823358,primary
1500043761,2,41.3129652,69.1824757,primary
1500043766,0,41.3100883,69.1723059,primary
1500043766,1,41.3101578,69.1727457,primary
1500043766,2,41.3103625,69.1740412,primary
1500193018,0,41.235812,69.3819824,trunk
1500193018,1,41.2354758,69.3814551,trunk
1500193018,2,41.2351715,69.380978,trunk
1500193018,3,41.2350464,69.3807818,trunk
1500193019,0,41.2391232,69.3871747,trunk
1500193019,1,41.235812,69.3819824,trunk
1500211023,0,41.2229582,69.361937,trunk
1500211023,1,41.2225809,69.3613497,trunk
1500222994,0,41.2513375,69.406193,trunk
1500222994,1,41.2512578,69.4060703,trunk
1500222994,2,41.250018,69.4041632,trunk
1500222994,3,41.2499493,69.4040576,trunk
1500222995,0,41.2504384,69.4049711,trunk
1500222995,1,41.2511648,69.40608,trunk
1500222995,2,41.2512812,69.406258,trunk
1500235698,0,41.3494148,69.1822271,primary
1500235698,1,41.3493748,69.1792573,primary
1500238111,0,41.3489342,69.1768119,primary
1500238111,1,41.3490969,69.1776202,primary
1500238111,2,41.3492374,69.1783185,primary
1500238111,3,41.3492536,69.1783987,primary
1500238111,4,41.3492708,69.1784844,primary
1500239618,0,41.3484261,69.1960705,primary
1500239618,1,41.3482406,69.197141,primary
1500239618,2,41.3481805,69.1974879,primary
1500239618,3,41.3481416,69.1976748,primary
1500239618,4,41.3480997,69.1978084,primary
1500239618,5,41.3480498,69.1979543,primary
1500239619,0,41.348716,69.1942108,primary
1500239619,1,41.3487001,69.1942932,primary
1500239619,2,41.3485633,69.1951511,primary
1500239619,3,41.3484261,69.1960705,primary
1500260674,0,41.1666296,69.2354396,trunk
1500260674,1,41.166698,69.2350346,trunk
1500260674,2,41.166735,69.2348249,trunk
1500260674,3,41.1667795,69.2345726,trunk
1500260674,4,41.1668823,69.234083,trunk
1500260674,5,41.166975,69.2336771,trunk
1500260674,6,41.1670858,69.2332579,trunk
1500260674,7,41.1676279,69.2314898,trunk
1500266643,0,41.3940014,69.2669857,trunk
1500266643,1,41.3945105,69.2661888,trunk
1500266643,2,41.3950656,69.2653147,trunk
1500266643,3,41.3952868,69.2649694,trunk
1500266643,4,41.3955784,69.2645214,trunk
1500266643,5,41.3957224,69.2642987,trunk
1500266643,6,41.3958574,69.2640724,trunk
1500266643,7,41.3959986,69.263835,trunk
1500266643,8,41.3961256,69.2636029,trunk
1500266643,9,41.3962524,69.2633667,trunk
1500266643,10,41.3963763,69.2631174,trunk
1500266643,11,41.3965007,69.2628646,trunk
1500266643,12,41.3966487,69.2625182,trunk
1500266643,13,41.3966939,69.2624054,trunk
1500266643,14,41.3968034,69.262115,trunk
1500266643,15,41.3969025,69.2618327,trunk
1500266643,16,41.3969922,69.2615615,trunk
1500266643,17,41.3971803,69.2610221,trunk
1500266643,18,41.3972591,69.2607534,trunk
1500859394,0,41.2559013,69.320597,primary
1500859394,1,41.2560123,69.3205347,primary
1500859394,2,41.2561057,69.3204851,primary
1500859394,3,41.2586139,69.3190843,primary
1500859395,0,41.2158037,69.3345202,trunk
1500859395,1,41.2158771,69.3345295,trunk
1500859395,2,41.216132,69.3345617,trunk
1500859396,0,41.1957568,69.3243236,trunk
1500859396,1,41.1963309,69.32508,trunk
1500859396,2,41.1972141,69.3262437,trunk
1500859398,0,41.218404,69.334476,trunk
1500859398,1,41.2183362,69.3344831,trunk
1500859399,0,41.2211976,69.3341243,trunk
1500859399,1,41.2202712,69.3342343,trunk
1500859411,0,41.1957891,69.324298,trunk
1500859411,1,41.1957251,69.3240587,trunk
1500859411,2,41.1946716,69.322671,trunk
1500859411,3,41.1938893,69.3216406,trunk
1500859411,4,41.1932912,69.3208527,trunk
1500859411,5,41.1922329,69.3194587,trunk
1500859411,6,41.1902734,69.3168777,trunk
1500859411,7,41.1881496,69.3140805,trunk
1500859411,8,41.1877855,69.3136008,trunk
1500859411,9,41.1828364,69.3070827,trunk
1500859411,10,41.1827837,69.3070133,trunk
1501132655,0,41.2657505,69.2639923,primary
1501132655,1,41.2668275,69.2630731,primary
1501132655,2,41.2675687,69.26245,primary
1501132655,3,41.2679329,69.2621477,primary
1501132656,0,41.2680886,69.2668692,primary
1501132656,1,41.2678469,69.2661599,primary
1501132659,0,41.206777,69.2238576,primary
1501132659,1,41.2062997,69.2227061,primary
1501132663,0,41.2131495,69.2389556,primary
1501132663,1,41.2128756,69.2384905,primary
1501132663,2,41.2127246,69.238234,primary
1501132664,0,41.2196767,69.2438713,primary
1501132664,1,41.2194371,69.2438956,primary
1501132664,2,41.2174092,69.2441565,primary
1501132664,3,41.216009,69.244325,primary
1501132664,4,41.215828,69.2443355,primary
1501132664,5,41.2157501,69.2443319,primary
1501132664,6,41.215667,69.2443215,primary
1501132664,7,41.2156255,69.2443157,primary
1501132664,8,41.2155852,69.2443073,primary
1501132665,0,41.213453,69.2288203,primary
1501132665,1,41.2123631,69.2297172,primary
1501132665,2,41.2120858,69.2299453,primary
1501132665,3,41.2111325,69.2307297,primary
1501132665,4,41.2103431,69.2313792,primary
1501132665,5,41.210268,69.231441,primary
1501132666,0,41.2676179,69.2668475,primary
1501132666,1,41.2676077,69.266889,primary
1501132666,2,41.2675992,69.2669282,primary
1501132666,3,41.2675976,69.2669984,primary
1501132666,4,41.267603,69.2670639,primary
1501132666,5,41.267619,69.2671157,primary
1501132666,6,41.2676403,69.2671653,primary
1501132666,7,41.2676602,69.2672002,primary
1501132667,0,41.292431,69.2861882,primary
1501132667,1,41.2921747,69.2858063,primary
1501132668,0,41.2920551,69.28594,primary
1501132668,1,41.2922267,69.2861967,primary
1501132668,2,41.2923111,69.2863293,primary
1501132669,0,41.2676602,69.2672002,primary
1501132669,1,41.2676855,69.267234,primary
1501132669,2,41.2677135,69.26726,primary
1501132669,3,41.2677353,69.2672766,primary
1501132669,4,41.2677713,69.2672943,primary
1501132692,0,41.2197028,69.2440907,primary
1501132692,1,41.22015,69.2440406,primary
1501132692,2,41.2203057,69.2440197,primary
1501132692,3,41.2209458,69.243957,primary
1501132692,4,41.2229731,69.2436966,primary
1501132692,5,41.2238212,69.2435794,primary
1501132692,6,41.2246506,69.2434539,primary
1501132692,7,41.2248415,69.2434255,primary
1501132692,8,41.2268067,69.2431336,primary
1501132692,9,41.2274681,69.2430353,primary
1501132692,10,41.2280598,69.2429681,primary
1501132692,11,41.2306762,69.2426996,primary
1501132692,12,41.2316917,69.2425559,primary
1501132692,13,41.2329236,69.2423556,primary
1501132692,14,41.2352381,69.2420367,primary
1501132693,0,41.2130069,69.2392511,primary
1501132693,1,41.2136567,69.2408264,primary
1501132695,0,41.2135166,69.2289656,primary
1501132695,1,41.213688,69.2288221,primary
1501132702,0,41.213688,69.2288221,primary
1501132702,1,41.2139852,69.2285805,primary
1501132702,2,41.2140831,69.2285,primary
1501132702,3,41.2142145,69.228392,primary
1501132702,4,41.2143823,69.2282522,primary
1501132703,0,41.210068,69.2317981,primary
1501132703,1,41.2101445,69.2317353,primary
1501132703,2,41.2103279,69.2315847,primary
1501132703,3,41.2104669,69.2314705,primary
1501132703,4,41.2129886,69.2294106,primary
1501132703,5,41.2133565,69.2290969,primary
1501132703,6,41.2135166,69.2289656,primary
1501132719,0,41.20469,69.2188188,primary
1501132719,1,41.2043051,69.2178872,primary
1501132743,0,41.2014809,69.2110274,primary
1501132743,1,41.2014366,69.2109204,primary
1501288372,0,41.3938427,69.2670046,trunk
1501288372,1,41.3938044,69.2670644,trunk
1501288372,2,41.3932622,69.2679119,trunk
1501288372,3,41.3922786,69.2694496,trunk
1501288372,4,41.3920472,69.2698114,trunk
1501288372,5,41.3910518,69.2713673,trunk
1501288372,6,41.3909677,69.2714988,trunk
1501288372,7,41.3907824,69.2717884,trunk
1501288372,8,41.3906241,69.2720357,trunk
1501331862,0,41.3054575,69.1516429,trunk
1501331862,1,41.305299,69.1516233,trunk
1501331862,2,41.3049331,69.1515783,trunk
1501331862,3,41.3029287,69.1513317,trunk
1501331862,4,41.3024903,69.151276,trunk
1501331862,5,41.3015766,69.1511563,trunk
1501331862,6,41.2997917,69.1509359,trunk
1501331862,7,41.2989502,69.150832,trunk
1501331862,8,41.2986122,69.1507903,trunk
1501331862,9,41.2982846,69.1507498,trunk
1501331862,10,41.2981665,69.1507352,trunk
1501331862,11,41.2975575,69.150661,trunk
1501331862,12,41.2972482,69.1506233,trunk
1501331862,13,41.2970325,69.1505951,trunk
1501331863,0,41.2970222,69.150726,trunk
1501331863,1,41.297239,69.1507517,trunk
1501331863,2,41.2974009,69.1507726,trunk
1501331863,3,41.298043,69.1508557,trunk
1501331863,4,41.2981539,69.1508701,trunk
1501331863,5,41.2989396,69.1509731,trunk
1501331863,6,41.3002735,69.1511481,trunk
1501331863,7,41.3010133,69.1512451,trunk
1501331863,8,41.3024821,69.1514378,trunk
1501331863,9,41.3029282,69.1514916,trunk
1501340260,0,41.2347917,69.4022347,trunk
1501340260,1,41.2363095,69.4022012,trunk
1501340261,0,41.2233766,69.4025194,trunk
1501340261,1,41.2234497,69.402517,trunk
1501340261,2,41.2243263,69.4024957,trunk
1501340261,3,41.2264334,69.4024457,trunk
1501340261,4,41.2320082,69.4022925,trunk
1501340261,5,41.2340333,69.4022535,trunk
1501340261,6,41.2343249,69.4022457,trunk
1501340261,7,41.2344912,69.4022421,trunk
1501340261,8,41.2347917,69.4022347,trunk
1501340262,0,41.2363095,69.4020832,trunk
1501340262,1,41.2347887,69.402118,trunk
1501340263,0,41.2396738,69.401485,trunk
1501340263,1,41.2395371,69.4015599,trunk
1501340263,2,41.2393053,69.401664,trunk
1501340263,3,41.2390929,69.4017426,trunk
1501340263,4,41.238635,69.4018606,trunk
1501340263,5,41.238272,69.4019357,trunk
1501340263,6,41.2377628,69.4020228,trunk
1501340263,7,41.2373563,69.4020537,trunk
1501340263,8,41.2363095,69.4020832,trunk
1501346683,0,41.2451907,69.3955863,trunk
1501346683,1,41.2466237,69.3937361,trunk
1501346684,0,41.2477103,69.3920797,trunk
1501346684,1,41.246541,69.3935806,trunk
1501348689,0,41.3116174,69.286873,primary
1501348689,1,41.3114562,69.286859,primary
1501348689,2,41.3114263,69.2868564,primary
1501348689,3,41.311275,69.286833,primary
1501348689,4,41.3111238,69.2868083,primary
1501348689,5,41.3109735,69.2867834,primary
1501348689,6,41.3108234,69.2867568,primary
1501348689,7,41.3106732,69.2867256,primary
1501348689,8,41.310523,69.2866927,primary
1501348689,9,41.3103748,69.2866564,primary
1501348689,10,41.3102774,69.2866308,primary
1501348689,11,41.3102267,69.2866175,primary
1501348689,12,41.3100782,69.2865699,primary
1501348689,13,41.3099302,69.2865194,primary
1501348689,14,41.3097827,69.2864592,primary
1501348689,15,41.3096983,69.2864229,primary
1501348689,16,41.3096358,69.2863961,primary
1501348689,17,41.3095929,69.2863767,primary
1501348689,18,41.309492,69.2863311,primary
1501348689,19,41.3093779,69.2862746,primary
1501426283,0,41.3054175,69.1583648,primary
1501426283,1,41.3052164,69.1579688,primary
1501426283,2,41.3051817,69.1578777,primary
1501426283,3,41.3051528,69.1577954,primary
1501426283,4,41.3051295,69.157708,primary
1501426284,0,41.3056834,69.1588882,primary
1501426284,1,41.3054175,69.1583648,primary
1501426285,0,41.3074351,69.1614904,primary
1501426285,1,41.3074003,69.1614366,primary
1501426285,2,41.3071068,69.1610765,primary
1501426285,3,41.306818,69.1607222,primary
1501426285,4,41.3064831,69.1603266,primary
1501426285,5,41.306382,69.1602067,primary
1501426285,6,41.3062735,69.1600446,primary
1501426285,7,41.3060747,69.1596904,primary
1501426285,8,41.3056834,69.1588882,primary
1501434520,0,41.3088798,69.1664246,primary
1501434520,1,41.3088482,69.1662815,primary
1501434520,2,41.3087452,69.1656906,primary
1501434521,0,41.3101434,69.1722826,primary
1501434521,1,41.3099281,69.1706614,primary
1501434521,2,41.3096864,69.1690539,primary
1501434521,3,41.3096309,69.1688453,primary
1501434521,4,41.3095719,69.1686383,primary
1501434521,5,41.309433,69.1681876,primary
1501434521,6,41.3093186,69.1678161,primary
1501434521,7,41.3092383,69.1675706,primary
1501434521,8,41.3091317,69.1672531,primary
1501434521,9,41.3089265,69.1665962,primary
1501434521,10,41.3088798,69.1664246,primary
1501435368,0,41.2272211,69.196532,trunk
1501435368,1,41.2271908,69.196771,trunk
1501435368,2,41.2271799,69.1968508,trunk
1501438958,0,41.3092383,69.1675706,primary
1501438958,1,41.3091871,69.1675948,primary
1501438959,0,41.3091871,69.1675948,primary
1501438959,1,41.3089609,69.1677338,primary
1501438959,2,41.3086676,69.1678977,primary
1501438959,3,41.3079445,69.168318,primary
1501438959,4,41.3074196,69.1686131,primary
1501446644,0,41.2060433,69.2224021,primary
1501446644,1,41.206677,69.223933,primary
1501447378,0,41.3477584,69.1988334,primary
1501447378,1,41.3478656,69.1985567,primary
1501447378,2,41.3479658,69.1983217,primary
1501447378,3,41.3480113,69.198231,primary
1501447399,0,41.3454426,69.3273246,primary
1501447399,1,41.3453438,69.3275191,primary
1501447399,2,41.3453225,69.3275605,primary
1501447399,3,41.34522,69.327764,primary
1501447399,4,41.3451143,69.327967,primary
1501447402,0,41.3452039,69.3280381,primary
1501447402,1,41.3452394,69.3279717,primary
1501447402,2,41.345405,69.32765,primary
1501447402,3,41.3454282,69.3276052,primary
1501447402,4,41.3455306,69.327401,primary
1501456955,0,41.2285859,69.2027816,trunk
1501456955,1,41.2291386,69.203546,trunk
1501456956,0,41.2292193,69.2034522,trunk
1501456956,1,41.2289891,69.2031466,trunk
1501456956,2,41.2286686,69.2026797,trunk
1501456957,0,41.2270706,69.1996723,trunk
1501456957,1,41.227121,69.1999348,trunk
1501456957,2,41.2271794,69.2001938,trunk
1501456957,3,41.2272285,69.2003904,trunk
1501456957,4,41.2273181,69.2006581,trunk
1501456957,5,41.2274393,69.2009497,trunk
1501456957,6,41.2275834,69.2012559,trunk
1501456957,7,41.2277649,69.201592,trunk
1501456957,8,41.2278691,69.2017624,trunk
1501456957,9,41.2285859,69.2027816,trunk
1501456958,0,41.2286686,69.2026797,trunk
1501456958,1,41.2279499,69.2016665,trunk
1501456958,2,41.2278653,69.2015238,trunk
1501456958,3,41.2277826,69.2013774,trunk
1501456958,4,41.2277068,69.2012271,trunk
1501456958,5,41.2276286,69.2010727,trunk
1501456958,6,41.22752,69.2008216,trunk
1501456958,7,41.2274451,69.2006182,trunk
1501456958,8,41.2273742,69.2004136,trunk
1501456958,9,41.2273321,69.200267,trunk
1501456958,10,41.2272921,69.2001178,trunk
1501456958,11,41.2272548,69.1999526,trunk
1501456958,12,41.2272202,69.1997873,trunk
1501456958,13,41.2271581,69.1994348,trunk
1501486465,0,41.253409,69.3568165,trunk
1501486465,1,41.2526805,69.3563148,trunk
1501486465,2,41.2524673,69.3561512,trunk
1501486465,3,41.2520706,69.3558432,trunk
1501486465,4,41.2517475,69.3555776,trunk
1501486465,5,41.2514055,69.3552764,trunk
1501486466,0,41.2533343,69.3569951,trunk
1501486466,1,41.2536221,69.357192,trunk
1501486466,2,41.254323,69.3576711,trunk
1501486467,0,41.2543653,69.357478,trunk
1501486467,1,41.253409,69.3568165,trunk
1501486468,0,41.2513234,69.3554234,trunk
1501486468,1,41.2515682,69.3556503,trunk
1501486468,2,41.2515922,69.3556731,trunk
1501486468,3,41.2518534,69.3559065,trunk
1501486468,4,41.2520604,69.3560914,trunk
1501486468,5,41.252197,69.356193,trunk
1501486468,6,41.2526036,69.3564954,trunk
1501486468,7,41.2533343,69.3569951,trunk
1501486469,0,41.2649132,69.264885,primary
1501486469,1,41.2649683,69.2647986,primary
1501677697,0,41.2690979,69.258821,trunk
1501677697,1,41.2691213,69.2586822,trunk
1501677697,2,41.2691446,69.2585434,trunk
1501677697,3,41.2691815,69.2583289,trunk
1501677698,0,41.2692219,69.2571492,trunk
1501677698,1,41.2691052,69.2576826,trunk
1501677698,2,41.2690735,69.257825,trunk
1501677698,3,41.2690377,69.2579916,trunk
1501677698,4,41.2689832,69.2582751,trunk
1501677699,0,41.2698843,69.2633258,trunk
1501677699,1,41.2695959,69.2625533,trunk
1501679280,0,41.2151177,69.2436599,primary
1501679280,1,41.2148647,69.2430556,primary
1501679280,2,41.2131495,69.2389556,primary
1501679281,0,41.2155852,69.2443073,primary
1501679281,1,41.2155386,69.2442964,primary
1501679281,2,41.2154955,69.2442757,primary
1501679281,3,41.2154448,69.2442389,primary
1501679678,0,41.2280161,69.2690739,primary
1501679678,1,41.229694,69.2700057,primary
1501679678,2,41.2309257,69.270684,primary
1501679678,3,41.2317385,69.2711144,primary
1501679678,4,41.2319306,69.2712161,primary
1501679678,5,41.2321642,69.2713398,primary
1501681846,0,41.2444897,69.2585981,trunk
1501681846,1,41.2444986,69.2574464,trunk
1501682553,0,41.244486,69.2657921,trunk
1501682553,1,41.2444864,69.265718,trunk
1501682553,2,41.2444873,69.2655352,trunk
1501682553,3,41.2444882,69.2653524,trunk
1501682553,4,41.2444896,69.2650857,trunk
1501686265,0,41.2438782,69.2237445,trunk
1501686265,1,41.2438586,69.2232666,trunk
1501686265,2,41.2438401,69.2225738,trunk
1501686265,3,41.2438346,69.22237,trunk
1501686266,0,41.2438893,69.2241824,trunk
1501686266,1,41.2438814,69.2238678,trunk
1501686266,2,41.2438782,69.2237445,trunk
1501686588,0,41.2439328,69.2256634,trunk
1501686588,1,41.2439096,69.2249288,trunk
1501686588,2,41.243895,69.2244661,trunk
1501686588,3,41.2438893,69.2241824,trunk
1501686718,0,41.2439809,69.2271826,trunk
1501686718,1,41.2439737,69.226956,trunk
1501686718,2,41.2439328,69.2256634,trunk
1501793422,0,41.2441769,69.3007694,trunk
1501793422,1,41.2441787,69.3011517,trunk
1501793422,2,41.2441748,69.3012747,trunk
1501793422,3,41.2441746,69.3013501,trunk
1501793422,4,41.2441739,69.3016139,trunk
1501793965,0,41.2441791,69.3086893,trunk
1501793965,1,41.2441795,69.3092707,trunk
1501794535,0,41.2441795,69.3092707,trunk
1501794535,1,41.24418,69.3098668,trunk
1501796963,0,41.239347,69.3195854,trunk
1501796963,1,41.2388218,69.3201734,trunk
1501796963,2,41.2384493,69.3206196,trunk
1501796963,3,41.2382084,69.3209488,trunk
1501796963,4,41.2381559,69.3210323,trunk
1501796963,5,41.2381047,69.3211163,trunk
1501796963,6,41.2380535,69.321205,trunk
1501796963,7,41.2379676,69.321365,trunk
1501796963,8,41.2378867,69.321533,trunk
1501796963,9,41.2378084,69.3217067,trunk
1501796963,10,41.2377332,69.3218818,trunk
1501799548,0,41.2371189,69.3279883,trunk
1501799548,1,41.2371758,69.3282787,trunk
1501801381,0,41.228732,69.3358696,trunk
1501801381,1,41.2286032,69.3358582,trunk
1501801381,2,41.2274403,69.33564,trunk
1501804299,0,41.2181169,69.3345029,trunk
1501804299,1,41.2177745,69.3345297,trunk
1502447022,0,41.3736487,69.2244461,primary
1502447022,1,41.37349,69.2244939,primary
1502447022,2,41.3733315,69.224539,primary
1502447022,3,41.3727772,69.2246752,primary
1502447023,0,41.3745139,69.2241175,primary
1502447023,1,41.3743374,69.2241963,primary
1502447023,2,41.3741967,69.2242519,primary
1502447023,3,41.3740643,69.2243044,primary
1502447023,4,41.3739319,69.224353,primary
1502447023,5,41.3736487,69.2244461,primary
1502447646,0,41.3703178,69.2250485,primary
1502447646,1,41.3693016,69.2250126,primary
1502448316,0,41.3693016,69.2250126,primary
1502448316,1,41.369013,69.2250036,primary
1502448316,2,41.3687764,69.2249962,primary
1502448316,3,41.3684579,69.2249813,primary
1502461087,0,41.2591218,69.2132426,primary
1502461087,1,41.258765,69.2122901,primary
1502461087,2,41.2586711,69.2120547,primary
1502461087,3,41.2585624,69.2118207,primary
1502461087,4,41.2582977,69.2113651,primary
1502461087,5,41.2582114,69.2112131,primary
1502461087,6,41.2581129,69.2110467,primary
1502461087,7,41.2579768,69.2108167,primary
1502461087,8,41.2577907,69.2105023,primary
1502461087,9,41.2576547,69.2102725,primary
1502461087,10,41.2573667,69.2097728,primary
1502461087,11,41.2572264,69.2095272,primary
1502461087,12,41.2569491,69.2090482,primary
1502461087,13,41.256292,69.2078992,primary
1502461087,14,41.2559701,69.2073733,primary
1502461087,15,41.2553745,69.206334,primary
1502461087,16,41.255073,69.2058158,primary
1502461088,0,41.2590122,69.2133338,primary
1502461088,1,41.259078,69.2135455,primary
1502461088,2,41.2591411,69.2137826,primary
1502461088,3,41.2592007,69.214029,primary
1502461088,4,41.2592478,69.214286,primary
1502461088,5,41.2592879,69.2145524,primary
1502461088,6,41.2593369,69.214941,primary
1502461088,7,41.2593644,69.2152851,primary
1502461088,8,41.2593699,69.2153499,primary
1502461088,9,41.2593819,69.2155526,primary
1502461088,10,41.2593867,69.2157553,primary
1502649295,0,41.3251282,69.2316159,primary
1502649295,1,41.3250599,69.2317368,primary
1502649305,0,41.3972591,69.2607534,trunk
1502649305,1,41.3973578,69.2603678,trunk
1502649305,2,41.3974792,69.2597883,trunk
1502649305,3,41.3975594,69.2594172,trunk
1502649305,4,41.3976275,69.2590494,trunk
1502649305,5,41.3976898,69.2586296,trunk
1502649305,6,41.3977481,69.2580689,trunk
1502649305,7,41.3978166,69.2570519,trunk
1502649305,8,41.397843,69.256539,trunk
1502649305,9,41.3978647,69.2559995,trunk
1502649305,10,41.3979153,69.2546571,trunk
1502649305,11,41.3980566,69.2506837,trunk
1502649305,12,41.3980893,69.2496837,trunk
1502649305,13,41.3981075,69.2491256,trunk
1502649305,14,41.3981384,69.2481828,trunk
1502649305,15,41.3981459,69.2478061,trunk
1502649305,16,41.3981738,69.2464015,trunk
1502649305,17,41.3981808,69.2461891,trunk
1502649305,18,41.3982215,69.2449404,trunk
1502649305,19,41.3983177,69.2427319,trunk
1502649305,20,41.3983279,69.2424983,trunk
1502649305,21,41.3983305,69.2424382,trunk
1502649305,22,41.398355,69.241829,trunk
1502649305,23,41.3983667,69.2413296,trunk
1502649305,24,41.3983674,69.2410535,trunk
1502649305,25,41.398362,69.240636,trunk
1502649305,26,41.398371,69.2403261,trunk
1502649305,27,41.398392,69.2396012,trunk
1502649305,28,41.3984236,69.2385115,trunk
1502649305,29,41.3984252,69.2380353,trunk
1502649305,30,41.3984148,69.2375381,trunk
1502649305,31,41.3983994,69.2370515,trunk
1502649305,32,41.3983817,69.236805,trunk
1502649305,33,41.3983625,69.2365624,trunk
1502649305,34,41.3983343,69.2362772,trunk
1502649305,35,41.3982998,69.235992,trunk
1502649305,36,41.3982131,69.2354705,trunk
1502649305,37,41.3981309,69.2350105,trunk
1502649305,38,41.3980378,69.2345592,trunk
1502649305,39,41.3979626,69.2342352,trunk
1502649305,40,41.397881,69.2339141,trunk
1502649305,41,41.3977942,69.2336092,trunk
1502649305,42,41.3976989,69.233306,trunk
1502649305,43,41.3976087,69.2330524,trunk
1502649305,44,41.3975016,69.2327515,trunk
1502649305,45,41.3974048,69.2324948,trunk
1502649305,46,41.3973072,69.2322403,trunk
1502649305,47,41.397239,69.2320774,trunk
1502649305,48,41.3971693,69.2319159,trunk
1502649305,49,41.3971032,69.2317672,trunk
1502649305,50,41.3970351,69.2316198,trunk
1502649305,51,41.3969791,69.2315045,trunk
1502649305,52,41.3969196,69.2313892,trunk
1502649305,53,41.3967954,69.2311644,trunk
1502649305,54,41.3964153,69.2305213,trunk
1502649305,55,41.3951807,69.2285247,trunk
1502649306,0,41.3970193,69.2609496,trunk
1502649306,1,41.3968678,69.261466,trunk
1502649306,2,41.3967865,69.2617221,trunk
1502649306,3,41.3967018,69.2619734,trunk
1502649306,4,41.396612,69.2622313,trunk
1502649306,5,41.3965778,69.2623186,trunk
1502649306,6,41.3965135,69.262482,trunk
1502649306,7,41.3964139,69.2627215,trunk
1502649306,8,41.396305,69.2629583,trunk
1502649306,9,41.3961921,69.2631915,trunk
1502649306,10,41.396072,69.2634247,trunk
1502649306,11,41.3959771,69.2635961,trunk
1502649306,12,41.395946,69.2636524,trunk
1502649306,13,41.3958171,69.2638732,trunk
1502649306,14,41.3956874,69.2640865,trunk
1502649306,15,41.3955538,69.2642999,trunk
1502649306,16,41.3952786,69.2647358,trunk
1502649306,17,41.3949738,69.2652173,trunk
1502649306,18,41.3947321,69.2655993,trunk
1502649306,19,41.3944164,69.266098,trunk
1502649306,20,41.3943639,69.266181,trunk
1502649306,21,41.3939598,69.2668196,trunk
1502649306,22,41.3939132,69.2668904,trunk
1502649342,0,41.3247061,69.2326524,primary
1502649342,1,41.3248474,69.2324047,primary
1503014487,0,41.3293603,69.2360855,primary
1503014487,1,41.3293885,69.2359334,primary
1503014488,0,41.3309308,69.242805,primary
1503014488,1,41.3309288,69.2427589,primary
1503014488,2,41.3309257,69.2426591,primary
1503365521,0,41.3751174,69.2879389,primary
1503365521,1,41.3755152,69.2880634,primary
1503365521,2,41.3761749,69.2882759,primary
1503365522,0,41.3742251,69.2876611,primary
1503365522,1,41.3747696,69.2878301,primary
1503365522,2,41.3751174,69.2879389,primary
1503365523,0,41.3764075,69.288222,primary
1503365523,1,41.3761981,69.2881589,primary
1503379538,0,41.3679155,69.2931928,primary
1503379538,1,41.3681858,69.2933084,primary
1503379538,2,41.3683617,69.293358,primary
1503379538,3,41.3729933,69.2947421,primary
1503379538,4,41.3737553,69.2949917,primary
1503379538,5,41.3740977,69.2950783,primary
1503379541,0,41.3679835,69.2929542,primary
1503379541,1,41.3677538,69.2928329,primary
1503379541,2,41.3674302,69.2926462,primary
1503379541,3,41.3672876,69.2925501,primary
1503379541,4,41.367149,69.2924477,primary
1503695137,0,41.2971723,69.2048751,primary
1503695137,1,41.2975655,69.2057005,primary
1503695137,2,41.2977789,69.2061485,primary
1503695137,3,41.2978218,69.2062385,primary
1503695137,4,41.2980865,69.2067943,primary
1503695138,0,41.2982476,69.206668,primary
1503695138,1,41.2981789,69.2065236,primary
1503695138,2,41.2979711,69.2060875,primary
1503695138,3,41.2978191,69.2057684,primary
1503695138,4,41.2975851,69.2052772,primary
1503695139,0,41.3171731,69.1931786,trunk
1503695139,1,41.3168978,69.193183,trunk
1503695142,0,41.2995463,69.1940941,trunk
1503695142,1,41.3007947,69.1940568,trunk
1503695142,2,41.3014179,69.1940439,trunk
1503695142,3,41.3019357,69.1940221,trunk
1503695142,4,41.3019921,69.19402,trunk
1503695142,5,41.3020749,69.194017,trunk
1503695142,6,41.3021093,69.1940158,trunk
1503697308,0,41.255183,69.1566758,trunk
1503697308,1,41.255131,69.1567701,trunk
1503697309,0,41.2569832,69.1538524,trunk
1503697309,1,41.2560388,69.1552559,trunk
1503697309,2,41.2552543,69.1565467,trunk
1503697309,3,41.2552333,69.1565848,trunk
1503697309,4,41.255183,69.1566758,trunk
1504012750,0,41.3019313,69.2101356,primary
1504012750,1,41.3019683,69.2100978,primary
1504012750,2,41.3021016,69.2099678,primary
1504012750,3,41.3022405,69.2098489,primary
1504012750,4,41.3023474,69.2097703,primary
1504012750,5,41.3024718,69.2096813,primary
1504012750,6,41.3033777,69.2091156,primary
1504012756,0,41.3526091,69.2661789,primary
1504012756,1,41.351642,69.2651692,primary
1504012757,0,41.3588225,69.2752667,primary
1504012757,1,41.3579957,69.2734159,primary
1504012757,2,41.3577818,69.2729261,primary
1504012757,3,41.3576268,69.2725138,primary
1504012767,0,41.3515664,69.2652951,primary
1504012767,1,41.352048,69.2658486,primary
1504012771,0,41.3307984,69.2428424,primary
1504012771,1,41.3307948,69.2428949,primary
1504060732,0,41.3214631,69.2355224,primary
1504060732,1,41.321657,69.2357438,primary
1505092194,0,41.3637093,69.2877993,primary
1505092194,1,41.3634894,69.2879668,primary
1505092194,2,41.3632356,69.2881543,primary
1505092194,3,41.3630111,69.2883097,primary
1505092194,4,41.3626458,69.2885709,primary
1505092195,0,41.3658282,69.2862112,primary
1505092195,1,41.3654805,69.2864724,primary
1505219686,0,41.2667001,69.2461885,primary
1505219686,1,41.2665814,69.2462058,primary
1505219686,2,41.2663465,69.2462399,primary
1505219686,3,41.266302,69.2462464,primary
1505219686,4,41.2661105,69.2462732,primary
1505219687,0,41.2649683,69.2647986,primary
1505219687,1,41.2650608,69.2646534,primary
1505219692,0,41.249474,69.2572503,primary
1505219692,1,41.2495046,69.2571637,primary
1505219695,0,41.253787,69.3218299,primary
1505219695,1,41.2556481,69.3207451,primary
1505219695,2,41.2559013,69.320597,primary
1505219697,0,41.2557963,69.320483,primary
1505219697,1,41.2555128,69.3206407,primary
1505219712,0,41.2444894,69.2563622,trunk
1505219712,1,41.2444894,69.2562859,trunk
1505219723,0,41.2443231,69.2562973,trunk
1505219723,1,41.2443222,69.2566893,trunk
1505219723,2,41.2443218,69.2569533,trunk
1505219723,3,41.2443205,69.257932,trunk
1505219723,4,41.2443196,69.2585946,trunk
1505219723,5,41.2443183,69.2588179,trunk
1505219723,6,41.2443138,69.2602008,trunk
1505219723,7,41.2443034,69.2645979,trunk
1505219723,8,41.2443024,69.2649872,trunk
1505219725,0,41.2493775,69.2571414,primary
1505219725,1,41.2493478,69.2572278,primary
1505219726,0,41.2667937,69.2462625,primary
1505219726,1,41.2670576,69.246229,primary
1505695475,0,41.3631352,69.225238,primary
1505695475,1,41.3641801,69.225254,primary
1505695476,0,41.3641801,69.225254,primary
1505695476,1,41.3643634,69.2252952,primary
1505695476,2,41.3644299,69.2252976,primary
1505695476,3,41.3645762,69.2253028,primary
1505762534,0,41.3546695,69.2275681,primary
1505762534,1,41.3552891,69.2273841,primary
1505762534,2,41.3554517,69.2273332,primary
1505762534,3,41.3554843,69.2273229,primary
1505762534,4,41.3556035,69.2272855,primary
1505762534,5,41.3557336,69.2272447,primary
1505762534,6,41.3557817,69.2272296,primary
1505792094,0,41.3473341,69.2281744,primary
1505792094,1,41.347468,69.2281021,primary
1505792094,2,41.3477838,69.2280094,primary
1505792584,0,41.3469345,69.2283359,primary
1505792584,1,41.3470431,69.2282919,primary
1505792584,2,41.3473341,69.2281744,primary
1505804133,0,41.3459857,69.2286274,primary
1505804133,1,41.3457159,69.2287437,primary
1505804133,2,41.3453703,69.2288869,primary
1505804133,3,41.344996,69.229042,primary
1505804133,4,41.3449277,69.2290703,primary
1505821755,0,41.3069404,69.1689617,primary
1505821755,1,41.3074323,69.168687,primary
1505821756,0,41.3074323,69.168687,primary
1505821756,1,41.3079628,69.1683879,primary
1505821756,2,41.3086916,69.1679754,primary
1505821757,0,41.3086916,69.1679754,primary
1505821757,1,41.3091189,69.1677304,primary
1505821757,2,41.3092103,69.1676718,primary
1505821757,3,41.3092383,69.1675706,primary
1505905623,0,41.3176884,69.2301671,primary
1505905623,1,41.3178404,69.2299039,primary
1505905623,2,41.3181126,69.2294046,primary
1505905623,3,41.3184158,69.2288583,primary
1506189892,0,41.210268,69.231441,primary
1506189892,1,41.2100852,69.231591,primary
1506189892,2,41.2100083,69.2316541,primary
1506576123,0,41.3551226,69.358512,primary
1506576123,1,41.3550608,69.359432,primary
1506576123,2,41.3550398,69.3597437,primary
1506576124,0,41.3551679,69.3599322,primary
1506576124,1,41.3552014,69.359455,primary
1506576124,2,41.3553278,69.357653,primary
1506576124,3,41.3553359,69.3575371,primary
1507466847,0,41.2786903,69.1980134,trunk
1507466847,1,41.2786329,69.1981124,trunk
1507466847,2,41.2784734,69.1983871,trunk
1507800372,0,41.3073123,69.3410047,trunk
1507800372,1,41.3075526,69.3412828,trunk
1507800372,2,41.3091183,69.3430949,trunk
1507800373,0,41.3046074,69.3415511,trunk
1507800373,1,41.3051658,69.3409274,trunk
1507800384,0,41.3063855,69.3392608,trunk
1507800384,1,41.3063678,69.3392375,trunk
1507800384,2,41.3063485,69.3392156,trunk
1507800384,3,41.3063282,69.3391927,trunk
1507800384,4,41.3063082,69.3391728,trunk
1508201096,0,41.3112229,69.2585048,primary
1508201096,1,41.3112794,69.2572112,primary
1508201096,2,41.3113176,69.2563369,primary
1508798031,0,41.2042951,69.3328771,trunk
1508798031,1,41.2053094,69.3330245,trunk
1508800625,0,41.2000281,69.3326226,trunk
1508800625,1,41.2012608,69.3334763,trunk
1508810140,0,41.1972141,69.3262437,trunk
1508810140,1,41.1975628,69.326703,trunk
1508810141,0,41.1975628,69.326703,trunk
1508810141,1,41.197951,69.3272145,trunk
1508810141,2,41.1980304,69.3273127,trunk
1508816134,0,41.2374476,69.3294277,trunk
1508816134,1,41.2378188,69.3306126,trunk
1509967343,0,41.3064509,69.1517711,trunk
1509967343,1,41.3058227,69.1516918,trunk
1509967357,0,41.2776226,69.1467039,trunk
1509967357,1,41.2777939,69.146743,trunk
1510378470,0,41.2463308,69.3259592,primary
1510378470,1,41.2474195,69.3253549,primary
1510378470,2,41.2476394,69.3252307,primary
1510378470,3,41.247666,69.3252156,primary
1510378471,0,41.2316283,69.3357562,trunk
1510378471,1,41.2318271,69.3356475,trunk
1510378471,2,41.2319408,69.3355792,trunk
1510378471,3,41.2320282,69.3355268,trunk
1510378471,4,41.2322484,69.3353717,trunk
1510378471,5,41.2323715,69.3352761,trunk
1510378471,6,41.232484,69.3351746,trunk
1510378471,7,41.2327027,69.3349804,trunk
1510378471,8,41.2328009,69.3348937,trunk
1510378471,9,41.2330576,69.3346669,trunk
1510378471,10,41.2333678,69.3344295,trunk
1510378476,0,41.2776352,69.3613695,trunk
1510378476,1,41.2767845,69.3615052,trunk
1510378476,2,41.2766878,69.36152,trunk
1510378476,3,41.2763951,69.3615682,trunk
1510378477,0,41.2764693,69.3617827,trunk
1510378477,1,41.2767108,69.3617431,trunk
1510378477,2,41.2776535,69.361584,trunk
1515568519,0,41.3013743,69.2329341,primary
1515568519,1,41.3000364,69.2316707,primary
1515568523,0,41.3118886,69.2426432,primary
1515568523,1,41.312055,69.2424852,primary
1515568524,0,41.296529,69.2285308,primary
1515568524,1,41.297578,69.2295506,primary
1515568524,2,41.2983555,69.2302734,primary
1515568526,0,41.2892883,69.2278799,primary
1515568526,1,41.2896488,69.2273071,primary
1515568526,2,41.2899808,69.2267831,primary
1515568526,3,41.2903187,69.2262479,primary
1515568527,0,41.2901931,69.2261073,primary
1515568527,1,41.2901701,69.2261435,primary
1515568527,2,41.28916,69.2277358,primary
1515568537,0,41.2610532,69.1490718,trunk
1515568537,1,41.2611286,69.1490027,trunk
1516578321,0,41.3037512,69.2677771,primary
1516578321,1,41.3036329,69.2679301,primary
1516578321,2,41.3034005,69.2682078,primary
1516578321,3,41.3032825,69.2683388,primary
1516578321,4,41.3031388,69.2684853,primary
1516578330,0,41.239601,69.1950409,primary
1516578330,1,41.2397303,69.1953139,primary
1516578330,2,41.2398187,69.1955025,primary
1516578330,3,41.2399534,69.1957494,primary
1516578330,4,41.2400922,69.1959945,primary
1516578330,5,41.2401614,69.1961039,primary
1516578330,6,41.2402856,69.1963001,primary
1516578330,7,41.2414401,69.1979134,primary
1516578330,8,41.2417588,69.1983547,primary
1516578330,9,41.2420554,69.1987653,primary
1516578330,10,41.2421596,69.1989138,primary
1516578330,11,41.242857,69.1998725,primary
1516578330,12,41.2430609,69.2001709,primary
1516578330,13,41.2435231,69.2008473,primary
1516578330,14,41.2441399,69.2016879,primary
1516578331,0,41.2393373,69.1944518,primary
1516578331,1,41.239601,69.1950409,primary
1516578336,0,41.2238615,69.1777498,primary
1516578336,1,41.2246542,69.1783903,primary
1516578336,2,41.2248004,69.1785077,primary
1516578336,3,41.2252787,69.1788844,primary
1516578336,4,41.2253659,69.1789531,primary
1516578336,5,41.2253951,69.1789761,primary
1516578336,6,41.2262532,69.1796633,primary
1516578336,7,41.2263627,69.1797598,primary
1516578336,8,41.2264548,69.1798615,primary
1516578336,9,41.2265069,69.1799251,primary
1516578336,10,41.2268387,69.18033,primary
1516578336,11,41.2269225,69.1804323,primary
1516578336,12,41.2274126,69.1810305,primary
1516578336,13,41.2274324,69.1810565,primary
1516578336,14,41.2275876,69.18126,primary
1516578337,0,41.2248449,69.178393,primary
1516578337,1,41.2239094,69.1776458,primary
1516578338,0,41.2261406,69.1794383,primary
1516578338,1,41.2258045,69.1791671,primary
1516578338,2,41.2256055,69.1790066,primary
1516578339,0,41.2256055,69.1790066,primary
1516578339,1,41.2254551,69.1788853,primary
1516578339,2,41.225409,69.1788481,primary
1516578339,3,41.2251574,69.1786451,primary
1516578339,4,41.2248449,69.178393,primary
1516936498,0,41.2544037,69.1971898,primary
1516936498,1,41.2544056,69.1970624,primary
1516936498,2,41.2544063,69.1970334,primary
1516936498,3,41.2544068,69.1970001,primary
1516936498,4,41.2544086,69.1968197,primary
1516936498,5,41.2544116,69.196682,primary
1517005574,0,41.3206401,69.2544447,primary
1517005574,1,41.3204811,69.2544138,primary
1517005574,2,41.3202361,69.2543839,primary
1517063147,0,41.3121134,69.2957714,primary
1517063147,1,41.3119958,69.2958278,primary
1517063148,0,41.3119958,69.2958278,primary
1517063148,1,41.3105778,69.2965089,primary
1517076840,0,41.255073,69.2058158,primary
1517076840,1,41.254863,69.2053053,primary
1517076840,2,41.25465,69.2047237,primary
1517076840,3,41.2545069,69.2040978,primary
1517076840,4,41.2544731,69.2039098,primary
1517088992,0,41.2659795,69.246341,trunk
1517088992,1,41.2660092,69.2465854,trunk
1517088992,2,41.2660718,69.2470112,trunk
1517088992,3,41.2661126,69.2472795,trunk
1517088992,4,41.2661592,69.2475466,trunk
1517088992,5,41.2662078,69.2477554,trunk
1517088992,6,41.2662168,69.2477887,trunk
1517502465,0,41.3051183,69.3306615,primary
1517502465,1,41.3052179,69.3306458,primary
1517546984,0,41.3053137,69.3316703,primary
1517546984,1,41.305303,69.3315658,primary
1517546984,2,41.3052919,69.3314583,primary
1517546984,3,41.3052747,69.3312908,primary
1517546984,4,41.3052179,69.3306458,primary
1517546984,5,41.3052003,69.3304463,primary
1517546984,6,41.3050814,69.3289876,primary
1517546984,7,41.3050744,69.3288933,primary
1517546984,8,41.3050019,69.3279182,primary
1517546984,9,41.3049002,69.3265663,primary
1517546984,10,41.3048611,69.3260242,primary
1517546984,11,41.3048478,69.3258728,primary
1517546984,12,41.3048236,69.3255983,primary
1517546984,13,41.3047981,69.3253074,primary
1517546984,14,41.3047085,69.3242431,primary
1517546984,15,41.3046729,69.3238246,primary
1517546984,16,41.3046654,69.3237366,primary
1517546984,17,41.3046063,69.3230254,primary
1517546984,18,41.3045729,69.3227101,primary
1517546984,19,41.3044996,69.3220791,primary
1517546984,20,41.3044914,69.3220089,primary
1517546984,21,41.3044693,69.3218419,primary
1517566723,0,41.3044693,69.3218419,primary
1517566723,1,41.3044366,69.3216548,primary
1517566723,2,41.3043444,69.3211126,primary
1517566723,3,41.3042584,69.3206065,primary
1517566723,4,41.3041311,69.3198818,primary
1517566723,5,41.3040293,69.3194302,primary
1517566723,6,41.3039768,69.3191892,primary
1517566723,7,41.3039479,69.3190563,primary
1517566723,8,41.3038867,69.3187715,primary
1517566723,9,41.3037263,69.3180244,primary
1517566723,10,41.3036861,69.3178476,primary
1517605838,0,41.2910757,69.2770472,primary
1517605838,1,41.2911372,69.2771323,primary
1517651858,0,41.3118329,69.3134908,primary
1517651858,1,41.3121243,69.3136681,primary
1517651858,2,41.3127634,69.314057,primary
1517651858,3,41.3128066,69.3140832,primary
1517651858,4,41.3129506,69.3141709,primary
1517652220,0,41.3137555,69.3144189,primary
1517652220,1,41.3132816,69.3141306,primary
1517652220,2,41.3131776,69.3140673,primary
1517652220,3,41.3130155,69.3139687,primary
1517654194,0,41.3153706,69.3156434,primary
1517654194,1,41.315852,69.3159363,primary
1517654194,2,41.3161764,69.3161337,primary
1517654194,3,41.3163455,69.3162366,primary
1517654194,4,41.3164954,69.3163278,primary
1517654194,5,41.316588,69.3163838,primary
1518020023,0,41.3336324,69.2844081,primary
1518020023,1,41.3331024,69.2842993,primary
1518020023,2,41.3329019,69.2842581,primary
1518075345,0,41.3322893,69.2947918,trunk
1518075345,1,41.3322953,69.2949676,trunk
1518075345,2,41.3323077,69.2951434,trunk
1518075345,3,41.3327462,69.2981819,trunk
1518075345,4,41.3327618,69.2982828,trunk
1518075345,5,41.3327904,69.2984454,trunk
1518100767,0,41.33852,69.3391249,primary
1518100767,1,41.3386641,69.3388827,primary
1518100767,2,41.3388651,69.3385447,primary
1518100767,3,41.3399442,69.3367303,primary
1518114578,0,41.3290833,69.3547987,primary
1518114578,1,41.329148,69.3546884,primary
1518114579,0,41.3295039,69.3540953,primary
1518114579,1,41.3299229,69.3533723,primary
1518169634,0,41.3289906,69.3547142,primary
1518169634,1,41.3289099,69.3548489,primary
1518169634,2,41.3285739,69.3554057,primary
1518169634,3,41.3271464,69.3577413,primary
1518205585,0,41.2984192,69.2919057,primary
1518205585,1,41.298116,69.2918791,primary
1518205585,2,41.297919,69.2918824,primary
1518205585,3,41.2978593,69.2918834,primary
1518205585,4,41.2977333,69.2918983,primary
1518205585,5,41.2976185,69.2919335,primary
1518294442,0,41.2715996,69.2596231,primary
1518294442,1,41.2713757,69.2597348,primary
1518294442,2,41.2709728,69.2599301,primary
1518294442,3,41.2707328,69.2600535,primary
1518298333,0,41.2591191,69.2385917,primary
1518298333,1,41.2609634,69.2383371,primary
1518298333,2,41.2628039,69.2381557,primary
1518300879,0,41.2547887,69.3831073,trunk
1518300879,1,41.2544668,69.3835164,trunk
1518300879,2,41.2543042,69.383723,trunk
1518300880,0,41.254077,69.3840118,trunk
1518300880,1,41.2535625,69.3846656,trunk
1518300880,2,41.2524956,69.3860558,trunk
1518303481,0,41.2635853,69.3640017,trunk
1518303481,1,41.2636006,69.3640114,trunk
1518303481,2,41.2646768,69.3647457,trunk
1518303481,3,41.2657683,69.3655356,trunk
1518303481,4,41.2662052,69.3658509,trunk
1518303481,5,41.2663429,69.3659511,trunk
1518305829,0,41.1692588,69.2261702,trunk
1518305829,1,41.1694031,69.2256997,trunk
1518311356,0,41.3483542,69.3497849,primary
1518311356,1,41.3489507,69.3504152,primary
1518311356,2,41.3490577,69.3505283,primary
1518311357,0,41.3490577,69.3505283,primary
1518311357,1,41.3494529,69.3509458,primary
1518311357,2,41.3497142,69.3512219,primary
1518311357,3,41.3498937,69.3514116,primary
1518311357,4,41.3504591,69.3520091,primary
1518311357,5,41.3505085,69.352057,primary
1518311357,6,41.3506903,69.3522533,primary
1518315616,0,41.3404279,69.3359136,primary
1518315616,1,41.3405194,69.3357631,primary
1518315616,2,41.3411644,69.3347105,primary
1518315616,3,41.3416295,69.3339516,primary
1518593180,0,41.346966,69.3249097,primary
1518593180,1,41.3470462,69.3247755,primary
1518593180,2,41.3471617,69.3245825,primary
1518593181,0,41.3423228,69.3328865,primary
1518593181,1,41.3423881,69.3327862,primary
1518593181,2,41.3435206,69.3309019,primary
1518593181,3,41.3437283,69.3305622,primary
1518593181,4,41.3440352,69.3300634,primary
1518593181,5,41.3440585,69.3300253,primary
1518643696,0,41.3561713,69.2887903,primary
1518643696,1,41.3562766,69.2888093,primary
1518643696,2,41.3566223,69.2888716,primary
1518643696,3,41.356696,69.288885,primary
1518643696,4,41.3568838,69.2889187,primary
1518643696,5,41.35787,69.2891021,primary
1518645525,0,41.3421438,69.2861996,primary
1518645525,1,41.3422942,69.2862265,primary
1518645525,2,41.3423833,69.2862416,primary
1518645525,3,41.3431264,69.2863752,primary
1518645525,4,41.3437141,69.2864899,primary
1518645525,5,41.3444463,69.2866203,primary
1518645525,6,41.3449397,69.2867087,primary
1518652436,0,41.3354459,69.2847426,primary
1518652436,1,41.3352387,69.2847044,primary
1518652436,2,41.3348965,69.2846414,primary
1518652437,0,41.3348965,69.2846414,primary
1518652437,1,41.3346103,69.2845883,primary
1518652437,2,41.3341175,69.2844976,primary
1518652437,3,41.3336324,69.2844081,primary
1518653374,0,41.3305013,69.2837614,primary
1518653374,1,41.329973,69.283651,primary
1518653374,2,41.3296858,69.2835911,primary
1518653375,0,41.3329019,69.2842581,primary
1518653375,1,41.3323692,69.2841488,primary
1518653375,2,41.3318809,69.2840485,primary
1518653375,3,41.3315297,69.2839771,primary
1518653375,4,41.3309844,69.2838624,primary
1518681563,0,41.3286034,69.2833642,primary
1518681563,1,41.3282088,69.2832814,primary
1518681563,2,41.3281009,69.2832588,primary
1518681563,3,41.3280261,69.2832431,primary
1518681563,4,41.3279611,69.2832295,primary
1518681563,5,41.3277801,69.2831915,primary
1518685350,0,41.2441613,69.3115278,trunk
1518685350,1,41.2441553,69.3116279,trunk
1518685350,2,41.2441334,69.3118508,trunk
1518685350,3,41.2441076,69.3120749,trunk
1518685350,4,41.2440763,69.312295,trunk
1518685350,5,41.2440389,69.3125115,trunk
1518685350,6,41.2440089,69.3126689,trunk
1518685350,7,41.2439768,69.3128245,trunk
1518685350,8,41.2439387,69.3129788,trunk
1518685350,9,41.2439005,69.3131325,trunk
1518685350,10,41.2438588,69.3132849,trunk
1518685350,11,41.2438156,69.3134367,trunk
1518685350,12,41.2437677,69.3135877,trunk
1518685350,13,41.2437163,69.3137395,trunk
1518685350,14,41.2436655,69.3138801,trunk
1518685350,15,41.2436107,69.3140208,trunk
1518685350,16,41.2435537,69.3141596,trunk
1518685350,17,41.2434954,69.3142963,trunk
1518685350,18,41.2434341,69.3144285,trunk
1518685350,19,41.2433712,69.3145586,trunk
1518685350,20,41.2433052,69.3146864,trunk
1518685350,21,41.2432379,69.3148148,trunk
1518685350,22,41.2431326,69.3150005,trunk
1518685350,23,41.2430213,69.3151891,trunk
1518685350,24,41.2429,69.3153745,trunk
1518685350,25,41.2427756,69.3155585,trunk
1518685350,26,41.2426305,69.3157532,trunk
1518685350,27,41.2424771,69.3159434,trunk
1518685350,28,41.2414306,69.3171165,trunk
1518685350,29,41.2411811,69.317407,trunk
1518685350,30,41.2405771,69.3181199,trunk
1518685350,31,41.239347,69.3195854,trunk
1518688197,0,41.244166,69.3114128,trunk
1518688197,1,41.2441613,69.3115278,trunk
1518688198,0,41.2441801,69.3100138,trunk
1518688198,1,41.2441789,69.3103038,trunk
1518688198,2,41.244177,69.3107592,trunk
1518688199,0,41.244177,69.3107592,trunk
1518688199,1,41.2441739,69.3111375,trunk
1518688199,2,41.244166,69.3114128,trunk
1518689261,0,41.2190415,69.2441692,primary
1518689261,1,41.2193202,69.2441359,primary
1518689261,2,41.2194551,69.2441213,primary
1518689261,3,41.2197028,69.2440907,primary
1518692483,0,41.3483796,69.2408837,trunk
1518692483,1,41.348351,69.2412298,trunk
1518692483,2,41.3483426,69.2413312,trunk
1518697443,0,41.2444894,69.2562859,trunk
1518697443,1,41.2444894,69.2559846,trunk
1518697443,2,41.2444893,69.2554756,trunk
1518697443,3,41.2444892,69.2549416,trunk
1518697443,4,41.24449,69.2546985,trunk
1518697444,0,41.2444545,69.2730838,trunk
1518697444,1,41.2444512,69.2727041,trunk
1518697444,2,41.2444537,69.272216,trunk
1518697445,0,41.2444537,69.272216,trunk
1518697445,1,41.2444717,69.268623,trunk
1518697445,2,41.2444737,69.2682182,trunk
1518697445,3,41.2444741,69.2681445,trunk
1518697445,4,41.244476,69.2677702,trunk
1518697445,5,41.244486,69.2657921,trunk
1518702766,0,41.3436194,69.2062361,primary
1518702766,1,41.3433464,69.2060797,primary
1518704176,0,41.2284144,69.1796313,trunk
1518704176,1,41.2285294,69.1792977,trunk
1518704176,2,41.2286346,69.1789641,trunk
1518704176,3,41.2287226,69.1786655,trunk
1518704176,4,41.2287982,69.178366,trunk
1518704176,5,41.2288628,69.1780771,trunk
1518704176,6,41.2289154,69.1777783,trunk
1518704176,7,41.2289867,69.1773434,trunk
1518704176,8,41.2290113,69.1771933,trunk
1518704176,9,41.2290324,69.1770626,trunk
1518708976,0,41.1718165,69.217862,trunk
1518708976,1,41.1720347,69.2171452,trunk
1518708977,0,41.1720347,69.2171452,trunk
1518708977,1,41.1731991,69.2133194,trunk
1518708977,2,41.1736045,69.2119764,trunk
1518713921,0,41.1924761,69.1898285,trunk
1518713921,1,41.1922588,69.1900177,trunk
1518713921,2,41.1921205,69.1901473,trunk
1518713921,3,41.1915969,69.1906166,trunk
1518713921,4,41.1912254,69.1909496,trunk
1518713921,5,41.1908316,69.1913025,trunk
1518713921,6,41.1900608,69.1919934,trunk
1518713921,7,41.1887789,69.1931421,trunk
1518713921,8,41.1875858,69.1942113,trunk
1518713921,9,41.1875308,69.1942606,trunk
1518713921,10,41.187222,69.1945373,trunk
1518713921,11,41.1867842,69.1949297,trunk
1518717235,0,41.3417665,69.2125234,primary
1518717235,1,41.3418841,69.2122575,primary
1518717235,2,41.3419758,69.2120426,primary
1518717235,3,41.3423956,69.2110592,primary
1518717235,4,41.3424127,69.2110223,primary
1518717235,5,41.3424805,69.2108797,primary
1518717236,0,41.341422,69.2133912,primary
1518717236,1,41.3414494,69.2133075,primary
1518717236,2,41.3415021,69.2131574,primary
1518717236,3,41.3415578,69.2130066,primary
1518717236,4,41.3416188,69.2128575,primary
1518717236,5,41.3417665,69.2125234,primary
1518717342,0,41.2649481,69.2596005,primary
1518717342,1,41.2646648,69.2590088,primary
1518717343,0,41.2668057,69.2636405,primary
1518717343,1,41.265579,69.2610116,primary
1518717343,2,41.2649481,69.2596005,primary
1518719362,0,41.3388609,69.2223524,primary
1518719362,1,41.3388752,69.2222908,primary
1518719362,2,41.3389825,69.2217617,primary
1518719362,3,41.3390426,69.2214993,primary
1518719362,4,41.339109,69.2212455,primary
1518719362,5,41.3391894,69.2209976,primary
1518719362,6,41.3392062,69.2209458,primary
1518719362,7,41.3393331,69.2205439,primary
1518719363,0,41.3379444,69.2242531,primary
1518719363,1,41.3380446,69.2241271,primary
1518719363,2,41.338169,69.2239542,primary
1519891557,0,41.2193246,69.2244221,primary
1519891557,1,41.2192374,69.2244771,primary
1519891559,0,41.2087181,69.1889054,trunk
1519891559,1,41.2095416,69.1895863,trunk
1519891560,0,41.2076718,69.1880565,trunk
1519891560,1,41.2087181,69.1889054,trunk
1519891561,0,41.2077285,69.1879274,trunk
1519891561,1,41.2065677,69.1869935,trunk
1519891561,2,41.2061891,69.1867107,trunk
1519891561,3,41.2057166,69.1864057,trunk
1519891561,4,41.2049563,69.1859964,trunk
1519891561,5,41.2046951,69.1858686,trunk
1519891561,6,41.2044339,69.1857504,trunk
1519891561,7,41.2041808,69.185653,trunk
1519891561,8,41.2039257,69.1855647,trunk
1519891561,9,41.2036473,69.1854741,trunk
1519891561,10,41.2033669,69.1853867,trunk
1519891561,11,41.2030485,69.1852917,trunk
1519891561,12,41.2027259,69.1852049,trunk
1519891561,13,41.20243,69.185156,trunk
1519891561,14,41.2021342,69.1851203,trunk
1519891561,15,41.2018297,69.1850899,trunk
1519891561,16,41.2015329,69.1850696,trunk
1519891563,0,41.2401045,69.1673211,trunk
1519891563,1,41.2405048,69.1671954,trunk
1519891563,2,41.2408424,69.167064,trunk
1519906992,0,41.3176384,69.2541142,primary
1519906992,1,41.3146579,69.2537214,primary
1521236286,0,41.3116277,69.1768784,primary
1521236286,1,41.3113365,69.1763516,primary
1521236287,0,41.3120432,69.178107,primary
1521236287,1,41.3118548,69.177458,primary
1521236287,2,41.3118095,69.1773131,primary
1521236287,3,41.3117837,69.1772418,primary
1521236287,4,41.3117561,69.1771682,primary
1521236287,5,41.3116919,69.1770199,primary
1521236287,6,41.3116277,69.1768784,primary
1521236596,0,41.3126967,69.1808213,primary
1521236596,1,41.3124921,69.179865,primary
1521236596,2,41.3122691,69.1789738,primary
1521236596,3,41.3120432,69.178107,primary
1521237199,0,41.3145296,69.18635,primary
1521237199,1,41.3144884,69.1862828,primary
1521237199,2,41.3144343,69.1861918,primary
1521237199,3,41.3141568,69.1857253,primary
1521237200,0,41.3146748,69.1865869,primary
1521237200,1,41.3145296,69.18635,primary
1521238385,0,41.2785039,69.1987243,trunk
1521238385,1,41.2787364,69.1983574,trunk
1521238385,2,41.2787782,69.1982854,trunk
1521238385,3,41.2788469,69.1981674,trunk
1521242060,0,41.2386938,69.1676145,trunk
1521242060,1,41.2382122,69.1677712,trunk
1521257410,0,41.2526565,69.2153056,primary
1521257410,1,41.2526063,69.2152267,primary
1521383911,0,41.3500697,69.3532117,trunk
1521383911,1,41.3492599,69.3545386,trunk
1521383911,2,41.3489902,69.354995,trunk
1521383912,0,41.3489902,69.354995,trunk
1521383912,1,41.3488099,69.3552997,trunk
1521383912,2,41.3482592,69.3562311,trunk
1521390707,0,41.3575817,69.3413066,trunk
1521390707,1,41.3578549,69.3408742,trunk
1521390707,2,41.3584938,69.3398182,trunk
1521390708,0,41.3561734,69.3435694,trunk
1521390708,1,41.356311,69.3433506,trunk
1521390709,0,41.3559574,69.3439132,trunk
1521390709,1,41.3559935,69.3438559,trunk
1521390709,2,41.3560718,69.3437337,trunk
1521390709,3,41.3561734,69.3435694,trunk
1521390710,0,41.3559259,69.3437399,trunk
1521390710,1,41.3556726,69.3441516,trunk
1521390710,2,41.3556161,69.3442435,trunk
1521390711,0,41.3562488,69.3432144,trunk
1521390711,1,41.3561617,69.3433561,trunk
1521390711,2,41.3561049,69.3434474,trunk
1521411283,0,41.3848003,69.2119969,trunk
1521411283,1,41.383743,69.2103147,trunk
1521411283,2,41.3835297,69.2099475,trunk
1521411284,0,41.3863458,69.2144556,trunk
1521411284,1,41.3857459,69.2135011,trunk
1521411285,0,41.3862527,69.2145737,trunk
1521411285,1,41.3872313,69.2161304,trunk
1521411286,0,41.3841829,69.2112813,trunk
1521411286,1,41.3847269,69.2121497,trunk
1521411286,2,41.3851101,69.21276,trunk
1521432758,0,41.3573142,69.3799598,primary
1521432758,1,41.3572906,69.379874,primary
1521432758,2,41.3572402,69.3796895,primary
1521432759,0,41.3572402,69.3796895,primary
1521432759,1,41.3571938,69.3795509,primary
1521432759,2,41.357148,69.3794243,primary
1521432759,3,41.3570957,69.3792952,primary
1521432759,4,41.3570142,69.3791205,primary
1521432759,5,41.3569181,69.3789278,primary
1521432759,6,41.356816,69.3787583,primary
1521432759,7,41.3567155,69.378585,primary
1521432759,8,41.3559986,69.3774574,primary
1521432759,9,41.3559596,69.3773961,primary
1521432759,10,41.3558776,69.3772657,primary
1521435280,0,41.3626458,69.2885709,primary
1521435280,1,41.3623259,69.2887823,primary
1521435280,2,41.3621492,69.2888845,primary
1521681849,0,41.3041765,69.1704999,primary
1521681849,1,41.305479,69.1697778,primary
1521681849,2,41.3069404,69.1689617,primary
1521681853,0,41.3074196,69.1686131,primary
1521681853,1,41.3054605,69.1697151,primary
1521681853,2,41.3041583,69.1704475,primary
1521681853,3,41.3038945,69.1705888,primary
1521682042,0,41.3010558,69.1725826,primary
1521682042,1,41.299691,69.173235,primary
1521682042,2,41.298841,69.1736849,primary
1521682042,3,41.2986519,69.1737801,primary
1521682042,4,41.2985,69.1738648,primary
1521682042,5,41.2984107,69.1739324,primary
1521682042,6,41.2983527,69.1739836,primary
1521682043,0,41.3019683,69.1721144,primary
1521682043,1,41.3010558,69.1725826,primary
1521682675,0,41.2947807,69.1769617,primary
1521682675,1,41.2952293,69.1766101,primary
1521682675,2,41.2952787,69.1765689,primary
1521682675,3,41.2953544,69.1765009,primary
1521713713,0,41.2841568,69.1897553,primary
1521713713,1,41.2842722,69.1895744,primary
1521715990,0,41.2823884,69.1924797,primary
1521715990,1,41.2832082,69.1911933,primary
1521715990,2,41.2833986,69.1908946,primary
1522477413,0,41.3388337,69.2254904,primary
1522477413,1,41.3386788,69.2252062,primary
1522477413,2,41.3385193,69.2249201,primary
1522477413,3,41.33836,69.2246386,primary
1522477414,0,41.3407926,69.2304031,primary
1522477414,1,41.3408985,69.2307495,primary
1522477414,2,41.3409346,69.230869,primary
1522477414,3,41.3409932,69.2310793,primary
1522477414,4,41.34102,69.2311802,primary
1522477415,0,41.3399822,69.2281769,primary
1522477415,1,41.3400154,69.228257,primary
1522477415,2,41.3401135,69.2284985,primary
1522477415,3,41.3402194,69.2287716,primary
1522477415,4,41.3403233,69.2290433,primary
1522477415,5,41.340438,69.2293637,primary
1522477415,6,41.340579,69.2297663,primary
1522477415,7,41.3407155,69.2301689,primary
1522477415,8,41.3407926,69.2304031,primary
1522477416,0,41.3390084,69.2260893,primary
1522477416,1,41.3392005,69.2264561,primary
1522477416,2,41.3392849,69.226626,primary
1522477416,3,41.3393729,69.2268069,primary
1522477416,4,41.3395455,69.2271738,primary
1522477416,5,41.3397028,69.2275226,primary
1522477416,6,41.3397865,69.2277156,primary
1522477416,7,41.3399165,69.2280185,primary
1522477416,8,41.3399822,69.2281769,primary
1522477417,0,41.3388155,69.2257323,primary
1522477417,1,41.3390084,69.2260893,primary
1522477418,0,41.3383451,69.2249045,primary
1522477418,1,41.3384051,69.2250054,primary
1522477418,2,41.3384694,69.2251173,primary
1522477418,3,41.3385226,69.2252099,primary
1522477418,4,41.3386704,69.2254699,primary
1522477418,5,41.3388155,69.2257323,primary
1522477419,0,41.3379444,69.2242531,primary
1522477419,1,41.3380403,69.2243989,primary
1522477419,2,41.3382859,69.2248044,primary
1522477419,3,41.3383451,69.2249045,primary
1522477420,0,41.33836,69.2246386,primary
1522477420,1,41.3381938,69.2243608,primary
1522477420,2,41.3381422,69.2242786,primary
1522477420,3,41.3380446,69.2241271,primary
1522477420,4,41.3379764,69.2240177,primary
1522477421,0,41.3400824,69.2281019,primary
1522477421,1,41.3399203,69.2277229,primary
1522477421,2,41.3397986,69.2274459,primary
1522477422,0,41.3404312,69.2289721,primary
1522477422,1,41.340354,69.2287668,primary
1522477422,2,41.3402738,69.2285588,primary
1522477422,3,41.3400824,69.2281019,primary
1522477423,0,41.3406874,69.22969,primary
1522477423,1,41.3406734,69.2296491,primary
1522477423,2,41.340555,69.2293108,primary
1522477423,3,41.3404312,69.2289721,primary
1522477424,0,41.3411469,69.2311157,primary
1522477424,1,41.3411199,69.2310098,primary
1522477424,2,41.3410589,69.2308007,primary
1522477424,3,41.340969,69.2305257,primary
1522477424,4,41.3408828,69.2302591,primary
1522477424,5,41.3408491,69.2301611,primary
1522477425,0,41.3408491,69.2301611,primary
1522477425,1,41.3406874,69.22969,primary
1522477426,0,41.341571,69.2338213,primary
1522477426,1,41.3415181,69.2334061,primary
1522477426,2,41.3414751,69.233099,primary
1522477426,3,41.3414321,69.2327904,primary
1522477426,4,41.3413776,69.2324185,primary
1522477426,5,41.3413186,69.2320466,primary
1522477426,6,41.3412118,69.2314121,primary
1522477426,7,41.3411997,69.2313521,primary
1522477426,8,41.3411469,69.2311157,primary
1522479090,0,41.298419,69.2495567,primary
1522479090,1,41.2983608,69.2496086,primary
1522479090,2,41.2983379,69.2496572,primary
1522479090,3,41.2983406,69.249714,primary
1522479090,4,41.2983567,69.2497541,primary
1522479090,5,41.2983891,69.2497787,primary
1522479090,6,41.2984609,69.2497898,primary
1522488189,0,41.2782713,69.1990911,trunk
1522488189,1,41.2785039,69.1987243,trunk
1522488190,0,41.2760314,69.2025471,trunk
1522488190,1,41.2761022,69.202438,trunk
1522488190,2,41.2761783,69.2023209,trunk
1522546683,0,41.2758125,69.2025337,trunk
1522546683,1,41.2752639,69.2033779,trunk
1522546683,2,41.2748851,69.2039607,trunk
1522565945,0,41.2723678,69.207842,trunk
1522565945,1,41.2718392,69.2086571,trunk
1522565946,0,41.2727645,69.2072304,trunk
1522565946,1,41.2723678,69.207842,trunk
1522724028,0,41.3047868,69.2080509,primary
1522724028,1,41.3046411,69.2081413,primary
1522724028,2,41.3040357,69.208517,primary
1522729420,0,41.3201551,69.1979561,primary
1522729420,1,41.3198502,69.1975491,primary
1522729420,2,41.3197814,69.1974573,primary
1522729420,3,41.3192741,69.1967803,primary
1522729420,4,41.3191799,69.1966546,primary
1522729420,5,41.3190764,69.1964979,primary
1522729420,6,41.3189998,69.1963576,primary
1522729420,7,41.318984,69.1963287,primary
1522729420,8,41.3189098,69.1961554,primary
1522729420,9,41.3188391,69.1959758,primary
1522729420,10,41.3187334,69.1956811,primary
1522749525,0,41.3222879,69.2101713,primary
1522749525,1,41.3224264,69.2102209,primary
1522749525,2,41.3226091,69.2102837,primary
1522749525,3,41.3227247,69.21033,primary
1522749525,4,41.3229322,69.2104416,primary
1522749525,5,41.3233476,69.2106733,primary
1522749525,6,41.3234983,69.2107698,primary
1522749526,0,41.3223152,69.2081407,primary
1522749526,1,41.3223209,69.2075568,primary
1522749526,2,41.3223393,69.2064603,primary
1522749526,3,41.3223421,69.2062937,primary
1522749526,4,41.3223441,69.2061706,primary
1522752167,0,41.3280158,69.2134561,primary
1522752167,1,41.3278924,69.2133682,primary
1522752167,2,41.3277677,69.213282,primary
1522752167,3,41.326645,69.2125669,primary
1522752167,4,41.3265575,69.2125098,primary
1522752870,0,41.3296285,69.2150055,primary
1522752870,1,41.3292069,69.2145677,primary
1522752870,2,41.3289325,69.214303,primary
1522752871,0,41.3289325,69.214303,primary
1522752871,1,41.3287149,69.2140932,primary
1522752871,2,41.328568,69.2139528,primary
1522752871,3,41.3284412,69.2138317,primary
1522753804,0,41.3309829,69.2163924,primary
1522753804,1,41.3308134,69.21622,primary
1522753804,2,41.3306781,69.2160855,primary
1522753804,3,41.3304517,69.2158604,primary
1522753804,4,41.3296285,69.2150055,primary
1522753805,0,41.3283594,69.213948,primary
1522753805,1,41.3291376,69.214715,primary
1522753805,2,41.3293183,69.2149028,primary
1522753805,3,41.3296892,69.2152881,primary
1522753805,4,41.3298364,69.215441,primary
1522755793,0,41.3318918,69.2175412,primary
1522755793,1,41.3319315,69.2175812,primary
1522775029,0,41.3362835,69.2220028,primary
1522775029,1,41.3364595,69.2222119,primary
1522775030,0,41.3351368,69.220783,primary
1522775030,1,41.3353779,69.2210267,primary
1522775030,2,41.3354721,69.2211219,primary
1522775030,3,41.3355297,69.2211859,primary
1522775031,0,41.3368257,69.2226635,primary
1522775031,1,41.336928,69.2228007,primary
1522775031,2,41.3371065,69.223054,primary
1522775032,0,41.3364595,69.2222119,primary
1522775032,1,41.3366307,69.222424,primary
1522775032,2,41.3368257,69.2226635,primary
1522775033,0,41.3355297,69.2211859,primary
1522775033,1,41.3359097,69.2215861,primary
1522775033,2,41.3362835,69.2220028,primary
1522775034,0,41.3332584,69.218916,primary
1522775034,1,41.3333757,69.219034,primary
1522775034,2,41.3337932,69.2194461,primary
1522775035,0,41.3342517,69.2196983,primary
1522775035,1,41.3338713,69.2193154,primary
1522775035,2,41.3336605,69.2191046,primary
1522775036,0,41.3356286,69.2210844,primary
1522775036,1,41.3355546,69.2210099,primary
1522775036,2,41.334837,69.2202874,primary
1522775036,3,41.3342517,69.2196983,primary
1522775037,0,41.3366173,69.2221891,primary
1522775037,1,41.3365419,69.2220998,primary
1522775038,0,41.3367813,69.222398,primary
1522775038,1,41.3366173,69.2221891,primary
1522775039,0,41.3372784,69.2230421,primary
1522775039,1,41.3369038,69.2225543,primary
1522775039,2,41.3367813,69.222398,primary
1522775324,0,41.3401715,69.2507934,primary
1522775324,1,41.3404856,69.2496638,primary
1522777539,0,41.3305369,69.2220873,primary
1522777539,1,41.330522,69.222114,primary
1522777539,2,41.3304287,69.2222806,primary
1522778685,0,41.3184158,69.2288583,primary
1522778685,1,41.3186221,69.2284868,primary
1522778685,2,41.3187388,69.2282857,primary
1522780415,0,41.3359225,69.2551426,primary
1522780415,1,41.3362677,69.2554813,primary
1522780415,2,41.3369086,69.2561048,primary
1522780415,3,41.3377205,69.2568404,primary
1522780415,4,41.3377877,69.256899,primary
1522780416,0,41.3356859,69.2549105,primary
1522780416,1,41.3359225,69.2551426,primary
1522781592,0,41.3313156,69.2505677,primary
1522781592,1,41.3317274,69.2509801,primary
1522783043,0,41.3254026,69.2311307,primary
1522783043,1,41.3252142,69.2314639,primary
1522783043,2,41.3251771,69.2315296,primary
1522783043,3,41.3251282,69.2316159,primary
1522924148,0,41.3220903,69.2431544,primary
1522924148,1,41.3221093,69.2428842,primary
1522934635,0,41.3213995,69.2504953,primary
1522934635,1,41.3212307,69.2529789,primary
1522934636,0,41.3218131,69.2445892,primary
1522934636,1,41.3217776,69.2451032,primary
1522934636,2,41.3217191,69.245867,primary
1522934636,3,41.3217048,69.246123,primary
1522934636,4,41.3217011,69.2461892,primary
1522934636,5,41.321698,69.2462441,primary
1523408083,0,41.2932015,69.2213326,primary
1523408083,1,41.2929749,69.2216856,primary
1523408083,2,41.2928466,69.221887,primary
1523408083,3,41.292394,69.222597,primary
1523408083,4,41.2923327,69.2226932,primary
1523408084,0,41.2944632,69.2193495,primary
1523408084,1,41.2943264,69.219576,primary
1523408085,0,41.2963095,69.2164498,primary
1523408085,1,41.296245,69.2165514,primary
1523408085,2,41.2958937,69.2171011,primary
1523408085,3,41.2955392,69.2176624,primary
1523408085,4,41.2951106,69.2183349,primary
1523408085,5,41.2945399,69.2192302,primary
1523408085,6,41.2944632,69.2193495,primary
1523408434,0,41.2934497,69.2213239,primary
1523408434,1,41.2937505,69.2208491,primary
1523408434,2,41.2938716,69.2206581,primary
1523408434,3,41.293911,69.2205975,primary
1523408434,4,41.2940054,69.2204492,primary
1523408434,5,41.2940637,69.2203561,primary
1523408435,0,41.2931142,69.2218493,primary
1523408435,1,41.2931922,69.2217274,primary
1523408435,2,41.2933745,69.2214426,primary
1523408435,3,41.2934497,69.2213239,primary
1523409984,0,41.283036,69.2374507,primary
1523409984,1,41.2828494,69.2377491,primary
1523409984,2,41.2828223,69.2377924,primary
1523409984,3,41.2827833,69.2378536,primary
1523409984,4,41.2827333,69.2379326,primary
1523411928,0,41.3399028,69.2316324,primary
1523411928,1,41.3395189,69.2318327,primary
1523411928,2,41.3394879,69.2318446,primary
1523411928,3,41.3391496,69.2320063,primary
1523411929,0,41.3391496,69.2320063,primary
1523411929,1,41.3380848,69.2325642,primary
1523411930,0,41.3409932,69.2310793,primary
1523411930,1,41.3408035,69.2311749,primary
1523411930,2,41.3406458,69.2312548,primary
1523411930,3,41.3404818,69.2313379,primary
1523411930,4,41.3404062,69.2313766,primary
1523419608,0,41.282452,69.2386971,primary
1523419608,1,41.2825967,69.2384733,primary
1523419608,2,41.282684,69.2383329,primary
1523420179,0,41.2818302,69.2396579,primary
1523420179,1,41.2820428,69.2393303,primary
1523420179,2,41.282452,69.2386971,primary
1523433667,0,41.3347705,69.2339075,primary
1523433667,1,41.3342453,69.2340088,primary
1523433667,2,41.3340878,69.2340392,primary
1523433667,3,41.3340131,69.2340536,primary
1523433667,4,41.3335841,69.2341371,primary
1523433668,0,41.3358761,69.2336939,primary
1523433668,1,41.3355617,69.2337546,primary
1523433669,0,41.3364633,69.2333924,primary
1523433669,1,41.3364612,69.2333935,primary
1523433670,0,41.3355617,69.2337546,primary
1523433670,1,41.335175,69.2338293,primary
1523433670,2,41.3350662,69.2338503,primary
1523433670,3,41.3347705,69.2339075,primary
1523433671,0,41.3370256,69.2331036,primary
1523433671,1,41.3364633,69.2333924,primary
1523433672,0,41.3364612,69.2333935,primary
1523433672,1,41.3361333,69.2335619,primary
1523433672,2,41.3359905,69.2336352,primary
1523433672,3,41.3359155,69.2336737,primary
1523433672,4,41.3358761,69.2336939,primary
1523442091,0,41.3303473,69.2347697,primary
1523442091,1,41.3301418,69.2348104,primary
1523442091,2,41.3299351,69.2348582,primary
1523442091,3,41.3297765,69.2349279,primary
1523442091,4,41.3296946,69.2349748,primary
1523442091,5,41.3295693,69.235062,primary
1523442092,0,41.3335841,69.2341371,primary
1523442092,1,41.3332404,69.2342039,primary
1523442092,2,41.3329488,69.2342596,primary
1523442093,0,41.2683743,69.2139999,trunk
1523442093,1,41.2682653,69.2141679,trunk
1523442093,2,41.2670488,69.2160437,trunk
1523442094,0,41.2664879,69.2169085,trunk
1523442094,1,41.2660885,69.2175243,trunk
1523442094,2,41.2660535,69.2175785,trunk
1523442094,3,41.2659694,69.2177086,trunk
1523442538,0,41.2670488,69.2160437,trunk
1523442538,1,41.2666221,69.2167016,trunk
1523442538,2,41.2664879,69.2169085,trunk
1523443658,0,41.2624686,69.2236794,trunk
1523443658,1,41.2630214,69.2228732,trunk
1523443658,2,41.2630664,69.2228075,trunk
1523443659,0,41.2621799,69.2241107,trunk
1523443659,1,41.2624686,69.2236794,trunk
1523444147,0,41.3295693,69.235062,primary
1523444147,1,41.3294143,69.2354427,primary
1523444148,0,41.3298982,69.2340437,primary
1523444148,1,41.3297448,69.2345185,primary
1523444148,2,41.3297118,69.2346209,primary
1523444148,3,41.3295693,69.235062,primary
1523444149,0,41.3302589,69.233344,primary
1523444149,1,41.3303948,69.23307,primary
1523444149,2,41.3304236,69.2330118,primary
1523444149,3,41.3304518,69.2329551,primary
1523444149,4,41.3305302,69.2328165,primary
1523444150,0,41.3299478,69.2341428,primary
1523444150,1,41.330122,69.2336631,primary
1523444150,2,41.3302589,69.233344,primary
1523445414,0,41.2628271,69.2229435,trunk
1523445414,1,41.2623813,69.2236015,trunk
1523445414,2,41.2623042,69.223718,trunk
1523481177,0,41.3239878,69.259736,primary
1523481177,1,41.3239417,69.2602619,primary
1523481178,0,41.3243112,69.2562723,primary
1523481178,1,41.3242502,69.2567754,primary
1523481178,2,41.3242098,69.2571922,primary
1523481178,3,41.3241456,69.2579284,primary
1523481178,4,41.3239935,69.2596712,primary
1523481178,5,41.3239878,69.259736,primary
1523482842,0,41.269011,69.2458363,primary
1523482842,1,41.2689851,69.2458404,primary
1523482842,2,41.2688731,69.2458579,primary
1523482842,3,41.268794,69.2458702,primary
1523482842,4,41.2687323,69.2458799,primary
1523486762,0,41.3207637,69.2617166,primary
1523486762,1,41.3207895,69.2613489,primary
1523486762,2,41.3207975,69.261235,primary
1523486763,0,41.3205822,69.264343,primary
1523486763,1,41.3206337,69.2635952,primary
1523486763,2,41.3206621,69.2631817,primary
1523486763,3,41.3207211,69.2623244,primary
1523486763,4,41.3207637,69.2617166,primary
1523589027,0,41.2924305,69.2229188,primary
1523589027,1,41.2925197,69.222778,primary
1523589027,2,41.292671,69.2225438,primary
1523589780,0,41.292671,69.2225438,primary
1523589780,1,41.2929861,69.2220493,primary
1523589780,2,41.2931142,69.2218493,primary
1523592508,0,41.3115558,69.2532922,primary
1523592508,1,41.3114513,69.2532784,primary
1523593677,0,41.2986877,69.2494525,primary
1523593677,1,41.2982578,69.2496181,primary
1523593677,2,41.2981897,69.2496443,primary
1523593677,3,41.2980026,69.2497189,primary
1523593677,4,41.2977654,69.2498077,primary
1523593677,5,41.2972924,69.2499899,primary
1523593677,6,41.2970495,69.2500599,primary
1523593678,0,41.2998097,69.2490204,primary
1523593678,1,41.2987194,69.2494413,primary
1523593678,2,41.2986877,69.2494525,primary
1523594403,0,41.2944256,69.2506252,primary
1523594403,1,41.2943348,69.2506382,primary
1523594403,2,41.294254,69.2506453,primary
1523601905,0,41.2618571,69.2544466,primary
1523601905,1,41.2620022,69.2546681,primary
1523601905,2,41.2620546,69.2547481,primary
1523601905,3,41.2620746,69.2547788,primary
1523601905,4,41.2621877,69.2549973,primary
1523601906,0,41.2622801,69.2549032,primary
1523601906,1,41.2621956,69.2547609,primary
1523601906,2,41.261935,69.254322,primary
1523601907,0,41.2608721,69.2539971,primary
1523601907,1,41.2600338,69.254857,primary
1523986907,0,41.3210255,69.258031,primary
1523986907,1,41.321032,69.2579405,primary
1523986907,2,41.3210792,69.2572839,primary
1523986907,3,41.3210813,69.2572598,primary
1523986908,0,41.3209848,69.2585971,primary
1523986908,1,41.3210255,69.258031,primary
1523993017,0,41.2703767,69.2646467,trunk
1523993017,1,41.270265,69.2643469,trunk
1523993017,2,41.2700091,69.2636606,trunk
1523993017,3,41.2698843,69.2633258,trunk
1524006213,0,41.3198884,69.2676612,primary
1524006213,1,41.3199087,69.2675546,primary
1524018645,0,41.3243326,69.2731573,primary
1524018645,1,41.3233442,69.2728845,primary
1524018645,2,41.3232921,69.2728702,primary
1524018645,3,41.323047,69.2728022,primary
1524022634,0,41.322267,69.279271,primary
1524022634,1,41.3224761,69.2775089,primary
1524022634,2,41.3224912,69.2773812,primary
1524022635,0,41.3227701,69.275166,primary
1524022635,1,41.3229439,69.2737856,primary
1524022635,2,41.3230106,69.2732556,primary
1524022635,3,41.3230223,69.2731627,primary
1524022635,4,41.3230523,69.2729383,primary
1524030714,0,41.3178661,69.281318,primary
1524030714,1,41.3181654,69.281381,primary
1524030714,2,41.3182574,69.2814004,primary
1524030715,0,41.318629,69.2812613,primary
1524030715,1,41.3180768,69.2811438,primary
1524030715,2,41.3178913,69.2811033,primary
1524030716,0,41.3178913,69.2811033,primary
1524030716,1,41.3177939,69.2810821,primary
1524030716,2,41.3170778,69.280928,primary
1524030716,3,41.3169946,69.2809102,primary
1524030716,4,41.3168464,69.2808784,primary
1524044435,0,41.3127327,69.2787951,primary
1524044435,1,41.3125851,69.2787215,primary
1524046914,0,41.310243,69.2786623,primary
1524046914,1,41.3101081,69.2790315,primary
1524053057,0,41.3074248,69.2790193,primary
1524053057,1,41.3075343,69.2790431,primary
1524053058,0,41.3082546,69.2790661,primary
1524053058,1,41.3081323,69.2790383,primary
1524053058,2,41.3079023,69.2789889,primary
1524160772,0,41.2845116,69.2787107,trunk
1524160772,1,41.2846038,69.2785179,trunk
1524165085,0,41.2863671,69.2800946,trunk
1524165085,1,41.286286,69.2802748,trunk
1524171006,0,41.2844773,69.2524375,primary
1524171006,1,41.2844228,69.2523771,primary
1524171007,0,41.2850364,69.253056,primary
1524171007,1,41.2844773,69.2524375,primary
1524177779,0,41.2904146,69.2736898,primary
1524177779,1,41.2897022,69.2744277,primary
1524177779,2,41.2896565,69.274475,primary
1524177779,3,41.2895001,69.274637,primary
1524282943,0,41.3096188,69.3053483,trunk
1524282943,1,41.3097212,69.3054848,trunk
1524282943,2,41.3098438,69.3056379,trunk
1524282943,3,41.3100147,69.3058438,trunk
1524282943,4,41.3100495,69.305879,trunk
1524282943,5,41.3100843,69.3059142,trunk
1524282943,6,41.3101377,69.3059674,trunk
1524282944,0,41.3075987,69.302137,trunk
1524282944,1,41.3080037,69.302823,trunk
1524282944,2,41.3081559,69.3030684,trunk
1524282944,3,41.3084382,69.3035384,trunk
1524282944,4,41.3084587,69.3035739,trunk
1524282944,5,41.3090462,69.30451,trunk
1524282944,6,41.3092282,69.3048128,trunk
1524282944,7,41.3094045,69.3050462,trunk
1524282944,8,41.3094852,69.3051704,trunk
1524282944,9,41.3096188,69.3053483,trunk
1524285224,0,41.292605,69.2800039,primary
1524285224,1,41.292639,69.279965,primary
1524285224,2,41.2926895,69.2799072,primary
1524285224,3,41.2928008,69.2797878,primary
1524285225,0,41.2919888,69.2808068,primary
1524285225,1,41.2920774,69.2806634,primary
1524285225,2,41.2921509,69.2805551,primary
1524285225,3,41.2922331,69.280443,primary
1524285225,4,41.292605,69.2800039,primary
1524290742,0,41.3144218,69.2536903,primary
1524290742,1,41.3142355,69.2536657,primary
1524291035,0,41.3142355,69.2536657,primary
1524291035,1,41.3136313,69.2535921,primary
1524291770,0,41.3114397,69.2535432,primary
1524291770,1,41.31176,69.2535823,primary
1524302349,0,41.3309844,69.2838624,primary
1524302349,1,41.3306386,69.2837901,primary
1524307280,0,41.3296858,69.2835911,primary
1524307280,1,41.32958,69.2835688,primary
1524307281,0,41.3306386,69.2837901,primary
1524307281,1,41.3305013,69.2837614,primary
1524316766,0,41.3325844,69.3126034,trunk
1524316766,1,41.3342002,69.311775,trunk
1524316767,0,41.3303214,69.3137445,trunk
1524316767,1,41.330856,69.3134609,trunk
1524316767,2,41.3315716,69.3131125,trunk
1524317013,0,41.3213068,69.3123704,trunk
1524317013,1,41.3217481,69.3125056,trunk
1524317457,0,41.3241982,69.3185543,primary
1524317457,1,41.3241208,69.3182924,primary
1524317457,2,41.3239701,69.3178401,primary
1524317457,3,41.3239266,69.3177142,primary
1524317457,4,41.3238919,69.3176142,primary
1524319700,0,41.311084,69.2591593,primary
1524319700,1,41.3110817,69.2592236,primary
1524320832,0,41.3182986,69.3134084,primary
1524320832,1,41.3183423,69.3132902,primary
1524320833,0,41.3182488,69.3131982,primary
1524320833,1,41.3182025,69.313341,primary
1524321639,0,41.3051373,69.2653786,primary
1524321639,1,41.3050382,69.2655734,primary
1524321640,0,41.3055381,69.2637425,primary
1524321640,1,41.3053387,69.2645565,primary
1524322248,0,41.3053387,69.2645565,primary
1524322248,1,41.3051373,69.2653786,primary
1524322804,0,41.3180761,69.313664,primary
1524322804,1,41.3179158,69.3140454,primary
1524322804,2,41.3175792,69.3148427,primary
1524322848,0,41.3041973,69.2654302,primary
1524322848,1,41.3041158,69.2654328,primary
1524322848,2,41.3039824,69.2654423,primary
1524322848,3,41.3038472,69.2654578,primary
1524322848,4,41.3036657,69.2654863,primary
1524322848,5,41.3035333,69.2655111,primary
1524322848,6,41.3033999,69.2655415,primary
1524322848,7,41.3032465,69.2655874,primary
1524322848,8,41.3031135,69.2656309,primary
1524322848,9,41.3029583,69.2656943,primary
1524322848,10,41.3028386,69.2657481,primary
1524322848,11,41.3027133,69.2658048,primary
1524322848,12,41.3025818,69.2658744,primary
1524322848,13,41.3024892,69.26593,primary
1524322848,14,41.3023974,69.2659888,primary
1524322848,15,41.3023359,69.2660361,primary
1524322849,0,41.3046286,69.2654296,primary
1524322849,1,41.3044145,69.2654287,primary
1524322849,2,41.3043055,69.2654266,primary
1524322849,3,41.3041973,69.2654302,primary
1524327387,0,41.3076302,69.3000333,primary
1524327387,1,41.3076436,69.2999084,primary
1524327387,2,41.3076511,69.2995962,primary
1524327387,3,41.3076458,69.2994401,primary
1524327388,0,41.3076458,69.2994401,primary
1524327388,1,41.3076278,69.2992804,primary
1524327388,2,41.3076073,69.2991468,primary
1524327388,3,41.3075652,69.2989327,primary
1524327388,4,41.3075428,69.2988186,primary
1524330073,0,41.3069965,69.2952488,primary
1524330073,1,41.3070099,69.2949647,primary
1524330073,2,41.307015,69.2949012,primary
1524330074,0,41.3069994,69.2956227,primary
1524330074,1,41.3069982,69.295412,primary
1524330074,2,41.3069965,69.2952488,primary
1524330075,0,41.3071589,69.2968627,primary
1524330075,1,41.3070583,69.2963092,primary
1524330075,2,41.307039,69.2961968,primary
1524330075,3,41.307029,69.2961175,primary
1524330075,4,41.3070209,69.2960381,primary
1524330075,5,41.307013,69.2959459,primary
1524330075,6,41.3070069,69.2958537,primary
1524330075,7,41.3070041,69.2957812,primary
1524330075,8,41.3069996,69.2956676,primary
1524330075,9,41.3069994,69.2956227,primary
1524336711,0,41.320958,69.2875129,primary
1524336711,1,41.3210167,69.2871061,primary
1524336711,2,41.3210879,69.2865451,primary
1524336712,0,41.3199504,69.290612,primary
1524336712,1,41.3200104,69.2904909,primary
1524336712,2,41.320116,69.2902921,primary
1524336712,3,41.3202152,69.2900959,primary
1524336712,4,41.3202765,69.289972,primary
1524336712,5,41.3203339,69.2898423,primary
1524336713,0,41.3203339,69.2898423,primary
1524336713,1,41.3205169,69.289366,primary
1524336713,2,41.3206132,69.2890817,primary
1524336713,3,41.3206888,69.2888377,primary
1524336713,4,41.3207578,69.2885927,primary
1524336713,5,41.3208058,69.2883866,primary
1524336713,6,41.3208678,69.2880567,primary
1524336713,7,41.3208787,69.2880096,primary
1524336713,8,41.320958,69.2875129,primary
1524336940,0,41.3194517,69.2913394,primary
1524336940,1,41.3195893,69.2911703,primary
1524336940,2,41.3198337,69.2907948,primary
1524336940,3,41.3199504,69.290612,primary
1524350876,0,41.3083712,69.2888793,primary
1524350876,1,41.3082965,69.2890937,primary
1524350876,2,41.3081056,69.2897101,primary
1524351287,0,41.3097961,69.2844755,primary
1524351287,1,41.3097777,69.2845429,primary
1524362453,0,41.3024497,69.2784892,primary
1524362453,1,41.3015713,69.2771558,primary
1524362454,0,41.3028804,69.2791324,primary
1524362454,1,41.3028171,69.2790381,primary
1524362454,2,41.3025831,69.2786918,primary
1524362454,3,41.3024497,69.2784892,primary
1524366188,0,41.2670816,69.3665672,trunk
1524366188,1,41.2671342,69.3666451,trunk
1524366188,2,41.2672681,69.3668633,trunk
1524745095,0,41.3468803,69.3248281,primary
1524745095,1,41.3467877,69.3249831,primary
1524745095,2,41.3466159,69.3252742,primary
1524745096,0,41.3470839,69.3244925,primary
1524745096,1,41.3469411,69.3247343,primary
1524745096,2,41.3468803,69.3248281,primary
1524745097,0,41.3468674,69.3250695,primary
1524745097,1,41.346966,69.3249097,primary
