lat,lon,name
51.99102783203125,70.93485260009766,"КГУ ""Общеобразовательная школа №1 имени Исакова П.М. Героя Советского Союза города Акколь"""
51.997615814208984,71.08023071289062,"КГУ ""Школа- детский сад им. Горького"""
51.906715393066406,69.85472869873047,КГУ «Основная школа села Воробьевка»
52.282615661621094,70.08897399902344,КГУ «Основная средняя школа села Иванковка»
52.08107376098633,69.98456573486328,КГУ «Основная средняя школа села Новодонецкое»
52.387027740478516,70.39513397216797,КГУ «Основная средняя школа села Тастыозек»
52.549217224121094,70.26998138427734,КГУ «Начальная школа села Байсуат»
51.075218200683594,71.75286865234375,"КГУ ""Общеобразовательная школа села Жибек жолы"""
52.51778030395508,71.6521224975586,"КГУ ""Общеобразовательная  школа села Кырык кудык"""
52.69834899902344,69.99171447753906,"КГУ ""Общеобразовательная школа села Урумкай"""
52.65662384033203,69.86727142333984,"КГУ ""Общеобразовательная школа села Успеноюрьевка"""
53.06589889526367,70.32308959960938,"КГУ ""Общеобразовательная школа села Окжетпес"""
53.27189636230469,70.4945297241211,"КГУ ""Основная средняя школа имени Наурызбай батыра"""
53.06684112548828,70.08587646484375,"КГУ  ""Общеобразовательная школа села Акылбай"""
53.190025329589844,70.08824920654297,"КГУ ""Общеобразовательная школа имени Абылайхана села Кызылагаш"""
53.08628845214844,70.30135345458984,"КГУ ""Общеобразовательная школа имени Сакена Сейфуллина поселка Бурабай"""
53.10478591918945,70.35452270507812,"КГУ ""Школа-гимназия села Зеленый бор"""
52.9384765625,70.20970916748047,"КГУ ""Школа-гимназия № 1 города Щучинск отдела образования по Бурабайскому району управления образования Акмолинской области"""
52.939510345458984,70.18659973144531,"КГУ ""Общеобразовательная школа № 2 города Щучинск отдела образования по Бурабайскому району управления образования Акмолинской области"""
51.98540115356445,70.5457763671875,"КГУ  ""Основная средняя  школа села Амангелдьды"""
52.93166732788086,70.19654846191406,"КГУ ""Общеобразовательная школа №3 имени П.И.Морозова города Щучинск отдела образования по Бурабайскому району управления образования Акмолинской области"""
52.96103286743164,70.15676879882812,"КГУ ""Общеобразовательная школа № 4 города Щучинск отдела образования по Бурабайскому району управления образования Акмолинской области"""
52.921871185302734,70.16311645507812,"КГУ ""Общеобразовательная школа № 5 города Щучинск отдела образования по Бурабайскому району управления образования Акмолинской области"""
52.95634841918945,70.25968170166016,"КГУ ""Общеобразовательная школа № 6 города Щучинск отдела образования по Бурабайскому району управления образования Акмолинской области"""
52.92510986328125,70.18241882324219,"КГУ ""Школа-гимназия № 8 города Щучинск отдела образования по Бурабайскому району управления образования Акмолинской области"""
52.94138717651367,70.1927490234375,"КГУ ""Школа-гимназия № 9 города Щучинск отдела образования по Бурабайскому району управления образования Акмолинской области"""
52.924991607666016,70.18363189697266,"КГУ ""Школа-интернат № 10 города Щучинск отдела образования по Бурабайскому району управления образования Акмолинской области"""
52.685611724853516,70.27228546142578,"КГУ ""Основная средняя школа села Каражар"""
52.47869873046875,69.32620239257812,"КГУ ""Основная средняя школа села Карабулак"""
52.33211898803711,70.78382873535156,КГУ «Начальная школа села Жанаталап»
52.28474807739258,71.18992614746094,"КГУ ""Школа - детский сад имени Кирдищева села Жалгызкарагай"""
52.48303985595703,70.23355865478516,КГУ «Начальная школа-детский сад села Купчановка»
53.102020263671875,69.85916900634766,"КГУ ""Общеобразовательная школа имени Сатпаева села Кенесары"""
52.603050231933594,69.49351501464844,"КГУ ""Общеобразовательная школа села Веденовка"""
53.022727966308594,69.9546890258789,"КГУ ""Общеобразовательная школа села Баянбай"""
52.948909759521484,70.42300415039062,"КГУ ""Общеобразовательная школа имени Досова села Катарколь"""
52.09620666503906,71.53028869628906,"КГУ "" Общеобразовательная школа села Азат"""
52.86038589477539,69.94454956054688,"КГУ ""Общеобразовательная школа села Златополье"""
52.72105026245117,70.24797821044922,"КГУ ""Общеобразовательная школа села Атамекен"""
52.84564971923828,70.08941650390625,"КГУ ""Общеобразовательная школа села Карашилик"""
52.600677490234375,70.08203125,"КГУ ""Основная средняя школа села Киндыккарагай"""
53.036048889160156,70.6322250366211,"КГУ ""Общеобразовательная школа имени Есмагамбета Исмаилова села Мадениет"""
52.47320556640625,69.6097412109375,"КГУ ""Общеобразовательная школа имени Героя Советского Союза А.С. Куницы села Николаевка"""
52.76925277709961,69.68667602539062,"КГУ  ""Основная средняя школа села Обалы отдела образования по Бурабайскому району управления образования Акмолинской области"""
51.81793212890625,68.35623168945312,"КГУ ""ОШ №7 г. Атбасар"""
53.12123489379883,70.58636474609375,"КГУ ""Начальная школа села Жанаталап"""
51.84972381591797,71.2477035522461,"КГУ ""Школа - детский сад села Новорыбинка"""
51.87425994873047,70.95465087890625,"КГУ ""Школа - детский сад имени С. Нурмагамбетова села Енбек"""
53.19815444946289,70.23773956298828,"КГУ ""Начальная школа села Карабаур"""
51.286983489990234,72.0948257446289,"КГУ ""Основная средняя школа № 1 села Булаксай отдела образования по Аршалынскому району управления образования Акмолинской области"""
52.72270965576172,69.97885131835938,"КГУ ""Основная средняя школа села Дмитриевка"""
52.87247085571289,70.4383544921875,"КГУ ""Начальная школа села Сосновка"""
53.1346549987793,70.48574829101562,"КГУ ""Начальная школа села Кымызнай"""
51.97951126098633,71.46528625488281,"КГУ ""Основная средняя школа школа имени Айтпая Кусаинова села Кара-Озек"""
52.78678894042969,70.08975982666016,"КГУ ""Начальная школа села Курнекты"""
51.110687255859375,68.95708465576172,"КГУ ""Общеобразовательная школа села Коржынколь отдела образования по Егиндыкольскому району управления образования Акмолинской области"""
51.05021667480469,69.47727966308594,"КГУ ""Общеобразовательная школа №1 села Егиндыколь отдела образования по Егиндыкольскому району управления образования Акмолинской области"""
51.04833984375,69.47760772705078,"КГУ ""Общеобразовательная школа № 2 села Егиндыколь отдела образования по Егиндыкольскому району управления образования Акмолинской области"""
51.110416412353516,68.91173553466797,"КГУ ""Общеобразовательная школа села Бауманское отдела образования по Егиндыкольскому району управления образования Акмолинской области"""
50.961753845214844,69.43895721435547,"КГУ ""Общеобразовательная школа села Спиридоновка отдела образования по Егиндыкольскому району управления образования Акмолинской области"""
51.95702362060547,66.41956329345703,КГУ «Общеобразовательная школа № 3»
51.809207916259766,68.34928894042969,"КГУ ""ОШ №8 г. Атбасар"""
51.20287322998047,72.1835708618164,"КГУ ""Общеобразовательная школа № 2 села Сарыоба"""
51.98002243041992,68.53439331054688,"КГУ ""ОШ с. Покровка"""
52.161903381347656,72.5276107788086,"КГУ ""Общеобразовательная школа села Байқоныс"""
51.653690338134766,68.19844055175781,"КГУ ""ОШ с. Сергеевка"""
52.02743148803711,68.34657287597656,"КГУ ""ОШ с. Новосельское"""
51.89167404174805,68.53263854980469,"КГУ  ""ОШ с. Борисовка"""
50.99289321899414,68.69562530517578,"КГУ ""ОШ с. Есенгельды"""
51.63729476928711,68.24327850341797,"КГУ ""ОШ с. Акана Курманова"""
51.69699478149414,68.42533111572266,"КГУ  ""ОШ с. Тимашевка"""
52.097999572753906,68.30825805664062,"КГУ  ""ОШ с. Шуйское"""
50.99814224243164,68.15853881835938,"КГУ ""ОШ с. Сочинское"""
51.891380310058594,66.7867431640625,КГУ «Общеобразовательная школа села Красивое»
52.06996536254883,68.60415649414062,"КГУ ""ОШ с. Полтавка"""
51.19682693481445,68.29798126220703,"КГУ ""ОШ с. Сепе"""
52.18605422973633,70.68506622314453,"КГУ ""Общеобразовательная школа села Орнек"""
51.73411560058594,68.59236145019531,"КГУ ""ОШ с. Тельмана"""
51.785736083984375,69.14824676513672,"КГУ  ""ОШ №1 с. Мариновка"""
51.00448226928711,71.37251281738281,КГУ «Общеобразовательная школа №2 города Косшы»
51.78681945800781,68.84912109375,"КГУ ""ОШ №1 с. Бастау"""
51.7867431640625,68.8435287475586,"КГУ ""ОШ №2 с. Бастау"""
51.744998931884766,66.32083892822266,КГУ «Общеобразовательная школа села Курское»
51.78965759277344,69.16331481933594,"КГУ ""ОШ №2 с. Мариновка"""
51.69221878051758,68.52203369140625,"КГУ ""ОСШ с. Родионовка"""
51.87981033325195,68.39736938476562,"КГУ  ""ОСШ с. Садовое"""
51.770545959472656,69.0461196899414,"КГУ ""ОСШ с. Бейс-Хазрет"""
52.12845993041992,70.35259246826172,"КГУ ""Школа- детский сад села Наумовка"""
51.40656280517578,68.4323959350586,"КГУ ""ОСШ с. Ново-Мариновка"""
51.795005798339844,68.95919036865234,"КГУ ""ОСШ ст. Адыр"""
51.60295486450195,68.03273010253906,"КГУ ""ОСШ с. Самарка"""
52.04757308959961,68.64722442626953,"КГУ ""НШ с. Титовка"""
51.1247444152832,71.21572875976562,КГУ «Общеобразовательная школа №2 села Караоткель»
51.693511962890625,68.3745346069336,"КГУ ""НШ с. Магдалиновка"""
51.97938537597656,70.9631576538086,"КГУ "" Общеобразовательная  школа № 2 г. Акколь"""
52.63350296020508,70.41410064697266,КГУ «Школа-лицей имени Балуана Шолака города Макинск отдела образования по Буландынскому району управление образования Акмолинской области»
52.62225341796875,70.4324951171875,КГУ «Школа-гимназия города Макинск отдела образования  по Буландынскому району управления образования  Акмолинской области»
53.337059020996094,69.43023681640625,КГУ «Общеобразовательная школа № 22 города Кокшетау»
52.63470458984375,70.42462158203125,КГУ «Общеобразовательная школа №1»
52.64799118041992,70.42770385742188,КГУ «Школа-лицей города Макинск»
52.632320404052734,70.40275573730469,КГУ «Общеобразовательная школа № 2»
52.397972106933594,70.64173889160156,КГУ «Общеобразовательная школа села Алтынды»
51.863319396972656,69.6863784790039,КГУ «Общеобразовательная школа села Айнаколь»
52.40645980834961,70.23763275146484,КГУ «Общеобразовательная школа села Вознесенка»
52.481449127197266,69.83069610595703,КГУ «Основная средняя  школа села Гордеевка»
51.94419479370117,69.95401763916016,КГУ «Общеобразовательная школа села Журавлевка»
52.08274459838867,71.27201080322266,"КГУ ""Общеобразовательная школа села Кенес"""
52.17961502075195,70.12796020507812,КГУ «Общеобразовательная школа села Капитоновка»
52.58717727661133,70.26616668701172,КГУ «Общеобразовательная школа села Караозек»
52.261207580566406,70.58992767333984,КГУ «Общеобразовательная школа № 2 села Никольское»
52.04536056518555,69.60029602050781,КГУ «Общеобразовательная школа села Новобратское»
52.358848571777344,69.62857055664062,КГУ «Общеобразовательная школа села Отрадное»
52.177730560302734,69.6522445678711,КГУ «Общеобразовательная школа села Партизанка»
52.40077209472656,70.02404022216797,КГУ «Общеобразовательная школа села Токтамыс»
52.34320831298828,69.80032348632812,КГУ «Общеобразовательная школа села Шубарагаш»
51.10701370239258,69.76289367675781,"КГУ ""Общеобразовательная школа села Полтавское отдела образования по Егиндыкольскому району управления образования Акмолинской области"""
52.08120346069336,71.0032958984375,"КГУ "" Основная  средняя школа с.Барап"""
50.9457893371582,69.91716003417969,"КГУ ""Общеобразовательная школа села Узунколь отдела образования по Егиндыкольскому району управления образования Акмолинской области"""
51.16675567626953,69.78787994384766,"КГУ ""Основная средняя школа села Коркем отдела образования по Егиндыкольскому району управления образования Акмолинской области"""
51.92074966430664,66.37393951416016,КГУ «Общеобразовательная школа села Аксай»
52.12892532348633,66.2158203125,КГУ «Общеобразовательная школа села Знаменка»
51.6276741027832,66.42431640625,КГУ «Общеобразовательная школа села Двуречное»
52.07300567626953,66.06016540527344,КГУ «Основная средняя школа села Жаныспай»
52.22713851928711,66.36050415039062,КГУ «Общеобразовательная школа села Заречное»
51.261451721191406,72.1159439086914,"КГУ ""Общеобразовательная школа №1 станции Сары-Оба"""
52.016605377197266,66.40409088134766,КГУ «Основная средняя школа имени Ыбырая Алтынсарина»
52.24698257446289,66.5265121459961,КГУ «Начальная школа села Калачи»
51.7492790222168,65.95841217041016,КГУ «Общеобразовательная школа села Караколь»
52.04881286621094,66.08272552490234,КГУ «Общеобразовательная школа села Ковыльное»
51.639442443847656,66.77690124511719,КГУ «Общеобразовательная школа села Орловка»
53.10334014892578,71.15660095214844,"КГУ ""Основная средняя школа села Заозерный"""
52.814701080322266,71.6819839477539,"КГУ ""Основная средняя школа села Алга"""
52.919490814208984,70.606689453125,"КГУ ""Начальная школа села Жукей"""
51.285194396972656,72.09050750732422,"КГУ ""Общеобразовательная школа № 2 имени Абая села Булаксай"""
52.40329360961914,70.67717742919922,"КГУ ""Начальная школа села Каратал"""
51.9141731262207,67.32684326171875,"КГУ ""Общеобразовательная школа № 2 села Жаксы"""
51.611297607421875,67.42207336425781,"КГУ ""Общеобразовательная школа села Запорожье"""
51.39268112182617,67.12757110595703,"КГУ ""Общеобразовательная школа села Ишимское"""
51.59238052368164,67.57681274414062,"КГУ ""Общеобразовательная школа имени Губайдуллы Абдрахманова села Жана Кийма"""
51.9112663269043,67.29966735839844,"КГУ ""Общеобразовательная школа № 1 села Жаксы"""
52.09992980957031,67.462158203125,"КГУ ""Общеобразовательная школа села Новокиенка"""
51.081764221191406,71.7503433227539,"КГУ ""Общеобразовательная школа имени Иманжусупа Кутпанулы села Жибек жолы"""
51.8426399230957,67.37645721435547,"КГУ ""Общеобразовательная школа села Белагаш"""
51.26675796508789,67.22014617919922,"КГУ ""Основная средняя школа села Терсакан"""
52.790870666503906,70.28868103027344,"КГУ ""Основная средняя школа села Жасыл"""
52.831363677978516,69.86870574951172,"КГУ ""Основная средняя школа села Савинка"""
52.105079650878906,66.81170654296875,КГУ «Основная средняя школа села Раздольное»
51.1369743347168,73.09078216552734,"КГУ ""Общеобразовательная школа села Куншалган"""
51.53921127319336,73.81201171875,"КГУ ""Общеобразовательная школа села Бозтал"""
51.694679260253906,73.78653717041016,"КГУ ""Общеобразовательная школа села Уленты"""
51.8269157409668,73.85265350341797,"КГУ ""Основная средняя школа села Ажы"""
50.76262664794922,72.32443237304688,"КГУ ""Общеобразовательная школа села Турген"""
52.49346923828125,73.29399871826172,"КГУ ""Общеобразовательная  школа села Изобильное"""
52.16034698486328,72.73970794677734,"КГУ ""Общеобразовательная школа села Селетинское"""
51.97528076171875,72.64439392089844,"КГУ ""Основная средняя школа села Бестогай"""
51.87456130981445,72.97895050048828,"КГУ ""Основная средняя школа села Жанажол"""
51.65481948852539,73.13626098632812,"КГУ ""Общеобразовательная школа имени Перуаш Кәрімұлы села Малтабар"""
51.61906814575195,73.12841796875,"КГУ ""Основная средняя школа №1 города Ерейментау"""
51.48879623413086,73.01691436767578,"КГУ ""Основная средняя школа села Ельтай"""
51.4213981628418,72.74238586425781,"КГУ ""Основная средняя школа села Енбек"""
50.80715560913086,72.11339569091797,"КГУ ""Общеобразовательная школа села Акбулак"""
51.11220169067383,73.14662170410156,"КГУ ""Начальная школа села Шакей"""
51.96223068237305,72.66149139404297,"КГУ ""Начальная школа села Байсары"""
50.7880859375,66.91429138183594,КГУ «Общеобразовательная школа села Бирсуат»
51.14132308959961,66.66576385498047,КГУ «Основная средняя школа села Тассуат»
50.7273063659668,66.62274932861328,КГУ «Общеобразовательная школа села Тасты-Талды»
51.1107292175293,66.3236083984375,КГУ «Общеобразовательная школа имени Николая Островского»
51.10091018676758,66.31494903564453,КГУ «Общеобразовательная школа имени Надежды Крупской»
51.09054183959961,66.30825805664062,КГУ «Общеобразовательная школа имени Акпана Укубаева»
50.7542839050293,72.20838928222656,"КГУ ""Начальная школа села Актасты"""
51.62405776977539,66.47547149658203,КГУ «Основная средняя школа села Ушкарасу»
51.038246154785156,66.49159240722656,КГУ «Основная средняя школа села Львовское»
50.82141876220703,66.6701431274414,КГУ «Основная средняя школа села Зерноград»
50.48173522949219,67.30350494384766,КГУ «Основная средняя школа села Шойындыколь»
53.407371520996094,69.28816986083984,"КГУ ""Общеобразовательная школа села Конысбай """
52.69668960571289,68.98760986328125,"КГУ ""Общеобразовательная школа села Айдабол"""
53.31588363647461,68.64839172363281,"КГУ ""Основная средняя школа села Акан"""
53.28711700439453,69.61937713623047,"КГУ ""Общеобразовательная школа села Акколь"""
53.14967346191406,69.35157775878906,"КГУ ""Общеобразовательная школа села Акадыр"""
50.96947479248047,71.96332550048828,"КГУ ""Основная средняя школа станции Бабатай"""
53.52633285522461,69.50437927246094,"КГУ ""Общеобразовательная школа №1 поселка Алексеевка"""
53.218624114990234,69.15996551513672,"КГУ ""Общеобразовательная школа села Еликти"""
51.83094024658203,67.91311645507812,"КГУ ""Общеобразовательная школа села Перекатное"""
51.81639862060547,67.92171478271484,"КГУ ""Общеобразовательная школа села Беловодское"""
51.82040023803711,67.43289947509766,"КГУ ""Общеобразовательная школа села Подгорное"
52.2512092590332,67.56885528564453,"КГУ ""Основная средняя школа села Калининское"""
52.305416107177734,67.53851318359375,КГУ «Основная средняя школа села Моховое
51.583675384521484,67.87489318847656,"КГУ ""Основная средняя школа села Алгабас"""
51.99469757080078,70.95137023925781,"КГУ ""Общеобразовательная школа №3 имени Жайыка Бектуров города Акколь"""
50.970577239990234,72.94627380371094,"КГУ ""Основная средняя школа села Белоярка"""
51.443885803222656,67.16536712646484,КГУ «Начальная школа села Монастырка
50.91783142089844,66.47602844238281,КГУ «Общеобразовательная школа села Валиханово»
51.15102005004883,66.33309173583984,КГУ «Общеобразовательная школа села Гастелло»
51.36159133911133,66.5645980834961,КГУ «Основная средняя школа села Тасоткель»
51.327545166015625,66.37619018554688,КГУ «Основная средняя школа села Кенское»
51.212852478027344,66.75862121582031,КГУ «Основная средняя школа села Далабай»
51.37690734863281,66.4835205078125,КГУ «Основная средняя школа села Отрадное»
51.1975212097168,67.04360961914062,КГУ «Основная средняя школа села Кумсуат»
51.4647331237793,66.39839935302734,КГУ «Общеобразовательная школа села Пятигорское»
51.281654357910156,66.0498046875,КГУ «Общеобразовательная школа имени 50 лет Октября»
50.999107360839844,71.83902740478516,"КГУ ""Основная средняя школа села Жалтырколь"""
51.059871673583984,66.32465362548828,КГУ «Общеобразовательная школа имени Абая»
51.113372802734375,66.6751937866211,КГУ «Основная средняя школа села Нахимовка»
51.65207290649414,65.8211669921875,КГУ «Общеобразовательная школа села Интернациональное»
52.02073669433594,66.00643920898438,КГУ «Общеобразовательная школа села Московское»
51.90091323852539,66.214599609375,КГУ «ОСШ села Бузулук»
51.99161148071289,66.57196044921875,КГУ «Общеобразовательная школа села Свободное»
52.002845764160156,66.25225830078125,КГУ «Общеобразовательная школа села Сурган»
51.64653015136719,65.79277038574219,КГУ «Общеобразовательная школа села Юбилейное»
51.94669723510742,66.39915466308594,КГУ «Общеобразовательная школа № 1»
51.960174560546875,66.42404174804688,КГУ «Общеобразовательная школа № 2»
51.095245361328125,72.4399642944336,"КГУ ""Основная средняя школа села Николаевка"""
52.92550277709961,70.20568084716797,"КГУ ""Школа-лицей № 7 города Щучинск отдела образования по Бурабайскому району управления образования Акмолинской области"""
51.958744049072266,66.40332794189453,КГУ «Общеобразовательная школа имени Сайлау Серикова»
52.00123977661133,66.8800277709961,КГУ «Основная средняя школа села Ярославка»
51.802799224853516,66.05667877197266,КГУ «Начальная школа села Речное»
52.51533508300781,70.2573013305664,"КГУ ""Основная средняя школа села Аккайин"""
51.63376998901367,73.09629821777344,"КГУ ""Общеобразовательная школа № 3 города Ерейментау"""
51.904998779296875,66.91805267333984,КГУ «Основная средняя школа села Кумай»
51.615726470947266,73.09333038330078,"КГУ ""Общеобразовательная школа №1 города Ерейментау """
51.62105941772461,73.10086059570312,"КГУ ""Общеобразовательная школа №2 имени Төлеу Шаханова"""
51.616432189941406,73.09696197509766,"КГУ ""Школа-лицей имени Насыра Смагулова города Ерейментау"""
51.07530975341797,72.6117172241211,"КГУ ""Основная средняя школа села Ольгинка"""
51.62103271484375,73.11048889160156,"КГУ ""Школа-лицей имени Бөгенбай батыра города Ерейментау"""
51.7177619934082,72.29339599609375,"КГУ ""Общеобразовательная школа имени Балабека Жахина села Новомарковка"""
51.76178741455078,72.75342559814453,"КГУ ""Общеобразовательная школа села Торгай"""
52.832435607910156,70.78527069091797,"КГУ ""Общеобразовательная школа №1 города Степняк"""
51.2083854675293,71.78955078125,"КГУ ""Основная средняя школа села Костомар"""
52.82392501831055,70.78671264648438,"КГУ ""Общеобразовательная школа № 2 имени Абая"""
52.890586853027344,70.71101379394531,"КГУ ""Общеобразовательная школа села Ульги"""
52.57308578491211,70.59918212890625,"КГУ ""Общеобразовательная школа села Макинка"""
53.13799285888672,70.72869873046875,"КГУ ""Общеобразовательная школа села Андыкожа батыр"""
52.298118591308594,70.86390686035156,КГУ  «Основная средняя школа села Алаколь»
53.229915618896484,70.9021987915039,"КГУ ""Общеобразовательная школа села Ангал батыр"""
53.018489837646484,70.75534057617188,"КГУ ""Общеобразовательная школа села Тасшалкар"""
53.155426025390625,71.49751281738281,"КГУ ""Основная средняя школа села Краснофлотское"""
52.547264099121094,70.76966094970703,"КГУ ""Основная средняя школа села Заураловка"""
52.90719985961914,71.0665512084961,"КГУ ""Общеобразовательная школа села Кенащи"""
52.59553527832031,71.21250915527344,"КГУ ""Основная средняя школа села Мамай"""
50.79128646850586,72.50332641601562,"КГУ ""Основная средняя школа села Шортанды"""
52.676570892333984,70.69310760498047,"КГУ ""Общеобразовательная школа имени Р. Елебаева села Кудукагаш """
52.73622131347656,70.71318817138672,"КГУ ""Общеобразовательная школа имени Ш. Альжанова села Сауле"""
52.766395568847656,71.50801849365234,"КГУ ""Общеобразовательная школа села Енбекшильдерское"""
52.65144729614258,70.4753189086914,"КГУ ""Общеобразовательная школа села Буланды"""
52.483097076416016,70.6476821899414,"КГУ ""Общеобразовательная школа имени Ш. Косшыгулова села Когам"""
52.705142974853516,70.96438598632812,"КГУ ""Общеобразовательная школа села Бирсуат"""
52.86402130126953,70.60021209716797,"КГУ ""Основная средняя школа села Кызылуюм"""
51.2474250793457,71.25399017333984,КГУ «Общеобразовательная школа села Ыбырая Алтынсарина»
50.84225845336914,72.19722747802734,"КГУ ""Начальная школа поселка Аршалы"""
52.468292236328125,70.74185180664062,"КГУ ""Основная средняя школа села Баймырза"""
52.603755950927734,70.6923828125,"КГУ ""Основная средняя школа села Макпал"""
52.514617919921875,72.30486297607422,"КГУ ""Основная средняя школа села Аксу"""
51.26520538330078,71.08512115478516,КГУ «Общеобразовательная школа села Кажымукан»
51.03522872924805,71.0136489868164,"КГУ ""Основная средняя школа села Жанажол"""
51.322242736816406,70.76515197753906,КГУ «Основная средняя школа села Караменды батыра»
52.10004425048828,69.62920379638672,КГУ «Начальная школа села Буденовка»
51.37489318847656,70.86864471435547,"КГУ ""Основная средняя школа станции Косчеку"""
50.98139572143555,71.29893493652344,КГУ «Общеобразовательная школа села Тайтобе»
51.28607177734375,71.64505004882812,КГУ «Общеобразовательная школа №1 села Коянды»
51.5308952331543,69.7836685180664,КГУ «Общеобразовательная школа № 1» села Астраханка
51.58027267456055,71.7073974609375,КГУ «Основная средняя школа села Опан»
50.86220169067383,71.08171081542969,КГУ «Основная средняя школа села Каратумар»
51.27183151245117,70.77531433105469,КГУ «Основная средняя школа села Мортык»
52.699283599853516,69.02606964111328,"КГУ ""Начальная школа села Красиловка"""
53.1041374206543,69.01152801513672,"КГУ ""Начальная школа села Павловка"""
53.167301177978516,69.128662109375,"КГУ ""Основная средняя школа станции Чаглинка"""
53.31055450439453,68.85367584228516,"КГУ ""Начальная школа села Карагай"""
50.5882568359375,70.01457214355469,КГУ «Школа-гимназия села Коргалжын»
51.52817916870117,69.79802703857422,КГУ «Общеобразовательная школа № 2» села Астраханка
52.53443145751953,68.77576446533203,"КГУ ""Общеобразовательная школа № 2 села Балкашино"""
50.583099365234375,70.03019714355469,КГУ «Общеобразовательная школа имени Актана Толеубаева»
53.31960678100586,69.39370727539062,КГУ «IT лицей имени аль-Фараби города Кокшетау »
50.87992858886719,70.55746459960938,КГУ «Общеобразовательная школа имени Усенова села Сабынды отдела образования по Коргалжынскому району управления образования Акмолинской области»
50.58433151245117,69.86598205566406,КГУ «Общеобразовательная школа села Амангельды отдела образования по Коргалжынскому району управления образования Акмолинской области»
52.48334503173828,69.16887664794922,"КГУ ""Основная средняя школа села Белгородское"""
52.34835433959961,68.32421112060547,"КГУ ""Общеобразовательная школа имени Байдалы Уразалина, Героя Социалистического Труда села Веселое"""
52.36948013305664,69.05210876464844,"КГУ ""Общеобразовательная школа села Каменка"""
52.449100494384766,68.08612060546875,"КГУ ""Основная средняя школа имени Нургабулы Малгаждарова села Кызыл-Казахстан"""
52.18280029296875,68.72665405273438,"КГУ ""Общеобразовательная школа села Красная поляна"""
52.09814453125,68.99130249023438,"КГУ ""Общеобразовательная школа села Мадениет"""
52.57612228393555,68.60582733154297,"КГУ ""Общеобразовательная школа села Лесное"""
51.623409271240234,69.82828521728516,"КГУ «Общеобразовательная школа № 1"""
52.4019660949707,68.62310028076172,"КГУ ""Общеобразовательная школа села Максимовка"""
52.73173522949219,68.73919677734375,"КГУ ""Общеобразовательная школа села Новоникольское"""
52.608734130859375,68.83802795410156,"КГУ ""Общеобразовательная школа села Сандыктау"""
52.156646728515625,68.5366439819336,"КГУ ""Основная средняя школа села Спасское"""
52.24265670776367,68.76708221435547,"КГУ ""Основная средняя школа села Богородка"""
52.38942337036133,68.41146087646484,"КГУ  ""Основная средняя школа села Жыланды"""
52.268978118896484,69.26538848876953,КГУ «Основная средняя школа села Васильевка»
52.47751235961914,68.72307586669922,"КГУ ""Основная средняя школа села Петровка"""
52.01427459716797,70.93390655517578,"КГУ ""Общеобразовательная школа №4"""
51.730342864990234,69.39954376220703,КГУ «Общеобразовательная школа села Колутон»
52.31394958496094,68.5926284790039,"КГУ ""Основная средняя школа села Владимировка"""
50.73651885986328,70.61624908447266,КГУ «Общеобразовательная школа села Кенбидаик отдела образования по Коргалжынскому району управления образования Акмолинской области»
50.63624572753906,70.56237030029297,КГУ «Общеобразовательная школа села Арыкты отдела образования по Коргалжынскому району управления образования Акмолинской области»
50.78329849243164,70.15495300292969,КГУ «Общеобразовательная школа села Жантеке отдела образования по Коргалжынскому району управления образования Акмолинской области»
50.406620025634766,69.9218521118164,КГУ «Общеобразовательная школа села Шалкар отдела образования по Коргалжынскому району управления образования Акмолинской области»
50.85233688354492,70.38729858398438,КГУ «Общеобразовательная школа имени Ш.Уалиханова села Караегин отдела образования по Коргалжынскому району управления образования Акмолинской области»
50.65445327758789,70.32855987548828,КГУ «Основная средняя школа села Уялы отдела образования по Коргалжынскому району управления образования Акмолинской области»
50.69694900512695,69.79722595214844,КГУ «Основная средняя школа села Жумай отдела образования по Коргалжынскому району управления образования Акмолинской области»
50.300392150878906,70.04820251464844,КГУ «Основная средняя школа села Ушсарт отдела образования по Коргалжынскому району управления образования Акмолинской области»
51.634727478027344,69.8390121459961,КГУ«Общеобразовательная школа № 2 села Жалтыр»
50.73291015625,69.98717498779297,КГУ «Основная средняя школа» села Майшукур отдела образования по Коргалжынскому району управления образования Акмолинской области»
50.82994079589844,70.51795196533203,КГУ «Начальная школа села Алгабас»
50.85395050048828,70.42546081542969,КГУ «Начальная школа села Садырбай»
52.51370620727539,68.74748992919922,КГУ «Общеобразовательная школа №1 села Балкашино»
52.397430419921875,68.62596130371094,"КГУ ""Основная средняя школа села Баракпай"""
51.29008483886719,70.13545227050781,КГУ «Общеобразовательная школа села Первомайка»
51.94561767578125,67.69622039794922,"КГУ ""Общеобразовательная школа села Тарасовка"
51.58073425292969,67.2843246459961,КГУ «Общеобразовательная школа села Лозовое
52.07412338256836,67.23121643066406,"КГУ ""Общеобразовательная школа села Кировское"""
51.79229736328125,67.04853820800781,"КГУ ""Общеобразовательная школа села Чапаевское"""
51.58683395385742,67.55900573730469,КГУ «Общеобразовательная школа имени Кабдеша Шардагуловича Ускенбаева села Кийма
52.1672477722168,68.68819427490234,"КГУ ""Начальная школа села Петриковка"""
52.483333587646484,69.23075866699219,"КГУ ""Начальная школа села Раздольное"""
51.24402618408203,71.16063690185547,КГУ «Общеобразовательная школа села Талапкер»
51.075714111328125,70.9775619506836,КГУ «Общеобразовательная школа села Акмол»
51.426246643066406,69.8759994506836,КГУ «Общеобразовательная школа села Новочеркасское»
51.118282318115234,71.21286010742188,КГУ «Общеобразовательная школа №1 села Караоткель»
51.30379104614258,70.99544525146484,"КГУ ""Общеобразовательная школа села Арайлы"""
51.338802337646484,71.1019515991211,КГУ «Общеобразовательная школа села Ынтымак»
51.315330505371094,70.90058898925781,КГУ «Общеобразовательная школа села Тонкерис»
51.33022689819336,70.52137756347656,КГУ «Общеобразовательная школа села Акмечеть»
50.97231674194336,71.34781646728516,КГУ «Общеобразовательная школа №1 имени Рахымжана Кошкарбаева»
51.40079879760742,71.6949234008789,КГУ «Общеобразовательная школа села Софиевка»
51.53334426879883,71.94174194335938,КГУ «Общеобразовательная школа села Приречное»
50.68034744262695,71.03600311279297,КГУ «Общеобразовательная школа села Жалгызкудук»
51.80239486694336,70.10482788085938,КГУ «Основная средняя школа села Оксановка»
50.70363235473633,71.1419677734375,КГУ «Общеобразовательная школа села Жарлыколь»
50.74187469482422,70.84557342529297,КГУ «Общеобразовательная школа села Маншук»
50.935264587402344,70.70214080810547,КГУ «Общеобразовательная школа села Оразак»
53.41278076171875,68.59815216064453,"КГУ ""Основная средняя школа села Баратай"""
53.547245025634766,69.23838806152344,"КГУ ""Общеобразовательная школа села Бирлестик"""
52.75470733642578,69.1185073852539,"КГУ ""Общеобразовательная школа села Викторовка"""
53.25769805908203,68.88200378417969,"КГУ ""Общеобразовательная школа села Еленовка"""
52.90412902832031,69.15391540527344,"КГУ ""Общеобразовательная школа № 1 села Зеренда """
52.91572189331055,69.1589584350586,"КГУ ""Общеобразовательная школа №2 села Зеренда"""
52.9130859375,69.14420318603516,"КГУ ""Школа-гимназия имени Малика Габдуллина села Зеренда"""
51.34979248046875,69.94112396240234,КГУ «Начальная школа села Приишимка»
52.60400390625,69.32959747314453,"КГУ ""Общеобразовательная школа села Исаковка"""
53.000160217285156,69.80751037597656,"КГУ ""Общеобразовательная школа села Игилик"""
53.39118194580078,69.6998062133789,"КГУ ""Общеобразовательная школа села Кызылтан"""
53.54887008666992,68.84889221191406,"КГУ ""Общеобразовательная школа села Кызылсая"""
53.57144546508789,69.59162139892578,"КГУ ""Общеобразовательная школа села Оркен"""
53.228538513183594,69.87858581542969,"КГУ ""Общеобразовательная школа села Молодежное"""
52.872623443603516,69.4236831665039,"КГУ ""Основная средняя школа села Ортагаш"""
53.491172790527344,69.93839263916016,"КГУ ""Общеобразовательная школа села Ортак"""
53.211578369140625,68.74821472167969,"КГУ ""Основная средняя школа села Карлыколь"""
52.90713119506836,68.95063781738281,"КГУ ""Общеобразовательная школа села Байтерек"""
51.22377395629883,69.5358657836914,КГУ «Основная средняя школа села Степное»
53.1402473449707,69.04788970947266,"КГУ ""Общеобразовательная школа села Приречное"""
53.6042594909668,69.62549591064453,"КГУ ""Общеобразовательная школа села Озен"""
53.269962310791016,69.23917388916016,"КГУ ""Общеобразовательная школа села Садовое"""
53.53488540649414,69.021240234375,"КГУ ""Общеобразовательная школа села Сейфуллино"""
53.33659362792969,69.0255355834961,"КГУ ""Общеобразовательная школа села Симферопольское"""
53.00966262817383,68.89201354980469,"КГУ ""Основная средняя школа села Троицкое"""
53.56477355957031,69.5364761352539,"КГУ ""Основная средняя школа села Азат """
53.038368225097656,69.14031219482422,"КГУ ""Основная средняя школа села Айдарлы"""
53.35868453979492,68.95437622070312,"КГУ ""Начальная школа села Булак"""
53.4451904296875,69.36759948730469,"КГУ ""Основная средняя школа села Васильковка"""
51.57612228393555,69.61194610595703,КГУ «Основная средняя школа села Таволжанка»
53.4163703918457,69.39290618896484,"КГУ ""Основная средняя школа поселка Гранитный"""
53.44384002685547,69.15848541259766,"КГУ ""Основная средняя школа села Донгулагаш"""
53.296424865722656,68.73775482177734,"КГУ ""Основная средняя школа села Жылымды"""
53.381832122802734,68.82852935791016,"КГУ ""Основная средняя школа села Жолдыбай"""
53.1979866027832,69.21781921386719,"КГУ ""Основная средняя школа села Заречное"""
52.85051345825195,69.30339813232422,"КГУ ""Основная средняя школа села Коктерек"""
52.913421630859375,69.03265380859375,"КГУ ""Основная средняя школа села Красный Кордон"""
52.650516510009766,69.27960205078125,"КГУ ""Основная средняя школа села Костомаровка"""
53.058380126953125,69.00044250488281,"КГУ ""Основная средняя школа села Кеноткель"""
51.518463134765625,69.65576934814453,КГУ «Основная средняя школа села Шиликты»
53.295135498046875,69.71135711669922,"КГУ ""Казахстанская начальная школа"""
52.77183151245117,69.36613464355469,"КГУ ""Основная средняя школа села Кызылегис"""
52.84169006347656,69.54373931884766,"КГУ ""Основная средняя школа села Малые Тюкты"""
53.35677719116211,68.5783462524414,"КГУ ""Основная средняя школа села Уголки"""
53.62300109863281,69.32129669189453,"КГУ ""Начальная школа села Уялы"""
53.09053421020508,69.28416442871094,"КГУ ""Начальная школа села Жанааул """
51.41213607788086,69.30654907226562,КГУ «Основная средняя школа села Булакты»
53.24127960205078,69.62909698486328,"КГУ ""Начальная школа села Ивановка"""
53.661712646484375,69.06456756591797,"КГУ ""Начальная школа села Караозек"""
52.95390319824219,68.8105239868164,"КГУ ""Начальная школа села Карсак"""
51.30326461791992,70.72771453857422,КГУ «Общеобразовательная школа села Жанаесиль»
52.581016540527344,68.19245910644531,"КГУ ""Общеобразовательная школа села Приозёрное"""
51.93687438964844,70.41754150390625,"КГУ  ""Общеобразовательная школа села Урюпинка"""
50.849971771240234,71.36272430419922,КГУ «Общеобразовательная школа села Кабанбай батыра»
50.81578063964844,71.33362579345703,КГУ «Общеобразовательная школа села Рахымжана Кошкарбаева»
51.212921142578125,71.11294555664062,КГУ «Общеобразовательная школа села Нуресиль»
51.274322509765625,70.87459564208984,КГУ «Общеобразовательная школа села Жана Жайнак»
52.462799072265625,71.98121643066406,"КГУ ""Общеобразовательная школа № 1 поселка Аксу"""
52.44084930419922,71.9384765625,"КГУ ""Общеобразовательная  школа № 2 поселка Аксу"""
52.30740737915039,71.81245422363281,"КГУ ""Общеобразовательная  школа села Карабулак"""
52.46723556518555,72.01143646240234,"КГУ ""Общеобразовательная школа поселка Заводской"""
52.4567985534668,68.16572570800781,"КГУ ""Общеобразовательная школа им. В.Комарова поселка Шантобе"""
51.635902404785156,69.47582244873047,КГУ «Основная средняя школа села Бирлик»
52.433738708496094,71.97708129882812,"КГУ ""Основная школа поселка Аксу"""
52.48903274536133,73.0968017578125,"КГУ ""Основная школа поселка Бестобе"""
53.28284454345703,69.3994369506836,"КГУ ""Лицей-интернат ""Білім-инновация"""
53.27363204956055,69.41938018798828,"КГУ ""Областная специализированная школа-интернат № 3 для одаренных детей (с казахским языком обучения) имени Абая, город Кокшетау"" управления образования Акмолинской области"
52.25050354003906,68.9527359008789,"КГУ ""Основная средняя школа села Дорогинка"""
51.304534912109375,70.2054443359375,КГУ «Начальная школа села Орнек»
52.49660110473633,68.93348693847656,"КГУ ""Основная средняя школа села Новоромановка"""
52.55845642089844,69.1014404296875,"КГУ ""Начальная школа села Преображенка"""
52.62533950805664,68.54096984863281,"КГУ ""Начальная школа села Михайловка"""
51.67786407470703,71.01988983154297,КГУ «Общеобразовательная школа поселка Научный»
51.47471618652344,71.21097564697266,КГУ «Общеобразовательная школа села Бозайгыр»
51.82884979248047,68.37301635742188,"КГУ ""ОШ №1 г. Атбасар"""
51.783119201660156,70.26138305664062,КГУ «Общеобразовательная школа села Пригородное»
51.739749908447266,71.6483383178711,КГУ «Общеобразовательная школа села Новоселовка»
51.63712692260742,70.45050811767578,КГУ «Общеобразовательная школа села Петровка»
51.689727783203125,70.8110580444336,КГУ «Общеобразовательная школа села Раевка»
51.671234130859375,71.03803253173828,КГУ «Общеобразовательная школа имени В.П. Кузьмина села Дамса»
51.681053161621094,70.99256134033203,КГУ «Общеобразовательная школа села Степное»
51.50173568725586,71.43294525146484,КГУ «Основная средняя школа села Ключи»
51.49175262451172,70.34305572509766,КГУ «Основная  средняя школа станции Кара-Адыр»
51.8094482421875,68.34585571289062,"КГУ ""ОШ №2 г. Атбасар"""
51.78513717651367,70.66098022460938,КГУ «Основная  средняя школа села Гуляй Поле»
51.44855880737305,71.19329833984375,КГУ «Основная  средняя школа станции Тонкерис»
51.69300079345703,70.36181640625,КГУ «Основная  средняя школа села Октябрьское»
51.51177215576172,70.6630859375,КГУ «Основная  средняя школа села Белое Озеро»
51.777076721191406,71.05736541748047,Коммунальное государственное учреждение «Основная  средняя школа села Мыктыколь отдела образования по Шортандинскому району управления образования Акмолинской области»
53.28559875488281,69.37265014648438,КГУ «Школа - гимназия  № 1 города Кокшетау »
53.287357330322266,69.39412689208984,КГУ «Школа - лицей № 2 города Кокшетау »
51.8193244934082,68.348388671875,"КГУ ""ОШ №3 г. Атбасар"""
53.277503967285156,69.37361907958984,КГУ «Многопрофильная  гимназия №3 имени  Малика Габдуллина»
53.272239685058594,69.38388061523438,КГУ «Общеобразовательная школа № 4 города Кокшетау»
53.27906036376953,69.38645935058594,"КГУ ""Многопрофильная гимназия № 5 ""Тандау"" города Кокшетау"
53.28011703491211,69.39582061767578,КГУ  «Школа - лицей  № 6 города Кокшетау »
53.35495376586914,69.48670959472656,КГУ «Общеобразовательная школа № 7 города Кокшетау »
53.29656982421875,69.39733123779297,КГУ «Общеобразовательная школа № 8 города Кокшетау»
53.291229248046875,69.33985137939453,КГУ «Общеобразовательная школа № 10 города Кокшетау»
53.272743225097656,69.41423797607422,КГУ «Школа - гимназия № 11 города Кокшетау »
53.28285217285156,69.42670440673828,КГУ «Общеобразовательная школа № 12 города Кокшетау»
53.271629333496094,69.42588806152344,КГУ  «Школа-гимназия № 13 «ЭКОС» города Кокшетау»
51.813655853271484,68.37309265136719,"КГУ  ""ОШ №4 г. Атбасар"""
53.29515075683594,69.42941284179688,КГУ «Общеобразовательная школа № 14 города Кокшетау»
53.28605270385742,69.41060638427734,"КГУ ""Общеобразовательная школа № 16 города Кокшетау """
53.31526565551758,69.391357421875,"КГУ  ""Школа-гимназия № 17 города Кокшетау"""
53.272674560546875,69.42214965820312,"КГУ ""Школа-лицей № 18 города Кокшетау имени Сакена Жунусова"""
53.30792236328125,69.39187622070312,КГУ «Общеобразовательная школа № 19 города Кокшетау»
53.25554275512695,69.37040710449219,КГУ «Школа - лицей  № 21 города Кокшетау»
53.3272705078125,69.2601547241211,КГУ «Общеобразовательная школа № 1 села Красный Яр»
51.24497604370117,71.03710174560547,КГУ «Начальная школа села Раздольное»
51.69025421142578,71.00279998779297,КГУ «Общеобразовательная школа № 1 поселка Шортанды»
51.69800567626953,70.98491668701172,КГУ «Общеобразовательная школа № 2 поселка Шортанды»
51.792091369628906,68.34272766113281,"КГУ ""ОШ №5 г. Атбасар"""
51.693702697753906,70.97693634033203,КГУ «Общеобразовательная школа № 3 поселка Шортанды»
51.738590240478516,71.70897674560547,КГУ «Общеобразовательная школа № 1 поселка Жолымбет»
51.73823165893555,71.70559692382812,КГУ «Общеобразовательная школа № 2 поселка Жолымбет»
51.6759147644043,70.72865295410156,КГУ «Общеобразовательная школа села Новокубанка»
51.769012451171875,71.22339630126953,КГУ «Общеобразовательная школа села Бектау»
51.66802978515625,70.41361236572266,КГУ «Общеобразовательная школа села Андреевка»
51.775718688964844,68.34030151367188,"КГУ ""ОШ №6 г. Атбасар"""
51.2760009765625,70.31309509277344,КГУ «Общеобразовательная школа села Жамбыл»
52.1074333190918,72.19918823242188,"КГУ ""Общеобразовательная школа села Сазды булак"""
51.45743179321289,69.77825927734375,КГУ «Общеобразовательная школа села Зеленое»
51.26940155029297,70.17703247070312,КГУ «Общеобразовательная школа села Камышенка»
53.33616638183594,69.26608276367188,КГУ  «Общеобразовательная школа № 2 села Красный Яр»
53.32706832885742,69.26496124267578,КГУ «Многопрофильная школа-гимназия № 3 села Красный Яр»
53.286563873291016,69.38943481445312,КГУ «Технический лицей города Кокшетау»
53.3043212890625,69.26104736328125,КГУ «Основная  средняя школа № 15 города Кокшетау»
52.345909118652344,71.87590789794922,"КГУ ""Общеобразовательная школа № 1 имени Ы.Алтынсарина"""
52.34982681274414,71.87586212158203,"КГУ ""Общеобразовательная  школа № 2 имени Ахмета  Байтұрсынұлы """
52.35042953491211,71.88248443603516,"КГУ ""Многопрофильная школа-лицей №3 имени А.С.Пушкина"""
52.34340286254883,71.88458251953125,"КГУ ""Школа-гимназия №4 имени Л.Н.Толстого"""
51.904258728027344,69.57726287841797,КГУ «Общеобразовательная школа села Новый Колутон»
52.34218215942383,71.88560485839844,"КГУ ""Многопрофильная школа-лицей № 5 имени С. Сейфуллина"""
52.35269546508789,71.88845825195312,"КГУ ""Школа -гимназия № 6 имени Абая Кунанбаева"""
52.359886169433594,71.89926147460938,"КГУ ""Общеобразовательная  школа № 7 имени Ю.А.Гагарина"""
52.360965728759766,71.9002456665039,"КГУ "" Общеобразовательная  школа № 8 имени Ш. Уалиханова"""
52.35405349731445,71.89862060546875,"КГУ ""Общеобразовательная  школа № 9 имени Қаныша  Сәтпаева """
52.50236129760742,73.10003662109375,"КГУ ""Общеобразовательная школа № 1 поселка Бестобе"""
52.509246826171875,73.08936309814453,"КГУ ""Общеобразовательная  школа № 2 поселка Бестобе"""
51.637367248535156,70.45014190673828,КГУ «Общеобразовательная школа села Петровка»
51.76683807373047,69.44723510742188,КГУ «Общеобразовательная школа села Старый Колутони»
51.501686096191406,69.38953399658203,КГУ «Основная средняя школа села Узунколь»
51.628379821777344,69.8354721069336,КГУ «Общеобразовательная школа № 3 села Жалтыр»
51.94762420654297,70.08485412597656,КГУ «Основная средняя школа села Акимовка»
51.213443756103516,71.63008880615234,КГУ «Основная средняя школа села Шубар»
51.051937103271484,71.56684875488281,КГУ «Общеобразовательная школа села Кызылсуат»
50.7253532409668,71.2167739868164,"КГУ ""Основная средняя школа села Сарыколь"""
51.9025993347168,71.95816802978516,"КГУ ""Общеобразовательная школа села Карасай"""
51.80091857910156,69.30477142333984,КГУ «Основная средняя школа села Ковыленка»
51.080604553222656,71.23332977294922,КГУ «Общеобразовательная школа села Каражар»
51.412994384765625,70.72393798828125,"КГУ ""Начальная школа станции Тастак"""
50.997833251953125,70.98719787597656,КГУ «Основная средняя школа села Бирлик»
50.93390655517578,70.85432434082031,КГУ «Начальная школа села Отаутускен»
51.21903991699219,71.7004623413086,КГУ «Начальная школа села Аккайын»
50.89753341674805,71.36408233642578,КГУ «Общеобразовательная школа села Кызылжар»
51.310245513916016,70.07208251953125,КГУ «Основная средняя школа села Лозовое»
51.97911071777344,70.26351165771484,"КГУ ""Начальная школа села Мало-Александровка"""
51.90727233886719,71.4593505859375,"КГУ ""Основная средняя школа села Курылыс"""
52.019012451171875,70.80079650878906,"КГУ ""Основная средняя  школа имени Мичурина"""
52.07645034790039,70.49754333496094,"КГУ "" Начальная школа села Кемерколь """
50.836265563964844,72.17084503173828,"КГУ ""Общеобразовательная школа № 1 поселка Аршалы"""
52.060707092285156,72.02286529541016,"КГУ ""Общеобразовательная школа села Кына"""
50.82834243774414,72.17889404296875,"КГУ ""Общеобразовательная школа № 2 поселка Аршалы"""
50.8207893371582,72.17356872558594,"КГУ ""Общеобразовательная школа имени Жумабека Ташенова поселка Аршалы"""
52.338165283203125,71.88086700439453,"КГУ ""Областная специализированная школа-лицей-интернат № 4 ""Болашак"", г.Степногорск"""
51.91994094848633,71.1377182006836,"КГУ ""Основная средняя школа села Рамадан"""
52.00901412963867,70.59019470214844,"КГУ ""Основная средняя школа села Талкара """
51.759883880615234,69.78510284423828,КГУ «Основная средняя школа села Жарсуат»
51.835636138916016,69.91529083251953,КГУ «Общеобразовательная школа села Жана-Турмыс»
51.36982345581055,69.99103546142578,КГУ «Общеобразовательная школа села Ондирис»
51.54589080810547,69.81736755371094,КГУ «Основная средняя школа села Караколь»
50.874019622802734,70.09376525878906,"КГУ ""Основная средняя школа села Тоганас отдела образования по Егиндыкольскому району управления образования Акмолинской области"""
52.78085708618164,71.52303314208984,"КГУ ""Начальная школа села Актас"""
53.4942741394043,69.53919982910156,"КГУ ""Общеобразовательная школа №2 поселка Алексеевка"""
53.16815185546875,69.13697052001953,"КГУ ""Общеобразовательная школа села Шагалалы"""
52.93683624267578,69.59593963623047,"КГУ ""Основная средняя школа села Карауыл Канай би"""
53.07481002807617,69.35608673095703,"КГУ ""Основная средняя школа села Ескенежал"""
52.89988708496094,69.50015258789062,"КГУ ""Основная средняя школа села Малика Габдуллина"""
51.252193450927734,70.39523315429688,КГУ «Общеобразовательная школа села Каменка»
51.40944290161133,72.6441421508789,"КГУ ""Общеобразовательная школа села Еркиншилик"""
51.543617248535156,72.97574615478516,"КГУ ""Общеобразовательная школа села Тайбай"""
51.295597076416016,72.79597473144531,"КГУ ""Общеобразовательная школа села Олжабай батыра"""
51.204437255859375,72.59480285644531,"КГУ ""Общеобразовательная школа села Аксуат"""
51.69527053833008,72.33048248291016,"КГУ ""Общеобразовательная школа села Акмырза"""
52.21290969848633,69.28929901123047,"КГУ ""Основная средняя школа села Улан"""
51.19077682495117,71.40230560302734,"КГУ ""Областная специализированная школа-лицей-интернат №2 ""Дарын"" , город Нур-Султан"" управления образования Акмолинской области"
53.10212707519531,70.35028839111328,"КГУ ""Областная средняя школа-интернат санаторного типа ""Жұлдыз"""
51.34381866455078,70.66643524169922,"КГУ ""Общеобразовательная школа села Тасты"""
50.843875885009766,70.82575225830078,КГУ «Общеобразовательная школа села Шалкар»
51.30315017700195,70.54546356201172,"КГУ ""Общеобразовательная школа села Родина"""
50.664100646972656,72.11767578125,"Коммунальное государственное учреждение ""Общеобразовательная школа имени Бляла Тналина села Берсуат отдела образования по Аршалынскому району управления образования Акмолинской области"""
50.66245651245117,72.388427734375,"КГУ ""Общеобразовательная школа станции Анар"""
51.027957916259766,71.96285247802734,"КГУ ""Общеобразовательная школа села Волгодоновка"""
50.996971130371094,72.08039855957031,"КГУ ""Общеобразовательная школа села Арнасай"""
50.878929138183594,72.15106201171875,"КГУ ""Общеобразовательная школа села Ижевское"""
51.09074020385742,71.95201873779297,"КГУ ""Общеобразовательная школа села Койгельды"""
50.856014251708984,72.69503021240234,"КГУ ""Общеобразовательная школа села Константиновка"""
52.05116653442383,67.68958282470703,"КГУ ""Общеобразовательная школа села Киевское"
51.00386428833008,72.2737045288086,"КГУ ""Общеобразовательная школа села Михайловка"""
47.22420883178711,51.000362396240234,"КГУ ""Общеобразовательная Аккистауская средняя школа"""
46.973411560058594,51.782047271728516,"КГУ ""Средняя общеобразовательная школа имени Ф.Онгарсыновой отдела образования города Атырау Управления образования Атырауской области"""
46.598270416259766,49.25340270996094,"КГУ ""Общая средняя школа имени М.Ауэзова"""
48.310142517089844,53.672821044921875,"КГУ ""Средняя школа имени Х. Досмұхамедова"""
47.30778121948242,49.39821243286133,КГУ «Коныртерекская начальная школа»
48.876617431640625,52.96682357788086,"КГУ ""Тасшагильская средняя школа"""
47.148048400878906,51.960052490234375,"КГУ  ""Школа-гимназия №36"""
46.96647262573242,51.8449821472168,"КГУ СОШ имени Жамбыла"" отдела образования города Атырау Управления образования Атырауской области"""
47.210960388183594,49.27736282348633,"КГУ ""№80 начальная школа разъезда Афанасьева"""
48.77367401123047,52.884307861328125,"КГУ ""Каракульская средняя школа"""
47.252037048339844,51.06399154663086,"КГУ ""Общеобразовательная средняя школа имени Жумабая Мырзагалиева"""
48.88372802734375,53.78844451904297,КГУ «Казахская средняя школа имени Б.Аманшина»
47.52085876464844,52.97828674316406,Средней школа имени А.Кунанбаева
47.02543640136719,51.907833099365234,"КГУ ""Средняя общеобразовательная школа имени Т.Амандосова"" отдела образования города Атырау Управления образования Атырауской области"""
48.455318450927734,52.9344596862793,"КГУ ""Карабауская средняя школа"""
47.36006546020508,49.24440383911133,"КГУ ""Лабайская общая средняя школа"""
47.548919677734375,51.51308822631836,"КГУ  ""Средняя школа Береке"" государственного учреждения ""Городской отдел образования"""
47.04124450683594,50.81358337402344,"КГУ ""Общеобразовательная средняя школа имени Хамидоллы Наубетова"""
48.955989837646484,53.73953628540039,"КГУ ""Миялинская средняя школа"""
47.528175354003906,52.973026275634766,Средней школа имени Б.Канатбаева
47.637142181396484,53.330257415771484,Комплекс школа-ясли сад Байге тобе
48.45766830444336,53.63579177856445,КГУ «Таскудукская начальная школа»
47.30778121948242,49.34328079223633,"КГУ ""Общая средняя школа имени Б.Момышулы"""
48.557861328125,53.444129943847656,"КГУ ""Средняя школа имени Г. Сланова"""
47.21715545654297,50.996826171875,"КГУ  ""Общеобразовательная средняя школа имени Абая"""
48.50149154663086,53.73466873168945,"КГУ ""Средняя школа имени Ш.Т.Еркинова"""
47.51841735839844,52.98263168334961,Средней школа имени О.Саргунанова
47.09705352783203,51.88528060913086,"КГУ ""Специализированная школа-лицей-интернат для одаренных детей Атырауской области"""
47.350582122802734,51.17759704589844,"КГУ  ""Общеобразовательная средняя школа имени Гибатоллы Масалимова"""
47.397377014160156,49.34328079223633,"КГУ ""Азгирская основная средняя школа"""
48.23667526245117,54.884063720703125,"КГУ  ""Кенбайская средняя школа"""
46.60441589355469,49.26782989501953,"КГУ ""Общая средняя школа имени Абая"""
46.64070510864258,48.75364685058594,"КГУ ""Основная средняя школа имени Ж.Нажимеденова"""
47.53299331665039,52.976356506347656,Доссорская школа- интернат имени С.Шарипова
48.13421630859375,51.53501892089844,КГУ «Средняя школа имени Б.Нысанбаева»
46.530757904052734,49.209659576416016,"КГУ ""Общая средняя школа имени Ю.А.Гагарина"""
47.08002853393555,51.869014739990234,"КГУ ""Средняя общеобразовательная школа имени Г. Муратбаева"""
47.3818473815918,50.381465911865234,"КГУ ""Общеобразовательная  начальная школа Томан"""
48.23413848876953,54.88177490234375,"КГУ ""Средняя общеобразовательная школа №9"""
46.50244140625,48.959510803222656,КГУ «Основная средняя школа имени А.Иманова»
47.64934158325195,53.34296417236328,Средней школа имени М.Баймуханова
48.61898422241211,51.75572967529297,КГУ «Аккалинская средняя школа»
47.066471099853516,51.85127258300781,"КГУ ""Средняя общеобразовательная школа имени И.Тайманова"" отдела образования города Атырау Управления образования Атырауской области"""
46.6010627746582,48.6253662109375,КГУ «Общая средняя школа имени С.Муканова»
48.231353759765625,54.84113311767578,КГУ «Сагизская средняя школа»
47.749656677246094,51.41807556152344,"КГУ ""Общеобразовательная Жана Жанбайская начальная школа"""
47.64563751220703,53.34147644042969,Средней школа имени Х.Санбаева
48.42111587524414,53.63579177856445,"КГУ ""Мукурская средняя школа"""
47.05574417114258,51.833187103271484,"КГУ ""Средняя общеобразовательная школа имени М. Утемисова"""
48.39512252807617,51.648555755615234,КГУ «Буденевская средняя школа»
46.61759567260742,49.35014724731445,"КГУ ""Енбекшинская общая средняя школа"""
47.69111633300781,51.015098571777344,"КГУ ""Общеобразовательная Жаскайратская начальная школа"""
47.646568298339844,53.342525482177734,Средней школа имени Л.Шахатова
48.2628288269043,51.5966796875,КГУ «Средняя школа имени Махамбета»
47.904659271240234,48.79225540161133,"КГУ ""Общая средняя школа имени Курмангазы"""
48.88878631591797,53.79401397705078,"КГУ ""Школа-гимназия имени Ыгылмана Шорекова"""
47.096527099609375,51.90116882324219,"КГУ ""Школа-лицей IT"""
47.23936080932617,51.012451171875,"КГУ ""Общеобразовательная средняя школа Оркен"""
47.02126693725586,51.806297302246094,"КГУ ""Средняя общеобразовательная школа Еркинкала"""
48.121986389160156,51.596641540527344,КГУ «Средняя школа имени М.Монкеулы»
47.6508903503418,53.34906005859375,Начальная школа №2
46.608394622802734,49.27150344848633,КГУ «Школа - интернат имени Зейноллы Сериккалиулы»
47.10365676879883,51.906532287597656,"ГУ ""Атырауская областная школа-интернат для одаренных детей"""
47.21400451660156,51.94658660888672,"КГУ ""Средняя общеобразовательная школа №26 имени С.Датова"""
46.95934295654297,51.75303649902344,"КГУ ""Средняя общеобразовательная школа имени Амангельды"" отдела образования города Атырау Управления образования Атырауской области"""
48.15061950683594,51.520660400390625,"КГУ ""Актогайская средняя школа"""
46.95850372314453,53.98301696777344,"КГУ ""Общеобразовательная средняя школа №16 имени Д.Жазыкбаева"""
47.11122512817383,51.86875915527344,"КГУ ""Средняя общеобразовательная школа №37"" отдела образования города Атырау Управления образования Атырауской области"""
46.502079010009766,48.91674041748047,"КГУ ""Общая средняя школа имени Кадыра Мырза Али"""
47.124961853027344,51.94820785522461,"КГУ ""Средняя общеобразовательная школа №27 имени И.Тайманова"""
47.45305633544922,51.790279388427734,"КГУ ""Средняя школа имени Ахмет Байтұрсынұлы"""
46.59910202026367,54.2149658203125,"КГУ ""Общеобразовательная средняя школа №17"""
48.55598831176758,51.744014739990234,КГУ «Средняя школа имени М.Ауэзова»
47.097412109375,51.9019775390625,"КГУ ""Областной лицей имени Жолдаскали Досмухамбетова для одаренных детей с интернатным учреждением"""
47.09728240966797,51.87206268310547,"КГУ ""Средняя общеобразовательная школа №28"""
47.674407958984375,51.81081771850586,"КГУ ""Косаралская средняя школа"""
47.12044143676758,51.94524383544922,"ГУ ""Общеобразовательная средняя школа при исправительном учреждении УГ-157/11"""
47.3428840637207,51.877227783203125,"КГУ ""Средняя школа Талдыколь"""
46.95456314086914,53.985870361328125,"КГУ ""Общеобразовательная средняя школа №18 имени М. Сатыбалдиева"""
47.05509567260742,51.871463775634766,"КГУ ""Средняя общеобразовательная школа №32"""
48.55854415893555,51.751426696777344,КГУ «Казахская средняя школа «Коктем»
47.09728240966797,51.88909912109375,"КГУ ""Школа-гимназия №30 для одаренных детей с обучением на трех языках"""
47.6333122253418,51.76357650756836,"КГУ ""Основная школа села Енбекшил"""
46.96907043457031,54.027587890625,"КГУ""Общеобразовательная средняя школа №19"""
47.14059829711914,51.9077033996582,"КГУ ""Школа-гимназия №31"""
47.30030822753906,49.31032180786133,"КГУ ""Общая средняя школа имени Панфилова"""
47.474666595458984,50.337520599365234,"КГУ ""Общеобразовательная  средняя школа имени Фаризы Онгарсыновой"""
48.63181686401367,52.17555618286133,КГУ «Средняя школа имени Жамбыла»
46.607967376708984,49.2713737487793,"КГУ  ""Общая средняя школа имени М.В.Ломоносова"""
46.96888732910156,53.99787521362305,"КГУ ""Общеобразовательная средняя школа №8"""
47.11844253540039,51.869598388671875,"КГУ ""Школа-лицей №38"""
47.101898193359375,51.89204406738281,"КГУ ""Областная национальная гимназия для одаренных детей с интернатным учреждением"""
47.420650482177734,51.86613845825195,"КГУ ""Алгинская средняя школа"""
46.971561431884766,54.00408172607422,"КГУ ""Общеобразовательная средняя школа №20"""
47.9929084777832,47.81848907470703,"КГУ ""Начальная школа села Батырбек"""
46.51069259643555,48.806209564208984,КГУ «Общая средняя школа имени Габита Мусрепова»
47.126216888427734,51.94325637817383,"КГУ ""Средняя общеобразовательная школа №24"" отдела образования города Атырау Управления образования Атырауской области"""
47.155643463134766,51.93825149536133,"КГУ ""Средняя общеобразовательная школа имени К.И.Сатбаева"""
46.80593490600586,50.067081451416016,"КГУ ""Общеобразовательная Исатайская средняя школа"""
47.50029373168945,51.715484619140625,"КГУ ""Сарайчиковская средняя школа имени Казмухамбед Карашаулы"""
47.550540924072266,51.5149040222168,"КГУ ""Средняя школа имени Каршимбая Ахмедиярова"" государственного учреждения ""Махамбетский районный отдел образования"""
47.09849548339844,51.89006042480469,"ГУ ""Областная специальная санаторная школа-интернат № 4 для детей с малыми и ослабленными формами туберкулеза"""
47.3796501159668,50.71951675415039,"КГУ ""Общеобразовательная Кызылуйская основная школа"""
46.60090637207031,49.135066986083984,"КГУ ""Нуржауская общая средняя школа"""
47.194271087646484,51.95015335083008,"КГУ ""Средняя общеобразовательная школа №25 имени Б.Момышулы"""
46.80204391479492,50.07834243774414,"КГУ ""Общеобразовательная средняя школа имени Юрия Гагарина"""
47.25630569458008,51.89182662963867,"КГУ""Алмалинская средняя школа"" отдела образования города Атырау Управления образования Атырауской области"
47.504417419433594,50.364986419677734,"КГУ ""Общеобразовательная Новобогатинская средняя школа"""
46.95796585083008,54.03337097167969,"КГУ ""Общеобразовательная средняя школа №21"""
47.88093566894531,51.65785598754883,"КГУ ""Кызылуйская средняя школа"""
47.14384841918945,51.9871711730957,"КГУ ""Средняя общеобразовательная школа имени Б.Нысанбаева"""
46.61099624633789,49.43571853637695,КГУ «Общая средняя школа имени А.Сарсенбаева»
46.94804763793945,53.94181823730469,"КГУ ""Общеобразовательная средняя школа №13"""
47.4713134765625,50.373226165771484,"КГУ ""Общеобразовательная начальная школа имени Жамбыла"""
46.439918518066406,53.488216400146484,"КГУ ""Общеобразовательная средняя школа №22"""
47.6051025390625,51.6108283996582,"КГУ ""Жалгансайская средняя школа"""
47.02454376220703,51.8817138671875,"УГ-157/9 Государственное учреждение ""Средняя общеобразовательная школа в учреждении """
47.16304397583008,51.953617095947266,"КГУ ""Средняя общеобразовательная школа имени К.Смагулова"" отдела образования города Атырау Управления образования Атырауской области"""
46.65521240234375,49.0507926940918,"КГУ ""Аккольская общая средняя школа"""
46.95490646362305,53.97160339355469,"КГУ ""Общеобразовательная средняя школа №15 имени Сулеймена Карабалина"""
46.92249298095703,53.86360168457031,"КГУ ""Общеобразовательная средняя школа №23"""
46.974952697753906,54.069252014160156,"КГУ ""Жылыойский лицей-интернат для одаренных детей Атырауской области"""
47.708778381347656,51.633506774902344,"КГУ ""Есболская средняя школа"""
46.961158752441406,54.01365661621094,"КГУ ""Общеобразовательная средняя школа №5 имени Абая"""
47.23341369628906,49.30482864379883,"КГУ ""Общая средняя школа имени Б.Бегалиева"""
47.086734771728516,51.84834671020508,"КГУ ""Школа-гимназия №35 имени Хамита Ергалиева"""
48.56109619140625,51.74546813964844,КГУ «Средняя школа имени Ш.Валиханова»
47.09752655029297,51.88010025024414,"КГУ ""Школа-гимназия №19 имени К.Сатпаева"""
46.956878662109375,54.02388000488281,"КГУ ""Общеобразовательная средняя школа №6"""
47.09615707397461,51.88220977783203,"КГУ ""Школа-гимназия №3"""
46.565208435058594,48.68227005004883,"КГУ ""Общая средняя школа имени Ш.Уалиханова"""
47.10395050048828,51.9153938293457,"КГУ ""Специализированная школа-гимназия-интернат имени Н.Тлендиева"" УОО Атырау"
46.95724105834961,54.03104019165039,"КГУ ""Общеобразовательная средняя школа №1"""
47.092926025390625,51.90428161621094,"КГУ ""Школа-лицей №20 имени А.Пушкина"" отдела образования города Атырау Управления образования Атырауской области"
46.96516036987305,54.01692199707031,"КГУ ""Общеобразовательная средняя школа №7 имени Е.Халыкова"""
48.29990005493164,51.39849090576172,КГУ «Средняя школа имени Калама Ескалиева»
47.12480545043945,51.905738830566406,"КГУ ""Средняя общеобразовательная школа №4 имени Ю.А.Гагарина"""
46.845279693603516,53.801692962646484,"КГУ ""Общеобразовательная средняя школа №2"""
47.242706298828125,51.94841384887695,"КГУ ""Основная общеобразовательная школа Талгайран"""
46.95756149291992,53.99885559082031,"КГУ ""Общеобразовательная средняя школа №9"""
47.67082214355469,51.588077545166016,"КГУ ""Школа-гимназия имени Дуйсенгали Толенова"""
47.10075759887695,51.92539978027344,"КГУ ""Атырауский областной лицей-интернат ""Білім-Инновация"""
47.096797943115234,54.375953674316406,"КГУ ""Общеобразовательная средняя школа №10 имени Амангельды"""
47.04267120361328,53.920127868652344,"КГУ ""Общеобразовательная средняя школа №3"""
47.101131439208984,51.93202590942383,"КГУ ""Средняя общеобразовательная школа №21 имени Жамбыла"""
47.1109733581543,51.89589309692383,"КГУ ""Средняя общеобразовательная школа №5 имени Г.Мусрепова"""
47.722572326660156,51.58051681518555,"КГУ ""Сарытогайская средняя школа имени Карабая Калыбекова"""
48.37044143676758,51.55228805541992,"КГУ ""Есболская средняя школа"""
47.08941650390625,51.91590118408203,"КГУ ""Средняя общеобразовательная школа №14 имени А.Чехова"" отдела образования города Атырау Управления образования Атырауской области"""
47.0662841796875,51.88709259033203,"КГУ ""Средняя общеобразовательная школа имени Ы. Алтынсарина"""
47.088199615478516,51.90814208984375,"КГУ ""Средняя общеобразовательная школа №8 имени У.Атамбаева"""
47.01017761230469,53.86114501953125,"КГУ ""Общеобразовательная средняя школа №4 имени М.Ауэзова"""
47.09375,51.85894775390625,"КГУ ""Средняя общеобразовательная школа №33 имени Касыма Кайсенова"""
47.24048614501953,49.28834915161133,"КГУ ""Суюндукская общая средняя школа"""
47.079166412353516,51.89441680908203,"КГУ ""Средняя общеобразовательная школа №6 имени Мурата Монкеулы"""
46.60874557495117,49.055294036865234,КГУ «Общая средняя школа имени И.Алтынсарина»
47.10426712036133,51.908626556396484,"КГУ ""Средняя общеобразовательная школа №15 имени Абая"""
47.13129425048828,51.94352722167969,"КГУ ""Средняя общеобразовательная школа №22 имени Алии Молдагуловой"" отдела образования города Атырау Управления образования Атырауской области"""
47.108524322509766,51.94776916503906,"КГУ ""Средняя общеобразовательная школа №9 имени Ч.Валиханова"" отдела образование города Атырау Управления образования Атырауской области"
47.074623107910156,51.88790512084961,"КГУ ""Средняя общеобразовательная школа имени Макаша Бекмухамбетова"""
47.12046432495117,51.94468688964844,"КГУ ""Многопрофильная школа-гимназия №34"""
46.606529235839844,48.65642547607422,"КГУ ""Шортанбайская общая средняя школа"""
47.095176696777344,51.9401741027832,"КГУ ""Средняя общеобразовательная школа №7 имени М.Ауэзова"""
47.1013298034668,51.8890266418457,"КГУ ""Школа-лицей №16 имени Ж.Каражигитова"" отдела образования города Атырау Управления образования Атырауской области"""
47.838462829589844,47.579158782958984,"КГУ ""Балкудукская общая средняя школа"""
47.12156295776367,51.965797424316406,"КГУ ""Средняя общеобразовательная школа №23 имени Ахмета Байтурсынова"""
47.11954116821289,51.936920166015625,"КГУ ""Средняя общеобразовательная школа №10 имени С.Муканова"""
47.68269729614258,51.58732223510742,"КГУ ""Махамбетская средняя школа имени Есенбая Агелеуова"""
47.07909393310547,51.87702941894531,"КГУ ""Средняя общеобразовательная школа имени А.Джангельдина"""
46.59884262084961,49.19744110107422,"КГУ ""Общая средняя школа имени Н.С.Манаева"""
47.10751724243164,51.93251419067383,"КГУ ""Школа-лицей №17"" отдела образования города Атырау Управления образования Атырауской области"""
47.11217498779297,51.92210006713867,"КГУ ""Средняя общеобразовательная школа №1 имени Магжана Жумабаева"""
47.660057067871094,51.59184265136719,"КГУ ""Средняя школа имени Оная Шонаева"""
47.07569122314453,51.87784194946289,"КГУ ""Средняя общеобразовательная школа имени М. Ломоносова"""
48.35464859008789,51.41222381591797,КГУ «Средняя школа имени К.Абаханова»
46.61719512939453,48.64457702636719,КГУ «Общая средняя школа имени Д. Нурпеисовой»
47.12364196777344,51.92477798461914,"КГУ ""Средняя общеобразовательная школа имени Хиуаз Доспановой"""
47.1134147644043,51.90257263183594,"КГУ ""Средняя общеобразовательная школа №2 имени Жумекена Нажимеденова"""
47.06452560424805,51.86614227294922,"КГУ ""Средняя общеобразовательная школа имени М.Отаралиева"" отдела образования города Атырау Управления образования Атырауской области"
46.48985290527344,48.99516296386719,"КГУ ""Общая средняя школа имени С.Н.Имашева"""
47.11699676513672,51.89613342285156,"КГУ ""Средняя общеобразовательная школа №11 имени Ы.Алтынсарина"" отдела образования города Атырау Управления образования Атырауской области"
47.28050231933594,51.928890228271484,"КГУ ""Средняя общеобразовательная школа-интернат Бесикти"""
47.098533630371094,51.92635726928711,"КГУ ""Средняя общеобразовательная школа №12 имени Ф.Досымовой"""
47.1070556640625,51.937320709228516,"КГУ ""Школа-гимназия №13 имени Д.Байбосынова"""
47.12635803222656,59.174095153808594,"КГУ ""Сарыбулакская основная средняя школа"""
50.61491775512695,58.98916244506836,"КГУ ""Майтюбинская средняя школа"""
50.747371673583984,56.49773025512695,"КГУ ""Мартукская школа-гимназия №2"""
49.135250091552734,56.48862075805664,"КГУ ""Шубаркудукская начальная школа №5"""
50.29786682128906,57.16591262817383,"КГУ ""Средняя школа №19"""
50.360355377197266,57.41144943237305,"КГУ ""Общеобразовательная средняя школа №65"""
50.43709945678711,55.833492279052734,"КГУ ""Терсакканская средняя школа"""
50.28678894042969,57.12034606933594,"КГУ ""Средняя общеобразовательная школа №10"""
49.81359100341797,57.99104309082031,"КГУ ""Токмансайская средняя школа"""
50.275333404541016,57.189640045166016,"КГУ ""Общеобразовательная средняя школа №56"""
50.40061950683594,58.230743408203125,"КГУ ""Никельтауская средняя школа"""
49.15557861328125,56.50682830810547,"КГУ ""Шубаркудыкская основная средняя школа №6"""
48.48519515991211,58.55841827392578,"КГУ ""Сарысайская школа-ясли сад"""
50.29340362548828,57.280216217041016,"КГУ ""Средняя школа №46"""
50.7484245300293,56.497337341308594,"КГУ ""Мартукская общеобразовательная средняя школа № 3"""
50.286495208740234,57.231964111328125,"КГУ ""Основная школа №52"""
48.6949462890625,55.87568664550781,"КГУ ""Карауылкелдинская средняя школа"""
50.1009521484375,56.826393127441406,"КГУ ""Ушкудукская  средняя  школа"""
50.17164993286133,57.076236724853516,"КГУ ""Общеобразовательная средняя школа №66 имени Шакарима Кудайбердиулы"""
50.302879333496094,57.15008544921875,"КГУ ""Средняя общеобразовательная школа-лицей №20"""
49.145931243896484,56.48854064941406,"КГУ ""Шубаркудыкская гимназия"""
50.290504455566406,58.54563903808594,"КГУ ""Онгарская средняя школа"""
48.68925476074219,55.86503219604492,"КГУ ""Средняя школа имени Т.Жармагамбетова"""
50.36098098754883,57.55022430419922,"КГУ ""Белогорская основная школа"""
50.17833709716797,56.79627227783203,"КГУ ""Каракудыкская средняя школа"""
47.24391174316406,60.99559020996094,"КГУ ""Шокысуйская основная школа"""
50.65163803100586,57.17671585083008,"КГУ ""Родниковская общеобразовательная средняя школа"""
50.32080841064453,57.339847564697266,"КГУ ""Общеобразовательная средняя школа имени Динмухамеда Конаева"""
49.14749526977539,56.496089935302734,"КГУ ""Общеобразовательная школа им. Ж.Кереева"""
50.28675842285156,57.160919189453125,"КГУ ""Специализированная гимназия №21 имени Аль-Фараби"""
50.07497024536133,57.120033264160156,"КГУ ""Нурбулакская средняя школа"""
50.30784606933594,57.56721115112305,"КГУ ""Общеобразовательная средняя школа №76"""
47.674400329589844,60.290626525878906,"КГУ ""Начальная школа №33"""
48.709407806396484,55.889625549316406,"КГУ ""Карауылкелдинская средняя школа №3"""
50.38285827636719,58.600257873535156,"КГУ ""Сарысайская средняя школа"""
48.610904693603516,57.11130142211914,КГУ «Кенкиякская общеобразовательная средняя школа»
50.843997955322266,56.20063781738281,"КГУ ""Жайсанская общеобразовательная средняя школа"""
50.28394317626953,57.29894256591797,"КГУ ""Общеобразовательная средняя школа №61"""
50.2802734375,57.22523880004883,"КГУ ""Средняя школа №22"""
48.09223937988281,55.23392868041992,"КГУ ""Копинская средняя школа"""
50.43006134033203,60.493587493896484,КГУ «Общеобразовательная средняя школа имени М.Жумабаева»
50.2818489074707,57.159446716308594,"КГУ ""Средняя школа №1"""
49.885520935058594,57.32010269165039,"КГУ ""Алгинская школа-гимназия"""
50.11029815673828,57.83037567138672,"КГУ ""Табантальская средняя школа"""
47.704261779785156,59.93764877319336,"КГУ ""Начальная школа №36"""
50.55293655395508,55.18706130981445,"КГУ ""Акрабская средняя школа"""
46.69853210449219,56.02040481567383,"КГУ ""Матайкумская средняя школа"""
50.290714263916016,57.14682388305664,"КГУ ""Средняя школа-лицей № 23 имени Алимхана Ермекова"""
50.28145217895508,57.22758865356445,"КГУ ""Общеобразовательная средняя школа №62"""
49.075408935546875,59.844974517822266,КГУ «Талдыкская основная средняя образовательная школа»
50.29011535644531,57.215641021728516,"КГУ ""Общеобразовательная средняя школа-гимназия №2"""
50.30918502807617,59.63409423828125,"КГУ ""Тасоткельская средняя школа"""
50.40203094482422,57.26112747192383,"КГУ ""Общеобразовательная средняя школа №67"""
48.31012725830078,58.88197708129883,"КГУ ""Начальная школа №44"""
48.22237777709961,55.790157318115234,"КГУ ""Средняя школа имени А.С.Пушкина"""
50.296451568603516,57.16120529174805,"КГУ ""Лингвистическая школа-гимназия имени Ахмета Байтурсынулы"""
50.29473876953125,57.16353988647461,"КГУ ""Средняя школа №3"""
50.27456283569336,57.141639709472656,"КГУ ""Общеобразовательная средняя школа-лицей №63"""
50.11978530883789,59.297630310058594,"КГУ ""Карлауская начальная школа"""
49.93806076049805,60.55112075805664,КГУ «Общеобразовательная средняя школа имени Абая»
49.8261833190918,55.23005294799805,"КГУ ""Бегалинская основная школа"""
50.248077392578125,56.6710319519043,"КГУ ""Кайындысайская основная школа"""
49.983055114746094,61.481651306152344,КГУ «Баскудукская общеобразовательная средняя школа»
50.29279327392578,57.262821197509766,"КГУ ""Комплекс школа-сад в жилом массиве Заречный"""
50.29044723510742,57.179115295410156,"КГУ ""Общеобразовательная средняя школа №4"""
47.819400787353516,59.60886764526367,"КГУ ""Школа-гимназия №1"""
50.27996063232422,57.13740921020508,"КГУ ""Общеобразовательная средняя школа №64"""
50.3054313659668,57.15884017944336,"КГУ ""Общеобразовательная средняя школа №25 города Актобе имени Музафара Алимбаева """
50.26538848876953,57.19596481323242,"КГУ ""Общеобразовательная средняя школа №68"""
49.83198928833008,60.10112380981445,КГУ «Общеобразовательная средняя школа имени Сейдалы Оразалина»
50.25938415527344,57.250389099121094,"КГУ  ""Общеобразовательная средняя школа №71"""
49.450042724609375,57.4031867980957,"КГУ ""Школа-гимназия №3 города Кандыагаш"""
50.37239456176758,55.657493591308594,"КГУ ""Жарсайская основная школа"""
50.29189682006836,57.150577545166016,"КГУ ""Актюбинский областной специализированный лицей-интернат ""Білім-инновация"" для одаренных юношей"""
50.25804901123047,58.43803787231445,"КГУ ""Хромтауская гимназия №2"""
47.82518005371094,59.604557037353516,"КГУ ""Школа-гимназия №2"""
50.31403732299805,57.136138916015625,"КГУ ""Средняя школа №26"""
50.285335540771484,57.27674865722656,"КГУ ""Средняя школа №50"""
50.36547088623047,61.673709869384766,КГУ «Жабасакская общеобразовательная средняя школа»
50.33903121948242,57.29295349121094,"КГУ ""Общеобразовательная средняя школа № 70"""
50.25554656982422,57.2459716796875,"КГУ ""Средняя общеобразовательная школа №5"""
50.286842346191406,57.15964126586914,"КГУ ""Средняя школа-лицей №27"""
49.84697341918945,56.730350494384766,"КГУ ""Амангельдинская основная школа"""
50.28996276855469,57.0855827331543,"КГУ ""Общеобразовательная средняя школа №69"""
49.455909729003906,57.40365219116211,"КГУ ""Кандыагашская городская общеобразовательная средняя школа №4"""
49.95520782470703,60.11547088623047,КГУ «Общеобразовательная средняя школа имени К.Шангытбаева»
50.26179122924805,58.43438720703125,"КГУ ""Хромтауская средняя школа №3"""
50.32497024536133,57.40087127685547,"КГУ ""Общеобразовательная средняя школа №73 имени Мукагали Макатаева"""
50.28236389160156,57.23107147216797,"КГУ ""Школа-гимназия № 6 имени Г.Актаева"""
50.2756462097168,57.19156265258789,"КГУ ""Гимназия №51"""
50.42634201049805,57.41206359863281,"КГУ ""Основная школа №54"""
49.261383056640625,53.94283676147461,"КГУ ""Сапаккульская средняя школа"""
50.35404968261719,55.824947357177734,"КГУ ""Жанаталапская основная школа ясли-сад"""
50.10315704345703,61.03511047363281,КГУ «Саратская общеобразовательная средняя школа»
48.69015121459961,55.86676788330078,"КГУ ""Карауылкелдинская средняя школа №2"""
50.237152099609375,61.63259506225586,КГУ «Байжанкольская начальная образовательная школа»
49.466461181640625,57.42549133300781,КГУ «Кандыагашская городская общеобразовательная средняя школа №5»
50.30442428588867,57.15411376953125,"КГУ ""Средняя школа №28"""
50.26226806640625,58.43010330200195,"КГУ ""Хромтауская средняя школа №4"""
50.14796447753906,56.54573440551758,"КГУ ""Коктогайская основная школа"""
48.24364471435547,62.0710334777832,"КГУ ""Общеобразовательная Куйлысская средняя школа"""
50.31706619262695,57.312862396240234,"КГУ ""Средняя общеобразовательная школа №53"""
50.290348052978516,55.59625244140625,"КГУ ""Аксайская начальная  школа"""
48.9405517578125,54.759761810302734,"КГУ ""Средняя школа имени Ш.Берсиева"""
50.254581451416016,58.44257736206055,"КГУ ""Хромтауская гимназия № 5"""
50.285701751708984,57.19659423828125,"КГУ ""Средняя школа - гимназия №9"""
48.71689224243164,60.291587829589844,"КГУ ""Шенбертальская общеобразовательная средняя школа"""
50.84666061401367,54.832706451416016,"КГУ ""Жиренкопинская средняя школа"""
48.828975677490234,58.14793014526367,"КГУ ""Эмбенская городская общеобразовательная средняя школа №1"""
48.53165817260742,55.5931510925293,"КГУ ""Байганинская средняя школа"""
48.89597702026367,62.308372497558594,"КГУ ""Общеобразовательная средняя школа имени Т.Жургенова"""
50.16903305053711,56.92726135253906,"КГУ ""Жеруйыкская основная школа"""
50.260372161865234,57.223567962646484,"КГУ ""Средняя школа № 29"""
50.28214645385742,57.23282241821289,"КГУ ""Актюбинская областная специализированная лицей-интернат для одаренных детей им. М.Кусаинова"""
50.299156188964844,57.29065704345703,"КГУ ""Средняя школа-гимназия №55"""
50.2598876953125,58.425636291503906,"КГУ ""Хромтауская гимназия №6"""
50.28542709350586,57.22380065917969,"КГУ ""Общеобразовательная средняя школа-гимназия №11"""
50.11970901489258,59.092369079589844,"КГУ ""Бугетсайская школа гимназия"""
50.09415054321289,56.11643981933594,"КГУ ""Булакская основная школа"""
49.16548156738281,60.849632263183594,"КГУ ""Калыбайская основная средняя школа"""
50.20125961303711,57.27922821044922,"КГУ ""Актюбинская средняя школа"""
48.829673767089844,58.14112854003906,КГУ «Эмбинская городская общеобразовательная средняя школа №2»
50.52357482910156,62.26702880859375,КГУ «Толыбайская общеобразовательная средняя школа»
47.261474609375,55.56876754760742,"КГУ ""Средняя школа имени Т.Айбергенова"""
50.103885650634766,56.60768508911133,"КГУ ""Тиккайынская основная школа"""
49.13398742675781,60.34552764892578,"КГУ ""Общеобразовательная Кумтогайская средняя школа"""
50.18055725097656,58.319618225097656,"КГУ ""Абайская основная школа"""
50.31667709350586,57.153133392333984,"КГУ ""Казахская средняя школа №36"""
50.30617904663086,57.16070556640625,"КГУ ""Казахская средняя школа №30"""
50.266754150390625,57.2111701965332,"КГУ ""Средняя школа №12"""
48.40253448486328,61.53358459472656,"КГУ ""Наркызылская основная средняя школа"""
50.65309524536133,58.270355224609375,"КГУ ""Жосалинская средняя школа - детский сад"""
48.07794952392578,56.78324508666992,"КГУ ""Средняя школа имени К.Жазыкова"""
50.21535110473633,58.497840881347656,"КГУ ""Донская школа-гимназия"""
50.86797332763672,54.786712646484375,"КГУ ""Кобландинская основная школа"""
48.82130432128906,58.146148681640625,"КГУ ""Общеобразовательная средняя школа №7 с пришкольным интернатом города Эмба"""
49.805870056152344,57.262855529785156,"КГУ ""Талдысайская основная школа"""
50.365421295166016,57.39413833618164,"КГУ ""Благодарная средняя школа"""
50.28139114379883,57.1972770690918,"КГУ ""Средняя школа №37"""
50.2730827331543,57.233524322509766,"КГУ ""Средняя школа №13"""
48.654380798339844,61.01347351074219,"КГУ ""Общеобразовательная средняя школа имени М.Тулегенова"""
48.9578971862793,62.003395080566406,"КГУ ""Дукенская основная средняя школа"""
50.23853302001953,57.99052047729492,"КГУ ""Акжарская средняя школа"""
47.93701934814453,56.454307556152344,"КГУ ""Жаркамысская средняя школа"""
50.29225158691406,57.21309280395508,"КГУ ""Казахская средняя школа №31"""
50.47612762451172,58.523040771484375,"КГУ ""Кызылсуская средняя школа"""
50.66615676879883,58.48805618286133,"КГУ ""Кайрактинская основная школа - детский сад"""
49.338375091552734,57.10847854614258,"КГУ ""Начальная школа №59 станция Темир"""
48.837398529052734,58.154056549072266,"КГУ ""Эмбинская городская общеобразовательная средняя школа №3"""
49.83483123779297,57.935264587402344,"КГУ ""Токмансайская основная школа"""
50.29282760620117,57.1499137878418,"КГУ  ""Казахская средняя школа №38"""
50.37066650390625,58.910240173339844,"КГУ ""Аккудукская средняя школа"""
50.45442581176758,57.031429290771484,"КГУ ""Средняя общеобразовательная школа № 59 города Актобе"" ГУ ""Отдел образования города Актобе"""
48.53699493408203,61.407230377197266,"КГУ ""Общеобразовательная средняя школа имени Т.Жаманмурынова"""
50.49856185913086,56.93878173828125,"КГУ ""Сарыжарская общеобразовательная средняя школа"""
50.30032730102539,57.21658706665039,"КГУ ""Средняя школа №14"""
48.95376205444336,62.39790725708008,"КГУ ""Мамырская основная средняя школа"""
47.259674072265625,55.889034271240234,"КГУ ""Средняя школа имени Саги Жиенбаева"""
50.026611328125,58.79741287231445,"КГУ ""Кудыксайская основная школа"""
50.538883209228516,57.448585510253906,"КГУ ""Петропавловская средняя школа"""
48.77894973754883,62.28417205810547,"КГУ ""Белшерская основная средняя школа"""
48.53480529785156,58.613826751708984,"КГУ ""Алабасская основная средняя школа"""
49.71126937866211,57.264163970947266,КГУ «Еркинкушская начальная школа»
48.54330825805664,57.47138977050781,КГУ «Основная средняя школа Шеңгелши»
50.286529541015625,57.240787506103516,"КГУ ""Средняя школа №8"""
49.14339065551758,56.48401641845703,"КГУ ""Шубаркудыкская школа-гимназия №1"""
48.03946304321289,62.514060974121094,"КГУ ""Общеобразовательная средняя школа имени У. Канахина"""
49.81071090698242,56.44804000854492,"КГУ ""Сарыкобдинская средняя школа"""
50.28271484375,57.19586944580078,"КГУ ""Гимназия № 32 имени М.Курмангалиевой"""
48.8247184753418,58.149024963378906,"КГУ ""Эмбинская городская общеобразовательная средняя школа №4"""
50.264427185058594,57.233497619628906,"КГУ ""Средняя школа №15 имени Ильяса Есенберлина"""
50.46564483642578,57.01544952392578,"КГУ ""Илекская средняя школа"""
50.285003662109375,57.1697883605957,"КГУ ""Казахская средняя общеобразовательная школа №39"""
50.57526397705078,57.539737701416016,"КГУ ""Средняя школа имени В.И.Пацаева"""
50.47523498535156,59.07783508300781,"КГУ ""Коктауская средняя школа"""
49.85606384277344,55.75308609008789,"КГУ ""Сарбулакская средняя школа"""
49.09862518310547,60.298763275146484,"КГУ ""Карасайская основная средняя школа"""
46.552146911621094,58.868995666503906,"КГУ ""Аяккумская основная средняя школа"""
50.312042236328125,57.14443588256836,"КГУ ""Средняя школа №16"""
48.67422866821289,60.454803466796875,"КГУ ""Темирастауская общеобразовательная средняя школа"""
48.49092102050781,57.445064544677734,"КГУ ""Сагинская общеобразовательная средняя школа"""
50.33824157714844,57.279335021972656,"КГУ ""Общеобразовательная средняя школа №45"""
50.32428741455078,57.33103942871094,"КГУ ""Каргалинская казахская средняя школа им. М. Арынова"""
49.81568145751953,57.345699310302734,"КГУ ""Тамдинская средняя школа"""
48.776058197021484,58.076229095458984,КГУ «Общеобразовательная средняя школа №5 города Жем»
49.20809555053711,56.561370849609375,"КГУ ""Шубаркудыкская общеобразовательная казахско-русская средняя школа №2"""
50.31398391723633,57.12800216674805,"КГУ ""Средняя общеобразовательная школа № 40"""
50.27313995361328,57.21019744873047,"КГУ ""Казахская средняя общеобразовательная школа №33"""
49.931419372558594,58.99991989135742,"КГУ ""Копинская средняя школа"""
50.88251876831055,58.51155090332031,"КГУ ""Бозтобинская основная школа"""
48.57872772216797,57.18084716796875,"КГУ ""Шубаршийская общеобразовательная средняя школа"""
50.02151107788086,55.648441314697266,"КГУ ""Средняя школа имени Имангали Билтабанова"""
47.74728775024414,59.15639877319336,"КГУ ""Кызылтусская основная средняя школа"""
49.21686553955078,60.50151062011719,"КГУ ""Каракудыкская основная средняя школа"""
49.25619888305664,57.58330535888672,КГУ «Общеобразовательная средняя школа имени К.Жубанова»
50.28569793701172,57.16748809814453,"КГУ ""Гимназия №17"""
50.270790100097656,56.963993072509766,"КГУ ""Средняя общеобразовательная школа №58 """
50.31356430053711,57.242984771728516,"КГУ ""Средняя школа №18"""
48.27927017211914,57.07211685180664,"КГУ ""Кожасайская основная средняя школа"""
49.6209716796875,57.36768341064453,КГУ «Елекская основная средняя школа»
50.3092155456543,57.148590087890625,"КГУ ""Средняя школа №34"""
50.46223449707031,60.33412170410156,КГУ «Талдысайская общеобразовательная средняя школа»
48.341835021972656,58.83134841918945,"КГУ ""Актогайская общеобразовательная средняя школа"""
49.139312744140625,56.47370910644531,КГУ «Шубаркудыкская общеобразовательная средняя школа №3»
48.083248138427734,55.57726287841797,"КГУ ""Баршакумская средняя школа"""
50.5611457824707,58.277400970458984,"КГУ ""Бадамшинская школа- ясли сад"""
50.07072830200195,59.60479736328125,КГУ «Общеобразовательная Белкопинская средняя школа»
48.64247131347656,60.739498138427734,ГУ «Общеобразовательная средняя школа имени Б.Алманова»
48.586585998535156,58.45297622680664,"КГУ ""Мугалжарская общеобразовательная средняя школа"""
50.282745361328125,57.198455810546875,"КГУ ""Средняя школа №35 имени Халела Досмухамедулы"""
49.14902877807617,57.12033462524414,"КГУ ""Общеобразовательная средняя школа имени С.Байшева"""
49.32763671875,57.83561325073242,КГУ «Жанатурмысская основная средняя школа»
48.4562873840332,58.54823684692383,"КГУ ""Общеобразовательная Берчогурская средняя школа"""
49.62261962890625,58.37134552001953,КГУ «Аксуская основная средняя школа»
50.570770263671875,60.189388275146484,КГУ «Жамбылская общеобразовательная средняя школа»
50.34358215332031,57.27244186401367,"КГУ ""Общеобразовательная средняя школа №49"""
47.51667404174805,60.65686798095703,"КГУ ""Общеобразовательная Тогузская средняя школа"""
50.80476379394531,58.04146194458008,"КГУ ""Велиховская основная школа"""
50.17479705810547,60.181392669677734,КГУ «Общеобразовательная средняя школа имени Жакия Сарсенова»
49.14009475708008,56.48078536987305,"КГУ ""Шубаркудыкская общеобразовательная средняя школа №4"""
50.564334869384766,58.27909851074219,"КГУ ""Бадамшинская средняя школа №2"""
49.648372650146484,56.528987884521484,"КГУ ""Болгарская школа-сад"""
48.60382843017578,57.89459228515625,"КГУ ""Кумжарганская общеобразовательная средняя школа"""
48.44537353515625,61.36766815185547,"КГУ ""Общеобразовательная средняя школа имени Т.Шонанұлы"""
46.21792221069336,58.82217025756836,"КГУ ""Бозойская общеобразовательная средняя школа"""
48.544761657714844,56.01858139038086,"КГУ ""Косаральская основная школа"""
49.440818786621094,56.47479248046875,КГУ «Школа-сад имени Н.Байганина»
49.66477584838867,57.501251220703125,"КГУ ""Основная средняя школа имени Котибар батыра"""
47.89997100830078,59.782291412353516,"КГУ ""Общеобразовательная средняя школа им.Т.Шанова"""
50.074825286865234,62.11955642700195,КГУ «Аккумская основная средняя образовательная школа»
49.568885803222656,56.73664093017578,"КГУ ""Енбекская основная средняя школа"""
48.02768325805664,59.190860748291016,"КГУ ""Общеобразовательная средняя школа ГКС-12"""
48.14044189453125,55.108497619628906,"КГУ ""Актан жырауская основная школа"""
50.230018615722656,56.2093391418457,"КГУ ""Средняя школа имени Алии Молдагуловой"""
48.92551040649414,59.106571197509766,"КГУ ""Каиндинская общеобразовательная средняя школа"""
49.87106704711914,57.544342041015625,"КГУ ""Школа-сад имени Есет батыра"""
49.26310729980469,55.550254821777344,"КГУ ""Общеобразовательная средняя школа имени Абая"""
50.99887466430664,58.42930603027344,"КГУ ""Алимбетовская средняя школа - детский сад"""
49.95505905151367,60.115169525146484,"КГУ ""Общеобразовательная средняя школа им.Т.Г.Шевченко"""
50.742332458496094,56.50598907470703,"КГУ ""Мартукская общеобразовательная средняя школа № 1"""
50.830833435058594,60.1624641418457,КГУ «Ушкаттинская общеобразовательная средняя школа»
49.35561752319336,60.321475982666016,КГУ «Милинская начальная образовательная школа»
49.51019287109375,54.906307220458984,"КГУ ""Саралжинская средняя школа имени А.Дербисалина"""
49.536277770996094,57.55234909057617,"КГУ ""Жарыкская основная средняя школа"""
47.480323791503906,59.286380767822266,"КГУ ""Жанаконысская общеобразовательная средняя школа"""
50.802825927734375,58.30417251586914,"КГУ ""Ащылысайская средняя школа - детский сад"""
50.31898498535156,55.17084884643555,"КГУ ""Отекская основная школа"""
48.93647384643555,58.70875930786133,"КГУ ""Алтындинская общеобразовательная средняя школа"""
48.4308967590332,55.23884201049805,"КГУ ""Сагизская средняя школа"""
49.77336883544922,56.849769592285156,"КГУ ""Карабулакская школа-детский сад"""
49.20014572143555,55.86243438720703,"КГУ ""Алтыкарасуская школа-сад"""
48.702693939208984,57.860023498535156,"КГУ ""Кумжарганская основная средняя школа"""
50.966224670410156,61.643333435058594,КГУ «Айкенская общеобразовательная средняя школа»
48.62050247192383,61.261444091796875,"КГУ ""Общеобразовательная средняя школа имени Ы.Алтынсарина"""
50.290008544921875,57.06612014770508,"КГУ ""Средняя школа-лицей имени Каныша Сатпаева"""
47.411766052246094,60.84303665161133,"КГУ ""Карашокатская общеобразовательная средняя школа"""
50.74504089355469,57.887916564941406,"КГУ ""Кос-Истекская средняя школа"""
49.28495788574219,58.006874084472656,"КГУ ""Общеобразовательная средняя школа имени А.Жубанова"""
50.43254089355469,60.506797790527344,"КГУ ""Общеобразовательная средняя школа имени Т.Жургенова"""
48.144954681396484,56.56912612915039,"КГУ ""Булактыкольская средняя школа"""
49.62404251098633,56.21847152709961,КГУ «Основная школа имени А.Молдагуловой»
49.17976379394531,58.418880462646484,"КГУ ""Булактинская основная средняя школа"""
51.038177490234375,61.66443634033203,КГУ «Теренсайская общеобразовательная средняя школа»
48.61796951293945,61.259490966796875,"КГУ ""Казахская общеобразовательная средняя школа №1"""
50.04646301269531,56.6865234375,"КГУ ""Карахобдинская школа-детский сад"""
50.38524627685547,57.40562057495117,"КГУ ""Пригородная средняя школа"""
50.876399993896484,56.68912887573242,"КГУ ""Дмитриевская общеобразовательная основная школа"""
49.47832107543945,57.415977478027344,КГУ «Кандыагашская городская общеобразовательная средняя школа №1»
50.72161865234375,58.66836929321289,"КГУ ""Саздинская средняя школа"""
49.85586166381836,55.753116607666016,КГУ «Мамытская основная средняя школа»
47.35230255126953,59.23017501831055,"КГУ ""Общеобразовательная Коргантузская средняя школа"""
50.641319274902344,56.69390106201172,"КГУ ""Саржансайская общеобразовательня средняя школа"""
49.49050521850586,58.51517868041992,"КГУ ""Кумсайская общеобразовательная средняя школа"""
48.62770080566406,61.23943328857422,"КГУ ""Иргизская гимназия"""
50.133853912353516,55.81361389160156,"КГУ  ""Кусуткульская основная школа"""
48.708984375,59.686038970947266,"КГУ ""Каратогайская общеобразовательная средняя школа"""
49.186824798583984,54.531898498535156,"КГУ ""Каракемерская школа-детский сад"""
50.3220329284668,56.01705551147461,"КГУ ""Бестауская средняя школа"""
49.9256591796875,60.135536193847656,КГУ «Жароткельская основная средняя образовательная школа»
50.25151443481445,56.84708023071289,"КГУ ""Маржанбулакская средняя школа"""
50.7824821472168,56.373165130615234,"КГУ ""Средняя школа имени С.Ешбаева"""
50.73020935058594,56.50214385986328,"КГУ ""Мартукская общеобразовательная средняя школа № 4"""
48.62057876586914,61.26146697998047,"КГУ ""Иргизская общеобразовательная средняя школа №2"""
50.44842529296875,55.32762145996094,"КГУ ""Жарыкская школа -сад"""
48.163822174072266,59.056400299072266,"КГУ ""Общеобразовательная средняя школа имени М.Тажина"""
50.666839599609375,61.51686096191406,КГУ «Актастинская Общеобразовательная средняя школа»
49.421104431152344,58.296417236328125,"КГУ ""Основная средняя школа Ащысай"""
50.78447723388672,56.786399841308594,КГУ «Каратаусайская общеобразовательная средняя школа»
48.36628341674805,60.07666778564453,"КГУ ""Основная средняя школа имени М.Орынбасарова"""
49.45730209350586,57.40571975708008,"КГУ ""Кандыагашская городская общеобразовательная средняя школа №2"""
50.353485107421875,57.17703628540039,"КГУ ""Средняя общеобразовательная школа №57"""
50.75761413574219,54.947994232177734,"КГУ ""Каракемерская основная школа"""
49.524314880371094,55.27280044555664,"КГУ ""Косембайская основная школа"""
50.45587158203125,57.02508544921875,"КГУ ""Областная специальная санаторная школа-интернат"""
50.19894027709961,55.96518325805664,"КГУ ""Талдысайская средняя школа Кобдинского района"""
50.32495880126953,57.40101623535156,"КГУ ""Кызылжарская средняя школа"""
47.84090042114258,59.61888122558594,"КГУ ""Общеобразовательная средняя школа №3 """
49.68942642211914,60.16860580444336,КГУ «Кыналинская основная средняя образовательная школа»
51.01264190673828,56.95365905761719,"КГУ ""Полтавская общеобразовательная средняя школа"""
48.02630615234375,59.168678283691406,"КГУ ""Начальная школа №42"""
49.41817855834961,58.18388366699219,"КГУ ""Сабындыкульская начальная школа"""
47.83864212036133,56.20423126220703,"КГУ ""Каражарская средняя школа"""
49.97449493408203,55.35775375366211,"КГУ ""Калиновская средняя школа"""
48.62441635131836,57.194602966308594,"КГУ ""Кумсайская основная средняя школа"""
50.16585922241211,57.07344055175781,"КГУ ""Саздинская средняя школа"""
48.95977783203125,54.24250030517578,"КГУ ""Жаксыбайкольская основная школа"""
51.13077926635742,61.86081314086914,"КГУ ""Сулукольская общеобразовательная средняя школа"""
47.09284210205078,59.068111419677734,"КГУ ""Общеобразовательная средняя школа им. Б.Сулейменова"""
48.547298431396484,57.560123443603516,"КГУ ""Жанажольская общеобразовательная средняя школа"""
50.512725830078125,56.915191650390625,КГУ «Хлебодаровская общеобразовательная средняя школа»
48.443607330322266,55.717864990234375,"КГУ ""Карабулакская средняя школа"""
49.07157897949219,54.657100677490234,"КГУ ""Уилская казахская средняя школа имени Ж.Жусибалиева"""
48.384544372558594,58.652320861816406,"КГУ ""Начальная школа №60"""
49.653541564941406,57.34217834472656,КГУ «Аккемирская общеобразовательная средняя школа»
47.840641021728516,59.598609924316406,"КГУ ""Общеобразовательная средняя школа №4"""
49.21836471557617,56.63789367675781,"КГУ ""Копинская общеобразовательная средняя школа"""
49.4845085144043,54.824710845947266,"КГУ ""Теректинская основная школа"""
50.7974739074707,57.481292724609375,КГУ «Хазретовская общеобразовательная средняя школа»
50.4682731628418,61.2210578918457,КГУ «Общеобразовательная Карашатауская средняя школа»
49.071754455566406,54.668914794921875,"КГУ ""Школа-гимназия имени Шарбану Бекмухамбетовой"""
50.273040771484375,57.1724739074707,"КГУ ""Актюбинская областная специализированная физико-математическая лицей-интернат"""
50.27651596069336,55.3941764831543,"КГУ ""Курсайская начальная   школа"""
49.35982894897461,57.236507415771484,КГУ «Общеобразовательная средняя школа имени Ы.Мухамеджанова»
50.618247985839844,56.81521987915039,"КГУ ""Каратугайская общеобразовательная средняя школа"""
48.45207977294922,56.3134765625,"КГУ ""Кокбулакская средняя школа"""
49.487003326416016,54.015594482421875,"КГУ ""Караойская школа-сад"""
49.41056823730469,56.7223014831543,КГУ «Талдысайская общеобразовательная средняя школа»
47.83238983154297,59.62103271484375,"КГУ ""Школа - лицей №5"""
48.86069107055664,55.58820724487305,"КГУ ""Теректинская школа-сад"""
50.66707992553711,56.562652587890625,"КГУ ""Кенсахаринская общеобразовательная средняя школа"""
50.909278869628906,56.39938735961914,"КГУ ""Вознесеновская общеобразовательная средняя школа"""
49.159332275390625,54.71267318725586,"КГУ ""Екпеталская школа-сад"""
48.9247932434082,54.57229995727539,"КГУ ""Амангельдинская средняя школа"""
50.69539260864258,55.008262634277344,"КГУ ""Кызылжарская средняя школа"""
50.90027618408203,57.099395751953125,КГУ «Кызылжарская общеобразовательная средняя школа»
50.449989318847656,58.00806427001953,"КГУ ""Тассайская средняя школа"""
49.97871017456055,56.36288070678711,"КГУ ""Акайская средняя школа"""
48.91339874267578,54.40574264526367,"КГУ ""Курманская средняя школа"""
47.82985305786133,59.64204025268555,"КГУ ""Общеобразовательная средняя школа №6"""
50.920169830322266,56.57603454589844,"КГУ ""Веренская общеобразовательная основная школа"""
48.59417724609375,57.18342971801758,"КГУ ""Саркульская общеобразовательная средняя школа"""
49.90297317504883,57.33916473388672,"КГУ ""Алгинская школа-сад №1"""
49.66595458984375,54.865142822265625,"КГУ ""Жамбулская школа-детский сад"""
49.32273483276367,53.787086486816406,"КГУ ""Каракольская начальная школа"""
50.420345306396484,56.48126983642578,"КГУ ""Курмансайская общеобразовательная средняя школа"""
50.1461067199707,55.66720962524414,"КГУ ""Кобдинская казахская средняя школа"""
50.05446243286133,56.27081298828125,"КГУ ""Кольтабанская начальная школа"""
50.51107406616211,56.10396194458008,"КГУ ""Байнассайская общеобразовательная основная школа"""
50.461788177490234,59.08085632324219,"КГУ ""Средняя школа Нурлы-кош"""
48.997859954833984,57.23061752319336,КГУ «Жамбылская основная средняя школа»
47.81201171875,59.60707473754883,"КГУ ""Общеобразовательная средняя школа № 8"""
49.90158462524414,57.328407287597656,"КГУ ""Алгинская средняя школа №2 им.В.И.Пацаева"""
49.340415954589844,57.056541442871094,"КГУ ""Сагашилиская общеобразовательная средняя школа"""
50.79304504394531,56.92588424682617,КГУ «Аккайнская общеобразовательная средняя школа»
50.15006637573242,55.67753219604492,"КГУ ""Кобдинская средняя школа"""
49.7192497253418,55.064552307128906,"КГУ ""Тайсойганская основная школа"""
49.931602478027344,59.035804748535156,"КГУ ""Сатпаевская средняя школа"""
49.07112121582031,54.66318893432617,"КГУ ""Уилская казахская средняя школа"""
47.82389831542969,59.632713317871094,"КГУ ""Общеобразовательная средняя школа имени А.Жангелдина"""
49.53995895385742,60.30134201049805,КГУ «Общеобразовательная средняя школа имени Б.Сейсекенова»
49.89303207397461,57.323665618896484,"КГУ ""Алгинская казахская средняя школа №3"""
49.127323150634766,54.90039825439453,"КГУ ""Сорколская средняя школа"""
49.29931640625,55.64124298095703,КГУ «Бабатайская основная средняя школа»
50.973148345947266,57.303218841552734,КГУ «Бортинская общеобразовательная средняя школа»
50.15258026123047,55.65864562988281,"КГУ ""Гимназия имени Исатая Тайманова"""
47.790645599365234,59.602962493896484,"КГУ ""Сарыкамысская основная средняя школа"""
50.959014892578125,56.783294677734375,"КГУ ""Байторасайская общеобразовательная средняя школа"""
49.41514205932617,54.04401397705078,"КГУ ""Кубасайская начальная школа"""
50.89300537109375,56.94318389892578,"КГУ ""Шевченковская общеобразовательная основная школа"""
47.83555603027344,59.626853942871094,"КГУ ""Общеобразовательная средняя школа имени И.Ургенишбаева"""
50.277530670166016,57.221229553222656,"КГУ ""Средняя школа №42"""
49.8936653137207,57.317626953125,"КГУ ""Алгинская средняя школа №4"""
49.971317291259766,60.04338073730469,"КГУ ""Енбектуская общеобразовательная средняя школа"""
48.71755599975586,57.168880462646484,"КГУ ""Основная средняя школа им. М.Ауэзова"""
50.25719451904297,58.443485260009766,"КГУ ""Хромтауская средняя школа №1"""
49.81601333618164,55.133792877197266,"КГУ ""Средняя школа имени И.Курманова"""
49.3418083190918,54.55406188964844,"КГУ ""Акшатауская средняя школа"""
50.76782989501953,56.5692024230957,"КГУ ""Казанская общеобразовательная основная школа"""
50.31916809082031,57.14276123046875,"КГУ ""Общеобразовательная средняя школа №47 города Актобе"" ГУ ""Отдел образования города Актобе"""
49.984336853027344,57.19892501831055,"КГУ ""Средняя школа имени А.Байтурсынова"""
47.55636215209961,60.54551696777344,"КГУ ""Общеобразовательная средняя школа №7"""
49.20514678955078,56.788143157958984,КГУ «Кенестуская основная средняя школа»
50.00983810424805,57.44019317626953,"КГУ ""Бескоспинская средняя школа"""
50.3007698059082,57.132389068603516,"КГУ ""Средняя общеобразовательная школа №48"""
50.299774169921875,56.348297119140625,КГУ «Егизатинская общеобразовательная начальная школа»
50.04825210571289,57.35166549682617,"КГУ ""Бестамакская средняя школа"""
49.350730895996094,56.17402267456055,"КГУ ""Енбекшинская школа-сад"""
49.19889450073242,56.047767639160156,"КГУ ""Сартогайская основная средняя школа"""
50.238616943359375,57.9907341003418,"КГУ ""Просторненская начальная школа"""
48.87499237060547,54.66489791870117,"КГУ ""Карасуская основная школа"""
48.94049072265625,54.7596435546875,"КГУ ""Курмановская начальная школа"""
43.238037109375,75.93999481201172,КГУ «Средняя школа села Коккайнар»
44.89510726928711,78.2357177734375,КГУ «Средняя школа-гимназия имени Кадыргали Косымулы Жалайри»
44.89208221435547,78.41691589355469,"КГУ ""Средняя школа имени Т.Рустембекова с ДМЦ"""
42.90338134765625,79.45572662353516,"КГУ ""Средняя школа Тасашы"""
43.553470611572266,76.2912368774414,КГУ«Средняя школа села Аксенгир»
45.84916687011719,80.2252426147461,"КГУ ""Кызылкайынская средняя школа с ДМЦ"""
46.47393798828125,81.5260009765625,"КГУ ""Алакольская средняя школа с  ДМЦ """
43.4191780090332,77.0184555053711,"ГКУ ""Школа-гимназия №38"""
43.222530364990234,76.67542266845703,"КГУ ""Специализированный лицей имени Аль-Фараби"""
43.25484085083008,76.9642562866211,"ГКУ "" Школа-интернат им. И.Нусупбаева"""
43.085052490234375,75.98542785644531,"КГУ""Кастекская средняя школа с дошкольным мини-центром"""
44.32738494873047,78.98185729980469,"КГУ ""Средняя школа имени Аманбайулы"
43.234893798828125,76.32071685791016,КГУ«Средняя школа имени Абдоллы Карсакбаева»
45.256282806396484,82.48606872558594,"КГУ ""Средняя школа № 11 поселка Достык с ДМЦ"""
43.36378860473633,76.27385711669922,КГУ «Средняя школа имени Б.Кыдырбекулы»
43.994937896728516,76.3171615600586,"ГКУ ""Средняя школа №41 им. Т.Бокина"""
43.272518157958984,75.48470306396484,КГУ «Средняя школа села Актерек»
45.86691665649414,81.6472396850586,"КГУ ""Коктуминская казахская средняя школа с ДМЦ"""
43.29545211791992,76.45235443115234,КГУ «Средняя школа села Мынбаева»
43.45128631591797,77.17674255371094,"КГУ ""Алгинская средняя школа с дошкольным мини-центром"""
43.09947967529297,79.39643859863281,"КГУ ""Средняя школа Туюк с дошкольным миницентром"""
44.162315368652344,76.09992980957031,"КГУ ""Бозойская основная средняя школа"""
44.90697479248047,78.30182647705078,"КГУ ""Средняя школа имени Байысова с ДМЦ"""
44.90058135986328,78.23917388916016,СШ  имени Нурмолды Алдабергенова
43.22892379760742,76.91748046875,"КГУ ""Специализированный физико-математический лицей-интернат имени Ш. Смагулова"""
45.074974060058594,78.07238006591797,"КГУ ""НШ Сарыбулак"""
44.52214813232422,78.69799041748047,"КГУ ""Куренбельская НШ"""
46.214839935302734,80.84497833251953,"КГУ ""Жанаминская казахская средняя школа с ДМЦ"""
44.67500686645508,78.05188751220703,СШ  «Кызылтоган»
45.3836669921875,78.72466278076172,"КГУ ""Кызылагашская основная средняя школа с дошкольным миницентром"""
45.01620101928711,75.6617660522461,"ГКУ ""Аккольская средняя школа с дошкольным мини центром """
43.21066665649414,76.32064056396484,"КГУ ""Средняя школа имени Турара Рыскулова с пришкольным интернатом"""
45.25302505493164,82.49417877197266,"КГУ ""Достыкская средняя школа с ДМЦ"""
43.106388092041016,76.01392364501953,КГУ «Средняя школа села «Сураншы батыр»
45.0546875,78.06288146972656,"КГУ ""Средняя школа имени Ельтая"""
43.6091423034668,77.88739013671875,"КГУ ""Средняя школа Кольды"""
43.070098876953125,78.40370178222656,"КГУ ""Средняя школа имени Айтжана Туркебаева с дошкольным миницентром"""
44.932373046875,78.26034545898438,"КГУ ""Средняя школа имени Бактыбая Жолбарысулы с ДМЦ"""
44.806495666503906,76.2781753540039,"ГКУ ""Средняя школа имени Ж.Барибаева с дошкольным мини центром"""
44.895233154296875,78.23587036132812,СШ №2 имени Медеубая Курманова
46.12974166870117,80.87073516845703,"КГУ ""Карабулакская средняя школа с ДМЦ"""
43.150108337402344,76.18572998046875,КГУ «Средняя школа имени Жамбыла»
43.42973327636719,76.73213195800781,КГУ «Средняя школа имени Б.Тамабаева дошкольном мини центром»
43.567134857177734,75.28215026855469,КГУ«Средняя школа села Матибулак с дошкольным мини-центром»
44.94110870361328,78.20516967773438,НШ Каратал
45.63859939575195,80.62603759765625,КГУ «Байзерекская основная средняя школа»
45.23246383666992,78.67615509033203,"КГУ ""Средняя школа имени Ш.Уалиханова """
43.16669845581055,76.4029769897461,КГУ «Средняя школа имени Асета Бейсеуова»
44.936859130859375,76.02025604248047,"ГКУ""Средняя школа имени Ы. Алтынсарина с дошкольным миницентром"""
43.23151779174805,75.59766387939453,КГУ «Жамантинская начальная школа»
43.18159484863281,76.39909362792969,"КГУ ""Каргалинская специализированная гимназия №2"""
45.42857360839844,79.37443542480469,"КГУ ""Каракемерская средняя школа с дошкольным мини-центром"""
43.13276672363281,79.81722259521484,"КГУ ""Средняя школа имени Шокана Уалиханова с дошкольным мини-центром"" государственного учреждения ""Отдел образования по Райымбекскому району Управления образования Алматинской области"
43.58049392700195,77.72607421875,"КГУ ""Казаткомская основная средняя школа"""
43.371734619140625,77.44866180419922,"КГУ ""Средняя школа имени В.Терешковой"""
44.893062591552734,78.20892333984375,СШ  имени Темиргали Исабаева
43.31806945800781,76.0963363647461,"КГУ ""Средняя школа имени Телтая Сарсенбекова"""
43.41659164428711,76.89725494384766,"ГКУ ""Средняя школа № 4"""
45.458831787109375,75.20469665527344,"ГКУ ""Средняя школа имени А.Ахметова с дошкольным мини центром"""
44.88090515136719,78.53875732421875,"КГУ ""Основная средняя школа имени О. Кошевого с ДМЦ"""
45.676856994628906,80.6074447631836,"КГУ ""Карлыгашская основная средняя школа """
44.168487548828125,80.01248168945312,КГУ «Средняя школа имени Ы.Алтынсарина»
45.67431640625,80.65338134765625,"КГУ ""Основная средняя школа Тонкерис"""
43.63148880004883,77.56636047363281,"КГУ ""Екпендинская основная средняя школа"""
44.870338439941406,78.23245239257812,СШ  № 5
43.193668365478516,76.23458862304688,"КГУ""Карасуйская средняя школа с дошкольным мини центром"""
45.05311965942383,74.61380767822266,"ГКУ имени ""Средняя школа № 2 имени Жамбыла с дошкольным мини центром"""
43.153846740722656,79.88340759277344,"КГУ ""Средняя школа Шалкоде с дошкольным мини- центром"" государственного учреждения ""Отдел образования по Райымбекскому району Управления образования Алматинской области"""
43.19490051269531,76.41752624511719,КГУ «Каргалинская средняя школа №4»
43.357513427734375,76.62376403808594,КГУ «Новая казахская средняя школа на станции Шамалган»
43.2166633605957,76.3168716430664,КГУ «Средняя школа имени С.Бердыкулова»
45.7821159362793,80.97069549560547,КГУ «Бибаканская основная средняя школа»
43.1665153503418,76.0457763671875,КГУ «Средняя школа имени Токаш Бокина»
44.214744567871094,80.23284912109375,КГУ «Пиджимская средняя школа»
44.93368148803711,78.45191192626953,"КГУ ""Основная средняя школа Мелькомбинат с ДМЦ"""
43.118804931640625,75.68061828613281,КГУ «Средняя школа имени Жангельдина с начальной школой Караарша»
44.86513900756836,78.17310333251953,СШ имени Жапсарбаева
43.15859603881836,76.41915130615234,КГУ«Каргалинская средняя школа №3»
45.45066452026367,78.31480407714844,"КГУ ""Основная средняя школа имени Мухтара Ауэзова с дошкольным мини-центром"""
43.29374694824219,77.23423767089844,"КГУ ""Специализированый лицей №8 имени Ю.Гагарина"""
43.35205078125,77.26104736328125,"КГУ ""Азатская основная средняя школа"""
42.83069610595703,80.05213928222656,"КГУ ""Средняя школа имени Казыбек Шорманова с дошкольным мини-центром"" государственного учреждения ""Отдел образования по Райымбекскому району Управления образования Алматинской области"""
45.66444778442383,80.37310028076172,КГУ «Черкасская средняя школа с дошкольным мини – центром и Ленинской начальной школой Сарканского районного отдела образования»
43.27252960205078,75.71807861328125,КГУ «Средняя школа села Бериктас»
44.912940979003906,78.26817321777344,"КГУ ""Основная средняя школа Жастар с ДМЦ"""
44.89371871948242,78.13121032714844,СШ имени Рахметолла Толқымбекұлы
44.574913024902344,78.99234008789062,"КГУ ""Кокталская НШ"""
43.30885314941406,76.02957916259766,КГУ «Средняя школа села Сарыбастау с дошкольным мини-центром»
42.98456573486328,79.03388214111328,"КГУ ""Основная школа Бескол"""
49.56245422363281,50.34819793701172,КГУ «Начальная школа Борық»
50.19061279296875,51.173091888427734,"КГУ ""Общеобразовательная школа №1"""
51.00526428222656,50.185821533203125,"КГУ ""Комплекс  ""школа-ясли-детский сад"" Ақтау"""
51.24966812133789,51.42877197265625,ГКП на ПХВ «Гимназия №42 «Ак ниет»
51.48295974731445,53.28630828857422,"КГУ ""Общеобразовательная школа Жарсуат"""
51.21897506713867,51.38650894165039,КГУ «Общеобразовательная школа №36 имени М.Б.Ихсанова»
50.115928649902344,47.425331115722656,"КГУ ""Общеобразовательная школа им.Г.Караша"""
51.1983642578125,50.85511016845703,"КГУ ""Переметнинская  общеобразовательная школа"""
48.819358825683594,46.76850509643555,"КГУ "" Общеобразовательная школа имени Мухамед-Салыка Бабажанова"""
51.216346740722656,51.96574020385742,"КГУ ""Федоровская общеобразовательная школа"""
49.28502655029297,47.79978942871094,"КГУ ""Начальная школа Құрсай"""
50.32347869873047,52.48346710205078,"КГУ ""Комплекс ""школа-ясли-детский сад"" ""Бұлан"""
49.3505859375,49.4577522277832,КГУ «Начальная школа Оразғали»
49.094017028808594,49.7874870300293,КГУ «Общеобразовательная школа Айдархан»
50.89506912231445,53.689964294433594,"КГУ ""Основная средняя образовательная школа - сад села Ардақ """
51.207672119140625,51.57823181152344,КГУ «Магистральная общеобразовательная школа»
43.16257095336914,76.41090393066406,КГУ «Средняя школа имени Кудыса Абсаметова»
51.416988372802734,52.668087005615234,"КГУ ""Комплекс ""школа - ясли-детский сад"" Қанай"""
51.02729034423828,51.416419982910156,КГУ «Основная средняя школа Социализм»
51.12831497192383,51.021148681640625,"КГУ ""Кировская основная средняя школа"""
49.66947937011719,49.47731399536133,"КГУ ""Общеобразовательная школа имени К.Мендалиева"""
51.17390823364258,52.994747161865234,"КГУ ""Общеобразовательная школа № 1 города Ақсай"""
50.0584716796875,53.12483215332031,"КГУ ""Основная средняя школа Көздіғара"""
51.195560455322266,51.37119674682617,КГУ   «Западно-Казахстанская областная  специализированная школа-лицей- интернат информационных технологий для одаренных детей».
45.4649772644043,79.19031524658203,"КГУ ""Карашиликская средняя школа с дошкольным мини-центром"""
43.48997116088867,77.41405487060547,"КГУ ""Баяндайская основная средняя школа"""
43.35502243041992,77.46663665771484,"КГУ ""Есикский спец. лицей-интернат ""БІЛІМ-ИННОВАЦИЯ"" для одаренных детей им. А.Малькеева"""
45.662574768066406,80.79826354980469,КГУ «Основная средняя школа Шынжылы»
43.33390426635742,76.94082641601562,Алматинская областная специализированная гимназия-интернат имени Абая
44.882625579833984,78.28763580322266,"КГУ ""Основная средняя школа Жаналык с ДМЦ"""
45.672794342041016,80.15518188476562,КГУ «Средняя школа имени К.Казыбаева» с.Какимжан
44.860443115234375,78.27839660644531,СШ  Енбекшиказах
42.998287200927734,78.81128692626953,"КГУ ""Основная школа имени Сейдахмета Боскынбаева"""
43.369842529296875,77.39057159423828,"КГУ ""Средняя школа имени Б.Майлина"""
44.661659240722656,78.91766357421875,"КГУ ""Коксуская СШ с ДМЦ"""
45.252140045166016,79.53107452392578,"КГУ ""Средняя школа имени М. Маметовой с ДМЦ"""
43.35243225097656,77.61825561523438,"КГУ ""Таутургенская основная средняя школа"""
44.930477142333984,78.70178985595703,"КГУ ""Основная средняя школа имени Мичурина с ДМЦ"""
43.503753662109375,80.45448303222656,"КГУ ""СШ им. М.Таипова с ДМЦ"""
44.23625183105469,75.71817016601562,"КГУ ""Основная средняя школа села Ащысу"""
44.3999137878418,77.6353530883789,"КГУ ""Казынсуская НШ"""
43.15831756591797,78.30699920654297,"КГУ ""Начальная школа Жинишке"""
44.33279037475586,78.4429702758789,"КГУ ""Алтынемелская СШ с ДМЦ"""
43.19914627075195,76.16812133789062,КГУ «Средняя школа села Саурык батыр с Бирликской начальной школой»
43.54945755004883,77.59175109863281,"КГУ ""Кайратская основная средняя школа"""
43.503761291503906,77.04126739501953,"ГКУ  ""Средняя школа № 12"""
44.903892517089844,78.64629364013672,Начальная школа Жендик
43.13051986694336,75.75460815429688,"КГУ ""Сункарская средняя школа"""
45.465824127197266,79.72896575927734,"КГУ ""Карасуская основная средняя школа с дошкольным мини - центром"""
44.23286437988281,77.80972290039062,"КГУ ""Кызылкудыкская НШ"""
44.42634963989258,80.05831146240234,КГУ «Средняя школа имени Х.Кобикова с дошкольным мини центром»
43.18004608154297,78.5257797241211,"КГУ ""Начальная школа Алгабас"""
45.38493347167969,79.54351043701172,"КГУ ""Средняя школа имени Н.Есеболатова с ДМЦ""  село Энергетик"
44.507930755615234,78.78975677490234,"КГУ ""СШ имени Н.Альмуханбетова с ДМЦ"""
45.445430755615234,79.7948989868164,"КГУ ""Тарасовская основная средняя школа с ДМЦ"""
45.2124137878418,78.69422149658203,Начальная школа Акешки
43.71565246582031,77.37018585205078,"КГУ""Основная средняя школа Курозек"""
45.25469207763672,77.98217010498047,"КГУ ""СШГ № 51 имени С.И. Морозова"""
43.568702697753906,77.3564453125,"КГУ ""Средняя школа имени Ы.Алтынсарина с пришкольным интернатом и начальной школой Кызылказак"""
43.59011459350586,78.21951293945312,"КГУ ""Средняя школа имени Т.Кенжебаева"""
43.44694900512695,76.27103424072266,"КГУ ""Жайсанская средняя школа с дошкольным мини-центром"""
42.90937042236328,79.57864379882812,"КГУ имени «Акбейіт начальная школа """
44.065067291259766,78.7390365600586,"КГУ ""Нурымская СШ с ДМЦ"""
43.52802658081055,78.30863189697266,"КГУ ""Диханская основная средняя школа"""
45.48087692260742,79.59937286376953,"КГУ ""Начальная  школа Кызылкайн с ДМЦ"" село Кызылкайың"
43.57676315307617,75.42436218261719,КГУ «Средняя школа села Танбалытас с дошкольным мини-центром»
43.330291748046875,77.1996078491211,"КГУ ""Общеобразовательная средняя школа №44 с дошкольным мини-центром"""
43.59339904785156,78.2618637084961,"КГУ ""Средняя школа имени Розыбакиева"""
51.16301727294922,50.76361846923828,"КГУ ""Начальная  школа Қаражар """
45.03678512573242,75.01869201660156,"ГКУ ""Топарская средняя школа с дошкольным мини центром"""
46.189815521240234,81.08385467529297,"КГУ ""Средняя школа с ДМЦ имени Динмухамеда Конаева"""
45.54831314086914,79.80308532714844,"КГУ ""Кенгаринская средняя школа с дошкольным мини-центром"""
44.85391616821289,78.64429473876953,"Начальная школа Екпинды, Ескельдинского района."
45.01127624511719,78.40139770507812,"КГУ ""СШГ с ДМЦ имени Б. Римовой"""
51.05934524536133,51.5691032409668,КГУ «Общеобразовательная школа Шаған»
48.93492889404297,47.035736083984375,"КГУ "" НШ Жәрмеңке"""
49.4990234375,50.516178131103516,КГУ «Пятимарская общеобразовательная школа»
49.304012298583984,53.16086959838867,КГУ «Общеобразовательная школа имени Б.Каратаева»
51.13267517089844,53.07019805908203,"КГУ ""Общеобразовательная школа № 7 города Ақсай"""
43.56581115722656,78.08393096923828,"КГУ ""Средняя школа имени Алтынбике Бертаевой с начальной школой Лавар"""
50.956748962402344,49.93592071533203,"КГУ ""Комплекс ""школа- ясли -детский сад"" Амангелді"""
45.655086517333984,80.88624572753906,"КГУ ""Кокжарская основная средняя школа"""
51.1650276184082,52.999786376953125,"КГУ ""Общеобразовательная школа №2 города Ақсай"""
51.19878005981445,51.3883171081543,КГУ «Общеобразовательная школа №43»
51.16727828979492,51.28615951538086,"ГКП на ПХВ ""Школа-лицей №38 имени А.Н.Молдагуловой"""
51.192169189453125,51.380855560302734,"КГУ ""Общеобразовательная школа №1"""
50.82862854003906,52.02963638305664,"КГУ ""Общеобразовательная школа имени В.И.Шубина"""
51.2043342590332,50.86931610107422,"КГУ ""Общеобразовательная школа имени Касыма Аманжолова"""
49.5650520324707,46.93294906616211,"КГУ ""Начальная школа имени И.Жумаева"""
51.59152603149414,51.07027053833008,"КГУ ""комплекс ""школа-ясли-детский сад"" им. Касыма Ахмирова"""
50.18151092529297,51.173587799072266,КГУ «Общеобразовательная школа №2 имени М. Ауезова»
49.782020568847656,50.21202087402344,КГУ «Начальная школа Қайшақұдық»
44.10258865356445,77.92926788330078,"КГУ ""Карашокинская СШ"""
51.11093521118164,51.708396911621094,КГУ «Новопавловская общеобразовательная школа»
49.670127868652344,49.473411560058594,"КГУ ""Общеобразовательная школа имени Г. Молдашева"""
49.9124870300293,47.33732604980469,"КГУ ""Основная средняя школа Тегісшіл"""
51.388580322265625,53.50253677368164,"КГУ""Комплекс ""школа-ясли-детский сад"" Қарасу"""
44.19624328613281,77.88880157470703,"КГУ ""Сарыбастауская СШ с ДМЦ"""
45.40675354003906,78.64730834960938,"КГУ ""Колтабанская основная средняя школа с ДМЦ"""
43.773780822753906,79.38581848144531,"КГУ ""СШ им.М.Хамраева с ДМЦ"""
51.248558044433594,51.44217300415039,ГКП на ПХВ «Школа-гимназия №44 имени Динмухамеда Конаева»
51.27973556518555,51.30031967163086,"КГУ ""Жамбылская  общеобразовательная школа"""
49.21477508544922,49.83224105834961,КГУ «Начальная школа Кіші Айдархан»
44.31774139404297,78.21697998046875,"КГУ ""Майтобинская СШ с ДМЦ"""
43.542213439941406,77.2826919555664,"КГУ ""Средняя школа имени И . Жансугурова с дошкольным мини-центром и начальной школой Базаркельды"""
44.354957580566406,77.97035217285156,"КГУ ""СШ имени Д.Конаева"""
43.53406524658203,77.75492858886719,"КГУ ""Казахстанская средняя школа"""
51.268951416015625,52.159603118896484,КГУ «Чапаевская общеобразовательная школа»
44.96228790283203,78.69126892089844,"КГУ ""Начальная школа Ақтасты"""
43.32533264160156,77.1988754272461,"ГКУ ""Акдалинская средняя школа"""
45.38230514526367,74.13651275634766,"ГКУ ""Средняя школа имени Н. Бозжанова с дошкольным мини центром"""
51.23989486694336,51.38934326171875,"КГУ ""Общеобразовательная школа №39"""
45.83584976196289,80.62930297851562,КГУ «Кабанбайская средняя школа №1 с ДМЦ»
51.151695251464844,52.317176818847656,КГУ «Общеобразовательная школа Алғабас»
50.873924255371094,52.802494049072266,"КГУ""Комплекс ""школа–ясли-детский сад"" Қарағанды"""
50.73796463012695,52.9283332824707,"КГУ ""Комплекс ""школа-ясли-детский сад"" Тасқұдық"""
48.74713134765625,47.67872619628906,"КГУ "" НШ Алғашық"""
50.324920654296875,53.59458541870117,"КГУ ""Аксуатская основная средняя школа"""
51.26832962036133,51.048553466796875,"КГУ ""Комплекс ""школа-ясли-детский сад"" Белес"""
43.48151779174805,77.45600891113281,"КГУ ""Енбекская средняя школа с Орнекской начальной школой"""
51.105892181396484,50.29121017456055,"КГУ ""Общеобразовательная школа имени Садыка Жаксыгулова"""
51.180442810058594,50.1434326171875,"КГУ ""Общеобразовательная начальная школа Бастау"""
51.35586929321289,51.46939468383789,"КГУ ""Макаровская общеобразовательная школа"""
51.23723602294922,51.45164108276367,"КГУ ""Общеобразовательная школа №2 имени Ж.Молдагалиева"""
44.290409088134766,79.90242004394531,КГУ «Средняя школа имени Е.Сыпатаева с дошкольным мини центром»
43.77322769165039,79.38545227050781,"КГУ  ""CШ им. Д.Конаев"""
43.6055793762207,78.2685775756836,"КГУ ""Средняя школа имени Алии Молдагуловой с дошкольным мини-центром"""
45.409690856933594,79.24944305419922,"КГУ ""Сагакуресская оснавная средняя школа с ДМЦ"""
49.649627685546875,50.64171600341797,КГУ«Общеобразовательная школа имени Е.Ш. Оракбаева»
44.03225326538086,78.74742126464844,"КГУ ""Аралтобинская СШ с ДМЦ"""
51.45927047729492,52.968135833740234,"КГУ""Облавский комплекс ""школа-ясли-детский сад"""
49.82305145263672,49.24501419067383,КГУ «Общеобразовательная школа Ақпәтер»
51.22710037231445,51.36822509765625,"КГУ ""Общеобразовательная школа №45"""
51.15123748779297,51.47722244262695,КГУ «Подстепновская №1 общеобразовательная школа»
50.219032287597656,47.806156158447266,"КГУ ""Комплекс ""школа-ясли-детский сад"" имени"" М.Б.Иксанова"""
50.042816162109375,50.577884674072266,"КГУ ""ОСШ им. М Абдулова"""
50.70953369140625,51.11133575439453,"КГУ ""СОШ им.Т.Бигелдинова"""
51.20766067504883,51.38190841674805,"КГУ  ""Областная специализированная школа-лицей-интернат для одаренных детей №11 имени С.Сейфуллина"""
45.83855438232422,80.61985778808594,"КГУ ""Средняя школа им.О.Молдағожина с ДМЦ"""
49.42161178588867,46.86093521118164,"КГУ ""Общеобразовательная школа им. Т.Жарокова"""
44.9987907409668,78.3584976196289,"КГУ ""Средняя школа-гимназия №16"""
48.823421478271484,47.410221099853516,"КГУ "" НШ Қарасу """
51.189857482910156,51.86606979370117,КГУ «Основная средняя школа Жайық»
51.20486831665039,52.902042388916016,"КГУ ""Пугачевский комплекс ""школа-ясли-детский сад"""
51.208736419677734,51.36091613769531,"КГУ ""Общеобразовательная школа №3"""
51.39186477661133,51.501075744628906,"КГУ ""Подхозовская основная средняя школа"""
50.70646667480469,52.78504180908203,"КГУ ""Комплекс ""школа-ясли-детский сад"" Талдыбұлақ"""
51.108253479003906,50.28103256225586,"КГУ ""Общеобразовательная школа имени К.Сатбаева"""
51.42811584472656,51.53779220581055,"КГУ ""Чувашинская  общеобразовательная школа"""
50.73210906982422,51.547149658203125,КГУ «Общеобразовательная школа Аңқаты»
51.265113830566406,51.46139144897461,"ГКП на ПХВ ""Гимназия эстетического направления"""
50.46837615966797,51.72796630859375,КГУ «Общеобразовательная школа имени Хамзы Есенжанова»
49.18607711791992,51.893310546875,КГУ «Общеобразовательная школа Алмалы»
50.9644775390625,54.18721389770508,"КГУ ""Начальная школа Жаңакүш"""
49.384647369384766,50.344322204589844,КГУ «Кармановский комплекс «школа-ясли-детский сад»
49.42219924926758,46.84675598144531,"КГУ ""Школа-лицей №1"""
43.43376922607422,76.9528579711914,"ГКУ ""Средняя школа № 5"""
51.300689697265625,50.71989440917969,"КГУ ""СОШ им И.Есенберлина"""
49.83527755737305,48.266387939453125,КГУ «Начальная школа Ордабай»
51.147701263427734,51.489830017089844,КГУ «Подстепновская общеобразовательная школа»
44.934112548828125,75.84848022460938,"ГКУ ""Интернат при основной средней школе Ушжарма"""
51.12947463989258,50.19778060913086,"КГУ ""Основная средняя школа Бірлік"""
48.89780044555664,47.5587158203125,"КГУ "" НШ Үштерек"""
43.51620101928711,77.4344253540039,"КГУ ""Енбекская средняя школа с Орнекской начальной школой"""
43.596187591552734,78.25048828125,"КГУ ""Средняя школа имени Ы. Алтынсарина с дошкольным мини-центром"""
50.40423583984375,47.5955696105957,"КГУ ""Комплекс ""школа-ясли-детский сад"" имени Г.Сарбаева"""
45.022552490234375,78.72592163085938,Начальная школа Коржынбай
43.30282974243164,77.22650146484375,Областная школа-интернат санаторного типа г.Талгар
44.21657943725586,80.20663452148438,КГУ «Средняя школа имени А.Розыбакиева»
45.773616790771484,79.24571228027344,"КГУ ""Средняя школа имени И. Жансугурова С ДМЦ"""
51.23991394042969,51.38072967529297,"КГУ ""Школа-центр дополнительного образования №4"""
50.26206588745117,52.61178970336914,"КГУ «Комплекс ""школа-ясли-детский сад"" имени Жанша Досмухамедова"""
51.15167999267578,52.317230224609375,КГУ «Начальная школа Алғабас»
51.27595138549805,51.41946029663086,"КГУ ""Общеобразовательный комплекс ""школа-ясли-детский сад"" Асан """
43.403324127197266,77.22291564941406,"КГУ ""Средняя школа имени Аль-Фараби"""
50.80802917480469,52.962615966796875,"КГУ ""Александровский комплекс ""школа-ясли-детский сад"""
51.5649299621582,52.46917724609375,"КГУ ""Чинарёвская начальная  школа"""
43.76753616333008,79.45450592041016,"КГУ ""Таскарасуская средняя школа"""
51.20960235595703,51.360740661621094,"КГУ ""Школа-гимназия вальдорфской ориентации"""
51.35896682739258,51.52075958251953,"КГУ ""Общеобразовательная школа Достық"""
48.8831787109375,49.32231140136719,КГУ«Общеобразовательная школа имени Х.Нурымгалиева»
43.628875732421875,77.89276123046875,"КГУ ""Средняя школа Толкын"""
45.81767272949219,80.65299224853516,"КГУ ""Кабанбайская сш №3 с ДМЦ"""
44.57486343383789,79.09788513183594,"КГУ ""Аралтобинская ОШ с ДМЦ"""
43.38169479370117,76.85467529296875,"ГКУ""Средняя школа № 6 имени А.Молдабекова"""
44.15428924560547,79.99028015136719,"КГУ ""Средняя школа имени Жамбыла"""
44.999351501464844,78.3507308959961,"КГУ ""Средняя школа №17"""
51.09946060180664,50.281410217285156,"КГУ ""Школа-лицей ""Саулет"""
44.17144775390625,80.06267547607422,"КГУ ""Средняя школа Кишишыган с дошкольным мини центром"""
50.1012077331543,51.39217758178711,КГУ «Общеобразовательная школа им. О.Исаева»
50.18655776977539,51.16910934448242,"КГУ ""Школа-гимназия им. Абая"""
44.38774490356445,78.59029388427734,"КГУ ""СШ имени Ж.Тобаякова с ДМЦ """
49.33149719238281,47.08766174316406,"КГУ ""Общеобразовательная школа Ұзынкөл"""
50.92395782470703,51.150577545166016,"КГУ ""Больше-Чаганский комплекс ""школа-ясли-детский сад"""
50.53451156616211,51.17198944091797,КГУ «Основная средняя школа Восход»
50.520957946777344,54.05662536621094,"КГУ ""Начальная школа Қайыңды"""
43.74826431274414,78.23377227783203,"КГУ ""Актоганская средняя школа """
44.37924575805664,80.06379699707031,"КГУ ""Садырская средняя школа"""
50.93436813354492,52.586036682128906,"КГУ ""Комплекс ""школа-ясли-детский сад"" Қарақұдық"""
51.264686584472656,50.46461486816406,"КГУ ""комплекс ""школа-ясли-детский сад"" Егіндібұлақ """
44.80885314941406,76.27067565917969,"ГКУ  ""Школа-интернат Баканас"""
48.95182418823242,47.6159782409668,"КГУ ""НШ  З.Жиеналиева"""
50.13149642944336,47.88328552246094,КГУ «Начальная школа Еңбек»
43.22283172607422,76.30421447753906,КГУ «Школа гимназия имени Абая»
43.75228500366211,79.49310302734375,"КГУ ""Рахатская средняя школа с ДМЦ"""
50.342262268066406,52.40522766113281,"КГУ ""Основная средняя школа Жамбыл"""
51.10649108886719,51.87855529785156,КГУ «Покатиловская общеобразовательная школа»
51.087257385253906,51.594886779785156,КГУ «Общеобразовательная школа Госплемстанции»
50.507686614990234,52.64293670654297,"КГУ ""Общеобразовательная школа Аралтөбе"""
44.17001724243164,79.9950942993164,"КГУ ""Средняя школа-гимназия с дошкольным мини-центром имени Бауыржана Момышулы"""
45.73875045776367,80.6199951171875,"КГУ ""Средняя школа им.М.Аубакирова"""
43.469608306884766,77.19137573242188,"КГУ ""Койшыбекская средняя школа"""
45.0131721496582,78.38175201416016,"КГУ ""Казахская школа-интернет имени Д.Ракишева"""
44.61871337890625,79.0113754272461,"КГУ ""Косагашская СШ с ДМЦ"""
44.907798767089844,78.49189758300781,"КГУ ""Средняя школа-гимназия имени Ш.Уалиханова с ДМЦ"""
44.27494430541992,77.56197357177734,"КГУ ""Жоламанская СШ с ДМЦ"""
51.44487380981445,52.818603515625,"КГУ ""Комплекс ""школа-ясли-детский сад"" Бумакөл"""
49.62632369995117,48.87755584716797,КГУ «Общеобразовательная школа Бостандық»
48.9322624206543,49.939762115478516,КГУ«Общеобразовательная школа имени Абая»
51.422969818115234,51.96607208251953,"КГУ ""Рубежинский комплекс ""школа-ясли-детский сад"""
50.509788513183594,51.06178283691406,КГУ «Бударинский комплекс «школа-ясли-сад»
51.24934005737305,51.34882354736328,"КГУ ""Областная специализированная школа-лицей-интернат «БІЛІМ-ИННОВАЦИЯ» для одаренных детей"""
45.54508972167969,79.26979064941406,"КГУ ""Средняя школа имени Г. Муратбаева с ДМЦ"""
44.19730758666992,75.82657623291016,"КГУ ""Айдарлинская средняя школа с дошкольным мини-центром"""
51.07706069946289,51.28546142578125,"КГУ ""Круглоозерновская общеобразовательная школа"""
50.78338623046875,51.66166305541992,КГУ«Основная средняя школа Талпын»
51.16923522949219,53.520328521728516,"КГУ ""Амангелдинская основная средняя школа"""
43.65548324584961,79.50776672363281,"КГУ ""Ширинская средняя школа с ДМЦ"""
44.483402252197266,78.65243530273438,"КГУ ""СШ имени Панфилова"""
43.5738525390625,78.26945495605469,"КГУ ""Средняя школа имени М.Маметовой с дошкольным мини-центром"""
45.01555633544922,78.37648010253906,"КГУ ""Средняя школа-лицей №18 имени Б.Жолбарысулы"""
44.146270751953125,79.76434326171875,"КГУ ""Средняя школа имени Жамбыла с дошкольным мини центром"""
44.81024169921875,76.26216888427734,"ГКУ ""Бояулинская малокомплектная начальная школа"""
50.8028450012207,52.70868682861328,"КГУ  ""Начальная школа Қазақстан"""
44.226417541503906,79.83333587646484,КГУ «Аулиеагашская средняя школа»
44.21894836425781,80.02183532714844,"КГУ ""Средняя школа имени Головацкого с дошкольным мини центром"""
49.4653205871582,47.40850067138672,"КГУ ""Общеобразовательная школа имени Х.Халиуллина"""
51.10865783691406,50.30204772949219,"КГУ ""Средняя общеобразовательная школа имени Ы.Алтынсарина"""
43.337162017822266,76.66439056396484,"КГУ ""Средняя школа им. К.Кошмамбетова"""
45.6793212890625,80.58647155761719,"КГУ ""Средняя школа имени А.Алимжанова с ДМЦ"""
49.1659049987793,47.4824333190918,"КГУ "" НШ Тайғара"""
51.054351806640625,52.41987991333008,КГУ «Приреченская общеобразовательная школа»
49.22005844116211,49.8129997253418,КГУ «Общеобразовательная школа Қарасу»
51.007720947265625,51.1923713684082,"КГУ ""СОШ им.Б.Момышулы """
51.09160614013672,50.48279571533203,"КГУ ""Общеобразовательная основная школа Айнабулак"""
51.155845642089844,50.688541412353516,"КГУ ""Зеленовская общеобразовательная школа"""
51.47804641723633,53.104915618896484,"КГУ""Приуральный комплекс ""школа-ясли-детский сад"""
51.310970306396484,51.6668586730957,"КГУ ""Володарская средняя общеобразовательная школа"""
49.00020980834961,50.042930603027344,КГУ «Общеобразовательная школа имени А.Жангелдина»
50.087425231933594,52.7210807800293,"КГУ ""Комплекс ""школа-ясли-детский сад"" Абай"""
51.04475402832031,51.234676361083984,"КГУ ""Серебряковская  общеобразовательная школа"""
50.66729736328125,52.11161804199219,"КГУ ""Комплекс ""школа-ясли-детский сад"" имени М.Каналиева»"
43.482017517089844,77.39712524414062,"КГУ ""Средняя школа имени Х.Абдуллина"""
43.62055587768555,78.3056869506836,"КГУ ""Масакская средняя школа"""
44.42388916015625,78.6465835571289,"КГУ ""Тастыозекская СШ"""
51.24666213989258,51.41730499267578,"КГУ «Общеобразовательная школа №5"""
44.20833969116211,78.17829132080078,"КГУ ""СШ имени Т.Кулыбекова с ДМЦ"""
51.273948669433594,53.61185073852539,"КГУ ""Успеновский комплекс ""школа-ясли-детский сад"""
51.17171859741211,53.93872833251953,"КГУ ""Жанатурмысская  основная  средняя школа """
49.04067611694336,51.828609466552734,КГУ «Общеобразовательная школа им. К.Байсыкова»
51.443973541259766,52.156761169433594,"КГУ ""Красноармейская основная общеобразовательная школ"""
51.14765930175781,51.48983383178711,КГУ «Областная специализированная школа-гимназия-интернат для одаренных детей имени Абая»
45.396236419677734,74.52669525146484,"ГКУ ""Оракбалгинская малокомплектная начальная школа"""
44.907371520996094,78.4873046875,"КГУ ""Средняя школа имени Н. Алдабергенова с ДМЦ"""
48.90796661376953,48.9392204284668,"КГУ ""НШ  Кеңой """
45.40997314453125,79.58435821533203,"КГУ ""Средняя школа имени Н. Есеболатова с ДМЦ""  село Н.Есебулатова"
44.912479400634766,78.22159576416016,СШ  № 1 имени Б.Кундакбаевой
43.19987106323242,76.66065216064453,"КГУ ""Средняя школа Алтын ауыл"""
44.2005500793457,79.9776611328125,"КГУ ""Нагарашинская средняя школа"""
45.52811813354492,80.61093139648438,"КГУ ""Лепсинская средняя школа с ДМЦ"""
44.309783935546875,79.1856689453125,"КГУ ""Средняя школа имени Алихана Бокейхана"""
43.51528549194336,79.9653091430664,"КГУ ""СШ им. А.Розыбакиева"""
43.1986198425293,76.74974060058594,"КГУ ""Средняя школа им. К.Азербаева"""
45.000919342041016,78.35162353515625,"КГУ ""Средняя школа-гимназия №19 имени М.Жумабаева"""
44.39729690551758,77.6573257446289,"КГУ ""Сарыбулакская СШ с ДМЦ"""
43.35518264770508,77.46428680419922,"КГУ ""Средняя школа №4 имени Абылай хана"""
44.40620803833008,77.8109130859375,"КГУ  ""Сарыбулакская НШ"""
44.254844665527344,80.09764099121094,КГУ «Суптайская средняя школа»
50.76444625854492,49.33285903930664,"КГУ ""Комплекс ""школа-ясли-детский сад"" Мереке"""
49.390602111816406,49.23109436035156,КГУ «Общеобразовательная школа Көктерек»
51.01054382324219,51.75465774536133,КГУ «Общеобразовательная школа Ұзынкөл»
49.31267547607422,47.668113708496094,"КГУ ""Общеобразовательная школа им. У.Сахипова"""
51.22639846801758,51.36812210083008,"КГУ ""Школа-лицей №35"""
51.28614807128906,51.59268569946289,"КГУ ""Трекинская общеобразовательная школа №1"""
43.53850173950195,79.47130584716797,"КГУ ""Шонжынская школа-лицей № 1"""
43.45054626464844,76.94322967529297,"ГКУ ""Средняя школа № 29"""
43.856971740722656,77.05413818359375,"ГКУ ""Средняя школа № 2"""
50.91434097290039,50.54935836791992,"КГУ ""Общеобразовательная начальная школа Тогайлы"""
46.05223846435547,78.26652526855469,"КГУ "" ""Основная средняя школа имени Кудаша Мукашева с дошкольным мини-центром"""
44.92429733276367,78.48875427246094,"КГУ ""Карабулакская средняя школа с ДМЦ"""
49.7627067565918,46.959861755371094,"КГУ ""Общеобразовательная школа имени Е.Ниеткалиева"""
44.51884078979492,79.047607421875,"КГУ ""Акжарская ОШ с ДМЦ"""
50.85204315185547,51.23294448852539,КГУ «Общеобразовательная школа имени Абая»
44.17232894897461,80.1143569946289,КГУ «Жаркентская средняя школа»
50.100608825683594,53.19249725341797,"КГУ ""Общеобразовательная школа Бұлдырты"""
50.562435150146484,52.34027099609375,КГУ «Основная средняя школа Қызылағаш»
51.239200592041016,50.92000961303711,"КГУ ""СОШ им. К.Кайсенова """
51.1879997253418,50.86222839355469,"КГУ ""Каменская средняя общеобразовательная школа """
51.42123031616211,52.71947479248047,"КГУ ""Общеобразовательная школа №1 Бөрлі"""
50.433406829833984,51.2200927734375,КГУ «Основная средняя школа Қоғалытүбек»
50.14956283569336,54.12248611450195,"КГУ ""Сегизсайская основная средняя школа"""
44.28358840942383,78.40618133544922,"КГУ ""Карлыгашская НШ"""
50.705501556396484,50.36655807495117,КГУ «Комплекс Оянская средняя общеобразовательная «школа-ясли-сад»
44.204505920410156,80.14421844482422,КГУ «Средняя школа имени А.Кастеева с дошкольным мини центром»
43.241973876953125,76.7613754272461,"КГУ ""Средняя школа имени Л.Н.Толстого"""
43.54196548461914,79.47013092041016,Средняя школа имени Ж.Кудайбергенова с пришкольным интернатом
49.47723388671875,49.129634857177734,КГУ «Основная средняя школа Әбіш»
44.51240539550781,78.88634490966797,"КГУ ""СШ имени Ы. Алтынсарина с ДМЦ"""
45.255760192871094,79.41687774658203,"КГУ ""Средняя школа имени Ю.  Гагарина ""  село Суыксай"
51.19997787475586,51.37317657470703,"КГУ ""Общеобразовательная школа №6 имени А.С.Макаренко"""
51.21480941772461,51.37887191772461,"КГУ ""Общеобразовательная школа №7"""
51.26625442504883,51.384891510009766,"КГУ ""Мичуринский общеобразовательный комплекс ""школа-детский сад"""
49.657840728759766,49.5048828125,КГУ «Школа-лицей Қараөзен»
51.57121658325195,51.83700942993164,"КГУ ""Раздольненская общеобразовательная школа"""
45.02394104003906,78.0176773071289,"КГУ ""Средняя школа им. Жамбыла"""
45.00411605834961,78.3214111328125,"КГУ ""Средняя школа №21 села Отенай"""
44.800193786621094,76.28592681884766,"ГКУ ""Средняя школа имени Мусабека Сенгирбаева с дошкольным мини центром"""
43.35687255859375,77.43968963623047,"КГУ ""Средняя школа имени К.Сатпаева"""
51.2226676940918,51.95096206665039,КГУ «Федоровская общеобразовательная школа №1»
51.31428527832031,51.87479019165039,КГУ «Долинская основная средняя школа»
44.91303253173828,78.48309326171875,"КГУ ""Средняя школа имени Титова с ДМЦ"""
43.85893630981445,77.05355834960938,"ГКУ ""Средняя школа №3"""
43.41545867919922,76.96707916259766,"ГКУ ""Средняя школа №30"""
50.27320861816406,51.218685150146484,КГУ «Основная средняя школа Қызылжар»
51.35221862792969,51.74873733520508,"КГУ ""Дарьинская средняя общеобразовательная школа"""
43.398250579833984,77.58610534667969,"КГУ ""Средняя школа имени Д.Конаева"""
51.22459411621094,51.3936767578125,"КГУ ""Областная специализированная школа-лицей №8 для одаренных детей"""
44.43297576904297,78.3666000366211,"КГУ ""Карымсакская СШ"""
44.178401947021484,80.01048278808594,КГУ «Средняя школа имени Н.Крупской»
44.18562698364258,80.17288208007812,КГУ «Аватская средняя школа с дошкольным мини центром»
51.24650955200195,51.418827056884766,КГУ «Общеобразовательная школа №9»
50.87250518798828,51.131385803222656,"КГУ ""Кушумский комплекс ""школа-ясли-детский сад"""
50.39797592163086,51.23283386230469,КГУ «Общеобразовательная школа имени И.Алтынсарина»
44.55350112915039,78.99024200439453,"КГУ ""Шубарская СШ"""
49.06707763671875,51.94990158081055,КГУ «Общеобразовательная школа им. Г.Махамбетова»
49.69392013549805,48.68721389770508,КГУ «Общеобразовательная школа Бірік»
50.955047607421875,51.275386810302734,КГУ «Начальная школа санаторий Ақжайық»
50.57884979248047,48.86604690551758,КГУ «Основная средняя школа Көпкүтір»
45.12724304199219,79.04911041259766,"КГУ ""Средняя школа имени Е. Жайсанбаева"""
51.651031494140625,51.9736213684082,"КГУ ""Чировская основная общеобразовательная школа"""
50.669288635253906,51.23794174194336,КГУ «Основная средняя школа Еңбек»
51.387664794921875,51.30354309082031,"КГУ ""Средний общеобразовательная школа  Махамбет"""
45.80124282836914,81.30718994140625,"КГУ ""Средняя школа имени Безродных с ДМЦ"""
45.02272033691406,78.27115631103516,"КГУ ""Средняя школа №22 с.Енбек"""
49.303958892822266,53.161216735839844,КГУ «Общеобразовательная школа Қалдығайты»
44.189632415771484,80.21907806396484,"КГУ ""Нижне Пиджимская средняя школа с дошкольным мини центром"""
43.53710174560547,75.4845962524414,КГУ «Средняя школа станции Шилибастау с дошкольным мини-центром»
43.538848876953125,79.4523696899414,"КГУ ""СШ №3 имени И.Молутова (Бахтия) """
45.036224365234375,76.1249771118164,"ГКУ ""Берекинская средняя школа с дошкольным мини центром"""
44.901424407958984,78.49070739746094,"КГУ ""Средняя школа имени Шестакова с ДМЦ"""
49.17112731933594,48.904056549072266,"КГУ ""Комплекс""школа-ясли-детский сад имени"" К.Сагырбаева"""
50.28752517700195,51.522361755371094,КГУ «Начальная школа имени Шайхы Онашева»
49.67289352416992,49.41260528564453,КГУ «Общеобразовательная школа Жаңажол»
45.22196578979492,77.93190002441406,КГУ   Жанаталапская средняя школа
43.85055160522461,77.05677795410156,"ГКУ ""Средняя школа № 4 имени К. Кайсенова"""
51.162086486816406,53.02605438232422,"КГУ ""Общеобразовательная школа №3 города Ақсай"""
43.21276092529297,76.7622299194336,"КГУ ""Средняя школа имени М.Габдуллина с дошкольным мини-центром"""
48.908329010009766,48.06787872314453,"КГУ ""НШ Жамбыл"""
44.43737030029297,78.55970001220703,"КГУ ""СШ имени П.Дутова с ДМЦ"""
51.1781120300293,51.29179763793945,"ГКП на ПХВ ""Общеобразовательная школа №10 имени Ахмета Байтурсынова"""
43.429874420166016,76.84834289550781,"ГКУ ""Средняя школа № 31"""
49.27558135986328,49.481571197509766,КГУ «Общеобразовательная школа имени А.Хусайнова»
48.81861114501953,51.865074157714844,КГУ «Общеобразовательная школа Сарытоғай»
51.44131088256836,52.24760818481445,"КГУ ""Январцевский комплекс ""школа-ясли-детский сад"""
44.33884811401367,80.05667114257812,КГУ «Средняя школа имени Сатай батыра»
48.9320068359375,49.61017990112305,КГУ «Общеобразовательная школа имени М.Жунусова»
44.177669525146484,77.92108154296875,"КГУ ""Архарлинская ОШ"""
43.40460968017578,76.85489654541016,"ГКУ ""Средняя школа №42"""
43.51761245727539,76.82868194580078,"ГКУ ""Средняя школа №18 им. Ы. Ногайбаева"
45.02460861206055,78.16402435302734,"КГУ ""Средняя школа № 23 села Мойнак"""
49.83562088012695,51.350154876708984,КГУ «ОСШ Тінәлі»
51.23220443725586,51.364837646484375,"КГУ ""Общеобразовательная школа №26"""
45.42949676513672,74.32128143310547,"ГКУ ""Средняя школа Жидели"""
50.04371643066406,54.03858947753906,КГУ  «Общеобразовательная школа Егіндікөл»
49.907230377197266,48.177520751953125,КГУ «Общеобразовательная школа имени Г.Бегалиева»
45.21516418457031,78.80403900146484,"КГУ ""Средняя школа Кошкентал с ДМЦ"""
50.817535400390625,49.97001266479492,"КГУ ""Комплекс ""школа-ясли-детский сад"" Атамекен"""
51.20383071899414,51.622562408447266,"КГУ ""Пойменская начальная школа"""
50.041656494140625,50.30520248413086,КГУ «ОСШ Үштөбе»
44.40407180786133,78.50980377197266,"КГУ ""Жаналыкская СШ с ДМЦ"""
43.353271484375,76.60838317871094,"КГУ ""Средняя школа имени Ж. Барибаева с дошкольным мини-ценром"""
43.845741271972656,77.05240631103516,"ГКУ ""Средняя школа №5 имени А.Жубанова с ДМЦ"""
44.8809814453125,78.53887939453125,"КГУ ""Средняя школа имени Абай с ДМЦ"""
45.089805603027344,77.90587615966797,"КГУ ""Кальпинская средняя школа"""
45.28048324584961,80.10289764404297,"КГУ ""Аманбоктерская основная средняя школа"""
43.36441421508789,77.45442962646484,"КГУ ""Средняя школа имени Р.Токатаева"""
45.79902267456055,80.64065551757812,"КГУ ""Акжарская средняя школа"""
44.17220687866211,80.08744812011719,"КГУ ""Улкеншыганская средняя школа"""
51.25288009643555,51.29398727416992,"КГУ ""Общеобразовательная школа №12"""
43.37586975097656,76.62626647949219,"КГУ ""Средняя школа имени Ы.Алтынсарина"""
49.373626708984375,51.765869140625,КГУ «Общеобразовательная школа им. М. Утемисова»
43.40749740600586,76.92178344726562,"ГКУ ""Средняя школа №43"""
43.30268478393555,77.18446350097656,"КГУ ""Многопрофильная школа-гимназия №19 с дошкольным мини-центром"""
51.574520111083984,52.081600189208984,"КГУ ""Чеботаревский комплекс ""школа-ясли-детский сад"""
49.21531677246094,50.29765701293945,КГУ«Общеобразовательная школа Жаңақала»
48.8814697265625,47.872947692871094,"КГУ "" Общеобразовательная школа имени Т.Масина"""
49.93316650390625,51.30799102783203,КГУ «Общеобразовательная школа Мерген»
43.544742584228516,79.45513916015625,"КГУ ""Школа-гимназия имени Абая"""
49.509647369384766,49.58930587768555,КГУ «Основная средняя школа Сатыбалды»
49.993064880371094,51.42615509033203,КГУ «ОСШ Кеңсуат»
51.21456527709961,51.36139678955078,"КГУ ""Школа–лицей №27 имени М.Маметовой"""
45.22732162475586,78.12357330322266,"КГУ ""Неполная средняя школа Кокдала»"
45.06962966918945,75.26152038574219,"ГКУ ""Средняя школа имени Д.Конаева с дошкольным мини центром"""
49.97168731689453,47.954620361328125,КГУ  «Школа-гимназия имени Г.Караш»
45.01743698120117,78.34825134277344,"КГУ ""Средняя школа №25"""
49.660884857177734,53.96641540527344,КГУ «Комплекс «школа-ясли-детский сад» Қаракөл»
42.82595443725586,79.2552261352539,"КГУ ""Начальная школа Ереуил"""
51.23632049560547,51.459659576416016,КГУ «Общеобразовательная школа №13»
50.411407470703125,53.869686126708984,"КГУ ""Основная средняя школа Қуағаш"""
45.55616760253906,79.91372680664062,"КГУ ""Карауылтобинская средняя школа с дошкольным мини-центром"""
49.37366485595703,51.765846252441406,КГУ «ОСШ  им. И.Тайманова»
49.556785583496094,51.580055236816406,"КГУ ""НШ Ақбұлақ"""
43.37140655517578,76.71138763427734,"КГУ ""Средняя школа им. М.Бейсебаева """
45.5732536315918,78.51699829101562,"КГУ ""Егинсуская средняя школа"""
50.523860931396484,51.797943115234375,КГУ «Начальная школа Шалқар»
44.22380447387695,80.3849105834961,"КГУ ""Коргасская средняя школа с дошкольным мини центром"""
45.82907485961914,80.71275329589844,"КГУ ""Теректинская средняя школа с ДМЦ"""
50.99589157104492,50.49977111816406,"КГУ ""Общеобразовательная школа Мерей"""
49.214229583740234,50.28582000732422,КГУ «Общеобразовательная школа №3»
51.66017532348633,52.170738220214844,"КГУ "" комплекс  ""школа-детский сад"" Сұлу көл"""
44.873287200927734,78.61691284179688,"КГУ ""Средняя школа Жетысу """
43.21456527709961,77.10035705566406,"КГУ ""ОСШ №20 с дошкольным мини-центром"""
44.49829864501953,76.70272827148438,"ГКУ ""Средняя школа Карагаш"""
50.15774917602539,51.20762252807617,КГУ «ОСШ Жайық»
44.47068405151367,78.67256927490234,"КГУ ""Когалинская СШ"""
43.443992614746094,76.92330932617188,"ГКУ""Средняя школа № 44"""
43.36915588378906,76.62127685546875,"КГУ ""Средняя школа имени Ахмета Байтурсынулы"""
43.28825759887695,79.32176208496094,"КГУ ""Шошанайская средняя школа с дошкольным миницентром"""
49.78916549682617,51.388938903808594,КГУ «Общеобразовательная школа Қаршы»
50.088233947753906,48.86200714111328,КГУ «Общеобразовательная школа Қайыңды»
49.42486572265625,46.83621597290039,"КГУ ""Основная средняя школа имени А.Уразбаевой"""
42.823997497558594,80.232177734375,"КГУ ""Средняя школа имени Ораз Жандосова с дошкольным мини-центром и с начальной школой Костобе"" государственного учреждения ""Отдел образования по Райымбекскому району Управления образования Алматинской области"""
49.7698860168457,49.97818374633789,КГУ «Основная средняя школа Сарықұдық»
49.002254486083984,51.894588470458984,"КГУ ""НШ Есім"""
49.44951629638672,53.50373458862305,КГУ «Комплекс «школа-ясли-детский сад» Аққозы»
51.245628356933594,51.44209289550781,"КГУ ""Школа-лицей №28"""
44.98667526245117,78.33263397216797,"КГУ ""Талдыкорганский спец. лицей-интернат ""БІЛІМ-ИННОВАЦИЯ"""
45.48353576660156,80.08367919921875,"КГУ ""Тасарыкская средняя школа с дошкольным мини центром Сарканского районного отдела образования"""
43.21711349487305,76.25212097167969,КГУ «Средняя школа села Енбекшиарал»
44.261940002441406,78.11184692382812,"КГУ ""Шилисуская ОШ"""
49.504608154296875,50.570526123046875,КГУ«Начальная школа Айтпай»
44.188331604003906,80.00643157958984,КГУ «Средняя школа имени Ш. Уалиханова»
42.9523811340332,79.06331634521484,"КГУ ""Начальная школа Кокпияз"""
43.304054260253906,79.41658782958984,"КГУ ""Бирлик-Сумбинская СШ"""
49.592342376708984,48.853328704833984,"КГУ ""Каракульская начальная общеобразовательная школа"""
50.30588912963867,48.879817962646484,КГУ «Основная средняя школа Жаңатаң»
44.4952278137207,78.26353454589844,"КГУ ""Каспанская СШ"""
45.65127182006836,80.7105484008789,"КГУ ""Жыландинский специализированный лицей-интернат для одаренных детей"""
49.04349136352539,49.95242691040039,КГУ «Общеобразовательная школа имени С.Мендешева»
45.500728607177734,78.47149658203125,"КГУ ""Алажидинская основная средняя школа  с ДМЦ"""
44.9417610168457,78.24699401855469,"КГУ ""Средняя школа имени Сейфуллина с ДМЦ"""
51.104007720947266,54.08488464355469,"КГУ ""Общеобразовательная школа имени Л.Кылышева"""
49.56099319458008,49.42501449584961,КГУ «Основная средняя школа имени Н.Дуйсенгалиева»
51.364990234375,51.83721160888672,"КГУ ""Озерновская общеобразовательная школа"""
45.11080551147461,75.49840545654297,"ГКУ ""Средняя школа Кокжиде"""
43.721065521240234,77.08094787597656,"ГКУ""Средняя школа №32"""
44.85664749145508,78.81436920166016,"КГУ ""СШ № 1 с ДМЦ"""
45.69883346557617,80.1107406616211,"КГУ «Средняя школа имени К.Казыбаева с дошкольным мини центром и Агартуиским, Таскудыкским начальными школами Сарканского районного отдела образования»"
43.35160827636719,77.05769348144531,"КГУ ""Осш №21 с дошкольным мини-центром"""
50.969146728515625,51.16392135620117,"КГУ ""Начальная школа Жаңатаң"""
49.89519500732422,52.58251190185547,"КГУ ""Начальная школа Жетікөл"""
43.228309631347656,76.21501922607422,КГУ «Основная средняя школа села Карасай»
43.46575927734375,76.79692077636719,"ГКУ ""Средняя школа №45"""
50.27366638183594,51.21814727783203,КГУ «ОСШ Еңбекші»
49.72926330566406,50.23349380493164,КГУ «Общеобразовательная школа Талдыапан»
51.36979293823242,51.17756271362305,"КГУ ""Основная средняя школа №29"""
51.20012283325195,50.05534362792969,"КГУ ""Комплекс общеобразовательная средняя ""школа-ясли-сад"" Достык"""
43.33758544921875,76.70024108886719,"КГУ ""Средняя школа им. А.С.Макаренко """
43.321895599365234,79.41407012939453,"КГУ ""Сумбинская средняя школа"""
49.25485610961914,47.40229797363281,"КГУ ""Начальная школа Өнеге"""
50.14125442504883,50.492698669433594,"КГУ ""НШ Бітік"""
49.59282302856445,48.357120513916016,"КГУ ""Комплекс ""школа-ясли-сад"" Тереңкөл"""
42.99991989135742,78.84856414794922,"КГУ ""Начальная школа Кенсу”"
44.113739013671875,79.94725036621094,КГУ «Средняя школа села Дихан- Кайрат»
45.787315368652344,80.87215423583984,"КГУ ""Сапакская средняя школа с ДМЦ"""
45.85773849487305,74.78713989257812,"ГКУ ""Средняя школа Ульгили с дошкольным мини-центром"""
45.141395568847656,78.71671295166016,"КГУ ""Средняя школа Коныр """
49.17362594604492,50.449337005615234,КГУ«Общеобразовательная школа имени Д.Нурпеисовой»
43.40935516357422,76.9422378540039,"ГКУ ""Средняя школа №47"""
51.18455505371094,51.308624267578125,"КГУ ""Общеобразовательная школа №30 имени Хиуаз Доспановой"""
49.724761962890625,48.60942459106445,"КГУ ""Начальная школа Беспішен"""
48.93193817138672,49.61013412475586,КГУ «Начальная школа Жангелді»
51.264427185058594,51.45846176147461,ГКП на ПХВ «Общеобразовательная школа №37»
51.30718231201172,51.48245620727539,"КГУ ""Новеньковская средняя общеобразовательная школа"""
43.37281036376953,77.23100280761719,"КГУ ""ОСШ  №36 """
50.121944427490234,49.55263900756836,КГУ «Общеобразовательная школа имени С.Есетова»
43.328304290771484,79.47824096679688,"КГУ"" Кыргызсайская средняя школа """
49.50716018676758,49.78831100463867,КГУ «Основная средняя школа Жас»
51.09321594238281,54.0893440246582,"КГУ ""Чингирлауская общеобразовательная школа"""
50.79603958129883,52.055023193359375,"КГУ ""Начальная школа Құспанкөл"""
45.70968246459961,79.85185241699219,"КГУ ""Кокозекская средняя школа с дошкольным мини центром"""
46.19306945800781,81.10121154785156,"КГУ ""Булактинская средняя школа с ДМЦ"""
43.299076080322266,76.67975616455078,КГУ «Средняя школа Улан
43.143272399902344,76.22496032714844,КГУ«Основная средняя школа имени Абдразак Мамиева»
50.86237335205078,49.65862274169922,"КГУ ""Комплекс Чижинская средняя общеобразовательная ""школа-ясли-сад"""
43.40787124633789,77.14582824707031,Коммунальное государственное учреждение «Общеобразовательная средняя школа №22» государственного учреждения «Отдел образования по Талгарскому району Управления образования Алматинской области»
51.35911178588867,51.746612548828125,"КГУ ""ШГИ им.Абая"""
44.11888885498047,79.78208923339844,"КГУ ""Средняя школа имени Ш.Байбатшаева"""
50.09122085571289,51.278499603271484,КГУ «ОСШ Мойылды»
48.90744400024414,51.8054084777832,"КГУ ""Красноярская ОСШ"""
48.729469299316406,51.894439697265625,"КГУ ""НШ Сарман"""
51.066123962402344,52.13801956176758,КГУ «Богдановская основная средняя школа»
44.278995513916016,77.68550872802734,"КГУ ""Малайсаринская СШ"""
44.80852508544922,78.86669158935547,"КГУ ""СШ № 2 с ДМЦ"""
45.042198181152344,75.45230865478516,"ГКУ  ""Средняя школа Аралтобе с дошкольным мини-центром"""
43.38280487060547,76.65850067138672,"Государственного коммунального учреждения ""Средняя школа № 48 имени Толегена Айбергенова"" государственного учреждения ""Отдел образования по Илийскому району Управления образования Алматинской области"""
43.413330078125,76.91325378417969,"ГКУ ""Средняя школа №19"""
45.099788665771484,78.70983123779297,"КГУ ""Неполная Средняя школа Коктобе с ДМЦ"""
42.85857009887695,79.33670806884766,"КГУ ""Начальная школа Сарыкол"""
49.37934875488281,50.63264465332031,КГУ «Общеобразовательная школа имени М.Мирманова»
46.17076873779297,81.09249114990234,"КГУ ""Средняя школа № 14 станции Бесколь с ДМЦ"""
43.25235366821289,76.43872833251953,КГУ «Средняя школа села Касымбек»
51.431724548339844,50.74408721923828,"КГУ ""СОШ им.Ш.Уалиханова"""
50.36532211303711,48.7752799987793,КГУ «Общеобразовательная школа имени Ахмет Байтұрсынұлы»
49.70770263671875,48.886993408203125,КГУ «Общеобразовательная школа Қоныс»
49.335025787353516,48.91155242919922,КГУ«Начальная школа Саралжын»
43.27983856201172,76.3382797241211,КГУ «Основная средняя школа села Шолаккаргалы»
43.21943283081055,76.74380493164062,КГУ «Начальная школа села Булакты»
45.2819938659668,77.96171569824219,"КГУ ""Средняя школа имени Панфилова"""
51.21833038330078,51.36768341064453,"КГУ ""Общеобразовательная школа №17"""
45.619293212890625,80.47161102294922,КГУ «Средняя школа с дошкольным миницентром имени Мухамеджана Тынышбаева»
51.20703125,51.383872985839844,"КГУ ""Общеобразовательная школа №40"""
43.353065490722656,79.56613159179688,"КГУ ""Мало-Аксуйская средняя школа"""
44.3164176940918,79.80972290039062,"КГУ ""Средняя школа Коктал-Арасан  пришкольном интернатом на 50 мест"""
50.44301223754883,54.12544631958008,"КГУ ""Общеобразовательная школа имени А.Тихоненко"""
51.28760528564453,51.590118408203125,"КГУ ""Казахская СОШ им. К. Мырза Али"""
45.81945037841797,81.08147430419922,"КГУ ""Токжайлауская средняя школа"""
49.324867248535156,51.94298553466797,КГУ «НШ Қадырқұл»
49.33504867553711,48.91151809692383,КГУ «Основная средняя школа имени М.Жунусова»
43.028282165527344,79.24581909179688,"КГУ ""Начальная школа Туменбай"""
45.706878662109375,80.1346435546875,"КГУ «Средняя школа имени К.Казыбаева с дошкольным мини центром и Агартуиским, Таскудыкским начальными школами Сарканского районного отдела образования»"
43.77857971191406,77.09793090820312,"ГКУ ""Средняя школа №11"""
43.47825622558594,77.13939666748047,"КГУ ""ОСШ №23 с дошкольным мини-центром"""
44.859317779541016,78.67680358886719,"КГУ ""Средняя школа имени Ж.Жакыпбаева """
51.1705436706543,52.352046966552734,КГУ «Основная средняя школа Шөптікөл»
44.86455154418945,78.75719451904297,"КГУ ""СШ №3 с ДМЦ"""
43.97776412963867,79.82069396972656,"КГУ ""Средняя школа села Керимагаш-Арасан"""
51.135833740234375,51.35734176635742,"КГУ ""Комплекс ""школа-ясли-детский сад №18"""
51.24552536010742,51.431583404541016,"КГУ ""Школа-лицей №41"""
51.22447967529297,51.63104248046875,"КГУ ""Комплекс-школа-детский сад Аксуат"""
43.18993377685547,76.6852798461914,"КГУ ""Средняя школа им. К.Азербаева"" (Начальная школа Долан)"
51.23127365112305,51.44277572631836,"КГУ ""Общеобразовательная школа №32"""
49.62324142456055,47.123111724853516,"КГУ ""Общеобразовательная школа имени Г. Абдуллина"""
43.44187927246094,79.82272338867188,"КГУ ""Актамская СШ с ДМЦ"""
43.52756881713867,75.80269622802734,КГУ«Основная средняя школа станции Копа»
49.790809631347656,50.454193115234375,КГУ «Начальная школа Қособа»
49.413482666015625,50.38182067871094,КГУ«Начальная школа Ақбалшық»
46.154781341552734,81.18383026123047,"КГУ ""Актубекская средняя школа"""
50.80690002441406,54.163169860839844,"КГУ ""Тасмолинская общеобразовательная школа"""
44.81233215332031,76.27686309814453,"ГКУ ""Школа-гимназия имени Б.Бейсекбаева с дошкольным мини центром"""
45.3840446472168,80.13536071777344,"КГУ ""Екиашинская средняя школа"""
49.789676666259766,51.38985061645508,"КГУ ""Лбищенская ОСШ"""
43.36558151245117,79.61526489257812,"КГУ ""Больше-Аксуйская средняя школа им. Г.Садвакасова"""
50.54341506958008,51.54030990600586,"КГУ ""Тарановская начальная  школа"""
45.32715606689453,78.09769439697266,"КГУ ""Средняя школа Жылыбулак"""
50.2581901550293,52.589988708496094,"КГУ ""Общеобразовательная школа имени К.Мырзалиева"""
51.231231689453125,51.467529296875,"КГУ ""Общеобразовательная школа №33"""
43.406471252441406,77.05889129638672,"КГУ ""ОСШ №24"""
51.21873474121094,51.36917495727539,"КГУ ""Общеобразовательная школа №19"""
51.47602081298828,51.1695556640625,"КГУ ""Павловская начальная  школа"""
45.726348876953125,80.27813720703125,КГУ «Средняя школа им. Аль-Фараби с дошкольным мини-центром и Еркинской начальной школой»
44.76365280151367,78.5599136352539,"КГУ ""Жалгизагашская средняя школа с ДМЦ"""
45.410362243652344,79.91748046875,"КГУ ""Школа-гимназия имени Абая"""
44.03904342651367,79.91114044189453,"КГУ ""Акаральская начальная школа"""
43.40068054199219,77.6002426147461,"КГУ ""Средняя школа имени М.Ломоносова """
43.67280960083008,77.06645202636719,Начальная школа № 33
43.70937728881836,77.04035949707031,"ГКУ ""Средняя школа № 12 с ДМЦ"""
44.56679916381836,76.71900939941406,"ГКУ   ""Средняя школа № 1 имени. Жамбыла"""
43.38282012939453,76.75008392333984,"КГУ ""Начальная школа с. О.Исаева"""
44.867088317871094,78.72106170654297,"КГУ ""СШ № 4"""
43.4835319519043,80.07266235351562,"КГУ ""Дардамтинская СШ """
43.12660217285156,75.71954345703125,КГУ НШ«Средняя школа имени Жангельдина с начальной школой Караарша»
43.37552261352539,79.62956237792969,"КГУ ""Долайтинская СШ"""
45.29604721069336,77.8203125,"КГУ ""НСШ имени Кулжабай батыра"""
46.05715560913086,81.03974151611328,КГУ «Ынталинская средняя школа с ДМЦ»
45.76237869262695,80.25862121582031,КГУ «Средняя школа имени Аль –Фараби с ДМЦ»
45.015140533447266,78.37213134765625,"КГУ ""Средняя школа-гимназия №1 имени Абая"""
43.30449676513672,77.24256134033203,"КГУ ""ОСШ №1 имени И.Ф.Халипова"""
43.148193359375,75.92573547363281,КГУ НШ «Когамшылской начальной школой и пришкольным интернатом»
45.81218719482422,80.29058837890625,"КГУ ""Кольбайская средняя школа"""
44.86366653442383,78.76927185058594,"КГУ ""СШ №5"""
43.4786262512207,80.16200256347656,"КГУ ""Сункарская средняя школа"""
45.41471481323242,79.93082427978516,"КГУ ""Средняя школа имени Ы.Алтынсарина Сарканского районного отдела образования"""
43.44172668457031,77.042236328125,"КГУ ""ОСШ №26"""
43.982765197753906,79.8782730102539,"КГУ ""Кызылжиденская начальная школа"""
44.88689422607422,78.7134017944336,"КГУ ""Каратальская средняя школа """
43.22200012207031,76.67813110351562,"КГУ ""Средняя школа-гимназия с. Алмалыбак """
44.70071792602539,76.73374938964844,ГКУ 'Средняя школа Бирлик'
50.72585678100586,53.45491027832031,"КГУ ""Основная средняя образовательная школа села Ақтау"""
49.99314880371094,51.42578125,"КГУ ""НШ Тасоба"""
48.86528778076172,48.52460861206055,"КГУ ""Средняя общеобразовательная школа имени М.Бегалиевой"""
50.779666900634766,50.98503112792969,"КГУ ""Средний общеобразовательный комплекс ""школа-детский сад"" Өркен"""
51.1869010925293,51.31881332397461,"КГУ ""Общеобразовательная школа №20"""
42.81324768066406,79.97459411621094,"КГУ ""Средняя школа имени Мукагали Макатаева с дошкольным мини-центром"" государственного учреждения ""Отдел образования по Райымбекскому району Управления образования Алматинской области"""
43.37937927246094,79.65931701660156,"КГУ ""Средняя школа им.И.Искандерова"""
44.86613845825195,78.73249053955078,"КГУ ""СШ №6"""
51.20051574707031,51.55668640136719,"КГУ ""Айтиевская начальная школа"""
49.9010124206543,52.647029876708984,"КГУ ""Комплекс ""школа-ясли-детский сад"" Сырым"""
43.21384811401367,76.1367416381836,КГУ НШ «Средняя школа села Саурык батыр с Бирликской начальной школой»
51.61378479003906,51.13037109375,"КГУ ""Красновская начальная  школа"""
46.08885955810547,81.249755859375,"КГУ ""Кайнарская средняя школа с ДМЦ"""
49.655364990234375,53.27267837524414,КГУ «Основная средняя школа Үшағаш»
45.74854278564453,80.7865982055664,"КГУ ""Конырская средняя школа с ДМЦ """
43.694610595703125,80.07284545898438,"КГУ ""Дубуньская СШ"""
45.020729064941406,78.38396453857422,"КГУ ""Средняя школа №2"""
45.646995544433594,80.36833953857422,КГУ «Средняя школа Ақтұма с дошкольным мини-центром»
44.181861877441406,80.1546401977539,"КГУ ""Ақкентская начальная школа"""
43.308738708496094,77.22985076904297,"КГУ ""ОСШ №2 имени Сакена Сейфуллина"""
45.41108703613281,79.89818572998047,"КГУ ""Средняя школа имени Акын Сара Сарканского районного отдела образования"""
43.695167541503906,77.13587188720703,"ГКУ""средняя школа №34"""
50.65347671508789,50.89913558959961,"КГУ ""НШ Тоған"""
51.2133674621582,51.3712158203125,"КГУ ""Общеобразовательная школа №21"""
51.02465057373047,53.30574035644531,"КГУ ""Комплекс ""школа-ясли-детский сад"" Ақбұлақ"""
51.241268157958984,51.4237174987793,"ГКП на ПХВ ""Школа-гимназия №34 имени Асана Тайманова"""
51.455570220947266,52.47137451171875,"КГУ ""Кирсановская основная средняя школа"""
50.41606521606445,53.386566162109375,"КГУ ""Комплекс школа-ясли-детский сад"" имени. Абдоллы Жумагалиева"""
43.396785736083984,79.71105194091797,"КГУ ""Тигерменская УСШ с ДМЦ"""
44.93815994262695,78.62908935546875,"КГУ ""Средняя школа имени Балпык би """
46.01634979248047,81.27326202392578,"КГУ ""Средняя школа им.М.Толебаева"""
43.25961685180664,76.77336883544922,"КГУ ""Средняя школа им. М.Маметовой"""
51.20013427734375,52.07942581176758,"КГУ ""Донецкая начальная школа"""
43.169151306152344,76.12244415283203,КГУ НШ «Средняя школа имени Суюнбая с Ушбулакской начальной школой»
51.28661346435547,51.43271255493164,"КГУ ""Пригородная начальная школа"""
43.45338439941406,80.34941864013672,"КГУ им.  ""М.Жалилова СШ с ДМЦ"""
44.669166564941406,78.90497589111328,"КГУ ""СШ № 7 с ДМЦ"""
50.254722595214844,53.74750518798828,КГУ «Основная средняя школа Шалғын»
50.95094299316406,53.07464599609375,"КГУ ""Комплекс ""школа-ясли-детский сад"" Ақсу"""
43.95227813720703,79.80793762207031,"КГУ ""Керимагашская начальная школа"""
51.225975036621094,51.41837692260742,КГУ «Общеобразовательная школа №22»
50.496185302734375,50.55308151245117,"КГУ ""НШ Тегісжол"""
45.01740646362305,78.3695297241211,"КГУ ""Средняя школа №4"""
48.9905891418457,47.662757873535156,"КГУ ""Общеобразовательная средняя школа имени Б.Жаникешева"""
45.63434600830078,79.87675476074219,КГУ «Средняя школа Жетісу с дошкольным мини-центром»
44.28498077392578,80.33702087402344,КГУ «Средняя школа имени Елтинды батыра»
43.30752182006836,77.22340393066406,"КГУ ""ОСШ  №3 имени Абая"""
51.163536071777344,53.03253936767578,"КГУ ""Общеобразовательная школа № 4 города Ақсай"""
43.39194869995117,76.94295501708984,"ГКУ ""Средняя школа № 1"""
43.3958854675293,79.71131134033203,"КГУ ""Тигерменская КСШ"""
44.936279296875,78.43208312988281,"КГУ ""Средняя школа имени М.Маметовой с ДМЦ"""
45.952911376953125,81.55796813964844,КГУ 'Сш.им.С.Сейфуллина с ДМЦ'
50.101593017578125,52.345027923583984,"КГУ ""Общеобразовательная школа Жырақұдық"""
50.42498779296875,51.029354095458984,"КГУ ""НШ Самал"""
43.482845306396484,80.4285659790039,"КГУ ""СШ им Н. Исахметова"""
51.24117660522461,51.413482666015625,"КГУ ""Общеобразовательная школа №23"""
51.4335823059082,52.70863723754883,"КГУ ""Общеобразовательная школа Бөрлі"""
42.935184478759766,80.48493957519531,"Коммунальное государственное учреждение ""Средняя школа имени Абая с дошкольным мини-центром"" государственного учреждения ""Отдел образования по Райымбекскому району Управления образования Алматинской области"""
51.26323318481445,51.27123260498047,"КГУ ""Общеобразовательная школа №48"""
43.35174560546875,76.77252197265625,"КГУ ""Средняя школа с.Кокозек"""
51.26408386230469,51.528114318847656,"КГУ ""Жайыкская начальная школа"""
49.46466064453125,52.69368362426758,КГУ «Основная средняя школа Төлен»
45.66443634033203,80.37313842773438,КГУ «Черкасская средняя школа с дошкольным мини – центром и Ленинской начальной школой»
49.78916549682617,51.388938903808594,"КГУ ""НШ Қамыстыкөл"""
44.86439514160156,78.77723693847656,"КГУ ""СШ № 8 с ДМЦ"""
49.060142517089844,47.25985336303711,КГУ «Комплекс «школа-ясли-сад имени А.Кусаинова»
45.41585159301758,79.9182357788086,"КГУ ""Гуманитарно-экономическая школа-лицей им. Н.Островского с ДМЦ"""
44.143699645996094,79.81077575683594,КГУ «Средняя школа имени Абая»
45.01636505126953,78.35348510742188,"КГУ ""Средняя школа-лицей №5 имени М.Ломоносова"""
44.98421859741211,78.67740631103516,"КГУ ""Средняя школа имени Каблиса Жырау с ДМЦ"""
45.18836975097656,77.97663116455078,"КГУ ""Средняя школа имени Лермонтова"""
51.16680908203125,52.993228912353516,"КГУ ""Общеобразовательная школа № 5 города Ақсай"""
43.38270950317383,76.65851593017578,"ГКУ ""Средняя школа № 2 """
48.81261444091797,46.765140533447266,"КГУ "" Общеобразовательная школа имени Маншук Маметовой"""
43.568206787109375,77.02865600585938,"ГКУ ""Средняя школа №22"" имени Турганбека Катаева"""
43.32969665527344,77.25459289550781,"КГУ ""Общеобразовательная средняя школа-лицей №4"""
42.85890197753906,79.8710708618164,"КГУ ""Средняя школа Кайнар с дошкольным мини-центром"" государственного учреждения ""Отдел образования по Райымбекскому району Управления образования Алматинской области"""
43.50260925292969,80.52872467041016,"КГУ ""СШ им. З.Батталханов с ДМЦ"""
51.24445343017578,51.43350601196289,"КГУ ""Общеобразовательная школа №24"""
50.082984924316406,52.317237854003906,"КГУ ""Комплекс ""школа-ясли-детский сад"" Қособа"""
43.372589111328125,77.36502838134766,"КГУ ""Рахатская средняя школа"""
44.38528823852539,80.15383911132812,КГУ «Шежинская средняя школа»
51.24401092529297,51.273590087890625,"КГУ ""Общеобразовательная школа №49"""
43.1788330078125,76.76869201660156,"КГУ ""Казахская средняя школа села Кыргауылды"
51.05717849731445,52.93639373779297,"КГУ""Общеобразовательная школа Кеңтүбек»"
44.37054443359375,78.3428726196289,"КГУ ""Байгазинская СШ с ДМЦ"""
43.5110969543457,77.69111633300781,"КГУ ""Средняя школа имени  Н.Островского с дошкольным мини-центром"""
49.68790817260742,53.517818450927734,"КГУ ""Общеобразовательная школа имени Мухита"""
49.647300720214844,53.764888763427734,КГУ «Основная средняя школа Алакөл»
43.21643829345703,79.1125717163086,"КГУ ""Средняя школа Аксай"""
45.275062561035156,77.88362121582031,КГУ «Средняя школа имени Жубана Молдагалиева с ДМЦ»
43.61124801635742,77.02440643310547,"ГКУ ""Средняя школа № 35"""
45.39975357055664,79.50167083740234,"КГУ ""Средняя школа-гимназия имени К. И. Сатбаева"""
43.508079528808594,80.67157745361328,"КГУ ""Калжатская СШсДМЦ"""
45.00185775756836,78.39568328857422,"КГУ ""Средняя школа №6 имени А.С.Макаренко"""
51.15583419799805,53.02250289916992,"КГУ ""Школа-лицей № 6 города Ақсай"""
43.493587493896484,78.40717315673828,"КГУ ""Малыбайская средняя школа"""
50.2602653503418,53.087520599365234,"КГУ ""Основная средняя школа Көгеріс"""
48.963714599609375,49.066871643066406,"КГУ ""Комплекс ""школа-ясли-сад "" имени. Ш.Жексенбаева"""
51.22396469116211,51.392860412597656,"КГУ ""Общеобразовательная школа №25"""
46.16679382324219,80.70882415771484,"КГУ ""Енбекшинская средняя школа с ДМЦ"""
43.31882095336914,77.24313354492188,"КГУ ""Общеобразовательная средняя школа №5 имени М.Ауэзова"""
45.40826416015625,79.93147277832031,"КГУ ""Школа-гимназия №1 Сарканского районного отдела образования"""
48.77146911621094,47.42449951171875,"КГУ "" Общеобразовательная школа имени Жангир хана"""
51.18777084350586,52.917327880859375,"КГУ ""Общеобразовательная школа №8 города Ақсай"""
42.82344436645508,79.85430908203125,"КГУ ""Средняя школа Коксай с дошкольным мини-центром"" государственного учреждения ""Отдел образования по Райымбекскому району управления образования Алматинской области"""
49.38136672973633,53.193748474121094,КГУ «Основная средняя школа Жақсыбай»
43.513031005859375,77.6876220703125,"КГУ ""Средняя школа имени Т.Аубакирова с дошкольным мини-центром"""
50.155670166015625,51.82944107055664,"КГУ «Комплекс «школа-ясли-сад» Талап"""
43.008888244628906,79.40386962890625,"КГУ ""Средняя школа Актасты"""
49.690555572509766,53.509849548339844,КГУ «Каратобинская школа -гимназия»
45.391361236572266,79.51049041748047,"КГУ ""Средняя школа имени Ж. Сыдыкова с ДМЦ"""
43.45035934448242,76.87290954589844,"ГКУ ""Основная средняя школа № 37"""
44.158626556396484,78.75373840332031,"КГУ ""СШ имени Райымбек батыра"""
50.141265869140625,50.49284744262695,"КГУ ""Битикская школа- ясли-сад"""
43.23320388793945,76.53352355957031,"КГУ ""Средняя школа Уштерек"""
43.404319763183594,77.60376739501953,"КГУ ""Средняя школа имени А. Жексембекова"""
46.24976348876953,80.10093688964844,КГУ 'Архарлинская средняя школа с ДМЦ'
43.331581115722656,77.24867248535156,"КГУ ""Общеобразовательная средняя школа №6 имени Жамбыла Жабаева с дошкольным мини-центром"""
43.644744873046875,79.69071960449219,"КГУ ""Узынтамская основная школа им.М.Максатова"""
45.012630462646484,78.38860321044922,"КГУ ""Средняя школа №7 имени  К.Ушинского"""
49.4665412902832,53.36609649658203,КГУ «Начальная школа имени А.Адилова»
45.89958190917969,78.71871185302734,"КГУ ""Матайская средняя школа"""
43.437137603759766,77.25942993164062,"КГУ ""Средняя школа имени Т.Рыскулова"""
49.623348236083984,51.60475158691406,КГУ «Общеобразовательная школа Тайпақ»
50.93691635131836,49.96065139770508,"КГУ""Общеобразовательная Первочижинская начальная школа"""
42.725643157958984,80.05812072753906,"КГУ ""Средняя школа имени Сагата Ашимбаева"" государственного учреждения ""Отдел образования по Райымбекскому району Управления образования Алматинской области"""
49.38929748535156,51.828609466552734,"КГУ ""Общеобразовательная школа Базартөбе"""
43.054683685302734,79.67860412597656,"КГУ ""Средняя школа Комирши с дошкольным мини-центром"" государственного учреждения ""Отдел образования по Райымбекскому району Управления образования Алматинской области"""
45.148155212402344,79.4100570678711,"КГУ ""Средняя школа имени Ю. Гагарина ""  село Баласаз"
45.99660110473633,80.72454071044922,"КГУ ""Кызылащинская средняя школа с ДМЦ"""
49.76911926269531,48.687007904052734,КГУ  «Школа-лицей Казталов»
50.254364013671875,54.28879165649414,"КГУ ""Комплекс ""школа-ясли-детский сад"" Алмаз"""
49.88393020629883,51.45253372192383,КГУ «Общеобразовательная школа Есенсай»
43.361175537109375,77.26801300048828,КГУ «№1 Азатская средняя школа»
43.50014877319336,77.26252746582031,"КГУ ""Средняя школа имени И . Жансугурова с дошкольным мини-центром и начальной школой Базаркельды"""
43.31351089477539,77.22901153564453,"КГУ ""школа-лицей №7 имени Ахмета Байтурсынулы"""
49.030250549316406,51.83118438720703,КГУ «Школа-гимназия Тайпақ»
50.77228546142578,51.22856140136719,КГУ «Общеобразовательная школа Ақжайық»
43.49237823486328,79.99139404296875,"КГУ ""Ардолайтинская средняя школа"""
45.037757873535156,78.37633514404297,"КГУ ""Cредняя школа №8 имени Н.Островского"""
51.16118240356445,53.76630401611328,"КГУ ""Ащысайский комплекс ""школа-ясли-детский сад"""
43.184593200683594,78.53829956054688,"КГУ ""Средняя школа имени Узак Багаева с дошкольным миницентром"""
45.6131591796875,79.46075439453125,"КГУ ""Средняя школа Мамания"""
45.219017028808594,79.41404724121094,"КГУ ""Средняя школа имени Барлыбека Сырттанова, с ДМЦ""  село Кызылжар"
43.33728790283203,76.88223266601562,"ГКУ ""Средняя школа №23"""
42.89337158203125,79.23722076416016,"КГУ ""Средняя школа имени Ыдырыс Кошкинова с дошкольным миницентром"""
50.04036331176758,52.1164665222168,КГУ «Общеобразовательная школа им. Ж.Молдагалиева»
45.16171646118164,77.87567138671875,"КГУ ""Неполная средняя школа Карашенгель"""
49.0939826965332,49.787445068359375,КГУ «ОСШ  Жаңажол»
43.391910552978516,77.23009490966797,"КГУ ""Средняя школа Байтерек"""
43.41757583618164,77.0176010131836,"ГКУ""Средняя школа № 7"""
43.298622131347656,77.23760986328125,"КГУ ""Общеобразовательная средняя школа №9 имени Т.Рыскулова"""
49.7641716003418,48.686405181884766,КГУ  «Общеобразовательная школа имени А.Уразбаевой»
43.026981353759766,78.71443939208984,"КГУ ""Средняя школа имени Капез Байгабылулы с дошкольным миницентром"""
45.01061248779297,78.40151977539062,"КГУ ""Средняя школа №9 имени Сайына Муратбекова"""
50.087642669677734,53.83136749267578,КГУ «Общеобразовательная школа Қоскөл»
43.42482376098633,77.61903381347656,"КГУ ""Средняя школа имени К.Орымбетова"""
45.238956451416016,79.60549926757812,"КГУ ""Средняя школа имени Ю. Гагарина ""  село Ақтөбе"
44.352394104003906,78.44853210449219,"КГУ ""Акбастауская ОШ"""
45.27607727050781,79.35359191894531,"КГУ ""Средняя школа имени Барлыбека Сырттанова, с ДМЦ"" село Арасан"
48.7409782409668,51.808956146240234,КГУ «Общеобразовательная школа им. Хиуаз Доспановой»
50.3161735534668,51.06584930419922,КГУ «Общеобразовательная школа Жаңабұлақ»
43.533470153808594,79.46717071533203,"КГУ ""Чунджинская средняя школа № 5"""
42.89332962036133,79.23725891113281,"КГУ ""Средняя школа Каркара с дошкольным миницентром"""
45.237979888916016,78.04308319091797,"КГУ ""Неполная средняя школа Ушкомей"""
43.2310791015625,76.50650787353516,"КГУ ""Средняя школа с.Енбекши"""
43.35721206665039,76.85931396484375,"ГКУ""Средняя школа № 15 им. К.Азербаева"""
49.608184814453125,51.52390670776367,"КГУ ""Общеобразовательная школа им. С.Ошанова"""
49.700382232666016,53.48479461669922,КГУ «Комплекс «школа-ясли-детский сад» Шөптікөл»
45.61195373535156,79.55860137939453,"КГУ ""Средняя школа имени Абая с дошкольным мини-центром""  село  Шолакозек"
43.44635009765625,77.66959381103516,"КГУ ""Талдыбулакская средняя школа с дошкольным мини-центром"""
45.12086868286133,79.04227447509766,"КГУ ""Средняя школа имени Гали Орманова с ДМЦ"""
43.32093048095703,77.24576568603516,"КГУ ""Общеобразовательная средняя школа №49"""
45.01239013671875,78.34410095214844,"КГУ ""Средняя школа-гимназия №10 им. Ч.Валиханова"""
43.29773712158203,79.43457794189453,"КГУ ""Жанасайская основная школа"""
45.445980072021484,79.98102569580078,КГУ «Алмалинская средняя школа с дошкольным мини-центром Сарканского районного отдела образования»
51.26103973388672,51.49943542480469,"КГУ ""Общеобразовательная школа №14"""
51.25613021850586,51.4422492980957,"ГКП на ПХВ ""Общеобразовательная школа №46 имени Бауыржана Момышұлы"""
43.07415008544922,78.53607177734375,"КГУ ""Средняя школа Карабулак с дошкольным миницентром"""
43.31311798095703,76.58277130126953,"КГУ ""Средняя школа имени А.Байсалбаева"""
45.350059509277344,77.93009948730469,"КГУ ""НСШ имени Малика Габдуллина """
49.87648010253906,53.41364669799805,КГУ  «Комплекс «школа-ясли-детский сад» Жамбыл»
45.38341522216797,78.72521209716797,"КГУ ""Средняя школа имени И.Жансүгірова"""
43.45784378051758,76.72427368164062,"ГКУ ""Средняя школа №16 имени Ю.А.Гагарина"""
43.31238555908203,77.10814666748047,"КГУ ""ОСШ №10"""
43.85042190551758,77.05242156982422,"ГКУ ""Средняя школа - гимназия с ДМЦ"""
51.24346160888672,51.40141296386719,"КГУ ""Общеобразовательная школа №16"""
43.05347442626953,78.93592071533203,"КГУ ""Средняя школа Бестобе с дошкольным миницентром"""
45.043365478515625,78.43333435058594,"КГУ ""Средняя школа №11 им.Е.Берликожаулы села Еркин"""
43.58586502075195,77.49205017089844,"КГУ ""Средняя школа имени Ы.Алтынсарина с пришкольным интернатом и начальной школой Кызылказак"""
43.555294036865234,77.97899627685547,"КГУ ""Средняя школа имени Ш .Уалиханова с дошкольным миницентром"""
50.03790283203125,53.51258850097656,КГУ «Общеобразовательная школа Ханкөл»
44.246280670166016,78.24767303466797,"КГУ ""СШ имени Ш.Уалиханова с ДМЦ"""
51.1778564453125,51.2987060546875,ГКП на ПХВ «Общеобразовательная школа №47 имени Қадыр Мырза Әлі»
44.43751525878906,78.55984497070312,"КГУ ""Шаганская  НШ"""
45.39324951171875,79.49756622314453,"КГУ ""Средняя школа имени Есмурата Сикымова с пришкольным интернатом"""
44.45313262939453,78.22232818603516,"КГУ ""Сайлыкольская НШ"""
46.15747833251953,80.96039581298828,"КГУ ""Ушаральская казахская гимназия с ДМЦ"""
43.607032775878906,77.10356903076172,"КГУ ""ОСШ №11"""
43.85285568237305,77.0534896850586,"ГКУ ""Казахская средняя школа №1 имени Д.А.Конаева"""
44.99507522583008,78.35700225830078,"КГУ ""Средняя школа-гимназия №12"""
49.454097747802734,52.95167922973633,КГУ «Общеобразовательная школа имени Б.Аманшина»
43.08007049560547,80.00480651855469,"КГУ ""Средняя школа имени Талип Мусакулова с дошкольным мини-центром"" государственного учреждения ""Отдел образования по Райымбекскому району Управления образования Алматинской области"""
43.15764617919922,76.44944763183594,КГУ «Средняя школа Кайнар» государственного учреждения
43.04932403564453,78.63773345947266,"КГУ ""Средняя школа имени Сарсенбай Бейсембетулы с дошкольным миницентром"""
43.364479064941406,77.51049041748047,"КГУ ""Средняя школа имени О.Жандосова"""
49.21012496948242,50.2973518371582,КГУ «Школа-гимназия Жаңақала»
45.574771881103516,79.56017303466797,"КГУ ""Средняя школа имени Абая с дошкольным мини-центром"""
44.50959396362305,78.2312240600586,"КГУ ""Водная НШ"""
43.49462890625,78.01773071289062,"КГУ ""Средняя школа имени Садыка Аманжолова"""
43.37031173706055,77.30548858642578,"КГУ ""Средняя школа имени Ш. Уалиханова"""
43.68613815307617,77.1959457397461,"КГУ ""ОCШ №12"""
49.653167724609375,53.1732292175293,КГУ «Общеобразовательная школа Соналы»
42.94690704345703,79.1271743774414,"КГУ ""Средняя школа Болексаз с дошкольным миницентром"""
43.38609313964844,77.55674743652344,"КГУ ""Средняя школа имени Толе би """
43.86588668823242,77.07051849365234,"ГКУ ""Средняя школа №1 имени Ы. Алтынсарина"""
45.2720832824707,77.98825073242188,"КГУ ""Средняя школа имени М.Горького"""
45.01041793823242,78.36504364013672,"КГУ ""Средняя школа №13 (со спец.классами)"""
46.1728515625,80.94819641113281,"КГУ ""Средняя школа № 1 города Ушарал"""
43.022769927978516,78.29033660888672,"КГУ ""Основная школа имени Әужана Ниязбекова с дошкольным миницентром"""
43.18563461303711,76.78218078613281,"КГУ ""Средняя школа села Жанатурмыс """
45.25374221801758,77.97087097167969,"КГУ ""Средняя школа им. К.Токаева"""
43.55428695678711,78.46965789794922,"КГУ ""Средняя школа-интернат имени О. Жандосова"""
45.41036605834961,79.22699737548828,"КГУ ""Средняя школа имени Т.Тохтарова с ДМЦ """
43.5474853515625,77.86908721923828,"КГУ ""Средняя школа имени Жамбыла"" ГУ ""Отдел образования по Енбекшиказахскому району Управления образования Алматинской области"""
43.04470443725586,79.87921905517578,"КГУ ""Средняя школа-гимназия имени Албан Асан Барманбекулы с дошкольным мини-центром"" государственного учреждения ""Отдел образования по Райымбекскому району Управления образования Алматинской области"""
44.99686050415039,78.35919952392578,"КГУ ""Средняя школа-гимназия №14"""
43.200984954833984,76.76385498046875,"КГУ ""Средняя школа №2 с.Абай"""
43.35639572143555,77.4926528930664,"КГУ ""Средняя школа Коктобе"""
43.85847854614258,77.0584487915039,"ГКУ «Гимназия №2 имени Шокана Уалиханова"""
43.62953567504883,77.25788879394531,"КГУ ""ОСШ №14"""
46.1744499206543,80.927001953125,"КГУ ""Средняя школа №2 города Ушарал с ДМЦ"""
43.05361557006836,78.60980987548828,КГУ «Школа-гимназия имени Акая Нусипбекова с дошкольным миницентром»
43.273799896240234,76.67032623291016,"КГУ ""Средняя школа имени Жамбыла"""
43.674072265625,77.10198974609375,"ГКУ ""Средняя школа № 3"""
45.24968719482422,77.99061584472656,"КГУ ""Средняя школа имени А.С.Пушкина с ДМЦ"""
42.875755310058594,80.36860656738281,"КГУ ""Средняя школа имени Кодека Байшыганулы с дошкольным мини- центром"" государственного учреждения ""Отдел образования по Райымбекскому району Управления образования Алматинской области"""
45.509037017822266,79.75023651123047,"КГУ ""Кенжиринская средняя школа с дошкольным мини-центром"""
44.99980926513672,78.3416519165039,"КГУ ""IT школа-лицей №28"""
43.37139129638672,76.7154312133789,"КГУ ""Средняя школа Береке"""
43.53125,77.14734649658203,"КГУ ""ОСШ №15"""
45.01600646972656,78.42414093017578,КГУ «Средняя школа №15»
43.40141677856445,77.52415466308594,"КГУ ""Средняя школа имени И. Шорманова"""
43.58881759643555,78.26483917236328,"КГУ ""Казахская средняя школа имени Абая с пришкольным интернатом"""
43.13401412963867,78.96216583251953,"КГУ ""Средняя школа имени Майлы Орманова"""
46.164913177490234,80.9438247680664,"КГУ ""Средняя школа им. М.Мынбайулы г.Ушарал с ДМЦ"""
45.24553680419922,77.97136688232422,"КГУ ""Средняя школа имени И.Есенберлина с ДМЦ"""
43.246482849121094,75.80162811279297,"КГУ""Средняя школа имени Оспанхана Аубакирова с начальной школой"""
43.21809005737305,76.75224304199219,"КГУ ""Средняя школа села Абай """
43.5555534362793,78.03680419921875,"КГУ ""Средняя школа имени Алтынбике Бертаевой с начальной школой Лавар"""
45.643741607666016,79.74560546875,"КГУ "" Средняя школа имени Бижараса Садырбая с  ДМЦ"""
46.16730880737305,80.93720245361328,"КГУ ""Казахская средняя школа имени Абая с ДМЦ"""
43.50403594970703,77.5392837524414,"КГУ ""Балтабайская  средняя школа с дошколным  миницентром """
43.35035705566406,76.86078643798828,"ГКУ ""Средняя школа № 17"""
42.728477478027344,80.1782455444336,"КГУ ""Средняя школа имени Тельман Жанузакова с дошкольным мини- центром"" государственного учреждения ""Отдел образования по Райымбекскому району Управления образования Алматинской области"""
42.713104248046875,80.00891876220703,"КГУ ""Средняя школа имени Нурбапа Омирзакова с дошкольным мини-центром"" государственного учреждения ""Отдел образования по Райымбекскому району Управления образования Алматинской области"""
43.311946868896484,77.09854125976562,"КГУ ""ОСШ №32 с дошкольным мини-центром"""
44.44081497192383,77.94620513916016,"КГУ ""Желдикара НШ"""
43.17585754394531,76.76387023925781,"КГУ ""Средняя школа имени Ушинского"""
45.75410079956055,79.68376922607422,"КГУ ""Жанатлеуская средняя школа с дошкольным мини-центром"""
43.52003479003906,77.48041534423828,"КГУ ""Акбастауская средняя школа """
43.516204833984375,77.63506317138672,"КГУ ""Средняя школа имени Болек батыра"""
43.601661682128906,78.25579071044922,"КГУ ""Средняя школа имени Х. Бижанова"""
44.154300689697266,80.01921844482422,КГУ «Енбекшинская средняя школа с дошкольным мини центром»
43.296234130859375,77.29244232177734,"КГУ ""ОСШ №16 имени Т.Рыскулова"""
45.03477478027344,78.33709716796875,"КГУ ""Средняя школа-гимназия №27"""
42.80263900756836,79.89981079101562,"КГУ ""Средняя школа Жаменке с дошкольным мини-центром"" государственного учреждения ""Отдел образования по Райымбекскому району Управления образования Алматинской области"""
44.261138916015625,80.14262390136719,"КГУ ""Надекская средняя школа"""
43.3836784362793,77.11605834960938,"КГУ  ""ОСШ №33 """
44.342838287353516,77.96112060546875,"КГУ ""Куренбельская казахская СШ"""
46.176353454589844,80.96099090576172,КГУ «Средняя школа имени Сакен Иманасова с ДМЦ»
43.4471321105957,77.33223724365234,"КГУ ""Средняя школа имени. А.Байтурсынова"""
43.384735107421875,77.1275863647461,"КГУ  ""ОСШ №17 с дошкольным мини-центром"""
43.5153694152832,78.3529281616211,"КГУ ""Средняя школа имени И .Саттарова"""
45.45097351074219,79.48564147949219,"КГУ ""Средняя школа имени К. Терибаева с ДМЦ"""
42.97757339477539,80.27175903320312,"КГУ ""Средняя школа имени Сураншы Сауранбаева"" государственного учреждения ""Отдел образования по Райымбекскому району Управления образования Алматинской области"""
43.22404861450195,76.30023956298828,"КГУ ""Средняя школа села Узынагаш"""
43.30611038208008,77.15160369873047,"КГУ ""ОСШ  №34 имени К.Абдыгулова """
42.84811019897461,80.05716705322266,"КГУ ""Основная школа Жана Текес с дошкольным мини-центром"" государственного учреждения ""Отдел образования по Райымбекскому району Управления образования Алматинской области"""
46.193092346191406,81.0210952758789,"КГУ ""Сш.им.Кабанбай батыра с ДМЦ"""
43.406883239746094,76.69623565673828,"ГКУ ""Средняя школа № 27с дошкольным мини-центром"""
45.609344482421875,79.07537841796875,"КГУ ""Средняя школа имени Шокана Уалиханова с ДМЦ"""
43.281307220458984,77.20170593261719,"КГУ ""ОСШ №18 с дошкольным мини-центром"""
43.06830596923828,79.1173095703125,"КГУ ""Средняя школа Жалаулы"""
43.47602081298828,77.34502410888672,"КГУ ""Средняя школа имени Садыра """
43.307029724121094,77.15084075927734,"КГУ  ""Школа-гимназия №35 имени Бауыржан Момышулы"""
43.380916595458984,76.8073501586914,"КГУ ""Средняя школа Жармухамбет"""
43.20193862915039,76.2869644165039,"КГУ ""Средняя школа №2 села Кайназар"""
42.935882568359375,80.48727416992188,"КГУ ""Средняя школа Сарыжаз с начальной школой Акбеийт"" государственного учреждения ""Отдел образования по Райымбекскому району Управления образования Алматинской области"""
43.652408599853516,78.5148696899414,"КГУ ""Нурлинская средняя школа"""
45.02365493774414,78.41020202636719,"КГУ ""Средняя школа №26 в Еркинском сельском округе"""
43.297183990478516,77.02599334716797,"КГУ ""ОСШ №28 с дошкольным мини-центром"""
43.015838623046875,79.22437286376953,"КГУ ""Средняя школа имени Ожека Жанабаева"""
43.49321365356445,77.78278350830078,"КГУ ""Средняя школа имени А.Бубенцова с дошкольным мини-центром"""
43.34823226928711,76.84196472167969,"ГКУ ""Гимназия № 39 """
43.58494567871094,77.05757141113281,"КГУ  ""ОСШ №37 имени Ильяса Жансугурова с дошкольным мини-центром"""
43.19962692260742,76.57049560546875,"КГУ ""Средняя школа Шалкар"""
43.40774154663086,77.42521667480469,"КГУ ""Средняя школа имени М.Горького"""
42.72383499145508,80.17745208740234,"Коммунальное государственное учреждение ""Средняя школа-гимназия имени Беридибека Сокпакбаева с дошкольным миницентром"" государственного учреждения ""Отдел образования  по Райымбекскому району Управления образования Алматинской области"""
43.683349609375,78.22660064697266,"КГУ ""Сарыбулакская средняя школа"""
43.987876892089844,79.619873046875,КГУ 'Дарбазакумская основная школа'
43.386383056640625,77.40299987792969,"КГУ ""Средняя школа №1 Рахатского сельского округа"""
43.03836441040039,78.63627624511719,"КГУ ""Средняя школа имени Жамал Ермегияева с дошкольным миницентром"""
43.29924774169922,77.0483169555664,"КГУ ""ОСШ №29 с дошкольным мини-центром"""
45.649898529052734,80.24337768554688,КГУ «Средняя школа имени Магжан Жумабаева»
43.347434997558594,77.22771453857422,"КГУ ""ОСШ  № 38"""
43.12855911254883,76.09654235839844,КГУ «Средняя школа имени Суюнбая»
42.97872543334961,78.96812438964844,"КГУ ""Основная школа Талды”"
43.52187728881836,77.7713394165039,"КГУ ""Средняя школа имени Ж. Каипова"""
43.39229202270508,77.48821258544922,"КГУ ""Средняя школа имени Абая"""
43.23651123046875,76.29932403564453,"КГУ""Средняя школа имени Наурызбай батыра Кутпанбетулы"""
42.71950149536133,80.16213989257812,"КГУ ""Средняя школа имени Ораз Жандосова с дошкольным мини-центром и с начальной школой Костобе"" государственного учреждения ""Отдел образования по Райымбекскому району Управления образования Алматинской области"""
44.17081832885742,79.99925231933594,КГУ «Средняя школа имени Х. Хамраева»
44.667755126953125,78.79207611083984,"КГУ ""Бериктасская СШ с ДМЦ"""
43.492393493652344,77.00656127929688,"ГКУ ""Средняя школа №21"""
43.7130012512207,77.27241516113281,"КГУ ""ОСШ №30 с дошкольным мини-центром"""
43.392486572265625,77.1817398071289,"КГУ  ""ОСШ  №39"""
45.64693069458008,80.36829376220703,"КГУ ""Средняя школа Шатырбая с дошкольным мини центром и Сарканского районного отдела образования"""
43.601863861083984,78.25608825683594,"КГУ ""Гимназия села Шелек"""
43.68213653564453,77.11256408691406,"ГКУ ""Средняя школа №11"""
43.4794921875,78.38480377197266,"КГУ ""Жанашаруинская средняя школа"""
43.411163330078125,77.4755859375,"КГУ ""Айменская средняя школа"""
42.9846305847168,79.0335922241211,"КГУ ""Средняя школа имени Инкарбек Жумагулова с дошкольным миницентром """
43.23649978637695,76.59918975830078,"КГУ ""Средняя школа имени Б.Косынова с дошкольным мини-центром"""
43.186832427978516,76.52789306640625,"КГУ ""Казахская средняя школа имени Альжан Букарбайкызы"""
43.4985237121582,77.2621841430664,"КГУ ""Корамская средняя школа"""
43.31669616699219,77.05471801757812,"КГУ  ""ОСШ №31 им. Аль-Фараби"""
44.63725662231445,78.3526382446289,СШ  имени Акына Кабан Жырау
46.232818603515625,78.93087768554688,"КГУ ""Средняя школа имени К.Ушинского с дошкольным мини центром Сарканского районного отдела образования"""
43.332645416259766,75.84317016601562,КГУ «Средняя школа села Таргап с дошкольным мини- центром»
43.020599365234375,79.22054290771484,"КГУ ""Средняя школа-гимназия имени Садвакаса Серкебаева"""
43.48766326904297,77.06097412109375,"КГУ  ""ОСШ № 40"""
43.47079849243164,78.343017578125,"КГУ ""Средняя школа имени Т.Кабылова"""
43.119361877441406,76.11090087890625,"КГКП ""Школа-ясли-сад имени Садуакаса Бигельдиева"""
43.16928482055664,76.34530639648438,КГУ «Средняя школа имени Сагиндыка Оспанова»
43.15787887573242,76.56758117675781,"КГУ ""Средняя школа имени О.Жандосова"""
44.1773796081543,80.01683807373047,КГУ «Средняя школа имени Билала-Назыма с дошкольным мини-центром»
43.0181770324707,79.22599029541016,"КГУ ""Средняя школа-лицей имени Кенеса Нурпеисулы с дошкольным миницентром"""
45.017452239990234,78.3709487915039,"КГУ ""Специализированный лицей №20 города Талдыкорган"""
43.650089263916016,78.17642974853516,"КГУ ""Средняя школа имени Б.Момышулы"""
46.088565826416016,79.47372436523438,"КГУ ""Средняя школа имени М.Маметовой с дошкольным мини центром """
44.366939544677734,77.95023345947266,"КГУ ""Сарыозекская СШ с ДМЦ"""
45.128501892089844,77.93700408935547,"КГУ ""Средняя школа  имени К. Байсеитова с ДМЦ"""
44.92164993286133,78.13092803955078,СШ  Бескайнар
43.19685363769531,76.26968383789062,КГУ НШ  « Кайназар»
43.55662536621094,77.99845886230469,"КГУ ""Средняя школа имени А. Саттарова с дошкольным мини-центром"""
44.945499420166016,78.08832550048828,СШ имени Злихи Тамшыбай
43.54314041137695,78.367431640625,"КГУ ""Средняя школа имени  М. Макатаева"""
43.5335693359375,78.27935028076172,"КГУ ""Средняя школа имени М. Ауэзова"""
44.294185638427734,78.44708251953125,"КГУ ""Тастыбастауская НШ"""
44.43100357055664,78.1409912109375,"КГУ ""им. Ж.Жапарова СШ с ДМЦ"""
46.22332000732422,78.82209777832031,"КГУ ""Средняя школа Ериктинская с дошкольным мини центром"""
45.016510009765625,78.3866958618164,"КГУ ""Специализированный лицей №24 имени Мухтара Арына"""
45.18867492675781,77.93358612060547,КГУ СШ Оян
45.20673751831055,73.95806884765625,КГУ «Средняя школа села Улькен с дошкольным мини-центром»
43.1823616027832,76.54413604736328,"КГУ ""Средняя школа-гимназия ""Ушконыр"" »"
43.4743766784668,76.96568298339844,"ГКУ ""Средняя школа № 25"""
45.243682861328125,77.9821548461914,"КГУ ""СШ № 13 с пришкольным интернатом"""
43.22800827026367,76.31094360351562,КГУ «Средняя школа имени Ш. Уалиханова»
43.39786148071289,77.26589965820312,"КГУ ""Средняя школа имени О. Мухаммадий"""
43.579193115234375,78.3433609008789,"КГУ ""Средняя школа имени И.Таирова с дошкольным мини-центром"""
44.839988708496094,78.22802734375,КГУ «Средняя школа имени Жамбыла с пришкольным мини-центром»
44.18342590332031,79.99164581298828,КГУ «Средняя школа интернат №6»
46.234405517578125,78.945556640625,"КГУ ""Средняя школа №54 с дошкольным мини центром"""
45.225440979003906,77.87480926513672,КГУ НШ Умтыл
43.57019805908203,77.16410064697266,"КГУ  ""ОСШ № 41 с дошкольным мини-центром"""
43.60309982299805,76.31053161621094,КГУ «Средняя школа станции Казыбек бек» государственного учреждения «Отдел образования по Жамбылскому району Управления образования Алматинской области»
43.25212860107422,76.35629272460938,КГУ «Средняя школа имени Умбеталы Карибаева»
44.33216094970703,78.5324478149414,"КГУ ""Доланалинская ОШ с ДМЦ"""
43.3051872253418,77.04329681396484,"КГУ ""Общеобразовательная средняя школа-гимназия № 45 с дошкольным мини-центром"""
45.26856994628906,77.9359130859375,КГУ «Начальная школа Кожбан»
43.40938186645508,76.9688949584961,"ГКУ ""Средняя школа №46"""
43.98035430908203,77.46597290039062,"ГКУ ""Средняя школа № 6 имени Қ.Жалайыр"""
43.51825714111328,76.05133819580078,КГУ «Начальная школа Акдала»
43.409584045410156,76.75228881835938,"КГУ ""Средняя школа с. О.Исаева"""
46.21934127807617,77.29336547851562,КГУ «Средняя школа имени Абая»
46.28434371948242,78.32361602783203,"КГУ ""Средняя школа имени М.Толебаева с дошкольным мини центром Сарканского районного отдела образования"""
43.32437515258789,77.0646743774414,"КГУ ""ОСШ № 13"""
43.5547981262207,76.28661346435547,"КГУ «Средняя школа села Кокдала"""
43.19935607910156,76.6190185546875,"КГУ ""Средняя школа-гимназия имени Абая"
43.27018737792969,76.02764892578125,"КГУ ""Унгуртасская средняя школа"""
43.42625427246094,76.10568237304688,КГУ «Средняя школа села Ульгули»
44.42290115356445,78.2859115600586,"КГУ ""Коксайская ОШ"""
46.5429573059082,77.1576919555664,"КГУ ""Алгазинская средняя школа"""
43.93523025512695,77.59498596191406,"ГКУ ""Средняя школа № 7 с ДМЦ"""
43.21862030029297,75.83206939697266,"КГУ ""Начальная школа Булак"""
45.42687225341797,80.32918548583984,КГУ «Средняя школа Теректі»
43.34745788574219,77.22767639160156,"КГУ ""ОСШ №42"""
43.19602584838867,76.62037658691406,"КГУ ""Средняя школа им. В.Г.Белинского"""
43.512939453125,76.89506530761719,"ГКУ ""Средняя школа № 26"""
43.157440185546875,75.92122650146484,КГУ «Средняя школа села Шиен с Когамшылской начальной школой и пришкольным интернатом»
46.44416809082031,77.28987884521484,"КГУ ""Средняя школа имени А. Байтурсынова с ДМЦ"""
43.90479278564453,77.67704010009766,"ГКУ «Средняя школа №8 с ДМЦ"""
45.49360656738281,79.85164642333984,"КГУ ""Бирликская средняя школа с дошкольным мини центром"""
43.405029296875,76.8971176147461,"ГКУ ""Средняя школа № 36"""
44.24641036987305,78.24764251708984,"КГУ ""Шанханайская ОШ"""
43.20304870605469,76.62742614746094,"КГУ ""Средняя школа имени С.Керимбекова"""
43.342376708984375,77.47872161865234,"КГУ ""Средняя школа имени Райымбек батыра"""
43.189125061035156,76.53691864013672,"КГУ ""Средняя школа имени М.Ауэзова"""
46.01527786254883,77.1852798461914,КГУ «НШ  Балхаш »
44.07917022705078,77.41365051269531,"ГКУ ""Средняя школа № 9"""
43.41218948364258,77.01575469970703,"ГКУ""Средняя школа №13 имени М.Макатаева"""
44.13373947143555,79.81083679199219,"КГУ ""Средняя школа с дошкольным мини-центром имени Динмухамеда Конаева"""
43.19755935668945,76.61003875732422,"КГУ ""Средняя школа имени А.С.Пушкина"""
43.595176696777344,78.23896026611328,"КГУ ""Средняя школа имени П.Вихрева """
43.199951171875,76.53230285644531,"КГУ ""Средняя школа села Шамалган с дошкольным мини-центром"""
43.35121154785156,76.6183090209961,"КГУ ""Средняя школа имени Бауыржана Момышулы"""
43.4818000793457,77.0416030883789,"ГКУ""Средняя школа №9"""
43.479774475097656,77.04219055175781,"ГКУ  ""Школа-гимназия №28"""
43.255008697509766,76.75604248046875,ГУ «Средняя школа Кемертоган»
43.37849807739258,76.83824157714844,"ГКУ""Средняя школа № 40"""
43.414432525634766,77.03191375732422,"ГКУ ""ЛИЦЕЙ № 24"""
43.94194030761719,77.5145034790039,"ГКУ ""Средняя школа № 10"""
44.336204528808594,80.38297271728516,"КГУ ""Средняя школа имени Крылова"""
45.18441390991211,78.00980377197266,"КГУ ""Средняя школа имени Ракымжана Кошкарбаева"""
44.278221130371094,79.29772186279297,КГУ «Средняя школа имени Кожбанбет би»
43.5638313293457,76.90924072265625,"ГКУ ""Средняя школа № 14"""
43.28429412841797,76.68363952636719,"КГУ ""Средняя школа №2 с.Жамбыл"""
44.97426986694336,78.11280822753906,СШ имени Сындыбалы Кырыкбаевой
44.80003356933594,78.40314483642578,СШ Талаптинская
43.19270706176758,76.63253784179688,"КГУ ""Средняя школа имени Н.Алимкулова"""
43.165321350097656,76.4759292602539,"КГУ ""Средняя школа 1 Май"""
44.03371047973633,79.52013397216797,КГУ «Средняя школа Айдарлы с дошкольным мини центром»
44.99797058105469,77.92268371582031,СШ  Муканчинская
44.840145111083984,78.28031921386719,СШ  имени Ж.Егинбаева с пришкольным интернатом
43.47480392456055,76.80574798583984,"ГКУ ""Средняя школа № 10"""
43.430931091308594,76.91065979003906,"ГКУ ""Средняя школа №20"""
43.99353790283203,76.32135009765625,"ГКУ ""Средняя школа № 8 """
44.115055084228516,79.87171173095703,КГУ «Ушаралская средняя школа с дошкольным мини центром»
44.364200592041016,77.97358703613281,"КГУ  ""СШ №49"""
43.20868682861328,76.61967468261719,"КГУ ""Средняя школа имени К.Сатбаева"""
45.00836181640625,77.9050064086914,СШ  Жетыжал
44.0841178894043,79.9677963256836,КГУ «Средняя школа имени Ж.Бусакова с дошкольным мини центром»
44.848052978515625,77.87871551513672,НСШ Женисская
44.258392333984375,79.34307861328125,КГУ«Сарытобинская средняя школа»
43.19838333129883,76.63666534423828,"КГУ ""Средняя школа имени А. Байжанова"""
44.87864685058594,77.95800018310547,СШ   Кызыларыкская
43.19199752807617,76.26023864746094,КГУ «Средняя школа села Кайназар №1 с начальной школой Кайназар»
44.89809799194336,78.05377197265625,СШ  имени Мусабека
44.67709732055664,78.10409545898438,СШ Алгабасская
44.62030029296875,77.99234771728516,СШ   № 12
49.47709655761719,75.87446594238281,"КГУ «Средняя общеобразовательная школа № 20 села Буркитты"""
48.314876556396484,74.51077270507812,"КГУ ""Начальная школа имени Дауитали Стамбекова"""
49.920379638671875,73.0978775024414,"КГУ ""Основная средняя школа №42"""
48.68098831176758,74.19160461425781,"КГУ ""Акшийская основная средняя школа"""
47.59774398803711,75.66606140136719,"КГУ ""Общеобразовательная школа имени Манарбека Ержанова"""
49.190242767333984,71.5484390258789,"КГУ ""Бекетская основная средняя школа"""
49.676361083984375,71.87593078613281,"КГУ ""Начальная школа имени Дакена Шалабекулы"""
49.23796081542969,73.01910400390625,"КГУ ""Общеобразовательная  школа имени Шакарима"""
49.631629943847656,72.88426971435547,"КГУ ""Школа-гимназия имени Ахмета Байтурсынулы"""
47.80374526977539,67.70843505859375,КГУ «Общеобразовательная школа №4 »
47.99766159057617,70.78315734863281,"КГУ ""Начальная школа №5 г. Каражал"""
48.44580078125,73.23334503173828,"КГУ ""ОШ имени Абая"""
49.11148452758789,73.46035766601562,"КГУ ""Шопинская начальная школа"""
49.67203140258789,72.3819351196289,"КГУ ""Общеобразовательная школа имени Шакарима"""
50.50747299194336,73.39164733886719,"КГУ ""Основная средняя школа № 35"""
47.746646881103516,74.02303314208984,"КГУ ""Акжальская ОСШ"""
47.787017822265625,67.7022933959961,КГУ «Общеобразовательная  школа №5 имени Кабдена Шынгысова»
50.28318405151367,71.35942077636719,"КГУ ""Жана-Курлусская начальная школа"""
46.77358627319336,74.82925415039062,"КГУ ""Торангалыкская основная средняя школа"""
48.574485778808594,73.98526000976562,"КГУ ""Нуринская ОШ"""
49.66011428833008,72.23876953125,"КГУ ""Кояндинская основная средняя"""
49.334041595458984,76.24056243896484,"КГУ «Средняя общеобразовательная школа №21"""
49.630897521972656,72.85334777832031,"КГУ ""Опорная школа (ресурсный центр) имени Нуркена Абдирова"""
49.70517349243164,72.63348388671875,"КГУ ""Общеобразовательная школа № 8"""
49.7970085144043,72.82394409179688,"КГУ ""Школа-лицей №1"""
49.755592346191406,73.0619125366211,"КГУ ""Основная средняя школа №44"""
47.847412109375,72.8667984008789,"КГУ ""Тумсыкская НШ"""
48.911659240722656,73.33859252929688,"КГУ ""Кармысская НШ"""
48.90956115722656,76.51675415039062,"КГУ «Средняя общеобразовательная школа № 22 села Томар"""
48.12021255493164,74.18914031982422,"КГУ ""ОСШ им. Алтайбаева"""
50.67124557495117,72.52410888671875,"КГУ ""Общеобразовательная школа № 13"""
50.15147399902344,76.65913391113281,"КГУ «Средняя общеобразовательная школа № 32 села Актасты"""
48.84975051879883,73.60208129882812,"КГУ ""Кайрактинская НШ"""
47.67150115966797,67.86885070800781,КГУ «Общеобразовательная  школа №14 села Талап»
49.64513397216797,72.74055480957031,"КГУ ""Мичуринская основная средняя школа"""
49.63386154174805,72.86854553222656,"КГУ ""Школа-лицей имени Шокана Уалиханова"""
49.80149459838867,72.8308334350586,"КГУ ""Общеобразовательная школа  имени Абая"""
50.31035232543945,72.92070770263672,"КГУ ""Основная средняя школа № 14"""
49.79897689819336,73.09214782714844,"КГУ ""Гимназия № 45"""
50.01055908203125,76.17695617675781,"КГУ «Средняя общеобразовательная школа № 30 села Теректы"""
48.57395935058594,75.49105072021484,"КГУ ""Кызыларайская общеобразовательная школа"""
49.10869216918945,73.7437744140625,"КГУ ""Берекеттинская начальная школа"""
49.023990631103516,72.5592041015625,"КГУ ""Акойская ОШ"""
49.79323959350586,73.1505355834961,"КГУ ""Школа-гимназия имени аль-Фараби"""
48.9041748046875,75.18202209472656,"КГУ ""Акбауырская начальная школа"""
50.45656967163086,73.31977844238281,"КГУ ""Общеобразовательная школа № 15"""
48.47675323486328,74.76160430908203,"КГУ ""Основная средняя школа имени Асета Болганбайулы"""
48.06459045410156,68.53500366210938,"КГУ «Основная средняя школа № 6"""
48.68156051635742,73.77874755859375,"КГУ ""Енбекшилская начальная школа"""
49.36306381225586,72.90184020996094,КГУ «Общеобразовательная школа №9»
49.778804779052734,73.13920593261719,"КГУ ""Общеобразовательная школа №27"""
48.74457550048828,73.72169494628906,"КГУ ""Аксуская ОСШ"""
50.323612213134766,69.42584991455078,"КГУ ""Ныгыманская начальная школа"""
49.973392486572266,73.2146987915039,"КГУ ""Общеобразовательная школа №46"""
49.5748291015625,76.19352722167969,"КГУ «Средняя общеобразовательная школа № 31 села Айнабулак"""
47.80669021606445,67.7215347290039,"КГУ ""ШЛ№7 им. К.Сатпаева"""
50.28306579589844,72.09918975830078,"КГУ ""Общеобразовательная школа № 16"""
48.71916198730469,72.85257720947266,"КГУ ""ОСШ им. М.Жапакова"""
47.90697479248047,67.52120208740234,"КГУ ""Общеобразовательная  школа имени Каныш Сатпаева"""
49.80690383911133,72.84506225585938,"КГУ ""Общеобразовательная школа №6"""
48.969329833984375,74.8525161743164,"КГУ «Средняя общеобразовательная школа № 14 села Жанатоган"""
46.75181579589844,75.38552856445312,"КГУ ""Ортадересинская общеобразовательная школа"""
48.745399475097656,73.72036743164062,"КГУ ""Аксуская начальная школа"""
48.53495407104492,72.40574645996094,"КГУ ""Жыландинская начальная школа"""
49.796199798583984,73.08373260498047,"КГУ ""Гимназия №97"""
49.56943130493164,72.896240234375,"КГУ ""Общеобразовательная школа №15"""
49.796783447265625,73.08513641357422,"КГУ ""Общеобразовательная школа № 48"""
48.89360046386719,70.92137908935547,"КГУ ""Караагашская НШ"""
49.832969665527344,68.65455627441406,"КГУ ""Акколкинская начальная школа"""
49.865318298339844,73.00699615478516,"КГУ ""Основная средняя школа №50"""
47.79666519165039,67.70194244384766,"КГУ ""Гимназия №8 """
50.26279830932617,72.66947937011719,"КГУ ""Основная средняя школа №30"""
49.88256072998047,76.6236343383789,"КГУ «Начальная  школа №29 села Осибай"""
50.377357482910156,72.2168960571289,"КГУ ""Общеобразовательная школа № 17"""
48.656307220458984,67.00383758544922,КГУ «Опорная школа (ресурсный центр) №1»
47.74090576171875,71.44287109375,"КГУ ""Актауская ООШ"""
47.89830017089844,67.5489501953125,"КГУ ""Общеобразовательная школа №14"""
46.83622360229492,74.98286437988281,КГУ «Специализированная школа «Зияткер»
46.83733367919922,74.99996948242188,"КГУ ""Школа-интернат  имени Михаила Русакова"""
49.79215621948242,73.15776824951172,"КГУ ""Школа-лицей имени Ыбырая Алтынсарина"""
50.56129455566406,72.581787109375,"КГУ ""Опорная школа (ресурсный центр) имени Алихана Бокейхана"""
48.728389739990234,72.19967651367188,"КГУ ""НШ Разъезда - 56"""
49.65468215942383,72.78795623779297,"КГУ ""Общеобразовательная школа №4"""
48.04801940917969,75.86044311523438,"КГУ ""Школа-интернат имени Абая"""
49.51941680908203,72.82327270507812,"КГУ ""Опорная школа (ресурсный центр) имени Абая"""
49.91535949707031,73.07743072509766,"КГУ ""Школа-центр дополнительного образования №51"""
50.47796630859375,73.23709106445312,"КГУ ""Общеобразовательная школа № 18"""
47.91334533691406,67.52068328857422,"КГУ ""Общеобразовательная школа имени Алькея Маргулана"""
47.800048828125,67.67816925048828,"КГУ ""ШИ  №9 г. Жезказгана"""
49.214813232421875,66.66035461425781,"КГУ ""Общеобразовательная школа №2"""
48.10898208618164,74.56190490722656,"КГУ ""Общеобразовательная школа имени Нуркена Абдирова"""
48.64958953857422,70.37388610839844,"КГУ ""Общеобразовательная школа им. О.Алибаева"""
47.80436325073242,67.6996841430664,КГУ «Специализированная школа-интернат имени Абая»
48.04805374145508,75.8602066040039,"КГУ ""Кошкарская опорная школа (ресурсный центр)"""
46.80562210083008,75.03816223144531,КГУ «ОШ (РЦ) КШЯС» поселка Шашубай
49.8148193359375,73.10323333740234,"КГУ ""Общеобразовательная школа имени академика Е.А.Букетова"""
49.614166259765625,72.79509735107422,"КГУ ""Караганская основная средняя школа"""
47.790401458740234,67.70095825195312,КГУ «Общеобразовательная  школа № 24»
46.83795166015625,74.9806137084961,"КГУ ""Школа-интернат для детей из многодетных и малообеспеченных семей"""
50.319828033447266,73.07806396484375,"КГУ ""Основная средняя школа № 34"""
50.038330078125,73.2270278930664,"КГУ ""Основная средняя школа №134"""
48.58723068237305,71.11174774169922,"КГУ ""Актубекская ОШ"""
50.682003021240234,72.71456146240234,"КГУ ""Общеобразовательная школа № 2"""
47.81697463989258,67.67845916748047,КГУ «Общеобразовательная  школа № 10»
50.43146896362305,73.24667358398438,"КГУ ""Общеобразовательная школа № 20"""
48.75868225097656,66.62901306152344,"КГУ «Общеобразовательная школа №3"""
48.40594482421875,75.3952865600586,"КГУ ""Общеобразовательная школа имени Алимхана Ермекова"""
47.8026008605957,67.70948791503906,"КГУ ""Общеобразовательная  школа №1"""
47.91099166870117,67.51976776123047,"КГУ ""Общеобразовательная школа №16"""
48.70552444458008,76.69731903076172,"КГУ «Средняя общеобразовательная школа № 23 села Татан"""
49.7752571105957,73.23572540283203,"КГУ ""Уштобинская опорная школа (ресурсный центр)"""
49.41896438598633,75.45574188232422,"КГУ ""Опорная школа (ресурсный центр) в базе средней общеобразовательной школы №44 имени Мади Бапиулы"""
47.79414367675781,67.71611785888672,"КГУ ""Гимназия №26 """
49.52569580078125,72.67564392089844,"КГУ ""Комплекс ""школа-ясли-сад ""Ақбұлақ"""
50.437713623046875,72.35704803466797,"КГУ ""Начальная школа №37"""
49.8856315612793,73.19633483886719,"КГУ ""Школа-лицей №53"""
50.61610412597656,72.89128112792969,"КГУ ""Общеобразовательная школа № 3"""
49.963993072509766,73.20812225341797,"КГУ ""Основная средняя школа №137"""
49.78499221801758,73.11614990234375,"КГУ ""Специализированная школа-лицей-интернат ""Информационных технологий"""
48.062164306640625,67.0577163696289,КГУ «Опорная школа  (ресурсный центр) №6»
50.40060043334961,73.06481170654297,"КГУ ""Общеобразовательная школа имени Ахмета Байтурсынулы"""
48.5887565612793,74.52533721923828,"КГУ ""Основная средняя школа имени Толепберди Акышулы"""
48.72560119628906,71.93978118896484,"КГУ ""Бидаикская общеобразовательная школа"""
47.79444885253906,67.7056655883789,КГУ «Общеобразовательная  школа №11»
47.84003829956055,67.61187744140625,"КГУ ""Общеобразовательная школа №2 села Кенгир """
49.345184326171875,74.23049926757812,"КГУ «Основная средняя школа № 13"""
50.73542404174805,72.80178833007812,"КГУ ""Основная средняя школа № 33"""
47.90308380126953,67.5256576538086,"КГУ ""Школа-лицей имени Ыбырая Алтынсарина"""
47.77967071533203,67.69310760498047,КГУ «Основная средняя школа №133»
48.317203521728516,74.98164367675781,КГУ «Опорная школа (ресурсный центр) на базе общеобразовательной школы им. К. Байсеитовой»
46.11663055419922,73.61892700195312,"КГУ ""Сарышаганская школа-интернат"""
49.821556091308594,73.10166931152344,"КГУ ""Лицей №2"""
49.411922454833984,75.4639663696289,КГУ «Общеобразовательная школа № 2 имени Алимхана Ермекова»
50.82924270629883,73.29303741455078,"КГУ ""Общеобразовательная школа № 22"""
48.0079231262207,69.12999725341797,КГУ «Общеобразовательная школа №7»
47.80649948120117,67.71935272216797,"КГУ ""Общеобразовательная  школа №3"""
48.71940612792969,71.75947570800781,"КГУ ""Актайлакская основная средняя школа"""
49.34592819213867,74.46595001220703,"КГУ «Опорная школа (ресурсный центр) в базе средней общеобразовательной школы № 8 села Бесоба"""
49.052425384521484,76.02167510986328,"КГУ «Основная средняя школа № 24"""
49.89670944213867,73.21318817138672,"КГУ ""Общеобразовательная школа имени Жумабека Ташенева"""
50.25940704345703,71.55648040771484,"КГУ ""Общеобразовательная школа им. М. Жумабаева"""
50.639610290527344,72.85546875,"КГУ ""Основная средняя школа № 32"""
47.90435028076172,67.52892303466797,"КГУ ""Общеобразовательная школа №25"""
49.629058837890625,72.86427307128906,"КГУ «Школа-центр дополнительного образования имени Каныша Сатпаева"""
49.41094207763672,75.1270523071289,"КГУ «Средняя общеобразовательная школа №6"""
48.453819274902344,74.9728012084961,"КГУ ""Основная средняя школа имени Сатибека Ибраева"""
46.30812454223633,73.95389556884766,"КГУ ""Тасаралская общеобразовательная школа"""
48.42668533325195,74.82369232177734,"КГУ ""Опорная школа (ресурсный центр) имени Казбека Нуржанова"""
48.540523529052734,70.43914031982422,"КГУ ""ОСШ №140"""
49.6922492980957,74.36876678466797,"КГУ «Средняя общеобразовательная школа №3"""
47.79167938232422,67.68712615966797,"КГУ ""Общеобразовательная  школа №13"""
49.80750274658203,73.09693145751953,"КГУ ""Гимназия имени Шакарима"""
49.0584831237793,67.7478256225586,КГУ «Общеобразовательная  школа №8»
49.632137298583984,72.872314453125,"КГУ ""Школа-гимназия №5 имени Абая Кунанбаева"""
50.726417541503906,73.52919006347656,"КГУ ""Опорная школа (ресурсный центр) имени Каныша Сатпаева"""
50.38129806518555,73.80659484863281,"КГУ ""Алгабасская основная средняя школа"""
49.5979118347168,75.0545883178711,"КГУ ""Опорная школа (ресурсный центр) в базе средней общеобразовательной школы № 4 села Коктас"""
49.90330123901367,73.0866928100586,"КГУ ""Общеобразовательная школа № 32"""
47.89963912963867,67.54786682128906,"КГУ ""Общеобразовательная школа № 27"""
48.55230712890625,70.61851501464844,"КГУ ""ОСШ №144 """
49.110477447509766,75.85807037353516,"КГУ ""Опорная школа (ресурсный центр) в базе средней общеобразовательной школы №19 села Талды"""
48.688201904296875,71.63850402832031,"КГУ ""Общеобразовательная школа имени С.Сейфуллина"""
48.39133071899414,67.85253143310547,"КГУ «Основная средняя школа № 15"""
49.99644470214844,71.49244689941406,"КГУ ""Общеобразовательная школа имени Рахимжана Кошкарбаева"""
49.88759231567383,73.20110321044922,"КГУ ""Школа-гимназия №95 """
49.698707580566406,72.60157775878906,"КГУ ""Общеобразовательная школа № 6"""
47.91098403930664,67.52938842773438,КГУ «Школа-лицей №4 имени Абая»
47.221317291259766,73.3552474975586,"КГУ ""ОШ Моинтинская"""
48.49860763549805,71.08071899414062,"КГУ ""Основная средняя школа №135"""
50.462100982666016,72.69208526611328,"КГУ ""Общеобразовательная школа № 6"""
49.23952102661133,75.5250015258789,"КГУ «Основная средняя школа №26 имени Ахмета Байтурсынова"""
51.114723205566406,73.61239624023438,"КГУ ""Общеобразовательная школа № 24"""
49.90575408935547,73.05519104003906,"КГУ ""Комплекс ""школа-ясли-сад №33"""
49.966217041015625,74.03396606445312,"КГУ ""Шешенкаринская общеобразовательная школа"""
48.25038528442383,72.8625259399414,"КГУ ""Школа-лицей имени Ю.А.Гагарина"""
48.078433990478516,71.04685974121094,"КГУ ""Общеобразовательная школа №6 г.Каражал"""
48.29500961303711,69.64437866210938,"КГУ ""Кызылжарская общеобразовательная школа"""
48.65333938598633,71.63263702392578,"КГУ ""Жанааркинская общеобразовательная школа"""
49.70542526245117,72.60066223144531,"КГУ ""ОШ имени Санжара Асфендиярова"""
47.89400100708008,67.54208374023438,"КГУ ""Общеобразовательная школа №5"""
47.903053283691406,67.52440643310547,"КГУ ""Гимназия имени С. Сейфуллина"""
49.78447341918945,76.37532806396484,"КГУ «Средняя общеобразовательная школа №5"""
47.801353454589844,67.70024108886719,"КГУ ""Общеобразовательная школа №21"""
50.15647506713867,71.44559478759766,"КГУ ""Общеобразовательная школа имени Алихана Бокейхана"""
47.999664306640625,70.78345489501953,"КГУ ""Общеобразовательная школа №7 г.Каражал"""
49.898807525634766,73.2061538696289,КГУ «Общеобразовательная школа имени Жакыпа Акбаева»
50.084571838378906,73.50477600097656,"КГУ ""Общеобразовательная школа имени Алькея Маргулана"""
49.95433044433594,73.59815979003906,"КГУ ""Тасшокинская основная средняя школа"""
49.66537094116211,71.81166076660156,"КГУ ""Есенгельдинская общеобразовательная школа"""
50.615013122558594,73.0163803100586,"КГУ ""Общеобразовательная школа №7"""
48.682090759277344,71.65785217285156,"КГУ ""Опорная школа (ресурсный центр) имени Еламана Шаханова"""
49.45612716674805,76.44432067871094,"КГУ «Основная средняя школа №27"""
48.269554138183594,72.86517333984375,"КГУ ""Общеобразовательная школа имени  М.Маметовой"""
51.04404830932617,73.99061584472656,"КГУ ""Общеобразовательная школа № 25"""
50.1113166809082,73.220947265625,"КГУ ""Первомайская начальная школа"""
49.85891342163086,73.26685333251953,"КГУ ""Общеобразовательная школа имени Ахмета Байтурсынулы"""
47.79787063598633,67.70361328125,"КГУ ""Общеобразовательная школа №22"""
46.8622932434082,74.93506622314453,"КГУ ""Школа-интернат № 24"""
47.90500259399414,67.53355407714844,"КГУ ""Общеобразовательная школа №7"""
49.70815658569336,72.71011352539062,"КГУ ""Общеобразовательная школа № 11"""
50.31786346435547,72.73226928710938,"КГУ ""Основная средняя школа № 31"""
48.37087631225586,70.00000762939453,"КГУ ""Общеобразовательная школа имени Ж. Садвакасова"""
49.65129470825195,72.67707061767578,"КГУ ""Жартасская общеобразовательная школа"""
49.184059143066406,75.20294952392578,"КГУ «Основная средняя школа №9"""
48.33870315551758,70.16380310058594,"КГУ ""Общеобразовательная школа №10 г.Каражал"""
49.74517059326172,71.7265396118164,"КГУ ""Общеобразовательная школа им.С.О. Талжанова"""
49.938819885253906,73.28678131103516,"КГУ ""Кокпектинская общеобразовательная школа"""
48.78457260131836,76.45010375976562,"КГУ «Основная средняя школа №28"""
49.85139846801758,73.1924057006836,"КГУ ""Общеобразовательная школа имени Ю.Н.Павлова"""
50.72593688964844,73.53083801269531,"КГУ ""Опорная школа (ресурсный центр) имени Абая"""
50.38113021850586,71.9576187133789,"КГУ ""Общеобразовательная школа № 8"""
49.51797866821289,72.82959747314453,"КГУ ""Опорная школа (ресурсный центр) имени Бауыржана Момышулы"""
50.0620002746582,72.48863983154297,"КГУ ""Краснонивская основная средняя школа"""
50.689422607421875,72.71666717529297,"КГУ ""Школа-интернат-колледж Осакаровского района"""
46.96110534667969,74.98345947265625,"КГУ ""Общеобразовательная школа № 25 имени Ыбырая Алтынсарина"""
49.823307037353516,72.64933776855469,"КГУ ""Общеобразовательная школа № 12"""
48.46286392211914,70.22611999511719,"КГУ ""Жомартская начальная школа"""
50.48078918457031,71.40226745605469,"КГУ ""Общеобразовательная школа им. К.Шайменова"""
48.27124786376953,70.24568176269531,"КГУ ""Общеобразовательная школа №11 г. Каражал"""
49.705535888671875,76.10070037841797,"КГУ «Средняя общеобразовательная школа № 33"""
48.25272750854492,72.35382843017578,"КГУ ""Ортауская ОСШ"""
49.186988830566406,75.2166519165039,"КГУ «Средняя общеобразовательная школа имени Нуркена Абдирова №10"""
50.56367111206055,72.56391906738281,"КГУ ""Опорная школа (ресурсный центр) на базе гимназии №9"""
47.98515319824219,74.03853607177734,"КГУ ""ОШ им. Ш.Уалиханова"""
48.891658782958984,70.91673278808594,"КГУ ""Ынталинская общеобразавательная школа"""
50.26018524169922,73.9132308959961,"КГУ ""Кураминская начальная школа"""
50.73374938964844,73.53326416015625,"КГУ ""Общеобразовательная школа № 28"""
49.426578521728516,72.92367553710938,"КГУ ""Топарская общеобразовательная школа"""
49.96050262451172,73.22793579101562,"КГУ ""Основная средняя школа №56"""
49.853904724121094,73.18487548828125,"КГУ ""Общеобразовательная школа №36"""
47.91782760620117,69.87603759765625,"КГУ ""Кенжебай-Самайская основная средняя школа"""
49.51962661743164,72.8236083984375,КГУ «Общеобразовательная школа имени Прокофия Корниенко»
49.70158004760742,72.59552001953125,"КГУ ""Школа - лицей имени Алихана Букейханова"""
49.87892532348633,73.57242584228516,"КГУ ""Общеобразовательная школа имени Жусипбека Аймауытулы"""
49.86991882324219,75.67896270751953,"КГУ ""Средняя общеобразовательная школа №35"""
49.21474838256836,73.39177703857422,"КГУ ""Кызылкойская ОШ"""
48.756832122802734,67.517333984375,КГУ «Общеобразовательная школа №4»
48.731109619140625,76.134521484375,"КГУ «Основная средняя школа №34"""
48.32569122314453,70.14604187011719,"КГУ ""Общеобразовательная школа №30 г.Каражал"""
49.69106674194336,75.58528900146484,"КГУ «Средняя общеобразовательная школа № 12 имени А. Буркитбаева"""
49.777099609375,73.14213562011719,"КГУ ""Школа-лицей имени Сламии Саттарова"""
49.74494934082031,71.09093475341797,"КГУ "" Опорная школа (ресурсный центр) имени Ахмета Байтурсынулы"""
48.636653900146484,71.38279724121094,"КГУ ""Атасуйская общеобразовательная школа"""
50.2854118347168,72.28922271728516,"КГУ ""Общеобразовательная школа №10"""
47.74714660644531,74.0235824584961,"КГУ ""ОШ (РЦ) им. Ш.Батталовой"""
49.78364181518555,73.10792541503906,"КГУ ""Основная средняя школа №87"""
48.68758773803711,71.64697265625,"КГУ ""Опорная школа (ресурсный центр)  имени О.Жумабекова"""
49.419124603271484,73.59551239013672,"КГУ ""Акбастауская общеобразовательная школа"""
48.284427642822266,70.92274475097656,"КГУ ""Байгульская начальная школа"""
49.70136260986328,72.58174133300781,"КГУ ""Общеобразовательная школа № 7"""
50.28525161743164,73.79764556884766,"КГУ ""Общеобразовательная школа имени Каныша Сатбаева"""
49.408931732177734,75.47747039794922,"КГУ «Казахская средняя общеобразовательная школа №1 имени академика О.А. Жаутыкова"""
50.11842346191406,73.43224334716797,"КГУ ""Общеобразовательная школа Ыбырая Алтынсарина"""
49.77404022216797,73.01335144042969,"КГУ ""Основная средняя школа №37"""
48.767459869384766,73.67462158203125,"КГУ ""Шетская ОШ"""
50.10725784301758,70.55787658691406,"КГУ ""Основная средняя школа имени Жусипбека Аймауытулы"""
50.0609016418457,71.50910186767578,"КГУ ""Общеобразовательная школа имени Карима Мынбаева"""
49.573177337646484,76.1929931640625,"КГУ «Начальная школа №38 села Айнабулак"""
50.16293716430664,76.11138153076172,"КГУ «Начальная школа №41 села Кызылшилик"""
48.90107345581055,71.75756072998047,"КГУ ""Ынтымакская общеобразовательная школа"""
50.26594161987305,71.85047912597656,"КГУ ""Общеобразовательная школа № 11"""
49.812522888183594,73.10604095458984,"КГУ ""Специализированная школа-интернат ""Мурагер"""
48.682559967041016,71.63424682617188,"КГУ ""Опорная школа (ресурсный центр) на базе ""Общеобразовательной школы им. Б. Амалбекова"""
49.692813873291016,74.67318725585938,"КГУ «Средняя общеобразовательная школа № 15 села Матак"""
49.80244064331055,73.09898376464844,"КГУ ""Общеобразовательная школа имени Нуркена Абдирова"""
48.85469055175781,72.82608032226562,"КГУ ""Жарыкская общеобразовательная школа"""
46.02506637573242,73.71009063720703,"КГУ ""Общеобразовательная школа №1"""
48.6474609375,71.81354522705078,"КГУ ""НШ №69 разъезда"""
49.807464599609375,73.09916687011719,"КГУ ""Гимназия имени Каныша Сатпаева"""
50.07778549194336,74.30172729492188,"КГУ ""Белагашская общеобразовательная школа"""
49.82176208496094,73.10992431640625,"КГУ ""Общеобразовательная школа №88"""
48.84795379638672,71.37191009521484,"КГУ ""Талдыбулакская общеобразавательная школа"""
50.63747787475586,71.45767211914062,"КГУ ""Общеобразовательная школа имени Сакена Сейфуллина"""
49.494266510009766,72.61876678466797,"КГУ ""Общеобразовательная школа имени Мукагали Макатаева"""
48.76718521118164,73.67561340332031,"КГУ ""Школа-гимназия имени Жамбыла  Акылбаева"""
50.56879425048828,72.57269287109375,"КГУ ""Опорная школа (ресурсный центр) № 12"""
49.67871856689453,69.53589630126953,"КГУ ""Баршинская опорная школа (ресурсный центр)"""
48.68327331542969,71.63447570800781,"КГУ ""Общеобразовательная школа имени А.Сейдимбекова"""
48.558387756347656,71.78926086425781,"КГУ ""Кокталская общеобразовательная школа"""
49.08689498901367,72.9433364868164,"КГУ ""Дарьинская ОШ"""
49.3679313659668,75.74957275390625,"КГУ «Средняя общеобразовательная школа № 16 поселка Карагайлы"""
49.7835807800293,73.12397003173828,"КГУ ""Общеобразовательная школа №59"""
50.21527862548828,74.2760238647461,"КГУ ""Кернеевская опорная школа (ресурсный центр)"""
49.35186004638672,75.74960327148438,"КГУ «Основная средняя школа №42"""
49.796546936035156,73.0599136352539,"КГУ ""Специализированная музыкальная школа-интернат"""
49.78636169433594,73.15424346923828,"КГУ ""Гимназия имени Магжана Жумабаева"""
49.8104362487793,73.0673599243164,"КГУ ""Общеобразовательная школа №6"""
48.933982849121094,72.83490753173828,"КГУ "" Бурминская опорная школа (ресурсный школа) """
49.81019592285156,73.13815307617188,"КГУ ""Общеобразовательная школа №91"""
48.57154083251953,74.76821899414062,"КГУ ""Карагойская начальная школа"""
49.39044189453125,71.63404083251953,"КГУ ""Балыктыкольская основная средняя школа"""
46.03293991088867,73.69788360595703,КГУ «Общеобразовательная школа № 2»
49.058536529541016,76.23502349853516,"КГУ «Начальная школа №52 села Белдеутас"""
49.608177185058594,73.20625305175781,"КГ У ""Опорная школа (ресурсный центр) имени Ыбырая Алтынсарина"""
48.6268196105957,75.03453826904297,"КГУ ""Основная средняя школа имени Жакып Акбая"""
49.80500411987305,73.09137725830078,"КГУ ""Гимназия имени Сакена Сейфуллина"""
49.87145233154297,68.86322021484375,"КГУ ""Каракойынская общеобразовательная школа"""
49.895484924316406,73.2009506225586,"КГУ ""Специализированная школа-интернат имени Жамбыла"""
48.894466400146484,72.48002624511719,"КГУ ""Батыкская ОШ"""
49.8892822265625,73.16658020019531,"КГУ ""Основная средняя школа №40"""
49.80841827392578,73.09963989257812,КГУ «Специализированная школа-интернат имени Н.Нурмакова»
50.14842987060547,74.5743637084961,"КГУ ""Акоринская основная средняя школа"""
48.737369537353516,72.30915832519531,"КГУ ""Алиханская ОСШ"""
49.88412094116211,73.06655883789062,"КГУ ""Общеобразовательная школа №60"""
49.84884262084961,73.18304443359375,"КГУ ""Общеобразовательная школа №8"""
49.21139144897461,70.89009094238281,"КГУ ""Айнабулакская"" ОСШ"
49.72857666015625,67.44576263427734,КГУ «Общеобразовательная школа №9 »
49.890785217285156,72.41761016845703,"КГУ ""Актюбинская общеобразовательная школа"""
49.064632415771484,73.55586242675781,"КГУ ""Нураталдинская ОШ"""
48.450836181640625,73.20867919921875,"КГУ ""ОШ (РЦ) им. Х.Саринжипулы"""
50.13326644897461,76.17906188964844,"КГУ "" Начальная школа № 57 села Айыр"""
50.08377456665039,72.9095687866211,"КГУ ""Общеобразовательная школа №1 """
49.80379867553711,73.12399291992188,"КГУ ""Основная средняя школа №79"""
49.80829620361328,73.10897827148438,"КГУ ""Школа-гимназия имени Ахмета Байтурсынулы"""
49.846275329589844,73.20099639892578,"КГУ ""Лицей-интернат ""БІЛІМ-ИННОВАЦИЯ"" №1"""
49.578277587890625,72.58077239990234,КГУ «Юбилейная общеобразовательная школа»
49.91110610961914,73.08541107177734,"КГУ ""Школа-интернат для детей из многодетных и малообеспеченных семей №4"""
48.3217658996582,74.97382354736328,"КГУ ""Интернат при опорной школе (ресурсный центр) имени Алихана Бокейхана"""
48.72789001464844,72.1953125,"КГУ ""Коктенкольская ОШ"""
50.242881774902344,74.7728271484375,"КГУ ""Бухар-Жырауская основная средняя школа"""
49.89677429199219,71.6202163696289,"КГУ ""Пушкинская основная средняя школа"""
48.9594612121582,75.53736877441406,"КГУ «Средняя общеобразовательная школа № 18 имени Рамазана Сагимбекова"""
49.90000534057617,73.19246673583984,"КГУ ""Общеобразовательная школа № 61"""
48.84902572631836,72.73651885986328,"КГУ ""Мухтарская ОСШ"""
50.80568313598633,72.9168472290039,"КГУ ""Общеобразовательная школа имени Жамбыла"""
49.894840240478516,73.20478820800781,"КГУ ""Гимназия имени Казыбека Нуржанова"""
49.10469436645508,73.7452392578125,"КГУ ""Талдинская общеобразовательная  школа"""
49.768646240234375,73.15470886230469,"КГУ ""Специализированная школа-интернат ""Дарын"""
50.13182830810547,73.31013488769531,"КГУ ""Туздинская общеобразовательная школа"""
47.907527923583984,68.5743179321289,КГУ «Общеоброзовательная школа №10 имени Минажата Мынкаева»
50.05597686767578,72.97260284423828,"КГУ ""Общеобразовательная  школа №2"""
48.26411437988281,72.85020446777344,"КГУ ""Интернат при опорной школе (РЦ) имени А.Ермекова"""
49.8959846496582,73.08110046386719,"КГУ ""Общеобразовательная школа №18"""
50.25926971435547,71.55436706542969,"КГУ ""Общеобразовательная школа им. Ш. Уалиханова"""
49.970829010009766,73.20802307128906,"КГУ ""Школа-интернат №22"""
49.77291488647461,73.15289306640625,"КГУ ""Общеобразовательная школа №81"""
49.7130012512207,72.03565979003906,"КГУ ""Самарская общеобразовательная школа"""
47.7934455871582,67.69631958007812,"КГУ ""Лицей-интернат ""БІЛІМ-ИННОВАЦИЯ"" №3"""
49.734954833984375,72.90838623046875,"КГУ ""Общеобразовательная школа имени Касыма Аманжолова"""
49.789398193359375,73.48237609863281,"КГУ ""Амангельдинская общеобразовательная школа"""
50.06723403930664,72.9957046508789,"КГУ ""Общеобразовательная  школа №31"""
49.00355529785156,74.15441131591797,"КГУ ""Кызылтауская ОСШ"""
49.90799331665039,70.9395980834961,"КГУ ""Нуринская общеобразовательная школа"""
49.782100677490234,73.07785034179688,"КГУ ""Общеобразовательная школа №10"""
49.81621170043945,73.11558532714844,"КГУ ""Общеобразовательная школа №62"""
49.89976119995117,73.10084533691406,"КГУ ""Основная средняя школа №20"""
49.86751174926758,73.19709014892578,"КГУ ""Общеобразовательная школа №82"""
49.514278411865234,67.07112884521484,КГУ «Общеобразовательная школа №11»
46.84315490722656,74.99948120117188,КГУ «Школа- гимназия № 7 имени Сакена Сейфуллина»
50.04891586303711,72.97268676757812,"КГУ ""Общеобразовательная школа №8"""
49.87535095214844,72.99617004394531,"КГУ ""Общеобразовательная школа имени Машхура Жусупа"""
48.05951690673828,66.37535095214844,"КГУ ""Основная средняя школа №12 """
48.76958465576172,73.6732406616211,"КГУ ""Интернат при ОШ (РЦ)  имени  Ы.Алтынсарина"""
48.002777099609375,70.78807830810547,"КГУ ""Общеобразовательная школа №1 г. Каражал"""
50.043495178222656,72.67887115478516,"КГУ ""Ростовская опорная школа (ресурсный центр)"""
50.211669921875,73.05551147460938,"КГУ ""Общеобразовательная  школа №32"""
47.51099395751953,72.90928649902344,"КГУ ""ОШ им. С.Мухамеджанова"""
49.682960510253906,72.81546783447266,"КГУ ""Основная средняя школа №8 """
49.81239700317383,73.09268188476562,"КГУ ""Общеобразовательная школа имени Григория Потанина"""
49.813777923583984,73.06307983398438,"КГУ ""Основная средняя школа № 21"""
49.8603515625,73.02412414550781,"КГУ ""Основная средняя школа №11"""
49.805809020996094,73.06324768066406,"КГУ ""Общеобразовательная школа имени Габидена Мустафина"""
48.869258880615234,68.0704116821289,"КГУ ""Общеобразовательная  школа №14"""
50.57907485961914,71.37489318847656,"КГУ ""Общеобразовательная школа имени Абдоллы Асылбекова"""
47.832611083984375,66.72492980957031,КГУ «Опорная школа (ресурсный центр)  №15 имени Ж. Жабаева»
50.0634880065918,72.95967102050781,"КГУ ""Лицей №9"""
48.001625061035156,70.78642272949219,"КГУ ""Общеобразовательная школа №3 г. Каражал"""
50.06174087524414,72.97359466552734,"КГУ ""Женская гимназия"""
50.10945510864258,72.81050872802734,"КГУ ""Общеобразовательная школа имени Ыбырая Алтынсарина"""
48.057640075683594,72.90473937988281,"КГУ ""Агадырская начальная школа"""
49.97572708129883,73.21832275390625,"КГУ ""Общеобразовательная школа №85"""
49.97716522216797,73.21221160888672,"КГУ ""Общеобразовательная школа №12"" """
49.78418731689453,72.08381652832031,"КГУ ""Интумакская основная средняя школа"""
46.83944320678711,74.9680404663086,КГУ «Общеобразовательная  школа имени Бауыржана Момышулы»
50.36341094970703,71.44896697998047,"КГУ ""Байтуганская общеобразовательная школа"""
49.76213073730469,73.06884002685547,"КГУ ""Основная средняя школа №64"""
47.82464599609375,66.0458984375,КГУ «Общеобразовательная школа №17 »
50.04902267456055,72.953125,"КГУ ""Общеобразовательная  школа №10"""
47.8791618347168,72.95463562011719,"КГУ ""Босагинская ОШ"""
49.86677932739258,73.19013977050781,"КГУ ""Школа-центр дополнительного образования №13"""
49.78065490722656,72.96715545654297,"КГУ ""Общеобразовательная школа №13"""
49.78706359863281,73.13276672363281,"КГУ ""Общеобразовательная школа №86"""
49.98198318481445,72.60765838623047,"КГУ ""Кировская основная средняя школа"""
50.06621551513672,72.96385955810547,"КГУ ""Гимназия №1"""
49.78816223144531,73.15166473388672,"КГУ ""Общеобразовательная школа №23"""
50.365699768066406,74.27982330322266,"КГУ ""Умуткерская общеобразовательная школа"""
49.99583053588867,72.68910217285156,"КГУ ""Березняковская общеобразовательная школа"""
46.949127197265625,68.28923034667969,КГУ «Общеобразовательная школа №18»
49.891971588134766,73.21342468261719,"КГУ ""Общеобразовательная школа №65"""
50.09822463989258,73.63511657714844,"КГУ ""Ботакаринская общеобразовательная школа"""
49.813289642333984,73.08363342285156,"КГУ ""Гимназия №1"""
46.83687973022461,74.96676635742188,КГУ «Общеобразовательная  школа №9»
49.9145393371582,73.08261108398438,"КГУ ""Общеобразовательная школа № 25"""
48.77470016479492,72.63690948486328,"КГУ ""Еркиндикская ОШ"""
50.06001281738281,72.99291229248047,"КГУ ""Общеобразовательная  школа №11"""
49.77399826049805,72.95523071289062,"КГУ ""Общеобразовательная школа №16"""
50.25486373901367,71.48015594482422,"КГУ ""Каройская общеобразовательная школа"""
50.056373596191406,72.99503326416016,"КГУ ""Первый Темиртауский классический лицей"""
49.86778259277344,72.57516479492188,"КГУ ""Каражарская общеобразовательная школа имени Манжи батыра"""
50.04243850708008,72.9761962890625,"КГУ ""Гимназия имени Әлихан Бөкейхан"""
49.798004150390625,73.06874084472656,"КГУ ""Лицей-интернат ""БІЛІМ-ИННОВАЦИЯ"" №2"""
49.779598236083984,73.14178466796875,"КГУ ""Общеобразовательная школа №15"""
49.954002380371094,72.52013397216797,"КГУ ""Жанаталапская общеобразовательная школа"""
49.81549835205078,73.0967025756836,"КГУ ""Гимназия №3"""
48.06203079223633,67.05765533447266,КГУ «Школа-интернат Жезды»
49.67709732055664,73.24667358398438,"КГУ ""Зареченская общеобразовательная школа"""
49.770713806152344,73.13886260986328,КГУ «Школа – лицей № 66»
50.06338119506836,73.71917724609375,"КГУ ""Опорная школа (ресурсный центр) имени Султанмахмута Торайгырова"""
50.06029510498047,73.00275421142578,"КГУ ""Общеобразовательная  школа №12"""
49.946964263916016,70.2802963256836,"КГУ ""Соналинская начальная школа"""
50.18047332763672,72.73871612548828,"КГУ ""Общеобразовательная школа имени Сабита Муканова"""
49.8054313659668,72.83002471923828,"КГУ ""Школа-гимназия №17"""
49.71534729003906,72.58900451660156,"КГУ ""Школа - гимназия имени Шокана Уалиханова"""
50.11720275878906,73.15653228759766,"КГУ ""Токаревская опорная школа (ресурсный центр)"""
50.14323806762695,73.17647552490234,"КГУ ""Нуринская общеобразовательная школа"""
49.4761848449707,69.09101104736328,"КГУ ""Начальная школа имени Омирзака Турлыбекова"""
49.775848388671875,73.09009552001953,"КГУ ""Общеобразовательная школа №4"""
50.052330017089844,72.94215393066406,"КГУ ""Общеобразовательная  школа №16"""
49.84275817871094,73.19657135009766,"КГУ ""Школа-интернат имени Мартбека Мамыраева"""
49.772586822509766,73.1339111328125,"КГУ ""Общеобразовательная школа №16"""
47.878074645996094,66.35301971435547,"КГУ ""Основная средняя школа №5 """
50.0951042175293,72.9078598022461,"КГУ ""Общеобразовательная  школа №3"""
50.062862396240234,72.96428680419922,"КГУ ""Школа-лицей №14"""
46.83346176147461,74.9711685180664,"КГУ ""Общеобразовательная школа №10"""
47.90911865234375,67.53884887695312,"КГУ ""Школа-гимназия имени Бауыржана Момышулы"""
50.141353607177734,72.80261993408203,"КГУ ""Общеобразовательная школа имени Талгата Бигелдинова"""
49.81618118286133,72.6515121459961,"КГУ ""Общеобразовательная школа  № 2"""
50.143558502197266,72.7556381225586,"КГУ ""Андрейниковская начальная школа"""
49.87625503540039,73.19329071044922,"КГУ ""Основная средняя школа № 73"""
50.04521179199219,72.94127655029297,"КГУ ""Общеобразовательная  школа №17"""
49.783287048339844,73.15293884277344,"КГУ ""Школа-центр дополнительного образования  №5"""
50.2603874206543,74.4948959350586,"КГУ ""Сартауская основная средняя школа"""
49.00975036621094,68.67029571533203,"КГУ ""Сарыузенская основная средняя школа"""
47.90465545654297,67.54084777832031,"КГУ ""Общеобразовательная школа №3"""
46.8459358215332,74.97662353515625,КГУ «Школа - лицей №15 имени Алихана Букейханова»
50.23066711425781,73.40054321289062,"КГУ ""Кушокинская общеобразовательная школа"""
49.851741790771484,73.18348693847656,"КГУ ""Общеобразовательная школа №17"""
50.05472183227539,72.95002746582031,"КГУ ""Общеобразовательная  школа №4"""
50.2220344543457,73.75933074951172,"КГУ ""Основная средняя школа имени К.Боранбаева"""
49.7088508605957,72.58126068115234,"КГУ ""ОШ имени Евнея Букетова"""
50.269073486328125,71.54927825927734,"КГУ ""Опорная школа (ресурсный центр) имени Ыбырая Алтынсарина"""
50.23579025268555,73.06726837158203,"КГУ ""Общеобразовательная  школа №28"""
49.867706298828125,73.18984985351562,"КГУ ""Общеобразовательная школа №74"""
50.01287078857422,73.38387298583984,"КГУ ""Байкадамская общеобразовательная школа"""
50.1275520324707,73.261962890625,"КГУ ""Основная средняя школа имени С.Т. Ельгизекова"""
50.05499267578125,72.95935821533203,"КГУ ""Общеобразовательная  школа №19"""
46.85132598876953,74.97650146484375,"КГУ ""Общеобразовательная школа имени аль-Фараби"""
46.838897705078125,74.98674011230469,"КГУ ""Общеобразовательная  школа № 1"""
50.05831527709961,73.7173843383789,"КГУ ""Общеобразовательная школа имени Юрия Гагарина"""
50.05742263793945,73.00032806396484,"КГУ ""Общеобразовательная школа имени Габидена Мустафина"""
50.06962966918945,73.5431900024414,"КГУ ""Сартюбинская основная средняя школа"""
48.97640609741211,68.79007720947266,"КГУ""Шубаркольская общеобразовательная школа им.  Абая"""
49.89301681518555,73.18930053710938,"КГУ ""Общеобразовательная школа им. Алихана Бокейхана"""
49.67827224731445,72.691650390625,"КГУ ""Общеобразовательная школа № 4"""
50.06034469604492,72.97412109375,"КГУ ""Школа-лицей №20"""
46.850914001464844,74.97450256347656,"КГУ ""Школа-лицей имени Алимхана Ермекова """
49.69968032836914,73.31877899169922,"КГУ ""Акжарская основная средняя школа"""
48.67146682739258,72.71227264404297,"КГУ ""Общеобразовательная  школа Сакена"""
50.21364212036133,73.0613021850586,"КГУ ""Общеобразовательная школа №29"""
49.95684814453125,71.57976531982422,"КГУ ""Опорная школа (ресурсный центр) имени Муташа Сулейменова"""
46.84675979614258,74.9709701538086,"КГУ ""Школа-лицей № 2 имени Абая"""
50.04623031616211,72.95950317382812,"КГУ ""Общеобразовательная школа №6"""
49.700218200683594,72.59325408935547,"КГУ ""Школа - гимназия имени Сакена Сейфуллина"""
49.584476470947266,72.91109466552734,КГУ «Комплекс «школа-ясли-сад «Қуаныш»
50.058841705322266,72.98341369628906,"КГУ ""Общеобразовательная  школа №21 """
50.21980285644531,72.90072631835938,"КГУ ""Калининская общеобразовательная школа"""
49.89613342285156,73.07308197021484,"КГУ ""Общеобразовательная школа №30"""
48.06983184814453,75.3379898071289,"КГУ ""Общеобразовательная школа имени Жабас Кенесбаева"""
49.787471771240234,76.37733459472656,"КГУ «Опорная школа (ресурсный центр) в базе средней общеобразовательной школы №43 им. Кажыкена Смайылова """
46.965606689453125,74.9861068725586,"КГУ ""Общеобразовательная  школа № 3 """
50.10895919799805,72.89491271972656,"КГУ ""Общеобразовательная школа №7"""
50.47780227661133,71.44540405273438,"КГУ ""Общеобразовательная школа им. Рахима Асубаева"""
50.059776306152344,72.92799377441406,"КГУ ""Общеобразовательная  школа №22"""
49.77225112915039,72.8568344116211,"КГУ ""Общеобразовательная школа №2"""
46.84364700317383,74.98319244384766,"КГУ ""Общеобразовательная  школа № 4 """
50.150909423828125,70.83025360107422,"КГУ ""Жараспайская общеобразовательная школа"""
46.83549118041992,74.98571014404297,"КГУ ""Общеобразовательная школа №5"""
49.628150939941406,72.86878204345703,КГУ «Комплекс «школа-ясли-сад «Таңшолпан»
50.47922134399414,71.08897399902344,"КГУ ""Общеобразовательная школа имени Миржакыпа Дулатулы"""
50.05001449584961,72.98454284667969,"КГУ ""Школа - лицей имени Бауыржана Момышулы"""
46.90729522705078,77.36298370361328,"КГУ ""Общеобразовательная школа №6 поселка Саяк"""
49.82463836669922,72.806640625,КГУ «Школа-интернат № 7»
50.05538558959961,72.96178436279297,"КГУ ""Общеобразовательная  школа №24"""
49.83201217651367,73.18397521972656,"КГУ ""Общеобразовательная школа имени Бауыржана Момышулы"""
50.04655075073242,72.97032165527344,"КГУ ""Общеобразовательная  школа №27"""
49.79519271850586,73.05232238769531,"КГУ ""Основная средняя школа №78"""
53.20973205566406,63.62923049926758,"КГУ ""Школа-гимназия № 24"""
52.96417999267578,63.28837585449219,"КГУ ""Константиновская основная средняя школа"""
52.97126007080078,63.088951110839844,"КГУ ""Школа-лицей №4"""
53.150733947753906,63.58702087402344,"КГУ ""Общеобразовательная школа №30"""
53.71581268310547,61.296085357666016,"КГУ ""Боскольская общеобразовательная школа"""
50.5587272644043,66.74872589111328,"КГУ ""Восточненская  общеобразовательная школа"""
52.851356506347656,66.06819915771484,КГУ «Жамбылская основная средняя школа»
52.91797637939453,63.79480743408203,"КГУ ""Айсаринская общеобразовательная школа"""
52.54346466064453,63.19772720336914,"КГУ ""Апановская основная средняя школа"""
53.986236572265625,63.27618408203125,"КГУ ""Ленинская общеобразовательная школа"""
53.247135162353516,63.66236877441406,"КГУ ""Основная средняя школа №13"""
53.22364807128906,63.60884094238281,"КГУ ""Общеобразовательная школа №115"""
53.73870086669922,62.944122314453125,"КГУ ""Банновская общеобразовательная школа """
53.70576477050781,63.005943298339844,"КГУ ""Каракопинская начальная школа"""
53.29070281982422,63.85996627807617,"КГУ ""Молокановская основная средняя школа"""
53.32269287109375,63.744937896728516,"КГУ ""Жамбылская общеобразовательная школа"""
52.968170166015625,63.099632263183594,"КГУ ""Гимназия № 5"""
53.179927825927734,62.200035095214844,"КГУ ""Есенкольская общеобразовательная школа"""
52.39344024658203,65.7767105102539,КГУ «Кошевская начальная школа»
53.21591567993164,63.64982604980469,"КГУ ""Основная средняя школа"" №14"
53.24309158325195,63.56119155883789,"КГУ ""Основная средняя школа №122"""
53.157596588134766,63.389991760253906,"КГУ ""Ждановская общеобразовательная школа"""
53.67947006225586,62.5222053527832,"КГУ ""Кравцовская начальная школа"""
54.096893310546875,63.49372482299805,"КГУ ""Минская основная средняя школа """
52.91295623779297,62.2953987121582,"КГУ ""Асенкритовская общеобразовательная  школа"""
49.77367401123047,64.00545501708984,"КГУ ""Жангельдинская общеобразовательная школа"""
53.2183837890625,63.72639846801758,"КГУ ""Заречная общеобразовательная  школа с государственным языком обучения"""
52.96331024169922,63.08317565917969,"КГУ ""Школа-гимназия № 7 имени Беймбета Майлина"""
52.20149612426758,65.71063232421875,КГУ «Прогресская начальная школа»
50.459781646728516,62.79853439331055,"КГУ ""Общеобразовательная школа имени Кайнекея Жармаганбетова"""
53.584083557128906,61.66220474243164,"КГУ ""Михайловская общеобразовательная школа"""
53.20772171020508,63.612548828125,"КГУ ""Общеобразовательная школа № 21"""
53.604591369628906,62.49049377441406,"КГУ ""Калиновская начальная школа"""
53.925296783447266,62.86113739013672,"КГУ ""Новошумная общеобразовательная школа"""
52.727142333984375,63.274574279785156,"КГУ ""Основная средняя школа имени Е.Омарова"""
53.236656188964844,63.7348747253418,"КГУ ""Заречная школа-лицей"""
52.95743942260742,63.100826263427734,"КГУ ""Школа-гимназия № 10"""
52.20850372314453,64.87825012207031,КГУ «Герценская основная средняя школа»
52.19346618652344,61.18718338012695,"КГУ ""Общеобразовательная школа № 2 имени Мусы Шожанова"""
53.26128387451172,63.65260696411133,"КГУ  ""Основная средняя школа № 25"""
50.479496002197266,64.26011657714844,"КГУ ""Общеобразовательная школа имени Мыржакыпа Дулатова"""
53.372039794921875,62.48281478881836,"КГУ  ""Первомайская общеобразовательная школа"""
53.853416442871094,62.09941864013672,"КГУ ""Новостройская общеобразовательная школа"""
52.88003158569336,63.054386138916016,"КГУ ""Береговая общеобразовательная школа"""
52.968631744384766,63.12629318237305,"КГУ ""Общеобразовательная школа № 11"""
52.18681716918945,61.18075180053711,"КГУ ""Школа-лицей имени Абая """
53.2081184387207,63.69065856933594,"КГУ ""Общеобразовательная школа № 1 города Тобыл"""
53.21733093261719,63.62297821044922,"КГУ ""Школа-лицей № 1"""
48.85413360595703,63.90801239013672,"КГУ ""Общеобразовательная школа имени Ахмета Байтурсынова"""
53.73284912109375,62.39046096801758,"КГУ ""Пешковская общеобразовательная школа"""
52.64546585083008,62.31953430175781,"КГУ ""Приозерная основная средняя школа"""
52.16933822631836,63.00016403198242,"КГУ  ""Максутовская начальная школа"""
52.97419738769531,63.098052978515625,"КГУ ""Общеобразовательная школа № 12"""
53.20488357543945,63.70131301879883,"КГУ ""Общеобразовательная школа № 2 города Тобыл"""
49.79094314575195,64.1366195678711,"КГУ ""Албарбогетская общеобразовательная школа"""
52.18321990966797,61.19586944580078,КГУ «Общеобразовательная школа № 4»
53.21684265136719,63.63859558105469,"КГУ  ""Школа-лицей №2"""
53.23729705810547,63.593536376953125,"КГУ ""Общеобразовательная школа №15"""
52.95944595336914,63.13890838623047,"КГУ ""Общеобразовательная школа №13"""
53.561885833740234,62.98943328857422,"КГУ ""Успеновская общеобразовательная школа"""
52.17808151245117,61.19083023071289,КГУ «Гимназия»
52.65129089355469,65.47608947753906,КГУ «Общеобразовательная школа имени Ыбырая Алтынсарина с государственным языком обучения отдела образования Карасуского района»
53.23945236206055,63.67708969116211,"КГУ ""Школа-гимназия №3"""
49.497955322265625,63.35861587524414,"КГУ ""Общеобразовательная школа имени Аманкелды"""
53.90643310546875,61.51666259765625,"КГУ ""Ново - Троицкая общеобразовательная школа"""
53.20630645751953,63.71750259399414,"КГУ ""Школа-гимназия города Тобыл"""
52.83280563354492,62.51874923706055,"КГУ  ""Общеобразовательная школа имени Б.Майлина"""
54.379791259765625,65.52647399902344,"КГУ ""Соколовская общеобразовательная  школа"""
52.960872650146484,63.1253776550293,"КГУ ""Общеобразовательная школа № 14 имени Дм. Карбышева"""
52.187522888183594,61.198280334472656,КГУ «Общеобразовательная школа № 9 имени Естая Есжанова»
53.31096649169922,62.21999740600586,"КГУ ""Кособинская начальная школа"""
53.234928131103516,63.67209243774414,"КГУ ""Общеобразовательная школа № 4"""
49.78921127319336,63.658084869384766,"КГУ ""Общеобразовательная школа имени Канапия Кайдосова"""
52.83046340942383,62.52174377441406,"КГУ  ""Общеобразовательная школа имени Сапара Ергалиева"""
52.951255798339844,62.22686767578125,"КГУ ""Кировская основная средняя школа"""
52.96218490600586,63.131317138671875,"КГУ ""Общеобразовательная школа имени Міржақыпа Дулатұлы отдела образования города Рудного"""
52.88309860229492,62.84149932861328,"КГУ ""Набережная общеобразовательная школа"""
53.201942443847656,63.712066650390625,"КГУ ""Школа-гимназия им. Н.Наушабаева"""
54.30972671508789,65.88153076171875,"КГУ ""Суворовская общеобразовательная  школа"""
52.19641876220703,61.19811248779297,КГУ «Общеобразовательная школа № 10»
50.654964447021484,62.672969818115234,"КГУ ""Общеобразовательная школа имени Сырбая Мауленова"""
52.85151290893555,62.54722213745117,"КГУ ""Красносельская общеобразовательная школа"""
49.70903396606445,63.63823699951172,"КГУ ""Общеобразовательная школа имени Гафу Кайырбекова"""
49.63108825683594,63.484535217285156,"КГУ ""Общеобразовательная школа имени Ибрая Алтынсарина"""
53.50175094604492,61.28427505493164,"КГУ ""Приреченская основная средняя школа"""
53.23456954956055,63.63661575317383,"КГУ ""Общеобразовательная школа №5"""
53.88658905029297,62.13479232788086,"КГУ ""Белоглиновская основная средняя школа"""
52.94150161743164,63.05184555053711,"КГУ ""Юбилейная общеобразовательная школа"""
54.44663619995117,66.07624816894531,"КГУ ""Троебратская общеобразовательная  школа"""
52.84349822998047,62.96497344970703,"КГУ ""Нагорненская основная средняя школа"""
53.25710678100586,63.893680572509766,"КГУ ""Рыбинская начальная школа"""
50.115352630615234,64.99424743652344,КГУ «Общеобразовательная школа имени А.Нурманова»
52.18580627441406,61.18565368652344,"КГУ ""Общеобразовательная школа № 12»"
53.9170036315918,61.1437873840332,"КГУ ""Общеобразовательная школа имени Кадыра Каримова"""
52.63570022583008,62.693260192871094,"КГУ ""Новоильиновская общеобразовательная школа"""
54.06638717651367,65.5574722290039,КГУ Арзамасская общеобразовательная школа
53.7997932434082,62.202510833740234,"КГУ ""Тогузакская общеобразовательная школа"""
52.882110595703125,62.40204620361328,"КГУ  ""Николаевская основная средняя школа"""
52.61807632446289,63.28744888305664,"КГУ ""Евгеновская начальная школа"""
50.25289535522461,66.92957305908203,"КГУ ""Общеобразовательная школа № 5 имени М. Ауезова"""
50.018035888671875,66.08517456054688,КГУ «Каиндинская основная средняя школа»
50.10675811767578,65.31260681152344,КГУ «Жана аульская общеобразовательная школа»
52.82685089111328,62.64305877685547,"КГУ  ""Майская общеобразовательная школа"""
53.01094436645508,64.38325500488281,"КГУ ""Ново-Николаевская начальная школа"""
54.0129280090332,64.18537139892578,"КГУ ""Шиелинская начальная школа"""
54.308135986328125,64.98918151855469,"КГУ ""Российская начальная  школа"""
53.06917190551758,62.230674743652344,"КГУ ""Славянская основная средняя школа"""
53.33823013305664,63.42335510253906,"КГУ ""Рязановская начальная школа"""
52.7875862121582,62.62581253051758,"КГУ ""Тобольская общеобразовательная школа"""
54.615013122558594,65.86372375488281,"КГУ ""Бауманская основная средняя школа"""
52.36381912231445,64.13528442382812,"КГУ «Аулиекольская начальная школа"""
50.3294792175293,65.41737365722656,КГУ «Жасбуынская общеобразовательная школа»
50.24981689453125,66.92437744140625,"КГУ ""Школа - гимназия имени  Абая Кунанбаева"""
50.21847915649414,66.50540161132812,"КГУ ""Коктауская основная средняя школа"""
52.983306884765625,62.59257888793945,"КГУ  ""Щербиновская начальная  школа"""
53.43174362182617,64.41961669921875,"КГУ ""Воробьевская начальная школа"""
54.00196838378906,64.39791107177734,"КГУ ""Боровская областная санаторная школа-интернат"""
53.74810028076172,62.053524017333984,"КГУ ""Общеобразовательная школа имени Максима Горького"""
52.69465637207031,62.591835021972656,"КГУ ""Тобольская общеобразовательная школа №1"""
51.539459228515625,63.70439147949219,"КГУ ""Улендинская основная средняя школа"""
53.76227569580078,62.10127258300781,"КГУ ""Гурьяновская начальная школа"""
51.39091110229492,61.98598098754883,"КГУ ""Талдыкольская основная средняя школа"""
54.04888153076172,65.07389068603516,"КГУ  ""Ершовская общеобразовательная  школа"""
52.801490783691406,61.56782150268555,КГУ «Красноармейская основная средняя школа»
53.0471076965332,64.48159790039062,"КГУ ""Осиповская начальная школа"""
53.6079216003418,62.17699432373047,"КГУ ""Смирновская общеобразовательная школа"""
50.25619125366211,66.94493103027344,"КГУ ""Общеобразовательная школа № 10"""
50.00885772705078,65.92475128173828,КГУ «Кызылжулдызская основная средняя школа
52.6336669921875,62.7844352722168,"КГУ ""Притобольская основная средняя школа"""
50.43450927734375,65.63961029052734,КГУ «Амантогайская общеобразовательная школа»
53.108802795410156,63.79067611694336,"КГУ ""Абайская основная средняя школа"""
53.9842414855957,65.02095031738281,"КГУ ""Киевская общеобразовательная школа"""
50.1160888671875,66.57174682617188,"КГУ ""Общеобразовательная школа имени А. Макаренко"""
52.75583267211914,61.190086364746094,"КГУ ""Набережная начальная школа"""
53.74923324584961,62.07072448730469,"КГУ ""Общеобразовательная школа имени Абая Кунанбаева"""
53.434417724609375,63.21418380737305,"КГУ ""Озерная основная средняя школа"""
50.254337310791016,66.91667175292969,КГУ «Гимназия имени И. Алтынсарина»
50.448062896728516,65.65522766113281,КГУ «Жалдаминская общеобразовательная школа»
53.2010383605957,63.60054397583008,"КГУ ""Общеобразовательная школа №6"""
53.27991485595703,64.2993392944336,"КГУ ""Сатайская основная средняя школа"""
53.88911056518555,61.87565994262695,"КГУ ""Станционная общеобразовательная школа"""
54.047359466552734,65.34323120117188,"КГУ ""Отын-Агашская начальная школа"""
53.141414642333984,63.619720458984375,"КГУ ""Алтынсаринская  общеобразовательная школа"""
50.178001403808594,67.45398712158203,"КГУ ""Основная средняя школа имени А. Майкутова"""
54.04825210571289,65.34408569335938,"КГУ ""Кировская  основная средняя  школа"""
51.09967803955078,65.30174255371094,КГУ «Буйректальская общеобразовательная школа»
51.800941467285156,62.03412628173828,"КГУ ""Адаевская общеобразовательная школа"""
49.51935577392578,66.14381408691406,"КГУ ""Основная средняя школа  имени Б. Майлина"""
50.217979431152344,66.67735290527344,"КГУ ""Ангарская основная общеобразовательная школа"""
52.72441482543945,61.1480712890625,КГУ «Аршалинская общеобразовательная школа»
50.27277755737305,66.88786315917969,"КГУ ""Общеобразовательная школа имени Әлихана Бөкейхана"""
53.05498123168945,63.728511810302734,"КГУ ""Рыспайская основная средняя  школа"""
53.745704650878906,62.04527282714844,"КГУ ""Общеобразовательная школа имени Мухамеджана Сералина"""
52.543487548828125,62.49810028076172,"КГУ ""Школа - гимназия"""
52.93423080444336,63.10628128051758,"КГУ ""Балыктинская основная средняя школа"""
53.77253723144531,65.19171905517578,"КГУ ""Куйбышевская основная средняя школа"""
49.873626708984375,63.769508361816406,"КГУ ""Сарысуская основная средняя школа"""
49.94100570678711,66.57327270507812,"КГУ ""Акбулакская основная общеобразовательная школа"""
53.2701416015625,64.93781280517578,"КГУ ""Жанасуская основная средняя школа"""
53.52570724487305,64.07779693603516,"КГУ ""Сормовская начальная школа"""
49.633365631103516,63.48588943481445,"КГУ ""Общеобразовательная школа имени Н.Г.Иванова"""
51.73725128173828,62.347412109375,"КГУ ""Алтынсаринская общеобразовательная школа"""
52.86516571044922,61.52650833129883,"КГУ  ""Аятская ОШ имени академика Темирбая Байбусыновича Даркамбаева"""
53.524688720703125,65.50606536865234,"КГУ ""Маякская основная средняя школа"""
50.55479049682617,66.6372299194336,"КГУ ""Сарыозенская общеобразовательная школа"""
49.98456954956055,67.25094604492188,"КГУ ""Основная средняя школа имени Т. Аубакирова"""
51.445926666259766,65.19768524169922,КГУ «Панфиловская начальная школа»
53.804893493652344,65.31648254394531,"КГУ ""Новопокровская общеобразовательная  школа"""
49.63558578491211,63.50190734863281,"КГУ ""Торгайская общеобразовательная школа имени Шокана Уалиханова"""
53.05620193481445,64.32451629638672,"КГУ  ""Больше-Чураковская общеобразовательная школа"""
50.601837158203125,63.74202346801758,"КГУ "" Бидайыкская  начальная школа"""
52.955352783203125,63.19765090942383,"КГУ ""Сергеевская основная средняя школа"""
50.49938201904297,66.78610229492188,"КГУ ""Фурмановская общеобразовательная школа"""
52.54661560058594,62.494537353515625,"КГУ ""Общеобразовательная школа имени Абая"""
53.268287658691406,65.89153289794922,"КГУ ""Соналинская основная средняя школа"""
52.83235168457031,61.81877136230469,КГУ «Баталинская общеобразовательная школа»
51.90896987915039,62.031436920166016,"КГУ ""Бестюбинская общеобразовательная школа"""
54.49818801879883,65.76815032958984,"КГУ ""Пресногорьковская общеобразовательная  школа"""
53.205528259277344,63.596370697021484,"КГУ ""Общеобразовательная школа № 17"""
52.54483413696289,62.505611419677734,"КГУ ""Общеобразовательная школа № 1"""
52.06913757324219,60.72127914428711,КГУ «Кусаканская начальная школа»
53.3459358215332,64.57185363769531,"КГУ ""Димитровская общеобразовательная школа """
49.290042877197266,62.71246337890625,"КГУ ""Общеобразовательная школа имени Каражана Топаева"""
53.54738235473633,63.874969482421875,"КГУ ""Александровская общеобразовательная школа"""
51.99924087524414,63.68923568725586,КГУ «Диевская общеобразовательная школа»
52.80484390258789,63.27804946899414,"КГУ ""Белозерская основная средняя школа"""
49.79172134399414,66.14620971679688,"КГУ ""Караторгайская основная средняя школа"""
52.54011917114258,62.487735748291016,"КГУ ""Общеобразовательная школа № 4"""
52.21902847290039,61.513755798339844,КГУ «Глебовская общеобразовательная школа»
51.54005432128906,61.633758544921875,"КГУ ""Жайылминская основная средняя школа"""
53.13379669189453,65.7880859375,"КГУ ""Севастопольская общеобразовательная школа"""
53.19822311401367,63.60443115234375,"КГУ Специализированная школа-лицей-интернат информационных технологий ""Озат"""
53.72718048095703,61.93091583251953,"КГУ ""Надеждинская основная средняя школа"""
53.326568603515625,64.76305389404297,"КГУ ""Докучаевская общеобразовательная школа"""
53.19815444946289,63.61155700683594,"КГУ ""Школа-гимназия № 18"""
53.30455017089844,63.50932693481445,"КГУ ""Основная средняя школа села Еңбек"""
53.90077209472656,65.33357238769531,"КГУ ""Павловская начальная школа"""
49.98674011230469,63.94715118408203,"КГУ ""Каратубекская общеобразовательная школа"""
52.21360778808594,61.301395416259766,КГУ «Станционная основная средняя школа»
53.62165832519531,63.861934661865234,"КГУ ""Общеобразовательная школа села имени И.Ф.Павлова"""
48.93090057373047,63.903865814208984,"КГУ ""Общеобразовательная школа имени Ансагана Конкабаева"""
52.54505920410156,62.48405075073242,"КГУ ""Школа - лицей"""
52.43846130371094,61.74925994873047,"КГУ ""Денисовская общеобразовательная школа № 1"""
51.448638916015625,62.911415100097656,"КГУ ""Дружбинская основная средняя школа"""
53.88783645629883,61.40213394165039,"КГУ ""Примагнайская начальная школа"""
53.2817268371582,64.19095611572266,"КГУ ""Краснокордонская общеобразовательная школа"""
53.27997589111328,65.65475463867188,"КГУ ""Тагильская общеобразовательная школа"""
53.6486701965332,62.00254440307617,"КГУ ""Рыбкинская начальная школа"""
53.24823760986328,63.68217849731445,КГУ Лицей-интернат БІЛІМ-ИННОВАЦИЯ для одаренных детей
51.86330032348633,65.1962890625,КГУ «Теректинская начальная школа»
53.505802154541016,63.8762321472168,"КГУ ""Жуковская основная средняя школа"""
53.46174621582031,64.03496551513672,"КГУ ""Владимировская общеобразовательная школа"""
52.187904357910156,61.216888427734375,КГУ «Основная средняя школа № 1»
53.205196380615234,65.01749420166016,"КГУ ""Лермонтовская основная средняя школа"""
51.99811935424805,64.658935546875,КГУ «Коктальская общеобразовательная школа»
53.1752815246582,63.60740661621094,"КГУ ""Общеобразовательная школа № 19"""
52.550865173339844,62.491607666015625,"КГУ ""Общеобразовательная школа № 6"""
52.448326110839844,61.75226593017578,"КГУ ""Денисовская общеобразовательная школа № 2"""
51.96533203125,61.784820556640625,"КГУ ""Камыстинская общеобразовательная школа №1"""
52.43748092651367,65.36831665039062,КГУ «Симферопольская начальная школа»
53.8091926574707,64.17618560791016,"КГУ ""Боровская школа - гимназия имени Габбаса Жумабаева"""
53.81863021850586,61.740901947021484,"КГУ ""Сарыкольская основная средняя школа"""
52.65396499633789,65.48088836669922,КГУ «Карасуская общеобразовательная школа»
51.653804779052734,64.21913146972656,"КГУ ""Жамбылская общеобразовательная  школа"""
52.10653305053711,65.68215942382812,КГУ «Железнодорожная общеобразовательная школа»
53.21345520019531,63.63630294799805,"КГУ ""Специализированная школа-гимназия-интернат имени И. Алтынсарина"""
53.73815155029297,63.55482864379883,"КГУ ""Воскресеновская основная средняя школа"""
54.316383361816406,64.74774169921875,"КГУ ""Убаганская общеобразовательная школа"""
52.592002868652344,62.61254119873047,"КГУ ""Октябрьская общеобразовательная школа"""
54.096435546875,64.77783203125,"КГУ ""Краснопресненская общеобразовательная школа"""
53.178428649902344,63.608009338378906,"КГУ ""Общеобразовательная школа № 20"
52.64311981201172,61.3829231262207,КГУ «Окраинская начальная школа»
50.77792739868164,65.06637573242188,КГУ «Степнякская основная средняя школа»
53.666263580322266,64.509033203125,"КГУ ""Борковская основная средняя школа"""
52.478309631347656,63.627906799316406,КГУ «Казанбасская общеобразовательная школа № 1»
53.10383224487305,63.60051345825195,"КГУ ""Садовая общеобразовательная  школа"""
50.874454498291016,64.83328247070312,"КГУ ""Мерекенская основная средняя школа"""
51.96590805053711,61.779659271240234,"КГУ ""Камыстинская общеобразовательная школа №2"""
52.28465270996094,65.3620376586914,КГУ «Степная начальная школа»
52.78486633300781,65.1819839477539,КГУ «Новосёловская основная средняя школа»
53.9255256652832,62.190147399902344,"КГУ ""Святославская основная средняя школа"""
54.32624435424805,64.29019927978516,"КГУ ""Каратальская общеобразовательная школа имени Оразалы Козыбаева"""
53.35927200317383,63.96608352661133,"КГУ ""Нечаевская основная средняя школа"""
53.24575424194336,63.685298919677734,"КГУ ""Общеобразовательная школа № 22"""
53.28694152832031,63.34661865234375,"КГУ ""Майкольская общеобразовательная школа"""
52.468963623046875,61.75742721557617,КГУ «Антоновская основная средняя школа»
52.752662658691406,64.26692199707031,КГУ «Чернышевская общеобразовательная школа»
53.23373031616211,63.637298583984375,"КГУ ""Школа-гимназия №5 ""А"""
53.154212951660156,63.53923797607422,"КГУ ""Дружбинская общеобразовательная школа"""
53.24708557128906,62.702613830566406,"КГУ ""Коржинкольская общеобразовательная школа"""
51.332271575927734,64.76303100585938,"КГУ ""Наурзумская общеобразовательная школа"""
53.02524948120117,63.46965026855469,"КГУ ""Садчиковская общеобразовательная школа"""
52.112552642822266,65.67110443115234,КГУ «Октябрьская общеобразовательная школа»
52.934024810791016,65.50927734375,КГУ «Ильичевская общеобразовательная школа»
54.13121795654297,64.12681579589844,"КГУ ""Ломоносовская общеобразовательная школа"""
54.047359466552734,65.34323120117188,"КГУ ""Узункольская общеобразовательная школа №1"""
53.943145751953125,63.811683654785156,"КГУ ""Буденновская общеобразовательная школа"""
52.29438018798828,61.3327751159668,КГУ «Забеловская общеобразовательная школа»
53.183677673339844,63.61268997192383,"КГУ ""Общеобразовательная школа № 23"""
52.482749938964844,61.80021667480469,"КГУ ""Алчановская основная средняя школа"""
52.0732307434082,66.05958557128906,КГУ «Жаныспайская основная средняя школа»
53.823543548583984,62.619651794433594,"КГУ ""Костряковская общеобразовательная школа"""
52.66759490966797,65.5120620727539,КГУ «Караманская общеобразовательная школа»
51.46653747558594,63.189292907714844,"КГУ ""Раздольная общеобразовательная школа"""
52.5316047668457,64.0326156616211,КГУ «Новонежинская общеобразовательная школа имени Батыржана Кенжетаева»
52.997676849365234,63.306854248046875,"КГУ ""Перцевская основная средняя школа"""
53.79287338256836,62.17461395263672,"КГУ ""Веренская начальная школа"""
53.00926208496094,65.96875762939453,КГУ «Павловская общеобразовательная школа»
53.62245178222656,64.25739288330078,"КГУ ""Михайловская общеобразовательная школа"""
53.57233810424805,65.28147888183594,"КГУ ""Краснодонская общеобразовательная школа"""
52.82380294799805,63.9079475402832,"КГУ  ""Общеобразовательная школа села Қостомар"""
53.102394104003906,63.546661376953125,"КГУ ""Чапаевская основная средняя школа"""
49.98980712890625,63.963165283203125,"КГУ ""Таушская начальная школа"""
53.21080017089844,63.632232666015625,"КГУ ""Гимназия имени С. Мауленова"""
54.0047492980957,63.77875518798828,"КГУ ""Введенская общеобразовательная школа"""
52.552978515625,64.86132049560547,КГУ «Ключевая общеобразовательная школа»
52.43931579589844,61.74458694458008,КГУ «Денисовская общеобразовательная школа № 3»
52.13703918457031,62.1462516784668,"КГУ ""Карабатырская общеобразовательная школа"""
52.36772155761719,64.12113189697266,КГУ «Аулиекольская общеобразовательная школа имени И.Я. Сьянова»
53.31304931640625,66.09208679199219,"КГУ ""Комсомольская общеобразовательная школа"""
54.04796600341797,65.34323120117188,"КГУ ""Узункольская общеобразовательная школа №2"""
52.86209487915039,61.85435485839844,"КГУ ""Архангельская основная средняя школа"""
53.21506881713867,63.87702941894531,"КГУ ""Совхозная общеобразовательная школа"""
53.600772857666016,61.90366744995117,"КГУ ""Бурлинская общеобразовательная школа"""
51.92628479003906,61.524688720703125,КГУ «Красноармейская основная средняя школа»
53.221923828125,64.5668716430664,"КГУ ""Зуевская общеобразовательная школа"""
53.80211639404297,64.15245056152344,"КГУ ""Первомайская общеобразовательная школа"""
52.99453353881836,63.07352828979492,"КГУ ""Основная средняя школа № 20"""
53.289161682128906,65.09487915039062,"КГУ ""Основная средняя школа имени Б. Утетлеуова"""
53.08285140991211,64.29773712158203,"КГУ ""Убаганская общеобразовательная школа имени Ибрая Алтынсарина"""
52.29842758178711,65.02200317382812,КГУ «Станционная общеобразовательная школа»
51.74825668334961,61.356998443603516,КГУ «Степная общеобразовательная школа»
53.17713928222656,63.60035705566406,"КГУ ""Физико-математический лицей"""
52.89038848876953,61.57694625854492,"КГУ ""Зааятская основная средняя школа"""
52.365962982177734,64.13785552978516,КГУ «Аулиекольская общеобразовательная школа имени Шокана Уалиханова»
51.6727294921875,62.04246139526367,"КГУ ""Клочковская общеобразовательная школа"""
52.471031188964844,65.36402893066406,КГУ «Люблинская общеобразовательная школа»
52.38972854614258,61.69710922241211,КГУ «Гришенская основная средняя школа»
53.1821403503418,63.66304016113281,"КГУ ""Мичуринская общеобразовательная школа"""
51.94132995605469,61.13706970214844,КГУ «Милютинская общеобразовательная школа»
54.23044967651367,65.4927978515625,"КГУ ""Федоровская общеобразовательная  школа"""
53.110347747802734,62.892555236816406,"КГУ ""Ульяновская основная средняя школа"""
52.96031188964844,63.109046936035156,"КГУ ""Гимназия №21"""
50.10540008544922,65.35203552246094,"КГУ «Агаштыкольская НШ"""
49.30833435058594,62.91275405883789,"КГУ ""Туйемойнакская начальная школа"""
53.80396270751953,64.54798126220703,"КГУ ""Сосновская общеобразовательная школа"""
52.98814010620117,64.10910034179688,"КГУ ""Общеобразовательная школа имени Омара Шипина"""
53.32670593261719,65.10480499267578,"КГУ ""Крыловская общеобразовательная школа"""
53.42757034301758,63.19956588745117,"КГУ ""Московская общеобразовательная  школа"""
53.79151153564453,63.36906433105469,"КГУ ""Чандакская основная средняя школа """
52.96770477294922,63.13444519042969,"КГУ ""Общеобразовательная школа № 1"""
52.99183654785156,65.11626434326172,КГУ «Жалгысканская общеобразовательная школа»
52.93110656738281,63.28960037231445,"КГУ ""Красно-Передовикская начальная школа"""
52.651973724365234,60.85710525512695,КГУ «Комаровская начальная школа»
52.04694366455078,62.41077423095703,"КГУ ""Краснооктябрьская общеобразовательная школа"""
51.79713821411133,60.912628173828125,КГУ «Муктикольская начальная школа»
49.90243148803711,64.84955596923828,КГУ «Основная средняя школа имени  Ж.Сабыржанұлы»
49.74066162109375,63.573177337646484,"КГУ ""Шубаланская основная средняя школа"""
53.39957809448242,63.43327713012695,"КГУ ""Шеминовская общеобразовательная школа"""
52.90348815917969,64.66246032714844,"КГУ ""Ново-Алексеевская общеобразовательная школа"""
52.9640998840332,63.14087677001953,"КГУ ""Гимназия №2"""
53.767303466796875,63.742496490478516,"КГУ ""Надеждинская общеобразовательная  школа"""
53.60997009277344,64.16968536376953,"КГУ ""Степановская общеобразовательная школа"""
52.305870056152344,61.55228042602539,КГУ «Ырсайская основная средняя школа»
52.112083435058594,61.55427169799805,КГУ «Тохтаровская основная средняя школа»
52.579986572265625,62.490882873535156,"КГУ  ""Валерьяновская основная средняя школа"""
53.612186431884766,66.02467346191406,"КГУ ""Лесная основная средняя школа"""
53.63849639892578,62.69227600097656,"КГУ ""Общеобразовательная школа имени Абая"""
52.68888473510742,62.04351043701172,КГУ «Крымская общеобразовательная школа»
51.49246597290039,65.2343978881836,КГУ «Ушаковская основная средняя школа»
52.20684814453125,63.382965087890625,КГУ «Москалевская общеобразовательная школа»
52.095760345458984,61.997989654541016,"КГУ ""Ливановская основная средняя школа"""
53.68218231201172,62.64698791503906,"КГУ ""Александропольская начальная школа"""
52.97001266479492,63.0831298828125,"КГУ ""Общеобразовательная школа № 3"""
53.4491081237793,63.29051208496094,"КГУ ""Озерная общеобразовательная  школа"""
52.21344757080078,61.30103302001953,КГУ «Пригородная общеобразовательная школа»
50.77170181274414,66.03691864013672,КГУ «Карынсалдинская основная средняя школа»
52.85786056518555,64.54434967041016,"КГУ ""Приозерная основная средняя школа"""
53.629024505615234,63.3826789855957,"КГУ ""Шишкинская основная средняя  школа"""
52.50435256958008,64.2368392944336,КГУ «Калининская основная средняя»
49.84553146362305,64.29452514648438,"КГУ ""Основная средняя школа имени Айсы Нурманова"""
53.11269760131836,63.31276321411133,"КГУ ""Кировская начальная школа"""
50.25117111206055,66.90802764892578,"КГУ ""Начальная гимназия имени А. Байтурсынова"""
52.187034606933594,65.72559356689453,КГУ «Целинная общеобразовательная школа»
53.13447952270508,64.6604995727539,"КГУ ""Свердловская общеобразовательная школа"""
53.629493713378906,62.6973762512207,"КГУ ""Общеобразовательная школа имени М. Маметовой"""
52.34760284423828,63.89441680908203,КГУ «Сосновская основная средняя школа»
50.83188247680664,65.16797637939453,КГУ «Рассветская основная средняя школа»
51.09891891479492,63.59165573120117,"КГУ ""Буревестненская общеобразовательная школа"""
52.54140090942383,62.08252716064453,КГУ «Перелескинская общеобразовательная школа»
52.7018928527832,63.9595947265625,КГУ «Лаврентьевская основная средняя школа»
52.115169525146484,64.26610565185547,КГУ «Сулукольская общеобразовательная школа имени Шайсултана Шаяхметова»
52.86721420288086,63.623008728027344,"КГУ ""Половниковская общеобразовательная школа"""
53.18453598022461,63.599815368652344,"КГУ ""Общеобразовательная школа № 7"""
53.621124267578125,63.91927719116211,"КГУ ""Алкауская начальная школа"""
52.359317779541016,64.1368637084961,КГУ «Аулиекольская школа-гимназия имени Султана Баймагамбетова»
52.147865295410156,61.097259521484375,КГУ «Большевистская основная средняя школа»
53.855716705322266,62.33511734008789,"КГУ ""Большая начальная школа"""
51.653446197509766,64.2215805053711,"КГУ ""Докучаевская общеобразовательная школа"""
50.00801086425781,66.21556091308594,"КГУ ""Алуанская начальная школа"""
53.09281539916992,64.27336120605469,"КГУ ""Силантьевская общеобразовательная школа"""
52.133235931396484,65.64190673828125,КГУ «Челгашинская общеобразовательная школа»
53.225975036621094,63.621097564697266,"КГУ ""Общеобразовательная школа № 8"""
52.38168716430664,61.10444259643555,КГУ «Чайковская общеобразовательная школа»
52.2994499206543,63.52558135986328,КГУ «Тимофеевская общеобразовательная школа»
52.633766174316406,61.28237533569336,КГУ «Приреченская общеобразовательная школа»
52.359046936035156,64.13821411132812,КГУ «Аккудукская основная средняя школа»
53.812110900878906,62.074058532714844,"КГУ ""Веселокутская начальная школа"""
53.535072326660156,62.724021911621094,"КГУ ""Владыкинская основная средняя школа """
53.77619171142578,65.74417114257812,"КГУ ""Чеховская основная средняя школа"""
53.69026184082031,64.19287109375,"КГУ ""Ивановская начальная школа"""
52.27840042114258,62.29330825805664,КГУ «Покровская основная средняя школа»
52.39769744873047,64.09252166748047,КГУ «Аманкарагайская общеобразовательная школа имени Н. Островского»
50.257789611816406,66.8790283203125,"КГУ ""Основная средняя школа № 8"""
51.20982360839844,65.02862548828125,"КГУ ""Дамдинская общеобразовательная школа"""
53.172855377197266,64.2088851928711,"КГУ ""Щербаковская общеобразовательная школа имени Мариям Хакимжановой"""
54.25715637207031,65.49092864990234,"КГУ ""Укатканская начальная школа"""
53.6982536315918,65.55371856689453,"КГУ ""Тимирязевская общеобразовательная школа"""
53.71915817260742,62.69199752807617,"КГУ  ""Копыченская основная средняя школа """
52.35483932495117,65.04527282714844,КГУ «Амангельдинская общеобразовательная школа»
53.94960021972656,63.34893035888672,"КГУ ""Жанахайская начальная школа"""
52.91972351074219,61.547889709472656,КГУ «Свердловская общеобразовательная школа»
53.366943359375,62.86716842651367,"КГУ ""Общеобразовательная школа имени Әлихана Бөкейхана отдела образования города Рудного"""
53.23802185058594,63.6801872253418,"КГУ ""Общеобразовательная школа №9"""
52.28868103027344,64.37279510498047,КГУ «Харьковская начальная школа»
53.866703033447266,63.754493713378906,"КГУ ""Алешинская основная средняя школа"""
52.84474563598633,61.52696228027344,"КГУ ""Фрунзенская общеобразовательная школа"""
52.1861572265625,65.26738739013672,КГУ «Айдарлинская общеобразовательная школа»
50.117515563964844,67.32553100585938,"КГУ ""Целинненская основная средняя школа"""
52.40263748168945,64.09026336669922,КГУ «Аманкарагайская общеобразовательная школа № 2»
52.3806037902832,62.07535171508789,"КГУ ""Досовская начальная школа"""
53.364498138427734,64.87799072265625,"КГУ ""Карагайлинская общеобразовательная школа"""
53.18153381347656,63.59103012084961,"КГУ ""Общеобразовательная школа №10"""
51.57840347290039,64.76457977294922,"КГУ ""Шилинская общеобразовательная школа"""
53.9033317565918,62.50648498535156,"КГУ ""Курская начальная школа"""
52.95820236206055,63.11673355102539,"КГУ ""Общеобразовательная школа № 17"""
50.24951934814453,66.90528106689453,"КГУ ""Общеобразовательная школа № 1 имени Ш. Уалиханова"""
54.12538146972656,63.819122314453125,"КГУ ""Загаринская начальная школа"""
54.33829879760742,64.55565643310547,"КГУ ""Жарсуатская начальная школа"""
53.51663589477539,64.20214080810547,"КГУ ""Архиповская общеобразовательная школа"""
53.228878021240234,63.66047286987305,"КГУ ""Общеобразовательная школа № 11"""
50.11817932128906,64.79247283935547,КГУ «Кумкешуская общеобразовательная школа»
52.97111511230469,63.10562515258789,"КГУ ""Общеобразовательная школа имени Абая отдела образования города Рудного"""
50.2515754699707,66.90929412841797,"КГУ ""Общеобразовательная школа № 2"""
52.257450103759766,63.936641693115234,КГУ «Кушмурунская общеобразовательная школа № 2»
53.80965805053711,63.80173873901367,"КГУ ""Джангильдинская общеобразовательная школа"""
51.76534652709961,64.7880859375,"КГУ ""Шолаксайская общеобразовательная школа"""
53.973602294921875,64.23770904541016,"КГУ ""Коктерекская основная средняя школа"""
53.64258575439453,62.684906005859375,"КГУ ""Общеобразовательная школа имени Ыбырая Алтынсарина"""
53.2892951965332,65.55935668945312,"КГУ ""Ново-Урицкая общеобразовательная школа"""
50.46163558959961,65.97320556640625,КГУ «Тастинская общеобразовательная школа»
53.21051788330078,63.62372589111328,"КГУ ""Гимназия имени А.М. Горького"""
53.88660430908203,64.39742279052734,"КГУ  ""Каменскуральская общеобразовательная школа"""
50.262325286865234,66.8857421875,"КГУ ""Общеобразовательная школа № 3 имени Б. Майлина"""
52.95936584472656,63.100181579589844,"КГУ ""Общеобразовательная школа имени Ахмета Байтұрсынұлы отдела образования города Рудного"""
52.45045471191406,64.61695098876953,КГУ «Кушмурунская общеобразовательная школа № 1»
53.901004791259766,63.7811164855957,"КГУ ""Кызылтуская начальная школа"""
53.18452072143555,63.59278106689453,"КГУ ""Общеобразовательная школа №16"""
53.32511520385742,65.52505493164062,"КГУ ""Урицкая общеобразовательная школа № 1"""
50.20197677612305,65.21578216552734,КГУ «Общеобразовательная школа имени Н.Мейирманова»
53.51121520996094,63.085575103759766,"КГУ ""Воронежская общеобразовательная школа"""
53.368431091308594,62.864280700683594,"КГУ ""Качарская общеобразовательная школа № 1"""
50.24972152709961,66.9180679321289,"КГУ ""Общеобразовательная школа № 4 имени Кейкі батыра"""
53.76506423950195,63.15484619140625,"КГУ ""Камышинская общеобразовательная школа"""
50.17935562133789,65.1800537109375,КГУ «Общеобразовательная школа имени Б.Колдасбаева»
53.32985305786133,65.38294982910156,"КГУ ""Сорочинская основная средняя школа"""
53.76248550415039,64.2679214477539,"КГУ ""Лесная основная средняя школа"""
52.01618957519531,63.906951904296875,КГУ «Ушкарасуская основная средняя школа»
53.31370162963867,65.54825592041016,"КГУ ""Урицкая школа-лицей"""
54.10189437866211,63.080726623535156,"КГУ ""Кенаральская общеобразовательная школа"""
52.54777908325195,65.82247924804688,КГУ «Карамырзинская общеобразовательная школа»
50.1848030090332,65.19172668457031,КГУ «Амангельдинская общеобразовательная школа»
53.43485641479492,65.70700073242188,"КГУ ""Барвиновская общеобразовательная школа"""
54.32777786254883,64.50462341308594,"КГУ ""Туленгутская начальная школа"""
52.526302337646484,65.42765045166016,КГУ «Ленинская общеобразовательная школа»
52.313087463378906,64.09033203125,КГУ «Новоселовская общеобразовательная школа»
53.315391540527344,65.54351043701172,"КГУ ""Общеобразовательная школа им. У. Султангазина"""
50.18406677246094,65.18207550048828,КГУ «Общеобразовательная школа имени Ы.Алтынсарина»
52.04586410522461,64.19062805175781,КГУ «Федосеевская основная средняя школа»
53.5253791809082,65.92961120605469,"КГУ ""Весело-Подольская общеобразовательная школа"""
54.094322204589844,64.43053436279297,"КГУ ""Тенизовская основная средняя школа"""
50.18928909301758,65.19520568847656,КГУ «Общеобразовательная школа имени А.Боранбаева»
52.40009689331055,63.634742736816406,КГУ «Баганалинская основная средняя»
52.68275833129883,62.80120849609375,"КГУ ""Набережная начальная школа"""
52.42734146118164,64.19949340820312,КГУ «Лесная начальная школа»
53.79677200317383,64.1872787475586,"КГУ ""Боровская школа - гимназия имени Ахметказы Чутаева"""
52.40503692626953,64.37989807128906,КГУ «Черниговская общеобразовательная школа»
52.468719482421875,63.70069122314453,КГУ «Каракалпакская начальная школа»
52.324092864990234,64.61041259765625,КГУ «Казанбасская общеобразовательная школа № 2»
42.59091567993164,70.83738708496094,"КГУ ""Средняя школа № 13 имени Ахмета Байтурсынова"""
43.58308410644531,71.23994445800781,"КГУ ""Средняя школа Талапты"""
42.86527633666992,71.35211181640625,"КГУ ""Средняя школа № 28 имени А.Молдагуловой"""
43.76692581176758,69.9598159790039,"КГУ ""Средняя школа Жанаталап """
42.87921905517578,71.38920593261719,"КГУ ""Школа-гимназия № 15"""
42.79119110107422,71.2791976928711,"КГУ ""Средняя школа №55"""
42.94090270996094,72.75021362304688,"КГУ ""Школа-лицей имени Турара Рыскулова"""
42.870086669921875,73.1635513305664,"КГУ ""Общеобразовательная опорная школа (ресурсный центр) №18 имени Аккоза Косанулы"""
43.20875549316406,74.46247100830078,"КГУ ""Средняя школа № 27 имени Ыбырая Алтынсарина"""
43.6673583984375,73.81183624267578,"КГУ ""Средняя школа имени Мухаммеда Хайдара Дулати"""
42.80440139770508,71.56439971923828,"КГУ ""Средняя школа им. Мухтара Ауезова"""
42.997676849365234,71.43698120117188,"КГУ ""Средняя школа Коктал"""
42.912208557128906,71.30924224853516,"КГУ ""Средняя школа № 37 имени Ы.Сулейменова"""
42.94631576538086,72.76217651367188,"КГУ ""Средняя школа имени Максима Горького"""
43.50954818725586,71.718505859375,"КГУ ""Средняя школа имени А.С.Пушкина"""
43.05234909057617,74.70661926269531,"КГУ ""Средняя школа имени Каныша Сатпаева"""
43.27783966064453,74.390380859375,"КГУ ""Средняя школа №28 имени Шокана Уалиханова"""
42.857177734375,71.39115142822266,"КГУ ""Средняя школа № 29 имени Ю. Гагарина"""
43.35184097290039,74.09558868408203,КГУ «СШ им. Саттар Естемесова»
44.287784576416016,72.94482421875,"КГУ ""Школа-гимназия имени Жамбыла """
42.75153350830078,70.69845581054688,"КГУ ""Средняя школа Дикан № 27"""
42.823612213134766,73.35684967041016,"КГУ ""Общеобразовательная школа №19 имени Сыпатай Алибекулы"""
42.907562255859375,71.37014770507812,"КГУ ""Средняя школа № 56"""
42.89680862426758,71.34185791015625,"КГУ ""Средняя школа № 38"""
44.287986755371094,72.9435043334961,"КГУ ""Школа-лицей имени Магжана Жумабаева"""
43.824554443359375,74.3815689086914,КГУ  Средняя школа имени Ораза Жандосова с мини центром
43.936424255371094,71.16581726074219,"КГУ ""Начальная школа Ферма № 1"""
42.8902702331543,72.75186920166016,"КГУ ""Средняя школа №2 с миницентром"""
42.5933952331543,70.85486602783203,"КГУ ""Средняя школа № 22 имени Бауыржана Момышулы"""
43.051551818847656,74.70796203613281,"КГУ ""Школа-лицей № 4 имени Балжан Больтриковой"""
43.0299072265625,71.06302642822266,"КГУ ""Средняя школа № 3"""
42.813236236572266,70.70394134521484,"КГУ ""Начальная школа № 35 имени Сабита Муканова"""
42.81852722167969,71.49349212646484,"КГУ ""Средняя школа Гродеково"""
43.50954818725586,71.73223876953125,"КГУ ""Средняя школа имени Амангельды"""
42.977195739746094,72.79473876953125,"КГУ ""Средняя школа Акбулак с миницентром"""
42.752315521240234,70.69461822509766,"КГУ ""Основная школа №34 Каратас"""
43.0469970703125,71.09298706054688,"КГУ ""Средняя школа №2"""
43.47600173950195,71.72811889648438,"КГУ ""Средняя школа имени Сыдык Абланова"""
43.01115036010742,71.51213073730469,"КГУ ""Школа-гимназия №1"""
42.99735641479492,71.30941772460938,"КГУ ""Средняя школа им. Азимбека Исмаилулы"""
42.887210845947266,73.23221588134766,"КГУ ""Общеобразовательная школа №20 имени Турара Рыскулова"""
42.83367919921875,75.69116973876953,"КГУ ""Средняя школа имени Магжана Жумабаева"""
42.889404296875,71.35066986083984,"КГУ ""Школа-гимназия имени Шерхана Муртазы"""
43.21271896362305,74.56097412109375,Средняя школа имени Шакарима
42.88335037231445,71.34420776367188,"КГУ ""Школа-гимназия № 39 имени И.Панфилова"
43.012210845947266,72.83073425292969,"КГУ ""Средняя школа №3 с миницентром"""
42.686092376708984,70.83353424072266,"КГУ ""Средняя школа № 5 имени Михаила Ломоносова"""
42.98068618774414,71.24715423583984,"КГУ ""Начальная школа Костобе"""
42.983116149902344,74.91047668457031,"КГУ ""Средняя школа №7 имени Александра Пушкина"""
42.82512283325195,73.49930572509766,"КГУ ""Общеобразовательная школа №21"""
43.056766510009766,71.53441619873047,"КГУ ""Основная школа Сарыбарак"""
43.53492736816406,75.21298217773438,"КГУ ""Основная школа имени Шерхана Муртазы"""
43.578277587890625,73.76718139648438,"КГУ ""Средняя школа Жайсан"""
42.9153938293457,71.39521026611328,"КГУ ""Средняя школа № 31"""
42.83127975463867,71.39191436767578,"КГУ ""Средняя школа им. Антона Макаренко"""
43.08720016479492,71.53167724609375,"КГУ ""Средняя школа Бериккара"
42.88669967651367,71.35664367675781,"КГУ ""Гимназия № 40"""
42.66521072387695,70.82426452636719,"КГУ ""Средняя школа № 16 имени Сакена Сейфуллина"""
43.138126373291016,71.67047882080078,"КГУ ""Средняя школа имени С.Сейфуллина"""
43.388084411621094,73.56033325195312,Средняя школа имени Мустафы Шокая
42.973480224609375,71.33023071289062,"КГУ ""Начальная школа Капал"""
42.91107177734375,72.79286193847656,"КГУ ""Средняя школа имени Абая с миницентром"""
42.862091064453125,73.25330352783203,"КГУ ""Общеобразовательная школа №22"""
42.97312545776367,74.98432922363281,"КГУ ""Средняя школа №8 имени Отеген батыра"""
43.03985595703125,71.13525390625,"КГУ ""Школа-гимназия им. Бауыржана Момышулы"""
42.91440200805664,71.35266876220703,"КГУ ""Средняя школа № 32"""
43.66434860229492,73.76235961914062,"КГУ ""Опорная средняя школа (Ресурсный центр) имени Мукагали Макатаева"""
43.13429260253906,71.63290405273438,"КГУ ""Средняя школа Туймекент"""
43.10808563232422,70.74332427978516,"КГУ ""Основная школа имени Александра Матросова"""
43.120140075683594,72.97716522216797,"КГУ ""Средняя школа Корагаты с миницентром"""
42.88130187988281,71.33673858642578,"КГУ ""Многопрофильная гимназия № 41 имени А.Пушкина"""
43.27806854248047,74.76602172851562,"КГУ ""Средняя школа имени Кайрата Рыскулбекова"""
43.519325256347656,71.73635864257812,"КГУ ""Средняя школа имени А.Суханбаева"""
42.813045501708984,73.30089569091797,"КГУ ""Тескентоганская общеобразовательная школа №23"""
42.95903778076172,71.34889221191406,"КГУ ""Начальная школа Коныртобе"""
42.63010787963867,70.78845977783203,"КГУ ""Средняя школа Коктобе № 30"""
42.94453811645508,72.20552062988281,"КГУ ""Средняя школа №4 с миницентром"""
42.91066360473633,72.85839080810547,"КГУ ""Средняя школа имени Бауыржана Момышулы"""
42.881988525390625,71.30531311035156,"КГУ ""Школа-лицей №3"""
43.082481384277344,71.20077514648438,"КГУ ""Средняя школа им. Калкабая Сартбаева"""
42.897010803222656,75.14134216308594,"КГУ ""Средняя школа №9"""
43.80124282836914,73.7191390991211,КГУ «СШ им. Маншук Маметовой»
42.70665740966797,73.19091796875,"КГУ ""Начальная школа №33 Терс-Ащыбулак"""
42.89659118652344,71.33219909667969,"КГУ ""Средняя школа № 42"""
43.29469299316406,74.19918823242188,"КГУ ""Средняя школа №32 имени Владимира Маяковского"""
42.8863639831543,71.39273834228516,"КГУ ""Средняя школа № 33 имени М.Ауэзова"""
43.007835388183594,71.51519775390625,"КГУ ""Средняя школа имени Ю.Гагарина"""
42.95706558227539,73.23603820800781,"КГУ ""Общеобразовательная школа №28"""
42.99147033691406,71.47399139404297,"КГУ ""Средняя школа Ульгули"""
42.91330337524414,72.64078521728516,"КГУ ""Средняя школа имени К.Султанбекова с миницентром"""
42.603370666503906,70.727294921875,"КГУ ""Школа-гимназия № 1 имени Шерхана Муртазы"""
42.963523864746094,75.18277740478516,"КГУ ""Кызылсайская средняя школа №10"""
42.658634185791016,70.8896713256836,"КГУ ""Средняя школа №12 имени Мухтара Ауезова"""
43.19243621826172,70.24391174316406,"КГУ ""Каратауская средняя школа"""
43.03529739379883,71.1865463256836,"КГУ ""Начальная школа Рахат"""
42.940887451171875,71.4853744506836,"КГУ ""Средняя школа имени Н. Гоголя"""
42.878021240234375,71.34645080566406,"КГУ ""Средняя школа № 43"""
42.9614143371582,71.52114868164062,"КГУ ""Школа-лицей №4"
42.90059280395508,71.36589050292969,"КГУ ""Начальная школа № 52"""
42.963356018066406,70.67619323730469,"КГУ ""Основная школа №36 имени Шокана Уалиханова"""
43.807926177978516,73.68099212646484,КГУ «СШ Мойынкум»
43.17362976074219,71.45952606201172,"КГУ ""Средняя школа имени Ш. Уалиханова"""
42.904354095458984,71.32107543945312,"КГУ ""Средняя школа № 34"""
42.91979217529297,72.57547760009766,"КГУ ""Средняя школа имени Ахмета Байтурсынова"""
42.840972900390625,73.41890716552734,"КГУ ""Общеобразовательная школа №30 имени Байсеита Жылкелдина"""
43.23632049560547,74.75732421875,"КГУ ""Средняя школа № 34 имени Мамбета Смагулова"""
42.6506233215332,70.97864532470703,"КГУ ""Средняя школа № 17 имени Ыбырая Алтынсарина"""
42.92337417602539,75.30689239501953,"КГУ ""Средняя школа имени Жусипбека Аймауытова"""
42.898681640625,71.36515045166016,"КГУ ""Средняя школа № 44 им. Ш.Смаханулы"""
43.1838264465332,70.46681213378906,"КГУ ""Средняя школа имени Амангельды"""
43.118988037109375,71.44839477539062,"КГУ ""Средняя школа имени Жамбыла"""
43.1302375793457,74.84500122070312,"КГУ ""Средняя школа №35 имени Рза Кунаковой"""
42.894046783447266,71.45807647705078,"КГУ ""Средняя школа №60"""
42.9135856628418,71.34420776367188,"КГУ ""Школа-интернат для детей из многодетных и малоимущих семей имени Нургисы Тлендиева"""
42.92145538330078,75.32879638671875,"КГУ ""Средняя школа №14 имени Абиля Нусипбаева"""
42.89120864868164,71.35218811035156,"КГУ ""Средняя школа № 35 имени А.Гайдара"""
43.10280990600586,71.17860412597656,"КГУ ""Начальная школа Шайдана"""
43.53231430053711,71.73361206054688,"КГУ ""Средняя школа имени Азимбека Жанкулиева"""
42.977481842041016,73.16519927978516,"КГУ ""Общеобразовательная школа №34"""
42.671199798583984,70.84880065917969,"КГУ ""Начальная школа №44 Бакалы"""
43.788482666015625,73.80928039550781,"КГУ ""СШ им. Алии Молдагуловой"""
42.663856506347656,71.0255126953125,"КГУ ""Опорная школа (ресурсный центр) №25 Актобе"""
42.647830963134766,70.75811767578125,"КГУ ""Средняя школа № 14 имени Беймбета Майлина"""
43.879512786865234,70.52323913574219,"КГУ ""Основная школа Бозарык"""
43.2430534362793,75.20538330078125,"КГУ ""Средняя школа имени Талгата Бигелдинова"""
43.513328552246094,71.762451171875,"КГУ ""Средняя школа Жанатурмыс"""
42.63005447387695,70.77239990234375,"КГУ ""Средняя школа № 29"""
42.83290481567383,70.36711883544922,"ГУ ""Начальная школа №31 Актасты"""
42.807273864746094,73.15479278564453,"КГУ ""Общеобразовательная школа №35"""
42.7104606628418,70.65730285644531,"КГУ ""Средняя школа № 24 имени Турара Рыскулова"""
42.89567565917969,71.34673309326172,"КГУ ""Средняя школа №36"""
43.500553131103516,73.84014129638672,"КГУ ""Средняя школа имени Бауыржана Момышулы"""
43.95917892456055,70.4701919555664,"КГУ ""Основная школа имени Абая"""
42.93064498901367,71.3875732421875,"КГУ ""Специализированная лицей-интернат ""Дарын"" для  одарённых детей"""
42.596954345703125,70.94831848144531,"КГУ ""Средняя школа №23 Алатау"""
42.97321701049805,72.13291931152344,"КГУ ""Средняя школа Акшолак"""
43.0783805847168,70.92030334472656,"КГУ ""Начальная школа Жума"""
43.10764694213867,71.58428955078125,"КГУ ""Средняя школа №2"
43.73251724243164,69.78034973144531,"КГУ ""Средняя школа имени Донда Сенбина"""
42.618961334228516,70.7629623413086,"КГУ ""Школа-гимназия № 19 имени Динмухамеда Конаева"""
44.2859992980957,72.93270111083984,"КГУ ""Опорная школа (ресурсный центр) имени Т. Рыскулова """
43.16766357421875,70.46852111816406,"КГУ ""Средняя школа имени Александра Сергеевича Пушкина"""
42.950252532958984,71.32947540283203,"КГУ ""Средняя школа Шайкорык"""
42.95297622680664,72.01448059082031,"КГУ ""Начальная школа Мамай-кайынды"""
43.42399978637695,70.7753677368164,"КГУ ""Аккольская средняя школа"""
42.63042449951172,71.0942153930664,"КГУ ""Средняя школа №26 Жанаталап"""
42.914424896240234,71.40328216552734,"КГУ ""Специализированная школа-интернат ""БІЛІМ-ИННОВАЦИЯ"" для одаренных девочек имени Айша биби"""
42.60528564453125,70.7708969116211,"КГУ ""Средняя школа № 2 Мынбулак"""
44.31379318237305,73.07634735107422,"КГУ ""Средняя школа имени Абая"""
42.97196578979492,71.42609405517578,"КГУ ""Средняя школа Бурыл"""
42.75457000732422,70.70394897460938,"КГУ ""Средняя школа №7 имени Турсына Акимова"""
44.08655548095703,70.3204116821289,"КГУ ""Средняя школа Досбол """
43.01338577270508,71.51319122314453,"КГУ ""Гимназия имени Гани Муратбаева"""
42.85749435424805,73.17915344238281,"КГУ ""Общеобразовательная школа-гимназия №39 имени Темирбека Кожакеева"""
43.25777816772461,75.1624984741211,"КГУ "" средняя школа имени Манаша Козыбаева"""
42.94462585449219,72.8500747680664,"КГУ ""Начальная школа Жалпаксаз"""
43.85518264770508,73.68658447265625,"КГУ ""Начальная школа № 48"""
42.92769241333008,72.07670593261719,"КГУ ""Начальная школа Шолак-кайынды"""
42.86625289916992,75.25811767578125,"КГУ ""Средняя школа №16 имени Михаила Лермонтова"""
42.91123580932617,72.91803741455078,"КГУ ""Опорная школа (ресурсный центр) имени Мухтара Ауезова"""
43.181304931640625,73.18714904785156,"КГУ ""Общеобразовательная школа №33"""
44.56940841674805,73.86326599121094,"КГУ ""Основная школа имени Агыбай батыра с мини центром"""
43.55663299560547,69.72891998291016,"КГУ ""Школа - гимназия имени Мухтара Ауэзова"""
43.40755081176758,73.87145233154297,"КГУ ""Начальная школа имени Сабита Муканова"""
44.24645233154297,73.3333511352539,"КГУ ""Средняя школа имени Б. Момышулы"
42.845367431640625,71.41456604003906,"КГУ ""Средняя школа им. Абдрахмана Айтиева"""
42.80919647216797,70.69021606445312,"КГУ ""Средняя школа № 11 имени Тайыра Тастандиева"""
43.07850646972656,72.89746856689453,"КГУ ""Начальная школа Байтели"""
42.88417053222656,71.34603118896484,"КГУ ""Казахская классическая гимназия № 45 имени Б. Момышулы"""
43.529319763183594,71.71987915039062,"КГУ ""Средняя школа № 5"""
42.84805679321289,73.17076873779297,"КГУ ""Общеобразовательная школа №44"""
42.86439895629883,75.24739837646484,"КГУ ""Сортобинская средняя школа №17"""
42.7281608581543,70.52840423583984,"КГУ ""Средняя школа №10 Куренбел"""
43.41969680786133,75.07716369628906,"КГУ ""Средняя школа №41 имени Кенена Азербаева"""
43.52532196044922,71.72262573242188,"КГУ ""Опорная школа (ресурсный центр) Дихан"""
42.89857864379883,72.99134063720703,"КГУ ""Средняя школа имени Каныша Сатпаева"""
43.42386245727539,70.77497100830078,"КГУ ""Средняя школа имени Ыбырай Алтынсарина"""
42.78083801269531,73.44954681396484,"КГУ ""Начальная школа №38"""
42.63161087036133,70.6855239868164,"КГУ ""CШ №6 им. А. Пушкина"""
45.45001220703125,73.64997863769531,"КГУ ""Средняя школа Мынарал"""
42.85285949707031,71.09065246582031,"КГУ ""Начальная школа №5"""
42.86602783203125,75.25030517578125,"КГУ ""Сортобинская средняя школа №18"""
44.16041946411133,73.41060638427734,"КГУ ""Основная средняя школа имени А.Молдагуловой с мини центром"""
42.88750457763672,71.33155822753906,"КГУ ""Средняя школа № 46"""
43.153350830078125,71.53993225097656,"КГУ ""Основная школа имени М. Маметовой"
42.90266036987305,71.38638305664062,"КГУ ""Средняя школа №59 """
42.880043029785156,71.33418273925781,"КГУ ""Средняя школа № 47"
44.06538009643555,73.51438903808594,"КГУ ""Средняя школа имени К. Рыскулбекова"""
42.96366882324219,73.49579620361328,"КГУ ""Общеобразовательная школа №6"""
43.96495056152344,73.83999633789062,"КГУ ""Начальная школа Жидели"""
43.550941467285156,69.7234878540039,"КГУ ""Школа - гимназия имени Шокана Уалиханова"""
42.88050842285156,75.18318176269531,"КГУ ""Средняя школа № 19 имени Булар батыра"""
42.89322280883789,73.22516632080078,"КГУ ""Общеобразовательная школа №48"""
43.04604721069336,74.70807647705078,"КГУ ""Средняя школа №43 имени Бауыржана Момышулы"""
42.835086822509766,71.2135009765625,"КГУ ""Средняя школа Айшабиби"""
42.843624114990234,71.2358169555664,"КГУ ""Начальная школа им. Ыбырая Алтынсарина"""
43.207218170166016,73.42283630371094,"КГУ ""Начальная школа №41"""
43.1475944519043,74.5519790649414,"КГУ ""Основная школа имени Санжара Асфендиярова"""
43.40973663330078,70.43629455566406,"КГУ ""Средняя школа имени Мынатай Кыстаубайулы"""
43.02988052368164,71.52027130126953,"КГУ ""Школа-гимназия имени Н.Киикбаева"""
42.692901611328125,70.46871185302734,"КГУ ""Средняя школа №21 имени Дмитрия Пахомова"""
43.04079818725586,71.1486587524414,"КГУ ""Средняя школа № 1"""
43.02703094482422,71.4903793334961,"КГУ ""Основная школа Кусак"""
42.83749771118164,75.69221496582031,"КГУ  ""Средняя школа имени Сакена Сейфуллина"""
43.95353698730469,73.57914733886719,"КГУ ""Средняя школа №2"""
42.90571594238281,73.2439193725586,"КГУ ""Общеобразовательная школа №7 имени Аманжола Тургымбаева"""
43.058284759521484,71.2389907836914,"КГУ ""Опорная школа (ресурсный центр) имени Акима Тарази"""
42.8753662109375,71.3402328491211,"КГУ ""Средняя школа № 48 имени Т. Рыскулова"""
43.449275970458984,74.62452697753906,Основная школа имени Мукагали Макатаева
43.04286193847656,73.48787689208984,"КГУ ""Начальная школа Алтын-арық"""
42.742244720458984,70.33316802978516,"КГУ ""Средняя школа № 8 имени Сугирбая Байтикова"""
43.56219482421875,69.71794128417969,"КГУ ""Школа-лицей имени Абылай хана"""
43.07667541503906,71.34165954589844,"КГУ ""Средняя школа имени Абая"""
43.67489242553711,71.14808654785156,"КГУ ""Средняя школа имени Шона Смаханулы села Саду Шакирова"""
42.899444580078125,71.4394302368164,"КГУ ""Средняя школа № 6"""
43.493370056152344,71.74734497070312,"КГУ ""Средняя школа №3"""
42.74052047729492,73.46712493896484,"КГУ ""Общеобразовательная школа №8"""
42.88964080810547,71.2735824584961,"КГУ ""Средняя школа им. Амангелды"""
42.9931526184082,71.20320892333984,"КГУ ""Средняя школа имени Жамбыла"""
42.884735107421875,71.33010864257812,"КГУ ""Школа-гимназия №49 имени Ы.Алтынсарина """
43.08360290527344,71.07376861572266,"КГУ ""Средняя школа им. Толе би"""
42.978057861328125,71.52971649169922,"КГУ ""Начальная школа Актобе"""
42.83867645263672,75.6234130859375,"КГУ ""Средняя школа имени Ильяса Жансугурова"""
43.16513442993164,74.96786499023438,"КГУ ""Основная школа №36 имени Ныгмета Сауранбаева"""
44.06700134277344,73.57555389404297,"КГУ ""Средняя школа имени О. Жандосова"""
44.867645263671875,71.2418441772461,"КГУ ""Средняя школа имени М. Ауезова"""
43.92913055419922,70.91545104980469,"КГУ ""Средняя школа имени Шокана Уалиханова села Болтирик шешен"""
42.908145904541016,71.34869384765625,"КГУ ""Школа-гимназия № 7"""
43.131717681884766,71.66761779785156,"КГУ ""Средняя школа Карасу"""
43.57416915893555,69.7421646118164,"КГУ ""Средняя школа имени Динмухамеда Кунаева"""
45.790321350097656,73.3968505859375,"КГУ ""Начальная школа Кашкантениз """
42.65750503540039,70.89120483398438,"КГУ "" Средняя школа №18 имени Малика Габдуллина"""
42.914241790771484,71.47821044921875,"КГУ ""Школа-гимназия им. Баймырзы Бесбаева"""
42.923667907714844,71.43208312988281,"КГУ ""Средняя школа имени Намазбай Акшабаева"
43.1173095703125,74.63587951660156,"КГУ ""Средняя школа №23 имени Турара Рыскулова"""
42.83498001098633,71.48912811279297,"КГУ ""Начальная школа №4"""
43.181304931640625,73.18714904785156,"КГУ ""Начальная школа №26"""
43.08514404296875,70.8790054321289,"КГУ ""Средняя школа им. Бейсенбека Тайшапулы"""
44.72247314453125,71.5374526977539,"КГУ ""Средняя школа имени К.Сатбаева с мини центром"""
42.93593978881836,71.4068374633789,"КГУ ""Средняя школа № 50 им. О.Жолдасбекова"""
43.09364318847656,75.15157318115234,"КГУ ""Основная школа имени Смагула Садуакасулы"""
44.55968475341797,72.26395416259766,"КГУ ""Средняя школа имени А.Байтурсынова"""
42.86824417114258,73.23670196533203,"КГУ ""Общеобразовательная школа-лицей  имени Мухтара Ауезова"""
43.64734649658203,71.29314422607422,"КГУ ""Средняя школа имени Барбол Токтыкожаулы"""
43.12578201293945,71.43553161621094,"КГУ ""Начальная школа Аккия"""
43.141448974609375,74.62428283691406,"КГУ ""Средняя школа имени Мухтара Ауэзова"""
42.61809158325195,70.75817108154297,"КГУ ""Средняя школа № 20 имени Жамбыла"""
42.907718658447266,72.71895599365234,"КГУ ""Школа-гимназия Кулан"""
42.847965240478516,71.44650268554688,"КГУ ""Средняя школа им. Валерия Чкалова"""
44.256446838378906,73.16500091552734,"КГУ ""Средняя школа имени Амангелды с мини центром """
42.71241760253906,71.23929595947266,"КГУ ""Средняя школа им. Турара Рыскулова"""
43.175621032714844,71.6650161743164,"КГУ ""Средняя школа имени Т. Акбозова"""
42.918853759765625,75.07695770263672,"КГУ ""Основная школа №45"""
44.451107025146484,72.36808776855469,"КГУ ""Средняя школа имени Ы.Алтынсарина"""
42.89653015136719,71.37601470947266,"КГУ ""Гимназия № 8 имени Толе би"""
43.879669189453125,70.52323913574219,"КГУ ""Средняя школа имени Абдира Сагинтаева"""
42.97893524169922,71.4652099609375,"КГУ ""Средняя школа Костюбе"""
43.0000114440918,71.10868072509766,"КГУ ""Средняя школа Бирлесу - Енбек"""
43.57182693481445,69.73429107666016,"КГУ ""Средняя школа имени Абая"""
42.88900375366211,71.3375015258789,"КГУ ""Средняя школа имени Наргозы Данаева"""
43.14088821411133,71.4078140258789,"КГУ ""Начальная школа Багара"""
42.8497428894043,70.33255767822266,"КГУ ""Средняя школа № 9 имени Абая"""
43.167213439941406,74.59387969970703,"КГУ ""Средняя школа №26 имени Жамбыла Жабаева"""
44.66896057128906,73.86217498779297,"КГУ ""Средняя школа имени В.Терешковой с мини центром"""
43.045082092285156,73.48573303222656,"КГУ ""общеобразовательная школа №11 имени Амедия Хасенова"""
42.90951919555664,72.71631622314453,"КГУ ""Школа-лицей №1"""
42.95457458496094,75.27301788330078,"КГУ ""Основная школа №11"""
42.913612365722656,71.37028503417969,"КГУ ""Средняя школа № 9"""
43.1320915222168,70.79920196533203,"КГУ ""Средняя школа им. Байгелды Кейкиева"""
43.74342727661133,74.70565795898438,"КГУ ""Основная школа имени Оралхана Бокея"""
44.28629684448242,72.80306243896484,"КГУ ""Средняя школа имени А. Толепбергенова"""
42.803131103515625,70.71768188476562,"КГУ ""Начальная школа №39 Жылыбулак"""
43.28436279296875,70.08870697021484,"КГУ ""Средняя школа Бирлестик"""
42.56734085083008,70.64397430419922,"КГУ ""Средняя школа № 4 имени Курманбека Сагындыкова"""
42.90469741821289,71.3411636352539,"КГУ ""Школа-гимназия №53 имени Каратая Турысова"""
43.74047088623047,69.92070007324219,"КГУ ""Средняя школа имени Байкадама Кашкинбаева"""
43.080780029296875,71.4515151977539,"КГУ ""Средняя школа Мырзатай"""
43.73891067504883,73.69660949707031,"КГУ ""Начальная школа Енбек"""
43.035804748535156,71.1585464477539,"КГУ ""Школа-лицей им. Юрия Гагарина"""
43.574485778808594,71.74185180664062,"КГУ ""Средняя школа имени М.Ауэзова"""
42.838401794433594,71.51902770996094,"КГУ ""Средняя школа Жасоркен"""
43.16594696044922,70.46290588378906,"КГУ ""Средняя школа имени Шокана Уалиханова"""
42.91004180908203,72.7240219116211,"КГУ ""Средняя школа имени Алихана Бокейханова"""
42.935218811035156,75.3030014038086,"КГУ ""Средняя школа №13"""
44.623233795166016,74.50088500976562,"КГУ ""Средняя школа №1"""
42.90008544921875,71.40308380126953,"КГУ ""Средняя школа № 10"""
43.61951446533203,73.76229858398438,"КГУ  ""Гимназия имени Ахмета Байтурсынулы"""
43.87312316894531,74.14141082763672,"КГУ ""Начальная школа Еспе"""
42.90234375,73.26956176757812,"КГУ ""Общеобразовательная школа №12 имени Кабылбека Сарымолдаева"""
43.529537200927734,71.74322509765625,"ГУ ""Начальная школа Учбулак"""
42.93720245361328,71.36666870117188,"КГУ ""Средняя школа № 54"""
43.78802490234375,70.94105529785156,"КГУ ""Основная школа Жанатурмыс"""
42.981266021728516,71.40333557128906,"КГУ ""Средняя школа имени  Ыбырая Алтынсарина"""
43.1801643371582,70.4605484008789,"КГУ ""Средняя школа имени Динмухамеда Ахметовича Кунаева"""
43.025421142578125,74.7196044921875,"КГУ ""Средняя школа № 3 имени Абая Кунанбаева"""
43.45032501220703,69.8829345703125,"КГУ ""Средняя школа Актогай"""
42.92279052734375,70.65817260742188,"КГУ ""Средняя школа № 28 имени Амангельды"""
43.74044418334961,69.92101287841797,"КГУ ""Опорная средняя школа (ресурсный центр) имени Балтабая Адамбаева"""
42.87677001953125,72.51506042480469,"КГУ ""Средняя школа Актоган"
44.09653854370117,71.22074890136719,"КГУ ""Основная школа имени Каримбая Кошмамбетова"""
43.697532653808594,69.67005920410156,"КГУ ""Средняя школа Кызылдикан"""
43.28369140625,74.13009643554688,КГУ «Средняя школа имени Кенена Азербаева»
43.214012145996094,73.30233001708984,"КГУ ""Общеобразовательная школа №13 имени Маншук Маметовой"""
42.81047821044922,71.43033599853516,"КГУ ""Средняя школа им. Абая"""
42.934810638427734,72.42352294921875,"КГУ ""Средняя школа имени Болтай батыра с миницентром"""
42.869598388671875,71.39974975585938,"КГУ ""Средняя школа №18"""
43.622398376464844,73.78380584716797,"КГУ ""Начальная школа имени Ильяса Жансугурова"""
43.17399215698242,70.46897888183594,"КГУ ""Школа лицей №1"""
42.9312744140625,70.8056869506836,"КГУ ""Средняя школа № 3 имени Карымбая Кошмамбетова"""
42.90736770629883,72.71524810791016,"КГУ ""Средняя школа имени Шокана Уалиханова с миницентром"""
45.44891357421875,73.64804077148438,"КГУ ""Средняя школа имени К.Касымова с мини центром"""
43.60102844238281,73.75495147705078,"КГУ ""Школа-лицей Жибек жолы"""
42.867340087890625,71.38090515136719,"КГУ ""Средняя школа № 11"""
43.91672134399414,70.09058380126953,"КГУ ""Основная школа Шагалалы"""
42.839237213134766,73.38108825683594,"КГУ ""Общеобразовательная школа №14 имени Максута Жылысбаева"""
45.12687683105469,72.66976928710938,"КГУ ""Основная школа Акбакай"""
43.69450759887695,73.7548828125,"КГУ ""Средняя школа имени Аль-Фараби"""
43.08338928222656,70.88194274902344,"КГУ ""Средняя школа имени Толеген Токтарова"""
43.029361724853516,71.208984375,"КГУ ""Средняя школа Енбек"""
43.110843658447266,72.4430923461914,"КГУ ""Средняя школа №5 с миницентром"""
42.98749923706055,71.51103973388672,"КГУ ""Опорная школа ( РО)  имени ""Газиза Байтасова"""
43.69658279418945,73.8126220703125,"КГУ ""Начальная школа Коктобе"""
42.90017318725586,71.36080932617188,"КГУ ""Школа-гимназия № 12 имени Керимбая"""
43.603485107421875,73.7667007446289,"КГУ ""Средняя школа имени Турара Рыскулова"""
42.880523681640625,71.36199188232422,"КГУ ""Средняя школа № 20"""
42.850555419921875,73.31646728515625,"КГУ ""Общеобразовательная школа №16"""
43.17840576171875,70.44480895996094,"КГУ ""Средняя школа имени Мухтара Ауезова"""
43.92299270629883,70.47270965576172,"КГУ ""Основная школа Ушарал"""
44.01377868652344,71.24272155761719,"КГУ ""Основная школа села Сейлбек имени Шона Смаханулы"""
43.35411834716797,73.58753967285156,"КГУ ""Средняя школа имени Шерхана Муртазы """
43.68104934692383,73.75247192382812,"КГУ ""Средняя школа имени Мухтара Ауезова """
44.22922134399414,73.80217742919922,"КГУ ""Средняя школа имени С.Сейфуллина с мини центром"""
42.97032928466797,72.40901184082031,"КГУ ""Средняя школа имени Ыбырая Алтынсарина"""
43.581764221191406,73.77486419677734,"КГУ ""Начальная школа Алга"""
42.895240783691406,71.3833999633789,"КГУ ""Средняя школа № 13"
44.01179885864258,71.22074890136719,"КГУ ""Начальная школа Актобе"""
43.58292770385742,73.7542495727539,"КГУ ""Средняя школа имени Гани Муратбаева"""
42.85348892211914,71.36724853515625,"КГУ ""Средняя школа № 21 им. М. Жумабаева"""
43.934181213378906,70.07785034179688,"КГУ ""Основная школа имени Токтара Аубакирова"""
43.18275833129883,70.46543884277344,"КГУ ""Средняя школа имени Сакена Сейфуллина"""
43.84604263305664,73.54176330566406,КГУ «СШ им. Каныша Сатпаева»
42.87248229980469,73.19013214111328,"КГУ ""Общеобразовательная школа-гимназия №17 имени Ивана Трубицына"""
43.83325958251953,73.9562759399414,"КГУ ""Средняя школа имени Туймебая Ашимбаева"""
42.99172592163086,72.32129669189453,"КГУ ""Средняя школа Малдыбай"""
43.69123077392578,73.63677978515625,КГУ «СШ им. Абая»
44.92420959472656,72.69397735595703,"КГУ ""Средняя школа Шыганак"""
42.99774169921875,71.34812927246094,"КГУ ""Средняя школа № 14 имени М.Макатаева"""
42.88853073120117,71.41799926757812,"КГУ ""Средняя школа № 22"""
42.73922348022461,73.46528625488281,КГУ «Школа-интернат для детей из многодетных и малообеспеченных семей»
43.618465423583984,73.74320220947266,КГУ «СШ имени Сакена Сейфулина»
43.604522705078125,73.66695404052734,"КГУ ""Средняя школа Алга"""
43.477760314941406,73.84403228759766,"КГУ ""Средняя школа имени Шокана Уалиханова"""
43.406654357910156,69.69245910644531,"КГУ ""Основная школа Ушбас"""
42.902671813964844,71.38871002197266,"КГУ ""Гимназия №1 имени Алихана Бокейханова"""
43.06822204589844,74.70401000976562,"КГУ ""Средняя школа имени Мухаммеда Хайдара Дулати"""
42.675533294677734,70.56158447265625,"КГУ ""Начальная школа № 45 Тасбастау"""
42.91372299194336,71.38897705078125,"КГУ ""Средняя школа № 23"""
42.96896743774414,72.15558624267578,"КГУ ""Средняя школа Алгабас"""
42.905914306640625,71.36497497558594,"КГУ ""Специализированная школа-интернат БІЛІМ-ИННОВАЦИЯ"" для одаренных мальчиков"""
43.607017517089844,73.76992797851562,"КГУ ""Средняя школа имени Амангельды"""
43.68703079223633,73.76549530029297,"КГУ ""Школа-гимназия имени Ермухана Бекмаханова"""
42.930301666259766,72.26879119873047,"КГУ ""Средняя школа имени Айткула Шынасилова"""
44.1490364074707,70.20188903808594,"КГУ ""Начальная школа Кокдала"""
42.86552810668945,75.28419494628906,Средняя школа имени Султанмахмута Торайгырова
42.90713882446289,71.3807144165039,"КГУ ""Средняя школа № 2"""
42.965843200683594,72.12300872802734,"КГУ ""Средняя школа Бирлес с миницентром"""
43.66640090942383,73.77027893066406,"КГУ ""Средняя школа имени Саду Шакирова"""
43.59891128540039,73.74398040771484,"КГУ ""Средняя школа имени Толе би"" г"
42.877872467041016,71.38463592529297,"КГУ ""Гимназия № 24"""
43.178890228271484,70.4620132446289,"КГУ ""Гимназия имени Ахмета Байтурсынулы"""
42.994258880615234,72.10411071777344,"КГУ ""Средняя школа Акыртобе"""
42.922550201416016,75.30253601074219,Средняя школа имени Аль-Фараби
42.899173736572266,71.38297271728516,"КГУ ""Средняя школа № 4"""
43.043182373046875,74.6975326538086,"КГУ ""Школа-гимназия № 1 имени Динмухамеда Конаева"""
43.631187438964844,73.80802154541016,КГУ  Средняя школа имени Динмухамеда Кунаева
43.6183967590332,73.76295471191406,"КГУ ""Школа-лицей № 40"""
43.83291244506836,73.77135467529297,КГУ «СШ им. Малика Габдулина»
42.901153564453125,71.38585662841797,"КГУ ""Специализированный лицей для одаренных детей управления образования акимата Жамбылской области """
42.90979766845703,71.39170837402344,"КГУ ""Школа-гимназия № 5 имени Жамбыла"""
43.18013381958008,70.4724349975586,"КГУ ""Школа лицей"""
42.892948150634766,71.33699798583984,"КГУ ""Средняя школа № 25"""
43.05951690673828,74.71260070800781,"КГУ ""Средняя школа имени Ахмета Байтурсынова"""
42.97868728637695,72.06655883789062,"КГУ ""Средняя школа имени Жамбыла"""
43.76411819458008,69.7823257446289,"КГУ ""Средняя школа имени Айтеке би """
42.92002487182617,71.37438201904297,"КГУ ""Специализированная школа-гимназия для одаренных детей имени Абая с углубленным изучением казахского языка и литературы"""
42.936790466308594,71.94499969482422,"КГУ ""Средняя школа имени Райымбека Смаилова"""
43.53703689575195,74.97435760498047,"КГУ ""Средняя школа №2 имени Михаила Ломоносова"""
43.60813903808594,73.74418640136719,КГУ «Средняя школа имени Антона Семеновича Макаренко»
43.505332946777344,71.74459838867188,"КГУ ""Школа-гимназия Сарыкемер"""
43.149131774902344,70.59769439697266,"КГУ ""Средняя школа имени Койгельды"""
43.54689407348633,73.8569564819336,"КГУ ""Средняя школа имени Домалак ене"""
43.78095245361328,73.69657897949219,"КГУ ""Основная школа Жиенбет"""
43.93437576293945,70.388916015625,"КГУ ""Средняя школа Тогускен"""
42.87321472167969,71.41316223144531,"КГУ ""Средняя школа № 27 имени М. Маметовой"""
42.952030181884766,71.89530944824219,"КГУ ""Начальная школа Согети"""
43.45234680175781,73.84503173828125,"КГУ ""Средняя школа Енбекши"""
43.01232147216797,70.57352447509766,"КГУ ""Средняя школа имени Амантая Даулетбекова"""
42.90614318847656,72.68099212646484,"КГУ ""Основная школа имени Юрий Гагарина"""
43.820335388183594,74.37413787841797,"КГУ ""Средняя школа имени Миржакыпа Дулатулы отдела образования """
43.445457458496094,69.62963104248047,"КГУ ""Средняя школа имени Мухтар Ауезова"""
42.87069320678711,71.37677764892578,"КГУ ""Средняя школа № 16 имени Д.М.Карбышева"""
43.789222717285156,70.94204711914062,"КГУ ""Средняя школа имени Болтирик Алменулы"""
42.86907196044922,73.20487213134766,"КГУ ""Общеобразовательная школа-гимназия  имени  Асанбая Аскарова"""
42.82569122314453,71.32937622070312,"КГУ ""Средняя школа № 57"""
42.96110916137695,72.73060607910156,"КГУ ""Основная школа имени Токтара Аубакирова"""
43.60576629638672,73.75696563720703,"КГУ ""Средняя школа имени Абая"""
43.78464889526367,70.94950103759766,"КГУ ""Средняя школа имени Динмухамеда Ахметовича Конаева села Ойык"""
43.55545425415039,69.72410583496094,"КГУ ""Средняя школа Сарысу"""
42.86241149902344,71.39464569091797,"КГУ ""Средняя школа № 17 имени Г.Муратбаева"
42.865447998046875,73.17308044433594,"КГУ ""Аспаринская общеобразовательная школа №2"""
42.83295440673828,71.31269073486328,"КГУ ""Средняя школа №19"""
43.605186462402344,73.758544921875,"КГУ ""Средняя школа имени Ыбрая Алтынсарина"""
44.826969146728516,70.00679779052734,"КГУ ""Средняя школа имени Сакена Сейфуллина """
43.91621398925781,71.19463348388672,"КГУ ""Средняя школа Алгабас"""
42.87255096435547,73.11289978027344,"КГУ ""Общеобразовательная школа №4 Тилемис батыра"""
42.78746795654297,70.70720672607422,"КГУ ""Школа-лицей №15"""
42.84502029418945,71.34143829345703,"КГУ ""Начальная школа № 58"""
43.784324645996094,69.9263687133789,"КГУ ""Средняя школа имени Шокай датка"""
42.910526275634766,72.71439361572266,"КГУ ""Начальная школа имени Гани Муратбаева"""
42.774906158447266,73.12913513183594,"КГУ ""Акаральская общеобразовательная школа-гимназия №5"""
43.27997970581055,70.29730987548828,"КГУ ""Средняя школа имени Магжана Жумабаева"""
42.954715728759766,72.61904907226562,"КГУ ""Начальная школа Тасшолак"""
43.743011474609375,69.92969512939453,"КГУ ""Средняя школа имени Жарылкасына Отарбаева """
43.6932487487793,73.79431915283203,"КГУ  ""Средняя школа имени Жамбыла"""
42.9930419921875,73.10166931152344,"КГУ ""Общеобразовательная школа №3"""
45.003177642822266,70.32205200195312,"КГУ ""СШ Жайлауколь"""
43.08003616333008,71.42719268798828,"КГУ ""Средняя школа Енбек"""
43.2496223449707,73.46109771728516,"КГУ ""Общеобразовательная школа №15 имени Жаугаш батыра"""
42.861427307128906,73.47630310058594,"КГУ ""Начальная школа №25"""
43.256805419921875,74.02969360351562,КГУ «СШ им. Жусипа Баласагуни»
42.969139099121094,72.08402252197266,"КГУ ""Начальная школа Кокарык"""
43.336856842041016,69.5712890625,"КГУ ""Средняя школа Арыстанды"""
43.94655990600586,70.69425201416016,"КГУ ""Средняя школа имени Жамбыла"""
43.72661590576172,69.935302734375,"КГУ ""Средняя школа имени Ыбырайыма Сулейменова"""
45.04170608520508,64.98628997802734,"Коммунальное государственное учреждение ""Школа -лицей №36 имени Абдильды Тажибаева""отдела образования по Сырдарьинскому району Управления образования Кызылординской области"""
45.61179733276367,63.275787353515625,"Коммунальное государственное учреждение ""Средняя школа №99"" отдела образования по Кармакшинскому району Управления образования Кызылординской области"""
45.634849548339844,61.76815414428711,Средняя школа N 25
45.623634338378906,63.3062858581543,"Коммунальное государственное учреждение ""Средняя школа №273"" отдела образования по Кармакшинскому району Управления образования Кызылординской области"""
45.485435485839844,64.08548736572266,"Коммунальное государственное учреждение ""Средняя школа №274"" отдела образования по Кармакшинскому району Управления образования"
43.647560119628906,67.52786254882812,Коммунальное государственное учреждение «Средняя общеобразовательная школа №254» отдела образования по Жанакорганскому району управления образования Кызылординской области»
44.88987731933594,64.97174835205078,"Коммунальное государственное учреждение ""Школа-лицей №37"" отдела образования по Сырдарьинскому району Управления образования Кызылординской области"""
45.363059997558594,64.12411499023438,"Коммунальное государственное учреждение ""Средняя школа №106"" отдела образования по Кармакшинскому району Управления образования Кызылординской области"""
45.61968231201172,63.30118179321289,"Коммунальное государственное учреждение ""Средняя школа №275"" отдела образования по Кармакшинскому району Управления образования Кызылординской области"""
43.8929328918457,66.9813461303711,"«Коммунальное государственное учреждение ""Основная средняя школа №255» отдела образования по Жанакорганскому району управления образования Кызылординской области»"
45.26835250854492,64.21417236328125,"Коммунальное государственное учреждение ""Средняя школа №107"" отдела образования по Кармакшинскому району Управления образования Кызылординской области"""
45.06398391723633,64.9014663696289,"Коммунальное государственное учреждение ""Школа-лицей №42 имени К.Баймаганбетова"" отдела образования по Сырдарьинскому району Управления образования Кызылординской области"""
45.61884689331055,63.2857666015625,"КГУ  ""Школа-лицей №277"""
44.841888427734375,65.48687744140625,Коммунальное государственное учреждение «Школа-гимназия №1 имени Калтая Мухамеджанова» отдела образования по городу Кызылорда управления образования Кызылординской области»
44.77170181274414,65.18962860107422,"Коммунальное государственное учреждение ""Средняя школа №44"" отдела образования по Сырдарьинскому району Управления образования Кызылординской области"""
45.19010543823242,64.13277435302734,"Коммунальное государственное учреждение ""Средняя школа №108"" отдела образования по Кармакшинскому району Управления образования Кызылординской области"""
44.80756759643555,65.53977966308594,Коммунальное государственное учреждение отдела образования по городу Кызылорда управления образования Кызылординской области «Школа имени Абая со специализированными классами для одаренных детей с обучением на трех языках»
45.06618118286133,64.89401245117188,"Коммунальное государственное учреждение ""Средная школа №126"" отдела образования по Сырдарьинскому району Управления образования Кызылординской области"""
45.149227142333984,64.15116119384766,"Коммунальное государственное учреждение ""Средняя школа №109"" отдела образования по Кармакшинскому району Управления образования Кызылординской области"""
44.83576965332031,65.1177978515625,"Коммунальное государственное учреждение ""Школа -лицей №129 имени А.Жамишева"" Отдела образования по Сырдарьинскому району Управления образования Кызылординской области"""
44.84566116333008,65.5057373046875,Коммунальное государственное учреждение «Школа-лицей информационных технологий №3 имени С.Толыбекова  (ІТ –школа-лицей)» отдела образования по городу Кызылорда управления образования Кызылординской области»
45.017242431640625,63.82600784301758,"Коммунальное государственное учреждение ""Средняя школа №111"" отдела образования по Кармакшинскому району управления образования Кызылординской области"""
45.612037658691406,63.27581787109375,"Коммунальное государственное учреждение ""Средняя школа №279 имени Елеу Кушербаева"" отдела образования по Кармакшинскому району Управления образования Кызылординской области"""
45.38573455810547,64.26781463623047,"Коммунального государственного учреждения ""Средняя школа Қаракөл №113"" отдела образования по Кармакшискому району Управления образования Кызылординской области"""
44.83378219604492,65.50629425048828,Коммунальное государственное учреждение «Школа-лицей информационных технологий № 4 имени С. Сейфуллина» (ІТ- школа – лицей)» отдела образования по городу Кызылорда управления образования Кызылординской области
44.85559844970703,65.35652160644531,"Коммунальное государственное учреждение ""Средняя школа №130 имени Абая"" отдела образования по Сырдарьинскому району Управления образования Кызылординской области"""
44.83987045288086,63.196006774902344,"Коммунальное государственное учреждение ""Средняя школа №185"" отдела образования по Кармакшинскому району управления образования Кызылординской области"""
45.05244445800781,64.9692153930664,"Коммунальное государственное учреждение ""Средняя школа №131 имени Талгат Козыбаева"" отдела образования по Сырдарьинскому району Управления образования Кызылординской области"""
45.79366683959961,62.30472946166992,Средняя школа №92 имени К.Кулетова
44.79511642456055,63.41267776489258,"Коммунальное государственное учреждение ""Средняя школа №186"" отдела образования по Кармакшискому району управления образования Кызылординской области"""
44.84622573852539,65.49442291259766,Коммунальное государственное учреждение “Школа-лицей №5 имени И.В. Панфилова” отдела образования по городу Кызылорда управления образования Кызылординской области
45.527557373046875,63.80073165893555,"Коммунальное государственное учреждение ""Средняя школа №199"" отдела образования по Кармакшинскому району Управления образования Кызылординской области"""
43.82961654663086,67.48992156982422,Коммунальное государственное учреждение «Средняя школа №180» отдела образования по Жанакорганскому району управления образования Кызылординской области»
44.909263610839844,65.10094451904297,"Коммунальное государственное учреждение ""Средняя школа №132 имени Т.Айтбаев"" отдела образования по Сырдарьинскому району Управления образования Кызылординской области"""
45.76577377319336,62.09855270385742,Средняя школа № 100
43.35494613647461,67.57422637939453,Коммунальное государственное учреждение «Средняя школа № 229» отдела образования по Жанакорганскому району управления образования Кызылординской области»
46.2646598815918,60.09607696533203,Коммунальное государственное учреждение «Средняя школа №22» отдела образования по Аральскому району управления образования Кызылординской области»
45.315555572509766,64.34638977050781,"Коммунальное государственное учреждение ""Основная школа №79"" отдела образования по Кармакшинскому району Управления образования Кызылординской области"""
43.79923629760742,67.1235580444336,Коммунальное государственное учреждение «Средняя школа № 213» отдела образования по Жанакорганскому району управления образования Кызылординской области»
45.854976654052734,62.159912109375,Средняя школа № 204 имени Ы.Алтынсарина
44.13674545288086,66.9769287109375,Коммунальное государственное учреждение «Основная средняя школа №242» отдела образования по Жанакорганскому району управления образования Кызылординской области»
45.079097747802734,64.68363952636719,КГУ «Школа-гимназия №31»
45.841346740722656,62.1473388671875,Средняя школа № 216 имени К.Сатбаева
46.7861328125,60.50556945800781,Коммунальное государственное учреждение «Основная школа №237» отдела образования по Аральскому району управления образования Кызылординской области»
43.596336364746094,52.11030960083008,"Коммунальное государственное учреждение ""Общеобразовательная школа №4"" Отдела образования по Каракиянскому району Управления образования Мангистауской области"
43.658058166503906,51.215633392333984,"КГУ ""Общеобразовательная школа №7"""
45.264915466308594,55.17682647705078,"КГУ ""Общеобразовательная школа Бейнеу"""
43.66695022583008,51.14128494262695,"Коммунальное государственное учреждение ""Специализированный IT лицей"" Отдела образования по городу Актау Управления образования Мангистауской области"
43.86381149291992,51.030433654785156,"КГУ ""Школа-гимназия Сайна Шапагатова"""
44.829341888427734,65.52007293701172,"КГУ ""Областная специальная санаторная школа-интернат № 8"" управления образования Кызылординской области"""
44.76222229003906,64.03614044189453,КГУ «Средняя школа №188»
46.406982421875,61.87350845336914,Коммунальное государственное учреждение «Средняя школа №263» отдела образования по Аральскому району управления образования Кызылординской области»
46.096099853515625,61.91861343383789,Коммунальное государственное учреждение «Основная школа №265» отдела образования по Аральскому району управления образования Кызылординской области»
45.84105682373047,62.1456413269043,Школа-гимназия № 226 имени Б.К.Мергенбаева
45.0836067199707,64.66622161865234,КГУ «Школа-лицей  №201 имени аль-Фараби»
46.844879150390625,61.610877990722656,Коммунальное государственное учреждение «Начальная школа Жалгызагым» отдела образования по Аральскому району управления образования Кызылординской области»
45.841896057128906,62.13426971435547,Средняя школа № 234 имени Ж.Жабаева
45.620059967041016,63.32514572143555,"Коммунальное государственное учреждение ""Средняя школа № 272"" отдела образования по Кармакшинскому району Управления образования Кызылординской области"""
44.86628341674805,64.40023040771484,КГУ«Школа-лицей  №32 имени Илияса Кабылова»
45.82733154296875,62.137237548828125,Школа-лицей № 249 имени Е.Бозгулова
45.06850051879883,64.67359924316406,КГУ «Средняя школа №202 имени Зейноллы Жаркынбаева»
44.78596496582031,65.52091979980469,№10 БИЛ
44.98878479003906,64.60208892822266,КГУ «Средняя школа №33»
44.50391387939453,50.25468063354492,"КГУ ""Специализированная Форт-Шевченковская школа-интернат с углубленным изучением отдельных предметов"""
43.460105895996094,52.0947151184082,"КГУ ""Общеобразовательная школа №5"""
45.322021484375,55.18503189086914,"КГУ ""Бейнеуский лицей"""
45.84869384765625,62.16051483154297,Средняя школа № 70 имени Жанкожа батыра
44.6866455078125,64.71944427490234,КГУ «Средняя школа №203»
44.125389099121094,52.15202331542969,КГУ «Школа-лицей №7»
44.80365753173828,64.62673950195312,КГУ «Средняя школа №124»
43.69520568847656,51.33151626586914,"КГУ ""Қызылтөбе лицейі"""
46.7991943359375,61.66362762451172,"Коммунальное государственное учреждение ""Средняя школа №13 имени Т.Г.Шевченко"" отдела образования по Аральскому району управления образования Кызылординской области"""
43.63701629638672,51.181396484375,"Коммунально государственное учреждение ""Общеобразовательная школа №2"" Отдела образования по городу Актау Управления образования Мангистауской области"
45.278560638427734,55.18044662475586,"КГУ ""Общеобразовательная школа Атамекен"""
43.18184280395508,51.679595947265625,"КГУ ""Общеобразовательная школа № 6"""
43.177188873291016,51.673004150390625,"КГУ ""Областная санаторная школа-интернат"""
44.26761245727539,66.30914306640625,"Коммунальное государственное учреждение ""Начальная школа ""Жуантобе"" отдела образования по Шиелийскому району Управления образования Кызылординской области"""
43.77882766723633,51.0704460144043,"КГУ ""Школа-гимназия имени Маршала Абдыхалыкова"""
45.8487434387207,62.15921401977539,Школа-лицей №266
44.896907806396484,64.57502746582031,КГУ «Средняя школа №232 имени Мардана Байдилдаева»
46.796043395996094,61.65907287597656,Коммунальное государственное учреждение «Школа-лицей № 14 имени Н.К.Крупской» отдела образования по Аральскому району управления образования Кызылординской области»
44.905799865722656,65.34573364257812,Коммунальное государственное учреждение«Средняя школа №215» отдела образования по городу Кызылорда управления образования Кызылординской области»
43.097816467285156,53.588417053222656,"КГУ ""Общеобразовательная школа №7"""
45.28948974609375,55.19401168823242,"КГУ ""Общеобразовательная школа Манашы"""
43.63337707519531,51.17899703979492,"Коммунальное государственное учреждение ""Общеобразовательная средняя школа №3"" Актауского городского отдела образования"
45.46601104736328,55.066829681396484,"КГУ ""Общеобразовательная школа имени А.Жанкелдина"""
43.67887496948242,51.28208923339844,"КГУ""Общеобразовательная школа №11"""
44.76993179321289,65.56591796875,Коммунальное государственное учреждение «Средняя школа №257» отдела образования по городу Кызылорда управления образования Кызылординской области
43.34089279174805,52.88445281982422,"КГУ ""Общеобразовательная школа № 15"""
45.78357696533203,61.58149337768555,Средняя школа № 24 имени Урмаша Туктибаева
44.298316955566406,51.40230178833008,"КГУ ""Общеобразовательная школа Шахта"""
46.19572448730469,54.46366500854492,"КГУ ""Общеобразовательная школа Боранкул"""
45.32064437866211,55.19489669799805,"КГУ ""Общеобразовательная школа имени Абая"""
43.3114128112793,52.84762954711914,"КГУ ""Общеобразовательная школа № 14"""
45.07680130004883,64.6756591796875,КГУ «Средняя школа №246 имени Шекера Ермаганбетова»
43.663551330566406,51.14491653442383,"Коммунальное государственное учреждение ""Общеобразовательная школа №21"" Отдела образования по городу Актау Управления образования Мангистауская области"
45.46531295776367,55.06618881225586,"КГУ ""Школа - интернат ""Бейнеу"""
45.03825378417969,55.75209045410156,"КГУ ""Общеобразовательная школа имени М.Бегенова"""
45.032413482666016,55.74430847167969,"КГУ ""Общеобразовательная школа Акжигит"""
45.73226547241211,62.11613464355469,Средняя школа N 90 имени Абая
44.84660339355469,65.52103424072266,Коммунальное государственное учреждение «Школа-лицей информационных технологий №217 имени Б.Шалгынбаева» отдела образования по городу Кызылорда управления образования Кызылординской области» (ІТ-школа-лицей
43.64516067504883,51.17503356933594,"Коммунальное государственное учреждение ""Школа-гимназия № 22 имени C. Кондыбая"" Отдела образования по городу Актау Управления образования Мангистауской области"
43.763099670410156,51.30525588989258,"КГУ""Общеобразовательная школа №3"""
43.633426666259766,51.165016174316406,"Коммунальное государственное учреждение ""Общеобразовательная школа №5 имени Нұртас Оңдасынова"" Отдела образования по городу Актау Управления образования Мангистауской области"
44.141029357910156,52.147186279296875,"КГУ ""Общеобразовательная школа имени Алшына Мендалыулы"""
43.9093132019043,67.25975036621094,Коммунальное государственное учреждение «Средняя школа №125 имени С.Сапарбекова» отдела образования по Жанакорганскому району управления образов
43.77845764160156,51.06682586669922,"КГУ ""Акшукурская школа-лицей"""
44.87122344970703,65.52536010742188,"Коммунальное государственное учреждение ""Средняя школа № 261 имени Серали Лапина"" отдела образования по городу Кызылорда управления образования Кызылординской области"""
43.179595947265625,51.680625915527344,КГУ «Общеобразовательная школа № 1»
43.34523010253906,52.86181640625,"КГУ ""Начальная школа № 16"""
43.34296417236328,52.862125396728516,"КГУ ""Общеобразовательная школа № 1 имени Толесина Алиева"""
43.66440200805664,51.17149353027344,"Коммунальное государственное учреждение ""Общеобразовательная школа №23"" Отдела образования по городу Актау Управления образования Мангистауской области"
45.2963981628418,55.2014045715332,"КГУ ""Общеобразовательная школа Сам"""
45.23942947387695,55.86983108520508,"КГУ ""Комплекс ""школа - ясли - сад ""Сам"""
43.67505645751953,51.3492546081543,"КГУ ""Школа-гимназия №13"""
43.63292694091797,51.38613510131836,"КГУ ""Общеобразовательная школа №10"""
43.70266342163086,51.32692337036133,"КГУ ""Общеобразовательная школа №4"""
44.885528564453125,52.200347900390625,"КГУ ""Общеобразовательная школа Каратобе"""
44.78615951538086,65.5204086303711,"Областной лицей-интернат Білім-инновация"" для одаренных детей №9 имени Сеилбека Шаухаманова"""
43.6416015625,51.16581344604492,"Коммунальное государственное учреждение ""Общеобразовательная школа №6"" Отдела образования по городу Актау Управления образования Мангистауской области"
43.65164566040039,67.60960388183594,Коммунальное государственное учреждение «Средняя школа №160» отдела образования по Жанакорганскому району управления образования Кызылординской области»
43.331520080566406,52.84675216674805,"КГУ ""Школа-лицей № 24"""
44.891685485839844,55.97282028198242,"КГУ ""Комплекс ""школа - ясли - сад ""Тажен"""
46.21650695800781,54.45450973510742,"КГУ ""Общеобразовательная школа Каракум"""
45.04762649536133,64.98381042480469,"Коммунальное государственное учреждение ""Школа -лицей №35 имени Исы Токтыбаева"" отдела образования по Сырдарьинскому району Управления образования Кызылординской области"""
44.85731887817383,65.35760498046875,Коммунальное государственное учреждение «Средняя школа №218» отдела образования по городу Кызылорда управления образования Кызылординской области»
45.823307037353516,62.0723991394043,Средняя школа №91 имени Г.Муратбаева
44.89264678955078,65.56534576416016,"Коммунальное государственное учреждение ""Основная школа №280"" отдела образования по городу Кызылорда управления образования Кызылординской области"""
43.31718063354492,52.831932067871094,"КГУ ""Общеобразовательная школа № 17"""
44.141719818115234,52.121368408203125,КГУ «Общеобразовательная школа имени Нун Жубаева»
43.350830078125,52.89915466308594,"КГУ ""Общеобразовательная школа № 22"""
43.80326461791992,67.65801239013672,Коммунальное государственное учреждение «Средняя школа №161» отдела образования по Жанакорганскому району управления образования Кызылординской области»
44.8210563659668,65.5168228149414,Коммунальное государственное учреждение «Средняя школа №140 имени Абылайхана» отдела образования по городу Кызылорда Управления образования Кызылординской области
44.857059478759766,65.54727172851562,Коммунальное государственное учреждение «Средняя школа №271 имени Байузак Ермекбаева» отдела образования по городу Кызылорда управления образования Кызылординской области»
46.07349395751953,61.7401123046875,КГУ «Средняя школа №72»
44.7880859375,65.51934814453125,Коммунальное государственное учреждение «Школа-лицей №264 имени Такея Есетова» отдела образования по городу Кызылорда управления образования Кызылординской области
43.688995361328125,51.30234146118164,"КГУ ""Общеобразовательная школа №5 имени Шогы Муналулы"""
44.874786376953125,65.49397277832031,КОММУНАЛЬНОЕ ГОСУДАРСТВЕННОЕ УЧРЕЖДЕНИЕ «СРЕДНЯЯ ШКОЛА № 222 ИМЕНИ Т.РЫСКУЛОВА» ОТДЕЛА ОБРАЗОВАНИЯ ПО ГОРОДУ КЫЗЫЛОРДА УПРАВЛЕНИЯ ОБРАЗОВАНИЯ КЫЗЫЛОРДИНСКОЙ ОБЛАСТИ
44.77076721191406,65.53897857666016,"КГУ ""Областная специализированная школа-лицей-интернат № 4 имени Еркина Ауельбекова"" управления образования Кызылординской области"""
46.21028518676758,54.46848678588867,"КГУ ""Общеобразовательная школа Опорный"""
45.30563735961914,55.169620513916016,"КГУ ""Общеобразовательная школа Куйкен"""
45.75991439819336,61.81595230102539,Средняя школа №94
44.887725830078125,52.67841339111328,"КГУ ""Общеобразовательная школа имени А.Жангелдина"""
44.13353729248047,51.939971923828125,"КГУ ""Комплекс школа-ясли-сад Тущыбек"""
43.64866256713867,51.1535530090332,"Коммунальное государственное учреждение ""Лицей № 11"" Отдела образования по городу Актау Управления образования Мангистауской области."
43.639705657958984,51.160438537597656,"Коммунальное государственное учреждение ""Школа-лицей №7 имени Н.Марабаева"" Отдела образования по городу Актау Управления образования Мангистауской области"
45.447879791259766,56.10472106933594,"КГУ ""Комплекс ""школа - ясли - сад ""Турыш"""
43.65031433105469,51.14479064941406,"Коммунальное государственное учреждение ""Общеобразовательная школа №1"" Отдела образования по городу Актау Управления образования Мангистауской области"
44.067848205566406,67.0262222290039,Коммунальное государственное учреждение «Средняя школа №162» отдела образования по Жанакорганскому району управления образования Кызылординской области»
43.340675354003906,52.89588165283203,"КГУ ""Общеобразовательная школа № 18"""
43.3139533996582,52.93264389038086,"КГУ ""Общеобразовательная школа № 23"""
43.65678024291992,51.19677734375,"КГУ ""Общеобразовательная школа №12"""
43.67872619628906,51.35179901123047,"КГУ ""Общеобразовательная школа №6"""
43.59426498413086,52.11045837402344,"КГУ ""Общеобразовательная школа №3"""
44.8324089050293,54.54606628417969,"КГУ ""Комплекс ""школа - ясли - сад имени А.Махутова"""
44.794158935546875,65.5168228149414,"Коммунальное государственное учреждение ""Школа-лицей информационных технологий №278  имени Байзака Момынбаева"" отдела образования по городу Кызылорда управления образования Кызылординской области (IT-школа лицей)"""
46.10768127441406,61.549766540527344,Коммунальное государственное учреждение «Средняя школа №73» отдела образования по Аральскому району управления образования Кызылординской области»
44.24216842651367,66.57736206054688,"Коммунальное государственное учреждение ""Начальная школа ""Лесхоз"" отдела образования по Шиелийскому району Управления образования Кызылординской области"""
43.65491485595703,51.143226623535156,"Коммунальное государственное учреждение ""Школа-гимназия №15 имени Ибаш Жанболатовой"" Отдела образования по городу Актау Управления образования Мангистауской области"
44.94679260253906,65.54837036132812,Коммунальное государственное учреждение «Средняя школа №143» отдела образования по городу Кызылорда Управления образования Кызылординской области
43.64728927612305,51.16459655761719,"Коммунальное государственное учреждение ""Общеобразовательная школа №8 Исатая Сүйеубаева"" Отдела образования по городу Актау Управления образования Мангистауской области"
43.33122253417969,52.847816467285156,"КГУ ""Общеобразовательная школа № 19 имени Абая Кунанбаева"""
44.81983947753906,65.52120971679688,Коммунальное государственное учереждение «Средняя школа №233 имени Ж.Нурсейтова» отдела образования по городу Кызылорда управления образования Кызылординской области»
43.60134506225586,51.239784240722656,"Коммунальное государственное учреждение ""Умирзакская общеобразовательная школа №27"" Отдела образования по городу Актау Управления образования Мангистауской области"
44.1451530456543,52.12616729736328,КГУ «Шетпинский лицей»
45.507484436035156,64.10254669189453,"Коммунальное государственное учреждение ""Средняя школа №183 имени У.К.Томанова"" отдела образования по Кармакшинскому району Управления образования Кызылординской области"""
43.91578674316406,67.25093078613281,Коммунальное государственное учреждение «Средняя школа №163» отдела образования по Жанакорганскому району управления образования Кызылординской области»
44.85697555541992,65.49147033691406,КОММУНАЛЬНОЕ ГОСУДАРСТВЕННОЕ УЧРЕЖДЕНИЕ «СРЕДНЯЯ ШКОЛА №120 ИМЕНИ ЖАМБЫЛА» КЫЗЫЛОРДИНСКОГО ГОРОДСКОГО ОТДЕЛА ОБРАЗОВАНИЯ
45.320518493652344,55.186222076416016,"КГУ ""Общеобразовательная школа имени Жумагали Калдыгараева"""
43.58781051635742,52.10566329956055,"Коммунальное государственное учреждение ""Общеобразовательная школа №8"" Отдела образования по Каракиянскому району Управления образования Мангистауской области"
43.29279708862305,53.01276397705078,"КГУ ""Куландинская общеобразовательная школа"" Отдела образования по Каракиянскому району Управления образования Мангистауской области"
44.82132339477539,52.835140228271484,"КГУ ""Общеобразовательная школа имени Тобанияза"" Отдела образования по Мангистаускому району Управления образования Мангистауской области"
43.324989318847656,52.9261589050293,"КГУ ""Общеобразовательная школа № 9"""
43.65455627441406,51.20555877685547,"Коммунальное государственное учреждение ""Общеобразовательная школа №16 имени Саламата Мукашева"" Отдела образования по городу Актау Управления образования Мангистауской области"
43.672607421875,51.172306060791016,"Коммунальное государственное учреждение ""Общеобразовательная школа №28"" Отдела образования по городу Актау Управления образования Мангистауской области"
43.642547607421875,51.1574821472168,"Коммунальное государственное учреждение ""Общеобразовательная школа №9"" Отдела образования по городу Актау Управления образования Мангистауской области"
43.352699279785156,52.84821701049805,"КГУ ""Общеобразовательная школа № 20"""
44.224761962890625,66.73582458496094,"Коммунальное государственное учреждение ""Средняя школа №205"" отдела образования по Шиелийскому району Управления образования Кызылординской области"""
44.290077209472656,66.4273681640625,"Коммунальное государственное учреждение ""Средняя школа №152"" отдела образования по Шиелийскому району Управления образования Кызылординской области"
44.09800338745117,53.18498611450195,"КГУ ""Начальная школа Боздак"""
43.68951416015625,51.17520523071289,Областная специализированная школа-интернат для одаренных детей с углубленным изучением различных предметов
45.30763244628906,55.182037353515625,"КГУ ""Общеобразовательная школа Устюрт"""
43.83464431762695,51.039451599121094,"КГУ ""Школа-лицей № 1 имени Губайдоллы Айдарова"""
44.14189147949219,52.16603088378906,КГУ «Общеобразовательная школа имени Берекета Жумалиева»
46.01663589477539,61.31661605834961,Коммунальное государственное учреждение «Средняя школа №74» отдела образования по Аральскому району управления образования Кызылординской области»
44.89424514770508,65.48054504394531,Коммунальное государственное учреждение «Средняя школа №144 имени Сактапбергена Алжикова» отдела образования по городу Кызылорда Управления образования Кызылординской области
43.9847526550293,66.72118377685547,"Коммунальное государственное учреждение ""Начальная школа ""Актам"" отдела образования по Шиелийскому району Управления образования Кызылординской области"""
44.835227966308594,65.53208923339844,"Коммунальное государственное учреждение ""Средняя школа №235 имени К.Каракозова"" отдела образования по городу Кызылорда управления образования Кызылординской области"
43.466583251953125,67.45865631103516,Коммунальное государственное учреждение «Средняя школа №192» отдела образования по Жанакорганскому району управления образования Кызылординской области»
44.76600646972656,65.5467529296875,Коммунальное государственное учреждение «Средняя школа № 176» отдела образования по городу Кызылорда управления образования Кызылординской области»
44.83222198486328,65.51233673095703,"Коммунальное государственное учреждение ""Основная школа № 128"" отдела образования по городу Кызылорда управления образования Кызылординской области"""
45.491065979003906,64.09452056884766,"Коммунальное государственное учреждение ""Школа-лицей №250 имени Таимбета Комекбаева отдела образования по Кармакшинскому району управления образования Кызылординской области"""
44.449493408203125,66.25404357910156,"Коммунальное государственное учреждение ""Средняя школа №153 имени Ш.Есенова"" отдела образования по Шиелийскому району Управления образования Кызылординской области"""
45.31923294067383,55.1895751953125,"КГУ ""Бейнеуская гимназия"""
44.24655532836914,66.7976303100586,"Коммунальное государственное учреждение ""Средняя школа №206 “Жиделиарык"" отдела образования по Шиелийскому району Управления образования Кызылординской области"""
43.337623596191406,52.845462799072266,"КГУ ""Общеобразовательная школа № 10"""
43.89215087890625,67.24859619140625,Коммунальное государственное учреждение «Общеобразовательная школа-интернат №3» отдела образования по Жанакорганскому району управления образования Кызылординской области»
45.08242416381836,64.08613586425781,"Коммунальное государственное учреждение ""Средняя школа №28"" отдела образования по Кармакшинскому району Управления образования Кызылординской области"""
44.200191497802734,51.702396392822266,КГУ «Школа-интернат имени Саду Нурниязулы» Отдела образования по Мангистаускому району Управления образования Мангистауской области
43.32374572753906,52.903377532958984,"КГУ ""Общеобразовательная школа № 21"""
43.68087387084961,51.15842056274414,"КГУ ""Лицей-интернат ""Білім-инновация"""
43.19879150390625,51.729801177978516,"КГУ ""Общеобразовательная школа №11"""
44.47473907470703,54.249691009521484,КГУ «Начальная школа Беки» Отдела образования по Мангистаускому району Управления образования Мангистауской области
44.13222122192383,52.17195129394531,КГУ «Общеобразовательная школа №6 имени Мекерия Атымова»
43.666526794433594,51.14194107055664,"Коммунальное государственное учреждение ""Общеобразовательная школа №17"" Отдела образования по городу Актау Управления образования Мангистауской области"
43.88638687133789,66.90127563476562,Коммунальное государственное учреждение «Средняя школа №193» отдела образования по Жанакорганскому району управления образования Кызылординской области»
44.851722717285156,65.46992492675781,Коммунальное государственное учреждение «Школа-лицей №136 имени Темирбека Жургенова » отдела образования по городу Кызылорда управления образования Кызылординской области
44.85361099243164,65.50972747802734,Коммунальное государственное учреждение «Средняя школа № 178» отдела образования по городу Кызылорда управления образования Кызылординской области»
44.76546096801758,65.74679565429688,"Коммунальное государственное учреждение ""Средняя школа №145 ""Бирказан"" отдела образования по городу Кызылорда управления образования Кызылординской области"""
45.857608795166016,62.1738166809082,Средняя школа № 276
44.86711120605469,65.50106048583984,Коммунальное государственного учреждения «Средняя школа №253» отдела образования по городу Кызылорда управления образования Кызылординской области
43.4473762512207,53.03950500488281,"КГУ ""Общеобразовательная школа № 4 имени Сугира Бегендикулы"""
46.070247650146484,61.08816909790039,Коммунальное государственное учреждение «Средняя школа №75» отдела образования по Аральскому району управления образования Кызылординской области»
43.67173385620117,51.16513442993164,"Коммунальное государственное учреждение ""Общеобразовательная школа №20 имени Мухтара Ауэзова"" Отдела образования по городу Актау Управления образования Мангистауской области"
43.65559005737305,51.153663635253906,"Коммунальное государственное учреждение ""Общеобразовательная школа №10"" Отдела образования по городу Актау Управления образования Мангистауской области"
43.896507263183594,67.2383804321289,Коммунальное государственное учреждение «Средняя школа №51 имени М.Каратаева» отдела образования по Жанакорганскому району управления образования Кызылординской области»
44.14671325683594,52.21729278564453,"КГУ ""Начальная школа №5"""
45.325008392333984,55.186153411865234,"КГУ ""Общеобразовательная школа имени Ы.Алтынсарина"""
43.34821319580078,52.86829376220703,"КГУ ""Общеобразовательная школа № 2"""
43.3411865234375,52.86270523071289,"КГУ ""Общеобразовательная школа № 6"""
45.06687927246094,64.42183685302734,КГУ «Средняя школа №118»
43.34955596923828,52.86847686767578,"КГУ ""Начальная школа № 12"""
45.07761001586914,63.93619155883789,"Коммунальное государственное учреждение ""Средняя школа № 29 имени Т.Изтилеуова"" отдела образования по Кармакшинскому району Управления образования Кызылординской области"""
44.13681411743164,66.97699737548828,Коммунальное государственное учреждение «Средняя школа №194» отдела образования по Жанакорганскому району управления образования Кызылординской области»
44.144954681396484,66.70101165771484,"Коммунальное государственное учреждение ""Средняя школа №207"" Жанатурмыс"" отдела образования по Шиелийскому району Управления образования Кызылординской области"""
43.326255798339844,52.84624099731445,"КГУ ""Школа-гимназия №5"""
43.74445724487305,67.24076843261719,Коммунальное государственное учреждение «Средняя школа № 224» отдела образования по Жанакорганскому району управления образования Кызылординской области»
44.83785629272461,65.51256561279297,Коммунальное государственное учреждение «Средняя школа №171 имени Гани Муратбаева» отдела образования по городу Кызылорда управления образования Кызылординский области
44.2037467956543,51.693912506103516,КГУ «Общеобразовательная школа имени Е.Айшуакулы» Отдела образования по Мангистаускому району Управления образования Мангистауской области
44.946807861328125,65.54854583740234,"Коммунальное государственное учреждение «Средняя школа № 138 имени Абая"" отдела образования по городу Кызылорда управления образования Кызылординской области»"
44.238773345947266,66.6547622680664,"Коммунальное государственное учреждение ""Средняя школа №155 имени Д.Шыныбекова"" отдела образования по Шиелийскому району Управления образования Кызылординской области"""
44.901309967041016,65.52106475830078,"Коммунальное государственное учреждение ""Средняя школа № 179 имени А.Хангелдина"" отдела образования по городу Кызылорда управления образования Кызылординской области"""
43.646385192871094,51.1489143371582,"Коммунальное государственное учреждение ""Общеобразовательная школа №12"" Отдела образования по городу Актау Управления образования Мангистауской области"
47.10848617553711,63.257389068603516,Коммунальное государственное учреждение «Средняя школа №230» отдела образования по Аральскому району управления образования Кызылординской области»
42.96575927734375,54.09606170654297,"КГУ ""Aккудукская основная школа"""
44.98217010498047,53.58129119873047,"КГУ ""Общеобразовательная школа Жармыш"""
44.34181213378906,66.51895141601562,"Коммунальное государственное учреждение ""Средняя школа №50 имени Абая"" отдела образования по Шиелийскому району Управления образования Кызылординской области"""
44.87952423095703,64.28429412841797,КГУ «Средняя школа №117 имени Абдикарима Оналбаева»
44.05841827392578,67.06333923339844,Коммунальное государственное учреждение «Средняя школа №52 имени Б.Аралбаева» отдела образования по Жанакорганскому району управления образования Кызылординской области»
43.3239860534668,52.854366302490234,"КГУ ""Школа-лицей Дарын № 13"""
43.3452262878418,52.85940933227539,"КГУ ""Общеобразовательная школа № 3"""
44.53996276855469,50.253822326660156,"КГУ ""Школа-гимназия имени Жалау Мынбаева"""
44.772212982177734,51.9767951965332,"КГУ ""Общеобразовательная школа имени С.Жангабылова"""
44.03956604003906,67.27013397216797,Коммунальное государственное учреждение «Школа-гимназия № 195» отдела образования по Жанакорганскому району управления образования Кызылординской области»
44.50559997558594,50.25689697265625,"КГУ ""Общеобразовательная школа имени Е.Омирбаева"""
46.09611892700195,59.51655197143555,Коммунальное государственное учреждение «Средняя школа №77» отдела образования по Аральскому району управления образования Кызылординской области»
44.88081741333008,64.23893737792969,КГУ «Средняя школа №119»
43.662776947021484,51.150901794433594,"Коммунальное государственное учреждение ""№13 гимназия"" Актауский отдел образования Управления образования Мангистауской область"
43.681556701660156,67.79043579101562,Коммунальное государственное учреждение «Средняя школа №239 имени Толепбергена Абдрашева» отдела образования по Жанакорганскому району управления образования Кызылординской области»
46.04758834838867,61.76874923706055,Коммунальное государственное учреждение «Основная школа № 281» отдела образования по Аральскому району управления образования Кызылординской области»
43.3354606628418,52.86664962768555,"КГУ ""Общеобразовательная школа № 7"""
45.65617752075195,63.30643844604492,"Коммунальное государственное учреждение ""Школа-гимназия №80 имени Темирбека Жургенова"" отдела образования по Кармакшискому району управления образования Кызылординской области"""
44.257083892822266,66.6876220703125,"Коммунальное государственное учреждение ""Средняя школа №214"" отдела образования по Шиелийскому району Управления образования Кызылординской области"""
45.073848724365234,64.94400024414062,Коммунальное государственное учреждение «Средняя школа №172 имени Налхожа Ергешбаева» отдела образования по городу Кызылорда управления образования Кызылординской области
43.82968521118164,52.71918487548828,КГУ «Общеобразовательная школа имени Аскара Утепбергенова»
45.042137145996094,65.2680435180664,"Коммунальное государственное учреждение ""Средняя школа №39 Кызылозек"" отдела образования по городу Кызылорда управления образования Кызылординской области"
44.19392013549805,66.78299713134766,"Коммунальное государственное учреждение ""Средняя школа №156 имени Нартая Бекежанова"" отдела образования по Шиелийскому району Управления образования Кызылординской области"""
44.82851791381836,65.53244018554688,Коммунальное государственное учреждение «Школа-лицей информационных технологий №187 имени М.Шокая (ІТ –школа-лицей)» отдела образования по городу Кызылорда управления образования Кызылординской области»
47.07225799560547,61.15629196166992,Коммунальное государственное учреждение «Средняя школа №231» отдела образования по Аральскому району управления образования Кызылординской области»
46.827266693115234,61.84634017944336,Коммунальное государственное учреждение «Средняя школа № 19» отдела образования по Аральскому району управления образования Кызылординской области»
42.33050537109375,53.6789665222168,"КГУ ""Общеобразовательная школа №10"" Отдела образования по Каракиянскому району Управления образования Мангистауской области"
44.543399810791016,50.24839401245117,"КГУ ""Школа-лицей имени А.М.Горького"""
43.791202545166016,67.1908187866211,Коммунальное государственное учреждение «Средняя школа №196» отдела образования по Жанакорганскому району управления образования Кызылординской области»
44.509735107421875,66.18196868896484,"Коммунальное государственное учереждение  ""Средняя школа №141 К.Сабирова"" отдела образования по Шиелийскому району Управления образования Кызылординской области"""
43.69137191772461,51.19145584106445,"КГУ""Общеобразовательная школа №14"""
45.062744140625,65.05335998535156,"Коммунальное государственное учреждение ""Средняя школа №135 имени А.Токмаганбетова"" отдела образования по Сырдарьинскому району Управления образования Кызылординской области"""
44.13962936401367,52.16771697998047,КГУ «Шетпинская гимназия»
43.66167068481445,51.16804885864258,"Коммунальное государственное учреждение ""Общеобразовательная школа № 14"" Отдела образования по городу Актау Управления образования Мангистауской области"
43.332637786865234,52.86033248901367,"КГУ ""Общеобразовательная школа № 8 имени Кашагана Куржиманулы"""
44.025447845458984,67.01432800292969,Коммунальное государственное учреждение «Средняя школа №53 имени А.Д.Романова» отдела образования по Жанакорганскому району управления образования Кызылординской области
46.93771743774414,61.448604583740234,Коммунальное государственное учреждение «Начальная школа Конту» отдела образования по Аральскому району управления образования Кызылординской области»
44.32594299316406,53.53895568847656,"КГУ ""Общеобразовательная школа Отес"""
46.14599609375,61.22616958618164,КГУ «Средняя школа №20 имени З.Шукирова» отдела образования по Аральскому району управления образования Кызылординской области»
44.352264404296875,66.20172119140625,"Коммунальное государственное учреждения «Средняя школа №228 имени Шаймердена Бакирова"" отдела образования по Шиелийскому району Управления образования Кызылординской области"""
43.17821502685547,51.67942428588867,"КГУ ""Общеобразовательная школа - гимназия"""
43.6849479675293,51.17185592651367,"Коммунальное государственное учреждение ""Общеобразовательная школа №29 имени Фаризы Онгарсыновой"" Отдела образования по городу Актау Управления образования Мангистауской области"
45.64571762084961,63.317073822021484,"Коммунальное государственное учреждение ""Средняя школа №85"" отдела образования по Кармакшинскому району Управления образования Кызылординской области"""
44.853309631347656,64.45242309570312,"КГУ ""Средняя школа №122"""
46.002784729003906,61.73025894165039,"Коммунальное государственное учреждение ""Средняя школа № 81"" отдела образования по Аральскому району управления образования Кызылординской области»"
44.85660934448242,65.52825927734375,Коммунальное государственное учреждение «Средняя школа №43 имени Ж.Махамбетова » отдела образования по городу Кызылорда управления образования Кызылординской области».
44.50411605834961,50.270565032958984,"КГУ ""Общеобразовательная школа имени З.О. Баймырзаева"""
44.28546142578125,66.7236328125,"Коммунальное государственное учреждение «Средняя школа №157 имени Б.Паримбетова» отдела образования по Шиелийскому району Управления образования Кызылординской области"""
43.28278732299805,67.66887664794922,Коммунальное государственное учреждение «Средняя школа №240 имени Г.Муратбаева» отдела образования по Жанакорганскому району управления образования Кызылординской области»
44.875125885009766,65.46123504638672,Коммунальное государственное учреждение «Средняя школа №173 имени Алии Молдагуловой» отдела образования по городу Кызылорда управления образования Кызылординской области»
46.818843841552734,62.2906494140625,КГУ «Средняя школа №248»
44.83407974243164,65.5337905883789,"коммунальное государственное учреждение ""Школа-лицей№7"" отдела образования по городу Кызылорда управления образования Кызылординской области’"
43.831172943115234,67.26705932617188,Коммунальное государственное учреждение «Средняя школа №208» отдела образования по Жанакорганскому району управления образования Кызылординской области»
43.38335418701172,53.39970397949219,"КГУ ""Общеобразовательная школа имени Кашагана Куржиманулы"""
43.695674896240234,51.30712127685547,"КГУ ""Общеобразовательная школа №1"""
45.63478469848633,61.76797103881836,Средняя школа N 97
44.68736267089844,66.08199310302734,"Коммунальное государственное учреждение ""Средняя школа №142"" отдела образования по Шиелийскому району Управления образования Кызылординской области"
44.47019577026367,65.76148986816406,"Коммунальное государственное учреждение ""Средняя школа №139"" отдела образования по Сырдарьинскому району Управления образования Кызылординской области"""
45.74995422363281,54.83443832397461,"КГУ ""Комплекс ""школа - ясли - сад ""Есет"""
45.073673248291016,64.94397735595703,"Коммунальное государственное учреждение ""Средняя школа №137"" отдела образования по Сырдарьинскому району Управления образования Кызылординской области"""
43.31071472167969,52.8679084777832,"КГУ ""Общеобразовательная школа № 11"""
44.16924285888672,66.81523895263672,"Коммунальное государственное учреждение ""Средняя школа №158"" отдела образования по Шиелийскому району Управления образования Кызылординской области"""
46.195884704589844,61.95269012451172,Коммунальное государственное учреждение «Средняя школа №21» отдела образования по Аральскому району управления образования Кызылординской области»
44.349609375,66.19541931152344,"Коммунальное государственное учреждение ""Средняя школа №241 имени К.Абдыкадырова"" отдела образования Кызылординской области"""
43.76486587524414,67.23357391357422,Коммунальное государственное учреждение «Средняя школа №245» отдела образования по Жанакорганскому району управления образования Кызылординской области»
44.80318832397461,65.52314758300781,Коммунальное государственное учреждение « Школа –лицей №101 имени Али Муслимова» отдела образования по городу Кызылорда управления образования Кызылординской области
45.0880241394043,64.68336486816406,КГУ «Школа-лицей  №123 имени Темирбека Жургенова»
46.620601654052734,62.4722900390625,Средняя школа N 134
43.45067596435547,53.018497467041016,"КГУ ""Каракудукская общеобразовательная школа"""
45.72045135498047,61.51207733154297,Средняя школа № 98
43.692955017089844,51.33785629272461,"КГУ ""Общеобразовательная школа №2"""
45.980812072753906,61.052127838134766,Коммунальное государственное учреждение «Средняя школа №82» отдела образования по Аральскому району управления образования Кызылординской области»
45.20806121826172,55.39909362792969,"КГУ ""Комплекс ""школа - ясли - сад ""Сынгырлау"""
47.060367584228516,62.19608688354492,Коммунальное государственное учреждение «Основная школа №18» отдела образования по Аральскому району управления образования Кызылординской области»
43.595802307128906,67.40054321289062,Коммунальное государственное учреждение «Средняя школа №209 имени А.Абуталипова» отдела образования по Жанакорганскому району управления образования Кызылординской области»
44.847938537597656,65.48973846435547,коммунальное государственное учреждение «Средняя школа №8» имени П.Д.Осипенко отдела образования по городу Кызылорда управления образования Кызылординской области»
44.69779968261719,65.38684844970703,"Коммунальное государственное учреждение ""Средняя школа №147"" отдела образования по Сырдарьинскому району Управления образования Кызылординской области"""
45.01386642456055,65.32966613769531,"Коммунальное государственное учреждение ""Основная школа №175"" отдела образования по городу Кызылорда управления образования Кызылординской области"""
44.137874603271484,66.7387924194336,"Коммунальное  государственное учреждение ""Средняя школа №148"" отдела образования по Шиелийскому району Управления образования Кызылординской области"
43.71628189086914,51.28464126586914,"КГУ ""Общеобразовательная школа №8"""
44.857479095458984,65.50186920166016,Коммунальное государственное учреждение «Средняя школа № 112 имени Нагимы Ахмадеевой» отдела образования по городу Кызылорда управления образования Кызылординской области»
43.67424774169922,51.21257019042969,"КГУ""Общеобразовательная школа №9"""
47.08626174926758,61.149444580078125,КГУ «Средняя школа № 87»
45.488746643066406,64.07770538330078,"Коммунальное государственное учреждение ""Средняя школа №26 имени Шокана Уалиханова"" отдела образования по Кармакшинскому району Управления образования Кызылординской области"""
43.584808349609375,67.63748168945312,Коммунальное государственное учреждение «Средняя школа №247» отдела образования по Жанакорганскому району управления образования Кызылординской области»
46.0734748840332,61.338932037353516,"Коммунальное государственное учреждение ""Основная школа №76"" отдела образования по Аральскому району управления образования Кызылординской области"""
44.31501388549805,66.47608947753906,"Коммунальное государственное учреждение ""Средняя школа №251 имени М.Ауезова"" отдела образования по Шиелийскому району Управления образования Кызылординской области"""
44.86981964111328,65.46727752685547,"Коммунальное государственное учреждение ""Школа-лицей №10 имени Ы.Алтынсарина"" отдела образования по городу Кызылорда управления образования Кызылординской области"""
45.67509460449219,61.899898529052734,Средняя школа № 102
44.239681243896484,66.83576965332031,"Коммунальное государственное учреждение ""Средняя школа №159 имени “Енбекши"" отдела образования по Шиелийскому району Управления образования Кызылординской области"
46.94334030151367,61.61235809326172,Коммунальное государственное учреждение «Средняя школа №57 имени Е.Кошербаева» отдела образования по Аральскому району управления образования Кызылординской области»
44.55812072753906,65.64030456542969,"Коммунальное государственное учреждение ""Средняя школа №174"" отдела образования по Сырдарьинскому району Управления образования Кызылординской области"""
44.74625015258789,61.77367401123047,Основная школа №146
44.84758758544922,65.46356964111328,"Коммунальное государственное учреждение ""Средняя школа №211 имени А. Байтурсынова"" отдела образования по городу Кызылорда управления образования Кызылординской области"
45.98204040527344,61.94104766845703,Коммунальное государственное учреждение «Средняя школа № 65» отдела образования по Аральскому району управления образования Кызылординской области»
44.8528938293457,65.46807098388672,"Коммунальное государственное учреждение ""Школа-гимназия №9 имени Н.Ильясова"" отдела образования по городу Кызылорда управления образования Кызылординской области"""
44.16969680786133,66.69214630126953,"Коммунального государственного учереждения Средняя школа №149 имени Алиакбара Монтаева"" отдела образования по Шиелийскому району Управления образования Кызылординской области"""
44.158424377441406,66.7591552734375,"Коммунальное государственное учреждение ""Средняя школа №270 имени Гафура Мухамеджанова"" отдела образования по Шиелийскому району Управления образования Кызылординской области"""
43.59147262573242,67.41845703125,Коммунальное государственное учреждение «Средняя школа №256» отдела образования по Жанакорганскому району управления образования Кызылординской области»
43.344932556152344,52.916263580322266,"КГУ ""Жанаозенский лицей-интернат ""Білім-инновация"""
44.32766342163086,67.02073669433594,"Коммунальное государственное учреждение ""Основная школа №84"" отдела образования по Шиелийскому району Управления образования Кызылординской области"""
45.488338470458984,64.0881118774414,"Коммунальное государственное учреждение ""Средняя школа № 27 имени С.Ескараева"" отдела образования по Кармакшинскому району Управления образования Кызылординской области"""
45.972415924072266,61.85839080810547,"Коммунальное государственное учреждение ""Средняя школа № 200"" отдела образования по Аральскому району управления образования Кызылординской области"""
44.02937316894531,67.01237487792969,Коммунальное государственное учреждение «Средняя школа №223» отдела образования по Жанакорганскому району управления образования Кызылординской области»
45.35626983642578,61.87767028808594,Средняя школа № 238
44.662139892578125,64.78807830810547,"Коммунальное государственное учреждение ""Средняя школа №191"" отдела образования по Сырдарьинскому району Управления образования Кызылординской области"""
47.081119537353516,61.14112854003906,Коммунальное государственное учреждение «Средняя школа №177» отдела образования по Аральскому району управления образования Кызылординской области»
44.23918533325195,66.62560272216797,"Коммунальное государственное учреждение  ""Средняя школа №181"" отдела образования по Шиелийскому району Управления образования Кызылординской области"""
46.655967712402344,61.1369514465332,Коммунальное государственное учреждение «Средняя школа №58» отдела образования по Аральскому району управления образования Кызылординской области»
44.859535217285156,65.51377868652344,Коммунальное государственное учреждение «Школа-гимназия №212» отдела образования по городу Кызылорда управления образования Кызылординской области»
45.81291198730469,62.25569534301758,Средняя школа №103 имени К.Примова
44.775081634521484,65.54986572265625,Коммунальное государственное учреждение «Школа-лицей №11 имени Абубакира Тыныбаева» отдела образования по городу Кызылорда управления образования Кызылординской области»
43.588401794433594,67.64574432373047,Коммунальное государственное учреждение «Средняя школа №54 имени Ж.Кыдырова» отдела образования по Жанакорганскому району управления образования Кызылординской области»
45.91439437866211,61.67479705810547,Коммунальное государственное учреждения «Средняя школа № 66» отдела образования по Аральскому району управления образования Кызылординской области»
43.2042236328125,67.78839874267578,Коммунальное государственное учреждение «Основная средняя школа №89» отдела образования по Жанакорганскому району управления образования Кызылординской области»
44.20625686645508,66.49446868896484,"Коммунальное государственное учреждение ""Средняя школа №150"" отдела образования по Шиелийскому району Управления образования Кызылординской области"
45.657081604003906,63.29875183105469,"Коммунальное государственное учреждение ""Средняя школа №269 имени Жанкожа батыра"" отдела образования по Кармакшинскому району Управления образования Кызылординской области"""
44.21025085449219,66.60936737060547,"Коммунальное государственное учреждение  ""Основная школа №133"" отдела образования по Шиелийскому району Управления образования Кызылординской области"
45.49931716918945,64.102294921875,"Коммунальное государственное учреждение ""Средняя школа №30 имени О.Шораякулы отдела образования по Кармакшинскому району Управления образования Кызылординской области"""
45.733943939208984,62.93708801269531,Основная школа №258
44.8143196105957,65.58126068115234,КОММУНАЛЬНОЕ ГОСУДАРСТВЕННОЕ УЧРЕЖДЕНИЕ «СРЕДНЯЯ ШКОЛА № 189» ОТДЕЛА ОБРАЗОВАНИЯ ПО ГОРОДУ КЫЗЫЛОРДА УПРАВЛЕНИЯ ОБРАЗОВАНИЯ КЫЗЫЛОРДИНСКОЙ ОБЛАСТИ»
46.485992431640625,61.57744598388672,Коммунальное государственное учреждение «Основная школа №227 имени Аманкоса Мустафаева» отдела образования по Аральскому району управления образования Кызылординской области»
46.79222869873047,61.642215728759766,Коммунальное государственное учреждение «Школа-лицей №62 имени Жараскана Абдрашева» отдела образования по Аральскому району управления образования Кызылординской области»
45.05562210083008,64.98625946044922,"Коммунальное государственное учреждение ""Средняя школа №210 имени О.Абилпаттаева"" отдела образования по Сырдарьинскому району Управления образования Кызылординской области"""
45.6290283203125,61.92920684814453,Средняя школа № 104
47.2508544921875,62.343162536621094,Коммунальное государственное учреждение «Средняя школа № 59» отдела образования по Аральскому району управления образования Кызылординской области»
45.4903450012207,64.0941390991211,"Коммунального государственного учреждения ""Школа-лицей №105 имени А.Жанпейсова"" отдела образования по Кармакшинскому району Управления образования Кызылординской области"""
46.149803161621094,61.76908874511719,Коммунальное государственное учреждение «Средняя школа №67» отдела образования по Аральскому району управления образования Кызылординской области»
43.68259811401367,67.32689666748047,Коммунальное государственное учреждение «Средняя общеобразовательная школа №184» отдела образования по Жанакорганскому району управления образования Кызылординской области»
44.8193473815918,65.52262878417969,Коммунальное государственное учреждение «Школа-лицей информационных технологий № 12 имени И. Кабылова» (ІТ- школа – лицей)» отдела образования по городу Кызылорда управления образования Кызылординской области
44.208351135253906,66.50057983398438,"Коммунальное государственное учреждение ""Основная школа №151"" отдела образования по Шиелийскому району Управления образования Кызылординской области"""
45.7325553894043,61.48075866699219,Средная школа №88 имени Б.Абдразакова
43.88840866088867,67.24938201904297,Коммунальное государственное учреждение «Средняя школа № 56» отдела образования по Жанакорганскому району управления образования Кызылординской области»
44.16619110107422,66.7374267578125,"Коммунальное государственное учреждение  ""Школа -гимназия №45 Aк opда"" отдела образования по Шиелийскому району Управления образования Кызылординской области"""
46.79656982421875,61.67570114135742,Коммунальное государственное учреждение «Средняя школа №64» отдела образования по Аральскому району управления образования Кызылординской области»
44.84761047363281,65.5429916381836,Коммунальное государственное учреждение ««Казахская средняя школа №197 имени Абу Кудабаева»» Отдела образования по городу Кызылорда Управления образования Кызылординской области
46.623111724853516,62.72865295410156,Основная школа № 259
43.64583969116211,67.52603912353516,Коммунальное государственное учреждение «Средняя общеобразовательная школа №221» отдела образования по Жанакорганскому району управления образования Кызылординской области»
46.930023193359375,60.573970794677734,Коммунальное государственное учреждение «Средняя школа №68» отдела образования по Аральскому району управления образования Кызылординской области»
45.48497772216797,64.08854675292969,"Коммунальное государственное учреждение ""Средняя школа №121 отдела образования по Кармакшинскому району"" Управления образования Кызылординской области"""
44.84700012207031,65.50363159179688,Коммунальное государственное учреждение « Школа –лицей №15 имени Мырзабека Дуйсенова» отдела образования по городу Кызылорда управления образования Кызылординской области
47.3408317565918,61.768890380859375,Коммунальное государственное учреждение «Средняя школа №60 имени Ж.Туменбаева» отдела образования по Аральскому району управления образования Кызылординской области»
43.95309066772461,67.41773223876953,Коммунальное государственное учреждение «Средняя школа №86 имени Ахмета Адилова» отдела образования по Жанакорганскому району управления образования Кызылординской области»
45.76618194580078,62.32582473754883,Средняя школа № 182
46.61836624145508,61.79377365112305,Коммунальное государственное учреждение «Средняя школа №69» отдела образования по Аральскому району управления образования Кызылординской области»
46.802589416503906,61.68400573730469,Коммунальное государственное учреждение «Средняя школа № 71» отдела образования по Аральскому району управления образования Кызылординской области»
44.164249420166016,66.73400115966797,"Коммунальное государственное учреждение ""Школа-лицей №46 имени А.С.Пушкина"" отдела образования по Шиелийскому району Управления образования Кызылординской области"""
46.49852752685547,61.89305877685547,"Коммунальное государственное учреждение ""Средняя школа № 61"" отдела образования по Аральскому району управления образования Кызылординской области»"
44.8262939453125,65.50908660888672,"Коммунальное государственное учреждение ""Средняя школа №198 имени Жанабила Нурманова"" отдела образования по городу Кызылорда управления образования Кызылординской области"""
44.63296127319336,66.04890441894531,"Коммунального государственного учреждения «Средняя школа №41 имени Мустафа Шокая» отдела образования по Шиелийскому району Управления образования Кызылординской области"""
45.75947570800781,62.101505279541016,Школа-лицей № 16 имени М.Горького
43.92474365234375,67.24781799316406,Коммунальное государственное учреждение «Школа-лицей №110» отдела образования по Жанакорганскому району управления образования Кызылординской области»
45.78519058227539,61.974212646484375,Средняя школа № 190
46.81673049926758,61.670284271240234,Коммунальное государственное учреждение «Средняя школа №83» отдела образования по Аральскому району управления образования Кызылординской области»
44.83733367919922,65.49847412109375,Коммунальное государственное учреждение « Школа –лицей №23 имени Ж.Кизатова» отдела образования по городу Кызылорда управления образования Кызылординской области
46.00496292114258,61.59767532348633,Коммунальное государственное учреждение «Начальная школа Акшатау» отдела образования по Аральскому району управления образования Кызылординской области»
46.14274215698242,62.080631256103516,Коммунальное государственное учреждение «Средняя школа №63» отдела образования по Аральскому району управления образования Кызылординской области»
44.1711540222168,66.76155853271484,"Коммунальное государственное учреждение ""Школа-лицей №47 имени М.В.Ломоносова"" отдела образования по Шиелийскому району Управления образования Кызылординской области"""
44.08870315551758,66.864501953125,"Коммунальное государственное учреждение ""Средняя школа №49"" отдела образования по Шиелийскому району Управления образования Кызылординской области"""
45.763336181640625,62.09612274169922,Средняя школа № 17 имени Гани .Муратбаева
46.56071090698242,62.230262756347656,Коммунальное государственное учреждение «Начальная школа Мойнак» отдела образования по Аральскому району управления образования Кызылординской области»
45.269439697265625,61.75560760498047,Средняя школа № 225
43.94674301147461,67.45416259765625,Коммунальное государственное учреждение «Средняя школа №164» отдела образования по Жанакорганскому району управления образования Кызылординской области»
46.801876068115234,61.65464782714844,Коммунальное государственное учреждение «Средняя школа №220» отдела образования по Аральскому району управления образования Кызылординской области»
45.76476287841797,62.104095458984375,Средняя школа №95 имени К.Нурмаханова
45.11631774902344,64.4856185913086,КГУ«Средняя школа №34 имени Абдрашита Бердаулетова»
44.085716247558594,66.93193817138672,Коммунальное государственное учреждение «Средняя школа №166» отдела образования по Жанакорганскому району управления образования Кызылординской области»
44.16761016845703,66.7143783569336,"Коммунальное государственное учреждение ""Школа-лицей №48 имени А.Коныратбаева"" отдела образования по Шиелийскому району Управления образования Кызылординской области"""
45.198734283447266,62.81281661987305,Средняя школа №78
44.76393508911133,65.47209167480469,Коммунальное государственное учреждение «Школа-лицей №268» отдела образования по городу Кызылорда управления образования Кызылординской области
45.864253997802734,62.15134048461914,Средняя школа № 165 имени С.Сейфуллина
44.91463088989258,64.70543670654297,КГУ«Средняя школа №38 имени Алдабергена Бисенова»
46.79243850708008,61.66371154785156,Коммунальное государственное учреждение «Средняя школа №260» отдела образования по Аральскому району управления образования Кызылординской области»
43.83131408691406,67.17118072509766,Коммунальное государственное учреждение «Средняя школа №167» отдела образования по Жанакорганскому району управления образования Кызылординской области»
44.19658660888672,66.7293930053711,"Коммунальное государственное учреждение ""Средняя школа-лицей №127 имени Ш.Уалиханова"" отдела образования по Шиелийскому району Управления образования Кызылординской области"""
45.501976013183594,61.97997283935547,Средняя школа № 93
44.860107421875,65.51264190673828,Коммунальное государственное учреждение «Средняя школа №267» отдела образования по городу Кызылорда управления образования Кызылординской области»
45.190582275390625,64.51343536376953,КГУ «Средняя школа №114»
43.68605041503906,67.30701446533203,Коммунальное государственное учреждение «Средняя школа № 168 имени Исатая Абдукаримова» отдела образования по Жанакорганскому району управления образования Кызылординской области»
45.83124923706055,62.162254333496094,Средняя школа №170
46.80621337890625,61.68500518798828,КГУ «Школа-гимназия №262 имени Узакбая Караманова» отдела образования по Аральскому району Управления образования Кызылординской области»
44.17863845825195,66.74359130859375,"Коммунальное государственное учреждение ""Средняя школа №219 имени Ы.Алтынсарина отдела образования по Шиелийскому району Управления образования Кызылординской области"""
43.89842224121094,67.24376678466797,Коммунальное государственное учреждение «Средняя школа №169 имени Н.Илялетдинова» отдела образования по Жанакорганскому району управления образования Кызылординской области»
45.194034576416016,64.420166015625,"Коммунальное государственное учреждение ""Средняя общеобразовательная школа №115"" отдела образования по Жалагашскому району управления образования Кызылординской области"""
44.17781448364258,66.71044158935547,"Коммунальное государственное учреждение ""Средняя школа №244 имени Ы.Жахаева отдела образования по Шиелийскому району Управления образования Кызылординской области"""
46.8069953918457,61.646793365478516,"КГУ ""Областная специализированная школа-лицей-интернат № 2"" управления образования Кызылординской области"""
45.05017852783203,64.6982650756836,КГУ «Средняя школа №116»
44.17031478881836,66.73344421386719,"Коммунальное государственное учреждения «Школа-гимназия №252 имени Г.Н.Ковтунова"" отдела образования по Шиелийскому району Управления образования Кызылординской области"""
45.49237823486328,61.74784851074219,Средняя школа N 96 имени Карасакала Еримбета
44.612648010253906,66.08710479736328,"Коммунальное государственное учреждение ""Средняя школа №40 имени Алма Кыраубаевой"" отдела образования по Шиелийскому району Управления образования Кызылординской области"""
42.59981155395508,69.24890899658203,"КГУ ""ШКОЛА-ГИМНАЗИЯ ИМЕНИ Ш.УАЛИХАНОВА"""
42.43336868286133,68.79348754882812,"КГУ ""НШ №376"""
43.46682357788086,68.31855773925781,"КГУ ""Общая средняя школа ""Кызыл Жол"""
42.54106903076172,70.3486557006836,"Общая средняя школа ""Майлыкент"""
42.20582580566406,69.9217758178711,"КГУ ""Общеобразовательная средняя школа №8"" отдела развития человеческого потенциала Толебийского района"
42.913970947265625,68.33976745605469,"КГУ ""Общая средняя школа ""Отырар"""
41.253414154052734,67.97810363769531,"КГУ ""Общая средняя школа имени М.Горького"""
40.630584716796875,68.53939056396484,КГУ Общая средняя школа №16 имени Х.Доспанова
41.985633850097656,69.6924819946289,"КГУ ""Основная средняя школа ""Женис"""
42.508419036865234,70.55677032470703,Общая средняя школа  имени С. Бреусов
40.88508987426758,68.34471130371094,"КГУ ""Общая средняя школа №39 “Асыката”"
41.84381866455078,69.54362487792969,"КГУ ""ОШ им. А.С.Макаренко"""
42.54889678955078,68.6867446899414,"КГУ ""Малокомплектная начальная школа ""Қостүйін"""
42.29911422729492,69.55404663085938,"КГУ ""Общеобразовательная средняя школа №48"""
42.29155731201172,69.76786804199219,"КГУ ""Общеобразовательная средняя школа № 98"""
42.3716926574707,69.2600326538086,КГУ Общая средняя школа «Улагат»
42.421424865722656,69.82849884033203,"КГУ ""Школа-гимназия №20 имени С.Сейфуллина"""
42.86652755737305,68.37738037109375,"КГУ ""Малокомплектная общая средняя школа имени С.Ерубаева"""
43.428802490234375,68.27513885498047,"КГУ ""Общая средняя школа имени А.Югнаки"""
41.3499755859375,68.94912719726562,"КГУ ""Общеобразовательная средняя школа №3 имени А.Молдагулова"""
44.13591766357422,68.46632385253906,Коммунальное государственное учреждение «Общая средняя школа имени Навои отдела развития человеческого потенциала Созакского района управления развития человеческого потенциала Туркестанской области»
42.4899787902832,70.56422424316406,МКНШ №17
41.91931915283203,69.72211456298828,"КГУ ""ОШ ""Дикан"""
42.65001678466797,69.4330062866211,КГУ Общая средняя школа имени Н.Нысанбайулы
40.90528869628906,68.3584213256836,"КГУ ""Общая средняя школа №40 ""Ынтымак"""
42.1795768737793,69.89958953857422,"КГУ ""Специализированная школа-интернат Толебийского района"""
41.88043212890625,69.49205017089844,"КГУ ""ОШ им. А.Оразбаевой"""
41.25591278076172,67.9843978881836,"КГУ ""Школа-лицей ""Шардара"""
42.586265563964844,70.36071014404297,ОСШ имени А.Гайдара
42.772762298583984,68.39949798583984,"КГУ ""Общая средняя школа имени Т.Ибрагимова"""
42.41982650756836,69.8201904296875,"КГУ ""Общая средняя школа №7 имени Бабыра"""
43.40274429321289,68.25885009765625,"КГУ ""Общая средняя школа ""Шыпан"""
42.60234451293945,69.3167953491211,"КГУ ""Общая средняя школа имени С.Ысмайлова"""
41.345306396484375,68.95085144042969,"КГУ ""Общеобравательная средняя школа №4 имени Ж.Баласагуна"""
41.90525817871094,69.75109100341797,"КГУ ""Оснавная средняя школа ""Шакпак"""
41.65939712524414,69.37458801269531,"КГУ ""ОШ им. С. Сейфуллина"""
44.136295318603516,68.4297103881836,Коммунальное государственное учреждение «Общая средняя школа «Суындык» отдела развития человеческого потенциала Созакского района управления развития человеческого потенциала Туркестанской области»
40.728858947753906,68.28861999511719,КГУ Общая средняя школа №52 имени М.Габдуллина
41.27499008178711,67.99545288085938,"КГУ ""№1 общая средняя школа имени М.Ауезова"""
41.08214569091797,68.66531372070312,"КГУ ""Общеобразовательная средняя школа №41 имени К.Сатбаева"""
42.762943267822266,68.3984375,"КГУ ""Основная средняя школа имени П.Айтменова"""
42.52410888671875,70.42598724365234,"КГУ ""ОСШ имени Т.Иманбекова"""
44.14517593383789,68.11345672607422,Коммунальное государственное учреждение «Общая средняя школа «Карагур» отдела развития человеческого потенциала Созакского района управления развития человеческого потенциала Туркестанской области»
43.36711502075195,68.22816467285156,"КГУ ""Общая средняя школа ""Құмтүйін"""
41.355472564697266,68.9456558227539,"КГУ ""Общеобразовательная средняя школа №1 имени О.Есимова"""
42.415096282958984,69.82449340820312,"КГУ ""Общая средняя школа №5 имени М.Горького"""
41.66728210449219,69.45368194580078,"КГУ ""ОШ ""Кызылсенгир"""
40.71461486816406,68.32095336914062,КГУ Общая средняя школа №53 имени Г.Мусирепова
42.56626892089844,69.21510314941406,"КГУ ""Общая средняя школа имени Г. Муратбаева"""
42.880035400390625,68.92457580566406,"КГУ ""Общая средняя школа Каракум"""
43.48478317260742,67.83708953857422,"КГУ ""Малокомплектная общая средняя школа имени Ы.Алтынсарина"""
41.105228424072266,68.70670318603516,"КГУ ""Начальная образовательная школа №38 ""Когерту"""
42.55786895751953,70.40316009521484,"МКОШ имени М.Маметовой"""
41.26829147338867,67.98876953125,"КГУ ""Специализированная школа-интернат №3 имени Маулена Калмырзы"""
42.29021072387695,69.81641387939453,"КГУ ""Общеобразовательная средняя школа №124"""
43.37416076660156,68.28573608398438,"КГУ ""Общая средняя школа ""Туран"""
44.13772964477539,68.18265533447266,Коммунальное государственное учреждение «Малокомплектная общая средняя школа имени С.Бакбергенова» отдела развития человеческого потенциала Созакского района управления развития человеческого потенциала Туркестанской области
41.342620849609375,68.95328521728516,"КГУ ""Школа-гимназия №2 имени У.Жанибекова"""
42.219417572021484,70.1106185913086,"КГУ ""Общеобразовательная средняя школа имени К.Байболова"" отдела развития человеческого потенциала Толебийского района"
41.63274002075195,69.37223052978516,"КГУ ""ОШ ""Ынталы"""
40.70377731323242,68.36031341552734,КГУ Общая средняя школа №56 имени М.Турсын-Заде
42.427894592285156,69.83231353759766,"КГУ ""Общая средняя школа имени М.Макатаева"""
42.29112243652344,69.5270004272461,"КГУ ""Общеобразовательная средняя школа №49"""
42.4558219909668,69.52670288085938,"КГУ ""Общеобразавательная средняя школа №125"""
42.59634017944336,69.24583435058594,"КГУ ""Общая средняя школа ""Темирлан"""
42.299346923828125,69.76057434082031,"КГУ ""Школа-лицей № 107 имени Ю.Сареми"""
40.767574310302734,68.18749237060547,"КГУ ""Общая средняя школа №28 имени Хиуаз Доспановой"""
43.37441635131836,68.2745361328125,"КГУ ""Общая средняя школа ""Карашык"""
43.43351364135742,67.92103576660156,"КГУ ""Общая средняя школа ""Сауран"""
42.52217102050781,70.24693298339844,СШ им. Гагарина
44.196441650390625,67.96149444580078,Коммунальное государственное учреждение «Малокомплектная общая средняя школа имени Б.Батырбековой» отдела развития человеческого потенциала Созакского района управления развития человеческого потенциала Туркестанской области
41.274227142333984,67.9622573852539,"КГУ ""Общая средняя школа имени К.Аманжолова"""
41.355594635009766,68.9693832397461,"КГУ ""Общеобразовательная средняя школа №5"""
41.68809127807617,69.37814331054688,"КГУ ""ОШ им. Б. Момышулы"""
40.689552307128906,68.28829193115234,КГУ Общая средняя школа №54 имени К.Абдалиева
42.43458938598633,69.8244857788086,"КГУ ""Общая средняя школа №94"""
42.193058013916016,70.12427520751953,"КГУ ""Общеобразовательная средняя школа ""Диханкөл"" отдела развития человеческого потенциала Толебийского района"
42.604652404785156,69.27944946289062,"КГУ ""Общяя средняя школа имени Сагадата Нурмагамбетова"
44.45709991455078,67.54630279541016,Коммунальное государственное учреждение «Малокомплектная общая средняя школа имени С.Кожанова» отдела развития человеческого потенциала Созакского района управления развития человеческого потенциала Туркестанской области
42.324981689453125,69.57511138916016,"КГУ ""ШГ №50 имени А.Байтурсынова"""
42.496543884277344,70.29981231689453,ОСШ имени А. Асқарова
41.345184326171875,68.94766998291016,"КГУ ""Общеобразовательная средняя школа №7"""
40.81069564819336,68.06552124023438,"КГУ ""Общая средняя школа №29 имени С.Сейфуллина"""
42.44200897216797,69.82015991210938,"КГУ ""Общая средняя школа №93 имени Абылайхана"""
42.3039436340332,69.76665496826172,"КГУ ""Общеобразовательная средняя школа № 113 имени Аль-Фараби"""
42.35700225830078,69.45021057128906,"КГУ ""Общеобразовательная средняя школа №128"""
43.561683654785156,68.10919952392578,"КГУ ""Общая средняя школа ""Бабайкорган"""
42.44743347167969,69.7043685913086,"КГУ ""ОСШ №51 имени Жунисбека Кауалова"""
41.755558013916016,69.58985900878906,"КГУ ""ОШ им. Тураб Тулы"""
40.674495697021484,68.32406616210938,КГУ Общая средняя школа №55 имени С.Айни
42.222190856933594,70.07466125488281,"КГУ ""Малокомплектная основная средняя школа имени А.Молдагуловой"" отдела развития человеческого потенциала Толебийского района"
41.265079498291016,67.94062805175781,"КГУ ""Общая средняя школа имени Курмангазы Сагырбаулы"""
44.32889175415039,67.83635711669922,Коммунальное государственное учреждение «Малокомплектная основная средняя школа «Саржаз» отдела развития человеческого потенциала Созакского района управления развития человеческого потенциала Туркестанской области
42.67794418334961,69.47862243652344,"КГУ ""Малокомплектная Общая средняя школа имени Н.Оразбаева"""
41.34113311767578,68.9475326538086,"КГУ ""Начальная образовательная школа №6"""
42.34824752807617,69.55147552490234,"КГУ ""Общеобразовательная средняя школа №51"""
41.4567756652832,69.1884536743164,"КГУ ""Общеобразовательная средняя школа-гимназия интернат №10 имени К.Сатпаева"""
40.75798034667969,68.16860961914062,"КГУ ""Общая средняя школа №31 имени М.Ауезова"""
43.62574768066406,68.15576934814453,"КГУ ""Общая средняя школа имени Абая"""
42.26585388183594,70.20010375976562,"КГУ ""Общеобразовательная средняя школа ""Майбулак"" отдела развития человеческого потенциала Толебийского района"
41.2710075378418,68.00043487548828,"КГУ ""№2 начальная школа имени Жамбыл Жабаева"""
41.758056640625,69.58953857421875,"КГУ ""ОШ им. Ш. Калдаякова"""
42.46607971191406,69.60758209228516,"КГУ ""Общая средняя школа №49 имени Ш.Уалиханова"""
43.547828674316406,68.35507202148438,"КГУ ""Общая средняя школа ""Шаш-төбе"""
42.316001892089844,69.58618927001953,"КГУ ""Общеобразовательная средняя школа №129"""
42.3120002746582,69.74226379394531,"КГУ ""Общеобразовательная средняя школа №108 имени Хамза"""
44.76317596435547,68.83890533447266,Коммунальное государственное учреждение «Общая средняя школа имени С.Сейфуллина отдела развития человеческого потенциала Созакского района управления развития человеческого потенциала Туркестанской области»
42.70820999145508,69.53748321533203,"КГУ Малокомплектная Начальная школа ""Кызылсенгир"""
41.599281311035156,69.35258483886719,"КГУ ""Общеобразовательная средняя школа №28 имени Абылай хана"""
41.454383850097656,69.16915130615234,"КГУ ""Общеобразовательная средняя школа №3 имени М. Ломоносова"""
40.7131233215332,68.2269058227539,"КГУ ""Общая средняя школа №24 имени А.Жами"""
41.788631439208984,69.57955932617188,"КГУ ""ОШ ""Енбек"""
40.78193283081055,68.13369750976562,"КГУ ""Общая средняя школа №30 имени И.Жансугурова"""
42.35566711425781,69.55384063720703,"КГУ ""Школа-лицей №52"""
42.29084396362305,70.24029541015625,"КГУ ""Общеобразовательная средняя школа Қаратөбе"" отдела развития человеческого потенциала Толебийского района"
42.48503112792969,69.50239562988281,"КГУ ""ОСШ №50 имени Н.Тилендиева"""
42.407718658447266,69.80426025390625,"КГУ ""Общая средняя школа №83 имени А. Байтурсынова"""
44.77213668823242,69.19538116455078,Коммунальное государственное учреждение «Общая средняя школа имени Абая отдела развития человеческого потенциала Созакского района управления развития человеческого потенциала Туркестанской области»
43.44278335571289,68.44645690917969,КГУ ОСШ Торткуль-Тобе №15
42.499595642089844,69.0658187866211,"КГУ ""Общая средняя школа имени Б.Онтаева"""
42.31148147583008,69.58147430419922,"ГКППХВ  ""Школа-лицей №15 имени Д.И.Менделеева"""
42.37525939941406,69.7596664428711,"КГУ ""Общеобразовательная средняя школа №27 ""Мәртөбе"""
43.53631591796875,68.12493896484375,"КГУ ""Малокомплектная общая средняя школа имени М.Балакаева"""
41.464683532714844,69.17045593261719,"КГУ ""Общеобразовательная средняя школа №5 имени С.Исмаиылова"""
41.07140350341797,68.69087982177734,"КГУ ""Малокомплектная общеобразовательная средняя школа №42 ""Акжар"""
41.26210403442383,68.88215637207031,"КГУ ""Основная образовательная средняя школа №30 ""Мынтобе"""
42.47705841064453,69.68107604980469,"КГУ ""Общая средняя школа №52 имени Мустафы Озтурк"""
44.80963134765625,69.42484283447266,Коммунальное государственное учреждение «Малокомплектная общая средняя школа  имени Каламбаева» отдела развития человеческого потенциала Созакского района управления развития человеческого потенциала Туркестанской области
42.373416900634766,69.501708984375,"КГУ ""Общеобразовательная средняя школа №54"""
42.3493537902832,69.59575653076172,"КГУ ""Школа-гимназия №75"""
40.73062515258789,68.25282287597656,"КГУ ""Общая средняя школа №22 имени К.А.Яссауи"""
42.17251968383789,68.96987915039062,"КГУ ""СШ им. А.Тілеубердина"""
42.58321762084961,69.20185852050781,"КГУ ""Общая средняя школа ""Майдантал"""
42.77092742919922,68.34613800048828,"КГУ ""Школа-гимназия имени Ш.Калдаякова"""
41.4625244140625,69.2072982788086,"КГУ ""Общеобразовательная средняя школа №4 имени Ю.Гагарина"""
42.282310485839844,70.35125732421875,"КГУ ""Общеобразовательная средняя школа ""Балдыберек"" отдела развития человеческого потенциала Толебийского района"
42.372344970703125,69.37824249267578,"КГУ ""Общеобразовательная средняя школа №118 Кокбулак"""
42.29734420776367,69.84786987304688,"КГУ ""Школа-гимназия №65 имени Ы.Алтынсарина"""
42.3018684387207,69.60099792480469,"КГУ ""Общая средняя школа №17 имени Лермонтова"""
43.62120056152344,68.06084442138672,"КГУ  Малокомплектная начальная школа ""Игилик"""
42.089271545410156,68.9754409790039,"КГУ ""СШ  Монтайтас"""
45.26362609863281,68.91596221923828,Коммунальное государственное учреждение «Общая средняя школа имени Ланде Бокенова отдела развития человеческого потенциала Созакского района управления развития человеческого потенциала Туркестанской области»
41.48030471801758,69.27308654785156,КГУ «Общеобразовательная средняя школа №74»
42.367244720458984,69.40448760986328,"КГУ ""Общеобразовательная средняя школа № 95"""
43.67156982421875,67.87764739990234,"КГУ ""Малокомплектная общая средняя школа ""Каражон"""
40.7635498046875,68.30288696289062,"КГУ ""Общая средняя школа №20 имени Т.Рыскулова"""
42.395408630371094,69.42007446289062,"КГУ ""Общеобразовательная средняя школа №117 Алтынтобе"""
42.2911262512207,69.55036926269531,"КГУ ""Общеобразовательная средняя школа ""Казыгурт №66"""
42.7808837890625,68.36216735839844,"КГУ ""Школа лицей имени Жамбыла"""
45.21067428588867,67.534912109375,Коммунальное государственное учреждение «Малокомплектная общая средняя школа имени Т.Момбекова» отдела развития человеческого потенциала Созакского района управления развития человеческого потенциала Туркестанской области
42.21149444580078,68.93869018554688,"КГУ  ""МКНШ  Актас"""
42.32373809814453,69.56707000732422,"КГУ ""Общеобразовательная средняя школа №55"""
42.53567886352539,69.51716613769531,"КГУ ""Малокомплектная основная средняя школа №72 имени Х.Адебекова"""
40.747520446777344,68.2703857421875,"КГУ ""Общая средняя школа №21 имени Б.Майлина"""
42.385013580322266,69.84412384033203,"КГУ ""Общая средняя школа №33 имени Н. Шойынбаева"""
42.78976821899414,68.37939453125,"КГУ ""Общий средний лицей-интернат №4 имени О.Жанибекова"""
42.309730529785156,70.17412567138672,"КГУ ""Малокомплектная общеобразовательная средняя школа ""Костобе"" отдела развития человеческого потенциала Толебийского района"
42.306827545166016,69.57877349853516,"КГУ ""Общеобразовательная средняя школа №18 имени Ш.Уалиханова"""
42.18315505981445,69.86609649658203,"КГУ ""Школа-гимназия №1"" отдела развития человеческого потенциала Толебийского района"
40.69547653198242,68.43379974365234,КГУ Общая средняя школа №26 имени Ы.Алтынсарина
42.147342681884766,70.01303100585938,"КГУ ""Общеобразовательная средняя школа ""Алатау"" отдела развития человеческого потенциала Толебийского района"
43.390384674072266,68.01553344726562,"КГУ ""Общая средняя школа имени Т.Айтжанова"""
40.984275817871094,68.72721099853516,КГУ «Общеобразовательная средняя школа №43 имени «Болашақ»
41.28961181640625,68.91466522216797,"КГУ ""Основная образовательная средняя школа №24 ""Ушкын"""
42.232765197753906,69.63542938232422,"КГУ ""Общеобразовательная средняя школа №94"""
42.2879638671875,69.65462493896484,"КГУ ""Основная средняя школа №67"""
42.2808952331543,69.5748291015625,"КГУ ""Основная средняя школа №76 имени Рысбека Мырзашева"""
42.32754135131836,69.59258270263672,"КГУ ""Школа-гимназия №1 имени А.С.Пушкина"""
41.376434326171875,68.79747009277344,"КГУ ""Общеобразовательная средняя школа №47 имени Д.Конаева"""
40.970703125,68.72523498535156,"КГУ ""Начальная образовательная школа №45"""
42.35835647583008,69.54644012451172,"КГУ ""Общеобразовательная средняя школа №56 имени С.Кобеева"""
43.519927978515625,68.50709533691406,"КГУ ""Многопрофильная школа-гимназия имени  Узбекали Жанибекова"""
42.18251037597656,69.89098358154297,"КГУ ""Общеобразовательная средняя школа №2 имени Ш.Уалиханова"" отдела развития человеческого потенциала Толебийского района"
40.730934143066406,68.2021484375,"КГУ ""Общая средняя школа №23 имени А.Рудаки"""
42.43562316894531,69.7636947631836,"КГУ ""Основная средняя школа №69 ""Бес-Кепе"""
42.790977478027344,68.37186431884766,"КГУ ""НШ Шаульдер"""
40.66062545776367,68.39270782470703,КГУ Общая средняя школа №29 имени А.Туякбаева
42.26205825805664,70.38099670410156,"КГУ ""Начальная школа ""Төңкеріс"" отдела развития человеческого потенциала Толебийского района"
43.396583557128906,68.02191162109375,"КГУ ""Общая средняя школа ""Шорнак"""
42.402496337890625,69.86225128173828,"КГУ ""Основная средняя школа ""Айнабулак"""
42.265132904052734,69.61988830566406,"КГУ ""Школа-гимназия №99"""
42.30710983276367,69.60771179199219,"КГУ ""Общеобразовательная средняя школа №19 имени Узбекали Жанибекова"""
42.32234191894531,69.65702056884766,"КГУ ""Общеобразовательная средняя школа №68"""
42.371944427490234,68.8407211303711,"КГУ ""МКНШ  Талдыкудук"""
43.025638580322266,67.80668640136719,"КГУ ""Малокомплектная общая средняя школа имени С.Муканова"""
41.164955139160156,68.76775360107422,"КГУ ""Общеобразовательная средняя школа №35 имени А.Оразбаевой"""
42.30298614501953,69.6304931640625,"КГУ ""Общеобразовательная средняя школа №2 имени А.Бокейханова"""
41.32041549682617,68.7224349975586,"КГУ ""Общеобразовательная школа №52 имени С Бегалина"""
42.776126861572266,68.37157440185547,"КГУ ""НШ имени Зияш Калауовой"""
43.5194091796875,68.51387786865234,"КГУ ""Школа-лицей №4 имени Ататюрка"""
42.4240608215332,69.61168670654297,"КГУ ""Общеобразовательная средняя школа №57"""
42.3580322265625,69.60016632080078,"КГУ ""Школа-лицей №77 имени А,Аскарова"""
40.660858154296875,68.4440689086914,КГУ Общая средняя школа №30 имени С.Торайгырова
42.44759750366211,69.78334045410156,"КГУ ""Общая средняя школа №68 имени Сырым Датулы"""
42.354705810546875,69.65426635742188,"КГУ ""Общеобразовательная средняя школа №130"""
42.01755905151367,68.0252685546875,"КГУ ""Общая средняя школа Ак алтын"""
42.2611198425293,68.8984375,"КГУ ""СШ  Кабылсай"""
43.38959884643555,68.05668640136719,"КГУ ""Общая средняя школа ""Кызыл-Аскер"""
42.49140930175781,70.27105712890625,"КГУ "" ОСШ имени Т.Рыскулова"""
41.40947723388672,68.79660034179688,"КГУ ""Общеобразовательная средняя школа №49 ""Коныртобе"""
42.115779876708984,69.9464340209961,"КГУ ""Общеобразовательная средняя школа ""Екпінді"" отдела развития человеческого потенциала Толебийского района"
40.81687545776367,68.17044830322266,"КГУ ""Общая средняя школа №26 имени М.Шокай"""
43.16731643676758,67.80424499511719,"КГУ ""Малокомплектная основная средняя школа имени Жумагельды Егембердиева"""
42.82900619506836,68.4321060180664,"КГУ ""Общая средняя школа Тимур"""
42.054203033447266,68.12300109863281,"КГУ ""Общая средняя школа ""Достык"""
42.44755172729492,69.86502075195312,"КГУ ""Общая средняя школа №45 ""1-Мая"""
42.28249740600586,69.64923095703125,"КГУ ""Общеобразовательная средняя школа № 96 имени М. Ауезова"""
42.402061462402344,69.55438232421875,"КГУ ""Общеобразовательная средняя школа №69"""
42.369964599609375,69.6955795288086,"КГУ ""Общеобразавательная средняя школа №58"""
43.53557586669922,68.2302017211914,"КГУ ""Малокомплектная общая средняя школа ""Серт"""
42.31622314453125,69.5810546875,"ГУ ""Школа-гимназия №20 имени Титова"""
52.26939392089844,76.94862365722656,"КГУ ""СОШ №39"""
53.122867584228516,74.19205474853516,"КГУ ""Абайская СОШ"""
53.54402542114258,76.30796813964844,"КГУ ""Калиновская СОШ"""
52.79758071899414,75.96324157714844,"КГУ  "" ОСШ имЫ.Алтынсарина"""
51.71890640258789,75.28997802734375,"КГУ ""СОШ № 9"""
51.26460647583008,77.86643981933594,"КГУ ""Казанская СОШ"""
51.936561584472656,77.29839324951172,"КГУ ""Кенесская ООШ"""
50.71107864379883,75.66697692871094,"КГУ  ""СОШ им. Д. Рахметова"""
52.46284484863281,76.65660858154297,"КГУ  ""СШ села Сарышыганак"""
52.03438186645508,75.45634460449219,КГУ СОШ № 28 им. Абая
52.27492141723633,76.96212005615234,"КГУ ""Гимназия для одаренных детей имени Абая"""
43.5150146484375,68.4808349609375,"КГУ ""Общая средняя школа имени Динмухамеда Кунаева"""
42.33697509765625,69.57099914550781,"КГУ ""Общеобразовательная средняя школа № 78"""
42.37451171875,69.4693832397461,"КГУ ""Общеобразовательная средняя школа №60"""
42.32848358154297,69.57923126220703,"КГУ ""Общеобразовательная средняя школа №3 имени Ұлықбек"""
40.68444061279297,68.39759826660156,КГУ Общая средняя школа №28 имени М.Отемисулы
43.394771575927734,68.0225830078125,"КГУ ""Основная средняя школа-интернат №5 имени К.Рысбекова"""
42.86337661743164,68.05540466308594,"КГУ ""Общая средняя школа имени Ш.Уалиханова"""
40.78494644165039,68.32547760009766,"КГУ ""Школа-гимназия №1 имени М.Горького"""
42.82223129272461,68.44328308105469,"КГУ ""Малокомплектная общая средняя школа имени С. Алиева"""
41.38566970825195,68.82289123535156,"КГУ ""Малокомплектная общеобразовательная средняя школа №48 ""Санырау"""
42.434730529785156,69.84650421142578,"КГУ ""Основная средняя школа-интернат №6"""
42.27667236328125,69.59591674804688,"КГУ ""Общеобразовательная средняя школа № 72"" имени Сагадата Нурмагамбетова"""
42.09397506713867,68.01514434814453,"КГУ ""Общая средняя школа ""Егизкум"""
42.02796173095703,70.09344482421875,"КГУ ""Малокомплектная основная средняя школа ""Біркөлік"" отдела развития человеческого потенциала Толебийского района"
42.4909782409668,70.27871704101562,"КГУ ""Общая средняя школа имени П.Шевцова"""
42.39417266845703,69.59261322021484,"КГУ ""Общеобразовательная средняя школа №59"""
40.80916976928711,68.17569732666016,"КГУ ""Общая средняя школа №25"""
43.223045349121094,68.13134765625,"КГУ ""Общая средняя школа имени А.Усенова"""
42.46865463256836,69.53160858154297,"КГУ ""Общеобразовательная средняя школа №106 ""Қайнарбұлақ"""
42.295936584472656,69.59174346923828,"КГУ ""Общеобразовательная средняя школа №22 имени Коркыт ата"""
40.70402908325195,68.46146392822266,КГУ Общая средняя школа №27 имени Ж.Нурлыбаева
42.317352294921875,69.56332397460938,"КГУ ""Общеобразовательная средняя школа №4 имени Х.Досмұхамедова"""
42.33560562133789,69.61253356933594,"КГУ ""Общеобразовательная средняя школа №79"""
42.80243682861328,68.07878112792969,"КГУ ""Малокомплектная ОСШ имени Гани Муратбаева"""
43.513301849365234,68.5103988647461,"КГУ ""Общая средняя школа №12 имени Б.Момышулы"""
42.30118179321289,69.5438003540039,"КГУ ""Общеобразовательная средняя школа №61 имени Ашимжана Ахметова"""
42.296653747558594,69.61202239990234,КГУ ''Общеобразовательная средняя школа №31 имени Терешковой''
42.90083312988281,68.80999755859375,"КГУ ""Общая средняя школа имени М.Шаханова"""
43.51205825805664,68.49808502197266,"КГУ  ""Школа-гимназия №1 имени Ы.Алтынсарина общественно-гуманитарного направления"""
43.24824142456055,67.95983123779297,"КГУ ""Общая средняя школа ""Аманкелды"""
40.78568649291992,68.32411193847656,КГУ «Общая средняя школа №2 имени Ш.Уалиханова»
42.379249572753906,70.37086486816406,"МКНШ ""Ирсу"""
40.788570404052734,68.18130493164062,"КГУ ""Общая средняя школа №27 имени А.Жангельдина"""
41.40885925292969,68.78096771240234,"КГУ ""Начальная образовательная школа №50"""
42.317928314208984,69.60343933105469,"КГУ ""Специализированная гимназия №8 с обучением на трех языках имени Мухамеда Хайдара Дулати"""
42.31344985961914,69.61459350585938,"КГУ ""Общеобразовательная средняя школа №10 имени Акпан батыра"""
42.12912368774414,69.979248046875,"КГУ ""Начальная школа ""Қосағаш"" отдела развития человеческого потенциала Толебийского района"
41.39121627807617,69.10385131835938,"КГУ ""Общеобразовательная средняя школа №35 имени Б.Гафурова"""
42.328060150146484,69.55581665039062,"КГУ ""Общеобразовательная средняя школа №42 им. Хамзы"""
42.44364929199219,69.84271240234375,"КГУ ""Начальная школа ""Жон-арық"""
43.40555191040039,68.38306427001953,"КГУ ""Общая средняя школа имени М.Ауэзова"""
43.51251220703125,68.52082824707031,"КГУ ""Общая средняя школа №2 имени Ш.Канайулы"""
41.27384948730469,67.99029541015625,"КГУ ""Общая средняя школа №12"""
42.36207962036133,69.62662506103516,"КГУ ""IT Школа-лицей №80 управления образования города Шымкент"""
42.86925506591797,68.69388580322266,"КГУ ""Малокомплектная ОСШ имени Сейтжана Қуртаева"""
43.172340393066406,68.07292938232422,"КГУ ""Малокомплектная общая средняя школа имени С.Кожанова"""
42.312294006347656,69.55724334716797,"КГУ ""Общеобразовательная средняя школа №5 имени Молда Мұса"""
41.24542236328125,69.00753021240234,"КГУ ""Общеобразовательная средняя школа №21"""
42.32790756225586,69.55036163330078,"КГУ ""Общеобразовательная средняя школа №53 имени Сабыр Рақымова"""
42.35424041748047,69.6235580444336,"КГУ ""Общеобразовательная средняя школа №62 имени Н.Торекулова"""
42.60384750366211,69.26078796386719,КГУ Общая средняя школа имени Амангелды
42.49459457397461,70.2544937133789,"МКНШ ""Коктерек"""
42.341636657714844,69.51458740234375,"КГУ ""Общеобразовательная средняя школа №21 им. А.П.Чехов"""
43.5053825378418,68.50961303710938,"КГУ ""Школа-гимназия №14 имени Аль-Фараби эстетико-лингвистического направления"""
42.17848205566406,69.90437316894531,"КГУ ""Общеобразовательная средняя школа №4 имени К.Сатбаева"" отдела развития человеческого потенциала Толебийского района"
42.296695709228516,69.74227905273438,"КГУ ""Общеобразовательная средняя школа №109"""
42.31170654296875,69.59762573242188,"ГУ ""Общеобразовательная средняя школа №11 имени А.Навои"""
40.77548599243164,68.33695220947266,"КГУ ""Общая средняя школа №3 имени Ю.Гагарина"""
41.3825798034668,69.0975112915039,"КГУ ""Общеобразовательная средняя школа №32 имени К.Аманжолова"""
42.19816207885742,69.95726013183594,"КГУ ""Общеобразовательная средняя школа имени К.Тыныбекова"" отдела развития человеческого потенциала Толебийского района"
42.441444396972656,69.5517349243164,"КГУ ""Общеобразовательная средняя школа №83"""
42.340885162353516,69.54801940917969,"КГУ ""Общеобразовательная средняя школа №43"""
51.72058868408203,75.31564331054688,КГУ Школа-лицей №36
42.29887771606445,69.58126831054688,"КГУ ""Общеобразовательная средняя школа № 6 имени Ж.Баласагуна"""
42.486328125,69.13811492919922,"КГУ ""Малокомплектная Общая средняя школа Бирлик"""
43.3568115234375,68.3578109741211,"КГУ ""Общая средняя школа ""Шобанак"""
42.291412353515625,69.61377716064453,"КГУ ""Общеобразовательная средняя школа №63"""
42.37748718261719,68.20491027832031,"КГУ ""ОСШ имени С.Сейфуллина"""
42.32568359375,69.70134735107422,"КГУ ""Общеобразовательная средняя школа №110 имени З.Хусанова"""
42.46894454956055,69.65057373046875,"КГУ ""Малокомплектная общая средняя школа имени Курмангазы"""
40.784271240234375,68.3102035522461,"КГУ ""Общая средняя школа-гимназия №4 имени Абая"""
52.98998260498047,74.11248016357422,"КГУ ""Буланбайская ООШ"""
42.583168029785156,69.20172882080078,КГУ Общая средняя школа имени К.Бектаева
52.592926025390625,76.75730895996094,"КГУ ""Сычёвская ООШ"""
42.558963775634766,69.99977111816406,ОСШ имени А.Макаренко
51.744873046875,75.31832885742188,КГУ СОШ № 33
40.96198272705078,68.14959716796875,"КГУ ""Общая средняя школа №63 имени Ы.Алтынсарина"""
41.46029281616211,69.15798950195312,"КГУ ""Общеобразовательная средняя школа №6 имени Ж.Аймауытова"""
42.4946403503418,70.31993865966797,"КГУ  ""Малокомплектная общая средняя школа ""Алгабас-1"""
42.30946731567383,69.63176727294922,"КГУ ""Общеобразовательная средняя школа №12 им. М.Горького"""
42.25712966918945,69.74029541015625,"КГУ ""Общеобразовательная средняя школа № 105 имени Мукуми"""
42.18341064453125,69.88540649414062,"КГУ ""Школа-гимназия №5"" отдела развития человеческого потенциала Толебийского района"
42.1823844909668,69.93490600585938,"КГУ ""Общеобразовательная средняя школа ""Момынай"" отдела развития человеческого потенциала Толебийского района"
43.51139450073242,68.50690460205078,"КГУ ""Школа-лицей №16 имени Ю.Гагарина"""
42.27477264404297,69.5994873046875,"КГУ ""Общеобразовательная средняя школа №84 им. Циолковского"""
51.83915328979492,77.1705322265625,"КГУ ""СШ имени Донентаева"""
51.21683883666992,75.7926254272461,"КГУ  ""Шоптыкольская СОШ"""
52.386962890625,76.85536193847656,"КГУ ""СОШ №40"""
40.77000427246094,68.33282470703125,"КГУ ""Специализированная школа-интернат ""Дарын"" Жетысайского района"""
41.41090393066406,69.15567779541016,"КГУ ""Общеобразовательная средняя школа №68 имени Т.Оспанова"""
51.72637176513672,75.33293151855469,"КГУ ""СОШ № 10"""
52.90156173706055,76.23423767089844,"КГУ   ""ОСШ   имени Муткенова"""
52.92091369628906,76.5050277709961,"КГУ ""Кызылтанская СОШ"""
52.293609619140625,76.9352035522461,"ГУ ""Школа-лицей № 8 для одаренных детей"""
42.524776458740234,69.76890563964844,"КГУ ""ОСШ №3 имени Хамзы"""
42.6478157043457,68.1534423828125,"КГУ  ""Общая средняя школа имени  М. Ауезова"""
42.54094696044922,69.93077087402344,ОСШ имени А.Оразбаевой
53.45326614379883,74.23970794677734,"КГУ ""Агашорынская СОШ"""
42.31792449951172,69.64860534667969,"КГУ  ""Общеобразовательная средняя школа №44 имени Б.Момышулы"""
42.3049430847168,69.58719635009766,"КГУ ""Школа-гимназия №64 имени Ж.Аймаутова"""
42.25664138793945,69.74022674560547,"КГУ ""Общеобразовательная средняя школа №97"""
41.454776763916016,69.1815414428711,"КГУ ""Общеобразовательная средняя школа №2 имени А.Сулейменова"""
40.770606994628906,68.33494567871094,"КГУ ""Общая средняя школа №5 имени А.Байтурсынова"""
40.87656021118164,68.23652648925781,"КГУ ""Общая средняя школа №64 ""Макталы"""
42.319313049316406,69.5863037109375,"КГУ ""IT Школа-лицей №7 имени К.Спатаева"""
52.50086975097656,76.93170166015625,"КГУ ""Жамбылская НШ"""
51.219398498535156,77.95559692382812,"КГУ ""Казахстанская ОСШ"""
42.422447204589844,68.95217895507812,"КГУ Малокомплектная Начальная школа ""Калаш"""
42.18910217285156,69.87313842773438,"КГУ ""Общеобразовательная средняя школа №6"" отдела развития человеческого потенциала Толебийского района"
43.19060134887695,68.5202865600586,"КГУ ""Общая средняя школа имени ""Х.А.Яссави"""
42.160247802734375,69.92727661132812,"КГУ ""Общеобразовательная средняя школа ""Жаңа-ұйым"" отдела развития человеческого потенциала Толебийского района"
50.49488067626953,75.20658874511719,"КГУ  ""СОШ им. Б.Хайдарова"""
52.28818130493164,77.00965118408203,"КГУ ""СОШ №41"""
52.95501708984375,76.42447662353516,"КГУ ""Байконысская СОШ"""
51.71689987182617,75.29052734375,"КГУ ""СОШ № 11"""
42.53437423706055,70.34662628173828,"КГУ ""Школа-лицей имени Абая"""
41.4511833190918,69.174072265625,"КГУ ""Общеобразовательная средняя школа-гимназия №1 имени М.Ауезова"""
43.51988220214844,68.5007553100586,"КГУ ""Общая средняя школа №17 имени А.Навои"""
43.09147262573242,69.74967193603516,"ГКУ ""Основная средняя школа Жаңаталап"""
42.172386169433594,69.88157653808594,"Коммунальное государственное учреждение ""IT школа-лицей №7"" отдела развития человеческого потенциала Толебийского района"
51.717796325683594,75.33697509765625,"КГУ ""Школа-гимназия № 35"""
52.686588287353516,76.48885345458984,"КГУ    ""Караобинская  ОСШ"""
52.30192565917969,76.9213638305664,"ГУ ""Областная казахская гимназия-интернат для одаренных детей им. И.Алтынсарина"""
42.5162353515625,69.76642608642578,"КГУ ""Общая средняя школа №10 ""Қарабұлақ"""
53.24345397949219,76.50454711914062,"КГУ ""Львовская СОШ"""
52.015113830566406,76.50863647460938,"КГУ ""ОШ села Сольветка"""
42.30857849121094,69.57295227050781,"КГУ ""Общеобразовательная средняя школа №29 имени А.Молдагуловой"""
53.11421585083008,74.87175750732422,"КГУ ""Косагашская СОШ"""
42.31429672241211,69.58804321289062,"КГУ ""Общеобразовательная средняя школа №13 имени Мукими"""
42.382843017578125,69.2590560913086,КГУ Общая средняя школа имени С.Сейфуллина
40.784908294677734,68.32555389404297,"КГУ ""Школа-гимназия ""№7 Туран"""
42.2697868347168,69.837158203125,"КГУ ""Общеобразовательная средняя школа №101 имени Али Акбаева"""
51.5109977722168,77.48526763916016,"КГУ ""Жалтырская СОШ"""
52.25225067138672,76.94860076904297,КГУ «СОШ им. М. Ауезова»
52.84621810913086,76.59423828125,"КГУ ""Карагольская НШ"""
43.180999755859375,68.53048706054688,"КГУ ""Общая средняя школа Старый Икан"""
54.038326263427734,75.88270568847656,"КГУ ""Алакольская ОСШ"""
52.66381072998047,76.51290893554688,"КГУ   ""ОСШ имени К.Идрисова"""
40.87055206298828,68.3115234375,"КГУ ""Общая средняя школа №38 имени С.Асанова"""
42.281761169433594,69.55237579345703,"КГУ ""Общеобразовательная средняя школа №122 Акжар"""
51.7276725769043,75.29351043701172,"КГУ ""СОШ № 12"""
53.11683654785156,75.92342376708984,"КГУ ""Осьмерыжская ООШ"""
51.95158767700195,75.96944427490234,"КГУ ""СШ села Акжол"""
42.25651931762695,70.02154541015625,"КГУ ""Общеобразовательная средняя школа Қазақстан"" отдела развития человеческого потенциала Толебийского района"
50.406272888183594,75.75102233886719,"КГУ  ""СОШ им. К. Кеменгерова """
42.29420852661133,69.62789154052734,"КГУ ""Общеобразовательная средняя школа №37 имени Фурката"""
43.15249252319336,67.90789031982422,"КГУ  Малокомплектная начальная школа ""Жалантос"""
42.30906677246094,69.58145904541016,"ГКППХ ""Школа-гимназия №45"""
42.52982711791992,70.3426742553711,"КГУ ""ИТШЛ им. А. Пушкина"""
42.32145690917969,69.60588073730469,"КГУ ""ІТ Лицей №9 имени О.Жолдасбекова"""
41.52901077270508,69.35564422607422,"КГУ ""Общеобразовательная средняя школа №14 имени Алыбай батыра"""
42.32107162475586,69.5780258178711,"ГКППХВ ""Школа-лицей №23 имени З.Космодемьянской"""
52.27039337158203,77.0103759765625,"КГУ ""Областная специализированная военная школа-интернат имени Кабанбай батыра"""
43.51195526123047,68.50432586669922,"КГУ""Школа-гимназия №22 имени М.Ауэзова"""
42.30992126464844,69.64778137207031,"КГУ ""Общеобразовательная средняя школа №30 имени Ораза Жандосова"""
42.32318878173828,69.60912322998047,"ГУ ""Общеобразовательная средняя школа №14 имени Айбека"""
52.462867736816406,76.65653228759766,"КГУ ""НШ села Суатколь"""
53.63214111328125,75.15644073486328,"КГУ ""Башмачинская ОСШ"""
43.00922775268555,69.4614486694336,"ГКУ ""Основная средняя школа имени С.Жиренова"""
52.905277252197266,77.42267608642578,"KГУ ""СОШ А.Байтурсынулы"""
42.55460739135742,69.6614761352539,"КГУ ""Общая средняя школа № 96"""
42.52070617675781,69.78893280029297,"КГУ ""Общая средняя школа №42 имени Фурката"""
42.47267150878906,69.44054412841797,"КГУ Общая средняя школа ""Ынтымак"""
52.00718688964844,77.18861389160156,"КГУ ""Каратогайская НШ"""
43.2652587890625,68.38612365722656,"КГУ ""Общая средняя школа имени Молда Мусы"""
51.35298156738281,77.66069030761719,КГУ «Сатинская ОСШ»
42.26924133300781,69.72582244873047,"КГУ ""Общеобразовательная средняя школа №104 имени Е.Юсупова"""
42.26216125488281,69.94686126708984,"КГУ ""Общеобразовательная средняя школа ""Жеңіс"" отдела развития человеческого потенциала Толебийского района"
40.860286712646484,68.31214141845703,"КГУ ""Общая средняя школа №37 “Енбек”"
53.44340896606445,75.77367401123047,"КГУ ""Первомайская ООШ"""
42.304237365722656,69.79650115966797,"КГУ ""Общеобразовательная средняя школа №111 им. М. Маметовой"""
51.72106170654297,75.3272476196289,"КГУ ""СОШ № 13"""
41.889854431152344,69.37715148925781,"КГУ ""Основная средняя школа ""Талдыбулак"""
41.51479721069336,69.32711029052734,"КГУ ""Основная образовательная средняя школа №46 имени Т.Токтарова"""
42.33132553100586,69.5567398071289,"КГУ ""Общеобразовательная средняя школа №33 имени Кенесары Касымулы"""
42.354583740234375,69.65401458740234,"КГУ ""Общеобразовательная средняя школа №121 ""Текесу"""
42.352394104003906,69.47136688232422,"КГУ ""Общеобразовательная средняя школа №82 имени Кенесары Касымулы"""
43.51664733886719,68.49423217773438,"КГУ ""Общая средняя школа №23 имени А.Бокейханова"""
42.2989501953125,69.7496566772461,"КГУ ""Общеобразовательная средняя школа №92"""
52.30001449584961,76.92459869384766,КГУ «Школа - лицей имени Аманжола Шамкенова»
51.00319290161133,74.9978256225586,"КГУ  ""СОШ им. Машхур Жусуп Копеева"""
51.997314453125,76.97904968261719,"КГУ ""Начальная школа № 5"""
42.342342376708984,69.63951873779297,"КГУ ""Школа-лицей №46"""
42.33870315551758,69.6278076171875,"ГКП ПХВ ""Школа-гимназия №38 имени Н. Ондасынова"""
42.33229446411133,69.63411712646484,"КГУ ""IT школа-лицей №24 имени Саттара Ерубаева"""
53.95762634277344,76.57077026367188,"КГУ ""Будёновская ООШ"""
53.01121520996094,75.96163177490234,"КГУ ""ОСШ им. Абая"""
52.27254867553711,76.97493743896484,"КГУ ""Областной многопрофильный лицей-интернат для одаренных детей"""
52.91471481323242,77.41580200195312,"КГУ ""СОШ им. М.Жумабаева"""
42.38937759399414,69.58213806152344,"ГКП ПХВ ""Общеобразовательная средняя школа №88"""
42.37125015258789,69.72416687011719,"КГУ ""Общеобразовательная средняя школа №32 имени Абая"""
52.62163162231445,77.2077407836914,"КГУ ""Богдановская ООШ"""
51.730194091796875,75.15455627441406,"КГУ ""СОШ № 14"""
42.89411926269531,69.47792053222656,"ГКУ ""ОСШ Жолгабас"""
42.49604415893555,69.41150665283203,"КГУ ""Общая средняя школа ""Достык"""
41.47690963745117,69.36651611328125,"КГУ ""Общеобразовательная средняя школа №20 имени Амангельды"""
42.491397857666016,69.71656799316406,"КГУ ""Малокомплектная общая средняя школа №71 имени Карасай батыра"""
51.0803108215332,78.07032012939453,"КГУ ""Каратерекская СОШ"""
42.52649688720703,69.75507354736328,"КГУ ""ОСШ №41 имени Жамбыла"""
52.872528076171875,74.64822387695312,"КГУ  ""Шиликтинская ОШ"""
42.23008728027344,70.01988220214844,"КГУ ""Общая средняя школа ""Көксәйек"" отдела развития человеческого потенциала Толебийского района"
43.40860366821289,68.60049438476562,"КГУ ""Малокомплектная начальная школа ""Шоктас"""
42.34349060058594,69.80623626708984,"КГУ ""Общеобразовательная средняя школа №114 ""Сайрам"""
53.0001106262207,76.3015365600586,"КГУ ""Песчанская СОШ №1"""
41.874324798583984,69.78876495361328,"КГУ ""Основная средняя школа имени Б. Кудайназарова"""
42.30928421020508,69.731689453125,"КГУ ""Общеобразовательная средняя школа №112 имени Б.Садыкова"""
53.00923538208008,75.98509216308594,"КГУ  ""ОСШ им. М. Кайырбаева"""
52.53423309326172,77.34478759765625,"КГУ ""Ефремовская СОШ"""
42.293060302734375,69.92007446289062,"КГУ ""Общеобразовательная средняя школа № 70 имени Сансызбая Бекбосынова"""
42.228858947753906,69.79723358154297,"КГУ ""Общеобразовательная средняя школа №119 Маятас"""
40.89830017089844,68.54512023925781,КГУ Общая средняя школа №39 имени Жамбыла
42.2951545715332,70.26912689208984,"КГУ ""Начальная школа ""Аршалы"" отдела развития человеческого потенциала Толебийского района"
43.51398468017578,68.4920654296875,"КГУ ""Общая средняя школа №24 имени Т.Рыскулова"""
52.33976364135742,75.05375671386719,"КГУ ""Аккольская СОШ"""
52.259307861328125,76.97518157958984,"КГУ ""СОШ №17"""
42.28187942504883,69.60613250732422,"КГУ ""Общеобразовательная средняя школа №34 имени Гагарина"""
53.81049346923828,75.80157470703125,"КГУ ""ОСШ им. Ч. Валиханова"""
52.90711975097656,77.42205047607422,"КГУ ""СОШ им. Абая"""
52.408172607421875,77.14915466308594,"КГУ ""Коряковская НШ"""
52.0337028503418,75.45767974853516,"КГУ ""СОШ № 16"""
42.341243743896484,69.60234069824219,"КГУ ""Школа-гимназия №47 имени Т.Тажибаева"""
42.33566665649414,69.63884735107422,"КГУ ""Общеобразовательная средняя школа №39 им. М.Жумабаева"""
42.254905700683594,69.70825958251953,"КГУ ""Общеобразовательная школа № 100 Жулдыз"""
42.32735824584961,69.5927734375,"КГУ ""Начальная школа Елтай №123"""
42.33631896972656,69.64513397216797,"ГКППХВ  ""Школа-гимназия №25 имени Т.Рыскулова"""
42.434200286865234,69.29054260253906,"КГУ ""Общая средняя школа имени Абая"""
42.407249450683594,69.6087646484375,"КГУ ""ІТ Школа-лицей №89"""
42.42584991455078,69.86038970947266,"КГУ ""Общая средняя школа №11 ""Манкент"""
51.70448684692383,75.34416961669922,"КГУ ""СОШ № 17"""
42.35444259643555,69.69583129882812,"КГУ ""Общеобразовательная средняя школа №116 имени Д.Нурпейсовой"""
42.55409622192383,69.7626724243164,"КГУ ""Общая средняя школа №89 ""Кайнарбулак"""
52.717010498046875,74.2820816040039,"КГУ  ""Балтасапская ОШ"""
52.32312774658203,77.13309478759766,"КГУ ""Жетекшинская СОШ"""
52.49267578125,78.15296173095703,"КГУ ""СОШ имени Абая Кунанбаева """
51.12439727783203,78.04660034179688,"КГУ ""Майтюбекская СОШ"""
41.86225891113281,69.67864990234375,"КГУ ""ОШ  ""1-Мамыр"""
43.552772521972656,68.10540771484375,"КГУ ""Малокомплектная начальная школа ""Коксарай"""
42.34531784057617,69.81055450439453,"КГУ ""Общеобразовательная средная школа №91"""
42.289554595947266,69.6627426147461,"КГУ ""Общеобразовательная средняя школа № 74"""
53.019744873046875,75.92739868164062,"КГУ   ""ОСШ им Каныша Сатпаева"""
41.512874603271484,69.35124969482422,"КГУ ""Общеобразовательная средняя школа №17 имени Ы.Алтынсарина"""
42.759605407714844,68.14521789550781,"КГУ ""Малокомплектная общая средняя школа ""Шеңгелді"""
42.85721206665039,69.72273254394531,"Государственное комунальное учреждение ""Общая средняя школа имени Ж.Жунисбекова"" отдела образования района Байдибек"
42.4264030456543,69.35401916503906,"КГУ ""Общая средняя школа имени М.Ауезова"""
42.2302131652832,69.80243682861328,"КГУ ""Общеобразовательная средняя школа №120 имени Б. Момышулы"""
42.3390998840332,69.61455535888672,"КГУ ""Общеобразовательная средняя школа №35 имени М.Маметовой"""
43.514015197753906,68.50283813476562,"КГУ ""Специализированая школа-интернат ""Дарын"""
42.317142486572266,69.55208587646484,"КГУ ""Школа-гимназия №26 им. Жамбыла"""
52.2968635559082,77.00894165039062,"КГУ ""СОШ №18"""
42.32585525512695,69.63929748535156,"КГУ ""Школа-гимназия №40 имени Алпамыс батыра"""
53.51482009887695,77.39642333984375,"КГУ ""Каратайская СОШ"""
53.78993606567383,76.35324096679688,"КГУ ""Веселорощинская ОСШ"""
42.34199142456055,69.61487579345703,"КГУ ""Специализированный IT лицей-интернат №1 для одаренных детей"""
40.865074157714844,68.5423583984375,КГУ Общая средняя школа №37 имени К.Укибаева
51.74815368652344,75.48860168457031,КГУ Атыгайская СОШ
42.43575668334961,69.86005401611328,"КГУ ""Общая средняя школа имени Сабыра Рахимова"""
42.42267608642578,68.79723358154297,КГУ «СШ  № 3»
52.09977340698242,77.10435485839844,"КГУ ""Заринская СОШ"""
43.19050216674805,68.5208511352539,"КГУ ""Общая средняя школа №25"""
51.95289993286133,76.01497650146484,"КГУ ""СШ села Калкаман"""
52.48550033569336,77.18783569335938,"КГУ ""Зангарская СОШ"""
42.187129974365234,69.52957153320312,"КГУ ""Общеобразовательная средняя школа Актас №73"""
42.47269821166992,69.13894653320312,"КГУ ""Общая средняя школа имени К.Мусрепова"""
41.86103820800781,69.4262924194336,"КГУ ""Общеобразовательная школа ""Аккум"""
52.25688552856445,76.99296569824219,Средняя общеобразовательная школа имени Жумабека Ташенева
42.6477165222168,68.15350341796875,"КГУ ""Основная средняя школа ""Ергобек"""
52.2929573059082,76.95401763916016,"КГУ ""СОШ №6"""
42.957550048828125,68.97575378417969,"КГУ ""Общая средняя школа ""Кызылжар"""
42.35260009765625,69.72415161132812,"КГУ ""Общеобразовательная средняя школа №102"""
42.358341217041016,69.67969512939453,"КГУ ""Общеобразовательная средняя школа №85 имени Х.Әлімжан"""
53.51548767089844,76.9425277709961,"КГУ ""Трофимовская СОШ"""
43.51222229003906,68.50637817382812,"КГУ ""Кентауский лицей-интернат ""Білім-инновация"" №3 для мальчиков"""
51.7877311706543,75.06452178955078,"КГУ ""Байетская СОШ"""
41.47620391845703,69.29996490478516,"КГУ ""Общеобразовательная средняя школа №24 имени Ж.Сулейменова"""
51.77867126464844,78.66925811767578,"КГУ ""СОШ  имени Б. Уахатова"""
52.94746017456055,76.13167572021484,"КГУ ""Ленинская ОШ"""
40.933963775634766,68.53652954101562,КГУ  Общая средняя школа №40 имени С.Муканова
42.4106559753418,69.84632110595703,"КГУ ""Общая средняя школа имени Ибрагим Ата"""
42.33657455444336,69.62804412841797,"КГУ ""Школа-лицей №41 имени А.Макаренко"""
53.00482177734375,78.13838958740234,КГУ «СОШ им. М. Ауэзова»
42.33271408081055,69.5877685546875,"КГУ ""Специализированная школа-интернат №2 с обучением на трех языках"""
42.510704040527344,69.75580596923828,"КГУ ""Общая средняя школа №101"""
52.283626556396484,76.97869110107422,Средняя общеобразовательная школа имени Мәшһүр Жүсіп
42.32091522216797,69.63446044921875,"КГУ ""Общеобразовательная средняя школа №36 имени Казыбек би"""
42.3377685546875,69.6457748413086,"КГУ ""Общая средняя школа №28"""
51.96158981323242,76.76494598388672,"КГУ ""Средняя школа имени Ю. Гагарина"""
43.02199172973633,69.36597442626953,"ГКУ ""Основная средняя школа Күлтөбе"""
53.44305419921875,77.5750732421875,"КГУ ""Богатырская ООШ"""
52.7127571105957,77.45079040527344,"КГУ ""Таволжанская СОШ"""
42.27269744873047,69.41015625,"КГУ ""Общеобразовательная средняя школа №81 им. Т. Тажибаева"""
41.707923889160156,69.01112365722656,"КГУ ""Общеобразовательная средняя школа №44 имени Г.Мустафина"""
42.448402404785156,69.24300384521484,КГУ Общая средняя школа имени М.Х.Дулати
42.37532424926758,69.72491455078125,"КГУ ""Основная средняя школа №115 имени Оразбая"""
41.95018005371094,69.77481842041016,"КГУ ""ОШ ""Майбулак"""
42.77257537841797,68.3732681274414,"КГУ ""Малокомплектная НШ ""Ызакол"""
40.958953857421875,68.46161651611328,КГУ Общая средняя школа №41
42.28150177001953,69.5518798828125,"КГУ ""Общеобразовательная средняя школа №86"""
41.473846435546875,69.15829467773438,"КГУ ""Общеобразовательная средняя школа №61"""
42.521549224853516,70.27799987792969,"КГУ ""Общая средняя школа имени З.Губайдуллина"""
43.230140686035156,68.95809173583984,"ГКУ ""общая средняя школа Косбулак"""
42.3369255065918,69.6209945678711,"КГУ ""Лицей-интернат ""Білім-инновация"" №1 для мальчиков"""
42.521793365478516,69.82941436767578,"КГУ ""Общая средняя школа №81 имени Улугбека"""
43.5207633972168,68.57360076904297,"КГУ ""Общая средняя школа №5 имени Абая"""
42.43453598022461,69.8812484741211,"КГУ ""Общая средняя школа №64 имени Ш.Рашидова"""
52.2845458984375,76.9466552734375,"КГУ ""СОШ №7"""
52.27363586425781,76.9646987915039,КГУ  Школа - лицей имени Әлихан Бөкейхан
51.71311569213867,78.98983001708984,"КГУ ""Шакинская СОШ"""
51.458709716796875,75.79631042480469,"КГУ  ""Майкаинская СОШ №2"""
52.904052734375,78.0566635131836,"КГУ ""Новопокровская ООШ"""
52.755950927734375,74.35594177246094,"КГУ ""Жалаулинская НШ"""
53.588600158691406,74.53089904785156,"КГУ ""Майконырская СОШ"""
42.27836990356445,69.62711334228516,"КГУ ""Общеобразовательная средняя школа №127"""
53.29587173461914,77.7711410522461,"КГУ ""СОШ им. Шакена Айманова"""
52.10843276977539,76.40730285644531,"КГУ ""СШ имени Бауыржана Момышулы"""
41.723899841308594,69.00855255126953,"КГУ ""Общеобразовательная средняя школа-интернат №12 имени С.Сейфуллина"""
52.01719665527344,76.80032348632812,"КГУ ""СШ села Уштерек"""
42.419647216796875,69.2635726928711,"КГУ ""Основная средняя школа имени С.Ыскакова"""
52.268402099609375,76.95960235595703,Средняя общеобразовательная школа-гимназия имени Шапық Шөкин
42.372352600097656,69.71233367919922,"КГУ ""Общеобразовательная средняя школа № 103"""
43.11607360839844,67.75807189941406,"КГУ ""Общая средняя школа имени Ы.Алтынсарина"""
51.39333724975586,78.29092407226562,"КГУ ""Шарбактинская СОШ"""
52.24474334716797,76.99211883544922,"КГУ ""СОШ №21"""
50.806602478027344,74.26447296142578,"КГУ ""СОШ им. Е. Бекмаханова"""
53.241390228271484,74.89641571044922,"КГУ ""Панфиловская СОШ"""
54.10305404663086,76.11018371582031,"КГУ ""Екишокская ООШ"""
41.47298812866211,69.20962524414062,"КГУ ""Общеобразовательная средняя школа №66 имени Толыбай батыра"""
42.36343002319336,69.56840515136719,"КГУ ""Общеобразовательная средняя школа №87 имени Абдраш Назарбекова"""
42.322914123535156,69.6364517211914,"КГУ ""№2 Лицей-интернат ""Білім-инновация"" для девочек"""
41.68539047241211,69.50341796875,"КГУ ""НШ им. Т. Калкаулы"""
42.62591552734375,69.71395874023438,"ГКУ ""Общая средняя школа имени Б.Момышулы"""
42.548126220703125,70.23894500732422,"КГУ ""Общая средняя школа имени Г.Титова"""
53.13600540161133,77.68240356445312,"КГУ ""Ковалевская ООШ"""
53.720550537109375,76.61650848388672,"КГУ ""Жолтаптыкская ООШ"""
52.82038497924805,77.85755920410156,"КГУ ""Вознесенская ООШ"""
52.22566223144531,76.80806732177734,"КГУ ""СШ села Айнаколь"""
42.535675048828125,69.78459167480469,"КГУ ""Общая средняя школа №92 ""Аксу"""
42.34765625,69.5361099243164,"КГУ ""Общеобразовательная средняя школа №16"""
42.504329681396484,70.22662353515625,"КГУ ""ОСШ имени М. Шаханова"""
43.52387237548828,68.57449340820312,"КГУ ""Общая средняя школа №6 имени А.С.Пушкина"""
41.57587814331055,68.84158325195312,"КГУ ""Общеобразовательная средняя школа №26 имени Т. Остемирова"""
42.60916519165039,68.57389068603516,"КГУ ""Малокомплектная начальная школа имени А.Байтурсынова"""
52.288108825683594,76.9434814453125,"КГУ ""СОШ №11"""
52.266971588134766,76.94849395751953,"КГУ ""СОШ им. Б. Момышулы"""
41.45000076293945,69.151123046875,"КГУ ""Общеобразовательная средняя школа №27 имени Шакарима"""
53.99856948852539,76.37073516845703,"КГУ ""Ескаринская ОСШ"""
41.46013259887695,69.15675354003906,"КГУ ""Общеобразовательная средняя школа №71"""
42.45746612548828,69.19440460205078,"КГУ ""Малокомплектная Общая средняя школа Теспе"""
43.551151275634766,68.90782928466797,"КГУ ""Общая средняя школа №7 имени Ж.Жабаева"""
52.627525329589844,76.5443115234375,"КГУ  ""Отеская НШ"""
42.511470794677734,69.79808807373047,"КГУ ""Общая средняя школа  имени""Далабазар"""
42.9987678527832,69.52511596679688,"ГКУ ""Основная средняя школа имени А.Нысанова"""
50.66505813598633,75.63722229003906,"КГУ  ""СОШ им. Алкея Маргулана"""
41.61399459838867,68.91505432128906,"КГУ ""Начальная образовательная школа №62 имени Т.Бокина"""
53.744693756103516,74.96540069580078,КГУ «СОШ имени Ш.Уалиханова»
42.40818405151367,69.60084533691406,"КГУ  ""Специализированная школа-гимназия для одаренных детей №90"""
51.91866683959961,77.05231475830078,"КГУ "" Жамбылская средняя школа"""
53.55870819091797,76.21519470214844,"КГУ ""Захаровская ООШ"""
42.59379959106445,68.60951232910156,"КГУ ""Общая средняя школа имени Абая"""
50.791255950927734,76.74198913574219,"КГУ ""Акшиманская ОСШ"""
53.096458435058594,77.44107055664062,"КГУ ""Козыкеткенская СОШ"""
52.899383544921875,77.86016845703125,"КГУ ""Павловская СОШ"""
42.58899688720703,69.83761596679688,"КГУ ОСШ имени Жамбула"""
52.295143127441406,76.97535705566406,Средняя общеобразовательная школа имени Рафики Нұртазиной
52.2919921875,77.0029067993164,"КГУ ""СОШ им. К. Бекхожина"""
52.36003494262695,77.27545166015625,"КГУ ""Кеменгерская СОШ"""
41.476314544677734,69.18370819091797,"КГУ ""Общеобразовательная средняя школа №60"""
40.87651824951172,68.23656463623047,КГУ «Общая средняя школа №61 имени Г.Муратбаева»
50.799034118652344,78.46516418457031,"КГУ ""Акжарская СОШ"""
42.0352897644043,68.2044906616211,"КГУ ""СШ им.  Амангелді"""
41.425376892089844,69.1484146118164,"КГУ ""Начальная образовательная школа №47 имени С.Кубеева"""
42.34323501586914,69.64169311523438,"КГУ ""Общеобразовательная средняя школа №71"""
51.717830657958984,75.3334732055664,"КГУ ""Областной многопрофильный полиязычный лицей-интернат для одаренных детей"""
52.784114837646484,77.25971221923828,"КГУ ""Равнопольская ООШ"""
52.30245590209961,76.77483367919922,"КГУ ""СШ имени М. Кабылбекова"""
43.55203628540039,68.89859771728516,"КГУ ""ОСШ №8 имени М.Горького"""
52.966670989990234,73.90220642089844,"КГУ ""Селетинская СОШ"""
52.93579864501953,77.30848693847656,"КГУ ""Белоусовская СОШ"""
50.789756774902344,75.69548034667969,"КГУ ""СОШ №2 имени Шапыка Шокина"""
41.67311096191406,68.81991577148438,"КГУ ""Общеобразовательная средняя школа №41 имени А.Асанова"""
50.735042572021484,75.30937194824219,"КГУ ""Егиндыбулакская СОШ"""
42.79795837402344,68.71101379394531,"КГУ ""Общая средняя школа имени К.Мунайтпасова"""
42.220821380615234,69.79737091064453,"КГУ ""Основная средняя школа №126 ""Айнатас"""
42.703670501708984,69.78936767578125,"ГКУ ""ОСШ имени К.Отемисулы"""
51.71928405761719,77.53509521484375,"КГУ ""Потанинская СОШ"""
42.54278564453125,69.75589752197266,"КГУ ""Общая средняя школа №100"""
42.520423889160156,70.2926254272461,"МКНШ ""Кызыл-аскер"""
41.506404876708984,69.2634506225586,"КГУ ""Общеобразовательная средняя школа №72"""
52.25544738769531,76.96923828125,"КГУ ""СОШ №24"""
52.781471252441406,76.64944458007812,"КГУ ""Достыкская ООШ"""
52.639766693115234,77.33505249023438,"КГУ ""Луганская СОШ"""
40.966026306152344,68.09656524658203,"КГУ  ""Общая средняя школа №65 ""Достык"""
43.04882049560547,69.85559844970703,"ГКУ ""ОСШ имени Л.Өтешова"""
52.98155212402344,77.9792251586914,"КГУ ""Дмитриевская НОШ"""
53.11072540283203,74.44651794433594,"КГУ ""Тохтинская ООШ"""
41.90743637084961,68.14446258544922,"КГУ ""СШ №5  им. М.Маметовой"""
53.89384841918945,75.48820495605469,"КГУ ""Крупская ООШ"""
52.33879089355469,76.7254409790039,"КГУ ""СШ имени К. Камзина"""
41.402339935302734,69.06096649169922,"КГУ ""Общеобразовательная средняя школа №33 имени Б.Момышулы"""
52.1798095703125,76.61672973632812,"КГУ ""Основная школа станции Спутник"""
41.516143798828125,69.27523803710938,"КГУ ""Общеобразовательная средняя школа №75 имени Ж.Жабаева"""
41.46126937866211,69.15644073486328,КГУ «Специализированная школа-интернат №4»
50.794471740722656,75.71441650390625,"КГУ  ""СОШ им. З. Акишева"""
43.548309326171875,68.48143005371094,"КГУ ""Общая средняя школа №9 имени С.Кожанова"""
53.07732391357422,76.96998596191406,"КГУ ""Тимирязевская ООШ"""
50.864994049072266,75.63284301757812,"КГУ  ""СОШ им. С.Торайгырова """
42.613128662109375,68.61505126953125,"КГУ ""Начальная школа Арыс"""
52.24943923950195,76.95126342773438,"КГУ ""СШ №25"""
42.54269027709961,69.77740478515625,"КГУ ""Общая средняя школа №77 Туран"""
42.52235412597656,70.376708984375,СШ им. Дауана
52.64822769165039,77.025146484375,"КГУ ""Аккудыкская начальная школа"""
42.67280578613281,69.84642028808594,"ГКУ ""Общая средняя школа Сарыбулак"""
52.308197021484375,76.91968536376953,"КГУ ""СОШ №30"""
52.233558654785156,77.59298706054688,"КГУ ""Маралдинская ООШ"""
52.274169921875,76.97347259521484,"КГУ ""СОШ №14"""
51.722713470458984,75.31222534179688,"КГУ ""СОШ № 23"""
51.916873931884766,77.32723236083984,"КГУ ""Ямышевская СОШ"""
41.767295837402344,69.38027954101562,"КГУ ""ШЛ им. К.Сатпаева"""
43.49601745605469,68.4929428100586,"КГУ ""школа-лицей информационных технологий №19 имени А.Молдагуловой"""
42.61146545410156,70.26996612548828,"МОСШ ""Жанаталап"""
53.306278228759766,74.68810272216797,КГУ «Узынсуская СОШ»
42.61656188964844,68.26497650146484,"КГУ ""Малокомплектная основная школа Сырдария"""
51.997886657714844,76.08479309082031,"КГУ ""СШ села Береке"""
41.53228759765625,69.27745819091797,"КГУ ""Общеобразовательная средняя школа №37 имени Б.Майлина"""
50.70541763305664,76.05256652832031,"КГУ ""Лекерская ООШ"""
50.797061920166016,75.6788330078125,"КГУ  ""Средняя общеобразовательная школа-интернат им. Ш.Айманова"""
50.551761627197266,76.26844024658203,"КГУ  ""СОШ им. Ж.Аймаутова"""
51.892982482910156,77.37751770019531,"КГУ ""Ямышевская СОШ"""
52.883182525634766,77.02467346191406,"КГУ ""СОШ им. Маншук  Маметовой"""
41.86235046386719,69.67861938476562,"КГУ ""ОШ им. О.Жамалова"""
52.492347717285156,78.15300750732422,"КГУ ""СОШ с ГК"""
43.75890350341797,69.17204284667969,КГУ «Общая средняя школа имени Ы.Алтынсарина отдела развития человеческого потенциала Созакского района управления развития человеческого потенциала Туркестанской области»
41.010135650634766,68.19563293457031,КГУ «Общая средняя школа №58» отдела развития человеческого потенциала Жетысайского района упарвления развития человеческого потенциала Туркестанской области
52.241172790527344,76.75028991699219,"КГУ ""СОШ №31"""
42.30772399902344,69.96935272216797,"КГУ ""Общая средняя школа №6 имени С.Кирова"""
52.186744689941406,77.02518463134766,"КГУ ""Кенжекольская СОШ"""
53.1529426574707,73.9876708984375,"КГУ ""Коскольская СОШ"""
42.0973014831543,69.89131164550781,"КГУ ""Общеобразовательная средняя школа ""Бірінші мамыр"" отдела развития человеческого потенциала Толебийского района"
51.46018981933594,75.79752349853516,"КГУ ""СОШ имени Мухтара Ауэзова"""
42.46135330200195,68.20597839355469,"КГУ ""ОСШ ""Көкмардан"""
51.72342300415039,75.32505798339844,"КГУ ""Школа-гимназия № 24 многопрофильного направления"""
52.675933837890625,76.71472930908203,"КГУ ""Чернорецкая СОШ №2 """
51.53761672973633,77.64008331298828,"КГУ ""Жанатанская ООШ"""
41.12876892089844,68.73223114013672,"КГУ ""Общеобразовательная средняя школа №36 имени М.Маметовой"""
43.76521301269531,69.17861938476562,Коммунальное государственное учреждение «Общая средняя школа имени А.Байтурсынова отдела развития человеческого потенциала Созакского района управления развития человеческого потенциала Туркестанской области»
50.1612663269043,75.19622802734375,"КГУ  ""Жайминская СОШ"""
52.26776885986328,76.94608306884766,"КГУ ""СОШ №15"""
42.54896545410156,70.32981872558594,"КГУ ""ОСШ ""Жанкент"""
41.452083587646484,69.02821350097656,"КГУ ""Общеобразовательная средняя школа №34 имени Ш.Уалиханова"""
41.87405014038086,69.63871765136719,"КГУ ""ОШ ""Косагаш"""
43.51583480834961,68.3504638671875,"КГУ ""Школа-лицей естественного направления имени Махмуда Кашгари"""
52.78754806518555,77.23239135742188,"КГУ ""Константиновская СОШ"""
42.55138397216797,70.27925872802734,ОСШ имени А.Науаи
50.91080856323242,78.2403793334961,"КГУ ""Майская СОШ"""
42.31251907348633,69.96701049804688,"КГУ ""Общая средняя школа №56 имени Ю.Гагарина"""
53.79408645629883,74.9572982788086,"КГУ ""Караагашская СОШ"""
42.74554443359375,68.3598403930664,"КГУ ""Общая средняя школа имени А.Дарибаева"""
52.47637939453125,78.18502807617188,"КГУ ""СОШ  №3"""
41.75931167602539,69.38639831542969,"КГУ ""ШЛ им. Т.Рыскулова"""
42.5251579284668,69.10114288330078,"КГУ""Общая средняя школа имени Е.Ерназарова"""
52.807254791259766,75.13411712646484,"КГУ    "" ОСШ им Талгата Бигелдинова"""
53.21510314941406,75.43251037597656,КГУ «Каракудукская СОШ»
51.72286605834961,75.30001068115234,"КГУ ""СОШ № 18"""
42.19744110107422,70.17179107666016,"КГУ ""Малокомплектная общеобразовательная средняя школа Керегетас"" отдела развития человеческого потенциала Толебийского района"
41.426612854003906,68.9858169555664,"КГУ ""Общеобразовательная средняя школа №49 имени М. Жумабаева"""
51.717796325683594,75.33697509765625,"КГУ ""Казахская гимназия для девочек № 25"""
51.319175720214844,78.70079803466797,"КГУ ""Зор-Октябрьская ООШ"""
41.496826171875,69.27262115478516,"КГУ ""Общеобразовательная средняя школа №13 ""Мәңгілік ел"""
43.778961181640625,69.16650390625,Коммунальное государственное учреждение «Общая средняя школа имени А.Молдагуловой отдела развития человеческого потенциала Созакского района управления развития человеческого потенциала Туркестанской области»
52.540016174316406,76.80799102783203,"КГУ "" Черноярская СОШ"""
43.5048713684082,68.3395767211914,"КГУ ""Общая средняя школа ""Карнак"""
42.82393264770508,68.28680419921875,"КГУ ""Общая средняя школа имени Сейткасыма Аширова"""
42.530296325683594,70.30616760253906,СШ им. Муратбаева
51.734859466552734,77.32278442382812,"КГУ ""СОШ-лицей имени А. Иманова"""
53.36941146850586,75.55042266845703,"КГУ ""Пятерыжская ООШ"""
53.658599853515625,75.01171112060547,"КГУ ""СОШ им.Исы Байзакова """
52.49032211303711,77.73388671875,"КГУ ""ООШ №2 """
42.204524993896484,70.2026596069336,"КГУ ""Малокомплектная общеобразовательная средняя школа Қасқасу"" отдела развития человеческого потенциала Толебийского района"
53.32712936401367,73.76842498779297,"КГУ ""Кызылкакская СОШ"""
41.86250305175781,69.6785888671875,"КГУ ""ОШ ""Алтынтобе"""
42.54485321044922,69.12014770507812,КГУ Общая средняя школа имени К.Омарова
42.34026336669922,69.97103118896484,"КГУ ""Общая средняя школа №57 имени И.Панфилова"""
41.75443649291992,69.39958953857422,"КГУ ""Специализированная школа-интернат ""Дарын"" Казыгуртского района"""
41.37409210205078,69.05830383300781,"КГУ ""Общеобразовательная средняя школа №16 имени И.В.Панфилова"""
43.754390716552734,69.18893432617188,Коммунального государственного учреждения «ІТ-школа-лицей имени Назира Торекулова отдела развития человеческого потенциала Созакского района управления развития человеческого потенциала Туркестанской области»
42.508827209472656,69.3741226196289,КГУ начальная школа «Парасат»
41.49546813964844,69.26993560791016,"КГУ ""Общеобразовательная средняя школа №55 имени О.Жаутикова"""
40.974876403808594,68.38066101074219,"КГУ ""Общая средняя школа №45 имени Н.Исмайлова"""
53.032230377197266,76.65483093261719,"КГУ ""Тлеубайская ООШ"""
51.708984375,75.3062744140625,"КГУ ""СОШ № 21"""
51.72551727294922,75.32252502441406,"КГУ ""Школа-гимназия № 26"""
52.91496658325195,75.06611633300781,"КГУ  ""Енбекшинская ОШ"""
42.19110107421875,69.8202133178711,"КГУ ""Общеобразовательная средняя школа ""Сұлтан рабат"" отдела развития человеческого потенциала Толебийского района"
52.384037017822266,77.78429412841797,"КГУ ""Алгинская НОШ"""
40.85261154174805,68.4030990600586,"КГУ ""Общая средняя школа №18 имени М.Байзакова"""
53.63572311401367,75.16059875488281,"КГУ ""Кузьминская ООШ"""
51.63875198364258,78.55323791503906,"КГУ ""Казантайская ООШ"""
42.85920333862305,68.2928237915039,"КГУ ""Общая средняя школа имени К.Сатбаева"""
42.57790756225586,69.35014343261719,"КГУ ""Общая средняя школа имени Жамбыла"""
53.55118942260742,74.0810317993164,"КГУ ""Ленинская СОШ"""
51.427528381347656,77.5501480102539,"КГУ ""Малайсаринская СОШ"""
42.42440414428711,68.8038558959961,"КГУ ""СШ №32 им. А.Жангелдина"""
40.97520065307617,68.38004302978516,"КГУ ""Общая средняя школа №44 ""Жана дала"""
52.631141662597656,76.73278045654297,"КГУ "" Жана калинская ООШ"""
42.60209274291992,69.62492370605469,"КГУ ""Общая средняя школа №30 имени Ыбырая Алтынсарина"""
53.92630386352539,76.30352783203125,"КГУ ""Славяновская ООШ"""
53.36800003051758,76.31941223144531,"КГУ ""Федоровская СОШ"""
52.28651428222656,76.97494506835938,"КГУ ""СОШ имени Малайсары батыра"""
42.499603271484375,69.9764633178711,"КГУ ""Общая средняя школа имени К.Жандарбекова"""
41.45241165161133,69.28584289550781,"КГУ ""Общеобразовательная средняя школа №29 имени Улугбека"""
43.759010314941406,69.15782165527344,Коммунальное государственное учреждение «Лицей школа-интернат №14 имени Т.Алимкулова» отдела развития человеческого потенциала Созакского района управления развития человеческого потенциала Туркестанской области
51.72786331176758,75.31056213378906,"КГУ ""Школа - гимназия № 22 им. С. Торайгырова """
52.795494079589844,74.90156555175781,"КГУ ""ОСШ имени Естая"""
41.625728607177734,69.52963256835938,"КГУ ""ОШ ""Кызылтан"""
41.090423583984375,68.69141387939453,"КГУ ""Обшеобразовательная средняя школа №39 имени Л.Жолдасова"""
42.29698944091797,69.985107421875,"КГУ ""ОСШ №37"""
42.6339111328125,68.29589080810547,"КГУ ""Малокомплектная основная средняя школа ""Сарыкол"""
42.19175338745117,69.80016326904297,"КГУ ""Общеобразовательная средняя школа ""Жыланбузган"" отдела развития человеческого потенциала Толебийского района"
51.73185729980469,78.07695007324219,"КГУ ""Казынская СОШ"""
42.46260070800781,69.40077209472656,"КГУ ""Общая средняя школа ""Атамекен"""
42.430572509765625,68.96175384521484,"КГУ ""Общая средняя школа имени К.Сатбаева"""
42.296199798583984,70.1466293334961,"КГУ ""Общеобразовательная средняя школа ""Ханарык"" отдела развития человеческого потенциала Толебийского района"
53.448883056640625,75.4664306640625,"КГУ ""Моисеевская ООШ"""
53.54448318481445,75.15685272216797,"КГУ ""М.Горьковская СОШ"""
42.43342971801758,68.8077163696289,"КГУ Лицей-интернат ""Білім-инновация"" для мальчиков  имени Абая"""
40.861083984375,68.4280776977539,"КГУ ""Общая средняя школа №19 имени Аманкелды"""
53.260501861572266,76.71174621582031,"КГУ ""Фрументьевская основная общеобразовательная школа"""
53.35310363769531,76.70721435546875,"КГУ ""Воскресенская СОШ"""
42.48704147338867,70.00349426269531,"ОСШ  ""Жиынбай"""
52.293277740478516,76.95945739746094,"ГУ ""Гимназия №3 для одаренных детей"""
41.47308349609375,69.265625,"КГУ ""Общеобразовательная средняя школа №7 имени Толеби"""
40.9479866027832,68.41293334960938,"КГУ ""Общая средняя школа №43 ""Кызыл тан"""
52.24805450439453,76.79585266113281,"КГУ ""ООШ №32"""
44.13477325439453,68.46529388427734,Коммунальное государственное учреждение «Малокомплектная общая средняя школа имени Жамбыла» отдела развития человеческого потенциала Созакского района управления развития человеческого потенциала Туркестанской области»
53.34276580810547,75.44860076904297,"КГУ ""Иртышская СОШ №1"""
41.625511169433594,69.52989959716797,"КГУ ""ОШ ""Какпак"""
42.55282211303711,69.56816864013672,"КГУ ""Общая средняя школа №31 имени Байдибек"""
52.29454040527344,76.96084594726562,"КГУ ""СОШ №2"""
52.50584030151367,75.02005004882812,"КГУ  ""ОШ  имени Х.Шаяхметова"""
42.30818176269531,69.97012329101562,"КГУ ""Школа-гимназия №1"""
51.71939468383789,74.67765808105469,КГУ Шидертинская СОШ
41.24724578857422,68.98236083984375,КГУ «Общеобразовательная средняя школа №18 имени С.Кожанова»
42.17024612426758,69.85152435302734,"КГУ ""Общеобразовательная средняя школа №16 имени Ш.Уалиханова"" отдела развития человеческого потенциала Толебийского района"
51.46377182006836,77.78317260742188,"КГУ ""Лебяжинская СОШ"""
43.11444091796875,67.76407623291016,"КГУ ""Малокомплектная начальная школа Уштам"""
42.82759094238281,68.28227996826172,"КГУ ""ОСШ ""Мыншункыр"""
53.759666442871094,76.62661743164062,"КГУ ""Мынкульская"" ООШ"
41.45439147949219,69.31077575683594,"КГУ ""Общеобразовательная средняя школа №52 имени М.Отемисулы"""
43.303104400634766,68.23650360107422,"КГУ ""Школа-лицей №4 имени С.Сейфуллина"""
42.44589614868164,68.8188705444336,"КГУ ""СШ им. И.Журбы"""
42.05764389038086,69.57989501953125,"КГУ ""Специализированная физико-математическая школа-интернат №5 имени Жамбыла Каппарова"""
40.93393325805664,68.49076843261719,КГУ Общая средняя школа №42 имени М.Токжигитова
51.646644592285156,77.58865356445312,"КГУ ""ООШ имени Абая"""
43.8254508972168,68.88201904296875,Коммунальное государственное учреждение «Малокомплектная общая средняя школа имени Иманова» отдела развития человеческого потенциала Созакского района управления развития человеческого потенциала Туркестанской области
42.47146224975586,70.02277374267578,МОСШ имени Ш.Уалиханова
40.91026306152344,68.39361572265625,"КГУ ""Общая средняя школа №41 имени К.Даримбаева"""
52.27206039428711,76.98480224609375,"КГУ ""Лицей-интернат ""БІЛІМ-ИННОВАЦИЯ"" для одаренных девочек"""
53.7266845703125,75.48741912841797,"КГУ ""Абайская ООШ"""
53.33858871459961,75.45855712890625,КГУ «Иртышская СОШ №2»
52.20254135131836,75.08283996582031,"КГУ ""ООШ им. К. Алгамбарова"""
41.31548309326172,68.93358612060547,"КГУ ""Общеобразовательная средняя школа №22 имени З.Рустемова"""
53.55113220214844,77.1322021484375,"КГУ ""Жанакурлысская ООШ"""
41.772823333740234,69.48937225341797,"КГУ ""ОШ ""Шарбулак"""
42.40696716308594,69.80345916748047,"КГУ ""Общая средняя школа №14 имени М.Сапарбаева"""
41.88980484008789,69.53804016113281,"КГУ ""Основная средняя школа имени П. Акбарова"""
52.262664794921875,76.9782485961914,"КГУ ""СОШ им. К. Макпалеева"""
52.70883560180664,73.72135162353516,"КГУ  ""Шолаксорская ОСШ"""
52.29026412963867,76.95716857910156,"КГУ ""СОШ инновационного типа имени Ахмет Байтұрсынұлы»"
51.58086395263672,77.61830139160156,"КГУ ""Ленинская ООШ"""
53.603790283203125,75.91452026367188,"КГУ ""Новомирская ОСШ"""
43.77367401123047,69.1923828125,Коммунальное государственное учреждение «Общая средняя школа имени А.Сулейменова отдела развития человеческого потенциала Созакского района управления развития человеческого потенциала Туркестанской области»
51.796661376953125,78.98857116699219,"КГУ ""Амангельдинская НШ"""
51.526641845703125,77.47272491455078,"КГУ ""СОШ имени Е. Мукашева"""
42.61240005493164,68.61347198486328,"КГУ ""Малокомплектная начальная школа имени Ажимухана Касымбекова"""
53.32804489135742,75.45608520507812,КГУ «Иртышская СОШ №3»
53.164894104003906,75.8014907836914,"КГУ ""Жаскайратская ООШ"""
52.76463317871094,74.59365844726562,"КГУ   ""Жалаулинская ОСШ им. Н. Алшинова"""
42.15079879760742,69.8484878540039,"КГУ ""Общеобразовательная средняя школа ""Ақайдар"" отдела развития человеческого потенциала Толебийского района"
42.25407409667969,70.01463317871094,"КГУ ""Общеобразовательная средняя школа Толеби"" отдела развития человеческого потенциала Толебийского района"
42.91991424560547,68.86551666259766,"КГУ ""Малокомплектная Начальная школа Аксары"""
42.413333892822266,68.8102035522461,"КГУ ""ОСШИ ""№1 имени Е. Молдабаева"""
42.616798400878906,69.54864501953125,"КГУ ""Малокомплектная общая средняя школа ""имени Толе би"""
40.89784240722656,68.49238586425781,КГУ Общая средняя школа №43 имени Т.Аубакирова
43.293731689453125,68.23892211914062,"КГУ ""Общая средняя школа №5 имени Г.Муратбаева"""
41.792572021484375,69.3973388671875,"КГУ ""ОШ ""Ащыбулак"""
42.44282150268555,70.19071197509766,"МОСШ ""Сеславино"""
51.992218017578125,74.91712951660156,"КГУ ""Экибастузская СОШ"""
41.37980270385742,68.92110443115234,"КГУ ""Общеобразовательная средняя школа № 9 ""Колтоган"""
42.41242218017578,69.78404235839844,"КГУ ""Общая средняя школа №28 ""Акбай"""
40.9447135925293,68.16236114501953,"КГУ ""Общая средняя школа №62 имени Кенесары хана"""
52.0279655456543,76.93148040771484,"КГУ ""СОШ имени Абая города Аксу"""
41.930450439453125,69.62616729736328,"КГУ ""НШ им. А. Ахабаева"""
52.33730697631836,78.67369079589844,"КГУ ""Александровская СОШ"""
42.07355499267578,69.56879425048828,"КГУ ""ОШ с пришкольным интернатом ""Атбулак"""
43.74977111816406,69.18157196044922,Коммунальное государственное учреждение ««Малокомплектная начальная школа «Карабулак» отдела развития человеческого потенциала Созакского района управления развития человеческого потенциала Туркестанской области
43.041072845458984,68.31095886230469,"КГУ ""Малокомплектная НШ №3 ""Отрабат"""
54.25274658203125,76.59617614746094,"КГУ ""Озерная ООШ"""
51.3736457824707,77.90080261230469,"КГУ ""Бескарагайская СОШ"""
52.30152130126953,76.92288208007812,"КГУ ""СОШ №35"""
42.43925094604492,70.4747543334961,ОСШ имени А.Молдагуловой
41.0489501953125,68.64842224121094,"КГУ ""Общеобразовательная средняя школа №40 имени Г.Муратбаева"""
42.465152740478516,70.38555145263672,МОСШ имени М.Багисбаева
51.715091705322266,75.3360595703125,"КГУ ""СОШ № 2 имени Абая Кунанбаева"""
53.86227035522461,76.63890075683594,"КГУ ""Михайловская СОШ"""
52.26905822753906,76.97071075439453,"КГУ ""Лицей-интернат ""БІЛІМ-ИННОВАЦИЯ"" для одаренных юношей"""
51.754615783691406,78.75225067138672,"КГУ ""Майкарагайская СОШ"""
43.311668395996094,68.2171401977539,"КГУ ""Общая средняя школа №21 имени М.Пошанова """
52.25761413574219,76.78330993652344,"КГУ ""СОШ №33"""
53.0220947265625,76.20645141601562,"КГУ ""Инталинская ООШ"""
51.533897399902344,77.4699935913086,"КГУ ""Коктюбинская СОШ"""
43.021514892578125,68.89849090576172,"КГУ Малокомплектная Начальная школа ""Жайылма"""
53.31645202636719,75.45746612548828,КГУ «Иртышская СОШ №4»
51.67190170288086,77.552978515625,"КГУ ""НШ Шамши"""
42.424583435058594,68.80461883544922,"КГУ ""НШ №4"""
40.89318084716797,68.46199035644531,КГУ Общая средняя школа №44 имени А.Навои
42.513816833496094,69.08235168457031,"КГУ ""Общая средняя школа имени Таукехана"""
42.15266036987305,69.82137298583984,"КГУ ""Общеобразовательная средняя школа имени М.Ауезова"" отдела развития человеческого потенциала Толебийского района"
52.03620147705078,76.9283676147461,"КГУ ""СШ № 4"""
41.82279968261719,69.49327087402344,"КГУ ""ОШ ""Акбастау"""
43.76224136352539,69.5646743774414,Коммунальное государственное учреждение «Малокомплектная общая средняя школа имени Ауезова» отдела развития человеческого потенциала Созакского района управления развития человеческого потенциала Туркестанской области
52.529415130615234,78.5047607421875,КГУ «Алексеевская СОШ»
40.59898376464844,68.51988220214844,КГУ Общая средняя школа №20 имени К.Мусирепова
41.420440673828125,69.0795669555664,КГУ «Общеобразовательная средняя школа №54»
42.532718658447266,69.76598358154297,"КГУ ""Школа-гимназия №4"""
41.31456756591797,67.96851348876953,"КГУ ""Общая средняя школа имени Ш.Уалиханова"""
42.48774337768555,70.47531127929688,МКНШ имени Н. Касымбекова
42.25590896606445,69.97488403320312,"КГУ ""Общеобразовательная средняя школа имени М.Х.Дулати"" отдела развития человеческого потенциала Толебийского района"
42.970054626464844,68.86744689941406,"КГУ Малокомплектная Начальная школа ""Нура"""
52.27949523925781,76.97826385498047,"КГУ ""СОШ №36"""
54.183712005615234,76.40208435058594,КГУ ОСШ села Жаңа жұлдыз
42.535186767578125,69.66523742675781,"КГУ ""Общая средняя школа №13 имени А.Навои"""
41.49344253540039,69.32462310791016,"КГУ ""Общеобразовательная средняя школа №53 имени М.Габдуллина"""
41.39749526977539,69.12017059326172,"КГУ ""Общеобразовательная средняя школа №37 имени Рахымжана Кошкарбаева"""
51.71133804321289,75.32167053222656,"КГУ ""СОШ № 4"""
43.281803131103516,68.25218200683594,"КГУ ""Общая средняя школа №22 имени Б.Момышұлы"""
51.64199447631836,78.33534240722656,"КГУ ""Малыбайская СОШ"""
51.498008728027344,77.68907928466797,"КГУ ""Жабаглинская ООШ"""
42.4779167175293,70.33924102783203,"КГУ. ОСШ имени С.Рахимова"""
42.425384521484375,68.78974914550781,"КГУ ""НШ  №372"""
53.59050369262695,75.2143783569336,"КГУ ""Береговая ООШ"""
42.13688278198242,70.01445007324219,"Коммунальное государственное учреждение ""Малокомплектная начальная школа ""Шұбарағаш"" отдела развития человеческого потенциала Толебийского района"
52.50133514404297,76.8122329711914,"КГУ ""Мичуринская СОШ"""
40.80223083496094,68.4903335571289,КГУ Общая средняя школа №45 Мадениет
53.385719299316406,75.42101287841797,"КГУ ""Кызылжарская СОШ"""
53.556427001953125,73.85014343261719,КГУ «Амангельдинская СОШ»
52.28238296508789,76.93983459472656,"КГУ ""Специализированная школа-лицей ""Жас дарын"""
52.07770538330078,78.54148864746094,"КГУ ""Арбигенская СОШ"""
40.63788986206055,68.43785095214844,КГУ Общая средняя школа №22 имени К.Аманжолова
42.088233947753906,69.86632537841797,"КГУ ""Общеобразовательная средняя школа имени Аль-Фараби"" отдела развития человеческого потенциала Толебийского района"
41.256980895996094,67.89155578613281,"КГУ ""Начальная школа Шардара №11"""
42.478702545166016,69.00148010253906,"КГУ ""Общая средняя школа имени Зиядина Исабекова"""
41.48042297363281,69.36619567871094,"КГУ ""Общеобразовательная средняя школа №58 имени А.Маргулана"""
43.56190872192383,69.21283721923828,Коммунальное государственное учреждение «Общая средняя школа имени Уалиханова отдела развития человеческого потенциала Созакского района управления развития человеческого потенциала Туркестанской области»
42.520416259765625,69.68104553222656,"КГУ ""ОСШ №65 имени Абдирашида Музрапова"""
52.033451080322266,76.92219543457031,"КГУ ""Средняя школа № 7 города Аксу"""
42.556278228759766,70.17789459228516,"КГУ ""Общая средняя школа имени С.Сейфуллина"""
41.89689254760742,69.56110382080078,"КГУ ""ОШ им. Жамбыла"""
53.709861755371094,75.09302520751953,"КГУ ""Прииртышская ОСШ им. Т.П. Праслова"""
53.70209884643555,76.38787078857422,"КГУ ""Березовская ООШ"""
42.8147087097168,68.96636962890625,"КГУ ""Общая средняя школа имени О.Турманжанова"""
53.2318229675293,75.9229736328125,"КГУ ""Зеленорощинская ООШ"""
43.7691535949707,69.61495208740234,"Коммунального государственного учреждения  ""Школа-гимназия имени К.Сатбаева отдела развития человеческого потенциала  Созакского района управления развития человеческого потенциала Туркестанской области"""
41.25733184814453,69.02407836914062,"КГУ ""Общеобразовательная средняя школа №19 имени Б.Майлина"""
42.155052185058594,69.8593521118164,"Коммунальное государственное учреждение ""Малокомплектная начальная школа № 17"" отдела развития человеческого потенциала Толебийского района"
51.968345642089844,77.6436767578125,"КГУ ""Ольгинская СОШ"""
42.44453048706055,70.42447662353516,МКШГ имени Ш. Муртазы
41.37005615234375,68.97699737548828,"КГУ ""Общеобразовательная средняя школа №12 имени Р.Алибекулы"""
52.248714447021484,78.65016174316406,"КГУ ""Жана-аульская СОШ"""
53.47458267211914,75.304931640625,"КГУ ""Луговская ООШ"""
41.21575164794922,68.20369720458984,"КГУ ""Общеобразовательная средняя школа №63 имени С.Сейфуллина"""
43.18645095825195,68.95311737060547,"ГКУ ""Общая средняя школа Мынбулак"""
43.5816650390625,69.25215148925781,Коммунальное государственное учреждение «Общая средняя школа имени Кемелулы отдела развития человеческого потенциала Созакского района управления развития человеческого потенциала Туркестанской области»
52.24382781982422,75.4678955078125,"КГУ ""Саргамысская СОШ"""
51.733131408691406,75.33448791503906,"КГУ ""СОШ № 5"""
40.67268371582031,68.47926330566406,КГУ Общая средняя школа №23 имени С.Датулы
41.19721221923828,67.88162231445312,"КГУ ""Начальная школа Шардара №7"""
52.043724060058594,76.93731689453125,"КГУ ""СШ № 8"""
52.50916290283203,75.29661560058594,"КГУ  ""Шидертинская ОШ"""
52.30058670043945,76.9474868774414,"ГУ ""Комплекс ""Музыкальный колледж - музыкальная школа-интернат для одаренных детей"""
53.872196197509766,75.79859924316406,"КГУ ""Енбекшинская ООШ"""
40.9726448059082,68.37849426269531,"КГУ ""Общая средняя школа №47 имени М.Макатаева"""
53.223236083984375,76.25247192382812,"КГУ ""Ивановская СОШ"""
41.36341094970703,68.93348693847656,"КГУ ""Начальная образовательная школа №17 ""Еркиндик"""
42.491790771484375,69.73294067382812,"КГУ ""Общая средняя школа №26 имени М.Кашкари"""
42.8493766784668,68.856689453125,"КГУ Малокомплектная Начальная школа ""Тын"""
42.517364501953125,70.20153045654297,СШ им. Турара
41.316383361816406,68.89879608154297,"КГУ ""Общеобразовательная средняя школа №25 имени С.Сейфуллина"""
42.159095764160156,70.04324340820312,"КГУ ""Общеобразовательная средняя школа Қайнар"" отдела развития человеческого потенциала Толебийского района"
52.33845901489258,77.8697509765625,"КГУ ""Жылыбулакская ООШ"""
41.701419830322266,68.40756225585938,"КГУ ""Общеобразовательная средняя школа №25 имени А.Молдагуловой"""
52.860496520996094,76.5425033569336,"КГУ ""Пресновская СОШ"""
42.482635498046875,70.40036010742188,"МКНШ ""Майлыкент"""
51.32718276977539,75.5400619506836,"КГУ  ""Служонская СОШ"""
41.31671142578125,67.94964599609375,"КГУ ""Общая средняя школа имени А.Алимбетова"""
52.12672805786133,74.47418975830078,"КГУ ""Олентинская ООШ"""
40.608734130859375,68.42522430419922,КГУ Общая средняя школа №21 Нурлы жол
51.73466873168945,75.3255615234375,"КГУ ""Школа - лицей № 6"""
43.322811126708984,68.50538635253906,"КГУ ""Общая средняя школа имени В.Вахидова"""
52.88172912597656,73.64169311523438,"КГУ ""Берлыкская ООШ"""
52.84195327758789,76.34359741210938,"КГУ ""ОСШ  им. Ныгманова"""
42.85297393798828,69.40408325195312,"ГКУ ""ОСШ имени О.Орманова"""
42.49052810668945,69.62361907958984,"КГУ ""Общая средняя школа №67 ""Комешбулак"""
42.614444732666016,70.1854476928711,"МКНШ ""Жанзак"""
53.537532806396484,75.31713104248047,"КГУ ""ОСШ №1"""
52.046409606933594,76.93505096435547,"КГУ ""Школа-лицей города Аксу"""
41.39484786987305,68.86213684082031,"КГУ ""Начальная образовательная школа №16 имени С.Мауленова"""
42.536746978759766,69.61550903320312,"КГУ ""Общая средняя школа №59 имени К.Жандарбекова"""
40.84601593017578,68.23236083984375,"КГУ ""Общая средняя школа №34 имени А.Молдагуловой"""
53.299957275390625,75.89044952392578,"КГУ ""Октябрьская СОШ"""
41.75567626953125,68.2672119140625,"КГУ ""Малокомплектная основная образовательная средняя школа №43 имени Аль Фараби"""
51.71835708618164,75.33866882324219,"КГУ ""Специализированная школа-лицей ""Зерде"""
41.395992279052734,68.88597106933594,"КГУ ""Общеобразовательная средняя школа №10 ""Игилик"""
41.26911544799805,68.85863494873047,"КГУ ""Общеобразовательная средняя школа №27 имени Н.Тилендиева"""
52.26333236694336,77.99562072753906,"КГУ «Карабидайская ООШ"""
52.65875244140625,77.51423645019531,"КГУ ""Рождественская СОШ"""
40.64110565185547,68.50443267822266,КГУ Общая средняя школа №24 имени А.Фердауси
41.49309158325195,68.03093719482422,"КГУ ""Школа-гимназия имени Т.Айбергенова"""
42.64961242675781,70.19850158691406,"НШ ""Пистели"""
43.292606353759766,68.45346069335938,"КГУ ""Общая средняя школа Ташанак"""
43.041622161865234,69.87434387207031,"ГКУ ""Общая средняя школа имени К.Сатбаева"""
42.50120162963867,69.65983581542969,"КГУ ""Общая средняя школа №41 имени М.Оразалиева"""
41.134822845458984,68.8075180053711,"КГУ ""Общеобразовательная средняя школа №34 имени А.Байтурсынова"""
42.3573112487793,69.64269256591797,"КГУ ""Основная средняя школа ""Қаратөбе"" отдела развития человеческого потенциала Толебийского района"
42.43759536743164,68.8116455078125,"КГУ ""СШ  имени  С.Кожанова"""
41.385066986083984,69.02061462402344,"КГУ ""Основная образовательная средняя школа №14"""
42.63410568237305,70.12246704101562,"КГУ "" ОСШ имени Ы.Алтынсарина"""
40.8238639831543,68.23394775390625,"КГУ ""Общая средняя школа №33 имени М.Маметова"""
42.748966217041016,69.58500671386719,"ГКУ ""ОСШ Төменгі Боралдай"""
52.132423400878906,76.8703842163086,"КГУ ""СШ имени К. Шулембаева"""
51.71675109863281,74.177490234375,"КГУ ""Торт - Кудукская СОШ"""
43.27608871459961,68.31703186035156,"КГУ ""IT-лицей-школа №23 имени Ж. Ташенова"""
53.067630767822266,76.09730529785156,"КГУ ""СОШ № 1 имени Ёлгина А. Н."""
41.24909973144531,68.8303451538086,"КГУ ""Общеобразовательная средняя школа №28 ""Макташы"""
43.03377914428711,69.60042572021484,"ГКУ ""ОСШ имени К.Сыпатаева"""
40.69164276123047,68.5923843383789,КГУ Общая средняя школа №10 Асыл мура
50.72747802734375,74.19477081298828,"КГУ  ""Акшийская ООШ"""
53.12970733642578,75.87966918945312,"КГУ ""Береговая СОШ"""
53.547279357910156,75.3132553100586,"КГУ ""ОСШ № 2"""
51.735984802246094,75.3186264038086,"КГУ ""Школа - гимназия № 7"""
53.073081970214844,75.7732162475586,"КГУ ""Жамбылская ОШ"""
52.38703536987305,77.06563568115234,"КГУ ""ООШ №38"""
41.394527435302734,67.99693298339844,"КГУ ""Общая средняя школа ""Сырдария"""
52.494346618652344,78.1653823852539,"КГУ ""Северная ООШ"""
52.6082649230957,77.42636108398438,"КГУ ""Розовская СОШ"""
52.718013763427734,78.07667541503906,"КГУ ""Сосновская СОШ"""
42.55949401855469,69.73466491699219,"КГУ ""Общая средняя школа №63 имени К. Сатбаева"""
41.22966003417969,68.62100982666016,"КГУ ""Общеобразовательная средняя школа №57 имени А.Жангельдина"""
41.597171783447266,68.32461547851562,"КГУ ""Общеобразовательная средняя школа №59 имени Б.Момышулы"""
42.43466567993164,68.80198669433594,"КГУ ""СШ №11 им. Б.Момышулы"""
43.58409118652344,69.33361053466797,Коммунальное государственное учреждение «Общая средняя школа имени М.Маметовой» отдела развития человеческого потенциала Созакского района управления развития человеческого потенциала Туркестанской области
40.81907272338867,68.26444244384766,"КГУ ""Общая средняя школа №32 имени Ш.Кудайбердиева"""
42.256736755371094,70.09973907470703,"КГУ ""Основная средняя школа ""Оңтүстік"" отдела развития человеческого потенциала Толебийского района"
43.185691833496094,69.60399627685547,"ГКУ ""Начальная школа имени С.Сейфуллина"""
53.4328498840332,76.83712005615234,"КГУ ""Березовская СОШ"""
53.0616455078125,76.11495208740234,"КГУ ""СОШ № 2 им. А.Текенова"""
42.58623123168945,70.06208038330078,"КГУ ""Общая средняя школа имени И.Рыбалко"""
43.322669982910156,68.32391357421875,"КГУ ""Общая средняя школа №24 имени М.Шокая"""
52.253944396972656,76.98176574707031,"КГУ ""СОШ №26"""
50.719825744628906,75.53825378417969,"КГУ  ""Каражарская  ООШ"""
51.954315185546875,76.0133056640625,"КГУ ""СШ села Енбек"""
51.75146484375,77.50740814208984,"КГУ ""СОШ имени Садуакаса Сатыбалдина"""
52.29050827026367,76.96231079101562,"КГУ ""СОШ №43"""
51.73162841796875,75.31451416015625,"ГУ ""Специализированная школа-лицей № 1 для одаренных детей"""
52.75670623779297,76.6532974243164,"КГУ ""Чернорецкая СОШ №1 """
40.66609573364258,68.6227798461914,КГУ Общая средняя школа №11 имени Кажымукана
42.743778228759766,69.60063934326172,"ГКУ ""Общая средняя школа имени О.Тайманова"""
42.46660232543945,69.74280548095703,"КГУ ""Общая средняя школа №24 имени М.Махажанова"""
52.57361602783203,78.03202819824219,"КГУ ""Орловская СОШ"""
53.53571701049805,75.30915832519531,КГУ «Общеобразовательная средняя школа №3 имени Мыржакыпа Дулатулы»
41.398170471191406,68.00272369384766,"КГУ ""Общая средняя школа ""Коссейт"""
41.47480010986328,69.10989379882812,"КГУ ""Общеобразовательная средняя школа №73"""
41.25404739379883,68.64016723632812,КГУ «Общеобразовательная средняя школа №56 имени Т.Белгибаева»
41.56415557861328,69.0807113647461,"КГУ ""Общеобразовательная средняя школа №63"""
42.41707229614258,68.80023956298828,"КГУ ""СШ  №8 имени В.Комарова"""
53.27127456665039,75.61597442626953,"КГУ ""Бобровская СОШ"""
40.85234832763672,68.19432830810547,КГУ «Общая средняя школа №35 «Караозек»
43.86276626586914,68.75910186767578,Коммунальное государственное учреждение «Общая средняя школа имени И.Кенесбаева отдела развития человеческого потенциала Созакского района управления развития человеческого потенциала Туркестанской области»
41.75734329223633,69.38029479980469,"КГУ ""ШГ ""Болашак"""
42.58037185668945,70.11395263671875,МОСШ имени Аль-Фараби
52.80225372314453,76.38522338867188,"КГУ ""Жанатапская НШ"""
53.06435775756836,76.10565948486328,"КГУ ""СОШ № 3 имени Катшы Оспановой"""
51.9990119934082,76.12501525878906,"КГУ ""Достыкская средняя школа"""
51.19187927246094,74.04419708251953,"КГУ ""СОШ им. Алькея Маргулана"""
41.425899505615234,69.11965942382812,"КГУ ""Общеобразовательная средняя школа №21 имени Яссауи"""
43.94780731201172,68.57440948486328,"Коммунальное государственное учреждение ""Общая средняя школа имени Г.Муратбаева""  Отдела развития человеческого потенциала Созакского района Управление развития человеческого потенциала Туркестанской области"
42.3927116394043,69.79154968261719,"КГУ ""Общая средняя школа №74"""
52.561546325683594,76.57481384277344,"КГУ ""СШ села Кызылжар"""
53.943214416503906,75.46407318115234,"КГУ ""Лесная ОСШ"""
52.104496002197266,77.98033142089844,"КГУ ""СОШ имени Абулкаира Баймульдина"""
52.29075622558594,76.971435546875,"КГУ ""СОШ №5"""
42.8347282409668,69.76911926269531,"ГКУ ""Общая средняя школа Теректи"""
41.27190399169922,67.81475067138672,КГУ «Основная средняя школа №36»
52.29056930541992,76.97779846191406,"КГУ ""СОШ №27"""
51.44843292236328,75.7061538696289,"КГУ  ""Ушкулунская ООШ"""
43.335182189941406,68.27069091796875,"КГУ ""Общая средняя школа имени Е.Иззатулаева"""
42.57547378540039,69.70896911621094,"КГУ ""Общая средняя школа №44 ""Мәдени"""
42.581180572509766,70.09248352050781,"ОСШ ""Урбулак"""
43.27653884887695,68.27146911621094,"КГУ ""Общая-средняя школа №26 имени ""Айтеке би"""
41.666378021240234,67.97100067138672,"КГУ ""Общая средняя школа ""Узын-ата"""
52.32707595825195,77.30814361572266,"КГУ ""Шакатская СОШ"""
41.56495666503906,69.0843276977539,"КГУ ""Общеобразовательная средняя школа №70 имени С.Байгозиева"""
52.047157287597656,76.93561553955078,"КГУ ""Специализированная гимназия для одаренных детей им. К. Сатпаева"""
43.29988479614258,68.1910629272461,"КГУ ""Школа-интернат № 7 им С.Ерубаева"""
51.47359848022461,77.85320281982422,"КГУ ""Такирская ООШ"""
52.43503189086914,77.77005767822266,КГУ «Хмельницкая СОШ»
43.97943115234375,68.55025482177734,Коммунальное государственное учреждение «Общая средняя школа имени К.Рустемова отдела развития человеческого потенциала Созакского района управления развития человеческого потенциала Туркестанской области»
42.42302703857422,68.79997253417969,"КГУ ""ШГ  им. М. Ауезова """
41.39318084716797,68.97875213623047,"КГУ ""Общеобразовательная средняя школа №11 ""Жолбасшы"""
42.537513732910156,70.34095764160156,"КГУ ""ШГ им. М.Ломоносова"""
50.55582046508789,74.67235565185547,"КГУ  ""Шадринская СОШ"""
51.68317413330078,74.29987335205078,"КГУ ""Бозшакульская ООШ"""
51.49781799316406,77.6891098022461,"КГУ ""Жамбылская СОШ"""
43.28282928466797,68.29332733154297,"КГУ ""Общая средняя школа имени М.Абеновой"""
41.53828048706055,69.12368774414062,"КГУ ""Основная образовательная средняя школа №65"""
42.223087310791016,69.00312805175781,"КГУ ""МКНШ ""Тогансай"""
51.80990219116211,77.45956420898438,"КГУ ""Тлектесская СОШ"""
43.0965461730957,69.50391387939453,"ГКУ ""Общая средняя школа Турмыс-1"""
42.60897445678711,70.05445098876953,"КГУ ""Основная средняя школа имени Толеби"""
41.47011184692383,68.02597045898438,"КГУ ""Общая средняя школа имени С.Ерубаева"""
44.10169982910156,68.53962707519531,Коммунальное государственное учреждение «Общая средняя школа имени Макаренко отдела развития человеческого потенциала Созакского района управления развития человеческого потенциала Туркестанской области»
52.29876708984375,76.93464660644531,КГУ «СОШ имени Султанмахмута Торайгырова»
42.61311340332031,68.61519622802734,"КГУ ""Малокомплектная НШ имени Абдоллы Жармухамедова"""
42.04386520385742,69.91154479980469,"КГУ ""Общеобразовательная средняя школа ""Жаңажол"" отдела развития человеческого потенциала Толебийского района"
42.49392318725586,69.7656021118164,"КГУ ""Основная средняя школа №104"""
50.455787658691406,75.80420684814453,"КГУ  ""Шоманкольская НОШ"""
41.476295471191406,69.11199188232422,"КГУ ""Общеобразовательная средняя школа №32"""
40.7718391418457,68.41853332519531,КГУ Общая средняя школа №50 Улгили
52.01091003417969,78.3154067993164,КГУ «Чигириновская СОШ»
43.289329528808594,68.21243286132812,"КГУ ""Туркестанская специализированная школа-интернат имени Нуртаса Ондасынова"""
42.404937744140625,68.79307556152344,"КГУ ""СШ  имени С.Сейфуллина"""
43.29728317260742,68.2753677368164,"КГУ""Специализированная школа-интернат ""Өнер"" имени Батырбека Отепа"""
50.6336669921875,74.76950073242188,"КГУ  ""Учебно-воспитательный комплекс школа-детский сад им. К. Сатпаева"""
42.530460357666016,70.353515625,"КГУ ""Общая средняя школа имени Байырбека Садыкова"""
51.87557601928711,75.84725189208984,"КГУ ""Карасорская СОШ"""
44.141265869140625,68.47129821777344,Коммунальное государственное учреждение «Общая средняя школа-гимназия «Созак» отдела развития человеческого потенциала Созакского района управления развития человеческого потенциала Туркестанской области»
41.50088119506836,68.77389526367188,"КГУ ""Основная образовательная средняя школа №40 имени Н.Абдирова"""
52.24085998535156,78.31178283691406,"КГУ ""Галкинская СОШ"""
41.469573974609375,69.23422241210938,"КГУ ""Общеобразовательная средняя школа №36 имени К.Токмухамедова"""
42.089332580566406,69.81633758544922,"КГУ ""Общеобразовательная средняя школа Алғабас"" отдела развития человеческого потенциала Толебийского района"
43.28699493408203,68.28106689453125,"КГУ ""Общая средняя школа имени С.Рахимова"""
43.045570373535156,69.38128662109375,ГКУ «Общая средняя школа-интернат имени Садыка Абдужаббарова»
42.90631866455078,69.67596435546875,"ГКУ ""Общая средняя школа имени Ш.Уалиханова"""
52.280372619628906,76.97224426269531,"КГУ ""СОШ №29"""
42.55674743652344,70.20588684082031,ОШ им. Амангелды
41.48653030395508,67.94148254394531,"КГУ  ""Начальная школа Коксу №8"""
50.4307746887207,75.57806396484375,"КГУ  ""Первомайская НОШ"""
41.553897857666016,68.90278625488281,"КГУ ""Общая средняя школа №42 имени А.Жангелдина"""
51.1432991027832,75.73271179199219,"КГУ  ""СОШ им. Ж. Агадилова"""
42.46388244628906,69.81427764892578,"КГУ ""Основная средняя школа №61 имени Сүйерхана Базарбаева"""
42.518009185791016,70.3399887084961,"КГУ ""Начальная школа ""Кизен"""
40.752803802490234,68.40586853027344,КГУ Общая средняя школа №51 имени К.Кайсенова
40.919586181640625,68.31794738769531,"КГУ ""Общая средняя школа №46 имени А.Кастеева"""
42.157371520996094,69.40681457519531,"КГУ ""ОШ ""Кызылдала"""
51.92295837402344,78.81353759765625,"КГУ ""Шалдайская СОШ"""
43.29103088378906,68.21200561523438,"КГУ комплекс ""Начальная школа- детский сад № 31"""
43.02843475341797,69.37931060791016,"ГКУ ""Шаянская многопрофильная общая средняя школа-лицей"""
41.61348342895508,69.34880065917969,КГУ «Общеобразовательная средняя школа №45»
41.97361373901367,69.232421875,"КГУ ""ОШ им. Амангелды"""
42.12133026123047,69.90876007080078,"КГУ ""Общеобразовательная средняя школа ""Ынтымак"" отдела развития человеческого потенциала Толебийского района"
42.819801330566406,69.24495697021484,КГУ «Общая средняя школа имени Абая»
41.61576843261719,67.94017791748047,"КГУ ""Начальная школа Коксу №9"""
53.55083084106445,75.52207946777344,"КГУ ""ООШ села Аккаин"""
40.98539733886719,68.2701644897461,"КГУ ""Общая средняя школа №53 имени Ю.Гагарина"""
40.83236312866211,68.37364959716797,"КГУ  ""Общая средняя школа №16 имени Ж.Сауырбаевой"""
42.59951400756836,70.22804260253906,Малокомплектная общая средняя школа имени О.Кошевого
41.30690383911133,68.68132019042969,"КГУ ""Общеобразовательная средняя школа №53 ""Куркелес"""
51.28095245361328,74.96499633789062,"КГУ ""СОШ Бескауга"""
51.967220306396484,78.45956420898438,КГУ «Есильбайская СОШ»
42.53023910522461,70.33621215820312,"КГУ ""Специализированная школа-интернат с обучением на трех языках Тюлькубасского района"""
43.296146392822266,68.25077819824219,"КГУ ""Общая средняя школа имени Ш.Ниязова"""
40.78890609741211,68.43171691894531,КГУ Общая средняя школа №49 имени Ж.Нурлыбаева
41.550655364990234,69.40433502197266,"КГУ ""Общеобразовательная средняя школа №64 имени А.Байтурсынова"""
43.284767150878906,68.21009826660156,"КГУ ""Общая средняя школа №31 имени Абая"""
43.44710159301758,68.43335723876953,"КГУ ""Общая средняя школа имени М.Казыбекова"""
42.09467315673828,69.8648681640625,"КГУ ""Общеобразовательная средняя школа ""Тагайна"" отдела развития человеческого потенциала Толебийского района"
42.533748626708984,69.72904968261719,"КГУ ""Общая средняя школа №17"""
41.55588912963867,69.35846710205078,"КГУ ""Общеобразовательная средняя школа №22 имени Елшибек батыра"""
42.99385452270508,69.90843200683594,Государственное коммунальное учреждение «Общая средняя школа Актау» отдела образования района Байдибек»
41.24321746826172,68.8279800415039,"КГУ ""Общеобразовательная средняя школа №29"""
40.9972038269043,68.26900482177734,"КГУ ""Общая средняя школа №54 имени Ильяса Есенберлина"""
42.0352668762207,69.4117660522461,"КГУ ""ОШ ""Енбекши"""
40.83430862426758,68.48731994628906,КГУ Общая средняя школа имени Ахмет Байтұрсынұлы
52.71101379394531,77.78653717041016,КГУ «Красиловская СОШ»
51.914710998535156,76.09435272216797,"КГУ ""Кудайкольская СОШ"""
52.856021881103516,78.00785827636719,"КГУ ""Заборовская ООШ"""
53.03036880493164,75.86786651611328,"КГУ  ""ОСШ  имени Тленшина"""
52.53181076049805,78.35153198242188,"КГУ ""Назаровская ООШ"""
51.5974235534668,74.46354675292969,"КГУ ""СОШ имени Каныша Сатбаева"""
52.42205810546875,77.75263977050781,"КГУ ""Маралдинская НОШ"""
52.041202545166016,76.93486785888672,"КГУ ""Казахская средняя школа имени Ыбырая Алтынсарина города Аксу"""
40.81248092651367,68.44343566894531,КГУ Общая средняя школа №48 имени Б.Сокпакбаева
41.68073654174805,67.91812133789062,"КГУ ""Начальная школа Коксу №10"""
42.58488845825195,69.97412872314453,СШ им. Агыбайулы
43.37188720703125,68.49089813232422,"КГУ ""Общая средняя школа Кос-Корган"""
42.118919372558594,69.66596984863281,"КГУ ""Общеобразовательная средняя школа ""Қазығұрт"" отдела развития человеческого потенциала Толебийского района"
42.38153839111328,69.26701354980469,"КГУ ""Общая средняя школа имени А.Шеримкулова"""
43.29054641723633,68.34215545654297,КГУ «Школа-лицей №1 имени А.Байтурсынова»
42.556549072265625,70.25254821777344,"КГУ ""ОСШ им. М.Лермонтова"""
42.922882080078125,70.02930450439453,"ГКУ ""ОСШ Актас"""
52.42015075683594,78.23358154296875,"КГУ ""Малиновская ООШ"""
42.08120346069336,69.94132995605469,"КГУ ""Общеобразовательная средняя школа имени Ы.Алтынсарин"" отдела развития человеческого потенциала Толебийского района"
41.00734329223633,68.29692840576172,"КГУ ОСШ №55 ""Жеңістің 50 жылдығы"""
41.440330505371094,69.1390380859375,"КГУ ""Общеобразовательная средняя школа №67 имени Т.Тажибаева"""
42.17987823486328,69.8502197265625,"КГУ ""Общеобразовательная средняя школа №3 имени П.Тажибаевой"" отдела развития человеческого потенциала Толебийского района"
41.977378845214844,69.49932861328125,"КГУ ""ОШ ""Казыгурт"""
42.98567581176758,69.341796875,"ГКУ ""Основная средняя школа имени Ы.Алтынсарина"""
41.80283737182617,67.99282836914062,"КГУ ""Общая средняя школа Казахстан"""
41.563812255859375,69.33271026611328,"КГУ ""Общеобразовательная средняя школа №11 имени М.Окорокова"""
40.76709747314453,68.33545684814453,"КГУ ""Школа-гимназия №6 имени Б.Момышулы"""
42.59012222290039,69.93499755859375,ОСШ имени А. Байтурсынова
43.3042106628418,68.26837158203125,"КГУ ""Общая средняя школа №2 имени Хамзы"""
51.80827713012695,75.66078186035156,"КГУ ""Майкаинская СОШ"""
42.30462646484375,69.21279907226562,"КГУ Общая средняя школа ""Ордабасы"""
42.124412536621094,69.69082641601562,"КГУ ""Малокомплектная общеобразовательная средняя школа имени Абая"" отдела развития человеческого потенциала Толебийского района"
42.58226776123047,69.87942504882812,"КГУ ""ОСШ имени Т.Аубакирова"""
42.088829040527344,69.52619171142578,"КГУ ""Основная средняя школа ""Алтынбастау"" отдела развития человеческого потенциала Толебийского района"
41.32801818847656,68.7336196899414,"КГУ ""Начальная образовательная школа №55 Ферма-4"""
42.99383544921875,69.9085464477539,"ГКУ ""Общая средняя школа Алмалы"""
41.967769622802734,69.05399322509766,"КГУ ""ОШ им. Т.Токтарова"""
43.339569091796875,68.67569732666016,"КГУ ""Общая средняя школа имени Улыкбека"""
41.42655563354492,68.1600341796875,"КГУ ""Общеобразовательная средняя школа №62 имени Н.Шойбекова"""
40.799556732177734,68.34933471679688,"КГУ ""Общая средняя школа №14 имени Н.Ондасынова"""
40.84653091430664,68.11439514160156,КГУ «Общая средняя школа №68 «Жибек жолы»
41.55759048461914,69.31101989746094,"КГУ ""Общеобразовательная средняя школа №76"""
43.299560546875,68.26078033447266,"КГУ ""Общая средняя школа №3 имени А.Темура"""
40.76937484741211,68.5379409790039,КГУ Общая средняя школа №15 Мактажан
40.75761413574219,68.3106918334961,"КГУ ""Общая средняя школа №8 имени Алпамыс батыра"""
41.801490783691406,67.98992919921875,"КГУ ""Обшая средняя школа имени Сырбека Каттебекова"""
43.246673583984375,69.17158508300781,"ГКУ ""ОСШ Досан"""
42.119510650634766,69.7500228881836,"КГУ ""Общеобразовательная средняя школа ""Ақбастау"" отдела развития человеческого потенциала Толебийского района"
42.39215850830078,69.35578918457031,"КГУ ""Общая средняя школа ""Акбулак"""
41.48871612548828,69.10296630859375,КГУ «Общеобразовательная средняя школа №69»
42.12956619262695,69.14051055908203,"КГУ ""ОШ ""Акжар"""
42.832210540771484,69.73997497558594,"ГКУ ""Общая средняя школа имени Н.Арапова"""
42.26127624511719,69.9103012084961,"КГУ ""Общеобразовательная средняя школа имени Қ.Мамытова"" отдела развития человеческого потенциала Толебийского района"
42.54066848754883,69.88654327392578,"МКОШ имени Н.Турсынбекова"""
43.19588851928711,68.52845764160156,"КГУ ""Общая средняя школа Икан"""
42.15623092651367,69.81007385253906,"КГУ ""Малокомплектная общеобразовательная средняя школа ""Уйымшыл"" отдела развития человеческого потенциала Толебийского района"
40.85432434082031,68.11421966552734,КГУ «Общая средняя школа №66 «Мырзашол»
40.89223861694336,68.53912353515625,КГУ Общая средняя школа №38 имени Ш.Бектасова
40.76401138305664,68.32244873046875,"КГУ ""IT -Школа-лицей №9 имени Динмухамеда Конаева"""
40.725372314453125,68.56134796142578,КГУ Общая средняя школа №14 Жас Алаш
42.088714599609375,68.97186279296875,"КГУ ""СШ им. Б.Онтаева"""
40.80707550048828,68.35826110839844,"КГУ  ""Общая средняя школа №15 имени М.Жумабаева"""
41.52372360229492,68.30425262451172,"КГУ ""Малокомплектная образовательная средняя школа №60 имени Жамбыла"""
41.912208557128906,67.98831176757812,"КГУ ""Общая средняя школа ""Кызылкум"""
41.412742614746094,68.92324829101562,"КГУ ""Малокомплектная начальная образовательная школа №15"""
42.26542663574219,69.87923431396484,"КГУ ""Общеобразовательная средняя школа ""Шомшакты"" отдела развития человеческого потенциала Толебийского района"
42.3748664855957,69.25151062011719,"КГУ ""Общая средняя школа имени Кажымукана"""
42.924652099609375,69.52397918701172,"ГКУ ""ОСШ имени О.Жолдасбекова"""
42.12504959106445,69.71426391601562,"КГУ ""Общеобразовательная средняя школа ""Әңгірата"" отдела развития человеческого потенциала Толебийского района"
42.543479919433594,70.2590103149414,"МКОШ ""Кабанбай"""
43.03418731689453,69.37711334228516,Государственное коммунальное учреждение «IT-школа –лицей имени М.Ауезова» отдела образования района Байдибек
40.8484001159668,68.54778289794922,"КГУ ""Общая средняя школа имени Әлихан Бөкейхан"""
41.74225616455078,69.3895263671875,"КГУ ""Специальная школа-интернат №11 санаторного типа"" управления образования Туркестанской области"
41.3985481262207,69.1142807006836,"КГУ ""Общеобразовательная средняя школа №8 имени С.Айни"""
40.901729583740234,68.36985778808594,"КГУ ""Школа-гимназия №10 ""Кайнар"""
42.485069274902344,70.28760528564453,"КГУ ""ОСШ имени Б.Момышұлы"""
43.316871643066406,69.04943084716797,"ГКУ ""Общая средняя школа Қайнар"""
40.66108322143555,68.58293151855469,КГУ Общая средняя школа №12 имени Х.Алимжана
40.83566665649414,68.37177276611328,"КГУ ""Общая средняя школа №17 ""Туркестан"""
41.94135284423828,68.09085083007812,"КГУ ""Общая средняя школа имени Т.Тажибаева"""
42.045833587646484,69.55323028564453,КГУ «Малокомплектная основная средняя школа имени Лашкара Тажибаева» отдела развития человеческого потенциала Толебийского района управления развития человеческого потенциала Туркестаской области
40.845245361328125,68.08389282226562,"КГУ ""Общая средняя школа №67 имени Казыбек би"""
43.29888153076172,68.21759796142578,"КГУ ""Общая средняя школа №6 имени М.Маметовой"""
42.38214111328125,69.26004791259766,"КГУ ""Общая средняя школа имени С.Муканова"""
42.38450622558594,69.972900390625,"КГУ ""Общая средняя школа №27 ""Аккала"""
43.056068420410156,68.67684173583984,"КГУ ""Общая средняя школа ""Достык"""
43.070133209228516,69.14283752441406,"ГКУ ""ОСШ Жүзімдік"""
40.813167572021484,68.54825592041016,КГУ Общая средняя школа №35 Болашак
40.69070816040039,68.54358673095703,КГУ Общая средняя школа №13 имени Н.Бекежанова
41.39711380004883,69.11976623535156,"КГУ ""Общеобразовательная средняя школа №9 имени Майлыкожа"""
42.36296463012695,70.0069580078125,"КГУ ""Общеобразовательная средняя школа ""Сарқырама"" отдела развития человеческого потенциала Толебийского района"
43.879371643066406,68.77302551269531,Коммунального государственного учереждение «Школа  имени Сугир Алиулы отдела развития человеческого потенциала Созакского района управления развития человеческого потенциала Туркестанской  области»
42.79655456542969,69.1946029663086,"ГКУ ""Общая средняя школа имени К.Байменова"""
40.8952522277832,68.3657455444336,"КГУ ""Школа-гимназия №11 ""Женис"""
40.895416259765625,68.07788848876953,КГУ «Общая средняя школа №69 «Макташы»
43.189613342285156,69.62874603271484,"ГКУ ""Общая средняя школа Майбұлақ"""
40.75589370727539,68.47039794921875,КГУ Общая средняя школа №46 имени Т.Бигельдинова
43.297847747802734,68.2098617553711,"КГУ ""Общая средняя школа №8 имени Н.Торекулова"""
42.89718246459961,70.12112426757812,"ГКУ ""Общая средняя школа Кенсай"""
42.35870361328125,69.29297637939453,"КГУ Малокомплектная Начальная школа ""Карабастау"""
40.78146743774414,68.53224182128906,КГУ Общая средняя школа №33 имени И.Панфилова
42.74252700805664,68.98262023925781,КГУ Общая средняя школа имени Б.Кенжебаева
42.331546783447266,70.06803131103516,"КГУ ""Общеобразовательная средняя школа ""Мәдени"" отдела развития человеческого потенциала Толебийского района"
41.73812484741211,69.37975311279297,"КГУ ""ОШ им. О.Жандосова"""
40.6279411315918,68.56876373291016,КГУ Общая средняя школа №17 имени Абая
42.78669357299805,69.65174865722656,"ГКУ ""Общая средняя школа Боралдай"""
40.89460372924805,68.36428833007812,КГУ «Общая средняя школа №12»
40.8545036315918,68.05007934570312,"КГУ ""Общая средняя школа №70 имени Ж.Сулейменова"""
40.71622848510742,68.53072357177734,КГУ Общая средняя школа №31 Береке
42.381126403808594,69.3169937133789,"КГУ Основная средняя школа ""Болашак"""
43.19980239868164,69.36578369140625,"ГКУ ""ОСШ имени Г.Муратбаева"""
42.104557037353516,69.22041320800781,"КГУ ""ОШ ""Абай"""
40.726505279541016,68.46968841552734,КГУ Общая средняя школа №47 имени Аль-Фараби
42.236576080322266,70.18953704833984,"КГУ ""Общеобразовательная средняя школа имени Б.Биболатұлы"" отдела развития человеческого потенциала Толебийского района"
41.637935638427734,68.3412857055664,"ГУ ""Малокомплектная общеобразовательная средняя школа №58 имени Ы.Алтынсарина"""
40.62431716918945,68.62116241455078,КГУ Общая средняя школа №19 Шугыла
43.2894172668457,68.22309875488281,"КГУ ""Школа-гимназия №9 имени Некрасова"""
41.74577331542969,69.58399963378906,Коммунальное государственное учреждение «Общеобразовательная школа «Кызылдихан» отдела развития человеческого потенциала Казыгуртского района управления развития человеческого потенциала Туркестанской области
42.899417877197266,70.0911636352539,"ГКУ ""Общая средняя школа Борлысай"""
40.749515533447266,68.53278350830078,КГУ Общая средняя школа №32
44.35887908935547,67.76475524902344,Коммунальное государственное учреждение «Общая средняя школа имени Панфилова отдела развития человеческого потенциала Созакского района управления развития человеческого потенциала Туркестанской области»
42.72228240966797,69.66973114013672,ГКУ «Общая средняя школа «Каратау»
42.92888259887695,68.94823455810547,"КГУ ""Общая средняя школа ""Торткул"""
40.991477966308594,68.22174072265625,"КГУ ""Общая средняя школа №57  ""Сарыарка"""
42.303348541259766,69.59915924072266,"КГУ ""Специализированная школа-интернат №12 с обучением на трех языках имени М. Тасовой"""
41.83592224121094,69.7254638671875,"КГУ ""ОШ ""Каржан"""
40.88821792602539,68.36985778808594,"КГУ ""Общая средняя школа №13 имени Н.Торекулова"""
41.260677337646484,67.96749877929688,"КГУ ""Обшая средняя школа имени Бердибека Сокпакбаева"""
41.468204498291016,69.14375305175781,"КГУ ""Общеобразовательная средняя школа №38 имени М.Макатаева"""
43.28787612915039,68.21350860595703,"КГУ ""школа мини-центр  №10 имени Аль-Фараби"""
40.6087532043457,68.59234619140625,КГУ Общая средняя школа №18 Нурлы тан
44.25471115112305,68.53681182861328,Коммунальное государственное учреждение «Малокомплектная общая средняя школа имени Курмангазы» отдела развития человеческого потенциала Созакского района управления развития человеческого потенциала Туркестанской области
40.802711486816406,68.54408264160156,КГУ Общая средняя школа №34 Бирлик
43.06294631958008,69.42181396484375,"ГКУ ""Общая средняя школа имени Т.Казакбаева"""
41.97174072265625,69.78313446044922,"КГУ ""ОШ ""Кызылата"""
43.22256088256836,69.0157699584961,"ГКУ ""Общая средняя школа Боген"""
42.933082580566406,68.94953918457031,"КГУ ""Общая средняя школа имени Байдибека Толепбаева"""
41.96449661254883,69.72504425048828,"КГУ ""ОШ ""Кокибел"""
40.84818649291992,68.50558471679688,КГУ Общая средняя школа №6 имени К.Сатбаева
41.017486572265625,68.19290161132812,"КГУ ""Общая средняя школа №60 ""Кызылкум"""
43.97907638549805,68.54988098144531,Коммунальное государственное учреждение «Малокомплектная начальная школа ««Басбулак»  отдела развития человеческого потенциала Созакского района управления развития человеческого потенциала Туркестанской области
43.27196502685547,68.22718048095703,"КГУ ""Общая средняя школа №11 имени Ж.Жабаева"""
41.26154708862305,67.90658569335938,"КГУ ""Основная средняя школа №4 имени Ы.Алтынсарина"""
41.176910400390625,68.7881851196289,"КГУ ""Общеобразовательная средняя школа №33 ""Жуантобе"""
40.664485931396484,68.5247573852539,КГУ Общая средняя школа №25 Жана жол
43.43394470214844,68.80846405029297,"КГУ ""Малокомплектная начальная школа ""Ойык"""
41.74577331542969,69.58399963378906,"КГУ ""НШ ""Угам"""
42.662960052490234,69.7625961303711,"ГКУ ""Общая средняя школа имени Домалақ ана"""
41.8641242980957,68.99755096435547,"КГУ ""Общеобразовательная средняя школа №57 имени С.Муканова"""
40.84873580932617,68.49620819091797,КГУ №5 школа-гимназия Мактаарал» по предметам гуманитарно-общественного направления
43.29916763305664,68.19482421875,"КГУ ""Общая средняя школа №12 имени К.Сатбаева"""
41.91964340209961,69.72235107421875,"КГУ ""ОШ им. Абая"""
42.965126037597656,68.8845443725586,"КГУ ""Общая средняя школа имени М.Жумабаева"""
43.49973678588867,68.35855865478516,"КГУ ""ОСШ Ақын-тұма №11"""
41.27129364013672,67.93079376220703,"КГУ ""Общая средняя школа имени А.Иманова"""
41.37394714355469,69.00132751464844,"КГУ ""Общеобразовательная средняя школа №8 имени Т.Бегмановой"""
40.95423126220703,68.20004272460938,КГУ «Общая средняя школа №56 имени С.Ерубаева»
42.77643966674805,69.6540756225586,"ГКУ ""Общая средняя школа имени С.Ерубаева"""
41.863136291503906,69.42700958251953,"КГУ ""НШ ""Бакабулак"""
42.55484390258789,69.14366912841797,"КГУ ""Общая средняя школа имени И.Есенберлина"""
43.289485931396484,68.21414184570312,"КГУ ""Школа-гимназия №13 имени А.Навои"""
40.840274810791016,68.50949096679688,КГУ Общая средняя школа №7 имени В.Комарова
41.901004791259766,69.77030181884766,"КГУ ""ОШ им. Ж.Есиркепова"""
42.90016555786133,69.00033569335938,КГУ Общая средняя школа имени К.Спатаева
42.25397872924805,69.99718475341797,"КГУ ""Начальная школа ""Көксайек"" отдела развития человеческого потенциала Толебийского района"
42.38311767578125,69.88773345947266,"КГУ ""Общая средняя школа №18 имени Абдибая Курмантаева"""
41.244869232177734,68.97918701171875,"КГУ ""Общеобразовательная средняя школа №20 имени Т.Бердиярова"""
42.02278518676758,69.02993774414062,"КГУ ""НШ ""Ызабулак"""
43.321678161621094,68.30884552001953,"КГУ ""Общая средняя школа №14 имени Казыбек би"""
41.45212936401367,69.11906433105469,"КГУ ""Общеобразовательная средняя школа №50 имени Б.Омарова"""
41.01809310913086,68.20344543457031,"КГУ ""Общая средняя школа № 59 имени Я.Есенбекова"""
40.84383773803711,68.53118896484375,КГУ Общая средняя школа №8 имени О.Бапышева
43.03239059448242,69.381591796875,"ГКУ ""Общая средняя школа имени Жамбыла"""
41.74711227416992,69.38733673095703,"КГУ ""ОШ ""Жанатирлик"""
41.925018310546875,69.60843658447266,"КГУ ""ШЛ им. Елшибек батыра"""
42.88410568237305,68.97256469726562,"КГУ"" Общая средняя школа ""Торткултобе"""
41.340354919433594,68.70784759521484,"КГУ ""Общеобразовательная средняя школа №51 имени Ы.Алтынсарина"""
42.57021713256836,69.76577758789062,"КГУ ""Школа-гимназия №12 имени Т.Рустемова"""
41.466453552246094,69.07144927978516,"КГУ ""Общеобразовательная средняя школа №19 имени А.Оразбаевой"""
40.662010192871094,68.55074310302734,КГУ Общая средняя школа №3 имени А.Пушкина
43.304630279541016,68.26358032226562,"КГУ ""Школа-гимназия № 15 имени М.Жумабаева"""
40.93459701538086,68.41387176513672,"КГУ ""Общая средняя школа №42 имени С.Кожанова"""
42.860984802246094,69.05602264404297,"ГКУ ""Общая средняя школа Жиенкум"""
41.92738342285156,69.63040161132812,"КГУ ""ОШ им. М.Ауезова"""
41.96489334106445,69.6423568725586,"КГУ ""ОШ ""Тилектес"""
41.472930908203125,69.12532043457031,"КГУ ""Общеобразовательная средняя школа №39 имени Т.Айбергенова"""
41.55365753173828,69.349853515625,"КГУ ""Общеобразовательная средняя школа №31 имени Т.Бигельдинова"""
42.57017135620117,69.76611328125,"КГУ ""Общая средняя школа №62 имени М.Анартаева"""
42.99055480957031,68.86338806152344,"КГУ Малокомплектная Общая средняя школа ""Боген"""
42.45088195800781,68.99414825439453,КГУ Малокомплектная Начальная школа имени Жамбула
43.28597640991211,68.2262191772461,"КГУ ""Общая средняя школа №16 им Т.Бигелдинова"""
40.666969299316406,68.54786682128906,КГУ Общая средняя школа №2 имени Абылайхана
41.98841094970703,69.69684600830078,"КГУ ""ОШ им.  А. Бектаева"""
41.94564437866211,69.6759033203125,"КГУ ""ОШ ""Жылыбулак"""
42.430320739746094,68.825927734375,"КГУ "" НШ № 2 """
41.717041015625,69.0204086303711,"КГУ ""Начальная образовательная школа №56"""
42.49227523803711,69.02162170410156,"КГУ ""Малокомплектная Начальная школа имени Алтынсарина"""
40.67066955566406,68.53366088867188,КГУ №1 школа-гимназия Мырзакент
41.371097564697266,68.83979797363281,"КГУ ""Общеобразавательная средняя школа №46 имени Абая"""
42.470977783203125,69.93592071533203,"КГУ ""Общая средняя школа ""Бөкейхан"""
42.03546142578125,68.20426940917969,"КГУ ""СОШ   имени  С.Адамбекова"""
43.30080032348633,68.22941589355469,"КГУ ""Школа-гимназия №17 имени Ататюрка"""
41.913509368896484,69.67500305175781,"КГУ ""ОШ ""Карабастау"""
41.75227737426758,69.60116577148438,"КГУ ""НШ ""Тан"""
42.46683120727539,68.96868133544922,"КГУ ""Начальная школа имени Ә.Маханбетова"""
42.4409294128418,69.91545867919922,"КГУ ""Общая средняя школа №47 имени Амангельды"""
41.28855514526367,68.66324615478516,"КГУ ""Общеобразовательная средняя школа №54 имени Т.Рыскулова"""
40.660099029541016,68.5401611328125,КГУ Общая средняя школа №4 имени С.Рахымова
41.95024871826172,69.74398803710938,"КГУ ""ОШ им. С.Рахимова"""
41.90855026245117,69.58485412597656,"КГУ ""ОШ им. К. Азирбаева"""
42.128692626953125,68.22611999511719,"КГУ ""СШ  им.  А.Макаренко"""
41.32204055786133,68.91548919677734,"КГУ ""Общеобразовательная средняя школа №23 ""1 Мая"""
43.28002166748047,68.20154571533203,"КГУ ""Школа-гимназия № 18 имени Ж.Едилбаева"""
42.488765716552734,69.9664535522461,"КГУ ""Общая средняя школа №80 ""Машат"""
41.90476608276367,69.56535339355469,"КГУ ""ОШ им. К.Омиралиева"""
42.41786575317383,68.78707122802734,"КГУ ""СШ   Арыс """
40.968894958496094,68.31088256835938,"КГУ ""Общая средняя школа №50 имени Р.Кошкарбаева"""
41.43851852416992,68.25393676757812,"КГУ ""Общеобразовательная средняя школа №61 имени Абая"""
42.59153366088867,69.45783233642578,"КГУ"" Общая средняя школа ""Жусансай"""
41.88145446777344,69.44050598144531,"КГУ ""ОШ с пришкольным интернатом им. Ы. Алтынсарина"""
42.239566802978516,70.1332015991211,"КГУ ""Общеобразовательная средняя школа имени Т.Тоғысбаева"" отдела развития человеческого потенциала Толебийского района"
42.476802825927734,69.63799285888672,"КГУ ""Общая средняя школа №29 имени Керима Тленшина"""
40.96147537231445,68.29019927978516,"КГУ ""Общая средняя школа №51 ""Дәуір"""
43.3007698059082,68.31172180175781,"КГУ ""Общая средняя школа №19 имени Толе би"""
41.40869140625,69.1460952758789,"КГУ ""Общеобразовательная средняя школа №15 имени Ш.Калдаякова"""
42.22470474243164,70.16312408447266,"КГУ ""Общеобразовательная средняя школа имени Б.Түлкиева"" отдела развития человеческого потенциала Толебийского района"
41.86329650878906,69.43293762207031,"КГУ ""ОШ им. М.Утемисулы"""
42.53943634033203,69.37547302246094,"КГУ""Общая средняя школа Тоқсансай"""
43.32083511352539,68.27696990966797,"КГУ ""Общая средняя школа №20 имени Р.Исетова"""
43.173702239990234,69.64166259765625,"ГКУ ""ОСШ имени Есиркеп Батыра"""
42.467811584472656,68.90731811523438,"КГУ ""СШ им. ""С.Ерубаева"""
42.58613586425781,69.37249755859375,КГУ Общая средняя школа имени А.Молдагуловой
41.90092468261719,69.4579086303711,"КГУ ""ОШ им. Д.А.Конаева"""
42.427005767822266,69.81122589111328,"КГУ ""Общая средняя школа №97 имени Сураншы батыра"""
40.94624328613281,68.35115814208984,"КГУ ""Общая средняя школа №52 имени С.Сейфуллина"""
41.49020767211914,69.1437759399414,"КГУ ""Общеобразовательная средняя школа №48 имени И.Жансугирова"""
41.83226013183594,69.40708923339844,"КГУ ""ОШ им. А.Байтурсынова"""
42.59912872314453,69.41814422607422,"КГУ ""Малокомплектная Начальная школа Сарытогай"""
42.43998718261719,68.8826904296875,"КГУ ""МКНШ Ынтымақ """
41.47690963745117,69.32341003417969,"КГУ ""Общеобразовательная средняя школа №18 имени Абая"""
40.906368255615234,68.29122924804688,КГУ “Общая средняя школа №49 “Сырдария”
42.43532943725586,69.83525848388672,"КГУ ""Общая средняя школа №47"""
42.435848236083984,68.87202453613281,"КГУ ""МКНШ Енбекши"""
42.59657287597656,69.49263763427734,"КГУ ""Малокомплектная Начальная школа ""Акбастау"""
42.062461853027344,69.52093505859375,"КГУ ""ОШ им. К.Абдалиева"""
41.46345520019531,69.43160247802734,"КГУ ""Общеобразовательная средняя школа №51 имени Т.Рыскулова"""
42.43817901611328,69.82646179199219,"КГУ ""Основная средняя школа №82 имени Б.Наметова"""
42.52975845336914,68.77696228027344,"КГУ ""СШ им.  Ж.Ташенова"""
41.20171356201172,68.80354309082031,"КГУ ""Общеобразовательная средняя школа №31 имени Ш.Уалиханова"""
42.49027633666992,69.42892456054688,"КГУ ""Общая средняя школа имени Б.Нурлыбекова"""
42.05833435058594,69.52487182617188,"КГУ ""ОШ им. П.Тажибаевой"""
42.41896438598633,69.8399887084961,"КГУ ""Общая средняя школа имени Айша биби"""
42.68144226074219,68.98191833496094,"КГУ ""СШ Каражантак"""
42.48426055908203,69.40232849121094,"КГУ ""Общая средняя школа имени М.Исламкулова"""
41.29130935668945,68.07350158691406,"КГУ ""Школа-лицей ""Жаушыкум"""
40.9719352722168,68.67237854003906,КГУ «Общеобразовательная средняя школа №44 «Сырдария»
42.901309967041016,69.18140411376953,"ГКУ ""Основная средняя школа Тасқұдық"""
42.611351013183594,68.95128631591797,"КГУ ""СШ им. Б.Кенжебаева"""
41.3748664855957,69.00320434570312,"КГУ ""Общеобразовательная средняя школа №13 имени Т.Бигелдинова"""
42.41893005371094,68.78133392333984,"КГУ ""МКНШ Темиржолши"""
42.18524932861328,70.06219482421875,"КГУ ""Общеобразовательная средняя школа ""Нысанбек"" отдела развития человеческого потенциала Толебийского района"
41.4097900390625,69.0075912475586,"КГУ ""Общеобразовательная средняя школа №30 имени С.Торайгырова"""
42.49930191040039,68.81389617919922,"КГУ  "" МКНШ Бірлік"""
42.16496658325195,68.1176986694336,"КГУ "" СШ Жидели"""
42.23664093017578,68.16635131835938,"КГУ ""СШ  Аккала"""
42.12531280517578,68.14252471923828,"КГУ ""СШ им.  М.Шаханова"""
42.11613464355469,68.1479721069336,"КГУ ""СШ им. М.Маметова"""
42.570072174072266,69.85527801513672,"КГУ ""Общая средняя школа имени М.Ауезова"""
43.31868362426758,68.24742126464844,"КГУ ""IT-школа-лицей №27 имени У.Жанибекова"""
42.85942459106445,68.29273986816406,"КГУ  ""Основная средняя школа имени А.Байтанаева"""
53.12605285644531,67.3071060180664,КГУ «Шукыркольская средняя школа имени Айкына Нуркатова»
52.84088134765625,68.31024932861328,"КГУ ""Альжанская ОШ"""
52.66134262084961,66.59709930419922,КГУ «Володарская средняя школа»
53.7430419921875,70.22554016113281,КГУ «Краснокиевская ОШ»
53.864315032958984,70.84571838378906,"КГУ ""Севастопольская НШ"""
53.63035202026367,69.1536636352539,КГУ «Горьковская СШ»
53.88962936401367,73.10865783691406,"КГУ ""Жамбылская средняя школа"""
54.431007385253906,70.34769439697266,"КГУ ""Советская средняя школа"""
54.058719635009766,69.14226531982422,КГУ «Рощинская ОШ»
54.18684768676758,71.93862915039062,"КГУ ""Новосельская начальная школа"""
54.6218376159668,68.80876922607422,"КГУ ""Надеждинская ОШ"""
53.77886962890625,72.04398345947266,"КГУ ""Жанааульская средняя школа имени Кали Хадесова"""
54.91546630859375,69.14427185058594,"КГУ ""Областная специализированная гимназия-интернат для одаренных детей имени Абу Досмухамбетова"""
54.112918853759766,66.78716278076172,"КГУ «Есперлинская ОСШ"""
53.50102615356445,67.23771667480469,"КГУ ""Афанасьевская средняя школа"""
53.87830352783203,67.40093231201172,"КГУ ""Средняя школа имени Героя Социалистического Труда Есима Шайкина"""
55.24370574951172,68.78875732421875,"КГУ ""Налобинская СШ"""
51.448143005371094,79.49373626708984,"КГУ ""Сосновская СШ"""
48.82759094238281,82.70919799804688,КГУ «Джумбинская основная школа»
46.696468353271484,80.76377868652344,"КГУ ""Сагатская сш"""
49.252445220947266,78.81745147705078,"КГУ ""Медеуская средняя школа"""
47.824737548828125,78.70491790771484,"КГУ ""ОСШ имени Мукатая Абеулова"""
49.58647918701172,81.0556411743164,"КГУ ""СШ имени Т.Кобдыкова """
47.72920227050781,84.20362091064453,"КГУ ""Средняя школа имени Т.Рыскулова"""
49.20220184326172,84.85999298095703,"КГУ ""Алтынбельская средняя школа"""
50.4490966796875,80.27887725830078,КГУ «СОШ № 15»
50.42767333984375,80.23164367675781,СОШ №29
49.95362854003906,82.63761138916016,"КГУ ""СШ №  35"""
49.02213668823242,83.36033630371094,КГУ «Самарская начальная школа»
54.85921096801758,69.15040588378906,"КГУ ""Первая гимназия"""
52.604522705078125,66.48927307128906,КГУ «Целинная средняя школа»
53.85802459716797,69.79096984863281,"КГУ ""Средняя школа №1 города Тайынша"""
53.31965637207031,68.42875671386719,"КГУ ""Антоновская СШ"""
53.683631896972656,68.79936981201172,"КГУ ""Талапская НШ"""
53.979522705078125,67.60932159423828,"КГУ ""Жанажолская средняя школа имени Г.Малдыбаева"""
53.91946029663086,73.5026626586914,"КГУ ""Каратерекская средняя школа"""
53.80634689331055,70.0953598022461,КГУ «Донецкая СШ»
52.74120330810547,73.70254516601562,"КГУ ""Каратальская основная школа"""
53.26227951049805,67.93685913085938,"КГУ ""Воскресеновская НСШ"""
53.82323455810547,67.80858612060547,"КГУ ""Аксуская основная школа"""
52.45899200439453,67.1964340209961,"КГУ ""Ялтинская средняя школа"""
54.87085723876953,69.13826751708984,"КГУ ""Средняя общеобразовательная школа № 6 им. Кожабергена жырау"""
54.48283386230469,70.51683044433594,"КГУ ""Таманский комплекс школа-ясли-сад"""
53.81123733520508,67.59075164794922,"КГУ ""Алкаагашская основная школа"""
53.8482780456543,69.74156188964844,КГУ «Средняя школа №2 города Тайынша»
52.92930603027344,67.09676361083984,"КГУ ""Кокалажарская средняя школа"""
53.441802978515625,67.42540740966797,"КГУ ""Всеволодовская НШ"""
52.95730209350586,68.20085906982422,"КГУ ""Арыкбалыкская СШ"""
54.85037612915039,69.11151885986328,"КГУ ""Средняя  школа № 40 им. Д.М. Карбышева"""
54.33854293823242,69.167724609375,"КГУ ""Аралагашская СШ им.  К. Оразова"""
53.75362777709961,69.36225891113281,КГУ «Драгомировская СШ»
53.0769157409668,73.55386352539062,"КГУ ""Жаскайратская основная школа"""
53.2779655456543,66.72772979736328,"КГУ ""Червонная средняя школа"""
53.86168670654297,67.46794891357422,"КГУ ""Каратальская средняя школа"""
53.850894927978516,69.7760238647461,"КГУ ""Средняя школа № 3 города Тайынша"""
52.69733810424805,66.62145233154297,"КГУ ""Боровская начальная школа"""
52.78958511352539,67.06287384033203,"КГУ ""Сарыадырская начальная школа"""
53.59375,71.126953125,"КГУ ""Ащигольская средняя школа"""
52.75231170654297,67.66482543945312,"КГУ ""Гусаковская СШ"""
53.604068756103516,68.04663848876953,"КГУ ""Егинды-Агашская НШ"""
54.886024475097656,69.13845825195312,"КГУ ""IT-школа-лицей  имени Магжана Жумабаева"""
54.50680160522461,69.2262954711914,"КГУ ""Астраханская СШ"""
54.46245574951172,70.73905181884766,"КГУ ""Узункольская средняя школа"""
54.870174407958984,69.1336669921875,"КГУ ""Средняя школа № 7"""
48.74510192871094,82.69747924804688,"КГУ ""Начальная школа имени Ю.Гагарина"" отдела образования Кокпектинского района управления образования области Абай"
47.874629974365234,80.17819213867188,"КГУ ""Сергиопольская ОСШ"""
50.39020538330078,80.23562622070312,КГУ «СОШ № 30»
46.79496765136719,82.01618957519531,"КГУ ""СШ-сад  им Сейфуллина"""
49.955196380615234,82.62808227539062,"КГУ ""СШ №  36"""
50.41404342651367,80.26606750488281,КГУ «СОШ  № 16  »
53.914398193359375,67.37902069091797,"КГУ ""Акан-Баракская средняя школа"""
49.47941970825195,84.69271850585938,"КГУ ""Новополяковская СШ"""
50.38650131225586,80.23753356933594,"КГУ ""Многопрофильная гимназия имени Шакарима с обучением на трех языках"""
54.87445831298828,69.14337921142578,"КГУ ""Школа-лицей ""Дарын"""
48.7815055847168,82.4317398071289,КГУ «Шариптогайская основная школа» отдела образования Кокпектинского района управления образования области Абай
47.72920227050781,84.20352935791016,"КГУ ""Средняя школа имени Ш.Уалиханова"""
49.5413932800293,82.99757385253906,"КГУ ""Асубулакская средняя школа"""
53.94130325317383,70.40636444091797,КГУ «Зеленогайская СШ»
52.98374557495117,66.82938385009766,"КГУ ""Старобельская основная школа"""
47.46555709838867,80.90555572509766,"КГУ ""Акшаулинская ОСШ №1"""
49.59115982055664,81.03487396240234,"КГУ ""СШ имени Б.Турсынова"""
53.64603042602539,71.88082885742188,"КГУ ""Бестерекская средняя школа"""
54.04854965209961,67.5936508178711,"КГУ ""Кенесовская средняя школа"""
48.33084487915039,82.95783233642578,"КГУ ""Ушкомейская начальная малокомплектная школа"" отдела образования Кокпектинского района управления образования области Абай"
53.83759689331055,69.7576675415039,"КГУ ""Средняя школа №4 города Тайынша"""
49.965423583984375,82.5952377319336,"КГУ ""Средняя многопрофильная школа №37"""
48.13333511352539,80.03333282470703,"КГУ ""Общеобразовательная средняя школа имени .А.Кошкимбаевой"""
53.65376663208008,68.13422393798828,"КГУ ""Даукаринская СШ"""
50.4051513671875,80.25597381591797,"КГУ ""СОШ  №31"""
54.141353607177734,67.67916107177734,"КГУ ""Бирликская основная школа"""
53.3227424621582,68.28431701660156,"КГУ ""Комаровская НСШ"""
54.19636535644531,69.6065444946289,"КГУ ""Власовская СШ"""
47.281211853027344,81.15437316894531,"КГУ ""Тасбулакская сш -сад"""
54.76283264160156,70.50460815429688,"КГУ ""Успенская основная школа"""
50.4128532409668,80.2376937866211,КГУ «СОШ № 17»
50.42174530029297,80.18866729736328,"КГУ ""СОШ №44"
49.33588409423828,85.16738891601562,"КГУ ""Барлыкская средняя школа"""
47.76163101196289,82.8058853149414,"КГУ ""Аксуатская СШ имени К. Нурбаева"""
53.949119567871094,71.40418243408203,"КГУ ""Бостандыкская средняя школа"""
54.90254211425781,69.14543914794922,"КГУ ""Средняя  школа № 4"""
53.732391357421875,68.89191436767578,КГУ «Краснокаменская ОШ»
53.86442184448242,69.8003158569336,"КГУ ""Средняя школа №5 города Тайынша"""
53.33930587768555,66.95922088623047,"КГУ ""Куприяновская основная школа"""
52.56242752075195,67.2520751953125,"КГУ ""Чистопольская средняя школа"""
54.879093170166016,69.14344024658203,"КГУ ""Средняя общеобразовательная школа-комплекс эстетического воспитания № 8"""
53.10702896118164,67.45401763916016,"КГУ ""Жанасуская начальная школа имени Еркина Ауельбекова"""
49.877838134765625,82.49148559570312,"КГУ ""СШ имени Р.Марсекова"""
49.15603256225586,83.26558685302734,КГУ «Пантелеймоновская основная школа»
54.49524688720703,66.63922882080078,КГУ «Сабитовская ОСШ»
53.43210983276367,67.05715942382812,"КГУ ""Крещенская средняя школа"""
46.94557189941406,79.66947174072266,"КГУ ""Актогайская ОСШ"""
54.141849517822266,70.54783630371094,КГУ «Ильичевская ОШ» (кир)
55.250492095947266,70.47139739990234,"КГУ ""Куломзинская начальная школа"""
53.73796081542969,67.10457611083984,"КГУ ""Городецкая основная школа"""
53.40472412109375,67.95001983642578,"КГУ ""Елецкая СШ"""
55.039207458496094,70.88552856445312,"КГУ ""Красно-Казахстанская неполная средняя школа"""
49.94426727294922,82.62914276123047,Гимназия №38 имени Льва Гумилева
54.63079071044922,69.99280548095703,"КГУ ""Ивановская СШ"""
53.9843635559082,68.21788787841797,"КГУ ""Ясновская средняя школа"""
49.10691833496094,84.04085540771484,КГУ «Сарыбельская средняя школа»
54.01070785522461,71.773681640625,"КГУ ""Восходская основная школа"""
50.74831008911133,78.55683898925781,"КГУ ""СОШ № 2"""
49.82490539550781,81.07327270507812,"КГУ ""ОШ  Конырбиик"""
52.42995071411133,66.748779296875,"КГУ ""Шоптыкольская средняя школа"""
50.391544342041016,80.21635437011719,КГУ «СОШ № 32»
53.75385284423828,67.5556411743164,"КГУ ""Кривощековская средняя школа"""
54.89235305786133,69.14793395996094,"КГУ  ""Средняя  школа  № 5"""
53.53351593017578,67.45722961425781,"КГУ ""Ольгинская основная школа"""
53.7896728515625,69.18093872070312,КГУ «Любимовская НШ»
53.753299713134766,66.53048706054688,"КГУ ""Сулы-элеваторная основная школа"""
48.65570068359375,83.11857604980469,"КГУ ""Караоткельская основная школа"""
49.682472229003906,83.0174789428711,"КГУ ""ОШ имени Сейфуллина"""
53.85194778442383,68.20612335205078,"КГУ ""Актаская основная школа"""
53.7553825378418,67.96054077148438,"КГУ ""Енбекская начальная школа"""
50.44879913330078,80.22083282470703,КГУ СОШ №18
54.90853500366211,69.13780975341797,"КГУ ""Средняя  школа № 9 имени Ахмета Байтурсынулы"""
54.20442581176758,69.65209197998047,"КГУ ""Киялинская СШ им. А. Хименко"""
53.4663200378418,70.40271759033203,КГУ «Амандыкская СШ»
54.881629943847656,68.79934692382812,"КГУ ""Кондратовская СШ"""
54.760719299316406,70.61752319335938,"КГУ ""Енбекши-казахская неполная средняя школа"""
53.5004768371582,70.3812026977539,КГУ «Ильичевская СШ» (аман)
53.991939544677734,69.85157012939453,КГУ «Тендыкская СШ»
54.59096908569336,67.15664672851562,"КГУ «Узынкольская НШ"""
53.50169372558594,68.52850341796875,"КГУ ""Заринская ОШ"""
54.874603271484375,70.79474639892578,"КГУ ""Образцовская начальная школа"""
49.94926071166992,82.63374328613281,"КГУ ""СШ №39"""
47.00394821166992,81.7350845336914,"КГУ ""СШ им Толеубекова"""
49.45869827270508,82.54612731933594,"КГУ ""СШ имени Какена Аханова"""
49.97467041015625,82.609619140625,КГУ «Профильная школа»
47.580780029296875,85.01655578613281,КГУ «Основная средняя школа имени Жамбыла»
49.03178787231445,80.06266784667969,"КГУ""СШ имени С Бекбосынова"""
49.3543586730957,76.97761535644531,"КГУ ""СОШ имени Быхина"""
50.751468658447266,78.55396270751953,"КГУ ""СОШ №1"""
50.37474822998047,80.21796417236328,КГУ «СОШ № 33 »
54.11408996582031,67.40591430664062,"КГУ ""Астаганская начальная школа"""
53.747066497802734,72.51160430908203,"КГУ ""Черниговская средняя школа"""
53.73112869262695,67.7580795288086,"КГУ ""Новопокровская средняя школа"""
53.96309280395508,67.1998519897461,"КГУ ""Жалтырская основная школа"""
53.626529693603516,68.72382354736328,КГУ «Мадениетская ОШ»
54.87434387207031,70.79149627685547,"КГУ ""Пулеметовская начальная школа"""
49.17742919921875,85.77222442626953,"КГУ ""Жана- Ульгинская ОСШ"""
49.760982513427734,80.5899658203125,"КГУ ""Аркалыкская ОШ"""
49.938232421875,82.49967193603516,"КГУ ""Ахмеровская СШ"""
50.371524810791016,80.2315444946289,КГУ «СОШ № 19»
54.75809860229492,70.8883285522461,"КГУ ""Еремеевская начальная школа"""
53.708740234375,69.62129974365234,КГУ «Большеизюмовская СШ»
55.23870849609375,69.43247985839844,"КГУ ""Красноярская ОШ"""
54.86424255371094,69.12884521484375,"КГУ ""Средняя  школа № 10 имени Н.К. Крупской"""
48.26913833618164,82.7884750366211,КГУ «Основная школа имени Ивана Яроцкого»
52.97896957397461,68.36571502685547,"КГУ ""Имантауская СШ"""
52.84088134765625,68.31024932861328,"КГУ ""Акан-Бурлукская НШ"""
47.741912841796875,80.63833618164062,"КГУ ""ОСШ им. Шынкожа батыра"""
50.38811111450195,80.39747619628906,КГУ «СОШ № 34»
50.7435417175293,78.5535659790039,"КГУ ""Средняя школа №3"""
49.93465805053711,82.57472229003906,"КГУ ""Меновновская средняя школа"""
49.94953155517578,82.61067962646484,"КГУ ""СШ № 1 имени Шакарима"""
49.161407470703125,85.70542907714844,"КГУ  ""Кабыргинская основная средняя школа"""
53.91726303100586,72.65021514892578,"КГУ ""Актуйесайская средняя школа"""
53.6873664855957,67.30186462402344,"КГУ ""Социальская основная школа"""
49.96922302246094,82.48921203613281,"КГУ ""СШ № 33 имени Абая"""
47.551971435546875,84.83769226074219,КГУ «Малокомплектная основная средняя школа имени М.Маметовой»
53.84095764160156,68.53632354736328,"КГУ ""Горновская основная школа"""
49.21104431152344,81.22032928466797,"КГУ ""Комплекс Жангизтобинская средняя школа- детский сад"""
50.44290542602539,80.22926330566406,"КГУ Специализированная мужская школа-лицей -интернат  ""Жас улан"" им. Ш. Валиханова для одаренных детей"
53.93523025512695,70.80366516113281,"КГУ ""Тихоокеанская ОШ"""
53.634090423583984,70.12057495117188,КГУ «Карагашская СШ»
54.90066909790039,69.11842346191406,"КГУ ""Средняя школа  №13"""
54.778602600097656,68.94046783447266,"КГУ ""Архангельская СШ"""
54.61149215698242,68.08649444580078,"КГУ ""Бексеитская средняя школа"""
50.379676818847656,80.23856353759766,КГУ «СОШ № 35»
50.38147735595703,80.24828338623047,КГУ «СОШ № 20 »
49.429752349853516,81.2385025024414,"КГУ ""ОШ Кошек"""
47.86880874633789,83.57105255126953,"КГУ ""СШ имени К.Тогисова"""
54.87168884277344,69.13102722167969,"КГУ ""Гимназия ""БЭСТ"""
49.81277847290039,82.89277648925781,"КГУ ""Ново-Троицкая основная средняя школа"""
53.885887145996094,69.53760528564453,КГУ «Многоцветинская ОШ»
54.636444091796875,70.16004180908203,"КГУ ""Сартомарская средняя школа"""
53.536251068115234,67.08209228515625,"КГУ ""Октябрьская средняя школа"""
46.945674896240234,79.66943359375,"КГУ ""ОСШ №8"""
53.92915725708008,70.1191177368164,КГУ «Вишневская СШ»
50.00254440307617,82.5719985961914,"КГУ ""Общеобразовательная школа № 2"""
53.92503356933594,67.98872375488281,"КГУ ""Ивано - Петровская начальная школа"""
53.87339401245117,68.39385986328125,"КГУ ""Булакская средняя школа"""
53.09342956542969,67.69264221191406,"КГУ ""Каменнобродская СШ"""
53.15350341796875,66.76720428466797,"КГУ ""Ефимовская основная школа"""
47.60230255126953,84.8928451538086,КГУ «Малокомплектная основная средняя школа Саржыра»
54.03000259399414,72.7272720336914,"КГУ ""Бидаикская средняя школа"""
54.540096282958984,69.5643081665039,"КГУ ""Куйбышевская НШ"""
53.32356643676758,67.44931030273438,"КГУ ""Казанская СШ"""
48.46596145629883,85.00494384765625,"КГУ ""Акбулакская основная средняя школа"""
49.79289627075195,80.82243347167969,"КГУ ""Средняя школа Суыкбулак"""
49.397804260253906,85.85304260253906,"КГУ ""Первомайская СШ"""
49.22407150268555,86.19605255126953,"КГУ ""Каиндинская ОСШ"""
53.952457427978516,69.77308654785156,КГУ «Чермошнянская СШ»
54.880401611328125,69.10616302490234,"КГУ ""Средняя общеобразовательная школа № 14 им. Ю.А.Гагарина"""
53.8878288269043,67.42103576660156,"КГУ ""Казахская средняя школа"""
53.913597106933594,66.48556518554688,"КГУ ""Докучаевская средняя школа"""
55.0595703125,68.47634887695312,"КГУ ""Беловская средняя школа"""
54.555442810058594,66.15314483642578,"КГУ ""Пресноредутская ОШ"""
53.8387336730957,69.2923583984375,КГУ «Келлеровская СШ им. Героя Советского Союза И.М.Бережного»
52.39654541015625,66.67948913574219,"КГУ ""Приишимская средняя школа"""
48.679325103759766,81.77733612060547,"КГУ ""ОШ имени С.Алимбетова"""
53.88656234741211,67.97537994384766,"КГУ ""Волошинская средняя школа"""
47.22022247314453,84.11347198486328,"КГУ ""СШ имени Кабдена Акынова"""
49.762115478515625,82.6102066040039,"КГУ ""СШ имени М. Ломоносова"""
50.41254806518555,80.27018737792969,КГУ «СОШ № 36»
50.360206604003906,80.2710952758789,"КГУ ""СОШ № 21"""
54.239627838134766,67.53498840332031,"КГУ ""Приишимская средняя школа"""
47.59767150878906,85.11978149414062,"КГУ "" Малокомплектная начальная школа им. С.Бикадамова"""
54.17510223388672,69.51625061035156,"КГУ ""Чаглинская СШ"""
53.53417205810547,71.54950714111328,"КГУ ""Ленинградская средняя школа №1"""
54.89789962768555,69.07091522216797,"КГУ ""Средняя  школа № 12"""
49.94426345825195,82.61820220947266,КГУ «Школа-лицей №3 имени Шокана Уалиханова»
53.292667388916016,68.10688781738281,"КГУ ""Саумалкольская казахская СШ"""
53.97911834716797,72.89332580566406,"КГУ ""Ундрусская средняя школа"""
54.89595031738281,69.14167022705078,"КГУ ""Областной специализированный лицей-интернат ""БІЛІМ-ИННОВАЦИЯ"" для одаренных детей"""
53.851348876953125,72.69497680664062,"КГУ ""Шагирсайская основная школа"""
54.86162185668945,69.15723419189453,"КГУ ""Средняя школа-комплекс национального возрождения № 17"""
54.36948013305664,66.97566223144531,"КГУ ""Благовещенская ОШ-ЯС"""
46.75642013549805,82.08485412597656,"КГУ ""СШ-сад им. Б.Жунусова"""
53.57929992675781,68.45965576171875,"КГУ ""Карасевская СШ"""
47.55651092529297,80.82589721679688,"КГУ ""ОСШ Мынбулак"""
48.7584342956543,80.7771987915039,"КГУ ""СШ №17 имени П. Теряев"""
50.63751983642578,81.91216278076172,КГУ «Общеобразовательная средняя школа-гимназия №1 имени Н.А.Островского»
53.292728424072266,68.10710144042969,"КГУ ""Саумалкольская СШ № 1"""
54.03559112548828,67.0580825805664,"КГУ ""Жаркенская средняя школа"""
49.213497161865234,86.00687408447266,"КГУ ""Кызыл -Жулдызская основная средняя школа"""
54.86005783081055,69.15411376953125,"КГУ ""Комплекс ""Колледж искусств - специализированная школа-интернат для одаренных в искусстве детей имени Ермека Серкебаева"""
54.856327056884766,69.14004516601562,"КГУ ""Средняя школа  №1 им. Мурата Айтхожина"""
54.15059280395508,70.31940460205078,КГУ «Кировская средняя школа»
54.47526550292969,66.77748107910156,"КГУ ""ОШ имени С. Муканова"""
53.53558349609375,71.5403060913086,"КГУ ""Ленинградская средняя школа №2"""
49.95631408691406,82.63953399658203,"КГУ ""СШ №4"" имени Сагадата Нурмагамбетова"""
54.96223449707031,69.2457504272461,"КГУ ""Пеньковская СШ"""
50.39833068847656,80.21533203125,КГУ «СОШЛ № 22»
52.58342742919922,66.49374389648438,"КГУ ""Дружбинская средняя школа"""
54.12409973144531,67.2799072265625,"КГУ ""Семипольская средняя школа района Шал акына"""
47.08852767944336,84.74717712402344,"КГУ ""Малокомплектная начальная школа Карасай"""
49.32569122314453,81.38317108154297,"КГУ ""Основная школа Балыктыколь"""
48.94084167480469,79.25457763671875,"КГУ ""Специализированная школа-гимназия интернат имени Абая"" УО ВКО"
47.7259635925293,77.45633697509766,"КГУ ""ОСШ имени Т.Кобдикова"""
50.41703796386719,80.25846099853516,КГУ «Гимназия № 37 »
47.428409576416016,83.86375427246094,"КГУ ""СШ имени А.Байтурсынова"""
54.36949157714844,69.7664794921875,"КГУ ""Черкасская СШ"""
52.922584533691406,67.46527099609375,"КГУ ""Раисовская средняя школа"""
54.046199798583984,68.41236114501953,"КГУ ""Советская начальная школа"""
53.937660217285156,68.98583984375,КГУ «Краснополянская СШ»
52.569766998291016,67.40758514404297,"КГУ ""Токтинская начальная школа"""
54.473472595214844,67.66642761230469,"КГУ «Троицкая ОШ"""
53.96548843383789,69.53353118896484,КГУ «Леонидовская ОШ»
54.57202911376953,68.15532684326172,"КГУ ""Бостандыкская средняя школа"""
47.138668060302734,81.755126953125,"КГУ ""Кишкенетауская сш-сад"""
53.67674255371094,71.3145980834961,"КГУ ""Акжаркынская средняя школа"""
53.27650451660156,68.10542297363281,"КГУ ""Саумалкольская школа-гимназия №2"""
53.21540069580078,66.82453155517578,"КГУ ""Новоишимская казахская средняя школа"""
52.74357223510742,73.59207916259766,"КГУ ""Берекинская основная школа"""
50.430171966552734,80.26923370361328,"КГУ ""СОШ  № 23 """
49.94576644897461,82.6617202758789,"КГУ ""СШ №5"""
49.32753372192383,81.5706558227539,"КГУ ""Многопрофильная школа - гимназия имени Абая"""
50.62803649902344,81.93719482421875,КГУ «Общеобразовательная средняя школа №3 имени Ю.А.Гагарина»
50.433170318603516,80.28575134277344,КГУ «СОШ – лицей № 38»
54.769283294677734,69.09559631347656,"КГУ ""Школа-лицей ""Парасат"""
52.81715774536133,66.94019317626953,"КГУ ""Рузаевская средняя школа"""
53.39122772216797,67.64347076416016,"КГУ ""Каратальская СШ"""
49.63283920288086,84.43022918701172,"КГУ ""Новокрестьянская НШ"""
54.708946228027344,68.98298645019531,"КГУ ""Новокаменская СШ"""
54.89769744873047,69.1475830078125,"КГУ ""Школа-лицей ""аль-Фараби"""
54.87721252441406,69.1287612915039,"КГУ ""Средняя  школа №2 имени Смагула Садуакасулы"""
54.013553619384766,67.37738037109375,"КГУ ""Ступинская основная школа"""
48.75523376464844,79.3322982788086,"КГУ ""СШ имени Кокбая"""
53.14925765991211,67.7843017578125,"КГУ ""Кирилловская СШ"""
47.146705627441406,81.88654327392578,"КГУ ""Кокозекская сш-сад"""
53.657745361328125,70.81676483154297,КГУ «Алаботинская СШ»
49.71306228637695,84.25650787353516,"КГУ ""СШ № 6"""
49.23666000366211,82.29337310791016,"КГУ ""Салкынтобинская ОШ"""
52.77330017089844,66.50187683105469,"КГУ ""Урожайная средняя школа"""
54.117000579833984,66.6574478149414,"КГУ ""Украинская ОШ"""
47.48004913330078,83.73311614990234,"КГУ ""Комплекс школа-детский сад Жетіарал"""
53.89384460449219,72.27349853515625,"КГУ ""Майская средняя школа"""
49.59827423095703,78.73612976074219,"КГУ ""СШ имени Ш.Токжигитова"""
54.396305084228516,67.89734649658203,"КГУ ""Тауагашская средняя школа"""
53.732749938964844,68.98126983642578,КГУ «Летовочная СШ»
53.39919662475586,72.42761993408203,"КГУ ""Чеховская средняя школа"""
53.596927642822266,72.0809097290039,"КГУ ""Ульгилинская средняя школа"""
54.28213119506836,66.78701782226562,"КГУ ""Майбалыкская ОСШ"""
53.204490661621094,66.80189514160156,"КГУ ""Новоишимская средняя школа № 1"""
52.961936950683594,66.61988067626953,"КГУ ""Средняя школа Токсан би"""
50.607994079589844,79.22491455078125,ООШ № 24
50.39995574951172,80.21119689941406,КГУ «СОШ № 39»
54.957794189453125,69.03056335449219,"КГУ ""Якорьская СШ"""
49.701690673828125,81.596923828125,"КГУ ""Средняя школа № 236"""
52.56120300292969,67.43018341064453,"КГУ ""Салкынкольская средняя школа"""
50.62246322631836,81.87763977050781,КГУ «Общеобразовательная средняя школа №4 имени Шакарима»
49.92190933227539,82.659912109375,"КГУ ""СШ №6"""
49.378684997558594,83.17678833007812,"КГУ ""Основная школа имени Акжолова"""
47.71600341796875,79.4852294921875,"КГУ ""ОСШ имени Т.Есимжанова"""
54.858665466308594,69.16952514648438,"КГУ ""Средняя  школа № 20 имени Жумабека Ташенова"""
54.186485290527344,71.93862915039062,"КГУ ""Горьковская средняя школа"""
54.52671432495117,68.68484497070312,"КГУ ""Новоникольская СШ"""
54.33589553833008,68.45050811767578,"КГУ ""Черуновская начальная школа"""
54.782081604003906,69.67210388183594,"КГУ ""Камышловская ОШ"""
54.81978225708008,68.3135757446289,"КГУ ""Становская начальная школа"""
52.82587432861328,66.94867706298828,"КГУ ""Калиновская средняя школа"""
48.45320129394531,84.80750274658203,"КГУ ""Барак батырская основная средняя школа"""
53.200035095214844,66.76090240478516,"КГУ ""Новоишимская средняя школа № 2"""
54.144840240478516,67.78961944580078,"КГУ ""Орнекская основная школа имени Есляма Зикибаева - известного поэта"""
54.021339416503906,71.08798217773438,"КГУ ""Кенащынская основная школа"""
47.451393127441406,83.53522491455078,"КГУ ""СШ Куйган"""
53.60747528076172,71.48130798339844,"КГУ ""Дауитская средняя школа"""
53.123714447021484,68.034912109375,"КГУ ""Мадениетская СШ"""
49.74225616455078,84.25618743896484,"КГУ ""Средняя школа № 7 города Алтай"""
54.57145309448242,67.30915069580078,"КГУ «Мирненская ОШ"""
54.32197189331055,68.90010833740234,"КГУ ""Караагашская основная школа"""
55.01216506958008,69.16948699951172,"КГУ ""Берёзовская ОШ"""
52.83769607543945,67.86590576171875,"КГУ ""Константиновский комплекс школа-ясли-сад"""
54.618492126464844,68.72904205322266,"КГУ ""Боголюбовская СШ"""
52.5738639831543,67.68769836425781,"КГУ ""Ковыленская средняя школа"""
47.89225769042969,84.72967529296875,"КГУ ""Игиликская ОСШ"""
54.189613342285156,70.53606414794922,КГУ «Агрономовская начальная школа»
53.60877990722656,66.56169128417969,"КГУ ""Аксуатская средняя школа"""
48.468204498291016,80.57791137695312,"КГУ ""Средняя школа имени Актайлак би"""
54.94036102294922,70.2229232788086,"КГУ ""Колосовская неполная средняя школа"""
54.86997604370117,69.15542602539062,"КГУ ""Средняя общеобразовательная школа  № 21"""
50.63383102416992,81.93264770507812,КГУ «Комплекс общеобразовательная средняя школа-ясли-детский сад №5 имени Ахмета Байтурсынова»
53.41761779785156,72.75419616699219,"КГУ ""Средняя школа имени М.  Жумабаева"""
55.09269714355469,69.03377532958984,"КГУ ""Пресновская СШ"""
54.22724151611328,69.52717590332031,"КГУ ""Степная НШ"""
49.03362274169922,81.19215393066406,"КГУ ""ОШ Малай"""
52.50388717651367,67.87519836425781,"КГУ ""Сокологоровская средняя школа"""
54.956512451171875,68.5232162475586,"КГУ ""Мамлютская казахская школа-интернат"""
54.81782150268555,69.08822631835938,"КГУ ""Озёрная СШ"""
49.67673873901367,82.5069808959961,"КГУ ""ОШ имени Амангельды"""
49.97250747680664,82.58629608154297,"КГУ ""СШ №7"""
53.755218505859375,71.6702880859375,"КГУ ""Казанская средняя школа"""
54.66120529174805,67.4090347290039,"КГУ ""Новорыбинская ОШ"""
53.74742889404297,66.5076904296875,"КГУ ""Тимирязевская казахская общеобразовательная школа-интернат"""
54.05219650268555,68.94506072998047,КГУ «Макашевская ОШ»
53.45375442504883,68.35719299316406,"КГУ ""Лавровская СШ"""
53.79582977294922,68.20336151123047,"КГУ ""Целинная ОШ"""
55.15665817260742,68.94697570800781,"КГУ ""Глубоковская ОШ"""
50.421295166015625,80.2364501953125,КГУ «СОШ № 40»
49.630680084228516,83.51671600341797,КГУ «Ново-Бухтарминская средняя школа №1» отдела образования района Алтай Управления образования Восточно-Казахстанской области
48.55207443237305,79.6305923461914,"КГУ ""СОШ им Ш.Абенова """
47.74220657348633,83.43589782714844,"КГУ ""СШ имени Касыма Кайсенова"
54.395877838134766,68.61190795898438,"КГУ ""Чириковская средняя школа"""
46.457027435302734,81.84296417236328,"КГУ ""Коктальская СШ-сад"""
48.67912673950195,82.9529800415039,"КГУ ""Казахстанская ОСШ"""
53.8192024230957,66.06312561035156,"КГУ ""Хмельницкая средняя школа"""
49.7227668762207,84.28390502929688,"КГУ ""СШ № 8"""
54.49755859375,70.34712982177734,"КГУ ""Придорожная начальная школа"""
54.05066680908203,67.67356872558594,"КГУ ""Мектепская основная школа"""
49.96256637573242,82.61290740966797,КГУ «Валеологическая специализированная школа-комплекс для одаренных детей»
54.901641845703125,69.1450424194336,"КГУ ""Средняя  школа  № 23"""
54.884952545166016,69.77622985839844,"КГУ ""Тюменская ОШ"""
54.14584732055664,68.40156555175781,"КГУ ""Двинская начальная школа"""
55.09294509887695,69.2279052734375,"КГУ ""Большемалышенская СШ"""
49.68595886230469,82.17446899414062,"КГУ ""ОШ имени Ш.Башикова"""
52.807979583740234,66.46913146972656,"КГУ ""Ломоносовская средняя школа"""
53.6275634765625,72.33524322509766,"КГУ ""Кишкенекольская средняя школа № 1"""
54.27193069458008,66.23282623291016,"КГУ ""Озерная ОШ"""
55.27412414550781,68.90620422363281,"КГУ ""Дубровинская ОШ"""
48.67220687866211,80.80754852294922,"КГУ ""Аршалинская ОШ"""
49.56678009033203,79.86910247802734,"КГУ ""СШ имени М.Ауезова"""
53.954463958740234,69.6514663696289,КГУ «Бахмутская НШ»
54.474422454833984,68.68930053710938,"КГУ ""Рассветская СШ"""
47.938480377197266,80.42693328857422,"КГУ "" Малокомплектная начальная школа Малтугел"""
50.549713134765625,81.84993743896484,КГУ «Общеобразовательная средняя школа имени И.М.Астафьева»
52.77900314331055,73.75530242919922,"КГУ ""Ауезовская средняя школа"""
50.36623764038086,80.25194549560547,КГУ «СОШ № 41»
49.98625564575195,80.7442855834961,"КГУ ""ОШ Узынжал"""
52.83769607543945,66.56182861328125,"КГУ ""Ставропольская средняя школа"""
51.05331039428711,79.66974639892578,"КГУ ""Основная школа Бозтал"""
53.00065612792969,67.37847900390625,"КГУ ""Андреевская средняя школа"""
49.641700744628906,82.68268585205078,"КГУ "" ОШ имени Гадаса Салыкова"""
49.62650680541992,83.5185546875,"КГУ ""Ново-Бухтарминская СШ №2"""
46.89860153198242,82.27246856689453,"КГУ ""Коктерекская сш-сад"""
48.43830871582031,85.50834655761719,"КГУ ""Кайнарлинская основная средняя школа"""
53.340415954589844,68.31350708007812,"КГУ ""Аканская НШ"""
49.97749328613281,82.56828308105469,"КГУ ""Средняя школа №8"""
53.84440231323242,69.85248565673828,КГУ «Мироновская СШ»
47.518741607666016,83.8055648803711,"КГУ ""Жаналыкская СШ имени С. Сейфуллина"""
53.09449005126953,68.43355560302734,"КГУ ""Лобановская СШ"""
49.71274185180664,84.24848937988281,"КГУ ""СШ № 9"""
53.77518844604492,72.04688262939453,"КГУ ""Карашиликская средняя школа"""
49.40299606323242,81.44638061523438,"КГУ ""СШ Бирлик"""
53.48215866088867,67.99534606933594,"КГУ ""Сырымбетская СШ"""
54.346736907958984,68.45184326171875,"КГУ ""Явленская средняя школа № 1 им. Т. Позолотина-Героя Советского Союза"""
53.464820861816406,66.6330337524414,"КГУ ""Белоградовская средняя школа"""
49.22547149658203,82.16897583007812,"КГУ ""ОШ имени Ади Шарипова"""
54.962642669677734,70.46659851074219,"КГУ ""Хлеборобовская неполная средняя школа"""
54.90119171142578,70.03294372558594,"КГУ ""Фурмановская средняя школа"""
54.8687858581543,69.20984649658203,"КГУ ""Средняя школа № 24"""
53.639923095703125,72.32447814941406,"КГУ ""Кишкенекольская средняя школа № 2 с пришкольным интернатом"""
54.23434066772461,68.14016723632812,"КГУ ""Александровская основная школа"""
49.177955627441406,84.9767837524414,"КГУ ""Майемерская СШ"""
54.3223876953125,67.21952819824219,"КГУ «Айтуарская ОСШ"""
50.256736755371094,81.98564910888672,КГУ «Первомайский комплекс «Общеобразовательная средняя школа-детский сад имени Д.М.Карбышева»
47.95147705078125,80.37993621826172,"ГУ ""Казахская средняя общеобразовательная школа им. С.Габбасова"""
49.5763053894043,82.71761322021484,"КГУ ""СШ имени К. Кайсенова"""
53.066383361816406,66.74706268310547,"КГУ ""Нежинская средняя школа"""
48.20828628540039,85.51838684082031,"КГУ ""Карачиликская основная средняя школа"""
47.46442794799805,84.89303588867188,КГУ «Средняя школа имени Ю.Гагарина»
54.49407196044922,66.97801971435547,"КГУ «Петровская ОСШ"""
50.95022201538086,79.18323516845703,"КГУ  ""Ундрусская  СШ"""
49.89377975463867,82.69212341308594,"КГУ ""Средняя школа №13"""
55.04717254638672,69.71432495117188,"КГУ ""Бугровская СШ"""
52.77109146118164,68.16927337646484,"КГУ ""Нижнебурлукский  комплекс школа-ясли-сад"""
53.772701263427734,69.76427459716797,КГУ «Зареченская НШ»
52.912906646728516,73.55083465576172,"КГУ ""Кайратская средняя школа"""
55.218658447265625,69.08518981933594,"КГУ ""Сивковская СШ"""
53.898563385009766,66.99886322021484,"КГУ ""Дмитриевская средняя школа"""
53.71859359741211,71.49979400634766,"КГУ ""Кызылтуская средняя школа"""
52.8345947265625,67.81352996826172,"КГУ ""Наследниковская НШ"""
49.338565826416016,81.57408142089844,"КГУ ""Георгиевская средняя школа """
52.90928649902344,66.9151382446289,"КГУ ""Березовская средняя школа"""
47.848289489746094,83.43080139160156,"КГУ  ""СШ Акмектеп"""
49.960723876953125,82.61129760742188,"КГУ ""СШ №9"""
54.75794982910156,70.33794403076172,"КГУ ""Хлеборобская основная школа"""
47.12328338623047,81.94477844238281,"КГУ ""Колдененская сш-сад"""
49.726051330566406,84.26219940185547,"КГУ ""СШ № 11"""
48.051780700683594,80.56489562988281,"КГУ ""ОСШ имени Б.Майлина"""
49.16822814941406,81.9699935913086,"КГУ ""Основная школа Шар"""
47.96110153198242,80.4476318359375,КГУ «Общеобразовательная средняя школа имени Дулата Бабатайулы»
48.67396545410156,84.5157241821289,"КГУ ""Кыстау-Курчумская ОСШ"""
47.12223815917969,81.26930236816406,"КГУ ""СШ им. Ауэзова"""
49.926998138427734,82.67507934570312,"КГУ ""Основная средняя школа №14"""
53.848514556884766,70.31207275390625,КГУ «Новогречановская средняя школа»
50.07085418701172,82.0610580444336,"КГУ ""Пролетарская основная школа"""
50.47926712036133,81.23216247558594,"КГУ  ""Боровлянская  ОСШ"""
53.177146911621094,68.51506042480469,"КГУ ""Шалкарская СШ"""
54.33578872680664,68.45083618164062,"КГУ ""Явленская средняя школа № 3 им. А.Шажимбаева-кинорежиссера"""
54.86307144165039,69.19556427001953,"КГУ ""Школа-детский сад № 26"""
51.04782485961914,79.09346008300781,"КГУ  ""Семеновская средняя школа"""
47.46784973144531,84.87586975097656,КГУ «Школа-лицей имени Х.Мустафиной»
53.63632583618164,72.33609771728516,"КГУ ""Кишкенекольская казахская школа-гимназия"""
54.5537109375,68.76808166503906,"КГУ ""Красногоровская ОШ"""
54.63120651245117,69.15071868896484,"КГУ ""Чапаевская ОШ"""
53.93573760986328,67.58488464355469,"КГУ ""Средняя школа имени М.Ахметбекова"""
47.07769012451172,81.64888763427734,"КГУ ""СШ -сад им.Абылай-хана"
52.74099349975586,68.00566864013672,"КГУ ""Аканский комплекс школа-ясли-сад"""
47.07669448852539,81.65447235107422,"КГУ ""Егинсуйская сш-сад"""
54.23164749145508,66.23883056640625,"КГУ «Бауманская ОСШ"""
54.668880462646484,67.14421081542969,"КГУ ""ОШ им. Кожабергена Жырау"""
55.151405334472656,69.25606536865234,"КГУ ""Вагулинская СШ"""
53.748809814453125,72.78340911865234,"КГУ ""Кобенсайская средняя школа"""
54.35471725463867,68.34493255615234,"КГУ ""Амангельдинская средняя школа"""
49.956912994384766,82.60118103027344,"КГУ ""Школа-гимназия № 10"""
52.75808334350586,67.50120544433594,"КГУ ""Новосветловская СШ"""
53.774200439453125,69.3270034790039,КГУ «Ивангородская НШ»
53.70777893066406,68.59573364257812,"КГУ ""Оскеньская ОШ"""
54.10371017456055,71.37638854980469,"КГУ ""Киевская средняя школа"""
48.80690002441406,81.53609466552734,"КГУ ""СШ имени Жамбыла"""
53.73255920410156,73.27137756347656,"КГУ ""Озерная средняя школа"""
49.96402359008789,82.58061218261719,"КГУ ""СШ № 15"""
47.18956756591797,81.51058197021484,"КГУ ""Баркытбельская СШ-сад"""
49.42974090576172,81.23851013183594,"КГУ ""Начальная школа Новотаубинка"""
48.14847183227539,84.96870422363281,"КГУ ""Такырская ОСШ"""
54.71677017211914,66.9590835571289,"КГУ «Казанская ОШ"""
47.0914306640625,81.62393951416016,"КГУ ""Теректинская ОШ"""
48.79319763183594,82.76490020751953,КГУ «Средняя школа имени Қ.Аухадиева» отдела образования Кокпектинского района управления образования области Абай
49.725440979003906,84.28074645996094,"КГУ ""ШЛ города Алтай"""
47.92205810546875,83.56651306152344,"КГУ ""СШ имени Ы.Алтынсарина"""
53.04072189331055,66.72264099121094,"КГУ ""Бирликская средняя школа"""
53.5063591003418,70.28147888183594,КГУ «Озерная ОШ»
54.89879608154297,70.62164306640625,"КГУ ""Чистовская средняя школа"""
54.71350860595703,69.02653503417969,"КГУ ""Подгорненская ОШ"""
54.92023468017578,69.14077758789062,"КГУ ""Областная специализированная школа-лицей-интернат для одаренных детей ЛОРД"""
49.9664306640625,82.6032485961914,"КГУ ""ШЛ № 11"""
50.68975830078125,79.11540222167969,"КГУ ""Мостикская СШ"""
54.73517990112305,67.61323547363281,"КГУ ""Кладбинская ОШ"""
54.67094802856445,67.1468276977539,"КГУ ""Пресновская ОШГ имени И.П. Шухова"""
47.551353454589844,84.68302154541016,КГУ «Средняя школа имени Абая»
54.86194610595703,69.1680679321289,"КГУ ""Средняя   школа № 32"""
54.03849411010742,66.3735122680664,"КГУ ""Кайранкольская ОШ"""
53.6259651184082,70.4319076538086,КГУ «Чкаловская СШ №1»
53.58272171020508,68.35527038574219,"КГУ ""Бирлестыкская СШ"""
54.55671691894531,68.73088073730469,"КГУ ""Водопроводная ОШ"""
49.93212890625,81.74960327148438,"КГУ ""Тройницкая основная школа"""
52.55440139770508,67.0451889038086,"КГУ ""Гаршинская средняя школа"""
49.96717834472656,82.61182403564453,"КГУ ""СШ №16 имени Заки Ахметова"""
53.573482513427734,67.6008071899414,"КГУ ""Сухорабовская средняя школа района Шал акына"""
53.55978775024414,72.93030548095703,"КГУ ""Мортыкская средняя школа"""
53.27534484863281,67.78797149658203,"КГУ ""Шукурлюкская ОШ"""
49.25434875488281,81.90153503417969,"КГУ ""СШ имени Дуйсенби Калматайулы"""
53.12830352783203,72.3432846069336,"КГУ ""Аккудыкская основная школа"""
55.19882583618164,69.38796997070312,"КГУ ""Кустовская ОШ"""
55.16767120361328,69.4055404663086,"КГУ ""Барнёвская НШ"""
53.186012268066406,66.5555648803711,"КГУ ""Буденновская средняя школа"""
53.6182861328125,70.4573974609375,КГУ «Петровская СШ»
46.894386291503906,81.5978775024414,"КГУ ""СШ -сад им К. Игенбаева"""
47.57980728149414,85.07392883300781,КГУ «Средняя школа Когедай»
55.132110595703125,70.65019989013672,"КГУ ""Конюховская основная школа"""
54.046024322509766,68.08695983886719,"КГУ ""Бескудукская основная школа"""
54.61188507080078,68.86241912841797,"КГУ ""Приишимская ОШ"""
48.592132568359375,83.62165832519531,"КГУ ""Топтерекская начальная школа"""
54.470436096191406,69.17877197265625,"КГУ ""Ленинская СШ"""
53.42609405517578,72.54927825927734,"КГУ ""Карашиликская основная школа"""
46.65974426269531,82.71379089355469,"КГУ ""Бахтинская средняя школа-сад имени Бейсембая Сахариева"""
53.063385009765625,68.04986572265625,"КГУ ""Златогорская СШ"""
46.71467971801758,82.5631103515625,"КГУ ""Бугубайская ош"""
48.78023147583008,82.69730377197266,КГУ «Улкенбокенская средняя школа» отдела образования Кокпектинского района управления образования области Абай
49.955928802490234,82.5986328125,"КГУ ""Школа-гимназия № 12"""
53.88520812988281,67.41645050048828,"КГУ ""Школа-гимназия имени академика Е.А. Букетова"""
47.549774169921875,84.44694519042969,"КГУ "" Комплекс-школа детский сад имени Майлина"""
53.82978057861328,70.07737731933594,"КГУ ""Подольская ОШ"""
53.624820709228516,70.4278564453125,КГУ «Чкаловская СШ №2»
53.79507064819336,69.71228790283203,"КГУ ""Новоприреченская основная школа"""
52.798221588134766,66.75030517578125,"КГУ ""Возвышенская средняя школа"""
54.395782470703125,66.48697662353516,КГУ «ОШ имени Г.Мусрепова»
54.43381118774414,71.09210968017578,"КГУ ""Александровская основная школа"""
54.932777404785156,69.20336151123047,"КГУ ""Беловская СШ"""
54.425994873046875,67.80276489257812,"КГУ ""Кызыласкерская средняя школа имени В.М. Скачкова"""
55.3156852722168,69.46321868896484,"КГУ ""Долматовская ОШ"""
53.47731018066406,73.2020034790039,"КГУ ""Ельтайская средняя школа"""
47.763763427734375,82.8070297241211,"КГУ ""Шенгельдинская ОСШ  им К.Сатпаева"""
54.914188385009766,69.13245391845703,"КГУ ""Начальная школа № 19"""
53.313629150390625,67.9752197265625,"КГУ ""Рудная СШ"""
55.038787841796875,70.84332275390625,"КГУ ""Лебяжинская основная школа"""
51.0651741027832,79.41316986083984,"КГУ ""СШ имени Н.Баймуратова"""
53.680091857910156,66.36247253417969,"КГУ ""Москворецкая средняя школа"""
54.90388488769531,70.45120239257812,"КГУ ""Школа-гимназия имени Батыр Баяна"""
47.505027770996094,84.99253845214844,КГУ «Айнабулакская средняя школа»
53.98945617675781,66.0698013305664,"КГУ ""Целинная начальная школа"""
48.77903366088867,84.2060775756836,"КГУ ""Тоскаинская СШ"""
53.94734573364258,70.28076171875,КГУ «Яснополянская СШ»
48.67395782470703,81.46195983886719,"КГУ ""СШ Карасу"""
47.24730682373047,81.47303771972656,"КГУ ""Батпактинская основная школа-сад"""
47.35627746582031,83.66463470458984,"КГУ ""ОШ имени С.Торайгырова"""
47.09963607788086,81.63607788085938,"КГУ ""СШ-сад имени Абая"""
48.35895538330078,82.90518188476562,КГУ «Средняя школа имени Ауэзова» отдела образования Кокпектинского района управления образования области Абай
54.50334930419922,69.77711486816406,"КГУ ""Полтавская СШ"""
50.057830810546875,82.82658386230469,"КГУ "" Винненская  средняя школа """
47.048301696777344,81.5290756225586,"КГУ ""Жанайская сш-сад"""
53.21003723144531,67.3495864868164,"КГУ ""Жаманшубарская начальная школа"""
47.1656608581543,81.61961364746094,"КГУ ""Бестерекская средняя школа-сад с пришкольным интернатом имени Мешитбая Хасенова"""
49.94782638549805,82.59893035888672,"КГУ ""СШ № 17 имени М. Ауэзова"""
53.841609954833984,68.60844421386719,"КГУ ""Заградовская средняя школа"""
47.718360900878906,84.94107055664062,КГУ «Средняя школа имени Амангельды»
54.84859085083008,69.19435119628906,КГУ  «Общеобразовательная средняя школа № 27»
54.528404235839844,70.79347229003906,"КГУ ""Бастомарская средняя школа"""
53.76451873779297,68.57470703125,"КГУ ""Кызыл-Аскерская СШ"""
54.778175354003906,67.34117126464844,"КГУ ""Железенская ОШ"""
53.660213470458984,72.6048355102539,"КГУ ""Тельжанская средняя школа"""
54.77121353149414,69.08869934082031,"КГУ ""Бескольская СШ № 2"""
54.27309036254883,69.13689422607422,"КГУ ""Рублевская CШ"""
53.89509201049805,66.849365234375,"КГУ ""Степная средняя школа"""
54.820735931396484,70.8819808959961,"КГУ ""Беняшская неполная средняя школа"""
53.883384704589844,67.19564056396484,"КГУ ""Мергенская основная школа"""
54.90015411376953,69.594970703125,"КГУ ""Совхозная СШ"""
54.845428466796875,69.18599700927734,"КГУ ""Средняя общеобразовательная школа №42"""
54.2972412109375,70.50894165039062,"КГУ ""Майбалыкская основная школа"""
48.78272247314453,86.02647399902344,"КГУ ""Урунхайская ОСШ"""
49.219383239746094,80.73091888427734,"КГУ ""СШ имени Кажыкелды"""
47.09418487548828,81.62429809570312,"КГУ ""Алтыншокинская СШ-сад"""
49.148475646972656,84.55899810791016,"КГУ ""Балгынская основная средняя школа"""
47.093788146972656,81.63634490966797,"КГУ ""СШ им.Жансугурова"""
54.95634078979492,68.52294158935547,"КГУ ""Мамлютская санаторная средняя школа-интернат"""
53.45578384399414,70.12965393066406,КГУ «Аймакская основная школа»
47.96543884277344,80.42107391357422,"КГУ ""Городская многопрофильная казахская школа-гимназия"""
47.22124481201172,84.5560073852539,КГУ «Малокомплектная основная средняя школа Тасбастау»
47.84785461425781,83.52239990234375,"КГУ ""ОСШ имени Т.Токтарова"""
53.67976379394531,69.40174865722656,КГУ «Обуховская ОШ»
54.979183197021484,68.79973602294922,"КГУ ""Краснознаменская средняя школа"""
47.32624053955078,83.28739929199219,"КГУ "" Комплекс школа-сад  имени C.Кобеева"""
54.20161819458008,68.00495147705078,"КГУ ""Ильинская средняя школа"""
48.882164001464844,83.331787109375,КГУ «Комплекс школа-ясли-сад»
50.38191604614258,82.7121810913086,"КГУ ""Комплекс ""Быструшинская средняя школа - детский сад"""
50.894412994384766,78.31118774414062,"КГУ ""Семиярская СШ"""
47.544517517089844,84.95845031738281,КГУ «Малокомплектная основная средняя школа Октябрь»
53.72493362426758,70.0777359008789,КГУ «Калиновская ОШ»
49.693050384521484,81.50577545166016,"КГУ ""Средняя школа имени Н. Крупской """
53.75328826904297,66.53056335449219,"КГУ ""Тимирязевская общеобразовательная школа-гимназия им. С.Муканова """
53.83281707763672,67.88951873779297,"КГУ ""Жанасуская начальная школа"""
54.83099365234375,70.31088256835938,"КГУ ""Полтавская средняя школа"""
54.87283706665039,70.43741607666016,"КГУ ""Медвежинская средняя школа"""
54.8921012878418,70.44104766845703,"КГУ ""Булаевская средняя школа №2"""
54.50320053100586,69.06122589111328,"КГУ ""Дайындыкская ОШ"""
46.077396392822266,82.08662414550781,"КГУ ""Жарбулакская сш"""
47.03268814086914,82.14855194091797,"КГУ ""СШ имени Ахмет Байтурсынулы"""
55.106414794921875,69.20181274414062,"КГУ ""Соколовская СШ"""
54.657100677490234,68.18499755859375,"КГУ ""Новомихайловская средняя школа"""
47.93238067626953,80.88050842285156,КГУ «СОШ им.Ж.Жабаева»
54.70193099975586,68.53632354736328,КГУ “Леденевская средняя школа”
54.89399337768555,69.14999389648438,"КГУ ""Средняя  школа №43 имени Габита  Мусрепова"""
54.40275192260742,69.5705337524414,"КГУ ""Добровольская ОШ"""
48.564971923828125,83.65544128417969,"КГУ ""Шанагатинская начальная школа"""
54.871238708496094,70.11812591552734,"КГУ ""Ганькинская неполная средняя школа"""
53.71352767944336,68.98601531982422,КГУ «Подлесная НШ»
49.188045501708984,85.29680633544922,"КГУ ""Белкарагайская СШ им.Оралхана Бокея"""
54.51375198364258,69.4067611694336,"КГУ ""Смирновская СШ № 1"""
54.887325286865234,70.4621810913086,"КГУ ""Булаевский комплекс школа-ясли-сад"""
46.931602478027344,82.8651123046875,"КГУ  ""Средняя школа-сад имени Турагула Коныра"""
47.67627716064453,84.9596939086914,"КГУ ""Малокомплектная основная средняя школа имени А.Орманбетова"""
48.858192443847656,82.97834014892578,"КГУ «Комплекс ""Школа-детский сад села Аққала»"
54.56270980834961,70.22048950195312,"КГУ ""Молодежная начальная школа"""
47.65843963623047,84.93829345703125,КГУ «Основная средняя школа Мужыксу»
47.11361312866211,84.05024719238281,"КГУ ""Средняя школа  Жанаталап"""
50.029945373535156,82.54730987548828,"КГУ ""Опытнопольская средняя школа"""
53.80227279663086,66.69601440429688,"КГУ ""Акжанская основная школа"""
50.49784469604492,79.8739013671875,"КГУ ""Глуховская СШ"""
47.28163146972656,84.09032440185547,"КГУ ""ОСШ имени Б.Момышулы"""
47.06674575805664,80.73149108886719,"КГУ ""Жузагашская сш-сад"""
54.931148529052734,68.63294219970703,"КГУ ""Покровская средняя школа"""
54.86615753173828,69.9195785522461,"КГУ ""Полудинская средняя школа"""
53.97630310058594,67.54271697998047,"КГУ ""Жанаталапская начальная школа"""
54.007347106933594,68.4239730834961,"КГУ ""Корнеевская средняя школа"""
54.841251373291016,69.1560287475586,"КГУ ""Средняя  школа № 44"""
48.614505767822266,81.21564483642578,"КГУ""СШ имени Мутана Аймакова"""
47.288299560546875,79.81510162353516,"КГУ  ""Кызылкиянская  ОСШ им К Кадыржанова"""
47.21866989135742,80.79684448242188,"КГУ  ""Средняя школа-сад имени Актанберды"""
47.1711311340332,84.53064727783203,КГУ «Средняя школа Шиликты»
49.21664047241211,84.50826263427734,"КГУ ""Средняя школа им.К.Дамитова"""
47.08555221557617,81.61106872558594,"КГУ ""СШ им.Бауыржан Момышулы"""
54.89301300048828,70.44123077392578,"КГУ ""Средняя школа имени Магжана Жумабаева"""
54.73189926147461,69.35345458984375,"КГУ ""Шаховская СШ"""
54.5162353515625,69.42507934570312,"КГУ ""Смирновская ШГ"""
47.96648025512695,82.89871215820312,"КГУ ""НШ ""Сулутал"""
53.63323974609375,71.86515045166016,"КГУ ""Талшыкская средняя школа"""
53.30907440185547,68.08489990234375,"КГУ ""Айыртауская СШ"""
47.90143966674805,84.63506317138672,"КГУ ""ОСШ имени Ж.Малдыбаева"""
48.9448127746582,83.0361557006836,КГУ «Мариногорская средняя школа»
47.37101364135742,84.86935424804688,КГУ «Малокомплектная основная средняя школа Жанатурмыс»
47.046146392822266,84.1891098022461,"КГУ ""Комплекс школа-детский сад имени Динмухамеда Конаева"""
47.17158889770508,81.6742172241211,"КГУ ""Ер Кабанбайская средняя школа-сад"""
47.08773422241211,81.61241149902344,"КГУ ""СШ-сад им Турлыханова"""
49.214393615722656,84.5136947631836,"КГУ  ""Сенновская ОСШ"""
47.80424880981445,81.27040100097656,"КГУ ""ОСШ Тарбагатайская"""
48.6400260925293,82.5684585571289,КГУ «Романовская основная школа»
54.61238479614258,67.66325378417969,"КГУ ""Ленинская средняя школа"""
50.135475158691406,82.39218139648438,"КГУ ""Прогрессовская средняя школа"""
54.97397994995117,70.54603576660156,"КГУ ""Пролетарская начальная школа"""
53.61191177368164,66.43431854248047,"КГУ ""Дзержинская основная школа"""
50.89092254638672,79.47588348388672,"КГУ ""СШ имени Кайрата Рыскулбекова"""
53.69072723388672,70.14669036865234,КГУ «Константиновская НШ»
54.09675979614258,70.79800415039062,"КГУ ""Молодогвардейская средняя школа"""
49.23955535888672,86.31024169921875,"КГУ ""Жамбылская средняя школа"""
49.329341888427734,81.57527923583984,"КГУ ""СШ имени Маяковского"""
54.817352294921875,68.44275665283203,"КГУ ""Искровская неполная средняя школа"""
54.86788558959961,69.13765716552734,"КГУ  ""Городская классическая гимназия им. С. Шаймерденова"""
53.96171188354492,67.67639923095703,"КГУ ""Коктерекская начальная школа"""
47.61323165893555,85.17189025878906,КГУ «Каратальская средняя школа»
53.84630584716797,66.9244613647461,"КГУ ""Интернациональная средняя школа"""
48.01130294799805,85.17434692382812,"КГУ ""Право-Усть Калжырская НШ"""
54.433231353759766,70.9398422241211,"КГУ ""Возвышенская средняя школа"""
50.457401275634766,79.84678649902344,КГУ «Чекоманская СОШ»
53.20772933959961,67.43228149414062,"КГУ ""Аксеновская СШ"""
49.026737213134766,83.5623550415039,КГУ «Миролюбовская средняя школа»
54.299888610839844,72.2596664428711,"КГУ ""Аксаринская основная школа"""
54.20219039916992,67.80457305908203,КГУ «Средняя школа имени Аскара Игибаева»
54.50806427001953,69.42382049560547,"КГУ ""Смирновская СШ № 3"""
47.76414489746094,82.9447250366211,"КГУ ""Начальная школа Кызыл жулдыз"""
47.25079345703125,81.55455780029297,"КГУ ""Казымбетская сш-сад"""
49.185577392578125,84.82452392578125,"КГУ  ""Уштобинская основная средняя школа"""
54.928871154785156,68.53861236572266,"КГУ ""Мамлютская средняя школа №2"""
48.83348846435547,83.28944396972656,КГУ «Кокжутинская средняя школа»
48.14781951904297,81.0975112915039,"КГУ ""Сары-Аркинская ОСШ"""
47.15415954589844,81.00420379638672,"КГУ ""Средняя школа - сад имени Турсабекова"""
54.545127868652344,67.09304809570312,"КГУ «Айымжанская ОШ"""
53.196868896484375,67.03596496582031,"КГУ ""Новосельская средняя школа"""
47.33906173706055,83.95133209228516,"КГУ ""Комплекс школа-детский сад имени Даулетбая"""
53.250267028808594,66.91302490234375,"КГУ ""Пескинская средняя школа"""
50.199092864990234,82.29805755615234,"КГУ ""Кожоховская СШ"""
51.187599182128906,79.29679107666016,"КГУ ""Башкульская основная школа"""
54.74427795410156,71.00989532470703,"КГУ ""Надеждинская средняя школа"""
55.03605270385742,68.7901611328125,"КГУ ""Калугинская неполная средняя школа"""
49.50638198852539,81.81875610351562,"КГУ ""Средняя школа имени Шокана Уалиханова"""
49.396793365478516,85.22062683105469,"КГУ ""Ушбулакская НШ"""
54.30182647705078,68.2247314453125,"КГУ ""Петровская средняя школа"""
50.323585510253906,80.86193084716797,КГУ «Булакская СОШ»
49.17779541015625,84.58228302001953,"КГУ ""Жулдузская ОСШ"""
47.13852310180664,81.16081237792969,"КГУ ""Лайбулакская СШ-сад"""
53.75457763671875,66.39802551269531,"КГУ ""Комсомольская средняя школа"""
52.62976837158203,67.57689666748047,"КГУ ""Тахтабродская средняя школа"""
47.551509857177734,84.77774810791016,КГУ «Средняя школа Жарсу»
47.76406478881836,82.79901885986328,"КГУ ""НШ имени Ш. Жунискулова"""
50.59465026855469,82.37129211425781,КГУ «Большереченская общеобразовательная средняя школа»
46.97174835205078,82.26826477050781,"КГУ ""Кайындинская сш-сад"""
46.96430969238281,79.60514831542969,"КГУ ""Общеобразовательная средняя школа имени С.Сейфуллина"""
54.90617370605469,69.150634765625,"КГУ ""Специализированная казахская школа-гимназия имени Абая"""
54.16172409057617,72.29578399658203,"КГУ ""Уялинская средняя школа имени Смагула Садвакасова"""
47.25611877441406,83.75394439697266,"КГУ ""Комплекс школа-детский сад  Асусай"""
48.87784957885742,83.25772094726562,КГУ «Средняя школа имени Абая»
54.672088623046875,68.81714630126953,"КГУ ""Вознесенская ОШ"""
46.95931625366211,81.47357940673828,"КГУ ""СШС имени Ш.Уалиханова"""
54.944705963134766,68.54332733154297,"КГУ ""Комплекс школа-ясли-сад имени Хасана Бектурганова"""
54.55183029174805,69.48224639892578,"КГУ ""Советская СШ  им. У.М. Ахмедсафина"""
54.38237380981445,67.37643432617188,"КГУ ""Архангельская общеобразовательная школа"""
54.29878616333008,68.34986877441406,"КГУ ""Покровская средняя школа"""
49.96739196777344,82.73675537109375,"КГУ ""СШ имени Бауыржана Момышулы"""
51.17927551269531,79.04981231689453,"КГУ ""Бегенская СШ"""
47.09592056274414,81.61354064941406,"КГУ ""Карабулакская СШ-сад"""
47.79033279418945,82.66952514648438,"КГУ ""Начальная школа  ""Аккала"""
53.221397399902344,66.91673278808594,КГУ «Привольная средняя школа»
47.64930725097656,80.82691192626953,"КГУ ""Кенколатская малокомплектная начальная школа"""
47.56025314331055,83.5038070678711,"КГУ ""Комплекс школа-детский сад имени Жамбыла"""
55.06706619262695,68.79047393798828,"КГУ ""Беловская начальная школа"""
54.24210739135742,68.10140228271484,"КГУ ""Берликская начальная школа"""
49.32033920288086,81.47100830078125,"КГУ ""Средняя школа имени К.Шакенова"""
55.02259826660156,70.40983581542969,"КГУ ""Октябрьская средняя школа"""
53.3748664855957,66.36287689208984,"КГУ ""Ленинская основная школа"""
54.517127990722656,68.27152252197266,"КГУ ""Андреевская средняя школа"""
54.3192253112793,67.46710205078125,"КГУ ""Баянская ОШ"""
50.47856140136719,82.41767883300781,КГУ «Верх-Убинская общеобразовательная средняя школа»
54.003231048583984,68.42449188232422,"КГУ ""Корнеевская гимназия"""
49.453033447265625,85.27485656738281,"КГУ ""Язовинская начальная школа"""
53.98837661743164,71.17884063720703,КГУ «Байтусская неполная средняя школа»
49.200592041015625,77.3814697265625,КГУ «СОШ имени Бегалина»
47.625545501708984,84.98780822753906,КГУ «Средняя школа имени Мукарама»
54.666568756103516,71.06355285644531,"КГУ ""Карагандинская средняя школа"""
54.865989685058594,69.15323638916016,"КГУ ""Первый городской общеобразовательный IT-лицей"""
54.94579315185547,68.5322036743164,"КГУ ""Мамлютская школа-гимназия №1"""
48.74535369873047,82.38916015625,"КГУ ""Средняя школа имени Ж.Чайжунусова"" отдела образования Кокпектинского района управления образования области Абай"
47.10476303100586,81.29691314697266,"КГУ ""Тасарыкская ОШ"""
49.1921501159668,86.13046264648438,"КГУ ""Енбекская СШ имени СадыкаТукибаева"""
50.4527473449707,82.66307830810547,"КГУ ""Малоубинская  средняя школа"""
50.61640167236328,79.11560821533203,"КГУ""Боденелинская СШ"""
53.396453857421875,66.61995697021484,"КГУ ""Мичуринская средняя школа"""
54.62964630126953,70.73137664794922,"КГУ ""Писаревская средняя школа"""
46.0726318359375,82.11785888671875,"КГУ ""СШ-сад им Майлина"""
46.87540817260742,82.57884979248047,"КГУ ""Карабутинская СШ"""
50.78327560424805,80.62461853027344,"КГУ ""Краснопольская СШ"""
49.17264938354492,85.6004638671875,КГУ «СШ имени Рыкова»
54.86027145385742,69.7116470336914,"КГУ ""Токушинская ШГ"""
54.369544982910156,66.97605895996094,"КГУ ""Благовещенская ОШ"""
54.90528106689453,68.25867462158203,"КГУ ""Афонькинская средняя школа"""
48.913387298583984,80.89940643310547,"КГУ ""СШ имени Т.Хасенулы"""
50.277549743652344,83.06243896484375,"КГУ ""Черемшанская СШ"""
54.881935119628906,68.47422790527344,"КГУ ""Воскресеновская средняя школа"""
47.47834777832031,84.77404022216797,КГУ «Кенсайская средняя школа»
48.6792106628418,82.95304107666016,КГУ «Средняя школа имени И.Жансугурова» отдела образования Кокпектинского района управления образования области Абай
49.26838684082031,77.63521575927734,КГУ «Абралинская ООШ»
50.68975830078125,79.11540222167969,"КГУ ""Долонская основная школа"""
50.17756652832031,82.58246612548828,"КГУ ""Белокаменская основная школа"""
54.69459533691406,67.46379852294922,"КГУ ""Миролюбовская НШ"""
54.600433349609375,67.94221496582031,"КГУ ""Минкесерская средняя школа"""
49.46331024169922,85.05784606933594,"КГУ ""Коробихинская СШ"""
47.5447883605957,83.60697937011719,"КГУ ""Начальная школа  ""Жангызтал"""
48.886619567871094,82.44245910644531,КГУ «Основная школа имени Куйбышева» отдела образования Кокпектинского района управления образования области Абай
54.904422760009766,70.80806732177734,"КГУ ""Карагугинская средняя школа"""
46.777984619140625,82.01482391357422,"КГУ ""Маканчинская сш-сад"""
54.933746337890625,69.12459564208984,"КГУ ""Неполная средняя школа № 16"""
46.93963623046875,80.7524642944336,"КГУ ""Каракольская сш-сад"""
50.70185852050781,80.74343872070312,"КГУ  ""Камышенская  СШ"""
49.16624450683594,77.94479370117188,"КГУ ""Акбулакская ООШ"""
51.12333297729492,78.16985321044922,"КГУ ""Кривинская СШ"""
48.93167495727539,83.38416290283203,"КГУ ""Амангельдинская средняя школа"""
50.72318649291992,79.68511962890625,"КГУ ""Канонерская СШ"""
54.172035217285156,68.42604064941406,"КГУ ""Тарангульская средняя школа"""
47.342227935791016,81.19068145751953,"КГУ ""Карабуйратская сш-сад"""
47.98360061645508,83.05216979980469,"КГУ ""НШ ""Карой"""
50.15913009643555,82.71861267089844,"КГУ ""Средняя школа имени Ахмета Байтурсынулы"""
50.484012603759766,79.72821044921875,КГУ «Букенчинская СОШ»
54.853946685791016,69.45171356201172,"КГУ ""Асановская СШ"""
54.93961715698242,67.8809814453125,"КГУ ""Михайловская средняя школа"""
49.36474609375,83.65797424316406,КГУ «Каракольская основная школа»
54.624900817871094,66.52120971679688,"КГУ «Буденновская ОШ"""
46.781288146972656,82.030517578125,"КГУ ""СШ им Найманбая"""
49.897945404052734,82.65969848632812,"КГУ ""Средняя школа №  42"""
47.62522506713867,85.24068450927734,КГУ «Средняя школа Казахстан»
48.58940887451172,82.93619537353516,КГУ «Средняя школа имени Амангельды»
54.849578857421875,69.17353820800781,"КГУ ""Неполная средняя школа № 31"""
47.09878158569336,82.00772094726562,"КГУ ""Каратуминская СШ-сад"""
50.13508224487305,82.53966522216797,"КГУ ""Белоусовская ОШ"""
50.312713623046875,80.287841796875,КГУ «Жаркынская СОШ»
54.815101623535156,68.08952331542969,"КГУ ""Дубровинская средняя школа имени С.Г. Гуденко"""
49.11236572265625,84.47319030761719,"КГУ ""Коктерекская СШ"""
49.259952545166016,84.3449935913086,"КГУ ""Ново-Хайрузовская СШ"""
51.57427978515625,79.301513671875,"КГУ ""Коянбайская СШ"""
49.95591354370117,82.60480499267578,"КГУ ""Школа-лицей № 43 им. К.Нургалиева"""
50.082122802734375,79.5787582397461,КГУ «Знаменская СОШ»
50.84658432006836,81.2735595703125,"КГУ ""Переменовская СШ"""
47.003013610839844,81.75568389892578,"КГУ ""Науалинская сш"""
47.76388931274414,82.80570983886719,"КГУ ""Начальная школа ""Казахстан"""
47.22520065307617,80.78585052490234,"КГУ ""СШ-сад  им Алтынсарина"""
48.891658782958984,82.68949127197266,КГУ «Воздвиженская малокомплектная школа» отдела образования Кокпектинского района управления образования области Абай
47.15546798706055,84.4708023071289,КГУ «Средняя школа Шекарашы»
50.23325729370117,82.13018035888672,"КГУ ""Березовская средняя школа"""
48.63521194458008,82.00897216796875,"КГУ ""Бигашская основная школа"" отдела образования Кокпектинского района управления образования области Абай"
47.883888244628906,83.8236083984375,"КГУ ""СШ имени Г.Мусрепова"""
50.37221908569336,80.80924224853516,"КГУ ""Талицкая ООШ"""
50.27145767211914,82.22366333007812,"КГУ ""Комплекс"" Верх-Берёзовская начальная школа-детский сад"""
50.67048263549805,80.46144104003906,"КГУ  ""СШ  им.Ауэзова"""
49.175289154052734,85.59551239013672,"КГУ ""СШ имени Сейткамзы Ластаева"""
50.9498405456543,79.4114761352539,"КГУ ""Мало-Владимировская СШ"""
49.05833435058594,83.51138305664062,КГУ «Раздольненская основная школа»
50.384185791015625,81.02755737304688,КГУ « СОШ им.  А.Ибраева»
51.045711517333984,81.000244140625,"КГУ  ""Коростелевская  СШ"""
49.90081787109375,82.61868286132812,"КГУ ""Лицей № 44 им. О.Бокея"""
47.24281311035156,81.40576934814453,"КГУ ""Некрасовская сш-сад"""
46.10901641845703,82.30596923828125,"КГУ ""ОШ  им.Габдуллина"""
49.97471618652344,82.68453979492188,"КГУ ""Комплекс ""Степновская основная школа-детский сад"""
49.76792526245117,84.00865173339844,"КГУ ""Тургусунская средняя школа"""
50.886207580566406,79.48241424560547,"КГУ ""Кара-Мурзинская ОШ"""
49.257694244384766,84.74011993408203,"КГУ ""Малонарымская СШ"""
47.50227737426758,85.16395568847656,КГУ «Средняя школа Сарытерек»
53.526458740234375,67.81983947753906,"КГУ ""Сулыкольская НШ"""
50.541770935058594,81.32884216308594,"КГУ  ""СШ  им.Комарова"""
48.71366500854492,82.70479583740234,КГУ  «Средняя школа имени А.С. Пушкина»
49.896507263183594,82.6246566772461,"КГУ ""Средняя профильная школа №45"""
50.39130783081055,81.0761947631836,КГУ «Шульбинская ООШ – комплекс »
48.571571350097656,83.8486557006836,"КГУ ""Сарыоленская СШ имени Шокана Уалиханова"""
49.25363540649414,83.79734802246094,КГУ «Жанажольская начальная малокомплектная школа»
48.3857536315918,85.37745666503906,"КГУ ""Каройская СШ"""
49.89756774902344,82.61569213867188,"КГУ ""Средняя школа №  26"""
50.71613693237305,80.93364715576172,"КГУ  ""СШ  им.Н.Островского"""
49.591487884521484,81.0345458984375,"КГУ ""Комплекс школа-детский сад имени Абая"""
50.324363708496094,83.50125885009766,"КГУ ""Учебно-воспитательный и оздоровительный Центр"""
49.717777252197266,83.85138702392578,"КГУ ""Первороссийская СШ"""
49.67995834350586,83.28912353515625,"КГУ ""Средняя школа № 4 города Серебрянска"""
50.5562744140625,79.5967788696289,"КГУ ""Белокаменская ОШ"""
50.3325309753418,83.4977798461914,"КГУ  ""СШ №2"""
49.94680404663086,82.60478973388672,КГУ ВКО специализированный лицей «БІЛІМ-ИННОВАЦИЯ» для одаренных детей
50.42633819580078,80.32979583740234,СОШ им. Аймауытова
49.96003341674805,82.59994506835938,"КГУ ""Основная средняя школа-интернат"""
49.70634460449219,81.56938934326172,"КГУ ""СШ Бакырчик"""
50.53575897216797,81.56737518310547,"КГУ  ""Песчанская  СШ"""
48.8488883972168,83.53054809570312,"КГУ ""Кайындинская ОСШ"""
49.793766021728516,82.44428253173828,"КГУ ""СШ имени Абая"""
52.904083251953125,68.04383850097656,"КГУ ""Целинная НШ"""
49.68229675292969,83.27696990966797,"КГУ ""СШ № 1 им. М.В. Инюшина"
50.89091873168945,81.04692840576172,"КГУ  ""Ивановская  СШ"""
50.41178512573242,83.82192993164062,"КГУ "" ОСШ с. Поперечное"""
50.35586166381836,80.30278778076172,КГУ «СОШ  № 48»
50.64887619018555,79.86756896972656,"КГУ ""Жиландинская ОШ"""
49.92133712768555,83.0855712890625,"КГУ ""СШ имени Андрея Сумина"""
50.32539367675781,83.50201416015625,"КГУ ""Средняя школа №3 им. Динмухамеда Кунаева"""
50.145545959472656,81.84798431396484,"КГУ ""Гагаринская СШ"""
49.74134063720703,82.22235870361328,"КГУ ""СШ имени С.Аманжолова"""
50.520660400390625,81.12114715576172,"КГУ ""Жерновская средняя школа"""
50.338497161865234,82.01072692871094,КГУ «Ново-Ильинская основная средняя школа»
49.99439239501953,82.56620025634766,"КГУ ""Областная специализированная школа-лицей-интернат для одаренных детей"""
49.62918472290039,83.58865356445312,"КГУ ""Октябрьская СШ"""
48.66639709472656,84.0400390625,"КГУ ""Теректыбулакская СШ"""
49.67780303955078,83.30570983886719,"КГУ ""Основная школа №2 города Серебрянска"""
50.25861358642578,83.23650360107422,"КГУ ""ОСШ с. Бутаково"""
50.46091079711914,80.28207397460938,"КГУ ""Начальная школа-сад № 14"""
53.29474639892578,71.89675903320312,"КГУ ""Айсаринская основная школа"""
50.92089080810547,81.39818572998047,"КГУ  ""Школа - лицей поселка Жезкент"""
49.92530059814453,81.87680053710938,"КГУ ""Каменская СШ"""
50.337890625,83.50186157226562,"КГУ ""Средняя школа №5"""
50.375694274902344,80.2486801147461,КГУ «СОШ № 42 »
50.74283218383789,81.81414031982422,КГУ «Октябрьская основная средняя школа»
49.78607177734375,84.27261352539062,"КГУ ""Зубовская СШ"""
50.74215316772461,81.524658203125,"КГУ ""Буркотовская СШ"""
49.49517822265625,82.83475494384766,"КГУ ""Комплекс СШ-детский сад имени И. Айтыкова"""
48.42774963378906,85.73241424560547,"КГУ ""Маркакольская СШ №1"""
50.35719680786133,80.41863250732422,КГУ «Приреченская СОШ»
50.40702819824219,80.25305938720703,КГУ «СОШ № 1 »
49.72111129760742,84.27749633789062,"КГУ ""Начальная школа № 1 города Алтай"""
50.13250732421875,82.19456481933594,"КГУ ""СШ имени Мухтара Ауэзова"""
49.951507568359375,82.64579010009766,"КГУ ""Областная специализированная школа-лицей для детей, одаренных в области математики, физики, информатики"""
53.44906997680664,71.2417984008789,"КГУ ""Алкатерекская средняя школа"""
49.814510345458984,84.29037475585938,"КГУ ""Леснопристанская средняя школа"""
50.34138870239258,83.50562286376953,"КГУ ""Сш № 10"""
50.64421463012695,81.75154113769531,КГУ «Пруггеровская основная средняя школа»
49.404014587402344,83.05424499511719,"КГУ ""ОШ имени М.Таенова"""
48.749855041503906,82.3792953491211,КГУ «Кокпектинская средняя школа» отдела образования Кокпектинского района управления образования области Абай
50.916114807128906,81.3954849243164,"КГУ ""Жезкентская СШ"""
48.004112243652344,85.1991958618164,"КГУ ""Жиделинская начальная школа"""
50.46472930908203,80.18940734863281,КГУ «СОШ № 2»
48.43253707885742,85.73282623291016,"КГУ ""Школа-интернат-колледж села Маркаколь"" управления образования Восточно-Казахстанской области"
50.64512252807617,81.13504791259766,"КГУ ""Михайличенковская СШ"""
50.34051513671875,83.51888275146484,"КГУ  ""Средняя школа № 12"""
49.83624267578125,82.2649917602539,"КГУ ""СШ имени Гагарина"""
50.440643310546875,79.9230728149414,"КГУ ""СОШ им.  Исадилова"""
50.10829162597656,81.5521240234375,"КГУ ""Привольненская средняя школа"""
49.72096633911133,84.2937240600586,"КГУ ""НШ № 2"""
50.4069709777832,80.2502670288086,КГУ «Гимназия № 6»
50.4254035949707,80.23929595947266,КГУ «СОШ – комплекс № 3»
49.431602478027344,84.28485870361328,"КГУ ""Чиркаинская основная школа"""
49.02216339111328,83.36030578613281,КГУ «Самарская средняя школа №1»
53.18922805786133,67.85433959960938,"КГУ ""Кутузовская НСШ"""
50.32952117919922,83.49446105957031,"КГУ ""СШ №14"""
50.37653732299805,80.48762512207031,"КГУ ""Озерская СОШ"""
48.773460388183594,84.95482635498047,"КГУ ""Ушбулакская ОСШ"""
48.679439544677734,84.34637451171875,"КГУ ""Койтасская основная средняя школа"""
49.96257400512695,82.60591888427734,"КГУ ""Школа-лицей №34"""
48.13277053833008,83.95903015136719,"КГУ ""Жолнускауская ОСШ"""
50.12069320678711,81.65103912353516,"КГУ ""СШ имени Н.Лут"""
50.41669845581055,80.25211334228516,КГУ «СОШ № 4»
49.5309944152832,82.41460418701172,"КГУ ""Бозанбайская средняя школа"""
49.80787658691406,84.1269302368164,"КГУ ""СШ имени Михаила Бикетова"""
49.026580810546875,83.35865020751953,КГУ «Самарская средняя школа-лицей имени Ж.Болганбаева»
53.65606689453125,68.13763427734375,"КГУ ""Каракамысская ОШ"""
47.75679016113281,82.79510498046875,"КГУ ""СШ имени Кожагелды батыра"""
50.438140869140625,80.07150268554688,"КГУ ""Турксибская СОШ"""
50.099002838134766,82.02249908447266,"КГУ ""Пролетарская средняя школа"""
48.672977447509766,83.50581359863281,"КГУ ""Куйганская средняя школа"""
50.3257942199707,83.4577865600586,"КГУ ""СШ № 16"""
48.598411560058594,85.9632339477539,"КГУ ""Акжайлауская основная средняя школа"""
54.73112869262695,69.0607681274414,"КГУ ""Байтерекская СШ"""
49.68534851074219,84.33719635009766,"КГУ ""Маякская средняя школа"""
49.719482421875,82.66088104248047,"КГУ ""СШ имени А.С. Пушкина"""
49.86857986450195,82.10226440429688,"КГУ ""Канайская СШ"""
50.42722702026367,80.2568588256836,"КГУ ""ВКО специализированный лицей ""БІЛІМ-ИННОВАЦИЯ"" для одаренных детей города Семей"""
48.840946197509766,82.73954010009766,"КГУ ""Преображенская средняя школа"" отдела образования Кокпектинского района управления образования области Абай"
49.74869918823242,84.0691146850586,"КГУ ""НШ имени Михаила Харина"""
50.72893524169922,80.90776824951172,"КГУ  ""ОСШ  им. Абая"""
50.394535064697266,80.23153686523438,КГУ «СОШ – лицей № 7»
47.97687911987305,80.42290496826172,КГУ «Смешанная общеобразовательная средняя школа №3»
47.543216705322266,83.0088119506836,"КГУ ""СШ имени Тогас Батыра"""
49.964447021484375,82.58275604248047,КГУ «Областная специализированная IT-школа-лицей»
50.37861633300781,81.47813415527344,"КГУ  ""Уба-Форпостская  СШ"""
48.570072174072266,83.65119171142578,"КГУ ""Курчумская СШ №1 имени Ю.А.Гагарина"""
49.71433639526367,84.01044464111328,"КГУ ""Крестовская начальная школа"""
50.25911331176758,83.34036254882812,"КГУ ""СШ № 17"""
49.62364196777344,84.3430404663086,"КГУ ""Соловьевская СШ"""
48.60574722290039,84.88070678710938,"КГУ ""Акчийская ОСШ"""
50.02205276489258,82.41696166992188,"КГУ ""Комплекс Украинская средняя школа-детский сад"""
50.083343505859375,82.25900268554688,"КГУ ""Школа-детский сад имени Т.Тохтарова"""
49.96511459350586,82.59283447265625,"КГУ ""Областная специализированная школа-гимназия интернат имени Жамбыла для одаренных детей"""
49.13966751098633,83.72232055664062,"КГУ «Основная школа имени Сергея Седнева"""
47.93988037109375,80.42760467529297,"КГУ ""Смешанная ОСШ №4 """
50.43446350097656,80.2406234741211,КГУ «СОШ – комплекс № 8»
47.57383728027344,82.94023132324219,"КГУ ""Средняя школа имени Сасан би"""
50.01120376586914,82.54846954345703,"КГУ ""СШ № 27"""
50.342262268066406,83.51304626464844,"КГУ ""Многопрофильная школа-гимназия ""Шаңырақ"""
50.765079498291016,80.65953826904297,"КГУ  ""Бель-Агачская  СШ"""
49.28795623779297,86.5710678100586,"КГУ ""Арчатинская СШ"""
50.48298645019531,81.50817108154297,"КГУ  ""СШ  2-ая Пятилетка"""
49.51305389404297,84.39055633544922,"КГУ ""Средигорненская средняя школа"""
48.57947540283203,83.0952377319336,"КГУ «Комплекс ""Школа-детский сад имени Абая» отдела образования Кокпектинского района управления образования области Абай"
47.60454177856445,81.86476135253906,"КГУ ""Средняя школа Окпекты"""
48.5644416809082,83.64736938476562,"КГУ ""Курчумская гимназия №3"""
47.95383834838867,80.42996978759766,"КГУ ""ОСШ №5"""
50.17093276977539,82.04647827148438,"КГУ ""Таврическая СШ"""
48.588050842285156,83.82383728027344,"КГУ ""Бирликская ОСШ"""
47.76145935058594,82.87618255615234,"КГУ ""СШ им.Гагарина"""
50.43768310546875,80.24557495117188,КГУ «СОШ № 9»
50.43900680541992,80.26637268066406,КГУ «СОШ № 25»
49.97092056274414,82.59490966796875,"КГУ ""Школа-центр дополнительного образования №29"""
47.02405548095703,82.24813079833984,"КГУ ""Кызылбулакская сш"""
50.758113861083984,80.822509765625,"КГУ ""Средняя школа имени Ыбырая Алтынсарина"""
47.56875991821289,79.07270812988281,КГУ «Средняя школа им.Нугманова»
49.212181091308594,84.50385284423828,"КГУ ""Улкен Нарынская СШ"""
50.367958068847656,83.54022216796875,"КГУ ""ОСШ № 9"""
47.974796295166016,80.43804931640625,"КГУ ""Средняя общеобразовательная школа №6 с пришкольным интернатом"""
50.5073356628418,81.67916107177734,"КГУ  ""Красноярская  СШ"""
47.83702087402344,82.89037322998047,"КГУ ""СШ Тана Мырза"""
48.139957427978516,85.19985961914062,"КГУ ""Жанаауылская основная средняя школа"""
49.707149505615234,82.51824188232422,"КГУ ""Герасимовская средняя школа"""
50.016502380371094,82.70313262939453,"КГУ ""СШ №  18"""
50.3951416015625,80.21537017822266,КГУ «СОШ № 10»
47.769752502441406,82.73471069335938,"КГУ ""Средняя школа имени Ы.Кабекова"""
48.570308685302734,83.6504135131836,"КГУ ""Курчумская СШ №4 имени Н.Островского"""
50.46347427368164,80.20329284667969,КГУ «СОШ № 26»
49.57109451293945,83.94440460205078,"КГУ ""Никольская СШ"""
47.96317672729492,80.41914367675781,"КГУ ""Городская казахская школа-лицей"""
47.964168548583984,80.43801879882812,"КГУ ""ОСШ №7"""
50.26591873168945,83.37637329101562,"КГУ ""Основная средняя школа им. М. Горького"""
49.36456298828125,85.41616821289062,"КГУ ""Аксуская СШ"""
48.01129913330078,78.60540771484375,"КГУ ""Общеобразовательная средняя школа имени Ч.Валиханова"""
50.01849365234375,82.31198120117188,"КГУ ""СШ имени Базылбека Ахметова"""
49.946876525878906,82.60623168945312,"КГУ ""ОШ №30"""
49.94644546508789,82.65109252929688,"КГУ ""Школа-центр дополнительного образования №19"""
50.40355682373047,80.20858764648438,КГУ «СОШ № 11»
50.074275970458984,82.3812026977539,"КГУ ""Уваровская средняя школа"""
48.56779861450195,83.65027618408203,"КГУ ""Курчумская СШ №5"""
47.85598373413086,82.72167205810547,"КГУ ""Средняя школа Коктубек"""
47.78298568725586,82.73127746582031,"КГУ ""Кокжыринская СШ имени М.Ауэзова"""
50.7221794128418,80.94300842285156,"КГУ ""Казахская СШ имени Алихана Бокейхана"""
50.800262451171875,80.49586486816406,"КГУ  ""Шелеховская  СШ"""
50.385955810546875,80.23310852050781,КГУ «СОШ № 27»
47.96425247192383,80.43801879882812,КГУ «Казахская школа-гимназия имени К.Бозтаева»
49.96769332885742,82.59971618652344,"КГУ ""Средняя школа № 20 имени Ахмета Байтурсынова"""
47.91905975341797,80.92882537841797,КГУ «Акшийская ОСШ с пришкольным интернатом»
49.3727912902832,86.43209838867188,"КГУ ""Берельская средняя школа"""
49.94805145263672,82.60710144042969,"КГУ ""СШ имени С.Сейфуллина"""
49.4998893737793,84.09272003173828,"КГУ ""Бородинская средняя школа"""
48.77278518676758,84.70135498046875,"КГУ ""Маралдинская средняя школа"""
49.302303314208984,84.75479888916016,"КГУ ""Солоновская средняя школа"""
48.17314910888672,78.6629409790039,"КГУ "" ОСШ имени Оспанкула Менаякулы"""
50.046695709228516,82.46878051757812,"КГУ ""Средняя школа имени Динмухамеда Кунаева"""
50.81279754638672,80.2977066040039,"КГУ  ""Зубаирская  СШ"""
49.988826751708984,82.57540893554688,"КГУ ""СШ №32"""
50.40544128417969,80.29952239990234,КГУ «СОШ № 12»
50.007415771484375,82.56908416748047,"КГУ ""СШ № 22"""
50.2012825012207,81.72229766845703,"КГУ ""Азовская средняя школа"""
47.58149337768555,83.68403625488281,"КГУ ""Школа-лицей имени К.Билялова"""
50.59372329711914,80.92314147949219,"КГУ  ""Успенская  ОСШ"""
49.861087799072266,84.33118438720703,"КГУ ""Путинцевская средняя школа"""
54.20127868652344,66.9821548461914,"КГУ ""Жамбылская ОШ"""
50.417842864990234,80.26229095458984,КГУ «СОШ № 28»
49.21635818481445,85.0749740600586,"КГУ ""Солдатовская СШ"""
47.99949645996094,84.41517639160156,"КГУ ""Монукойская ОСШ"""
49.68292236328125,84.0574722290039,"КГУ ""Чапаевская СШ"""
48.149967193603516,83.01983642578125,"КГУ ""Жантикейская СШ имени К. Сатбаева"""
50.370235443115234,80.25762176513672,КГУ «СОШ  № 13»
50.1265869140625,82.95135498046875,"КГУ ""Комплекс ""Тарханская  средняя школа- детский сад"""
50.8911018371582,79.47561645507812,"КГУ ""Борасинская средняя школа-сад"""
50.029335021972656,82.73336029052734,"КГУ ""СШ №  23 имени М.Шаяхметова"""
48.394622802734375,78.7591323852539,"КГУ ""ОСШ Горный"""
50.67430114746094,80.46428680419922,"КГУ  ""Новопокровская СШ"""
49.8930549621582,82.61499786376953,"КГУ ""Средняя школа № 46"""
49.18389129638672,85.8605728149414,"КГУ ""Шынгыстайская средняя школа им.Абдыкерима"
49.501495361328125,82.00394439697266,"КГУ ""Начальная школа Подхоз"""
49.81768035888672,83.14153289794922,"КГУ ""Северная ОШ"""
47.76302719116211,82.80349731445312,"КГУ ""Акжарская СШ имени М.Ауезова"""
47.87436294555664,78.62547302246094,"КГУ "" ОСШ имени Е.Рахмадиева"""
48.339988708496094,81.6609115600586,"КГУ ""Средняя школа имени Г.Муратбаева"""
49.905059814453125,82.62074279785156,"КГУ ""СШ №24"""
50.34563064575195,83.529052734375,"КГУ ""Школа - лицей №1"""
50.63343048095703,81.6115951538086,"КГУ ""Сахновская основная средняя школа"""
50.747432708740234,80.29045104980469,"КГУ  ""СШ им. Т.Аманова"""
49.19174575805664,85.42646026611328,"КГУ ""Топкаинская СШ"""
47.71609115600586,79.48518371582031,"КГУ ""Общеобразовательная средняя школа Айгыз"""
49.74140930175781,83.65017700195312,"КГУ ""Васильевская начальная школа"""
47.88025665283203,82.01177978515625,"КГУ ""Средняя школа имени Би Боранбая"""
47.9644775390625,80.43669128417969,"КГУ ""Аягозская городская смешанная начальная школа № 9"""
47.589515686035156,83.68885803222656,"КГУ ""СШ имени Абая"""
50.51599884033203,82.17195129394531,КГУ «Выдрихинский комплекс общеобразовательная средняя школа-детский сад имени А.С.Иванова»
49.2433967590332,86.34054565429688,"КГУ ""Урыльская СШ"""
48.221534729003906,83.69680786132812,"КГУ ""Аксуатская ОСШ"""
49.22815704345703,85.879150390625,"КГУ ""Аккайнарская СШ"""
49.751041412353516,83.76927185058594,"КГУ ""Дородницкая ОШ"""
49.90668869018555,82.60974884033203,"КГУ ""ОШ №47"""
47.469482421875,84.88684844970703,КГУ «Средняя школа имени М.Ауэзова»
48.570011138916016,83.65113067626953,"КГУ ""Алгабасская СШ"""
50.227272033691406,81.871826171875,КГУ «Зевакинский комплекс общеобразовательная средняя школа-детский сад»
49.198890686035156,84.66175079345703,"КГУ ""Кокбастауская  средняя школа"""
49.96493911743164,82.60623168945312,"КГКП ""Восточно-Казахстанское училище искусств имени народных артистов братьев Абдуллиных"" УО ВКО"
48.00376510620117,85.1985092163086,"КГУ ""Гимназия имени Кумаша Нургалиева"""
49.63246154785156,84.23448181152344,"КГУ ""Подорловская НШ"""
47.46284103393555,84.87187194824219,КГУ «Средняя школа имени М.В.Ломоносова»
49.212440490722656,84.50393676757812,"КГУ ""Улкен Нарынский сельский лицей"""
50.57072830200195,81.7984390258789,КГУ «Камышинский комплекс общеобразовательная средняя школа-детский сад»
49.71438217163086,84.56723022460938,"КГУ ""Быковская ОШ"""
48.66381072998047,84.16869354248047,"КГУ ""Бурабайская СШ"""
47.47547149658203,84.86324310302734,КГУ «Школа-интернат имени М.Дауленова»
50.566890716552734,82.14353942871094,КГУ «Общеобразовательная средняя школа имени Мухтара Ауэзова»
48.136993408203125,85.16936492919922,"КГУ ""Калжырская СШ"""
48.93983459472656,79.25305938720703,"КГУ  ""Общеобразовательная Караульская гимназия"""
50.1383171081543,82.53504943847656,"КГУ ""Комплекс ""Белоусовская начальная школа-детский сад"""
48.39356231689453,84.47801208496094,"КГУ ""Каратогайская СШ"""
48.90339279174805,79.24652099609375,"КГУ ""Средняя школа имнени Шакерима"""
50.42393112182617,80.26341247558594,КГУ «СОШ № 43»
50.485595703125,81.9039535522461,КГУ «Общеобразовательная средняя школа имени Чокана Валиханова»
50.40424346923828,80.2985610961914,КГУ «СОШ № 47»
49.21828079223633,78.34716796875,"КГУ ""СШ имени Ж.Молдагалиева"""
50.64434814453125,81.86162567138672,КГУ «Октябрьский комплекс «Общеобразовательная средняя школа-детский сад»
47.962886810302734,80.4200210571289,"КГУ ""Казахская школа-гимназия №10"""
47.96820831298828,80.4327621459961,"КГУ ""ОСШ №1"""
50.43500518798828,80.24432373046875,КГУ «Экономический лицей»
50.49021911621094,81.99026489257812,КГУ «Рулихинская общеобразовательная средняя школа»
50.391090393066406,81.07665252685547,КГУ «Шульбинская СОШ»
48.55055618286133,82.79638671875,КГУ «Кокжайыкская средняя школа» отдела образования Кокпектинского района управления образования области Абай
50.67534255981445,81.71129608154297,КГУ «Сугатовский комплекс «Общеобразовательная средняя школа-детский сад»
48.00761032104492,82.51419067382812,"КГУ ""Комплекс школа-сад Толагай"" (школа)"
50.31986618041992,81.73448944091797,КГУ «Убинская общеобразовательная средняя школа»
49.36137771606445,81.6033935546875,КГУ «ОШ Васильковка»
50.22577667236328,81.9773941040039,КГУ «Барашевская основная средняя школа»
50.68539047241211,81.92012786865234,КГУ «Основная средняя школа имени Ыбырая Алтынсарина»
50.6718635559082,82.0667724609375,КГУ «Ново-Жизненская основная средняя школа»
50.80890655517578,81.26506042480469,"КГУ ""Андроновская  НШ"""
49.43044662475586,81.39665222167969,"КГУ ""Каражалская основная школа"""
51.051597595214844,81.04173278808594,"КГУ ""Аульская НШ"""
50.94883346557617,81.40538024902344,КГУ «Орловская начальная школа»
50.36773681640625,80.21672821044922,КГУ «СОШ № 49»
50.74085998535156,78.56208038330078,КГУ СОШ №4
50.15021514892578,82.31768798828125,"КГУ ""Глубоковская средняя школа имени Ы.Алтынсарина"""
50.14869689941406,82.32418823242188,"КГУ  ""Казахская СШ имени Оралхана Бокея"""
50.12357711791992,82.51839447021484,"КГУ ""Белоусовская СШ №1"""
50.2719612121582,82.22522735595703,"КГУ ""Верх-Березовская средняя школа"""
50.24625015258789,82.36302947998047,"КГУ ""Ново-Иртышская средняя школа"""
50.23774337768555,82.29102325439453,"КГУ ""СШ имени Малика Габдуллина"""
50.262481689453125,82.25448608398438,"КГУ ""Предгорненская средняя школа №1"""
50.23899841308594,82.22599029541016,"КГУ ""Комплекс ""Предгорненская средняя школа-детский сад"""
50.30778121948242,82.33457946777344,"КГУ ""Веселовская СОШ"""
50.322444915771484,82.58285522460938,"КГУ ""Комплекс Секисовская средняя школа-детский сад"""
51.187232971191406,71.41829681396484,"КГУ ""Комплекс ""Детский сад- школа-гимназия № 46"""
51.170799255371094,71.41724395751953,КГУ «Комплекс «Детский сад-школа – гимназия № 47»
51.100364685058594,71.4098129272461,"ГКП на ПХВ ""Школа-лицей № 85 имени шейха Тамима бен Хамада аль-Тани"""
51.163238525390625,71.41610717773438,КГУ «Школа-лицей № 1»
51.170738220214844,71.4158706665039,"ГКП на ПХВ ""Школа-гимназия № 2 имени Гафу Кайырбекова"""
51.13438034057617,71.36981964111328,"ГКП на ПХВ ""Школа - лицей № 71"""
51.17081069946289,71.4249496459961,КГУ «Школа-гимназия № 3»
51.17451095581055,71.42947387695312,ГКП на ПХВ «Школа-гимназия № 4 имени Жамбыла Жабаева» акимата города Астаны
51.1587028503418,71.45421600341797,"КГУ ""Гимназия №5"""
51.177589416503906,71.42041778564453,ГКП на ПХВ  «Гимназия № 6»
51.178592681884766,71.42729949951172,ГКП на ПХВ «Школа-гимназия №7 имени Гали Орманова»
51.20451736450195,71.39766693115234,КГУ «Средняя школа № 21»
51.10863494873047,71.68573760986328,"КГУ ""Средняя школа № 42"""
51.183326721191406,71.418701171875,"КГУ ""Школа-лицей № 62"""
51.14927291870117,71.46143341064453,"ГКП на ПХВ ""Школа-лицей №28"""
51.112850189208984,71.64471435546875,"ГКП на ПХВ ""Школа-центр дополнительного образования № 43"" акимата города Астаны"
51.19829559326172,71.42453002929688,КГУ «Средняя школа № 23»
51.14288330078125,71.41516876220703,ГКП на ПХВ «Школа-гимназия № 17 им. Акана Курманова»
51.14750289916992,71.5255126953125,"ГКП на ПХВ ""Школа-гимназия № 63"""
51.13364028930664,71.46389770507812,ГКП на ПХВ «Школа-лицей № 70»
51.153419494628906,71.47122192382812,ГКП на ПХВ «Школа-лицей № 48 им. Ахмета Байтурсынулы»
51.1659049987793,71.40959167480469,"КГУ ""Специализированная школа № 9 ""Зерде"""
51.114070892333984,71.4759292602539,"ГКП на ПХВ ""Школа-лицей №73"""
51.14713668823242,71.57901000976562,КГУ «Средняя школа № 29»
51.126583099365234,71.59517669677734,"КГУ ""Средняя школа № 44"""
51.17615509033203,71.39967346191406,ГКП на ПХВ «Средняя школа №18» акимата города Астаны
51.20781707763672,71.40089416503906,КГУ «Средняя школа № 49»
51.04233169555664,71.42862701416016,"ГКП на ПХВ ""Средняя школа №24"""
51.14067077636719,71.3720932006836,"КГУ ""Международная специализированная гимназия № 81 Astana English School"""
51.128475189208984,71.25460815429688,КГУ «Школа-гимназия № 69»
51.157310485839844,71.50345611572266,"ГКП на ПХВ ""Школа-лицей № 64"""
51.17441940307617,71.44822692871094,"КГУ ""Лицей-интернат ""Білім-инновация"" для одаренных юношей"""
51.14982604980469,71.4664306640625,"КГУ ""Школа-гимназия № 30"""
51.106658935546875,71.44131469726562,"КГУ ""Средняя школа № 45"""
51.14312744140625,71.48145294189453,КГУ «Школа-гимназия № 51»
51.140533447265625,71.37188720703125,"Лицей-интернат ""Білім-инновация"" для одаренных девочек"
51.14531707763672,71.46636199951172,"КГУ ""Школа-лицей ""Қазғарыш"" № 50 имени Райымбек батыра"""
51.200984954833984,71.36495971679688,КГУ «Средняя школа № 19»
51.172359466552734,71.38545989990234,КГУ «Школа-гимназия № 65»
51.19166564941406,71.41270446777344,КГУ «Средняя школа № 25»
51.142738342285156,71.3851318359375,ГКП на ПХВ «Школа-лицей № 79»
51.1669807434082,71.43244934082031,"ГКП на ПХВ ""Школа-гимназия №31"" акимата города Астаны"
51.15302658081055,71.47531127929688,ГКП на ПХВ «Школа-гимназия № 22»
51.199684143066406,71.45423126220703,КГУ «Комплекс «Детский сад – начальная школа № 12»
51.15017318725586,71.51771545410156,"КГУ ""Школа-гимназия № 52 им. Беимбета Майлина"""
51.16977310180664,71.37930297851562,"ГКП на ПХВ ""Гимназия № 67"""
51.191776275634766,71.3795394897461,КГУ «Средняя школа № 20»
51.13169479370117,71.4347152709961,ГКП на ПХВ «Школа-лицей №66 имени Динмухамеда Кунаева»
51.198387145996094,71.38860321044922,ГКП на ПХВ «Школа- гимназия № 26»
51.11585235595703,71.43755340576172,"ГКП на ПХВ ""Школа-гимназия № 77 имени Фаризы Онгарсыновой"""
51.0997314453125,71.41463470458984,"ГКП на ПХВ ""Школа -лицей №84 имени шейха Халифа бен Заида аль-Нахаяна"""
51.12336349487305,71.51985168457031,ГКП на ПХВ «Средняя школа № 13» акимата города Астаны
51.15802764892578,71.48475646972656,"КГУ ""Школа-гимназия № 32"""
51.185882568359375,71.37747192382812,"ГКП на ПХВ ""Школа-гимназия № 58 имени Илияса Жансугурова"""
51.1976318359375,71.33694458007812,КГУ «Школа-гимназия № 68 им. Миржакыпа Дулатулы»
51.13741683959961,71.47652435302734,"ГКП на ПХВ ""Школа-лицей №53 имени Бауыржана Момышулы"" акимата города Астаны"
51.15616989135742,71.49332427978516,ГКП на ПХВ «Школа-лицей № 37 им. Сырбая Мауленова»
51.15518569946289,71.4415512084961,"ГКП на ПХВ ""Школа-лицей № 27"""
51.16739273071289,71.40477752685547,ГКП на ПХВ «Школа-лицей № 35 имени Назира Торекулова» акимата города Астаны
51.123321533203125,71.4832763671875,"ГКП на ПХВ ""Школа-лицей №72"""
51.1215934753418,71.49505615234375,ГКП на ПХВ «Школа-гимназия № 83»
51.16714859008789,71.44509887695312,ГКП на ПХВ «Школа-лицей № 8» акимата города Астаны
51.11037826538086,71.43501281738281,ГКП на ПХВ «Школа-гимназия № 75»
51.181297302246094,71.40217590332031,КГУ «Школа-гимназия № 14»
51.1210823059082,71.41693115234375,ГКП на ПХВ «Школа-лицей № 59»
51.16154479980469,71.43896484375,ГКП на ПХВ «Школа-лицей № 54 имени Акселеу Сейдимбека»
51.19590377807617,71.39891815185547,"КГУ ""Средняя школа № 36"""
51.15191650390625,71.50357055664062,ГКП на ПХВ «Школа-лицей № 38» акимата города Астаны
51.12947082519531,71.36516571044922,ГКП на ПХВ «Школа гимназия № 78 имени Смагула Садуакасулы»
51.199092864990234,71.42655944824219,КГУ «Средняя школа № 34»
51.09630584716797,71.44012451171875,"КГУ ""Специализированный лицей №82 ""Дарын"""
51.15966796875,71.43123626708984,КГУ «Школа-гимназия № 10 имени Жумабека Ташенева»
51.17817687988281,71.40769958496094,ГКП на ПХВ «Школа-лицей    № 15»
51.17092514038086,71.40177154541016,ГКП на ПХВ «Школа-лицей № 60»
51.181121826171875,71.4720458984375,"ГКП на ПХВ ""Средняя школа № 55"""
51.111900329589844,71.42862701416016,ГКП на ПХВ «Школа-лицей   № 76 им. Алихана Бокейхана»
51.186641693115234,71.34468841552734,КГУ «Школа-лицей № 40 им. Алькея Маргулана»
51.19904708862305,71.38207244873047,ГКП на ПХВ «Средняя школа № 61 имени Каныша Сатпаева» акимата города Астаны
51.165950775146484,71.45645904541016,"КГУ ""Средняя школа № 16 имени Т. Айбергенова"""
51.180782318115234,71.47191619873047,КГУ «Комплекс «Детский сад – начальная школа № 33 им. Н.Абдирова»
51.16777801513672,71.38470458984375,"ГКП на ПХВ ""Школа - гимназия № 80 имени Сакена Сейфуллина"""
51.178897857666016,71.33917236328125,"КГУ ""Средняя школа № 41"""
51.161190032958984,71.40697479248047,"ГКП на ПХВ ""Школа-лицей № 56 имени Шакарима"" акимата города Нур-Султан"
51.12516784667969,71.5030746459961,ГКП на ПХВ «Школа- гимназия № 74имени Мукагали Макатаева»
51.12164306640625,71.5196762084961,"КГУ ""Средняя школа № 57 им. Машхур Жусупа"""
43.308143615722656,76.92288208007812,"КГУ ""Школа-гимназия №148"""
43.3348274230957,76.94857025146484,"КГУ ""Школа-гимназия №59"""
43.23201370239258,76.94683837890625,"КГУ ""Специализированный лицей  №92 имени Махатма Ганди"""
43.20619201660156,76.87960815429688,"КГУ ""Общеобразовательная школа №37"""
43.30082702636719,76.93425750732422,"КГУ ""Общеобразовательная школа №106"""
43.20436477661133,76.89569854736328,"КГУ ""Казахстанско-Российская гимназия №38 имени М.В Ломоносова"""
43.22755813598633,76.89761352539062,"КГУ ""Общеобразовательная школа №93"""
43.295684814453125,76.93878173828125,"КГУ ""Лицей №107 """
43.268611907958984,76.96461486816406,"КГУ ""Гимназия №4 имени А.С.Пушкина"""
43.33977508544922,76.96588134765625,"КГУ ""Общеобразовательная школа №61"""
43.234188079833984,76.89430236816406,"КГУ ""Школа-гимназия №94"""
43.34436798095703,76.98845672607422,"КГУ ""Общеобразовательная школа №115 имени Д.Бабаева"""
43.19810485839844,76.8767318725586,"КГУ ""Общеобразовательная школа №40"""
43.358890533447266,77.14161682128906,"КГУ ""Общеобразовательная школа №7"""
43.3220100402832,76.95061492919922,"КГУ ""Школа-лицей №71"""
43.254302978515625,76.95162200927734,"КГУ ""Специализированная гимназия №12 имени Шокана Уалиханова"""
43.26043701171875,76.88581848144531,"КГУ ""Общеобразовательная школа №14"""
43.31660842895508,76.93775939941406,"КГУ ""Общеобразовательная школа №74 имени С. Сейфуллина"""
43.199283599853516,76.79266357421875,"КГУ ""Школа -гимназия № 200"""
43.23991012573242,76.91190338134766,"КГУ ""Гимназия №105 имени У. Джандосова"""
43.19916915893555,76.87628173828125,"КГУ ""Общеобразовательная школа №45"""
43.26243209838867,76.95951080322266,"КГУ ""Общеобразовательная школа №19"""
43.29729461669922,76.85120391845703,"КГУ ""Общеобразовательная школа №26"""
43.23310470581055,76.91979217529297,"КГУ ""Школа-гимназия №51"""
43.2028694152832,76.90199279785156,"КГУ ""Общеобразовательная школа №125"""
43.25608444213867,76.94689178466797,"КГУ ""Школа-лицей № 28 имени М. Маметовой"""
43.33623504638672,76.94387817382812,"КГУ ""Общеобразовательная школа №76"""
43.26845932006836,76.86361694335938,"КГУ ""Общеобразовательная школа №41 имени Абдуллы Карсакбаева"""
43.217227935791016,76.88660430908203,"КГУ ""Специализированная гимназия №199"""
43.20045852661133,76.88256072998047,"КГУ ""Гимназия №60"""
43.25400924682617,76.96736907958984,"КГУ ""Общеобразовательная школа №29"""
43.34992599487305,76.99080657958984,"КГУ ""Школа-гимназия № 78"""
43.23160171508789,76.92436981201172,"КГУ""Гимназия №138 имени М. Базарбаева"""
43.22586441040039,76.96360778808594,"КГУ ""Школа-гимназия №30 имени Д.Снегина"""
43.33565902709961,76.94669342041016,"КГУ ""Гимназия №83"""
43.23537063598633,76.87965393066406,"КГУ ""Гимназия №140 имени Мукагали Макатаева"""
43.25138854980469,76.84758758544922,"КГУ ""Общеобразовательная школа №82"""
43.216835021972656,76.88903045654297,"КГУ ""Общеобразовательная школа №63"""
43.24844741821289,76.93750762939453,"КГУ""Гимназия №25 имени Ильяса Есенберлина"""
43.256256103515625,76.85164642333984,"КГУ ""Общеобразовательная школа №91"""
43.349998474121094,76.95598602294922,"КГУ ""Общеобразовательная школа №84"""
43.255470275878906,76.9594497680664,"КГУ ""Школа-лицей №33"""
43.199337005615234,76.87803649902344,"КГУ ""Общеобразовательная школа №145 имени Аль-Фараби"""
43.23504638671875,76.88639831542969,"КГУ ""Общеобразовательная школа №65"""
43.356693267822266,76.92094421386719,"КГУ ""Общеобразовательная школа №177"""
43.253814697265625,76.8746109008789,"КГУ ""Гимназия №34"""
43.355342864990234,76.95291900634766,"КГУ ""Общеобразовательная школа №85"""
43.20197296142578,76.89813232421875,"КГУ ""Школа -лицей №146"""
43.2481689453125,76.93036651611328,"КГУ""Гимназия №36 имени Б.Атыханулы"""
43.248260498046875,76.95556640625,"КГУ ""Гимназия №35"""
43.3413200378418,76.9893569946289,"КГУ ""Общеобразовательная школа №89"""
43.21579360961914,76.89677429199219,"КГУ ""Специализированный лицей №165 """
43.27419662475586,76.83679962158203,"КГУ ""Общеобразовательная школа №149"""
43.19766616821289,76.88416290283203,"КГУ ""Школа-гимназия №68"""
43.253902435302734,76.93914031982422,"КГУ ""Специализированный лицей №39"" имени Султан-Ахмета Ходжикова"""
43.1919059753418,76.96725463867188,"КГУ ""Общеобразовательная школа №47"""
43.26072692871094,76.87893676757812,"КГУ ""Общеобразовательная школа №114"""
43.221458435058594,76.96376037597656,"КГУ ""Школа-интернат №17"""
43.2845458984375,76.88716125488281,"КГУ ""Общеобразовательная школа №150 имени М.Хамраева"""
43.20857620239258,76.97248840332031,"КГУ ""Школа-лицей №48"""
43.19948196411133,76.79383850097656,"КГУ ""Школа-гимназия №174"""
43.22858810424805,76.90769958496094,"КГУ ""Общеобразовательная школа №69"""
43.22768020629883,76.84086608886719,"КГУ ""Специализированный лицей №126"""
43.26679229736328,76.94569396972656,"КГУ ""Лицей №161 имени Ж.Жабаева"""
43.27021789550781,76.95115661621094,"КГУ ""Общеобразовательная школа №52"""
43.22051239013672,76.87579345703125,"КГУ ""Школа-гимназия №13"""
43.272361755371094,76.98212432861328,"КГУ ""Общеобразовательная школа №64 имени 73 Гвардейской Краснознаменной Сталинградско-Дунайской стрелковой дивизии"""
43.193843841552734,76.90632629394531,"КГУ ""Общеобразовательная школа №70"""
43.36228942871094,76.99583435058594,"КГУ ""Общеобразовательная школа №142"""
43.345726013183594,76.95923614501953,"КГУ ""Общеобразовательная школа №11"""
43.21056365966797,76.87479400634766,"КГУ ""Общеобразовательная школа №127"""
43.22988510131836,76.8624267578125,"КГУ ""Гимназия № 27"""
43.268348693847656,76.98527526855469,"КГУ ""Школа-гимназия №53"""
43.2884407043457,76.88309478759766,"КГУ ""Общеобразовательная школа №151"""
43.21881103515625,76.94961547851562,"КГУ ""Общеобразовательная школа №77"""
43.31204605102539,76.9559097290039,"КГУ ""Школа-гимназия №162 имени Сапара Байжанова"""
43.25001525878906,76.85810852050781,"КГУ ""Гимназия №130 имени И.Жансугурова"""
43.22139358520508,76.89369201660156,"КГУ""Школа-гимназия №73"""
43.314178466796875,76.9660415649414,"КГУ ""Общеобразовательная школа №17"""
43.23726272583008,76.83303833007812,"КГУ ""Общеобразовательная школа №42"""
43.247642517089844,76.94828033447266,"КГУ ""Гимназия №56 имени К. Сатпаева"""
43.21510696411133,76.8780288696289,"КГУ ""Общеобразовательная школа №72"""
43.30149459838867,76.95907592773438,"КГУ ""Общеобразовательная школа №20"""
43.288761138916016,76.97744750976562,"КГУ ""Общеобразовательная школа № 98"""
43.231101989746094,76.91586303710938,"КГУ ""Школа-гимназия №81"""
43.300045013427734,76.86962127685547,"КГУ ""Школа-гимназия №152"""
43.22998809814453,76.83857727050781,"КГУ ""Гимназия №132"""
43.33616638183594,76.97711181640625,"КГУ ""Общеобразовательная школа №170"""
43.27756881713867,76.98699951171875,"КГУ ""Общеобразовательная школа №99"""
43.22077560424805,76.95386505126953,"КГУ""Школа-лицей №163"""
43.325340270996094,76.96810150146484,"КГУ ""Общеобразовательная школа №31"""
43.372676849365234,76.94486236572266,"КГУ ""Общеобразовательная школа №193"""
43.2204475402832,76.85874938964844,"КГУ ""Школа-гимназия №86 имени Г.Мусрепова"""
43.19903564453125,76.90827941894531,"КГУ ""Общеобразовательная школа №88"""
43.24095916748047,76.83064270019531,"КГУ ""Школа-гимназия №133"""
43.215084075927734,76.88725280761719,"КГУ ""Общеобразовательная школа- интернат №10 для детей из малообеспеченных семей"""
43.2510871887207,76.8349609375,"КГУ ""Общеобразовательная школа №154 имени Иштвана Коныр Мандоки"""
43.2540168762207,76.97966766357422,"КГУ ""Школа-гимназия №168 имени Касыл Катыкбаевой"""
43.373878479003906,76.9922103881836,"КГУ ""Общеобразовательная школа №32"""
43.23125076293945,76.85033416748047,"КГУ ""Общеобразовательная школа №97"""
43.249515533447266,76.90918731689453,"КГУ ""Гимназия №46"""
43.209129333496094,76.87996673583984,"КГУ ""Школа-гимназия №139 имени А.Байтурсынова"""
43.27202224731445,76.84500122070312,"КГУ ""Общеобразовательная школа №171"""
43.343971252441406,77.00641632080078,"КГУ ""Школа-гимназия №44"""
43.20166778564453,76.84185791015625,"КГУ ""Общеобразовательная школа №158"""
43.26243209838867,76.94503784179688,"КГУ ""Казахстанско-Российская специализированная школа-лицей № 54 имени И.В. Панфилова"""
43.233642578125,76.85745239257812,"КГУ ""Общеобразовательная школа №104"""
43.22429275512695,76.84073638916016,"КГУ ""Общеобразовательная школа №141"""
43.320106506347656,76.91301727294922,"КГУ ""Школа-гимназия № 118"""
43.32339859008789,76.88541412353516,"КГУ ""Общеобразовательная школа №156"""
43.31856155395508,76.93478393554688,"КГУ ""Общеобразовательная школа №49"""
43.283897399902344,77.001953125,"КГУ ""Школа-гимназия №172"""
43.32686233520508,76.9188461303711,"КГУ ""Общеобразовательная школа №129"""
43.22832489013672,76.8509521484375,"КГУ ""Гимназия №111"""
43.249820709228516,76.90303039550781,"КГУ ""Общеобразовательная школа №55"""
43.22140884399414,76.8364028930664,"КГУ ""Школа-гимназия №153 имени А.Розыбакиева"""
43.211883544921875,76.84650421142578,"КГУ ""Школа-лицей №173"""
43.318824768066406,76.91106414794922,"КГУ ""Общеобразовательная школа №137 имени М.Жумабаева"""
43.34321975708008,76.93336486816406,"КГУ ""Общеобразовательная школа №50"""
43.221134185791016,76.83621978759766,"КГУ ""Общеобразовательная школа №155"""
43.25559997558594,76.88108825683594,"КГУ ""Общеобразовательная школа №58"""
43.22188949584961,76.85966491699219,"КГУ ""Школа-гимназия №113"""
43.274471282958984,76.95474243164062,"КГУ ""Школа-лицей №143 имени Суюнбая"""
43.26936340332031,76.94071197509766,"КГУ""Гимназия №147"""
43.33660888671875,76.91358947753906,"КГУ ""Общеобразовательная школа №160"""
43.199588775634766,76.85458374023438,"КГУ ""Гимназия №175 ""Жаңа Ғасыр"""
43.186614990234375,76.8297119140625,"КГУ ""Общеобразовательная школа № 187"""
43.256385803222656,76.87871551513672,"КГУ""Гимназия №62 имени Ш. Смаханулы"""
43.37564468383789,77.00633239746094,"КГУ ""Общеобразовательная школа № 195"""
43.256690979003906,76.87894439697266,"КГУ ""Общеобразовательная школа №167"""
43.34711456298828,77.02071380615234,"КГУ ""Специализированная школа-лицей №90"""
43.225425720214844,76.86862182617188,"КГУ ""Общеобразовательная школа №116"""
43.336368560791016,76.91153717041016,"КГУ ""Общеобразовательная школа №164"""
43.20420455932617,76.82485961914062,"КГУ ""Школа-гимназия №176"""
43.236045837402344,76.98014831542969,"КГУ ""Основная средняя школа №194"""
43.30440139770508,76.90028381347656,"КГУ ""Общеобразовательная школа №87"""
43.256675720214844,76.9206314086914,"КГУ ""Общеобразовательная школа №95"""
43.21705627441406,76.869873046875,"КГУ ""Школа-гимназия №1"""
43.25942611694336,76.87213897705078,"КГУ ""Лицей №166"""
43.22216796875,76.84400939941406,"КГУ ""Общеобразовательная школа №117"""
43.2252082824707,77.0456314086914,"КГУ ""Основная средняя школа №197"""
43.23501205444336,76.82169342041016,"КГУ ""Специализированный лицей-интернат ""Білім-инновация"""
43.32030487060547,76.97930908203125,"КГУ ""Общеобразовательная школа №198"""
43.32644271850586,76.9312973022461,"КГУ ""Школа-гимназия №101"""
43.21363830566406,76.86133575439453,"КГУ ""Школа-гимназия №5"""
43.253700256347656,76.87029266357422,"КГУ ""Общеобразовательная школа №96"""
43.2968864440918,76.86177062988281,КГУ «Школа-лицей №169»
43.227115631103516,76.86853790283203,"КГУ ""Школа-лицей №119"""
43.27313995361328,76.9620590209961,"КГУ ""Общеобразовательная школа №2"""
43.24882125854492,76.9219741821289,"КГУ ""Школа-гимназия №8"""
43.34108352661133,76.81160736083984,"КГУ ""Общеобразовательная школа №196"""
43.24359130859375,76.93863677978516,"КГУ ""Гимназия №120 имени Мажита Бегалина"""
43.23216247558594,76.86264038085938,"КГУ ""Школа-гимназия № 6"""
43.2499885559082,76.81449890136719,"КГУ ""Специализированный лицей №178"""
43.234588623046875,76.83600616455078,"КГУ ""Общеобразовательная школа №121"""
43.29037857055664,76.9527587890625,"КГУ ""Общеобразовательная школа №102"""
43.25934982299805,76.93103790283203,"КГУ ""Гимназия №15"""
43.2100830078125,76.78176879882812,"КГУ  ""Санаторная школа-интернат №15"""
43.249629974365234,76.90426635742188,"КГУ ""Общеобразовательная школа №124"""
43.27239227294922,76.92869567871094,"КГУ ""Общеобразовательная школа №3"""
43.22151184082031,76.863037109375,"КГУ ""Общеобразовательная школа №9"""
43.29248046875,76.9659194946289,"КГУ ""Школа-гимназия №103"""
43.226295471191406,76.85179138183594,"КГУ ""Общеобразовательная школа №122"""
43.245365142822266,76.900146484375,"КГУ ""Общеобразовательная школа №128 имени М.Ауэзова"""
43.25917434692383,76.92071533203125,"КГУ ""Общеобразовательная школа №16 имени А.Шарипова"""
43.17646026611328,76.9049072265625,"КГУ ""Общеобразовательная школа №189"""
43.29192352294922,76.94180297851562,"КГУ ""Общеобразовательная школа №43"""
43.288978576660156,76.93244934082031,"КГУ ""Общеобразовательная школа №108"""
43.229881286621094,76.9129638671875,"КГУ ""Общеобразовательная школа №10"""
43.28227233886719,76.97528076171875,"КГУ ""Общеобразовательная школа №100"""
43.23408126831055,76.82776641845703,"КГУ""Школа-гимназия №123 имени Кожа Ахмета Яссауи"""
43.241859436035156,76.90028381347656,"КГУ ""Лицей №134"""
43.2464714050293,76.8917007446289,"КГУ ""Гимназия №18"""
43.19011306762695,76.9242935180664,"КГУ ""Общеобразовательная школа № 183"""
43.23093795776367,76.95680236816406,"КГУ ""Школа-лицей №131 имени Б.Момышұлы"""
43.28438949584961,76.94104766845703,"КГУ ""Общеобразовательная школа №57"""
43.23517990112305,76.89398956298828,"КГУ ""Школа-гимназия №22"""
43.24360275268555,76.90100860595703,"КГУ ""Общеобразовательная школа №135"""
43.266624450683594,76.89334106445312,"КГУ ""Общеобразовательная школа №109"""
43.249752044677734,76.95368194580078,"КГУ ""Гимназия №159 имени Ы. Алтынсарина"""
43.25811767578125,76.91511535644531,"КГУ ""Лицей №24"""
43.26698684692383,76.89791870117188,"КГУ ""Общеобразовательная школа №66"""
43.23860168457031,76.9392318725586,"КГУ""Школа-гимназия №23"""
43.32545852661133,76.91856384277344,"КГУ ""Школа-гимназия №110"""
43.16620635986328,76.84906768798828,"КГУ ""Общеобразовательная школа № 192 имени Рахима Сарсенбина"""
43.35702896118164,76.93585968017578,"КГУ ""Общеобразовательная школа №80"""
43.25493240356445,76.91224670410156,"КГУ ""Школа-гимназия №136 имени М.Дулатова"""
43.2938232421875,76.91586303710938,"КГУ ""Общеобразовательная школа №112"""
43.24659729003906,76.7921142578125,"КГУ ""Общеобразовательная школа №184"""
43.2423210144043,76.8883056640625,"КГУ ""Общеобразовательная школа №67"""
43.25064468383789,76.8780288696289,"КГУ ""Школа-гимназия №144"""
43.18596267700195,76.82835388183594,"КГУ ""Школа-гимназия № 188"""
43.21928787231445,76.80206298828125,"КГУ ""Общеобразовательная школа №157"""
43.280460357666016,76.82411193847656,"КГУ""Общеобразовательная школа №182"""
43.24331283569336,76.88020324707031,"КГУ ""Общеобразовательная школа №75 имени ""Шакарима Кудайбердыулы"""
43.19153594970703,76.8017349243164,"КГУ ""Общеобразовательная школа №186 имени Сейдилды Копбаева"""
43.248680114746094,76.8969497680664,"КГУ ""Гимназия №79"""
43.17631530761719,76.86852264404297,"КГУ ""Общеобразовательная школа № 191 имени Габидена Мустафина"""
43.13825607299805,76.90435791015625,"КГУ ""Общеобразовательная школа №190 имени Шакарима Кудайбердыулы"""
43.31211471557617,76.84089660644531,"КГУ ""Общеобразовательная школа №180"""
43.24301528930664,76.8170394897461,"КГУ ""Общеобразовательная школа №181"""
43.24721908569336,76.80113983154297,"КГУ ""Общеобразовательная школа №185"""
43.23160171508789,76.93107604980469,"КГУ ""Гимназия №21"""
43.338592529296875,76.8989028930664,"КГУ ""Общеобразовательная школа №179"""
44.85277557373047,65.50048828125,Коммунальное государственное учреждение ‘’Средняя школа №6 имени Мухамедгали Сужикова’’отдела образования по городу Кызылорда управления образования Кызылординской области’
51.17824172973633,51.26856994628906,"КГУ ""Общеобразовательная школа №50"""
43.66147994995117,51.137420654296875,"Коммунальное государственное учреждение ""IT школа-лицей"" Отдела образования по городу Актау Управления образования Мангистауской области"
51.120670318603516,71.50700378417969,"КГУ ""Школа-гимназия № 86 имени Мухтара Ауэзова"""
42.918060302734375,71.42068481445312,"КГУ ""Специализированный IT лицей-интернат для одаренных детей"""
50.25311279296875,57.22099304199219,"КГУ ""Средняя общеобразовательная IT школа-лицей №72 имени Абиша Кекилбайулы"""
50.256141662597656,52.58909225463867,КГУ «Школа-лицей»
51.16341781616211,71.45581817626953,"КГУ ""Школа –гимназия № 87 им. Абая Құнанбайұлы"""
53.220882415771484,63.569923400878906,"КГУ ""Общеобразовательная школа имени Әлихана Бөкейхана"""
50.25772476196289,58.443355560302734,"КГУ ""№7 Хромтауская школа-гимназия"" (с пришкольным интернатом)"
47.15467834472656,51.98721694946289,"КГУ ""Средняя общеобразовательная школа №39"" отдела образования города Атырау Управления образования Атырауской области"
49.80110549926758,73.14720916748047,"КГУ ""Школа-лицей имени Алимхана Ермекова"""
52.952999114990234,70.18814086914062,"КГУ ""IT лицей-интернат ""Білім-инновация"" города Щучинск управления образования Акмолинской области"""
43.257198333740234,76.81580352783203,"КГУ ""Школа-гимназия № 201"""
47.1108283996582,51.87191390991211,"КГУ ""Средняя общеобразовательная школа №40"""
48.70730972290039,55.90436935424805,"КГУ ""Средняя школа-гимназия имени Қажығали Мұханбетқалиұлы"""
50.27914047241211,56.96220016479492,"КГУ ""Общеобразовательная средняя школа №77"""
54.86618423461914,69.19893646240234,"КГУ ""Средняя общеобразовательная школа № 25 имени Алихана Бокейхана"""
42.51144027709961,69.7982406616211,"КГУ ""Основная средняя школа №75"""
42.313899993896484,69.59261322021484,"КГУ ""Общеобразовательная средняя школа № 131"""
50.30036926269531,57.15455627441406,"КГУ ""Общеобразовательная средняя школа №75"""
42.55780792236328,70.27706146240234,"ОСШ ""Түркібасы"""
49.892478942871094,82.6144790649414,"КГУ ""Школа-центр дополнительного образования №48"""
42.340152740478516,69.54839324951172,"КГУ ""Общеобразовательная средняя школа №133"""
42.371219635009766,69.63438415527344,"КГУ ""Общеобразовательная средняя школа №132"""
53.226959228515625,63.62908935546875,"КГУ ""Школа-гимназия № 28 """
51.07301330566406,71.43717193603516,"КГУ ""Школа-лицей № 88"""
41.47874450683594,69.09391784667969,КГУ «Общеобразовательная средняя школа №77»
42.347076416015625,69.6308364868164,"КГУ ""Общеобразовательная средняя школа №134"""
42.5991325378418,69.25630950927734,"КГУ ""Общая средняя школа ""Бәйтерек"""
49.94268798828125,82.51229095458984,"КГУ ""Общеобразовательная школа №49"""
51.12123489379883,71.41707611083984,ГКП на ПХВ «Школа-лицей № 89»
51.146507263183594,71.38377380371094,"КГУ ""Гимназия №90 имени Кайыма Мухамедханова"""
43.75995635986328,51.096797943115234,"КГУ ""Акшукурская школа-гимназия"""
50.04054641723633,72.96792602539062,"КГУ ""Специализированная школа - интернат ""Информационных технологий ""Озат"""
43.633182525634766,51.41615295410156,"КГУ ""Общеобразовательная школа №15 """
42.83015060424805,71.40167236328125,"КГУ ""Школа-гимназия №6"""
40.870849609375,68.32679748535156,"КГУ  ""Общая средняя школа №71”"
50.296165466308594,57.35348129272461,"КГУ ""Общеобразовательная средняя школа №74"""
48.0,68.0,"КГУ  ""Общеобразовательная средная школа №135"""
43.32804489135742,77.02330780029297,"КГУ  ""Общеобразовательная школа № 203"""
43.213191986083984,76.84722900390625,"КГУ ""Школа-гимназия №202"""
48.94071578979492,79.25450134277344,"КГУ ""Общеобразовательная средняя школа"""
42.36179733276367,69.56927490234375,КГУ Общеобразовательная средняя школа №137
42.41083908081055,69.58090209960938,"КГУ ""Общеобразовательная средняя школа 138"""
42.36927032470703,69.54668426513672,КГУ «Общеобразовательная средняя школа №136»
43.587745666503906,52.10224151611328,"Коммунальное государственное учреждение ""Начальная школа № 9 села Жетыбай"" Каракиянского районного отдела образования"
52.26152420043945,76.95214080810547,"КГУ ""СШ им. М. Алимбаева"""
50.316680908203125,57.33314514160156,"КГУ ""Средняя школа-гимназия №78"""
51.268489837646484,71.66223907470703,"КГУ ""Общеобразовательная школа №2 села Коянды"""
47.12480545043945,51.872982025146484,"КГУ ""Школа-гимназия №41"""
54.750858306884766,69.10539245605469,"КГУ ""Бескольская СШ № 3"""
49.76761245727539,73.14877319335938,"КГУ ""Школа-гимназия имени Абая"""
49.15874099731445,56.49435043334961,КГУ «Кызылжарская общеобразовательная средняя школа»
41.00010299682617,68.23295593261719,КГУ «Общая средняя школа №73»
41.008113861083984,68.26600646972656,КГУ «Общая средняя школа №72»
52.69576644897461,62.58481979370117,"КГУ  ""Тобольская общеобразовательная школа №2"""
43.69121551513672,51.1612434387207,"КГУ ""Школа гимназия №19"" Отдела образования по городу Актау Управления образования Мангистауской области"
44.82645797729492,65.55078125,"КГУ ""Школа-лицей №282"" отдела образования по городу Кызылорда управления образования Кызылординской области"""
43.67802047729492,51.19324493408203,"Коммунальное государственное учреждение ""Общеобразовательная школа №25"" отдела образования по городу Актау Управления образования Мангистауской области"
43.27291488647461,68.35365295410156,"КГУ ""Школа-лицей №28"""
42.488590240478516,69.74453735351562,"КГУ ""Общая средняя школа №76"""
47.124324798583984,51.874412536621094,"Специализированная школа-лицей-интернат Интеллектуал"" Управления образования Атырауской"
43.26371765136719,68.3664321899414,"КГУ ""Общая средняя школа №13"""
50.707252502441406,56.61188507080078,"КГУ ""Кумсайская начальная школа"""
51.16463851928711,71.4024887084961,Коммунальное государственное учреждение «Школа-Лицей» № 11 Акимата города Нур-Султан имени Узбекали Жанибекова
51.13139343261719,71.46229553222656,"ГКП на ПХВ ""Школа - лицей № 92"" акимата города Нур-Султан"
51.113609313964844,71.45932006835938,ГКП на ПХВ №91 мектеп-гимназия
48.0438232421875,54.49502944946289,"Коммунальное государственного учреждение Общеобразовательная школа №2"" Отдела образования Кызылкогинского района Управления образования Атырауской области"""
47.14088821411133,51.95259094238281,"КГУ ""Общеобразовательная школа №42"""
52.26123809814453,70.58995056152344,КГУ «Общеобразовательная школа №1 села Никольское»
46.61094284057617,48.564186096191406,КГУ «Кигачская общая средняя школа»
48.45766830444336,53.63579177856445,"КГУ ""Жамансорская начальная школа"""
48.50149154663086,53.73466873168945,"КГУ ""Жанашаруинская казахская средняя школа"""
48.45766830444336,53.63579177856445,"КГУ ""Начальная школа имени Т. Жанузакова"""
48.45766830444336,53.63579177856445,КГУ «Общеобразовательная начальная школа №75»
48.56109619140625,51.74546813964844,КГУ «Средняя школа имени С.Сейфуллина»
48.29990005493164,51.39849090576172,"КГУ ""Средняя школа имени Абиша Кекилбайулы"""
48.56109619140625,51.74546813964844,"КГУ ""Средняя школа имени М.Сиранова"""
50.43389892578125,60.492469787597656,КГУ «Комсомольская общеобразовательная средняя школа»
49.52431869506836,55.27281188964844,"КГУ ""Сагинская школа-сад"""
50.201263427734375,57.27922821044922,"КГУ ""Школа-гимназия №41 имени Фаризы Онгарсыновой"""
49.04067611694336,51.828643798828125,КГУ «Общеобразовательная школа имени Ыбырая Алтынсарина»
44.290409088134766,79.90242004394531,КГУ «Средняя школа имени Д. Ракышулы с дошкольным мини центром»
43.186771392822266,76.52793884277344,"КГУ ""Средняя школа имени Карасай батыра"""
50.1072883605957,70.55789184570312,"КГУ ""Куланотпесская основная средняя школа"""
49.3679313659668,75.74957275390625,"КГУ «Средняя общеобразовательная школа № 17 поселка Карагайлы"""
54.615013122558594,65.86372375488281,"КГУ  ""Белоглинская основная средняя  школа"""
42.75153350830078,70.69845581054688,"КГУ ""Основная школа №37 Ынтымак"""
43.41969680786133,75.07716369628906,"КГУ ""Средняя школа №42 имени Екейбая Кашаганова"""
43.181304931640625,73.18714904785156,"КГУ ""Начальная школа №31"""
43.879669189453125,70.52323913574219,"КГУ ""Основная школа Талас"""
43.16766357421875,70.46852111816406,"КГУ ""Каскабулакская средняя школа"""
44.23918151855469,66.62554931640625,"Коммунальное государственное учреждение ""Средняя общеобразовательная школа №243"" отдела образования по Шиелийскому району Управления образования Кызылординской области"""
41.36276626586914,69.08695220947266,"КГУ ""Общеобразовательная средняя школа №59"""
53.0001106262207,76.30154418945312,"КГУ ""Песчанская СОШ № 2"""
42.35237121582031,69.47142028808594,"КГУ ""Общеобразовательная средняя школа №93 имени В.Терешковой"""
41.55622863769531,69.4843978881836,"КГУ ""Общеобразовательная средняя школа №23 имени Г.Муратбаева"""
41.26911544799805,68.85863494873047,"КГУ ""Общеобразовательная средняя школа №26 ""Келес"""
41.625511169433594,69.52989959716797,"КГУ ""ОШ ""Зангар"""
42.57790756225586,69.35014343261719,"КГУ ""Общая средняя школа имени ""Динмухамед Конаев"""
40.93459701538086,68.41384887695312,"КГУ ""Общая средняя школа №48 имени К.Сатбаева"""
49.031761169433594,80.06269073486328,"КГУ ""ОСШ им. Мамая"""
49.59145736694336,81.03445434570312,"КГУ ""СШ имени П.Г. Карелина"""
48.0,68.0,"КГУ ""Общеобразовательная школа имени Абая"""
48.0,68.0,№6 Средняя школа
48.58345413208008,57.188270568847656,"КГУ    ""Шубаршиская школа-яслый-детский сад"""
47.08119583129883,61.14110565185547,Средняя школа №283
43.200782775878906,68.51789093017578,"КГУ ""Общая средняя школа №1"""
46.12091827392578,73.60739135742188,"КГУ ""Общеобразовательная среняя школа поселка Сарышаган"""
51.115909576416016,71.48959350585938,"ГКП на ПХВ ""Школа-лицей № 93"" акимата города Нур-Султан"
50.96250915527344,71.349609375,"КГУ ""IT школа-лицей города Косшы"""
41.7553596496582,69.38053131103516,ОСШ им. Егемкул Тасанбаев
43.204524993896484,76.82131958007812,"КГУ ""Школа-гимназия №206"""
43.310333251953125,76.83934020996094,"КГУ ""Общеобразовательная школа №204"""
42.85072708129883,71.38191223144531,"Коммунальное государственное учреждение ""Средняя школа №26 отдела образования города Тараз управления образования акимата Жамбылской области"""
43.340328216552734,76.91316223144531,"КГУ ""Общеобразовательная школа №205"""
43.682193756103516,51.1796875,"КГУ ""Общеобразовательная школа №30"" Отдела образования по городу Актау Управления образования Мангистауской области"
51.19157028198242,71.38040161132812,"Коммунальное государственное учреждение ""Школа-гимназия №94"" акимата города Нур-Султан"
51.12263870239258,50.00925064086914,"КГУ ""Начальная школа Ынтымак"""
48.0,68.0,КГУ «Основная средняя школа «Зерде» отдела развития человеческого потенциала Ордабасинского района управления развития человеческого потенциала Туркестанской области
50.395851135253906,80.3244400024414,"КГУ ""Средняя общеобразовательная школа № 45"" отдела образования города Семей управления образования области Абай"
50.33885955810547,83.50633239746094,"КГУ ""Общеобразовательная школа № 11"""
48.0,68.0,СШ с.Батан
43.28675079345703,77.2433090209961,"КГУ ""Школа-гимназия №25"""
48.066741943359375,76.86282348632812,"КГУ ""Айыртасская начальная школа"""
48.0,68.0,КГУ «СОШ № 46»
50.404964447021484,80.24919128417969,"КГУ ""Средняя общеобразовательная школа № 46"""
43.697513580322266,51.21141052246094,Общеобразовательная школа №16
48.685791015625,71.6351547241211,Школа-лицей №1
43.25114059448242,76.80823516845703,"КГУ ""Школа-гимназия"" № 209"
43.41452407836914,76.89346313476562,КГУ «Средняя школа №51» государственного учреждения «Отдел образования по Илийскому району Управления образования Алматинской области»
43.517112731933594,76.83321380615234,КГУ «Средняя школа №49» государственного учреждения «Отдел образования по Илийскому району Управления образования Алматинской области»
43.56005859375,76.91416931152344,КГУ «Средняя школа №50» государственного учреждения «Отдел образования по Илийскому району Управления образования Алматинской области»
48.00080108642578,68.00251770019531,"КГУ ""средняя школа №61"""
43.212196350097656,76.827392578125,"КГУ ""Школа-гимназия № 208"""
42.84149932861328,71.20758819580078,"КГУ ""Средняя школа №7"""
48.00895690917969,67.99588012695312,Средняя школа - лицей №29
43.216365814208984,76.77583312988281,"КГУ ""Школа-лицей №207"""
43.310367584228516,76.87489318847656,"КГУ ""Школа-лицей №210"""
48.0,68.0,"ТОО ""Koktal Smart School"""
41.7530403137207,69.58920288085938,"КГУ ""Общая средная школа №1"""
43.85804748535156,67.45079040527344,Коммунальное государственное учреждение «Средняя школа № 55 имени С.Кожанова» отдела образования по Жанакорганскому району управления образования Кызылординской области»;
