lat,lon,name
42.92049026489258,74.61681365966797,СОШ г.Бишкек Свердловский р-н № 16
42.830039978027344,74.61587524414062,"СОШ г. Бишкек, Первомайский р-н № 86"
42.81841278076172,74.63082885742188,СОШ г.Бишкек Первомайский р-н №54
42.91579055786133,74.5696792602539,СОШ г.Бишкек Октябрьский р-н № 73
42.93655776977539,74.60596466064453,СОШ №87 г. Бишкек Свердловский р-н
42.93650436401367,74.62521362304688,СОШ г.Бишкек Свердловкий р-н № 94
42.92829513549805,74.63204193115234,Аблас Сулайманов атындагы орто мектеп
42.884769439697266,74.56291961669922,СОШ г.Бишкек Первомайский р-н № 81
42.86338424682617,74.47808074951172,СОШ г.Бишкек Ленинский р-н № 82
42.937503814697266,74.58949279785156,"Учреждение ""Средняя общеобразовательная школа №32 Свердловского района г.Бишкек"""
42.8038330078125,74.5538330078125,СОШ г.Бишкек Ленинский р-н № 84
42.906551361083984,74.61031341552734,СОШ  г.Бишкек Свердловский р-н № 46
42.92367172241211,74.59135437011719,СОШ г.Бишкек Октябрьский р-н № 88
42.841312408447266,74.51895904541016,СОШ г.Бишкек  Ленинский  р-н № 77
42.85285186767578,74.50471496582031,СОШ г.Бишкек Ленинский р-н № 96
42.84883499145508,74.58960723876953,СОШ г. Бишкек Первомайский р-н №19
42.88187026977539,74.52615356445312,ШГ г. Бишкек Октябрский р-н № 91
41.42544937133789,75.99286651611328,СШ №4 имени Э.Ибраева
42.67164993286133,73.9195327758789,СШ Сосновская средняя школа
42.55165100097656,72.1969985961914,"СОШ "" Кок-Ойская общеобразовательная  средняя школа имени Т.Кушчубаевой Таласского района Таласской области"""
42.4722785949707,78.3935317993164,СОШ Средняя образовательная школа №6 города Каракол
42.88285827636719,74.78932189941406,СШ Киргшелкская средняя школа Ысыкатинского района Чуйской области
42.453433990478516,76.16820526123047,СОШ Средняя общеобразовательная школа №5 имени Ч. Айтматова (Балыкчы)
41.04265213012695,73.0113296508789,"СОШ Учреждение ""Общеобразовательная Средняя школа № 63 имени Эргеша Торобаева"""
40.571571350097656,72.79786682128906,"СШ Учреждение Средняя школа №48 ""Гулбаар"""
40.20497131347656,71.04354858398438,"СШ Средняя школа ""Орук-Зар"" Кадамжайского района"
40.60066604614258,72.77400207519531,ШГ Учреждение школа-гимназия №17 имени Ю.А.Гагарина
42.846778869628906,74.59586334228516,"ШГ Учреждение  ""Школа-гимназия №39 имени Бектурсуна Алымова"""
41.41225051879883,75.06026458740234,СШ Средняя школа имени Аскара Турдакунова
41.2242431640625,74.84569549560547,СШ Средняя школа имени Мурзабека Балбакова
41.268062591552734,74.85771179199219,СШ Средняя школа Сабитакуна Жусупбаева
41.2674674987793,74.9648666381836,СШ Средняя школа имени Шукурбека Бейшеналиева
41.26598358154297,74.94758605957031,СШ Средняя школа имени Эсенгула Карасартова
41.301063537597656,74.94017028808594,СШ Средняя школа имени Бакый Мусуралиева
41.23121643066406,74.99687957763672,СШ Средняя школа имени Калыя Молдобасанова
41.20849609375,74.7081298828125,СШ Средняя школа имени Мукаша Базаркулова
41.248634338378906,74.5996322631836,СШ Средняя школа имени Насипа Жыргалбековой
41.237464904785156,74.5399398803711,Средняя школа имени Бердалы Календерова
41.126304626464844,74.40953826904297,СШ Средняя школа имени Итикула Молдобаева
41.08244705200195,74.25899505615234,СШ Средняя школа имени Эргеша Мейманова
41.5059700012207,75.24281311035156,СШ Средняя школа имени Суйумбека Атамбекова
41.45695877075195,75.01705169677734,Средняя школа имени Байымбета
41.456111907958984,75.11797332763672,СШ Средняя школа имени Жоробека Сатылганова
41.45134735107422,74.83645629882812,СШ Средняя школа имени Асаналы Абдраимова
41.40766906738281,74.84740447998047,СШ Средняя школа имени Муса Баетова
41.357120513916016,74.92523956298828,СШ Средняя школа имени Табриса Оторова
41.17228317260742,75.7881851196289,"СШ Учреждение ""Средняя школа им.Жаналы уулу Абдыракмана"""
41.21651840209961,76.05156707763672,"СШ Учреждение ""Средняя школа имени Апыша Койчуманова"""
41.20775604248047,75.94190216064453,"СШ Учреждение ""Средняя школа имени Самудина Мурзакматов"""
41.23604202270508,75.13389587402344,"СШ Учреждение ""Средняя школа им.Боогачы"""
41.089168548583984,75.6725845336914,"СШ Учреждение ""Средняя школа имени Токтомуша Адыранова"""
41.118534088134766,75.73268127441406,"СШ Учреждение ""Средняя школа имени Анварбека Чортекова"""
41.16946792602539,75.81843566894531,"СШ Учреждение ""Средняя школа имени Касыке Мамбеталиева"""
41.17018508911133,75.81403350830078,"Средняя школа имени Карыбек уулу Акматаалы села Ат-Башы"""
41.1644172668457,75.827880859375,"СШ Учреждение ""Средняя школа им.Абдыралы Керимбаева"""
41.14043426513672,75.81383514404297,"СШ Учреждение ""Средняя школа Ой-Теpскен"""
41.156532287597656,75.90802001953125,"СШ Учреждение ""Средняя школа имени Чыпая Асекова"""
41.162654876708984,75.97852325439453,"СШ Учреждение ""Средняя школа имени Апыша Табылдиева"""
41.03336715698242,75.53780364990234,"СШ Учреждение ""Средняя школа имени Нааматбека Усеналиева"""
41.06948471069336,75.63128662109375,Средняя школа имени Жолдубая Кайыпова
41.05440139770508,75.5515365600586,"СШ Учреждение ""Средняя школа имени Калкана Керималиева"""
41.09524154663086,75.59088134765625,"СШ Учреждение ""Средняя школа имени Абыла Искендерова"""
41.12813186645508,75.68160247802734,"СШ Учреждение ""Средняя школа имени Карыбека Карпекова"""
41.16487121582031,75.72789001464844,"СШ Учреждение ""Средняя школа имени Акиша Капарова"""
41.18903350830078,76.1384506225586,"СШ Учреждение ""Средняя школа имени Абийбуллы Осмоналиева"""
41.21062469482422,76.20548248291016,"СШ Учреждение ""Средняя школа имени Султанбека Райымбекова"""
41.17350769042969,76.04645538330078,"СШ Учреждение ""Средняя школа имени Токтобая Тынымбаева"""
42.005001068115234,74.65499877929688,"СШ Учреждение ""Средняя школа имени Шатмана Садыбакасова"""
41.98400115966797,74.95249938964844,СШ Средняя школа имени профессора Айып Идинова
41.15972137451172,74.15008544921875,СШ Средняя школа имени Касымбек уулу Мамбеталы
41.98833465576172,74.96666717529297,СШ Средняя школа имени Рысалы Солтонбекова
42.03499984741211,74.98332977294922,СШ Средняя школа имени Мыскал Омурканова
42.03968811035156,74.91130828857422,"СШ Средняя школа ""Лама"""
41.72293472290039,74.20553588867188,СШ Средняя школа имени Исакбека Орозалиева
41.84769821166992,74.33246612548828,"Учреждение ""Средняя школа имени Бубуайда Кожоналиевой"""
42.02277374267578,74.17556762695312,"СШ Учреждение ""Средняя школа Кызыл-Октябрь"""
41.8849983215332,74.41999816894531,СШ Средняя школа имени Турусбек уулу Султан
41.99372482299805,74.58403778076172,"СШ Учреждение ""Средняя школа имени Молдокеева Асылбека"""
42.08194351196289,74.13111114501953,Аблас Сулайманов атындагы орто мектеп
41.73933410644531,74.13333129882812,"СШ Средняя школа имени ""Тыналы"""
41.983333587646484,74.75,СШ Средняя школа имени Сейдалы Медетова
41.993064880371094,74.69921875,СШ Средняя школа имени Акуна Садырбаева
41.97816467285156,74.82811737060547,"СШ Средняя школа ""Таш-Добо"""
41.93333435058594,74.55000305175781,"СШ Учреждение ""Средняя школа имени Отунчу Ногойбаева"""
41.92851257324219,74.51844024658203,СШ Средняя школа имени Мидина Алыбаева
41.929832458496094,74.5280990600586,"ШГ Учреждение ""школа-гимназия имени Т.Турсунбаевой"""
41.91208267211914,74.46932220458984,СШ Средняя школа имени Кекилик уулу Жолдошбек
42.000099182128906,74.78333282470703,СШ Средняя школа имени Калык Акыева
41.676666259765625,74.4451675415039,СШ Средняя школа имени Жусуп Сары уулу
41.6740837097168,74.46022033691406,СШ Средняя школа им.Н.К.Крупской
41.686767578125,74.46814727783203,СШ Средняя школа имени Ажыке Ибраимова
42.22679901123047,75.7858657836914,"СШ Учреждение ""Средняя школа имени Турсун Темировой"""
42.1817512512207,75.32524871826172,"СШ Учреждение ""Средняя школа имени Азиса Абдыкеримова"""
42.2401008605957,75.23591613769531,"СШ Учреждение ""Средняя школа имени Абылгазы уулу Ишеналы"""
42.210243225097656,75.25679779052734,"СШ Учреждение ""Средняя школа Кызыл-Добо"""
42.197601318359375,75.36426544189453,СШ Средняя школа имени Абдразака Жалпетекова
42.19393539428711,75.8169937133789,"СШ Учреждение ""Средняя школа имени Шапака Рысмендеева"""
42.212799072265625,75.75691986083984,школа-гимназия имени Нинакан Жундубаевой
42.21474838256836,75.76495361328125,"СШ Учреждение ""Средняя школа имени Капаpа Кыдыpалиева"""
42.21084976196289,75.7442855834961,"СШ Учреждение ""Средняя школа имени Калыгул Бай уулу"""
42.215431213378906,75.75231170654297,"Учреждение ""Школа-гимназия имени Ишенаалы Арабаева"""
42.1812858581543,75.77117156982422,"СШ Учреждение ""Средняя школа имени Сатаркула Исмаилова"""
42.198368072509766,75.896484375,"СШ Учреждение ""Средняя школа имени Сагынбай Оpозбак уулу"""
42.20591735839844,75.92391967773438,"СШ Учреждение ""Средняя школа имени Аблес уулу Алайдаp"""
42.22404479980469,75.54159545898438,"СШ Учреждение ""Средняя школа имени Кенешбека Мырзабекова"""
42.21364974975586,75.61188507080078,"СШ Учреждение ""Средняя школа имени Ак-Жар"""
42.31272506713867,75.43367767333984,"СШ Учреждение ""Средняя школа имени Осмона Айбашова"""
41.91904830932617,75.97603607177734,"СШ Учреждение ""Средняя школа имени Усена Бейшеева"""
41.966800689697266,75.76165008544922,"СШ Учреждение ""Средняя школа имени Шамена села Сары-Булак"" Кочкорского района"
42.233638763427734,75.73890686035156,"СШ Учреждение ""Средняя школа имени Шарыпбека Абдылдаева"""
42.24034881591797,75.82574462890625,"СШ Учреждение ""Средняя школа имени Арзымкана Бостонова"""
42.2008171081543,75.59545135498047,"СШ Учреждение""Средняя школа Чекилдек имени Кайыпа Темирова"""
42.26924514770508,75.21004486083984,СШ Средняя школа им.Кокобай Мамбеталиева
42.24191665649414,75.31341552734375,"СШ Учреждение ""Средняя школа имени Сагындыка Омуpбаева"""
42.1829833984375,75.65061950683594,"СШ Учреждение ""Средняя школа имени Турдакуна Усубалиева"""
42.20326614379883,75.47889709472656,СШ Средняя школа имени Корчубека Акназаpова
42.15119934082031,75.36090087890625,"СШ Учреждение ""Средняя школа Ак-Чий"""
42.171634674072266,75.46308135986328,"СШ Cредняя школа ""Ара-Кол"""
42.2144660949707,75.45845031738281,СШ Средняя школа им.У.Малтаваpова
42.15021514892578,75.5006332397461,СШ им Жунушалы кызы Сайнап
42.13876724243164,75.440185546875,"СШ Учреждение ""Средняя школа имени Абдуллы Качибекова"""
42.17124938964844,75.42036437988281,"СШ Учреждение ""Средняя школа имени Асыpанбека Мааткеpимова"""
42.199806213378906,75.65496826171875,"СШ Учреждение ""Средняя школа Сон-Кол"""
41.45421600341797,75.40206909179688,"СШ Учреждение ""Средняя школа имени Мурата Осмонова"""
41.48925018310547,75.34246826171875,Омор уулу Кожоке атындагы орто мектеби
41.44613265991211,75.44366455078125,"СШ Учреждение ""Средняя школа имени Садыкказы Мамбетова"""
41.449100494384766,76.24258422851562,"СШ Учреждение ""Средняя школа имени Омура Токтосунова"""
41.4376335144043,76.1847152709961,"СШ Учреждение ""Средняя школа имени Алыш"""
41.438865661621094,76.13603210449219,"СШ Учреждение ""Средняя школа имени Казалы Абирова"""
41.43894958496094,75.73596954345703,"СШ Учреждение ""Средняя школа имени Абылкасым Жутакеева"""
41.5755500793457,75.79083251953125,"СШ Учреждение ""Средняя школа имени Асанбека Табалдиева"""
41.465492248535156,75.78119659423828,"СШ Учреждение ""Средняя школа имени Рысбека Усубалиева"""
41.53575134277344,75.62850952148438,"СШ Учреждение ""Средняя школа имени Мамыткан Иманалиева"""
41.63151550292969,75.83881378173828,"СШ Учреждение ""Средняя школа имени Тугол уулу Усупбека"""
41.93740463256836,76.15050506591797,"СШ Учреждение ""Средняя школа имени Кылыча Рысмендиева"""
41.935302734375,76.32111358642578,"СШ Учреждение ""Средняя школа имени Баймонола Кыязова"""
41.5040283203125,76.04463958740234,"СШ Учреждение ""Средняя школа имени Т.Байбураева"""
41.49376678466797,75.87024688720703,"СШ Учреждение ""Средняя школа имени Актана Тыныбекова"""
41.47805404663086,75.85411834716797,"СШ Учреждение ""Средняя школа имени Токтогула Байсалова"""
41.529048919677734,75.90931701660156,"СШ Учреждение ""Средняя школа имени Жакыпа Омуралиева"""
41.569278717041016,75.89317321777344,СШ Средняя школа им.Жусупа Иманалиева
41.459251403808594,75.3758316040039,"СШ Учреждение ""Средняя школа имени Марата Кенжакунова"""
41.66682815551758,76.58891296386719,"СШ Учреждение ""Средняя школа имени Абышка Алсеитова"""
41.46760177612305,76.39897155761719,"СШ Учреждение ""Средняя школа имени Мамбет уулу Дурболон"""
41.49706268310547,76.4269790649414,"СШ Учреждение ""Средняя школа им.Мукаша Мамбетова"""
41.36066818237305,75.50758361816406,"СШ Учреждение ""Средняя школа имени Абдылда Аралбаева"""
41.38218307495117,75.36412048339844,"СШ Учреждение ""Средняя школа имени Э.Токсобаева"""
41.45601272583008,76.18492889404297,"СШ Учреждение ""Средняя школа им. Бекжанова Бейшенаалы """
41.45425033569336,76.21055603027344,"НШ Учреждение ""Начальная школа имени Кучукова Капара"""
41.44874954223633,76.1050796508789,"СШ Учреждение ""Средняя школа имени Мамбетакуна Бекмуратова"""
41.463600158691406,76.3150634765625,СШ Средняя школа им.М.Байдолотова
41.44223403930664,76.05738067626953,"СШ Учреждение ""Средняя школа имени Жолдона Саламатова"""
41.492698669433594,76.35820770263672,"НШ Учреждение ""Начальная школа ""Тош-Булак"""
41.417259216308594,75.66083526611328,СШ Средняя школа имени Жекшенбека Мамбетова
41.39186477661133,75.60755157470703,"СШ Учреждение ""Средняя школа имени Керимбай уулу Сарыбай"""
41.4370002746582,75.22416687011719,СШ Средняя школа Жылан-Арык им.Калыгула Жусупова
41.37788391113281,75.64098358154297,"СШ Учреждение ""Средняя школа имени Достук"""
41.42821502685547,75.9913330078125,СШ Средняя школа №1 имени Токтогула
41.42326736450195,75.96880340576172,СШ Средняя школа №8 имени А.Буйлаш уулу
41.42594909667969,76.04431915283203,СШ Средняя школа №10 им.Жапара Чолпонбаева
41.43036651611328,75.98771667480469,СШ Средняя школа №9 гоpода Hаpын
41.42828369140625,75.97041320800781,СШ Средняя школа №5 имени Кычана Жакыпова
41.426048278808594,76.01921844482422,Средняя школа №7 имени Матена Сыдыкова
41.42788314819336,76.00640106201172,"ШГ Общеобразовательное Учреждение ""школа-гимназия №2 имени В.П.Чкалова"""
41.42970275878906,75.92073059082031,"ЛЦ Учреждение ""Нарынская областная школа-лицей интернат имени академика Усон Асанова"""
39.749366760253906,70.97166442871094,СШ Средняя школа им.Ж.Эркенбаева
39.78166580200195,71.04389190673828,НШ Начальная школа Тунук-Суу
39.75901794433594,71.01888275146484,СШ Средняя школа им.З.Ормонова
39.749916076660156,70.9086685180664,СШ Средняя школа им.Турусбекова
40.12510681152344,70.90410614013672,СШ Средняя школа Жаны-Жер
40.12765121459961,70.90115356445312,"НШ Начальная школа ""Жаны-Жер"""
40.11406707763672,70.8420181274414,"СШ Средняя школа ""Чек"""
40.20305633544922,71.03055572509766,СШ Средняя школа им.Б.Нуралиева (сш.Ак-Турпак)
40.25956726074219,71.02863311767578,СШ Средняя школа им.Ж.Байжигитова
40.16033935546875,70.81456756591797,сш.им. Бото Hарматова
40.164031982421875,70.81587982177734,НШ Начальная школа им.Б.Байназарова
40.15583419799805,70.8192138671875,НШ Начальная школа им.Нажимидина Суйунова
40.10391616821289,70.74420166015625,СШ Средняя школа им.Масалиева
40.09953308105469,70.73870086669922,СШ Средняя школа им.К.Турмаматова
40.09698486328125,70.8233642578125,Средняя школа им. Сабира Момунова (с.Чет-Кызыл)
40.00341796875,70.83405303955078,"СШ Учреждение ""Средняя школа им.Ш.Токсонова"""
40.00061798095703,70.83585357666016,СШ имени Тажибая Мурзапарова
40.000816345214844,70.83686828613281,ШГ Учреждение Школа-гимназия  Бужун
39.94103240966797,70.93081665039062,СШ Средняя школа им.С.Эрматова (сш.Кара-Булак)
39.94077682495117,70.9346923828125,"СШ Средняя школа им. ""Закира Абдукаримова"""
39.89780044555664,71.10134887695312,СШ Средняя школа Таян
39.86778259277344,71.01913452148438,"СШ Средняя школа ""Газ"""
39.846622467041016,71.12004089355469,Средняя школа Кыштут
39.90454864501953,71.20674896240234,СШ Средняя школа им.Д.Акматова (сш.Сай)
39.89021682739258,71.04907989501953,СШ Средняя школа им.Э.Эркебаева
39.89698791503906,71.05184173583984,СШ Средняя школа им. А.Топчуева
40.05764389038086,70.82671356201172,СШ Средняя школа им.Салихова
40.0,70.55278015136719,СШ Средняя школа им.Осмонова
39.99480056762695,70.55166625976562,ШГ Самаркандекская школа-гимназия-интернат им.С.Кожобаевой
39.993770599365234,70.53656005859375,"НШ Учреждение Начальная школа ""Орто-Сай-Самаркандек"""
39.988075256347656,70.50718688964844,СШ Средняя школа им.К.Тагаева
39.98579406738281,70.54035949707031,СШ Средняя школа им.Кадыра
39.96274948120117,70.5072021484375,ОШ Общеобразовательная школа им.Гаипова
39.87806701660156,70.517333984375,СШ Средняя школа им.Б.Ходжаева (сш.Ак-Сай)
39.948551177978516,70.53690338134766,"СШ Средняя школа им. ""Шайдулла Ганы"""
39.94929885864258,70.52984619140625,"НШ Начальная школа ""Кок-Таш"""
39.951133728027344,70.48756408691406,"НШ Начальная школа ""Уч-Добо"""
39.95916748046875,70.49394989013672,СШ Средняя школа им.Т.Садыкова (сш.Ак-Татыр)
39.956993103027344,70.56871795654297,СШ Средняя школа им.Ж.Момунова
39.8836669921875,70.17205047607422,СШ Средняя школа Рават
39.99777603149414,71.07783508300781,"ГШ Учреждение ""Гимназия-школа ""Кара-Токой"" Баткенского района"""
40.00591278076172,71.09797668457031,СШ Средняя школа им.А.Жоробаева
39.99416732788086,71.10944366455078,"СШ Средняя школа имени ""К.Абдраимова"""
39.99583435058594,71.07833099365234,"СШ Учреждение ""Средняя школа имени ""Б.Акматова"" Баткенского района"""
40.00055694580078,71.10388946533203,СШ Средняя школа им.Б.Мергенова
39.94663619995117,70.99571228027344,НШ Начальная школа Айгул Таш
39.84455490112305,69.51591491699219,СШ Средняя школа им.Амир-Темура
39.83061218261719,69.52700805664062,СШ Средняя школа Исфана
39.84080505371094,69.53553009033203,СШ Средняя школа им.А.Hавои
39.83430480957031,69.51873779296875,Средняя школа им. Токтогула
39.83349609375,69.517822265625,Средняя школа им.Ю.А.Гагарина
39.835384368896484,69.53509521484375,СШ Средняя школа Ыссык-Кол
39.83345413208008,69.52474975585938,ГИ Гимназия-интернат №1 Лейлекского района
39.83314895629883,69.5381851196289,ШГ школа-гимназия-интернат №4 имени У.Маткаримова
39.807273864746094,69.6063232421875,"СШ Средняя школа им.""Казыева Кожояра"""
39.910118103027344,69.50786590576172,СШ Средняя школа им.Самата
41.02423095703125,73.08151245117188,НШ Начальная школа Беш-Бала
39.87053298950195,69.50883483886719,СШ Средняя школа им.Т.Жапарова
39.819217681884766,69.53109741210938,СШ Средняя школа Тайлан
39.79863739013672,69.5291976928711,"СШ Средняя школа ""Ак-Булак"""
39.88999938964844,69.36810302734375,Средняя общеобразовательная  школа в селе Ак-Суу
39.96843719482422,69.37115478515625,СШ Средняя школа им.Матмуратова (сш.Алга)
39.90510559082031,69.91024017333984,СШ Средняя школа им.Ю.Пулатова
39.905242919921875,69.91018676757812,СШ Средняя школа им.А.Шаматова
39.866390228271484,69.3808364868164,СШ Средняя школа Курулуш
40.028202056884766,69.81993103027344,СШ Средняя школа им.З.М.Бабура
39.99602508544922,69.84740447998047,СШ Средняя школа им.А.Бобохонова
40.05141067504883,69.74821472167969,СШ Учреждение Средняя школа им.А.Файзиева
40.02901840209961,70.9051513671875,НШ Начальная школа Лайли
40.14252853393555,70.86620330810547,"СШ Средняя школа им.А.Момунова (сш.""Эски-Овчу"")"
40.02623748779297,69.93885803222656,СШ Средняя школа им.М.Баетова (сш.Маргун)
39.9790153503418,69.90858459472656,СШ Средняя школа им.М.Юлдашева
40.032135009765625,70.08795928955078,СШ Средняя школа им.Ш.Ташполотова
40.00883483886719,70.00475311279297,НШ Начальная школа им Г.Усенова
40.0860481262207,69.93444061279297,ШГ школа-Гимназия № 3
39.88969039916992,69.9395523071289,Средняя школа имени К.Сабырова
39.867469787597656,70.05427551269531,СШ Средняя школа им.Б.Эралиева
39.87456512451172,70.09912109375,"СШ Средняя школа ""Лейлек"""
39.876670837402344,70.01081848144531,СШ Средняя школа Ак-Терек
39.838626861572266,70.01790618896484,СШ Учреждение Средняя школа имени Ормоша Сапарова
39.83855438232422,70.02865600585938,"СШ Средняя школа ""Катыран"""
39.84907531738281,70.01048278808594,"СШ Средняя школа ""Кой-Таш"""
39.830711364746094,70.03715515136719,"СШ Средняя школа ""Эпкин"""
39.841400146484375,70.00958251953125,ШГ школа-гимназия №5 Лейлекского района
39.79829788208008,69.9191665649414,"СШ Средняя школа ""Жаны-Турмуш"""
39.76993179321289,70.0655517578125,"СШ Средняя школа ""Озгоруш"""
39.75277328491211,70.0428695678711,"НШ Начальная школа ""Асти-Добут"""
40.038204193115234,71.60013580322266,Средняя школа им.В.И.Ленина
40.10324478149414,69.65045928955078,СШ Средняя школа им.Таир Жолдошева
40.00204849243164,69.57608795166016,СШ Средняя школа Булак-Башы
40.08654022216797,69.56822204589844,СШ Средняя школа Бел-Алма
40.102813720703125,69.5987777709961,СШ Средняя школа им.И.Раззакова
39.7599983215332,69.47016906738281,СШ Средняя школа Андарак
39.764320373535156,69.46354675292969,СШ Средняя школа Андарак-2
39.77635955810547,69.46492004394531,СШ Средняя школа им.Манаса
39.742183685302734,69.39061737060547,СШ Средняя школа им.Х.Боронбаева (сш.Кок-Таш)
39.735572814941406,69.39544677734375,СШ Средняя школа им.Б.Саттаркулова (сш.Кызыл-Жылдыз)
39.69722366333008,69.37027740478516,ООШ Общая основная школа Дейноо
39.78604507446289,69.43415832519531,СШ Средняя школа Сары-Добо
39.85507583618164,69.73279571533203,СШ Средняя школа Тогуз-Булак
39.79846954345703,69.65409088134766,СШ Средняя школа им. Н.Батырова
39.84519958496094,69.64611053466797,СШ Средняя школа Кара-Булак
39.84435272216797,69.76271057128906,СШ Средняя школа Маданият
39.82466125488281,69.69866180419922,СШ Средняя школа Жаш-Тилек
39.947330474853516,71.33651733398438,СШ Средняя школа №7 им.Фирдоуси
39.943931579589844,71.3429183959961,СШ Учреждение Средняя школа №19 им.Батырбека Садыкова
39.94203186035156,71.34343719482422,"СШ Средняя школа №20 имени ""Орозбая Маканова"""
40.12642288208008,71.72810363769531,СШ Учреждение Средняя школа №17 имени А.Масалиева
40.09967803955078,71.7174072265625,"НСШ Неполная средняя школа ""Жийделик"""
40.1351318359375,71.72395324707031,"ШЛ Учреждение ""Кадамжайская районная школа-лицей"""
40.140689849853516,71.7281494140625,"ШГ школа-гимназия №5 им.""Б.Айтматова"""
40.19051742553711,71.05261993408203,"СШ Средняя школа №38 имени ""Ш.Жээнбаева"""
40.257930755615234,71.10008239746094,"СШ Средняя школа №28 им.О.Абдырахманова (сш.""Бурганды"")"
40.149532318115234,71.07992553710938,СШ Средняя школа №24 Кызыл-Коргон
40.29276657104492,71.23563385009766,"НСШ Неполная средняя школа №78 ""Жаштилек"""
40.27497100830078,71.17194366455078,СШ Средняя школа им.А Торалиева
41.048561096191406,72.31194305419922,"НШ Начальная школа ""Мин-Чынар"""
40.236568450927734,71.50213623046875,"СШ Средняя школа имени ""М.Горького"""
40.2371826171875,71.48741912841797,"СШ Средняя школа ""Орнок"""
40.23347854614258,71.50721740722656,"НШ Начальная школа ""АРИС"""
40.23735427856445,71.45269775390625,"СШ Средняя школа ""Адыр"""
40.152400970458984,71.45633697509766,"СШ Средняя школа ""Шыбран"""
40.25669479370117,71.5047378540039,СШ Средняя школа №46 Чукуркыштак
39.94463348388672,71.26029968261719,"СШ Средняя школа ""29 имени ""А.Шамурзаева"""
39.952301025390625,71.23228454589844,"СШ Средняя школа им ""А.Солтонова"""
39.9290885925293,71.32649993896484,"СШ Средняя школа №31 имени ""Б.Алыкулова"""
39.928955078125,71.24079132080078,"Неполная средняя школа ""Моло"" Кадамжайского района"
39.911048889160156,71.23905181884766,"СШ Средняя школа №30 Сырт имени ""О.Тешебаева"""
39.9461669921875,71.21814727783203,"СШ Средняя школа №37 ""1 мая"""
39.951717376708984,71.30227661132812,"СШ Средняя школа ""54 ""ЭШМЕ"""
40.235984802246094,72.0334701538086,"СШ Средняя школа №43 имени ""З.М.Бобура"""
40.170249938964844,72.0920181274414,"СШ Средняя школа ""2 имени ""Амир Темура"""
40.2310676574707,71.99929809570312,"СШ Средняя школа №9 имени ""А.Орозбекова"""
40.226593017578125,72.04995727539062,"СШ Средняя школа имени ""Т.Мадарипова"""
40.2278938293457,72.0013656616211,"СШ Учреждение Средняя школа имени ""Т.Исмаилова"""
40.17414855957031,72.08155059814453,"СШ Средняя школа имени ""Козубай"""
40.04683303833008,71.74042510986328,"СШ Средняя школа №4 имени ""Коксал Топтан"""
40.035301208496094,71.75067901611328,ШГ Учреждение школа-гимназия №37 имени Молдо Нияза
40.01261901855469,71.46019744873047,"НШ Учреждение Начальная школа имени ""Амана Жалилова"""
40.048370361328125,71.88300323486328,"СШ Средняя школа ""59 имени ""Х.Жаныбекова"""
40.118350982666016,72.08849334716797,"СШ Средняя школа ""Дыйкан"""
40.11781692504883,72.10008239746094,"СШ Средняя школа ""56 имени ""С.Тажибаева"""
40.04048156738281,72.08678436279297,СШ Средняя школа № 48 им. М.Таирова
40.066650390625,72.08838653564453,"СШ Средняя школа №11 ""Исфайрам"""
40.23054504394531,71.98186492919922,"СШ Средняя школа №47 имени ""А.Темирбаева"""
40.254947662353516,71.97660827636719,"СШ Средняя школа имени ""У.Исакова"""
40.23764419555664,71.92617797851562,"СШ Средняя школа ""Сары-Алтын"""
40.23917770385742,71.91495513916016,"СШ Средняя школа №25 имени ""АЙРЫБАЗ"""
40.24195098876953,71.90245056152344,"СШ Средняя школа №53 имени ""Мирзо Улугбека"""
40.241798400878906,71.89765930175781,"СШ Средняя школа №67 ""Кыргызстандын 10-жылдыгы"""
40.231224060058594,71.99215698242188,"СШ Средняя школа ""Арпа-Сай"""
40.20991897583008,71.87735748291016,"СШ Средняя школа №81 ""А.Орозбековдун 120 жылдыгы"
40.23732376098633,71.8612289428711,"СШ Средняя школа №41 имени ""Сатарова Кудайкула"""
40.24136734008789,71.87055206298828,"СШ Средняя школа им. ""Саид Баюми"""
40.06159973144531,71.68768310546875,"СШ Средняя школа №34 имени ""С.Тешеева"""
40.070350646972656,71.7125473022461,СШ Средняя школа им.Д.Сыдыкова (Учкун)
40.05653381347656,71.67019653320312,"ШГ школа-гимназия №3 ""Охна"""
40.227783203125,72.05381774902344,СШ Средняя школа №6 имени А.С.Пушкина Кадамжайского района
40.222267150878906,72.06651306152344,"СШ Средняя школа ""26 ""А.Жомий"""
40.24100112915039,72.06258392333984,"СШ Средняя школа ""44 ""Дружба"""
40.242794036865234,72.0522689819336,"СШ Средняя школа №15 имени ""С.Айни"""
40.2335319519043,72.05394744873047,"СШ Средняя школа №16 ""А.Рудаки"""
40.255130767822266,72.03309631347656,"СШ Средняя школа №75 имени ""М.Курбанова"""
40.132991790771484,72.0322494506836,"ШИ Учреждение ""Уч-Коргонская специальная общеобразовательная (вспомогательная) школа-интернат """
40.255882263183594,72.09766387939453,"СШ Средняя школа ""Манас -Ата"""
40.271915435791016,72.054931640625,"СШ Средняя школа ""33 имени ""А.Навои"""
40.26527404785156,72.09688568115234,"СШ Средняя школа ""27 имени ""Бахтияра Рузиматова"""
40.25826644897461,71.64373016357422,СШ Средняя школа Ынтымак
40.21098327636719,71.63639831542969,"СШ Учреждение Средняя школа №1 имени ""Токтогула"" Кадамжайского района"
40.2633171081543,71.66801452636719,СШ Средняя школа Достук
40.18296813964844,71.68453979492188,СШ Средняя школа №51 им. Н.Ирисова (Таш-Добо)
40.19763946533203,71.65465545654297,СШ Средняя школа №50 им.Примова
40.21712875366211,71.6384506225586,"НСШ Неполная средняя школа имени ""Х.Сабирова"""
40.20936584472656,71.58758544921875,СШ Средняя школа Hоогардан
40.309234619140625,71.34538269042969,СШ Средняя школа №14 им.Тургунова
40.298099517822266,71.2757568359375,"НСШ Неполная средняя школа имени ""Мийман Миталипова"""
40.167667388916016,71.31043243408203,СШ Средняя школа №21 Кан
40.131649017333984,72.14969635009766,"СШ Средняя школа №18 имени ""Б.Кулбаева"""
40.05751037597656,70.81974029541016,"ШИ ""Художественная школа-интернат"" при Академии художеств Кыргызской Республики имени академика Т.Сыдыкова в городе Баткен Баткенской области"
40.06061553955078,70.82486724853516,СШ Средняя школа им.Ленина
40.054378509521484,70.82364654541016,"СШ Средняя школа ""С. Огата"""
40.0582160949707,70.81891632080078,Средняя школа им.Ж.Боконбаева
40.0598030090332,70.82070922851562,"ШГ Учреждение ""Баткенская областная школа-гимназия-интернат"""
40.04496383666992,70.80847930908203,СШ Средняя школа Кызыл-Жол
40.038917541503906,70.81251525878906,НШ Начальная школа Кызыл-Жол
40.07735061645508,70.81193542480469,"СОШ Учреждение ""Средняя школа имени ""С.Айтматова"" города Баткен"""
39.93440628051758,69.55974578857422,СШ Средняя школа №5 им.Турсуна Рустамова
39.92365264892578,69.62686920166016,СШ №4 им Р. Жолбаева
39.934600830078125,69.58004760742188,СШ Средняя школа №3 им.М.Т.Ибрагимова
39.92365264892578,69.62181091308594,СШ Средняя школа №8 им.Бектемирова
39.93799591064453,69.57157897949219,СШ Средняя школа №1 им.Ленина
39.92491149902344,69.57135009765625,ЛЦ Общеобразовательный технический лицей 2 им Токтогула г.Сулюкта
39.92247772216797,70.0000991821289,"ШИ Учреждение ""Сулюктинская специальная общеобразовательная(вспомогательная) школа-интернат"""
39.91948318481445,69.65630340576172,ШГ Общеобразовательная школа-гимназия №9 им.Н.Кушматова
39.92422866821289,69.63188171386719,СШ Средняя школа №7 им.Раззакова
39.97653579711914,69.55390930175781,СШ Средняя школа №6 им.А.Каимкулова
40.25027847290039,72.1500015258789,СШ Средняя школа 7 им.Т.Иметова
40.2540168762207,72.14024353027344,СШ Средняя школа №6 им.Токтогула
40.25858688354492,72.10747528076172,СШ Средняя школа 5 им.Ч.Т.Айтматова
40.266666412353516,72.14360809326172,СШ Средняя школа №4 им.Пушкина
40.25852966308594,72.1561050415039,СОШ Общеобразовательная начальняя школа №3
40.26533508300781,72.12854766845703,Средняя школа №2 имени 50-летия Кыргызстана
40.20125198364258,72.1234130859375,СШ Учреждение Средняя школа №1 им.Д.М.Карбышева
40.266666412353516,72.14111328125,"СОШ Учреждение ""Общеобразовательная средняя школа №13 имени Испана Абдрахманова"""
40.26252746582031,72.13333129882812,СШ Средняя школа №8 им.Навои
40.10422134399414,71.357421875,сш№11 им М. Куренкеева
40.236289978027344,72.0,СШ Средняя школа №10 им.Гайдара
40.276668548583984,72.12527465820312,СШ Средняя школа №9 им.У.Гулматова
40.276668548583984,72.17472076416016,НСШ Hеполная средняя школа 12 им.Осмонова
40.01585006713867,73.49923706054688,СШ Средняя школа №3 имени Токтогула
40.08440017700195,73.58769989013672,СШ Средняя школа № 14 имени В.И.Ленина
39.981380462646484,73.48983001708984,НШ Начальная школа №51 имени Манаса Абдразакова
39.98631286621094,73.52918243408203,НШ Начальная школа №50 Колдук
40.05480194091797,73.54521942138672,НШ Начальная школа №49 Таргалак
40.0139045715332,73.56006622314453,СШ Средняя школа №11 имени К.Султанова
39.89623260498047,73.47473907470703,СШ Средняя школа №13 имени Базарбая Абжапарова
40.282020568847656,73.5628890991211,СШ Средняя школа №30 имени Жээнкул Кыпыева
40.267059326171875,73.52682495117188,№48 Будалык башталгыч мектеби
40.29523468017578,73.54353332519531,"СШ Средняя школа №32 ""Кум-Шоро"""
40.25983810424805,73.58229064941406,СШ Средняя школа №31 имени Жолдоша Бубаева
40.19379806518555,73.63150787353516,СШ Средняя школа №36 имени Бакира Нарматова
40.17291259765625,73.60194396972656,СШ Средняя школа №38 имени Жибека Исаевой
40.169525146484375,73.63813018798828,СШ Средняя школа №36 имени Абдилламита Арзиева
40.31253433227539,73.44889831542969,ШГ Учреждение школа-гимназия №2 имени Тапыка Отунчиева
40.12757110595703,73.33920288085938,СШ Средняя школа №5 имени Парманаса
40.31351089477539,73.44442749023438,ШИ школа-интернат №4 имени Кадырмамат уулу Абдыразака
40.31489944458008,73.43513488769531,ШГ школа-гимназия № 1 имени Муса Адышева
40.26748275756836,73.41753387451172,СШ Средняя школа №6 имени Бодош Аданбаевой
40.24654769897461,73.37370300292969,Средняя школа №12 имени Илияза Адишева
40.28215789794922,73.47821044921875,СШ Средняя школа №7 имени Сары Молдокулова
40.276275634765625,73.42752838134766,СШ Средняя школа №9 имени Аттокура Ысманова
40.27427291870117,73.42667388916016,ОШ Основная школа №10 имени Апыша Мадалиева
40.336544036865234,73.57029724121094,СШ Средняя школа №19 имени Курманжан Датки
40.32937240600586,73.65855407714844,СШ Средняя школа № 21 имени Сатиева Шамши
40.33790588378906,73.46077728271484,СШ Средняя школа № 22 имени Сабира Торошева
40.34016799926758,73.55528259277344,ОШ Основная школа №46 имени Аматжана Бейшеева
40.320404052734375,73.60702514648438,Средняя школа № 20 имени Камала Турганбаева
40.3380241394043,73.38713073730469,СШ Средняя школа № 23 имени Мамата Ташиева
40.355255126953125,73.38945007324219,"СШ Средняя школа № 24 ""Арпа-Тектир"""
40.36098098754883,73.28050994873047,СШ Средняя школа №25 имени Эшкул Мурзаева
40.360313415527344,73.3008041381836,"НШ Начальная школа ""Кунгой"""
40.38291549682617,73.41778564453125,Средняя школа №26 имени Абдиаким Бекташова
40.37638473510742,73.45466613769531,СШ Средняя школа №29 имени Келдибая Тайчабарова
40.388771057128906,73.48927307128906,ОШ Основная школа № 45 имени Маданбека Маназарова
40.39087677001953,73.50386810302734,СШ Средняя школа №27 имени Жоро Алимова
40.37104797363281,73.40755462646484,СШ Средняя школа №28 имени Жээнали Орозова
40.02918243408203,73.51029968261719,"НШ Начальная школа №47 ""Тоо Ашкан"""
40.14177703857422,73.50662994384766,СШ Средняя школа №35 имени Сатара Карыева
40.15608215332031,73.46198272705078,СШ Средняя школа № 34 имени Амата Жээнбекова
40.4068717956543,72.58390045166016,Средняя школа №33 имени Сарбана Жаанбаевааанбаева
39.70219421386719,72.97054290771484,СШ Средняя школа №41 имени Санталат Умарходжаевой
39.68483352661133,73.07740783691406,"ОШ Основная школа № 44 ""Арча-Булак"""
39.67641830444336,72.88771057128906,СШ Средняя школа № 53 имени Харыбека Алимсеитова
39.874942779541016,73.36766815185547,СШ Средняя школа № 15 имени Токтомамата Жумабаева
39.811439514160156,73.24078369140625,СШ Средняя школа № 18 имени Абдурашита Тукеева
39.85784912109375,73.2833480834961,СШ Средняя школа №17 имени Кызыл-Алай
39.8869514465332,73.32421875,"СШ Средняя школа №16 ""Маданият"""
40.578887939453125,72.93840026855469,СШ Средняя школа №42 имени Самата Ашимова
39.74808120727539,73.84300231933594,СШ Средняя школа №43 имени Ибрагима Умарова
39.72673416137695,73.25431823730469,СШ Средняя школа № 39 имени Келдибая Эсенова
39.643550872802734,73.87283325195312,СШ Средняя школа № 40 имени Ысабека Мону
40.5095329284668,72.5076675415039,СШ Средняя школа №15 имени Захриддина Бабура
40.517818450927734,72.50626373291016,СШ Средняя школа №22 имени Абдулхамида Кадырова
40.51874923706055,72.54351806640625,СШ Средняя школа №36 имени Торокула Айтматова
40.53278350830078,72.51846313476562,СШ Средняя школа №30 имени Хайтбая Анарова
40.403167724609375,72.1017837524414,СШ Средняя школа №20 имени Ибрагима Исаева
40.48270034790039,72.56303405761719,ОШ Основная школа № 34 имени Пазыла Абылкасымова
40.49238204956055,72.49864959716797,СШ Средняя школа № 18 имени Манаса
40.51936721801758,72.49542999267578,СШ Средняя школа № 19 им. Салижана Шарипова
40.50994873046875,72.50431823730469,СШ Средняя школа № 3 им. А.Навои
40.5184440612793,72.50238800048828,СШ Средняя школа № 13 им. Хабиба Абдуллаева
40.51675033569336,72.49378204345703,"НШ Начальная школа №45 ""Бирлик"""
40.51374816894531,72.4874496459961,СШ Средняя школа № 50 имени Азамхана Сайдахматова
40.45386505126953,72.57077026367188,СШ Средняя школа №2 имени Амана Эгенова
40.46443176269531,72.55548095703125,СШ Средняя школа № 33 имени Асана Эшенкулова
40.42918395996094,72.58526611328125,СШ Средняя школа № 21 им. Насирдина Исанова
40.5,72.66666412353516,СШ Средняя школа №10 имени Токтогула
40.49179458618164,72.66580963134766,"ОШ Основная школа № 47 имени ""Эргеша Кебекбаева"""
40.48001480102539,72.6744155883789,СШ Средняя школа № 31 им. Татыша Бекенова
39.94963455200195,72.80165100097656,СШ Средняя школа №25 имени Тургунбая Осмонова
40.55875015258789,72.6856689453125,"СШ Средняя школа № 14 ""Чогом"""
40.59758377075195,72.38998413085938,СШ Средняя школа №29 имени Абдурашида Саламова
40.65041732788086,73.06976318359375,ШГ школа-гимназия № 2 имени Мухаммад Саида
40.59495162963867,72.38821411132812,Средняя школа №1 имени Сайлыкан Маткасымова
40.5933837890625,72.40170288085938,ОШ Основная школа №35 имени А.Тохтобаева
40.61166763305664,72.38999938964844,Основная  школа № 53 Гулистан
40.54853439331055,72.44000244140625,СШ Средняя школа №36 Эрке-Кашка
40.597415924072266,72.39405059814453,СШ Средняя школа №7 имени Моминжана Умарова
40.581398010253906,72.3919448852539,СШ Средняя школа №26 имени Муса Каратаева
40.60163497924805,72.41097259521484,Основная школа №37 имени Каримкула Мухамедова
40.567771911621094,72.40522766113281,СШ Средняя школа №8 имени Мадамина Назарова
40.60017776489258,72.36690521240234,СШ Средняя школа №9 Бостон
40.57787322998047,72.42826843261719,СШ Средняя школа № 6 имени Зухрахан Розахуновой
40.55913162231445,72.46385192871094,СШ Средняя школа № 27 имени Амира Темура
40.37620544433594,72.20294189453125,СШ Средняя школа №12 имени Мамадияра Кадырова
40.4456672668457,72.20670318603516,СШ Средняя школа № 28 имени Арыпа Сыдыкова
40.406856536865234,72.19959259033203,"ГИ Гимназия-интернат №1 ""Тоомоюн"""
40.42238235473633,72.19001770019531,"ОШ Основная школа № 46 ""Кызыл-Талаа"""
40.444915771484375,72.2401351928711,СШ Средняя школа № 24 имени Базарбая Жээналиева
40.451229095458984,72.23529815673828,СШ Средняя школа № 41Достук
40.396385192871094,72.09823608398438,СШ Средняя школа № 16 имени Жакшыбая Абдуллаева
40.391666412353516,72.09458923339844,ОШ Основная школа № 55 имени Карыбека Абдыкалыкова
40.45976638793945,72.18406677246094,Учреждение Средняя школа  имени Кабыл Асанова №11
40.379150390625,72.2184829711914,"НШ Начальная школа № 49 ""Сары-Таш"""
40.431365966796875,72.14228057861328,"ОШ Основная школа № 43 ""Сырт"""
40.50876998901367,72.4394760131836,СШ Средняя школа № 4 имени Мирзо Улукбека
40.50767517089844,72.44950103759766,"ШИ Учреждение ""школа интернат имени ""Арипжана Тургунова"""
40.507232666015625,72.44906616210938,ЛЦ Чек-Абадский технический лицей №2
40.51958465576172,72.45162963867188,СШ Средняя школа № 5 имени Толона Исмаилова
40.51279830932617,72.38761901855469,ОШ Основная школа № 52 имени Аманхана Орозова
40.51188278198242,72.41693115234375,СШ Средняя школа № 17 имени Тойчу Кочубаева
40.71010971069336,72.88591766357422,Основная школа №17 имени Хафиза Турсунова
40.707183837890625,72.88915252685547,СШ Средняя школа №67 имени Захриддина Мухаммада Бобура
40.70668411254883,72.87734985351562,СШ Средняя школа № 66 имени Владимира Ильича Ленина
40.704132080078125,72.86488342285156,СШ Средняя школа № 68 имени Каримжана Рахимова
40.708248138427734,72.8922348022461,ГИ Гимназия-интернат № 61 для одаренных детей им.К.Джакыпова
40.70966720581055,72.86676788330078,ОШ Основная школа №134
40.706424713134766,72.87859344482422,СШ Средняя школа № 112 имени Манаса
40.66941833496094,72.81226348876953,СШ Средняя школа № 74 имени Артыкбая Шеркулова
40.666900634765625,72.78582000732422,Образовательный комплекс № 105 имени Токтомуса Алимбекова
40.64271545410156,73.11956787109375,Основная школа № 127
40.64118194580078,72.88923645019531,СШ Средняя школа № 70 имени Ибрагима Кулбаева
40.59672927856445,73.12324523925781,"СШ Средняя школа № 4 ""Ак-Терек"""
40.69001007080078,73.11779022216797,СШ Средняя школа № 89 имени Бусары Абдрахмановой
40.20610046386719,72.93818664550781,СШ Средняя школа № 73 имени Токтогула
40.65918731689453,73.02557373046875,"ОШ Основная школа № 59 ""Бирдик"""
40.62558364868164,72.8805160522461,"СШ Средняя школа №43 ""Агартуу"""
40.61524963378906,72.8646011352539,"СШ Средняя школа № 29 ""Гайрат"""
40.62630081176758,72.90287017822266,"СШ Средняя школа № 36 ""Зарбалик"""
40.640384674072266,72.87010192871094,СШ Средняя школа № 44 имени Абдрамана Сматова
40.66858673095703,72.8899917602539,"ОШ Основная школа №137 ""Коммунизм"""
40.6239013671875,72.92618560791016,"СШ Средняя школа №30 ""Кызыл-Сарай"""
40.60051727294922,72.89794158935547,"СШ Средняя школа № 42 ""Маданият"""
40.610816955566406,72.91864776611328,СШ Средняя школа № 41 имени Т. Бердибекова
40.659751892089844,72.9266357421875,"СШ Средняя школа № 10 ""Питомник"""
40.50775146484375,72.96746826171875,СШ Средняя школа № 96 имени Насыра Примбердиева
40.59120178222656,73.12126922607422,СШ Средняя школа № 111 имени Алыкула Осмонова
40.385066986083984,72.98706817626953,СШ Средняя школа № 32 Орозбека Кожошева
40.306373596191406,73.22418212890625,СШ Средняя школа № 64 имени Исраила Сулайманова
40.4135856628418,72.99262237548828,"СШ Средняя школа № 53 ""Кызыл-Ордо"""
40.617034912109375,73.02622985839844,СШ Средняя школа № 107 имени Аманбая Жунусова
40.571449279785156,73.02491760253906,СШ Средняя школа № 109 имени Абдыразака Муратова
40.386783599853516,73.06966400146484,СШ Средняя школа № 108 имени Темирбай Шамырбек уулу
40.61201477050781,72.82486724853516,СШ Средняя школа № 122
40.61786651611328,72.82283020019531,СШ Средняя школа № 51 имени Юрия Алексеевича Гагарина
40.6290168762207,72.8318862915039,СШ Средняя школа № 83 имени Алишера Навои
40.35295104980469,73.14022827148438,СШ Средняя школа № 37 имени Туголбая Сакыева
40.651451110839844,73.03952026367188,СШ Учреждение средняя школа №85 имени Сооронбая Жусуева
40.64168167114258,72.8160629272461,СШ Средняя школа № 21 имени Топчубая Юнусова
40.63383483886719,72.78717041015625,СШ Учреждение средняя школа №82 имени Абилаза Эшматова
40.621700286865234,72.78375244140625,ШИ Общеобразовательная школа-интернат №118 имени Дадана Султанова
40.54063415527344,72.78170013427734,Комплекс профильной школы-гимназии № 65 имени Муродхона Сабирова
40.53616714477539,72.77469635009766,ОШ Основная школа № 110 имени Мамахана Газиева
40.55503463745117,72.77230072021484,ОШ Основная школа № 106 имени Айбека
40.55826187133789,72.68594360351562,СШ Средняя школа № 20 имени Насыров Ырысбай
40.56153869628906,72.76103210449219,СШ Средняя школа № 24 имени Оморбек Датка
40.578086853027344,72.74512481689453,"ОШ Основная школа № 123 ""Суро-Таш"""
40.55363464355469,72.71593475341797,СШ Средняя школа № 25 имени Турсунбая Омурзакова
40.54293441772461,72.71389770507812,СШ Средняя школа №98 имени М.Маматалиева
40.5263786315918,72.75579071044922,СШ Средняя школа № 117 имени Камила Маткеримова
40.52432632446289,73.03484344482422,СШ Средняя школа № 52 имени З. Торобекова
40.44507598876953,73.2471923828125,СШ Средняя школа №78 имени Насирдина Бапыгулова
40.440250396728516,73.25531768798828,СШ Средняя школа № 104 имени Сайитбека Нышанбаева
40.557350158691406,72.87638854980469,ШГ Инновационная школа-гимназия комплекса № 87 имени Сыдык Алайчы уулу
40.53447723388672,72.94584655761719,ОШ Основная школа № 23 Кызыл-Тал
40.55073928833008,72.88550567626953,"СШ Средняя школа № 33 ""III-Интернационал"""
40.573543548583984,72.93761444091797,"ОШ Основная школа № 26 ""Жоош"""
40.573917388916016,72.90560150146484,СШ Средняя школа № 40 имени Бектемира Азизова
40.28110122680664,73.09576416015625,"СШ Средняя школа № 35 ""Лаглан"""
40.54046630859375,72.94210052490234,"ШГ школа-гимназия, УВК Учебно-воспитательный комплекс № 86 имени Курманжан Датки"
40.53653335571289,72.90029907226562,СШ Средняя школа № 22 имени Бегай Лапин кызы
40.58226776123047,72.91878509521484,"СШ Средняя школа № 97 ""Учкун"""
40.550533294677734,72.93171691894531,СШ Средняя школа №130 имени Шабы Жумаева
40.597389221191406,72.79473876953125,УВК Учебно-воспитательный комплекс школа-гимназия №69 имени Чынгыза Айтматова
40.59101486206055,72.81636810302734,СШ Средняя школа №57 имени Турсунали Сулайманова
40.61610412597656,72.76746368408203,"ОШ Основная школа № 93 ""Алим-Тепе"""
40.301971435546875,73.03720092773438,"СШ Средняя школа № 92 ""Беш-Мойнок"""
40.586448669433594,72.76290130615234,"СШ Средняя школа № 81 ""ВЛКСМ"""
40.567081451416016,72.77801513671875,ОШ Основная школа №138 имени Мырза Турсунзаде
40.5546989440918,72.78582000732422,СШ Средняя школа № 80 имени Хабибулло Тажиматова
40.514549255371094,73.01848602294922,СШ Средняя школа № 39 имени Султанова Адилбека
40.58991622924805,72.81114959716797,"СШ Средняя школа №76 ""Эркин Кыргызстан"""
40.61869812011719,72.81024932861328,"СШ Средняя школа № 103 ""Кызыл-Мехнат"""
40.403167724609375,73.1017837524414,Средняя школа №38 имени Жумабая Култаева
40.58601760864258,72.7802505493164,СШ Средняя школа №15 имени Хакимжана Мирзажанова
40.553932189941406,72.79638671875,СШ Средняя школа №79 имени Чолпон
40.60813522338867,72.81887817382812,СОШ Общеобразовательная средняя школа №18 имени Розивая Халбаева
40.592864990234375,72.96675109863281,СШ Средняя школа №12 Отуз-Адыр
40.60245132446289,72.95960235595703,СШ Средняя школа №75 имени Медета Жаманкулова
40.65435028076172,72.94100189208984,СШ Средняя школа № 9 имени Мамасалы Тешебаева
40.575016021728516,72.99263000488281,СШ Средняя школа № 55 имени Камчыбека Зулпиева
40.60631561279297,72.98018646240234,СШ Средняя школа №102 имени Мамата Тешебаева
40.70392608642578,72.95344543457031,"СШ Средняя школа №11 имени ""Атабаева Жоош"""
40.65016555786133,72.9754638671875,"СШ Средняя школа № 63 ""70 лет Октября"""
40.68373489379883,73.00363159179688,СШ Средняя школа № 95 имени К. Жантошева
40.62026596069336,73.01898193359375,ОШ Основная школа № 120
40.663490295410156,73.0191650390625,ОШ Основная школа №136 имени Сатыбалды Карыбекова
40.701499938964844,72.97163391113281,СШ Средняя школа № 3 имени Насирдина Исанова
40.6195182800293,73.00105285644531,СШ Средняя школа № 8 имени Абдураима Кулботоева
40.734214782714844,72.9758529663086,ОШ Основная школа №128 имени Тентибая Кадырбаева
40.70024871826172,72.95528411865234,ОШ Основная школа № 13 имени Саида Бекмуратова
40.297916412353516,72.99836730957031,СШ Средняя школа № 88 имени Маматазима Заирова
40.241092681884766,72.9767837524414,СШ Средняя школа №113 имени Айбаша Семетеева
40.354434967041016,72.96278381347656,СШ Средняя школа №90 имени Арзыбая Саипова
40.017005920410156,72.9604721069336,"СШ Средняя школа № 114 ""Кара-Гур"""
39.95746612548828,72.95099639892578,СШ Средняя школа №34 имени Султана Ибраимова
40.263301849365234,72.98497009277344,СШ Средняя школа №91 имени Эргеша Алыкулова
40.32524871826172,72.98536682128906,ОШ Основная школа № 121 имени Жээналы Шериева
40.72273635864258,72.93390655517578,СШ Средняя школа №72 имени Хайтахуна Таширова
40.70414733886719,72.92030334472656,СШ Учреждение средняя школа №56 Кен-Сай
40.703399658203125,72.93903350830078,"СШ Средняя школа № 50 ""50 летия пионерии"""
40.72508239746094,72.95706939697266,"СШ Средняя школа № 48 ""Кыдырша"""
40.696224212646484,72.9183578491211,СШ Средняя школа № 47 имени Сапарбека Аристанбекова
40.755516052246094,73.00391387939453,СШ Средняя школа № 14 имени Жусупа Турусбекова
40.74283218383789,72.97411346435547,СШ Средняя школа № 100 имени Санабар Бахаповой
40.70253372192383,72.8819351196289,СШ Средняя школа №71 имени Айдара Рахманалиева
40.6813850402832,72.89778137207031,УВК Учебно-воспитательный комплекс школа-гимназия №46 имени Садыка Маматова
40.6640625,72.8929672241211,ШИ Кара-Суйская специальная общеобразовательная школа-интернат для глухих детей
40.75386047363281,73.00763702392578,ОШ Основная школа № 131
40.65961456298828,72.90299987792969,СШ Средняя школа № 2 Нооса Калмурзаева
40.68754959106445,72.859130859375,СШ Средняя школа № 49 имени Эрнеста Тельмана
40.50713348388672,72.72979736328125,СШ Средняя школа № 31 имени Орунбая Курбанбаева
40.44918441772461,72.85546875,"СШ Средняя школа № 58 ""Ак-Буура"""
40.43450164794922,72.85676574707031,СШ Средняя школа № 99 имени Нурлана Сайдиева
40.49094772338867,72.78887939453125,"СШ Средняя школа № 28 ""Учар"""
40.54859924316406,72.8178482055664,СШ Средняя школа № 77 имени Хамзы
40.549983978271484,72.80975341796875,СШ Средняя школа № 16 имени Абу Али ибн Сино
40.5552978515625,72.8226089477539,"СШ Средняя школа № 125 ""Боболашкар"""
40.57709884643555,72.82613372802734,ОШ Основная школа № 132
40.5621337890625,72.81806945800781,СШ Средняя школа № 84 имени Абдурашита Парпиева
40.53708267211914,72.81291961669922,СШ Средняя школа № 94 имени Алтыбаева Тойчу
40.537601470947266,72.84273529052734,СШ Средняя школа №101 имени Кумар Момбековой
40.534732818603516,72.8321533203125,СШ Средняя школа № 124
40.58343505859375,72.8550796508789,СШ Средняя школа №19 имени Тешебая Мусаева
40.426631927490234,73.08966064453125,"ОШ Основная школа № 27 ""Топ-Терек"""
40.26241683959961,72.62466430664062,СШ Средняя школа имени Абдурасула Абдувоитова
40.27394485473633,72.61164855957031,СШ Средняя школа имени Хашимжона Самиева
40.263633728027344,72.63873291015625,СШ Средняя школа имени Абдусаттара Абдуллаева
40.25849533081055,72.61808776855469,СШ Средняя школа имени Надежды Константиновны Крупской
40.262245178222656,72.61703491210938,Ноокатская районная художественная школа-интернат при Национальной Академии художеств КР имени академика Т.Садыкова
40.0,73.0,"школа ""Ноокатская районная дневно-заочная общеобразовательная"""
40.270652770996094,72.46785736083984,"СШ Средняя школа ""Бел-Орук"" Гайвали Эргешова"
40.26179885864258,72.46627044677734,"НСШ Неполная средняя школа ""Жаш"""
40.26143264770508,72.52401733398438,НСШ Неполная средняя школа имени Асамидин Калыкулова
40.28079605102539,72.50584411621094,"НШ Начальная школа ""Кунгой-Нуру"""
40.267147064208984,72.51093292236328,"СШ Средняя школа ""Кенеш1"""
40.42036437988281,74.11199951171875,"СШ Средняя школа ""Ой-Талаа"""
40.26340866088867,72.57335662841797,СШ Средняя школа имени Гафура Гуляма
40.26109313964844,72.57096862792969,Средняя школа имени Режапа Хужамова
40.263309478759766,72.60435485839844,ГИ Гимназия-интернат для одаренных детей имени Мырзы Гапарова
40.27983474731445,72.58961486816406,"НСШ Неполная средняя школа ""Чили-Сай"""
40.26891326904297,72.5693130493164,"СШ Средняя школа ""Беш-Коргон"""
40.21432113647461,72.62413024902344,СШ Средняя школа им. Абдыманапа Мамырова
40.27702713012695,72.64021301269531,СШ Средняя школа имени Камчы Жунусова
40.21697998046875,72.65061950683594,"ЛИ Лицей интернат ""Ноокат билимканасы"""
40.218048095703125,72.6286849975586,"СШ Средняя школа ""Чечме-Сай"""
40.24508285522461,72.60838317871094,"СШ Средняя школа ""Нойгут"""
40.25178146362305,72.34376525878906,СШ Средняя школа им. Жоомарта Боконбаева
40.253639221191406,72.34235382080078,Средняя школа имени Торобая Бекиева
40.24803161621094,72.35614776611328,"НСШ Неполная средняя школа ""Апшыр-Ата"""
40.24066162109375,72.31617736816406,СШ Средняя школа имени Келдибека Колдошева
40.2218017578125,72.2648696899414,СШ Средняя школа имени Камала Надирова
40.27682113647461,72.62939453125,СШ Средняя школа имени Алишера Навои
40.2244873046875,72.27355194091797,ЛИ Лицей интернат имени Мурзакарима Кудайбердиева
40.22933578491211,72.29352569580078,СШ Средняя школа имени Тилебалды Айбашева
40.23939895629883,72.2372817993164,"СШ Средняя школа ""Кулуштан"""
40.22596740722656,72.23173522949219,"СШ Средняя школа ""Баглан"""
40.24793243408203,72.54883575439453,СШ Средняя школа имени Эркина Эргешова
40.23880386352539,72.54070281982422,СШ Средняя школа имени Амир Темура
40.24797058105469,72.54828643798828,СШ Средняя школа имени Маматгазы Эргашева
40.23765182495117,72.53500366210938,НСШ Неполная средняя школа имени Нурмахаммата Найманбаева
40.2584114074707,72.54113006591797,СШ Средняя школа им. Маматкарима Мырзакаримова
40.25155258178711,72.56387329101562,ШИ Санаторная школа-интернат имени Токтогула
40.24959945678711,72.54714965820312,"ШЛ школа-лицей ""Сахоба"""
40.28023147583008,72.56388092041016,"СШ Средняя школа ""Кызыл-Тейит"""
40.24360656738281,72.55903625488281,"СШ Средняя школа ""Темир-Корук"""
40.2425422668457,72.55545806884766,СШ Средняя школа имени Мирза Улугбека
40.246299743652344,72.72305297851562,СШ Средняя школа имени Жапара Нышанова
40.1974983215332,72.56666564941406,"НШ Начальная школа ""Ак-Терек"""
40.2269172668457,72.74127960205078,"СШ Средняя школа ""Арбын"""
40.29000473022461,72.71929168701172,"СШ Средняя школа ""Ак-Чабуу"""
40.21760177612305,72.76456451416016,"СШ Средняя школа ""Дары-Суу"""
40.226619720458984,72.75083923339844,"СШ Средняя школа ""Шанкол"""
40.22021484375,72.68570709228516,СШ Средняя школа им. Таджибая
40.243560791015625,72.6690902709961,СШ Средняя школа имени Келдибека Каримова
40.1787109375,72.66441345214844,"Лицей ""Борко"""
40.19989013671875,72.6839370727539,"СШ Средняя школа ""Курак-Тектир"""
40.154415130615234,72.65092468261719,"НШ Начальная школа ""Кара-Кой"""
40.11428451538086,72.6002197265625,"НШ Начальная школа ""Буудайлык"""
40.20731735229492,72.68046569824219,СШ Средняя школа имени Тайлакбая Темиралиева
40.206085205078125,72.6812515258789,ШГ школа-гимназия имени Парпиева Абдижалала
40.20933151245117,72.69601440429688,СШ Средняя школа имени Саты Токторова
40.30101776123047,72.7141342163086,"СШ Средняя школа ""Уч-Бай"""
40.25087356567383,72.66875457763672,"СШ Средняя школа ""Айбек"" имени Сабыра Зулпуева"
40.27005386352539,72.65927124023438,СШ Средняя школа имени Момун Нурматова
40.245338439941406,72.64798736572266,СШ Средняя школа имени Бегали Абдиева
40.297725677490234,72.68846893310547,СШ Средняя школа имени Боронбая Атишева
40.297916412353516,72.68502044677734,СШ Средняя школа Калдай
40.30527877807617,72.689697265625,"СШ Средняя школа ""Баргы"" имени Камбаралы Бобулова"
40.31188201904297,72.67561340332031,СШ Средняя школа им. Ибрагим уулу Ысмайыла
40.245967864990234,72.76595306396484,СШ Средняя школа имени Михаила Васильевича Ломоносова
40.23576736450195,72.78115844726562,СШ Средняя школа имени Байыш
40.24337387084961,72.80995178222656,СШ Средняя школа имени Кожона Жолдошова
40.247501373291016,72.78083038330078,"СШ Средняя школа ""Алтын-Казык"""
40.249351501464844,72.80671691894531,СШ Средняя школа имени Алыкула Осмонова
40.24588394165039,72.78355407714844,СШ Средняя школа имени Абдажилила Чынгараева
40.237483978271484,72.77947998046875,СШ Средняя школа имени Кожоке
40.258018493652344,72.91728210449219,СШ Средняя школа имени Насирдина Исанова
40.2619514465332,72.9242172241211,"СШ Средняя школа ""Кок-Бел"" имени Кенжемата Абдылакимов"
40.26563262939453,72.83607482910156,"НШ Начальная школа ""Кичик-Алай"""
40.260677337646484,72.98404693603516,"НСШ Неполная средняя школа ""Кайынды"""
40.3004264831543,72.37523651123047,"Образовательный комплекс инновационная гимназия ""Кок-Жар"""
40.308631896972656,72.35482025146484,"СШ Средняя школа ""Алашан"" имени Бактыбая Матаипова"
40.28463363647461,72.37114715576172,СШ Средняя школа Борбаш
40.29414749145508,72.42755889892578,"СШ Средняя школа ""Жийде"" им. Матраима Маматова"
40.48201370239258,72.72357940673828,"Основная школа  ""Ак-Оток"""
40.303077697753906,72.3885269165039,"ОШ Основная школа ""Каранай"""
40.60073471069336,72.89358520507812,"СШ Средняя школа ""Маданият"""
40.26171112060547,72.60589599609375,"НСШ Неполная средняя школа ""Дедекбубу"""
40.30005645751953,72.31895446777344,СШ Средняя школа имени Каныбека Асранова
40.30094909667969,72.288330078125,СШ Средняя школа имени Акматали Сыранова
40.28424835205078,72.25212097167969,СШ Средняя школа Орнок
40.2872314453125,72.35153198242188,"СШ Средняя школа ""Нарай"""
40.27373504638672,72.61261749267578,СШ Средняя школа имени Уркуи Салиевой
40.31443405151367,72.25053405761719,СШ Средняя школа имени Мухтара Бостонбаева
40.30282974243164,72.22172546386719,СШ Средняя школа имени Бекмамата Осмонова
40.291866302490234,72.23531341552734,"СШ Средняя школа ""Герейт-Шорон"""
39.61880111694336,72.59733581542969,"СШ Средняя школа ""Жайылма"""
40.317081451416016,72.27108001708984,"СШ Средняя школа ""Додон"""
40.26716613769531,72.51171875,"СШ Средняя школа ""Кенеш""(Тоолос)"
40.30155944824219,72.20763397216797,"СШ Средняя школа ""Каракечит"" имени Саида Баюми"
40.320709228515625,72.22595977783203,СШ Средняя школа имени Анарбая Эшова
40.27713394165039,72.64014434814453,"ШЛ школа-лицей имени ""Ал-Хоразмий"""
40.248016357421875,72.6297836303711,"СШ Средняя школа ""Беш-Тал"""
40.27898406982422,72.63880920410156,НСШ Неполная средняя школа имени Абдулхой Мирмахмудова
40.280757904052734,72.63573455810547,НСШ Неполная средняя школа имени Абдула Кодирий
40.299076080322266,72.6301498413086,"СШ Средняя школа ""Арал"" им. Алымкула Усонбаева"
40.15146255493164,72.60603332519531,СШ Средняя школа имени Номанжана Пазылова
40.266353607177734,72.62462615966797,СШ Средняя школа имени Абу Райхон Беруний
40.38933181762695,72.59381866455078,"НШ Начальная школа ""Капчыгай"""
40.33831787109375,72.62174987792969,"СШ Средняя школа ""Кара-Кокту"""
40.20953369140625,72.1982192993164,СШ Средняя школа имени Торобая Кулатова
40.19786834716797,72.24739837646484,"СШ Средняя школа ""Беш-Буркан"""
40.203250885009766,72.21986389160156,"СШ Средняя школа ""Арык-Бою"""
40.29403305053711,72.5942153930664,НСШ Неполная средняя школа имени Каримберди
40.379451751708984,72.42313385009766,"НСШ Неполная средняя школа ""Улуу-Тоо"""
40.31669998168945,72.34034729003906,"СШ Средняя школа ""Найман"""
40.26582336425781,74.39436340332031,СШ Средняя школа имени Жутана Субанова
40.26941680908203,74.31009674072266,СШ Средняя школа имени Жусупа Мамыра
40.27091598510742,74.33843231201172,"НШ Начальная школа ""Бору-Токой"""
40.30733108520508,74.25444793701172,"СШ Средняя школа ""Сай-Талаа"" имени Сооронбая Жусуева"
40.55546569824219,73.88890075683594,"СШ Средняя школа ""Сары-Бээ"" имени Абдрахмана Бегитаева"
40.544212341308594,74.0090560913086,СШ Средняя школа имени Ысака Жорокулова
40.53073501586914,73.82450103759766,СШ Средняя школа Терек-Суу
40.53343200683594,73.79413604736328,"НШ Начальная школа ""Ничке-Суу"""
40.63228225708008,73.4281005859375,СШ Средняя школа имени Жапара Акматалиева
40.61167526245117,73.4144287109375,СШ Средняя школа имени Токтора Сыдыкова
40.62730026245117,73.46955108642578,СШ Средняя школа имени Абдыразака Мырзаибраимова
40.57815170288086,73.59100341796875,"СШ Средняя школа ""Карагуз"" имени Таштана Суранбаева"
40.61298370361328,73.4628677368164,СШ Средняя школа имени Апыза Калматова
40.58523178100586,73.56510162353516,"СШ Средняя школа ""Тушунук"""
40.43345642089844,73.72750091552734,"СШ Средняя школа ""Кенеш"""
40.66656494140625,73.49113464355469,СШ Средняя школа имени Шамши Исмаилова с гимназическими классами
40.66691589355469,73.61221313476562,"СШ Средняя школа ""Ак-Кыя"" имени Беделбая Амиракулова"
40.65268325805664,73.54151916503906,СШ Средняя школа имени Касымалы Жантошева
40.63574981689453,73.59221649169922,ШГ Авторская школа-гимназия Орозали Сайдилканова
40.63085174560547,73.59486389160156,СШ Средняя школа имени Эргеша Осмонова с гимназическими классами
40.6346435546875,73.59178924560547,Интернат-лицей имени Ш.Жээнбекова
40.63175964355469,73.59092712402344,Средняя школа имени Баки Эшмамбетова с лицейскими классами
40.6307487487793,73.57791900634766,СШ Средняя школа имени Божока Бегиева с гимназическими классами
40.6329345703125,73.6924819946289,СШ Средняя школа имени Токтогула
40.62798309326172,73.68309783935547,СШ Средняя школа имени Ажибека Юсупова
40.63029861450195,73.68596649169922,СШ Средняя школа имени Субан уулу Алмаса
40.60896682739258,73.54191589355469,СШ Средняя школа имени Козу Ормокеева
40.31433868408203,74.23751068115234,СШ Средняя школа имени Кебека Мамаева
40.36607360839844,74.36213684082031,СШ Средняя школа имени Сагындык
40.36534881591797,74.32142639160156,"СШ Средняя школа ""Айдын-Кол"""
40.362266540527344,74.22373962402344,СШ Средняя школа имени Аметжана Абдымомунова
40.33620834350586,74.2657470703125,СШ Средняя школа имени Акимжана Жаныбаева
40.59091567993164,73.5988998413086,СШ Средняя школа имени Арыкбая Осмонова
40.538448333740234,73.65443420410156,НСШ Снеполная средняя школа имени Жакыпа Айтбаева
40.59059524536133,73.59022521972656,НСШ Неполная средняя школа имени Турдали Назарова
40.5885009765625,73.61322021484375,СШ Средняя школа имени Омоша Абдылдаева
40.585784912109375,73.65103149414062,СШ Средняя школа имени Мариша Баатырова
40.57915115356445,73.6865463256836,НСШ Неполная средняя школа имени Жаркынбая Ибраимова
40.42023468017578,74.11222839355469,СШ Средняя школа имени Куланчы Орунбекова
40.45930862426758,74.11475372314453,"СШ Средняя школа ""Кондук"" имени Нурмамат уулу Сабыркула"
40.42231750488281,73.58380126953125,ОШ Основная школа имени Эшейбая Алиязова
40.419532775878906,73.66106414794922,НШ Начальная школа имени Жоргоша Калматаева
40.44390106201172,73.59217071533203,СШ Средняя школа имени Чаргынова Каримжана
40.50717544555664,73.61516571044922,СШ Средняя школа имени Ибраима Орозалиева
40.41761779785156,73.61540985107422,СШ Средняя школа имени Бакалбая Эркинбаева
40.425907135009766,73.60758972167969,"СШ Средняя школа ""Тогуз-Булак"""
40.54108810424805,73.75596618652344,СШ Средняя школа имени Беделбая Исаева
40.555233001708984,73.7356185913086,"СШ Средняя школа ""Токбай-Талаа"" имени Мамыта Абакирова"
40.47773361206055,73.75798034667969,СШ Средняя школа имени Жумабая Абидинова
40.47793197631836,73.75855255126953,СШ Средняя школа имени Абдрамана Акматова
40.686668395996094,73.41058349609375,"СШ Средняя школа ""Жаны-Талап"" имени Токторбая Кулмаматова"
40.671592712402344,73.39154815673828,"СШ Средняя школа ""Жийде"""
40.68208312988281,73.44049835205078,СШ Средняя школа имени Сайдракмана Калназарова
40.66319274902344,73.43321990966797,СШ Средняя школа имени Мамады Байымбетова
40.69646453857422,73.38150787353516,"СШ Средняя школа ""Ынтымак"""
40.76750183105469,73.30809783935547,СШ Средняя школа №5 имени Амира Темура
40.77309036254883,73.28437042236328,СШ Средняя школа №4 имени Чынгыза Айтматова
40.77069854736328,73.2886962890625,СШ Средняя школа №3 имени Захириддин Мухаммад Бабур
40.76353454589844,73.2958984375,ШГ школа-гимназия №7
40.77356719970703,73.30128479003906,СШ Средняя школа №1 имени Салижана Шарипова
40.771400451660156,73.30000305175781,СШ Средняя школа №2 имени Владимира Ильича Ленина
40.757667541503906,73.32172393798828,СШ Средняя школа №8 имени Курманжан Датка
40.76110076904297,73.32279968261719,СШ Средняя школа №6 имени Алишера Навои
40.452457427978516,73.21749114990234,СШ Средняя школа № 22 имени Мама Кулуева
40.800254821777344,73.48999786376953,СШ Средняя школа № 21 имени Сатыбалды уулу Жолдоша
40.7664680480957,73.53694915771484,СШ Средняя школа № 16 имени Насирдина Кайназарова
40.77464294433594,73.46415710449219,СШ Средняя школа №38 имени Садыка Эшматова
40.794063568115234,73.80526733398438,СШ Средняя школа № 56 имени Капара Кулматова
40.80126190185547,73.23936462402344,СШ Средняя школа №43 имени И. Базаркулова
40.6121826171875,73.29640197753906,СШ Средняя школа № 13 имени Каримкула Калмурзаева
40.6289176940918,73.3095474243164,СШ Средняя школа № 95 имени Таабалды Жоробекова
40.59021759033203,73.36685180664062,СШ Средняя школа № 65 им. Пайзилда Жакыпова
40.58820343017578,73.31941223144531,НШ Начальная школа № 86 имени Адылбека Чиркешова
40.63916015625,73.26551818847656,НШ Начальная школа № 90 имени Абылкасыма Ташмаматова
40.57097625732422,73.35645294189453,СШ Средняя школа № 27 имени Тажинисы Турдубаевой
40.552894592285156,73.36595916748047,СШ Средняя школа № 51 имени Турдубая Оморкулова
40.828582763671875,73.31351470947266,Средняя школа №8 Жылалды
40.863433837890625,73.34049224853516,СШ Средняя школа №71 имени Жолчубека Абжапарова
40.81006622314453,73.33294677734375,СШ Средняя школа № 42 имени Атыра Торогелдиева
40.79965591430664,73.32171630859375,СШ Средняя школа № 93 имени Ташболота Орозова
40.767879486083984,73.3487548828125,"СШ Средняя школа № 45 ""Бахмал"""
40.770347595214844,73.32511138916016,СШ Средняя школа № 67 имени Г. С. Титова
40.452701568603516,73.21160125732422,СШ Средняя школа №60 имени Туташбая Толонбаева
40.79716491699219,73.27559661865234,СШ Средняя школа № 30 имени Жалиля Шеркулова
40.42879867553711,73.22840118408203,СШ Средняя школа № 54 имени Турдумамата Сарыкова
40.905967712402344,73.46288299560547,СШ Средняя школа имени Буважана Тешебаева
40.85226821899414,73.43401336669922,СШ Средняя школа № 78 имени Молдошбая Жолдошалиева
40.916812896728516,73.50432586669922,СШ Средняя школа №29 им.Аалы Турабаева
40.86280059814453,73.44383239746094,СШ Средняя школа № 23 имени Султана Жаныбекова
40.913124084472656,73.50390625,СШ Средняя школа №25 имени Бекмамата Келдибаева
40.90148162841797,73.42386627197266,СШ Средняя школа № 31 имени Сатыбалды Кадырова
40.82297897338867,73.40070343017578,СШ Средняя школа № 47 имени Дуйшонкула Шопокова
40.78986740112305,73.36750030517578,Средняя школа № 7 имени Тагая Ташмаматова
40.77505111694336,73.39240264892578,СШ Средняя школа № 1 Жоробека Абдурасулова
40.77128219604492,73.42843627929688,СШ Средняя школа № 11 имени Жумакадыра Мойдунова
40.7913703918457,73.32793426513672,СШ Средняя школа № 52 имени Акматалы Абдыкеримова
40.95351791381836,73.50432586669922,СШ Средняя школа № 10 имени Камбараалы Ботоярова
40.97380828857422,73.38966369628906,НШ Начальная школа № 2 имени Арзыбека Сазыева
40.940181732177734,73.40526580810547,СШ Средняя школа № 15 Койлубая Тиленбаева
40.98158264160156,73.36937713623047,"ОШ Основная школа № 85 ""Октябрь туусу"""
40.91863250732422,73.38404846191406,СШ Средняя школа № 17 имени Чомо баатыра
40.918766021728516,73.3550796508789,СШ Средняя школа № 59 имени Усон уулу Жаныша
41.05234909057617,73.4618148803711,"ОШ Основная школа №18 ""Ийри-Суу"""
40.947383880615234,73.27352142333984,СШ Средняя школа №61 имени Илияза Жумабаева
40.96087646484375,73.30970764160156,НШ Начальная школа №72 имени Шукура Турсунбаева
40.94182205200195,73.24647521972656,СШ Средняя школа №39 имени В.И.Ленина
40.51155090332031,73.28459167480469,"СШ Средняя школа ""Кызыл-Абад"""
40.49325180053711,73.2476577758789,ОШ Основная школа №74 имени Жээнбека Малабаева
40.737998962402344,73.24479675292969,СШ Средняя школа № 53 имени Маматисака Ботобекова
40.72380065917969,73.22200775146484,СШ Средняя школа № 28 имени Бору Асранкулова
40.74942398071289,73.27989196777344,СШ Средняя школа № 40 имени Касымалы Рысбаева
40.77463150024414,73.61723327636719,СШ Средняя школа № 75 имени Эсеналы Атакулова
40.793701171875,73.57696533203125,СШ Средняя школа № 12 им. Рысбая Конкошева
40.77152633666992,73.62816619873047,СШ Средняя школа № 64 имени Жаныбека казы
40.97533416748047,73.26016998291016,СШ Средняя школа № 68 имени Мамасалы Тешебаева
40.69309997558594,73.13639831542969,СШ Средняя школа № 4 имени Кимсана Ботобековой
40.50324630737305,73.18193054199219,СШ Средняя школа № 69 имени Арына Жунусова
40.55400085449219,73.14266967773438,СШ Средняя школа № 48 имени Каныбека Омурзакова
40.556888580322266,73.17910766601562,НШ Начальная школа №96 имени Аалы Машрапова
40.68092727661133,73.16866302490234,СШ Средняя школа №19 имени Амирбека Толонова
40.643489837646484,73.1435317993164,СШ Средняя школа № 26 имени Полота Жолдошова
40.666622161865234,73.13758850097656,НШ Начальная школа № 97 им. Орозбая Максутова
40.82966613769531,73.52269744873047,"СШ Средняя школа № 9 ""Кызыл-Тоо"""
40.86259841918945,73.5587158203125,НШ Начальная школа № 84 имени Капара Курманбекова
40.81644821166992,73.48281860351562,СШ Средняя школа № 41 имени Мансура Ибраимова
40.816673278808594,73.58769989013672,СШ Средняя школа №55 имени Турдуева Султаназара
40.58741760253906,73.20905303955078,"НШ Начальная школа ""Кайнар"""
40.692501068115234,73.18879699707031,СШ Средняя школа №5 имени В.И.Ленина
40.689998626708984,73.18579864501953,ГИ Интернат-гимназия №14 имени Абдуллы Тангатарова
40.695499420166016,73.19259643554688,СШ Средняя школа № 49 имени Токтогула
40.680233001708984,73.18575286865234,СШ Средняя школа № 2 имени Ысмайыла Бектемирова
40.58820343017578,73.28877258300781,СШ Средняя школа № 70 имени Ш. Эгемжарова
40.659000396728516,73.20950317382812,СШ Средняя школа № 46 имени Касыма Эрматова
40.75327682495117,73.43521881103516,СШ Средняя школа № 3 имени Мамата Нурбаева
40.7585563659668,73.45103454589844,СШ Средняя школа №34 имени Толонбая Машрапова
40.75068664550781,73.40605163574219,СШ Средняя школа № 20 имени Абдылда Калмурзаева
40.7495002746582,73.39498901367188,ШИ Мырза-Акинская школа-интернат для детей сирот и оставшихся без попечения родителей имени М.Разакова
40.74898910522461,73.40664672851562,ШГ школа-гимназия имени Камилжана Раимбекова
40.71873474121094,73.25250244140625,СШ Средняя школа № 37 имени Маматшарипа Сулайманова
40.735958099365234,73.38426971435547,СШ Средняя школа № 57 имени Султанбека Мойдунова
40.723350524902344,73.58283233642578,СШ Средняя школа № 66 имени Адибая Маматова
40.71816635131836,73.51321411132812,"НШ Начальная школа № 94 ""Чечебай"""
40.69879913330078,73.541015625,СШ Средняя школа № 36 имени Бакаша Монолова
40.84098815917969,73.77003479003906,СШ Средняя школа № 32 имени Раимбек Сатыбалды уулу
40.86423873901367,73.67925262451172,"СШ Средняя школа № 62 ""Ак-Терек"""
40.886600494384766,73.77003479003906,СШ Средняя школа № 24 имени Жоомарта Боконбаева
40.87877655029297,73.73168182373047,СШ Средняя школа № 79 имени Таштанкула Борубаева
40.81013107299805,73.57111358642578,СШ Средняя школа № 63 имени Мейниза Сагынова
40.881656646728516,73.81380462646484,СШ Средняя школа имени Жолдошбека Примкулова
40.845733642578125,73.25904846191406,"ЛЦ Лицей №87 ""Караханид"""
40.83845138549805,73.26923370361328,СШ Средняя школа № 6 имени Тагая Асранова
40.88014221191406,73.25839233398438,ООШ Основная общеобразовательная школа № 82 имени Жолонбая Даликулова
40.823246002197266,73.1954574584961,СШ Учреждение Средняя школа № 57 имени Арзыбая Омурзакова
40.88987731933594,73.2446517944336,СШ Средняя школа № 35 им. Орозалы Жусупбекова
40.81486511230469,73.24400329589844,Средняя школа
40.82014465332031,73.30780029296875,СШ Средняя школа № 58 имени Жээнбека Маматжанова
39.48716735839844,71.79389953613281,"СШ Средняя школа им. ""Ленина"""
39.496646881103516,71.90397644042969,"СШ Средняя школа ""Кыргызстан"""
39.492149353027344,71.75076293945312,"СШ Средняя школа ""Ак-Суу"""
39.4602165222168,71.91954803466797,СШ Средняя школа имени Ташбек уулу Гапара
39.50141525268555,71.92671966552734,"СШ Средняя школа имени ""Садыбакаса Осмонова"""
39.63426971435547,72.66453552246094,СШ Средняя школа имени Эсенкелди уулу Максатбека
40.319618225097656,72.28681945800781,"СШ Средняя школа имени ""Хакимжан Базарова"""
39.47418212890625,72.49781799316406,"СШ Средняя школа имени ""Жоомарта Боконбаева"""
39.590065002441406,72.38500213623047,"СШ Средняя школа ""Кабык"""
39.66676712036133,72.72576141357422,"СШ Средняя школа ""Кара-Кабак"""
39.54826736450195,72.2343521118164,СШ Средняя школа имени Абдилазиза Мурзакулова
39.513816833496094,72.1182632446289,"СШ Средняя школа имени ""Нажимидина Кармышева"""
39.546875,72.09003448486328,"СШ Средняя школа им. ""Зиямидина Каримбекова"""
39.51118087768555,72.04619598388672,СШ Средняя школа имени Курсанбая Жапарова
39.54081726074219,72.10185241699219,"СШ Средняя школа ""Кок-Суу"""
39.56454849243164,72.2708511352539,СШ Средняя школа имени Ынакбай уулу Келдибека
42.684120178222656,71.30952453613281,"СОШ Учреждение ""Общеобразовательная средняя школа имени Р.М.Осмонова"""
42.67190170288086,71.4041976928711,"СОШ Учреждение ""Общеобразовательная средняя школа имени Байдылда Шамратбекова"""
42.5510368347168,71.64250183105469,СОШ Общеобразовательная средняя школа имени Т.Айтманбетова
42.523414611816406,71.57730102539062,"СОШ Учреждение ""Общеобразовательная средняя школа имени Анарбая Умарбекова"""
42.59157943725586,71.6565933227539,"СОШ Учреждение ""Общеобразовательная средняя школа имени Айтпаева"""
42.591880798339844,71.70344543457031,"СОШ Учреждение ""Общеобразовательная средняя школа имени Эшенаалы уулу Сейитбека"""
42.60649490356445,71.2025375366211,"СОШ Учреждение ""Общеобразовательная средняя школа имени ""Чынгыза Айтматова"""
42.58479690551758,71.27245330810547,СОШ Общеобразовательная средняя школа имени Ашыма Калыбаева
42.69533920288086,71.2459716796875,"НСШ Общеобразовательная неполная средняя школа имени""Орозгул Тургумбаевой"""
42.66888427734375,71.28450775146484,"СОШ Учреждение ""Общеобразовательная средняя школа имени Э.Эсенаманова"""
42.53986358642578,71.3423843383789,"СОШ Учреждение ""Общеобразовательная средняя школа имени А.Мадымарова"""
42.50186538696289,71.33493041992188,"СОШ Учреждение ""Общеобразовательная средняя школа имени Момункула Чалданбаева"""
42.6208610534668,71.57650756835938,"СОШ Учреждение ""Инновационная общеобразовательная средняя школа имени Жылдызбека Субанбекова"""
42.61612319946289,71.59052276611328,СОШ Общеобразовательная средняя школа имени Орозбекова Мейлибека
42.612579345703125,71.57913970947266,"СОШ Учреждение ""Общеобразовательная Манасская средняя школа """
42.6204948425293,71.57615661621094,"ЛИ Учреждение ""Лицей-интернат имени Токтогула Бабанова для особо одаренных детей с углубленным изучением иностранных языков, информатики и математики"""
42.523372650146484,71.55233001708984,"средная школа имени Акымбекова Мамата"""
42.591590881347656,71.62444305419922,"СШ Учреждение ""Средняя школа имени А.Сулайманова"""
42.50165939331055,71.10966491699219,"СОШ Учреждение ""Общеобразовательная Кок-Сайская средняя школа имени Токтогожоева"""
42.53472900390625,71.08422088623047,СОШ Общеобразовательная Кайнарская средняя школа
42.620826721191406,71.51752471923828,"СОШ Учреждение ""Общеобразовательная средняя школа имени Женижок"""
42.6255989074707,71.52548217773438,СОШ Общеобразовательная средняя школа имени С.Садыковой
42.616764068603516,71.50521087646484,"СОШ Учреждение ""Общеобразовательная средняя школа имени Байсылда Мырзабаева"""
42.574676513671875,71.4516372680664,"НСШ Учреждение ""Общеобразовательная неполная средняя школа имени А.Шыйкымбаева"""
42.54643630981445,71.15979766845703,"СОШ Учреждение ""Общеобразовательная средняя школа имени ""Т.Айтматова""."
42.53712463378906,71.1194076538086,СОШ Общеобразовательная средняя школа имени Дуйшена
42.68246841430664,71.21239471435547,СОШ Общеобразовательная Маймакская  средняя школа имени Райкана Шукурбекова
42.474151611328125,72.09242248535156,"СОШ Учреждение ""Общеобразовательная средняя школа имени Капалова Эшимбека"""
42.49555587768555,72.10951232910156,"СОШ Учреждение ""Общеобразовательная средняя школа имени Солтонбека Кочорбаева """
42.58106994628906,71.7984619140625,"Учереждение ""ОСШ общеобразовательная средняя школа им.Дооронбека Дуйшебаева"""
42.57028579711914,71.82306671142578,СОШ Общеобразовательная средняя школа Бейшена Сатыбекова
42.47043991088867,72.03253936767578,"Жалпы  билим  берүүчү  Султаналы  уулу  Кушубак  атындагы  орто  мектеби"" мекемеси"
42.44425964355469,72.03474426269531,"СОШ Учреждение ""Общеобразовательная средняя школа имени Эсенбека Дуйшеева""."
42.46310806274414,71.99190521240234,"СОШ Учреждение ""Общеобразовательная Урмаральская средняя школа имени Молдогазы"""
42.47710037231445,72.47709655761719,"СОШ Учреждение ""Общеобразовательная Таш-Кудукская средняя школа имени Мамыт уулу Абдрахмана"""
42.474491119384766,71.98430633544922,НСШ Неполная средняя школа имени Токтогона Мусуралиева
42.524169921875,72.0996322631836,"Учреждение""Общеобразовательная средняя школа имени А. Арыстанова"""
42.49470138549805,71.90979766845703,СОШ Общеобразовательная средняя школа им.Баратбая Жунусова
42.465248107910156,71.93736267089844,"СОШ Учреждение ""Общеобразовательная средняя школа имени Бердике уулу Нарикбая"""
42.49100112915039,71.92030334472656,СОШ Общеобразовательная средняя школа имени В.И.Ленина
42.51155471801758,71.87149047851562,"СШ Учреждение ""Средняя школа имени Исабека Жанчарова"""
42.564971923828125,71.89351654052734,"ШГ Учреждение"" Чалдоварская школа-гимназия имени Досманбета Батырбашиева""."
42.5323600769043,72.0234146118164,"СОШ Учреждение ""Общеобразовательная средняя школа имени Усенбая Акынбекова"""
42.5460205078125,72.00300598144531,"СОШ Учреждение ""Общеобразовательная средняя школа Кашка-Жол"""
42.54978561401367,71.95264434814453,"СОШ Учреждение ""Общеобразовательная средняя школа имени Акчал уулу Дуйшона"""
42.55064010620117,71.93435668945312,"СОШ Учреждение ""Общеобразовательная средняя школа имени Шаршенбая"""
42.558963775634766,71.92591857910156,"ШИ Учреждение ""Чалдыбарская школа-интернат для сирот и детей, оставшихся без попечения родителей"""
42.557708740234375,71.78887176513672,"СШ Учреждения ""Средняя школа им.Тойчубек уулу Жанадила"""
42.54799270629883,71.75467681884766,"СОШ Общеобразовательная средняя школа имени ""Токтогула Чолушева"""
42.70174026489258,71.7957763671875,СОШ Общеобразовательная средняя школа имени А.Усенбаева
42.66059494018555,71.88298034667969,СОШ Общеобразовательная Каиндинская средняя школа
42.62093734741211,72.08035278320312,СОШ Общеобразовательная средняя школа имени Омурзака Израилова
42.75758743286133,71.41277313232422,СОШ Общеобразовательная средняя школа имени Н.Цыренина
42.76240158081055,71.4468994140625,СОШ Общеобразовательная средняя школа имени Сагынбека Дуйшенбиева.
42.73982620239258,71.44752502441406,СОШ Общеобразовательная Манасская средняя школа
42.777400970458984,71.48480224609375,СОШ Общеобразовательная средняя школа Кочкорбаева Шабданбека
42.76259994506836,71.48159790039062,СОШ Общеобразовательная средняя школа имени Бейшеналы Узенова
42.72349548339844,71.59939575195312,СОШ Общеобразовательная Покровская средняя школа
42.735626220703125,71.60765838623047,НСШ Покровская неполная средняя школа
42.355865478515625,72.31563568115234,"ЛИ Учреждение ""Лицей-интернат ""Улукман"" для одаренных детей из малообеспеченных семей"""
42.69620132446289,71.61019897460938,СОШ Общеобразовательная Бала-Сарууская средняя школа
42.75963592529297,71.62371826171875,СОШ Общеобразовательная Жайылганская средняя школа
42.74956512451172,71.76065063476562,СОШ Общеобразовательная Кара-Арчинская средняя школа
42.7495002746582,71.54409790039062,СОШ Общеобразовательная средняя школа имени М.Рахманбердиева
42.710166931152344,71.51588439941406,СОШ Общеобразовательная средняя школа имени Анатая Жолдошбекова
42.72700119018555,71.58167266845703,СОШ Общеобразовательная Жийденская средняя школа
42.77223205566406,71.52445983886719,СОШ Общеобразовательная средняя школа имени И.Отунбаева
42.70029830932617,71.58039855957031,СОШ Общеобразовательная средняя школа имени Баялыш уулу Рахмана
42.779300689697266,71.55570220947266,СОШ Общеобразовательная средняя школа имени Газы Малаева
42.789100646972656,71.53949737548828,Общая начальная образовательная школа имени Б.Миршакирова Манасского района
42.5366096496582,72.64720153808594,СОШ Общеобразовательная средняя школа имени М.Сейталиева
42.538570404052734,72.66045379638672,СОШ Общеобразовательная Аральская средняя школа имени Нанаева Касымкула
42.454139709472656,72.39725494384766,СОШ Общеобразовательная средняя школа имени А.Солтонова
42.505516052246094,72.36736297607422,СОШ Общеобразовательная средняя школа имени Байсейит уулу Эшмамбета
42.49769973754883,72.42729949951172,СОШ Общеобразовательная средняя школа имени А.Огонбаева
42.52598571777344,72.36945343017578,СОШ Общеобразовательная средняя школа имени А.Эсенбекова
42.51383590698242,72.39405059814453,СОШ Общеобразовательная средняя школа имени Ашыма Султанбекова
42.52116394042969,72.33731842041016,СОШ Общеобразовательная средняя школа имени Шаарбека Нурбаева Таласского района Таласской области
42.551265716552734,72.20267486572266,Общеобразовательная Таш-Тобонская средняя школа имени Момункулова Казака
42.46730041503906,72.65540313720703,СОШ Общеобразовательная средняя школа имени Жумагул уулу Алымкула
42.47471237182617,72.61014556884766,"СШ Учреждение ""Средняя школа имени Орозалиевой Гулай"""
42.48897933959961,72.59408569335938,СОШ Общеобразовательная средняя школа имени Хан-Бурго
42.48237228393555,72.94591522216797,"СОШ Учреждение ""Общеобразовательная средняя школа имени Рысбека Айдаралиева"""
42.87564468383789,74.80382537841797,СОШ Общеобразовательная средняя школа имени А.Нуржанова
42.51021957397461,72.330810546875,СОШ Общеобразовательная средняя школа имени Ш.Шеркулова
42.555519104003906,72.61798858642578,СОШ Общеобразовательная средняя школа им.К.Нурбекова
42.51161193847656,72.25747680664062,ШИ Таласская вспомогательная школа интернат
42.44161605834961,72.27440643310547,СОШ Общеобразовательная средняя школа им.Мырзабека Мамбетова
42.466156005859375,72.24097442626953,СОШ Общеобразовательная Арашанская средняя школа
42.40129852294922,72.99400329589844,СОШ Общеобразовательная Бакайташская средняя школа имени М.Туйтунова
42.40873718261719,72.95445251464844,СШ Ак-Коргонская средняя школа имени Идириса Орозалиева
42.4877815246582,72.51241302490234,"СШ ""Средняя школа имени Бороша Жанузакова"" села Ак-Сай Таласского района Таласской области"
42.48527145385742,72.52628326416016,"ЛИ Лицей-интернат ""Манас"" имени Шабданбека Жумагулова"
42.485599517822266,72.57019805908203,СОШ Общеобразовательная средняя школа им.А.Оторбаева
42.55211639404297,72.5977554321289,СОШ Общеобразовательная средняя школа имени К.Каимова
42.45913314819336,72.72127532958984,СОШ Общеобразовательная средняя школа имени Асылкан Борубаева
42.486385345458984,72.4662857055664,СШ Средняя школа имени Аманбека Карыпкулова
42.45969009399414,72.35055541992188,СОШ Общеобразовательная средняя школа имени М.Козубекова
42.442237854003906,72.29222869873047,СОШ Общеобразовательная Балбалская средняя школа
42.51200866699219,72.25482940673828,"ЛЦ Учреждение ""Таласский областной лицей-комплекс иностранных языков"""
42.51665115356445,72.24334716796875,"""№5 жалпы билим берүүчү орто мектеби"" мекемеси"
42.51639938354492,72.25789642333984,СОШ Общеобразовательная средняя школа №7 имени Айылчиева Эмилбека
42.52426528930664,72.25636291503906,"СОШ Учреждение ""Общеобразовательная средняя школа №1 имени Абжалбека Чолпонкулова"""
42.52360153198242,72.25090026855469,"СОШ Учреждение ""Общеобразовательная средняя школа №2 имени Р.Я. Рысаковой"""
42.5171012878418,72.25499725341797,СОШ Общеобразовательная средняя школа № 6 имени Абдуллаева Сагына
42.52410125732422,72.24600219726562,СОШ Общеобразовательная средняя школа №4
42.523193359375,72.23331451416016,Школа-гимназия № 3 имени Камалбека Дарданова города Талас
42.51698684692383,72.2634506225586,Общеобразовательная средняя школа №9 имени Жолчубек уулу Урмата
42.528900146484375,72.22859954833984,СОШ Общеобразовательная средняя школа №8 города Талас
42.97285079956055,74.69792938232422,"СШ Учреждение ""Каирминская средняя школа им.А.Айдаралиева"""
43.04875183105469,74.49613952636719,"СОШ Учреждение ""Мраморная средняя общеобразовательная школа """
42.90778350830078,74.63788604736328,"СОШ Учреждение ""Аламудунская средняя общеобразовательная школа №1"""
42.917415618896484,74.63459777832031,"Учреждение "" Аламудунская средняя общеобразовательная школа №2"""
42.728878021240234,74.644287109375,"Учреждение СОШ ""Средняя общеобразовательная школа имени Ф.А.Стрельниковой"""
43.098995208740234,74.53453063964844,"СОШ Учреждение ""Васильевская средняя общеобразовательная школа №2"""
43.106082916259766,74.57689666748047,"СОШ Учреждение ""Васильевская средняя общеобразовательная школа № 1, с.Васильевка"""
43.04100036621094,74.64271545410156,"СОШ Учереждение""Грозденская средняя общеобразовательная школа """
43.05270004272461,74.62245178222656,Учреждение Начальная школа-комплекс с. Бирдик (детскийсад-школа) Аламудунского района Чуйской области
42.80918502807617,74.70881652832031,"СОШ Учреждение ""Кара-Жыгачская средняя общеобразовательная школа имени Каратала Табалдинова"""
42.80780029296875,74.65377044677734,"СОШ Учреждение ""Кок-Жарская средняя общеобразовательная школа имени Апаса Жумагулова"""
42.88491439819336,74.65675354003906,"ШГ Учреждение ""Лебединовская школа гимназия №1 имени Иманалы Айдарбекова Аламудунского района Чуйской области"""
42.8812255859375,74.67391204833984,"Учреждение ""Школа-гимназия №2 имени Желкайып Касымбаевой"""
42.90605926513672,74.67493438720703,"СШ Учреждение ""Лебединовская средняя школа №3"""
42.946231842041016,74.70034790039062,"СОШ ""Средняя общеобразовательная школа АГЭС-5"""
42.97831726074219,74.66928100585938,"СОШ Учреждение ""Средняя общеобразовательная школа имени В.И.Ленина с.Ленинского Аламудунского района Чуйской области"""
43.03166580200195,74.67422485351562,Чуйская средняя общеобразовательная школа
42.92987823486328,74.65442657470703,"Учреждение ""Неполная общеобразовательная   школа комплекс им.Джакыпбека Бердыбекова детский сад-школа с.Мыкан"""
42.92281723022461,74.570068359375,"СШ Учреждение ""Маевская средняя школа """
42.92566680908203,74.60328674316406,"СОШ Учреждение ""Нижне-Аларчинская средняя общеобразовательная школа Аламудунского района"""
42.8983154296875,74.3429183959961,"ОСОШ Учреждение ""Октябрьская средняя общеобразовательная школа"""
42.73466491699219,74.54434967041016,"СШ Учреждение ""Орто-Алышская средняя школа им.А.Суюнбаева"""
42.92566680908203,74.60328674316406,"СШ Учреждение ""Верхне-Аларчинская средняя школа им.генерала С.Самсалиева"""
42.766666412353516,74.53243255615234,"СШ Учреждение ""Баш-Карасуйская средняя школа им.С.Жоошбаева"""
42.69036102294922,74.53058624267578,"СШ Учреждение ""Кашка-Суйская средняя школа им.Тойчу Актанова"""
42.902034759521484,74.5526351928711,"СОШ Учреждение ""Пригородная средняя общеобразовательная школа """
42.99848175048828,74.52041625976562,"СОШ Учреждение ""Озерная средняя общеобразовательная школа"""
43.10110092163086,74.56328582763672,"СОШ Учреждение ""Средняя общеобразовательная школа ""Келечек"""
42.71345138549805,74.55789947509766,"СОШ Учреждение ""Бер-Булакская средняя общеобразовательная школа имени О. Турсуматова"""
42.726932525634766,74.5714340209961,"СОШ  ""Средняя общеобразовательная школа имени Бубусары Бейшеналиевой"""
42.72232437133789,74.56704711914062,ШГ Чуйская областная школа-гимназия интернатного типа для одаренных детей из малообеспеченных семей
42.75048828125,74.6041259765625,"СОШ Учреждение ""Средняя общеобразовательная школа имени С. Чокморова"""
42.715267181396484,74.66549682617188,"СОШ Учреждение ""Таш-Мойнокская средняя общеобразовательная школа имени Сакин Бекматовой"""
42.77669906616211,74.64875030517578,"СОШ Учреждение ""Беш-Кунгейская средняя общеобразовательная школа имени И.Таранчиева"""
42.93109130859375,74.5719985961914,"СОШ Учреждение ""Горно-Маевская средняя общеобразовательная школа имени Эркинбаева Шаршена"""
42.890499114990234,74.85383605957031,"ШГ Учреждение ""Кантская школа-гимназия №2 имени К.Рыскуловой"""
42.89992904663086,74.8401107788086,"СОШ Учреждение ""Кантская средняя общеобразовательная школа №5 с профессиональной подготовкой Ысык-Атинского района"""
42.88750076293945,74.8653335571289,"СШ Учреждение ""Кантская средняя школа-гимназия №1 им.Д.П.Зубкова"""
42.88933181762695,74.86583709716797,Средняя общеобразовательная школа-гимназия №4 им.А.М.Мурсабаевой г.Кант
42.880001068115234,74.85433197021484,"ШГ Учреждение ""Кантская средняя школа-гимназия №3"""
42.93920135498047,74.85704803466797,"СШ Учреждение ""Кировская средняя школа"""
42.97809982299805,74.87041473388672,"СШ Учреждение ""Ак-Кудукская средняя школа"""
42.95891571044922,74.90115356445312,"СШ Учреждения ""Красно-Милянфанская средняя школа"""
42.88966751098633,75.08553314208984,"НШ Учреждение ""Ивановская начальная школа №3"""
42.83469009399414,75.06683349609375,Ивановская СШ №2 им. Акылбека Турсуналиева
42.839534759521484,75.06890106201172,"Учреждение ""Ивановская начальная общеобразовательная школа №4"""
42.8887825012207,75.09745025634766,"НШ Учреждение ""Ивановская начальная школа №5"""
42.887821197509766,75.07914733886719,Ивановская школа-гимназия №1 имени Чынгыза Айтматова
42.79801559448242,74.99514770507812,"СШ Учреждение ""Средняя школа им.Койбагарова"""
42.861873626708984,74.9322509765625,"НСШ Учреждение ""Первомайская неполная средняя школа"""
42.740882873535156,75.01885223388672,"СШ Учреждение ""Средняя школа имени Айдаркана Молдокулова Ысыкатинского района"""
42.89481735229492,74.90196990966797,"СШ Учреждение ""Дмитриевская средняя школа Ысыкатинского района"""
42.89299011230469,74.89888763427734,"ШИ Учреждение ""Дмитриевская специальная общеобразовательная (вспомогательная) школа-интернат"""
42.868717193603516,74.89741516113281,"СШ Учреждения ""Жеекская средняя школа имени К.Джакыпова"""
42.87492752075195,75.15373229980469,"СОШ Учреждение ""Кен-Булунская средняя общеобразовательная школа имени О.Лайлиева"""
42.869956970214844,75.12544250488281,Средняя школа имени Владимира Ильича Ленина
42.790687561035156,74.91429901123047,"СШ Учреждение ""Средняя школа ""Актилек"""
42.682498931884766,74.84183502197266,Осмонкул Болобалаев атындагы орто мектеби
42.64199447631836,74.94380187988281,"СШ Учреждение ""Карагай-Булакская средняя школа им.Абдрахмана Сулайманова"""
42.696990966796875,74.79645538330078,"СОШ Учреждение ""Норуская средняя общеобразовательная школа имени Шайкула Рахманова"""
42.666282653808594,74.89383697509766,"СШ Учреждение ""Средняя школа имени академика Мурзалиева Арстанбека"""
42.89623260498047,74.98069763183594,"СШ Учреждение ""Краснореченская школа Ысыкатинского района Чуйской области"""
42.540504455566406,74.58455657958984,"ШИ Учреждение ""Краснореченская специальная общеобразовательная (вспомогательная) школа-интернат"""
42.80003356933594,74.82011413574219,"СШ Учреждение ""Средняя школа имени К.Маликова"""
42.89955139160156,74.9468994140625,"СШ Учреждение ""Средняя школа ""Кенеш"" Ысык-Атинского района Чуйской области"""
42.897666931152344,74.93035125732422,"СШ Учреждение ""Буденовская средняя школа Ысык-Атинского района"""
42.8880500793457,74.82987976074219,"СШ Учреждение ""Средняя школа им.Я.Я.Ваккера Ысыкатинского района"""
42.96686553955078,74.77311706542969,"СШ Учреждение ""Средняя школа им М.Ванахуна"""
42.72154998779297,75.0706558227539,"СШ Учреждение ""Средняя школа имени К.Курманова Ысык-Атинского района Чуйской области"""
42.747833251953125,75.0615005493164,Иса Байбеков атындагы жалпы билим беруу орто мектеби
42.736000061035156,75.08073425292969,НШ Жетигенская начальная школа (Сын-Ташский а/о)
42.7052001953125,75.14593505859375,"СШ Учреждение ""Средняя школа им.Джапаркула Алыбаева"""
42.67839813232422,74.9542236328125,"СШ Учреждение ""Средняя школа им.Динары Мамашевой"""
42.703216552734375,75.05970001220703,"СШ Учреждение ""Сынташская средняя школа имени Камчибека Шакирова"""
42.86860275268555,74.72982025146484,"СШ Учреждение ""Новопокровская средняя школа№1"""
42.87313461303711,74.7101821899414,"СШ Учреждение ""Средняя школа №3"""
42.87106704711914,74.7554702758789,"СШ Учреждение ""Ново-Покровская средняя школа-лицей №2 им.Н.С.Баранова"""
42.80384826660156,74.74406433105469,"СШ Учреждение ""Средняя школа имени А.Сакебаева"""
42.71568298339844,75.03086853027344,"СШ Учреждение ""Юрьевская средняя школа имени Руслана Шаботоева"""
42.59919738769531,74.90841674804688,"НСШ Учреждение ""Ысык-Атинская неполная средняя школа"""
42.785400390625,74.8492660522461,"СШ Учреждение ""Тузская средняя школа имени Ашыраалы Айталиева"""
42.94051742553711,74.72698211669922,"СШ Учреждение ""Средняя школа имени К.Айдарбекова Ысыкатинского района"""
42.800724029541016,73.86103820800781,"СШ Учреждение ""Средняя школа №5 города Кара-Балта"""
42.801937103271484,73.83577728271484,"СШ Учреждение ""Средняя школа №12 г.Карабалта Жайылского района Чуйской области"""
42.821929931640625,73.84611511230469,Средняя Школа №3
42.804725646972656,73.85442352294922,"СШ Учреждение ""Средняя школа №11 г.Кара-Балта"""
42.80632400512695,73.85722351074219,"СШ Учреждение ""Средняя школа №1 города Кара-Балта"""
42.8192138671875,73.84052276611328,"СШ Учреждение ""Средняя школа №2 имени 60-летия Великой победы г.Кара-Балта"""
42.809749603271484,73.84840393066406,"НШ Учреждение ""Начальная школа №1 города Кара-Балта"""
42.811302185058594,73.83866882324219,"СШ Учреждение ""Средняя школа №4 города Кара-Балта"""
42.806007385253906,73.82826232910156,"СШ Учреждение ""Средняя школа №9 имени Дуйшенкула Шопокова города Кара-Балта"""
42.79916763305664,73.83975219726562,"СШ Учреждение ""Средняя школа № 8 города Кара-Балта"""
42.79934310913086,73.8498764038086,"СШ Учреждение ""Средняя школа-гимназия № 6"""
42.7957878112793,73.85540771484375,"ШГ Учреждение ""Инновационная средняя школа-гимназия №10 интернатного типа имени А.С. Макаренко города Кара-Балта"""
42.81834030151367,73.80953979492188,СШ Алексеевская средняя школа
42.88100051879883,73.8009033203125,"ОШ Учреждение ""Жайылская основная школа села Жайыл"""
43.01748275756836,73.85585021972656,"СШ Учреждение ""Ставрополовская средняя школа"""
43.05012130737305,73.916748046875,"СШ Учреждение ""Кара-Суйская средняя школа """
42.78498458862305,75.4476318359375,"ОШ Учреждение ""Основная школа Кара-Добо"""
42.836181640625,73.89444732666016,СШ Петропавловская cредняя школа Жайылского района
42.679656982421875,73.97278594970703,"СШ Учреждение ""Средняя школа имени Асанкула Закирова"""
42.819053649902344,73.88593292236328,"СШ Учреждение ""Новониколаевская инновационная средняя школа-гимназия"""
42.891075134277344,73.91492462158203,"СШ Учреждение ""Акбашатская средняя школа"""
42.84280776977539,73.95116424560547,"СШ Учреждение ""Средняя школа села Полтавка"""
42.890132904052734,73.98506927490234,"СШ Учреждение ""Малтабарская средняя школа имени Абдрашита Бердибаева"""
42.872947692871094,73.94281005859375,СШ Средняя школа им. Аскер уулу Нурлан
42.17983627319336,73.96172332763672,"СШ Учреждение ""Суусамырская средняя школа имени Конушбаева Кадырбека"""
42.154598236083984,73.9747314453125,"СШ Учреждение ""Средняя школа имени Карабекова Сатынбая села 1-Мая"""
42.1963005065918,73.95001220703125,"СШ Учреждение ""Средняя школа имени Иманжана Бегимкулова села Тунук"""
42.143157958984375,74.0726318359375,"СШ Учреждение ""Средняя школа имени Сапарбека Мырзакматова села Кожомкул"""
41.952392578125,74.1590347290039,"СШ Учреждение ""Средняя школа имени Туркмон села Кызыл-Ой"""
42.90837097167969,73.84427642822266,"СШ Учреждение ""Средняя школа имени Акынбека Куручбекова"""
42.95378494262695,73.79000091552734,"СОШ Учреждение ""Общеобразовательная Буденовская средняя школа"""
42.88250732421875,73.87518310546875,"ОШ Учреждение ""Средняя общеобразовательная школа Жекен"""
42.937217712402344,73.87933349609375,"СШ Учреждение ""Средняя школа имени Усенкана Сатыбалдиева"""
42.90607452392578,73.84736633300781,"ОШ Учреждение ""Основная школа Ийри-Суу"""
42.85298156738281,73.88316345214844,"СШ Учреждение ""Федоровская средняя школа"""
42.68009948730469,73.85359191894531,Сарыбулакская средняя школа имени Турара Кожомбердиева
43.16673278808594,73.95958709716797,"СШ Учреждение ""Степнинская средняя школа"""
42.70853042602539,73.89043426513672,"СШ Учреждение ""Талды-Булакская средняя школа имени Каната Дербишева села Боксо-Жол"""
42.739341735839844,73.889404296875,"СШ Учреждение ""Бекитайская средняя школа имени Самудина Молдосанова"""
42.749515533447266,75.58221435546875,"СШ Учреждение ""Орловская средняя школа №1 им.Г.П.Кудряшова"""
42.749168395996094,75.58300018310547,"СШ Учреждение ""Орловская средняя школа №2"""
42.76558303833008,75.67839813232422,"СОШ Учреждение ""Кеминская средняя общеобразовательная школа №2 им.Сурантаева Азамата Ишенбековича"""
42.78573226928711,75.69091033935547,"СШ Учреждение ""Кеминская средняя школа №3 им.Насыра Давлесова"""
42.782081604003906,75.75048065185547,"СШ Учреждение ""Средняя школа ""Нур"""
42.781944274902344,75.7074966430664,"СШ Учреждение ""Кеминская средняя школа №1им.Жалила Садыкова"""
42.709251403808594,75.47465515136719,"СШ Учреждение ""Кызыл-Сууйская средняя школа имени Мукаша Омуралиева"""
42.72096633911133,75.51323699951172,"СШ Учреждение ""Алмалунская средняя школа имени Тентике Омуралиева"""
42.77679443359375,75.94682312011719,"СШ Учреждение ""Боролдойская средняя школа Кеминского района имени Шарафидина Конурбаева"""
42.811580657958984,75.6033935546875,СШ Жаны-Алышская средняя школа
42.78350067138672,75.99980163574219,СШ Ильичевская средняя школа
42.799232482910156,75.7464828491211,"СШ Учреждение ""Кара-Булакская средняя школа имени Кучумбая Шаболотова"""
42.80799865722656,75.79939270019531,"ОШ Учреждение ""Алтымышская основная школа """
42.815616607666016,75.81331634521484,"Учреждение ""Бейшекинская СШ Средняя школа имени А.Койгельдиева"""
42.746063232421875,76.16010284423828,"СШ Учреждение ""Средняя школа им.А.Токомбаева"""
42.73283004760742,76.12045288085938,"СШ Учреждение ""Кара-Дюбинская средняя школа имени Самудун Кудайбергенова"""
42.767879486083984,76.15723419189453,Белек Солтоноев атындагы Тегирменти орто мектеби
42.78583526611328,75.898193359375,"Кичи-Кеминская средняя школа имени Б.М.Юнусалиева"""
42.767921447753906,75.73345947265625,"СШ Учреждение ""Кызыл-Октябрьская средняя школа имени Апсамата Аширбаева"""
42.8029670715332,75.6378173828125,"СШ Учреждение ""Ак-Бекетская средняя школа им.Мусакан Чыналиевича Кашаган"""
42.81498336791992,75.50424194335938,"СШ Учреждение ""Средняя школа имени Абдыкайыра Казакбаева"""
42.79741668701172,75.56533813476562,СШ Ак-Тилекская  средняя школа
42.77610397338867,75.50970458984375,"СШ Учреждение ""Самансурская средняя школа имени Омурзака Конурбаева"""
42.73347091674805,76.07381439208984,"СШ Учреждение ""Средняя школа им.Шабдан Ата"""
42.72221374511719,76.08496856689453,"СШ Учреждение ""Калмак-Ашуунская средняя школа имени Болота Бейшеналиева Кеминского района Чуйской области"""
42.78562927246094,75.7183837890625,"СШ Учреждение ""Средняя школа им.Асанкула Акаева"""
42.70596694946289,76.05860137939453,"СШ Учреждение ""Средняя школа имени Абдрайыма Чуйнкелеева"" Кеминского района Чуйской области"
42.880165100097656,76.1391830444336,"СШ Учреждение ""Ак-Тюзская средняя школа"""
42.694210052490234,74.02232360839844,"СОШ Учреждение ""Средняя общеобразовательная школа имени профессора Н.Бакирова"""
42.68377685546875,74.05941772460938,"СОШ Учреждение ""Средняя общеобразовательная школа имени Сабыркула Сасанбаевича Усубалиева"""
42.77894592285156,74.04170989990234,Средняя школа имени Ленина
42.67201232910156,74.00827026367188,"СОШ Учреждение ""Средняя общеобразовательная школа имени Абдыкула Жапарова"""
42.683677673339844,73.99443817138672,"Средняя общеобразовательная  школа  Учреждение ""Средняя общеобразовательная школа имени Качкынбая Артыкбаева"""
42.753387451171875,74.02058410644531,"СОШ Учреждение ""Средняя общеобразовательная школа имени Салкына Бегалиевой"""
42.71833801269531,74.01481628417969,"СОШ Учреждение ""Средняя общеобразовательная школа имени Тилекмата"""
42.853607177734375,74.22229766845703,СОШ имени Ясыра Шиваза
42.85297393798828,74.24203491210938,"СОШ Учреждение ""Средняя общеобразовательная школа имени Арли Арбуду"""
42.858089447021484,74.22795867919922,"СОШ Учреждение ""Средняя общеобразовательная школа имени Арзи Исмаева"""
42.91170883178711,74.22163391113281,"СОШ Учреждение ""Средняя общеобразовательная школа Беш-Курюк"""
42.79935073852539,74.2135009765625,"СОШ Учреждение ""Октябрьская средняя общеобразовательная школа № 1"""
43.0613899230957,73.9941635131836,"СОШ Учреждение ""Средняя общеобразовательная школа ""Беш-Терек"""
42.821388244628906,74.09916687011719,"СОШ Учреждение ""Первомайская средняя общеобразовательная школа """
42.85677719116211,74.14385223388672,"Учреждение ""Беловодская средняя общеобразовательная школа №2 имени В.В.Степаненко"""
42.83250045776367,74.1361083984375,"ШЛ Учреждение ""Беловодская школа-лицей №3"""
42.816017150878906,74.09207153320312,"СОШ Учреждение ""Средняя общеобразовательная школа имени Курманбека Сыйданова"""
42.83831787109375,74.11656951904297,"ШИ Учреждение ""Беловодская специальная общеобразовательная (вспомогательная) школа-интернат"""
42.86790466308594,74.09019470214844,"СОШ Учреждение ""Средняя общеобразовательная школа имени Акмата Сыдыкова"""
42.84264373779297,74.01107025146484,"ШИ Учреждение ""Специальная общеобразовательная школа-интернат для детей и подростков, нуждающихся в особых условиях воспитания"""
42.82735824584961,74.06416320800781,"СОШ Учреждение ""Средняя общеобразовательная школа имени Черняховского"""
42.84264373779297,74.01107025146484,Петровская средняя общеобразовательная школа
42.88469314575195,74.06192779541016,"НШ Учреждение ""Начальная школа ""Кызыл-Туу"""
42.81638717651367,74.11583709716797,"Учреждение ""Ак-Суйская средняя общеобразовательная школа №4"""
42.80900955200195,74.10215759277344,Ак-Суйская средняя общеобразовательная школа №1
42.95438003540039,74.05671691894531,"СОШ Учреждение ""Средняя общеобразовательная школа имени Мирдина Тугельбаева"""
42.92188262939453,74.06684875488281,"СОШ Учреждение ""Средняя общеобразовательная школа имени Шаршенкула Баялиева"""
42.85480499267578,74.1723403930664,"СОШ Учреждение ""Средняя общеобразовательная школа имени Б.Г.Бажана"""
42.8507080078125,74.17416381835938,"Учреждение ""Садовская средняя общеобразовательная школа имени Н.П. Мирошниченко"""
42.92475128173828,74.12371826171875,"СОШ Учреждение ""Сретенская средняя общеобразовательная школа """
42.873741149902344,74.11858367919922,"СОШ Учреждение ""Средняя общеобразовательная школа имени Ташмата Арыкова"""
43.10871505737305,74.08981323242188,"СОШ Учреждение ""Средняя общеобразовательная школа имени Бердигула"""
43.031455993652344,74.0733871459961,"СОШ Учреждение ""Средняя общеобразовательная школа Целинная"""
43.030555725097656,74.13027954101562,"СОШ Учреждение ""Средняя общеобразовательная школа ""Спартак"""
43.00707244873047,74.19799041748047,"ООШ Учреждение ""Основная образовательная школа ""Красный Пахарь"""
42.82925033569336,73.6754379272461,"ШЛ Учреждение ""Каиндинская школа-лицей №1 имени В.В.Казаченко"""
42.81611633300781,73.67548370361328,"СШ Учреждение ""Каиндинская средняя школа № 3"""
42.830810546875,73.68743896484375,"ШГ Учреждение ""Каиндинская школа-гимназия имени Кульсары Сулаймановой"""
42.817726135253906,73.78477478027344,"СШ Учреждение ""Вознесеновская средняя школа """
42.68560791015625,73.77644348144531,"СШ Учреждение ""Средняя школа им.Кубата Жуматаева"""
42.90380096435547,73.59095001220703,"СШ Учреждение ""Кюрпюльдекская средняя школа им.Камчыбека Ибраималиева"""
42.89099884033203,73.63728332519531,"СШ Учреждение ""средняя общеобразовательная школа имени Жениша Болотбекова"""
42.893699645996094,73.52521514892578,"СШ Учреждение ""Средняя школа Ровное"""
42.70370864868164,73.75485229492188,"СШ Учреждение ""Средняя школа им.Жумагулова Карыпбека"""
42.705055236816406,73.77644348144531,"СШ Учреждение ""Средняя школа им.Орозалы Текеева"""
42.781795501708984,73.71070861816406,"СШ Учреждение ""Средняя школа им.Е.Кожомкулова"""
42.71735382080078,73.60875701904297,ШИ Панфиловская школа-интернат для детей сирот и детей без попечения родителей
42.791194915771484,73.6656265258789,"СШ Учреждение ""Панфиловская средняя школа-комплекс"""
42.791439056396484,73.7041244506836,"СШ Учреждение ""Средняя школа им. А.Осмонова"""
42.80157470703125,73.625732421875,"СШ Учреждение ""Средняя школа им.М.Шейшеналиева"""
42.84370040893555,73.65370178222656,"СШ Учреждение ""Жайильминская средняя школа им. Асана Раимкулова"""
42.74300003051758,73.66998291015625,"СШ Учреждение ""Орто-Арыкская средняя школа им. А.Тилекеева"""
42.804054260253906,73.7422103881836,"СШ Учреждение ""Эфироносская средняя школа имени С.Молдокулова"""
42.94831848144531,73.63794708251953,СШ Чалдоварская средняя школа №1 им. В.Я. Захарченко
42.806983947753906,73.55595397949219,"СШ Учреждение ""Чалдоварская средняя школа № 3"""
42.82086181640625,73.51811218261719,"СШ Учреждение ""Чалдоварская средняя школа № 2"""
42.75078582763672,73.50342559814453,"НШ Учреждение ""Чолок-Арыкская начальная школа """
42.73887252807617,73.60636138916016,"ОШ Учреждение ""Чорголинская основная школа"""
42.8174934387207,73.53531646728516,"СОШ Учреждение ""Средняя общеобразовательная школа совхоза ""Чалдыбар"""
42.94089889526367,73.56023406982422,"СШ Учреждение ""Октябрьская средняя школа """
43.007667541503906,73.63216400146484,"НШ Учреждение ""Начальная школа ""Береке"""
42.85711669921875,74.34236907958984,"ШГ Учреждение ""школа-гимназия №1 г.Шопокова"""
42.86465072631836,74.3350830078125,"ШЛ Учреждение ""Эколого-экономическая школа-лицей г. Шопокова Сокулукского района"""
43.0030403137207,74.43464660644531,"ШЛ Учреждение ""Ат-Башинская школа-лицей"""
42.94459915161133,74.48478698730469,"СШ Учреждение ""Раздольненская средняя школа """
43.030555725097656,74.35923767089844,"СШ Учреждение ""Торт-Кульская средняя школа """
42.675167083740234,74.23538208007812,"СШ Учреждение ""Средняя школа имени Рабкома Кулданова"""
42.668270111083984,74.23456573486328,"ШИ Учреждение ""Белогорская общеобразовательная санаторная школа-интернат"""
42.87849044799805,74.4419937133789,"Учреждение ""Военно-Антоновский учебно-воспитательный комплекс-гимназия"""
42.87236785888672,74.44671630859375,"Учреждение ""Военно-Антоновский детский дом для детей-сирот и детей, оставшихся без попечения родителей"""
42.86638259887695,74.35134887695312,"ШК Учреждение ""Гавриловская школа-комплекс"""
42.760581970214844,74.32238006591797,"СШ Учреждение ""Средняя школа имени Нуркамал Жетикашкаевой"""
43.10886764526367,74.38774871826172,"СШ Учреждение ""Жаны-Жерская средняя школа-комплекс"""
43.11786651611328,74.42244720458984,"НШ Учреждение ""Жаны-Жерская неполная средняя школа  №2"""
43.13816833496094,74.26592254638672,"СШ Учреждение ""Джаны-Пахтинская средняя школа """
43.118743896484375,74.24291229248047,"НСШ Учреждение ""Джаны-Пахтинская неполная средняя школа """
43.16749954223633,74.37122344970703,"НСШ Учреждение ""Нижне-Чуйская неполная средняя школа """
43.21520233154297,74.24451446533203,"СШ Учреждение ""Камышановская средняя школа """
42.76731491088867,74.19393157958984,"СШ Учреждение ""Средняя школа им.Бейшеналы"""
42.76201629638672,74.1987533569336,"СШ Учреждение ""Средняя школа имени Биримкула """
42.80101776123047,74.44670104980469,"СШ Учреждение ""Средняя школа имени Бегималы Джамгырчинова"""
42.83580017089844,74.33668518066406,"СШ Учреждение ""Средняя школа имени Дуйшонкула Шопокова"""
42.83745574951172,74.32579040527344,"СШ Учреждение ""Средняя школа имени Дайыра Доронбекова"""
42.7806282043457,74.4580307006836,"СШ Учреждение ""Средняя школа имени Нурлана Рахманова"""
42.85559844970703,74.2870101928711,"Учреждение ""Сокулукская СШ Средняя школа №2"""
42.84602737426758,74.30548095703125,"СШ Учреждение ""Средняя школа-лицей № 3 имени К.Шопоковой"""
42.859031677246094,74.30294799804688,"СШ Учреждение ""Сокулукская средняя школа №4 имени М.Жангазиева """
42.897132873535156,74.26905059814453,"НМШ Учреждения ""Аралская неполная средняя школа"""
42.799766540527344,74.24571990966797,"СШ Учреждение ""Первомайская средняя школа"""
42.79511642456055,74.363037109375,"Учреждение  средняя школа им.""Ч.Байсалбековой"""
42.8067626953125,74.38331604003906,"СШ Учреждение ""Средняя школа им.Саадаш Абдылдаевой"""
42.8453483581543,74.38063049316406,"СШ Учреждение ""Маловодненская средняя школа"""
42.804664611816406,74.3486099243164,"СОШ Учреждение ""Средняя общеобразовательная школа имени Гульсины Капаровой"""
43.20066452026367,74.33796691894531,"СШ Учреждение ""Нижне-Чуйская средняя школа №1"""
43.189476013183594,74.353271484375,"ШИ Учреждение ""Специальная начальная школа-интернат для детей с задержкой психического развития"""
42.84823989868164,74.16839599609375,"СШ Учреждение ""Нижне-Чуйская средняя школа №2"""
42.87504196166992,74.46839904785156,Новопавловская средняя школа-гимназия Сокулукского района
42.87809371948242,74.48319244384766,Новопавловский инновационный учебно-воспитательный комплекс-лицей №1 им. Ч. Айтматова Сокулукского района Чуйской области
42.763267517089844,74.23278045654297,"СШ Учреждение ""Средняя школа им.М.Жаныбаева"""
42.79458236694336,74.51239776611328,"ШГ Учреждение ""Школа-гимназия имени Рустамбека Мамыралиева"""
42.83489990234375,74.52369689941406,"СШ Учреждение ""Орокская средняя школа Сокулукского района"""
42.8983154296875,74.3429183959961,"СШ Учреждение ""Краснооктябрьская средняя школа №2"""
42.94351577758789,74.279052734375,"СОШ Учреждение ""Общеобразовательная Панфиловская средняя школа """
42.8564453125,74.17745971679688,"ШГ Учреждение ""Сокулукская школа-гимназия №1 имени Алымкула Жакшылыкова"""
42.85933303833008,74.29889678955078,"ШИ Учреждение ""Сокулукская специальная общеобразовательная школа-интернат для детей с тяжелыми нарушениями речи"""
42.91691589355469,74.43190002441406,ШЛ Учреждение Фрунзенская школа-лицей №1
42.95298385620117,74.46728515625,"СОШ Учреждение ""Общеобразовательная средняя школа с.Комсомольское"""
42.94388198852539,74.39338684082031,"СШ Учреждение ""Фрунзенская средняя школа №2"""
42.938934326171875,74.34431457519531,Средняя школа имени Зууракан Кайназаровой
42.8001823425293,74.31024932861328,"СШ Учреждение ""Средняя школа имени А.Куттубаева"""
42.972900390625,74.31136322021484,"СШ Учреждение ""Средняя школа им.Зууры Кадыркуловой"""
42.81381607055664,75.24430084228516,Средняя школа имени Ж.Баласагына села Ак-Бешим Чуйского района
42.0,74.0,"ШИ Учреждение ""Чуйская школа-интернат для детей сирот и детей,оставшихся без попечения родителей"""
42.78797149658203,75.2609634399414,"НСШ Учреждение ""Неполная средняя школа им.С.Сыдыгалиева с.Жаныжол"""
42.63690948486328,75.40001678466797,"СШ Учреждение ""Средняя школа им.Т.Онолбаева с.Калыгул"""
42.752193450927734,75.22073364257812,"СШ Учреждение ""Средняя школа им.Калчи с.Донарык"""
42.77674865722656,75.30496978759766,"СШ Учреждение ""Средняя школа им. А.Жансейитова с.Мээнеткеч"""
42.81297302246094,75.42794036865234,"СШ Учреждение ""Искринская средняя школа с.Искра"""
42.687713623046875,75.31951141357422,"СШ Учреждение ""Средняя школа села Кошой"""
42.7459831237793,75.32965087890625,"НСШ Учреждение ""Неполная средняя школа им.Ж.Саадаева с.Кызыл-Аскер"""
42.68412399291992,75.31600189208984,"НСШ Учреждение""Неполная средняя школа им.Р.К.Тельтаевой с.Ленина Чуйского района"""
42.68415832519531,75.3188705444336,СШ Средняя школа им. Борончиева
42.69068145751953,75.18505096435547,"СШ Учреждение ""Средняя школа им.О.Исаева с.Кегети"""
42.62913513183594,75.16214752197266,"СШ Учреждение ""Средняя школа им.А.Токоева с.Арпатектир"""
42.716552734375,75.11900329589844,"СШ Учреждение ""Средняя школа села Советское"""
42.72868347167969,75.18144989013672,"НСШ Учреждение ""Неполная средняя школа имени А.Жаманбаева села Чапаева"""
42.75381851196289,75.4291000366211,Кош-Коргон айылы Туйту Каракеев атындагы орто мектеби
42.73305892944336,75.39020538330078,"СШ Учреждение ""Прогресская средняя школа"""
42.69132614135742,75.39978790283203,"Комплексное образовательное учреждение для детей дошкольного и школьного возраста-начальная школа-детский сад ""Алтын Уя"""
42.70661544799805,75.44868469238281,"СШ Учреждение ""Средняя школа имени Байдылды Маленова села Маданият"""
42.69621658325195,75.41835021972656,"СШ Учреждение ""Средняя школа им.Абдыралы Керимбаева"""
42.81148147583008,75.370849609375,"СШ Учреждение ""Средняя школа имени Сооронбай уулу Дур села Сайлык"""
42.82324981689453,75.28131866455078,"СШ Учреждение ""Средняя школа №2 с.Чуй им.С.Ибраимова Чуйского района Чуйской области"""
42.81999969482422,75.28911590576172,Средняя школа № 1 им. В.Ф. Маркова села Чуй
42.85660171508789,75.20092010498047,"СШ Учреждение ""Средняя школа села Арал"""
42.765377044677734,75.37815856933594,"СШ Учреждение ""Средняя школа им.Исы Укуева"""
42.69536590576172,75.36666870117188,"СШ Учреждение ""Средняя школа села Шамшы им.Рысменде уулу Акмат"""
42.66297149658203,75.39112091064453,"НСШ Учреждение ""Неполная средняя школа им.Токторбаева Жумагазы села Чон Жар Чуйского района Чуйской области"""
42.84696578979492,75.30867004394531,"СШ Учреждение ""Средняя школа №10 имени Ю.М.Дунларова г.Токмок"""
42.84400177001953,75.32174682617188,"НСШ Учреждение ""Неполная средняя школа №13 г.Токмок"""
42.847984313964844,75.2890853881836,"СШ Учреждение ""Средняя школа №6 г.Токмок"""
42.83537292480469,75.25238037109375,"СШ Учреждение ""Средняя школа №2 г.Токмок"""
42.85136795043945,75.29598236083984,"СОШ Учреждение ""Общеобразовательная средняя школа-лицей №11 г.Токмок"""
42.83440017700195,75.28506469726562,"СШ Учреждение ""Средняя школа гимназия №1 им.А.С.Пушкина г.Токмок"""
42.827232360839844,75.3079833984375,"СШ Учреждение ""Средняя школа №12 г.Токмок"""
42.78838348388672,75.30545043945312,"СШ Учреждение ""Средняя школа №7 г.Токмок"""
42.851016998291016,75.29786682128906,"НШ Учреждение ""Начальная школа №4 города Токмок"""
42.817501068115234,75.32745361328125,"СШ Учреждение ""Средняя школа №8 имени Алыкул Осмонова города Токмок"""
42.83513259887695,75.29966735839844,"СШ Учреждение ""Средняя школа №5 городаТокмок"""
42.78346633911133,75.30448150634766,Средняя школа №9 г.Токмок
42.840885162353516,75.30248260498047,"СОШ ""Средняя школа № 3 г. Токмок"""
42.871826171875,74.54438018798828,"СОШ Учреждение ""Средняя общеобразовательная школа №50"""
42.879093170166016,74.58536529541016,"СОШ Учреждение ""Средняя общеобразовательная школа №2"""
42.86452865600586,74.56327819824219,"СОШ Учреждение ""Средняя общеобразовательная школа №7 Ленинского района г.Бишкек"""
42.870567321777344,74.57362365722656,СОШ Учреждение Общеобразовательная средняя школа № 8 имени Узакбая Абдукаимова
42.80601119995117,74.55975341796875,СОШ Средняя общеобразовательная школа №31
42.854366302490234,74.54188537597656,"СОШ Учреждение ""Средняя общеобразовательная школа №40"""
42.824161529541016,74.56193542480469,"СОШ Учреждение ""Средняя общеобразовательная школа №42 Ленинского района г.Бишкек"""
42.862361907958984,74.5447006225586,СОШ Средняя общеобразовательная школа №44
42.87186813354492,74.55786895751953,"СОШ Учреждение ""Средняя общеобразовательная школа №57 Ленинского района г.Бишкек"""
42.810630798339844,74.54866790771484,СОШ Средняя общеобразовательная школа №79
42.84112548828125,74.56394958496094,"ШГ Учреждение ""школа-гимназия №72 имени Абдыкерима Сыдыкова Ленинского района г.Бишкек"""
42.834476470947266,74.56732177734375,"СОШ Учреждение ""Средняя общеобразовательная школа №80"" имени Шералы Назаркулова Ленинского района г.Бишкек"""
42.86057662963867,74.53767395019531,"СОШ Учреждение ""Средняя общеобразовательная школа №59"""
42.81016159057617,74.53502655029297,"НСШ Учреждение ""Неполная средняя школа №90 Ленинского района г.Бишкек"""
42.872535705566406,74.5802001953125,"ШГ Учреждение ""школа-гимназия УВК Учебно-воспитательный комплекс №68 города Бишкек"""
42.86846160888672,74.58319091796875,"ШГ Учреждение ""Школа-гимназия №13 с углубленным изучением английского языка"""
42.85811996459961,74.57862854003906,"СОШ ""Средняя общеобразовательная школа-лицей №74 с углубленным изучением отдельных предметов и дополнительными услугами образования"""
42.879417419433594,74.57444763183594,"УВК Учреждение ""Учебно-воспитательный комплекс школа-гимназия №9"""
42.873634338378906,74.55785369873047,"ВШ Учреждение ""Образовательная организация ""Специальная (вспомогательная) школа №22 г.Бишкек"""
42.79999923706055,74.5,"ЛЦ Учpеждение ""Кыpгызский госудаpственный национальный военный лицей имени геpоя Советского Союза,генеpал-майоpа Асанова Даиpа Асановича"""
42.85057830810547,74.53943634033203,"ШИ Учреждение ""Художественная школа-интернат при Национальной Академии художеств Кыргызской Республики имени академика Тургунбая Садыкова"""
42.82046890258789,74.54927062988281,"СОШ Учреждение ""Средняя общеобразовательная школа №93"""
42.833152770996094,74.5654296875,"Учреждение общеобразовательная организация ""Учебно-воспитательный комплекс школа-гимназия №95"""
42.8514404296875,74.57969665527344,Средняя общеобразовательная школа №25
42.810672760009766,74.58283233642578,"СОШ Учреждение ""Средняя общеобразовательная школа №58"""
42.8735466003418,74.60808563232422,"УВК Учреждение ""Учебно-воспитательный комплекс школы-гимназии №17 имени А.С.Пушкина"""
42.87800598144531,74.54774475097656,"СОШ Учреждение ""Средняя общеобразовательная школа №3 Октябрьского района"""
42.890281677246094,74.57062530517578,"СОШ Учреждение ""Средняя общеобразовательная школа №14"" Октябрьского района г.Бишкек"
42.87694549560547,74.53751373291016,"СОШ Учреждение ""Средняя общеобразовательная школа №56 Октябрьского района г.Бишкек"""
42.890785217285156,74.5485610961914,"СОШ Учpеждение ""Сpедняя общеобpазовательная школа №60"" Октябрьского района г.Бишкек"
42.84592819213867,74.59847259521484,"УВК Учреждение ""Учебно-воспитательный комплекс школа гимназия №62"""
42.8948860168457,74.59205627441406,"СОШ Учреждение ""Средняя общеобразовательная школа-интернат №71 имени Тоголок Молдо для детей-сирот и детей, оставщихся попечения родителей Октябрьског"
42.875972747802734,74.60247802734375,Общеобразовательное учреждение учебно-воспитательный комплекс школа-гимназия №20 г.Бишкек
42.84054183959961,74.6269760131836,"ГК Учреждение ""Гимназия-комплекс №26 с углубленным изучением французского языка"""
42.88922119140625,74.5562744140625,"ШГ Учреждение ""школа-гимназия №37"""
42.85856246948242,74.60675811767578,"ШГ Учреждение ""школа-гимназия №63 имени Чынгыза Торокуловича Айтматова"""
42.85513687133789,74.60405731201172,"ШГ Учреждение ""школа-гимназия №64"""
42.85697937011719,74.6041488647461,"ВШ Учреждение Общеобразовательное организация ""Специальная (вспомогательная) школа №34"" г.Бишкек"
42.95231246948242,74.57669067382812,"НШ Учреждение ""Начальная школа №92"""
42.845298767089844,74.58171081542969,"Учреждение ""Средняя общеобразовательная школа №47"""
42.88945388793945,74.5566177368164,Средняя общеобразовательная школа №41
42.855621337890625,74.61522674560547,"СОШ Учреждение ""Средняя общеобразовательная школа №15"""
42.90438461303711,74.59454345703125,"СОШ Учреждение ""Средняя общеобразовательная школа №18 Первомайского района г.Бишкек"""
42.83290100097656,74.62674713134766,"СОШ Учреждение ""Средняя общеобразовательная школа №27"""
42.838653564453125,74.62644958496094,"ШГ Учреждение ""школа-гимназия №48"""
42.84283447265625,74.61150360107422,"СОШ ""Средняя общеобразовательная школа №49 им.А.Толубаева г.Бишкек"""
42.83784103393555,74.62312316894531,"ШГ Учреждение ""Школа-гимназия №24"" Первомайского района г.Бишкек"
42.86824035644531,74.60462951660156,"СОШ Учреждение ""Средняя общеобразовательная школа № 83"""
42.85602569580078,74.65523529052734,"ШГ Учреждение ""Муниципальное учреждение ""Общеобразовательная организация школа-гимназия №78"""
42.85192108154297,74.68576049804688,"УВК Учреждение муниципальное ""Учебно-воспитательный комплекс школа-гимназия №70"""
42.85548782348633,74.61258697509766,"УВК Учреждение ""Авторский учебно-воспитательный комплекс школа- гимназия №6 имени И.В.Панфилова"""
42.849395751953125,74.61760711669922,"СОШ Учреждение ""Средняя общеобразовательная школа-лицей №28"""
42.82636260986328,74.62259674072266,"ЛЦ Учреждение ""Лицей Кыргызского Государственного Технического Университета им.И.Раззакова"""
42.84033966064453,74.63856506347656,"СОШ Учреждение ""Средняя общеобразовательная школа-лицей №75"""
42.81486892700195,74.63585662841797,"УВК Учpеждение ""Учебно-воспитательный комплекс №69 Т.Сатылганова"""
42.85702133178711,74.61343383789062,"БГИ Учреждение ""Бишкекская гимназия-интернат №1 имени Абдылды Каниметова"""
42.8605842590332,74.6007308959961,"ШИ Учреждение ""Специальная общеобразовательная школа-интернат для слепых и слабовидящих детей"""
42.87891387939453,74.62155151367188,"ШГ Общеобразовательное учреждение ""Школа-гимназия №4 гуманитарно-правового направления г.Бишкек"""
42.886199951171875,74.60884094238281,"СОШ Учреждение ""Средняя общеобразовательная школа №10"""
42.88714599609375,74.59190368652344,ШКОЛА-ГИМНАЗИЯ № 33 С УГЛУБЛЁННЫМ ИЗУЧЕНИЕМ ЭКОНОМИКИ И ПРАВА
42.89069366455078,74.6005859375,"СОШ Учреждение ""Средняя общеобразовательная школа №35"""
42.884681701660156,74.63784790039062,"ШГ Учреждение ""Общеобразовательная школа-гимназия №51"" Свердловского района г.Бишкек"""
42.868526458740234,74.63333129882812,"СОШ Учреждение ""Средняя общеобразовательная школа №53"""
42.86967849731445,74.62644958496094,"УВК Учреждение ""Гимназия-учебно-воспитательный комплекс"" ""школа здоровья и развития"" №66"
42.87853240966797,74.68696594238281,"СОШ Учреждение ""Средняя общеобразовательная школа №1"""
42.86851501464844,74.62203979492188,"СОШ Учреждение ""Средняя общеобразовательная школа №11"""
42.872745513916016,74.64131927490234,"Учреждение ""Средняя общеобразовательная  школа №52"" Свердловского района города Бишкек"
42.952510833740234,74.6096420288086,"НСШ Учреждение ""Неполная средняя школа №43"""
42.868473052978516,74.70020294189453,"СОШ Учреждение ""Средняя общеобразовательная школа №89"""
42.883148193359375,74.63616180419922,СОШ  средняя общеобразовательная школа №45
42.8857307434082,74.62358093261719,"УВК Учреждение ""Учебно-воспитательный комплекс-гимназия №23 имени И.В.Гете"""
42.878807067871094,74.68280792236328,"УВК Учреждение ""Учебно-воспитательный комплекс школы-гимназии №38 имени Райкана Шукурбекова"""
42.871673583984375,74.61992645263672,"УВК ""Учебно-воспитательный комплекс школы-гимназии №12"""
42.85988998413086,74.60871887207031,"УВК Общеобразовательное учреждение ""Учебно-воспитательный комплекс школа-гиназия №67"""
42.87118148803711,74.6139144897461,"ШЛ Учреждение ""Национальная школа-лицей инновационных технологий имени профессора Айдаркана Молдокулова"""
42.869205474853516,74.61981964111328,"ЛЦ Учреждение ""Эколого-экономический лицей №65"""
42.88499450683594,74.61809539794922,"ШЛ Общеобразовательное учреждение ""Профессионально-техническая школа-лицей №76"""
42.87519836425781,74.61656951904297,"Учреждение Общеобразовательная организация ""Специальная (вспомогательная) школа №30"" г.Бишкек"
42.87875747680664,74.66216278076172,"ШИ Учреждение ""Специальная общеобразовательная школа-интернат для глухих детей"""
42.878883361816406,74.664306640625,"ШИ Учреждение ""Специальная общеобразовательная школа-интернат для слабослышащих и позднооглохших детей"""
40.52006149291992,72.81440734863281,"ЛЦ Учреждение ""Лицей интернат для одаренных детей имени У.Салиевой Ошской области"""
40.477256774902344,72.80035400390625,НСШ Учреждение неполная средняя школа-интернат № 11 имени В.В.Терешковой
40.544166564941406,72.79916381835938,"ШГ Учреждение ""школа-гимназия №7 имени Н. Нариманова"""
40.525001525878906,72.80716705322266,ШГ Учреждение школа гимназия № 8 имени М. Горького
40.49309158325195,72.82576751708984,ШГ Учреждение школа гимназия № 9 имени Рудаки
40.53616714477539,72.79883575439453,СШ Учреждение Средняя школа № 10 имени В.И. Ленина
40.5223388671875,72.80855560302734,СШ Учреждение Средняя школа № 14 имени Каныбека Алтыбаева
40.54825973510742,72.78330993652344,СШ Учреждение Средняя школа № 15 имени М.Курбанова
40.50383377075195,72.8048324584961,ШГ Учреждение школа-гимназия № 16 имени 40 лет Кыргызстана
40.495792388916016,72.83753204345703,СШ Учреждение Средняя школа №1 имени А.П.Федченко
40.506168365478516,72.82233428955078,ШГ Учреждение школа-гимназия №2
40.51300048828125,72.80500030517578,ШГ Учреждение школа-гимназия №3 имени М.В. Ломоносова
40.53040313720703,72.80278015136719,ШГ Учреждение школа-гимназия № 4 имени С.М.Кирова
40.53533172607422,72.8030014038086,ШГ Учреждение школа-гимназия №6 имени А.С. Макаренко
40.600833892822266,72.7750015258789,ШГ Учреждение школа-лицей №18 имени А.Навои
40.52399826049805,72.81666564941406,СШ Учреждение Средняя школа № 19 имени Т.Г.Шевченко
40.482177734375,72.81372833251953,ШГ Учреждение школа-гимназия №20 имени Исхака Раззакова
40.529266357421875,72.7883529663086,ШГ Учреждение школа гимназия № 21 имени А.С.Пушкина
40.53116226196289,72.78677368164062,ШГ Учреждение школа гимназия № 23 имени И.В. Панфилова
40.53395462036133,72.80207824707031,СШ Учреждение Средняя школа № 24 имени М. Фрунзе
40.51802062988281,72.78557586669922,СШ Учреждение Средняя школа №26 имени Т.Сатылганова
40.56416702270508,72.80183410644531,СШ Учреждение Средняя школа- №27 имени XXIV партсъезда
40.476165771484375,72.78450012207031,СШ Учреждение Средняя школа №29
40.51551818847656,72.74423217773438,СШ Учреждения Средняя школа с гиманазическими классами № 31 имени Курманжан - Датки
40.534000396728516,72.7750015258789,СШ Учреждение Средняя школа №33 имени С. Алымкулова
40.55866622924805,72.79833221435547,ШГ Учреждение школа-гимназия №38 имени Барпы Алыкулова
40.56394958496094,72.80838012695312,СШ Учреждение Средняя школа № 39 имени 70 лет Октября
40.60049819946289,72.77383422851562,СШ Учреждение Средняя школа №40 имени С.П. Королева
40.486167907714844,72.80316925048828,СШ Учреждение Средняя школа № 41 имени Х. Абдуллаева
40.545166015625,72.77583312988281,"СШ Учреждение ""Средняя школа №43 имени З.М. Бабура"""
40.51066589355469,72.806396484375,основная школа №44
40.53896713256836,72.78695678710938,Учреждение средняя школа №46
40.52161407470703,72.80268096923828,"ШИ Учреждение ""Специальная общеобразовательная школа-интернат для слепых и слабовидящих детей г.Ош"""
40.51626968383789,72.7941665649414,СШ Учреждение Средняя школа № 49
40.497188568115234,72.81641387939453,СШ Учреждение Средняя школа № 51 имени Жусупа Баласагына
40.54072570800781,72.7912826538086,СШ Учреждение Средняя школа № 47
40.51460647583008,72.76948547363281,ШГ Учреждение школа гимназия № 50 имени П.Ж.Нышанова
40.50033187866211,72.82466888427734,ШГ Учреждение школа-гимназия №5 имени Ж. Боконбаева
40.540164947509766,72.80316925048828,"ШГ Учреждение ""школа-гимназия №22 имени С. Шарипова"""
40.50410461425781,72.77344512939453,"ШЛ Учреждение школа лицей №52 имени ""Кыргыз-Турк достугу """
40.522613525390625,72.83113861083984,СШ Учреждение Средняя школа № 53
40.50830078125,72.82878112792969,НСШ Учреждение Неполная средняя школа № 54
40.571815490722656,72.78650665283203,"ШЛ Учреждение школа лицей ""Жетиген"""
40.557037353515625,72.80514526367188,"Учреждение школа гимназия ""Олимп"""
40.544517517089844,72.80023956298828,ВШ Вспомогательная школа № 12 им.Н.К.Крупской
40.526947021484375,72.79073333740234,СШ Учреждение Средняя школа № 35 имени Жоро Атабаева
40.5419921875,72.7880859375,ШГ Учреждение школа-гимназия №36 имени Ч.Айтматова
40.492801666259766,72.82235717773438,СШ Учреждение Средняя школа № 34 имени Ч. Тулобердиева
40.472530364990234,72.83240509033203,СШ Учреждение Средняя школа №32 имени Жолона Мамытова
40.533668518066406,72.78559875488281,СШ Учреждение Средняя школа № 37 имени Гапара Айтиева
40.57344436645508,72.81084442138672,ШГ Учреждение школа-гимназия №42 Керме-Тоо
40.49393081665039,72.83547973632812,СШ Учреждение Средняя школа №45 имени М.Мырзаева
40.4907112121582,72.83015441894531,"СШ Учреждение Средняя школа №25 ""Алмалык"""
41.38199996948242,71.58908081054688,"СОШ Учреждение ""Средняя Общеобразовательная школа №10 имени А.Юсупалиева"""
41.380741119384766,71.58589172363281,"СОШ Учреждение ""Средняя общеобразовательная школа имени №40 имени Ч.Айтматова"""
41.42848587036133,71.654052734375,"СОШ Учреждение ""Средняя Общеобразовательная школа №8 Октябрь Ала-Букинского"""
41.431182861328125,71.64981079101562,"ШГ Учреждение ""Школа-гимназия№35 Сафед-Булан Ала-Букинского района"""
41.38307189941406,71.5914535522461,"ООШ Учреждение ""Основная Общеобразовательная школа №46 Багы-Шамал Ала-Букинского района"""
41.391197204589844,71.63216400146484,"СОШ Учреждение ""Средняя Общеобразовательная школа №9 имени Токтосун Жоробаева"""
41.32636260986328,71.58452606201172,"ООШ Учреждение ""Основная Общеобразовательная школа №42 имени Х.Исаева"""
41.46576690673828,71.60778045654297,"СОШ Учреждение ""Средняя Общеобразовательная школа №7 имени Н.Бекменбетова"""
41.455936431884766,71.57685852050781,"СОШ Учреждение ""Средняя Общеобразовательная школа №6 имени М.Эргешова"""
41.430267333984375,71.53623962402344,"СОШ Учреждение ""Средняя Общеобразовательная школа №5 имен Ы.Чангылова"""
41.38980484008789,71.48333740234375,"ООШ Учреждение ""Основная Общеобразовательная школа №44 имени Р.Абдысаматовой"""
41.397308349609375,71.49517822265625,"СОШ Учреждение  ""Средняя общеобразовательная школа №2 имени А.Тураббаева"""
41.41810989379883,71.48332977294922,"СОШ Учреждение ""Средняя Общеобразовательная школа №3 имени Нуркул Орозалиева"""
41.40385818481445,71.48807525634766,"СОШ Учреждение ""Средняя Общеобразовательная школа №1 имени Т.Балтагулова"""
41.41083526611328,71.46324157714844,СОШ Средняя Общеобразовательная школа №16 имени А.Навои
41.39912414550781,71.46751403808594,"СОШ Учреждение ""Средняя Общеобразовательная школа №15 имени Ж.Боконбаева"""
41.42384719848633,71.48438262939453,СОШ Средняя школа №4 имени А.Акпаралиева
41.21076583862305,71.23707580566406,"СОШ Учреждение ""Средняя Общеобразовательная школа №24 имени Токтогула Ала-Букинского района"""
41.198387145996094,71.22388458251953,НОШ Начальная школа имени М.Тойчубекова
41.23374557495117,71.21484375,НОШ Начальная школа имени Т.Мизраимова
41.25648498535156,71.18285369873047,"СОШ Учреждение ""Средняя Общеобразовательная школа №25 имени М.Турсунбекова"""
41.18810272216797,71.2780532836914,СОШ Средняя школа №33 Кошболот Алабукинского района
41.39373779296875,71.4266586303711,"СОШ Учреждение ""Средняя Общеобразовательная школа №17 имени А.Жуманазарова"""
41.4000244140625,71.37728118896484,"НОШ Учреждение ""Начальная Общеобразовательная школа №29 Ынтымак Ала-Букинского района"""
41.435455322265625,71.4217758178711,"СОШ Учреждение ""Средняя школа №18 имени Ж.Бешимова"""
41.383567810058594,71.41240692138672,ОШ Основная школа №37 Учтерек
41.128971099853516,71.40904235839844,"СОШ Учреждение ""Средняя Общеобразовательная школа №19 имени М.Алымбекова"""
41.129295349121094,71.40856170654297,"ШГ Учреждение ""Школа-гимназия№39 Айры-Там Ала-Букинского района"""
41.309730529785156,71.25141143798828,"СОШ Учреждение ""Средняя Общеобразовательная школа №23 имени Ч.Кулумбетова"""
41.31703186035156,71.21095275878906,НОШ Начальная школа Эгемберди Бакиева №38
41.16319274902344,71.44344329833984,"СОШ Учреждение ""Средняя Общеобразовательная школа №26 Жаны-Шаар Ала-Букинского района"""
41.26496124267578,71.37034606933594,"СОШ Учреждение ""Средняя Общеобразовательная школа №30 Кара-Ункур Ала-Букинского района"""
41.176151275634766,71.38414001464844,"СОШ Учреждение ""Средняя Общеобразовательная школа №20 Ажек Ала-Букинского района"""
41.19843292236328,71.43901062011719,"СОШ Учреждение ""Средняя Общеобразовательная школа №21 Совет Ала-Букинского района"""
41.33736038208008,71.59324645996094,СОШ Средняя Общеобразовательная школа №13 имени Д.Осмоналиева
41.327823638916016,71.50264739990234,"СОШ Учреждение ""Средняя Общеобразовательная школа №14 имени Н.Жайлообаева"""
41.3724250793457,71.56549072265625,"ООШ Учреждение ""Основная Общеобразовательная школа №34 имени А.Ботоева"""
41.37325668334961,71.5577163696289,"СОШ Учреждение ""Средняя Общеобразовательная школа №11 имени Р.Кулуева"""
41.347679138183594,71.51324462890625,"СОШ Учреждение ""Средняя Общеобразовательная школа №27 имени М.Сарыбаева"""
41.38002395629883,71.51646423339844,"ООШ Учреждение ""Основная Общеобразовательная школа №28 имени Нурмолдо Ала-Букинского района"""
41.14913558959961,71.12080383300781,"СОШ Учреждение ""Средняя Общеобразовательная школа №31 имени Р.Исакова"""
41.25571823120117,71.22942352294922,"СОШ Учреждение ""Средняя Общеобразовательная школа №22 имени А.Жумабаева"""
41.18571853637695,71.04943084716797,НОШ Начальная школа Кулпексай
41.186222076416016,71.95394134521484,"НОШ Учреждение ""Начальная Общеобразовательная школа №32 Чон-Сай Ала-Букинского района"""
41.0111198425293,72.81864166259766,"ШГ Учреждение ""Школа-гимназия №6 имени Бекмамат Осмонова"""
40.99272537231445,72.79898834228516,"СОШ Учреждение ""Средняя школа №51 имени Палванова Осо"""
40.997283935546875,72.78839874267578,"ШГ Учреждение ""Школа-гимназия №5 имени Токтогула"""
40.983333587646484,72.77438354492188,СОШ Общеобразовательная Средняя школа №35 имени Тешебай Исак уулу
40.95018005371094,72.82855224609375,ОШ Основная школа имени Мураталиева Замира
41.0157585144043,72.83877563476562,"НОШ Учреждение ""Начальная общеобразовательная школа имени Батма Абдрахмановой"""
41.03140640258789,72.75122833251953,СОШ Средняя школа №2 имени Ахмаджон Нишанбаева Базаркоргонского района
41.02760314941406,72.73858642578125,"СОШ Учреждение ""Общеобразовательная Средняя школа №4 имени А.Навои"""
41.027549743652344,72.73162841796875,"СОШ Учреждение ""Средняя школа №26 имени"
41.064292907714844,72.7711181640625,"ООШ Учреждение ""Основная общеобразовательная школа имени Колдошевой Урматкан"""
41.02037811279297,72.71710968017578,ОШ Основная школа имени Турдукан Жумабаевой
41.040618896484375,72.74700927734375,"ШГ Учреждение ""Инновационная Школа-гимназия №30 имени Олмаскан Атабековой"""
41.03013229370117,72.75225067138672,ШГ Школа-гимназия № 1 имени Макаренко
41.038387298583984,72.75364685058594,"СОШ Учреждение ""Средняя общеобразовательная ШГ Школа-гимназия №3 имени З.М.Бабура"""
41.03195571899414,72.7450942993164,ИГ Школа интернат-гимназия имени Ж.Боконбаева
41.1368408203125,72.88905334472656,СОШ Учреждение Общеобразовательная Средняя школа №23 имени Абдулла Эралиева
40.98307418823242,72.7325439453125,СОШ Средняя школа №24 имени С.Нурдавлетова
41.043460845947266,72.79547119140625,"ШГ Учреждение ""Школа-гимназия №7 имени Мухтар Мамбеталиева"""
41.019622802734375,72.78997039794922,СОШ Средняя школа №42 имени Кенжекул Сооронбаева Базаркоргонского района
41.04702377319336,72.81948852539062,СОШ Средняя школа №22 имени Тагай улуу Камала
41.08645248413086,72.81327819824219,"СОШ Учреждение ""Общеобразовательная Средняя школа №8 имени Сулайманкулова Жоробека"
41.33651351928711,72.91834259033203,"СОШ Учреждение ""Общеобразовательная Средняя школа №19 имени Арсланбоба"
41.334163665771484,72.93343353271484,"СОШ Учреждение ""Общеобразовательная Средняя школа №34 имени Юрия Исламова"
41.353919982910156,72.93955993652344,"ООШ Учреждение основная общеобразовательная школа ""Кош-Терек"""
41.26119613647461,72.84270477294922,"СОШ Учреждение ""Общеобразовательная Средняя школа №53 имени Мамажан Эргешова"
41.287254333496094,72.96736907958984,"СОШ Учреждение ""Общеобразовательная Средняя школа №39 ""Бел-Терек"""
41.3110466003418,72.96391296386719,СОШ Средняя школа №18 имени Адиша Тагаева Базар-Коргонского района
41.28188705444336,72.8927230834961,"СОШ Учреждение ""Общеобразовательная Средняя школа №29 имени Акмат Монокбаева"
41.36106872558594,73.0717544555664,СОШ Средняя школа 21 имени С.Ташиева
41.343223571777344,73.20182037353516,СОШ Средняя школа №48 имени Чыйбылова Манапа Базаркоргонского района
41.262081146240234,73.01919555664062,"ШГ Учреждение ""Школа-гимназия №17 имени Сатыбалды Далбаева"""
41.21843338012695,72.942138671875,СОШ Средняя школа №41 имени Жусубали уулу Жолдоша
41.278968811035156,72.99116516113281,СОШ Средняя школа №50 имени М.Кадырова
41.2407112121582,72.96920013427734,СОШ Средняя школа №15 имени Жумалы
41.25489044189453,73.0037612915039,СОШ Средняя образовательная школа №36 имени С.Балтабаева Базар-Курганского района
41.2531623840332,73.01056671142578,"СОШ Учреждение ""Средняя школа №16 имени К.Рахманова"""
41.21332550048828,72.9487075805664,СОШ Средняя школа №28 имени А.Шеркулова
40.94297790527344,72.59203338623047,"Учреждение  ""Средняя школа №37 имени Сайдикума"""
40.98776626586914,72.7043228149414,СОШ Средняя школа № 49 имени У.Сыдыкова Базаркоргонского района
40.94416427612305,72.56484985351562,"НШ Учреждение ""Начальная образовательная школа ""Дукур"""
40.9631233215332,72.64623260498047,"НШ Учреждение ""Начальная образовательная школа имени Сатыбалды Абдукеримова"""
40.94630813598633,72.62158203125,"СОШ Учреждение ""Средняя школа №10 имени М.В.Фрунзе"""
40.91905975341797,72.58599853515625,"СОШ Учреждение ""Средняя школа №43 имени Улукбека"""
40.97980499267578,72.6656723022461,"СОШ Учреждение ""Общеобразовательная Средняя школа №44 имени Анакыз Жумабаевой"
41.155433654785156,72.8821792602539,"СОШ Учреждение ""Общеобразовательная Средняя школа №33 имени Жусуп Турусбекова"
41.2290153503418,72.85211944580078,"СОШ Учреждение ""Общеобразовательная Средняя школа №32 имени Жоробай Канашева"
41.24545669555664,72.84227752685547,"ОСШ Учреждение ""Общеобразовательная Средняя школа №20 имени Анвар Махмадалиева"
41.19395446777344,72.8540267944336,"СОШ Учреждение ""Общеобразовательная Сред№ 45 Акун  Тарыхчинев няя школа №45 имени Акун Тарыхчиева"
41.28371047973633,73.0597915649414,"СОШ Учреждение ""Общеобразовательная Средняя школа №27 имени Рыскул Чойбекова"
41.18836212158203,72.91566467285156,"СОШ Учреждение ""Общеобразовательная Средняя школа №46 ""Кыргоо"""
41.06593322753906,72.73564147949219,"СОШ Учреждение ""Средняя Общеобразовательная школа №12 имени Капарбека"""
41.0652961730957,72.7525863647461,ОШ Основная школа имени А.Юсупова Базар-Коргонского района
41.060951232910156,72.7098159790039,"ООШ Учреждение ""ООШ Основная образовательная школа имени Баказа Абдрашова"""
41.06256103515625,72.73258209228516,ШГ Школа-гимназия №11 имени Маматжан Алыкулова
41.08101272583008,72.73717498779297,"СОШ Учреждение ""Средняя Общеобразовательная школа №31 имени А.Абдрахманова"""
41.20008850097656,72.80015563964844,"СОШ Учреждение ""Общеобразовательная Средняя школа №38 имени Алтая Осмонова"
41.22722244262695,72.8035659790039,ОШ Основная школа имени К.Салбанова
41.09940719604492,72.78903198242188,СОШ Средняя школа №25 имени К.Артыкалиева
41.040767669677734,72.71778106689453,"СОШ Учреждение ""Общеобразовательная Средняя школа №40 имени В.Г.Белинского"
41.09702682495117,72.75027465820312,Средняя школы  №52  генерала Кубанычбека Бакиева
41.08985900878906,72.76283264160156,"Школа-гимназия №14 ""1 Мая"""
41.12165069580078,72.79032135009766,"СОШ Учреждение ""Средняя школа №47 имени Баридина Саипова"""
41.1065673828125,72.7212142944336,"СОШ Учреждение ""Средняя Общеобразовательная школа №13 имени Б.Анаркулова"""
41.11320114135742,72.73404693603516,ООШ Учреждение основная общеобразовательная школа имени Турдумат Исманова
41.48844909667969,71.74894714355469,"СОШ Учреждение ""Средняя Общеобразовательная школа №35 имени Темиркул Умоталиева"""
41.49300003051758,71.7515869140625,"СОШ Учреждение ""Средняя Общеобразовательная школа №1Таш-Добо имени Сармат Качыкеева"""
41.470001220703125,71.76475524902344,"ООШ Учреждение ""Основная Общеобразовательная школа №48 имени Кубатбека Омуралиева"""
41.479915618896484,71.7376480102539,"СОШ Учреждение ""Средняя Общеобразовательная школа №49 Ынтымак имени Виктор Линского"""
41.48809814453125,71.74878692626953,"СОШ Учреждение ""Средняя Общеобразовательная школа №36 имени Жоомарта Боконбаева"""
41.509063720703125,71.78340911865234,ЛЦ Кербенский лицей-интернат №14 имени Жунай Мавлянова
41.60209274291992,71.81671142578125,"СОШ Учреждение ""Средняя Общеобразовательная школа №27 имени Абдрахмана Жоробекова"""
41.519317626953125,71.75416564941406,"СОШ Учреждение ""Средняя Общеобразовательная школа №6 имени Надыра Мамбетова"""
41.50196838378906,71.73719787597656,"СОШ Учреждение ""Средняя Общеобразовательная школа №45 Жетиген имени Азада Бегимкуловой"""
41.32320022583008,72.7239990234375,"ООШ Учреждение ""Основная Общеобразовательная школа №52 Мамай Аксыйского района"""
41.56667709350586,72.1997299194336,"СОШ Учреждение ""Средняя Общеобразовательная школа №17 имени Матена Сыдыкова"""
41.612449645996094,72.19691467285156,"ООШ Учреждение ""Общеобразовательная Основная школа №41 имени Жусупбая Орозалиева"""
41.57718276977539,72.26457977294922,ООШ Основная образовательная школа №44 имени Анаш Мырзабекова
41.59900665283203,72.23493957519531,"СОШ Учреждение ""Средняя Общеобразовательная школа №20 имени Отунчу Ташкулова"""
41.5273323059082,72.21649169921875,"СОШ Учреждение ""Средняя Общеобразовательная школа №16 имени Токтосун Тыныбекова"""
41.48088836669922,72.29983520507812,НОШ Начальная школа №57 Ризан-Сай имени А.Жуманазарова
41.643165588378906,71.94860076904297,"СОШ Учреждение ""Средняя Общеобразовательная школа №5 имени Асанбек Кабаева"""
41.665401458740234,71.93888092041016,"СОШ Учреждение ""Средняя Общеобразовательная школа №21 имени Ыман Акылбекова"""
41.15959930419922,71.9701156616211,"СОШ Учреждение ""Средняя общеобразовательная школа Дейрес №40 имени Нузуп Бий"""
41.634281158447266,72.05193328857422,"СОШ Учреждение ""Средняя Общеобразовательная школа №43 имени Абдыразак Батыркулова"""
41.617431640625,71.89250183105469,"СОШ Учреждение ""Средняя Общеобразовательная школа №25 Мукур имени Калмат Алымкулова"""
41.61898422241211,72.13204956054688,"СОШ Учреждение ""Средняя Общеобразовательная школа №10 имени Жоробек Мамытбекова"""
41.633567810058594,71.90928649902344,СОШ Средняя Общеобразовательная школа №51 имени Молдо Багыша
41.57566833496094,72.10874938964844,"СОШ Учреждение ""Средняя Общеобразовательная школа №13 Кой-Таш имени Кабая Керимбекова"""
41.144569396972656,72.08824920654297,СОШ Средняя школа №47 имени Ж.Кожобекова
41.47202682495117,72.08495330810547,"СОШ Учреждение ""Средняя Общеобразовательная школа №2 имени Арстаналы Осмонбекова"""
41.4852409362793,72.1010513305664,"СОШ Учреждение ""Средняя Общеобразовательная школа №12 имени Кадыркул Шеркулова"""
41.64505386352539,72.03184509277344,СОШ Средняя школа №23 имени Кадыркула Чекирова
41.6333122253418,72.06590270996094,ООШ Основная образовательная школа №64 имени А.Кулубаева
41.615264892578125,72.04613494873047,"СОШ Учреждение ""Средняя Общеобразовательная школа №3 имени Алишер Молдокеева"""
41.58091735839844,71.67543029785156,"СОШ Учреждение ""Средняя Общеобразовательная школа №26 имени Учкемпира Турдубаева"""
41.602684020996094,71.65351867675781,"СОШ Учреждение ""Средняя Общеобразовательная школа №53 Кара-Башат имени З.Кутмановой"""
41.546234130859375,71.66021728515625,"ООШ Учреждение ""Основная Общеобразовательная школа №55 Олон-Булак имени К.Абдырахманова"""
41.54032897949219,71.70233154296875,"СОШ Учреждение ""Средняя Общеобразовательная школа №28 имени Масалбек Шатманова"""
41.50523376464844,71.63232421875,СОШ Учреждение Средняя Общеобразовательная школа №29 Кара-Тобо имени Биймырза Айтматова
41.440093994140625,71.92428588867188,"СОШ Учреждение ""Средняя Общеобразовательная школа №22 Мундуз имени Сатканкул Жээнбаева"""
41.40546417236328,71.88457489013672,СОШ Средняя Общеобразовательная школа №65 имени Сали Жоробаева
41.36669158935547,71.85748291015625,"СОШ Учреждение ""Средняя Общеобразовательная школа №11 имени Темиркул Мавлянова"""
41.40734100341797,71.87732696533203,"СОШ Учреждение ""Средняя Общеобразовательная школа №7 Иринжит имени Шаки Тойматова"""
41.394371032714844,71.81629943847656,"СОШ Учреждение ""Средняя Общеобразовательная школа №33 Торук имени Абзалбека Сулайманкулова"""
41.41634750366211,71.8242416381836,"СОШ Учреждение ""Средняя Общеобразовательная школа №8 Улук имени Жакыпа Султанова"""
41.68429183959961,72.01911163330078,"СОШ Учреждение ""Cредняя Общеобразовательная школа №38 Кызылтуу имени Сулайман Айтиева"""
41.690406799316406,72.00621032714844,"СОШ Учреждение ""Средняя Общеобразовательная школа №18 имени Эркин Арстанбаева"""
41.800697326660156,71.95539855957031,"СОШ Учреждение ""Средняя Общеобразовательная школа №30 Аркыт"""
41.714317321777344,71.97549438476562,"СОШ Учреждение ""Средняя Общеобразовательная школа №19 имени Мамадалы Барпиева"""
41.69314956665039,72.0531997680664,"СОШ Учреждение ""Средняя Общеобразовательная школа № 9 имени Женижок"""
41.672584533691406,72.0857162475586,"СОШ Учреждение ""Средняя Общеобразовательная школа №46 Кара-Суу имени Асанбек Жаныбекова"""
41.72019958496094,72.04981994628906,"СОШ Учреждение ""Средняя Общеобразовательная школа №15 имени Баркы Минбаева"""
41.689056396484375,72.05242156982422,"СОШ Учреждение ""Средняя Общеобразовательная школа №58 имени Эркиналы Четинбаева"""
41.77763366699219,72.04806518554688,"СОШ Учреждение ""Средняя Общеобразовательная школа №31 имени Кайып Кенжебаева"""
41.80601501464844,72.05281066894531,СОШ Учреждение Средняя Общеобразовательная школа №63 имени Кадыркул Сапаралиева
41.74065017700195,72.05622863769531,"СОШ Учреждение ""Средняя Общеобразовательная школа №56 имени Карамырза Кулназарова"""
41.57609939575195,71.80906677246094,"СОШ Средняя школа №4 ""Минбулак"" имени Абдыжапара Эрматова"
41.546165466308594,71.82589721679688,"СОШ Учреждение ""Средняя Общеобразовательная школа №37 Боспиек имени Алтынай"""
41.606082916259766,71.79676818847656,"СОШ Учреждение ""Средняя Общеобразовательная школа №24 Кызыл-Капчыгай имени Эрмамата Даникулова"""
41.143394470214844,72.0848159790039,"СОШ Учреждение ""Средняя Общеобразовательная школа №39 Кызыл-Жар имени С.Шатманова"""
41.17835998535156,72.0904769897461,"СОШ Учреждение ""Cредняя Общеобразовательная школа №50 имени Токтомат уулу Токтогул ажы"""
41.21834182739258,72.0991439819336,"ООШ Учреждение ""Основная Общеобразовательная школа №59 имени Наркула Рыскулова"""
41.14408493041992,72.08576965332031,"СОШ Учреждение ""Средняя Общеобразовательная школа №60 имени Рыскула Солпуева"""
41.135135650634766,72.0858383178711,"СОШ Учреждение ""Средняя Общеобразовательная школа №42 имени Токтогула Сатылганова"""
41.1345100402832,72.08488464355469,"СОШ Учреждение ""Средняя Общеобразовательная школа №34 имени Николая Иосифовича Мешкова"""
41.17984390258789,72.158447265625,"СОШ Учреждение ""Средняя Общеобразовательная школа №32 имени О.Кочконова"""
41.181880950927734,72.13367462158203,"ООШ Учреждение ""Основная образовательная школа №61 имени Жаныбай Наркулова"""
41.041831970214844,72.48503112792969,"СОШ Учреждение ""Общеобразовательная Средняя школа №15 имени Беки уулу Семетей"""
41.03675079345703,72.48311614990234,"СОШ Учреждение ""Средняя Общеобразовательная школа №28 имени Чынгыза Айтматова"""
41.04081726074219,72.48733520507812,"СОШ Учреждение ""Средняя Общеобразовательная школа №14 имени И.М.Губкина"""
41.04111862182617,72.48030090332031,ИГ Школа интернат-гимназия имени Н.Исанова
40.99193572998047,72.63887023925781,"СОШ Средняя образовательная школа №6 ""Арал"""
41.00175094604492,72.66374969482422,СОШ Общеобразовательная Средняя школа №36 имени М.Мамаева
40.9913330078125,72.5941162109375,"НОШ Учреждение ""Начальная школа ""Акжол"" №43"
41.04673385620117,72.31818389892578,"СОШ Учреждение ""Общеобразовательная Средняя школа №18 имени М.Молдалиева"""
41.04891586303711,72.28458404541016,"ООШ Основная образовательная школа №46 имени ""Э.Толомурзаева"""
41.035884857177734,72.29051971435547,НОШ Начальная школа имени Б.Акамбаева
41.02164840698242,72.26123046875,"СОШ Учреждение ""Общеобразовательная Средняя школа №32 имени М.Т.Дуйшембиева"""
41.001731872558594,72.17414855957031,СОШ Средняя Общеобразовательная школа №39 имени Н.Зайниддинова
41.12296676635742,72.3694839477539,СОШ Средняя Общеобразовательная школа №24 имени О.Каипова
41.006282806396484,72.80999755859375,"СОШ Учреждение ""Средняя Общеобразовательная школа №20 имени Матмусы"""
41.09426498413086,72.67301940917969,ООШ Общеобразовательная школа №30 имени Байзак Дамашева
41.09211730957031,72.35403442382812,ООШ Основная образовательная школа №47 имени Алибека Ташиева
41.17412185668945,72.17457580566406,СОШ Общеобразовательная Средняя школа №26 имени Тургунбай Анаркулова
41.11918640136719,72.19538879394531,СОШ Средняя школа №21 имени З.Фурката
41.31906509399414,72.31588745117188,ОШ Основная школа №41 имени Б.Осмонова
41.12034606933594,72.19168853759766,СОШ Средняя школа №40 имени Токтогула Ноокенского района
41.05860137939453,72.63285064697266,СОШ Средняя Общеобразовательная школа №3 имени Райишбека Алибаева
41.06218338012695,72.63178253173828,СОШ Средняя Общеобразовательная школа №29 имени Я.Мирзаходжаева
41.08133316040039,72.64430236816406,СОШ Средняя Общеобразовательная школа №1 имени Жоомарта Боконбаева
41.06793212890625,72.63821411132812,СОШ Средняя Общеобразовательная школа №2 имени Саадат Ногоевой
41.0845832824707,72.65396881103516,"НОШ Учреждение ""Начальная школа ""Апыртан"""
41.03718566894531,72.62691497802734,"ОШ Учреждение Основная школа №45 ""Беш-Жыгач"""
41.063568115234375,72.60945129394531,"СОШ Cредняя Общеобразовательная школа №25 ""Кызылтуу"""
41.04166793823242,72.42559814453125,"№17 ""Кыла"" орто мектеби"
41.03178405761719,72.47212982177734,"ООШ Учреждение ""Общеобразовательная школа №16 имени Жусуп Турусбекова"""
41.04119873046875,72.4552993774414,СОШ Общеобразовательная Средняя школа №44 имени Малика Акчабаева
41.044883728027344,72.39983367919922,"ООШ Общеобразовательная школа №34 ""Жазгак"""
41.04218292236328,72.37934875488281,СОШ Образовательная Средняя школа №23 имени Жусупбека Жунусалиева
41.044918060302734,72.56181335449219,"СОШ Учреждение ""Средняя Общеобразовательная школа №8 имени Т.Орозматова"""
40.02000045776367,72.60260009765625,"СОШ Учреждение ""Общеобразовательная Средняя школа №22 имени Б.Абдырахманова"""
41.11508560180664,72.58311462402344,СОШ Средняя образовательная школа №37 имени Токтоболота
41.038848876953125,72.59013366699219,СОШ Средняя Общеобразовательная школа №7 имени Артыка Торогелдиева
41.04017639160156,72.5302963256836,"СОШ Учреждение ""Средняя Общеобразовательная школа №13 имени Рахманжана"""
40.99608612060547,72.54489135742188,"СОШ Учреждение ""Общеобразовательная Средняя школа №48 имени Мусы Матсакова"
41.05760955810547,72.22137451171875,ООШ Общеобразовательная школа №10 имени Кадыркул Абдразакова
41.0172004699707,72.54861450195312,"ООШ Общеобразовательная школа №9 имени Паяз"""
41.00581741333008,72.50453186035156,"НОШ Начальная образовательная школа ""Бобуй"""
41.01264190673828,72.58627319335938,СОШ Средняя школа №38 имени Тургунбаева
40.971248626708984,72.54591369628906,ООШ Общеобразовательная школа №11 имени Эргеша Алиева
40.9787483215332,72.51766967773438,ООШ Общеобразовательная школа №12 имени Ж.Султанова
41.105499267578125,72.68379974365234,СОШ Учреждение Средняя образовательная школа №35 имени Шамшидина Суеркулова
41.10905075073242,72.70545196533203,СОШ Средняя школа №42 имени Э.Давлетова
41.07608413696289,72.64864349365234,"СОШ Учреждение ""Общеобразовательная Средняя школа №4 имени Абдыразака Сатарова"""
41.07601547241211,72.6474380493164,"ШИ Учреждение ""Специальная общеобразовательная (вспомогателная) школа интернат имени Ж Ниязова"""
41.043949127197266,72.66705322265625,"СОШ Учреждение ""Среднеобразовательная школа №27 ""Бирдик"""
41.06135559082031,72.69213104248047,СОШ Образовательный комплекс №31 имени Жумалы Татыкулова
41.176998138427734,72.68424987792969,"СОШ Учреждение ""Средняя образовательная школа №5 имени Н.Токторбаева"
41.197349548339844,72.69146728515625,НОШ Начальная школа имени Эркул Арапова
41.03586196899414,73.1867446899414,"СОШ Учреждение ""Средняя Общеобразовательная школа №1 имени М.В.Фрунзе"""
41.022254943847656,73.18412017822266,"ШГ Учреждение ""Инновационная Школа-гимназия №2 имени А.С.Макаренко"""
41.029579162597656,73.20343780517578,"СОШ Учреждение ""Общеобразовательная Средняя школа №3 имени Т.Сатылганова"""
41.03578186035156,73.21874237060547,"СОШ Учреждение ""Общеобразовательная Средняя школа №4 имени Ю.А.Гагарина"""
41.02175521850586,73.19918823242188,"СОШ Учреждение ""Общеобразовательная Средняя школа №6 имени М.В.Ломоносова"""
41.12266159057617,73.46550750732422,"СОШ Учреждение ""Общеобразовательная Средняя школа №28 Таштемира Кочкорова"""
41.11198806762695,73.53345489501953,"НОШ Начальная школа №107 ""Жонкунгой"" Сузакского района"
41.133445739746094,73.34834289550781,"СОШ Учреждение ""Общеобразовательная Средняя школа №17 имени О.Тажибаева"""
41.112060546875,72.97930908203125,"ООШ Учреждение ""Общеобразовательная Основная школа №55 имени П.Ташматова"""
41.15231704711914,73.37078857421875,"ООШ Учреждение ""Общеобразовательная Основная школа №54 имени Ысмайыла """
41.16144561767578,73.3309326171875,"СОШ Средняя школа №57 ""Саты"""
41.12114334106445,73.2814712524414,СОШ Учреждение Общеобразовательная средняя школа №40 имени Мамата Камбарова
41.17887878417969,73.33808898925781,НОШ Начальная школа №109 имени Каныбек Осмоналиева
40.86170959472656,73.02568817138672,"СОШ Учреждение ""Общеобразовательная Средняя школа №35 ""Комсомол"""
40.91292953491211,73.20321655273438,"ООШ Учреждение ""Общеобразовательная Основная школа №110 имени Калила Осмонова"""
40.8814582824707,72.94869232177734,"Учреждение ""Общеобразовательная Средняя школа №5 имени Бабура"""
40.87519454956055,73.04686737060547,"СОШ Учреждение ""Общеобразовательная Средняя школа №71 имени Н.Алыкулова"""
41.02466583251953,73.11983489990234,"СОШ Учреждение ""Общеобразовательная Средняя школа №85 ""Ынтымак"""
40.93323516845703,73.21526336669922,"НОШ Учреждение ""Начальная общеобразовательная школа имени Омурзак Садырбаева"""
41.21435546875,73.34403228759766,"СОШ Учреждение ""Общеобразовательная Средняя школа №64 имени Токтогула"""
40.875431060791016,73.04960632324219,"ШГ Учреждение ""Школа-гимназия№6 имени Т.Темирбаева Сузакского района"""
41.147247314453125,73.0534896850586,"СОШ Учреждение ""Общеобразовательная Средняя школа №86 имени О.Муратова"""
40.95000076293945,72.96666717529297,"СОШ Учреждение ""Общеобразовательная Средняя школа №21 имени С.Эшматова"""
40.85599899291992,73.00933074951172,"СОШ Учреждение ""Общеобразовательная Средняя школа №26 имени Хамзы"""
40.93899917602539,73.03916931152344,СОШ Средняя школа №46 имени Б.Алыкулова
41.21091842651367,73.33804321289062,"СОШ Учреждение ""Общеобразовательная Средняя школа №41 имени Тологон Кубатбекова"""
41.21977996826172,73.35209655761719,ООШ Учреждение Общеобразовательная Основная школа №97 имени Багыш агай
41.21828079223633,73.24115753173828,"СОШ Учреждение ""Средняя Общеобразовательная школа №61имени Турдалы Алыбаева"""
40.86805725097656,72.73139190673828,"СОШ Учреждение ""Общеобразовательная Средняя школа №20 имени Мамасадыка Маткаримова"""
40.87138748168945,72.65361022949219,"СОШ Общеобразовательная Средняя школа №19 имени Абдукаимова Адилбека"""
40.86783981323242,72.75578308105469,"СОШ Учреждение ""Общеобразовательная Средняя школа №92 ""Ак-Сай"""
40.87001037597656,72.69100952148438,"СОШ Учреждение ""Общеобразовательная Средняя школа №18 имени Азимжан Караева"""
40.856109619140625,72.71499633789062,"СОШ Учреждение ""Общеобразовательная Средняя школа №68 имени Сартбаева Каримжан ажы"""
41.126285552978516,73.31340026855469,"СОШ Учреждение ""Общеобразовательная Средняя школа №3 ""Чангыр-Таш"" с гимназическими классами"""
41.10031509399414,73.22257995605469,"СОШ Учреждение ""Общеобразовательная Средняя школа №11имени М.Орозалиевой"""
41.08271789550781,73.18866729736328,ОШ Основная школа имени Б.Торогелдиева №100 Сузакского района
41.08591842651367,73.20185852050781,"СОШ Учреждение ""Общеобразовательная Средняя школа №10 ""Когарт"" с гимназическими классами"
41.113059997558594,73.25753021240234,"СОШ Учреждение ""Общеобразовательная Средняя школа №101 имени Жумабек Шабданова"""
41.054100036621094,73.19821166992188,ОШ Основная школа №53 имени Ш.Кенжекулова
41.16221618652344,73.10489654541016,СОШ Общеобразовательная Средняя школа №62 имени Бакиева Кыргызбая
41.18958282470703,73.12286376953125,"СОШ Учреждение ""Общеобразовательная Средняя школа №32 имени Жапарбаева Абдыкадыра"""
41.187618255615234,73.05516815185547,"СОШ Учреждение ""Общеобразовательная Средняя школа №45 имени А Осмонова"""
41.18108367919922,73.0947494506836,"СОШ Учреждение ""Общеобразовательная Средняя школа №12 имени Шабданбай Абдыраманова"""
41.23400115966797,73.12744903564453,СОШ Учреждение Образовательная Средняя школа №67 имени Кайыпова Таштана
41.18383026123047,73.25943756103516,"СОШ Учреждение ""Общеобразовательная Средняя школа №59 ""Кара-Булак"""
41.179351806640625,73.31196594238281,"СОШ Учреждение ""Общеобразовательная Средняя школа №58 имени Орозали Абдикамалова"""
41.14511489868164,73.16165161132812,"ООШ Основная Общеобразовательная школа №87 ""Келечек"" Сузакского района"
41.142967224121094,73.1436996459961,"СОШ Учреждение ""Общеобразовательная Средняя школа №37 имени Мамбетаипова Абдиллажана"""
41.120548248291016,73.09358215332031,Общеобразовательная средняя школа №79 имени Д.Шопокова
41.219451904296875,73.2116928100586,СОШ Общеобразовательная Средняя школа №84 имени Мамасалы Токтогулова
41.030250549316406,73.1181869506836,"СОШ Учреждение ""Средняя Общеобразовательная школа №66 имени Зия Саралаева"""
41.0273323059082,73.00483703613281,СОШ Средняя школа №83 имени З.Жамашева
41.0159912109375,72.98522186279297,СОШ Средняя школа №30 имени Х.Кенжаева
41.01424026489258,72.97041320800781,"ЛИ Учреждение ""Школа лицей-интернат №75 имени Кочкор Эрматова"""
41.21099853515625,73.1523666381836,"СОШ Учреждение ""Общеобразовательная Средняя школа №82 имени Бекен Камбарова"""
41.113365173339844,73.00479888916016,СОШ Средняя школа №76 имени А.Матиева
41.2364387512207,73.0508041381836,"ООШ Учреждение ""Общеобразовательная Основная школа №70 имени Жаныбек Омуралиева"""
41.01901626586914,72.96543884277344,"СОШ Учреждение ""Средняя Общеобразовательная школа №31 имени Ырыскулбека Чанакова"""
41.01000213623047,72.95800018310547,"ООШ Учреждение ""Общеобразовательная школа №13 имени А.Базарова"""
41.101966857910156,73.02263641357422,"СОШ Учреждение ""Общеобразовательная Средняя школа №14 имени К.Абдраимова"""
41.05366516113281,72.97010040283203,"СОШ Учреждение ""Общеобразовательная Средняя школа №80 имени Кыргызбай Торомаматова"""
41.02186584472656,73.05590057373047,"СОШ Учреждение ""Общеобразовательная Средняя школа №27 имени Ю.А.Гагарина"""
41.04216766357422,73.04608154296875,"СОШ Учреждение ""Общеобрзовательная Средняя школа №51 имени С.Жээнбекова"""
41.0654182434082,73.08073425292969,"СОШ Учреждение ""Общеобразовательная Средняя школа №25 имени А.Тажибаева"""
41.02206802368164,73.08543395996094,"СОШ Учреждение ""Общеобразовательная Средняя школа №9 имени И.В.Мичурина"""
41.0413818359375,73.10188293457031,"СОШ Учреждение ""Общеобразовательная Средняя школа №33 имени Р.Исманалиева"""
41.035850524902344,73.12096405029297,СОШ Средняя школа № 52 имени Турата Арзыкулова
41.01173400878906,73.09037780761719,"СОШ Учреждение ""Общеобразовательная Средняя школа №50 имени Т.Тайгараева"""
40.139583587646484,72.15896606445312,"Учреждение ""Учебно-воспитательный комплекс имени Жоомарта Боконбаева"""
40.815948486328125,72.94794464111328,"СОШ Учреждение ""Средняя Общеобразовательная школа №88 имени Сайпидин Атабекова"""
40.83277130126953,72.95805358886719,"№4 ""Б.Шамшиев"" атындагы жалпы  билим берүүчү орто мектеби."
41.56251525878906,72.58555603027344,"СОШ Учреждение ""Средняя Общеобразовательная школа №33 Жийде Сузакского района"""
40.85453796386719,72.90245056152344,"СОШ Учреждение ""Общеобразовательная Средняя школа №38 имени Жунусова Дыйкана"""
40.8443489074707,72.97004699707031,"СОШ Учреждение ""Общеобразовательная Средняя школа №7 имени Ж.Турусбекова"""
40.841697692871094,72.92398071289062,"СОШ Учреждение ""Общеобразовательная Средняя школа №72 имени К.Юлдашева"""
40.855735778808594,72.94541931152344,"СОШ Учреждение ""Средняя Общеобразовательная школа №69 имени Жаанбай Узакова"""
40.855079650878906,72.88574981689453,"НОШ Учреждение "" Общеобразовательная Начальная школа №98 ""Найман"""
40.8642463684082,72.98908996582031,"ООШ Учреждение ""Общеобразовательная Основная школа №106 ""Ширин"""
40.83476257324219,72.9771957397461,"ООШ Общеобразовательная основная школа ""Абат"" №105 Сузакского района"
40.892578125,72.89704132080078,"СОШ Учреждение ""Общеобразовательная Средняя школа №1 имени Мадумар-Ата"""
40.900169372558594,72.91358947753906,"СОШ Учреждение ""Общеобразовательная Средняя школа №16 имени Сайдуллы Акбарова"""
40.907466888427734,72.91085052490234,"СОШ Учреждение ""Инновационная Общеобразовательная Средняя школа №90 имени Манаса"""
40.88678741455078,72.90371704101562,"СОШ Учреждение ""Средняя Общеобразовательная школа №65 имени А.Юнусова"""
40.98725891113281,72.98133087158203,"СОШ Учреждение ""Общеобразовательная Средняя школа №36 имени Гафура Гуляма"""
40.96345520019531,72.96033477783203,"СОШ Учреждение ""Общеобразовательная Средняя школа №22 имени А.П.Гайдара"""
40.99195098876953,72.9589614868164,"СОШ Учреждение ""Общеобразовательная Средняя школа №94 имени Калымбетова Борбугул ажы"""
40.955326080322266,72.9307861328125,СОШ Общеобразовательная Средняя школа №29 Т.Муратова Сузакского района
40.874446868896484,72.91024780273438,"ООШ Учреждение ""Общеобразовательная Основная школа №97 имени А.Сабитова"""
40.8643913269043,72.8415756225586,"СОШ Учреждение ""Общеобразовательная Средняя школа №42 имени Ташполота Мурсалиева"""
40.93864822387695,72.93074798583984,"СОШ Учреждение ""Средняя Общеобразовательная школа №73 имени Хамида Алимжана"""
40.93462371826172,72.91835021972656,"Общеобразовательная ОШ Основная школа №103 ""Садда"" Сузакского района"
40.960350036621094,73.03667449951172,"ООШ Учреждение ""Общеобразовательная Основная школа №49 ""40 лет Октября"""
40.988162994384766,73.00694274902344,"СОШ Учреждение ""Общеобразовательная Средняя школа №96 имени М.Торомаматова"""
41.02373504638672,73.09314727783203,"СОШ Учреждение ""Общеобразовательная Средняя школа №23 Таш-Булак"""
40.95195770263672,73.0186996459961,СОШ Средняя школа №81 имени Таалайгул Идирисова Сузакского района
40.89381408691406,72.91949462890625,"СОШ Учреждение ""Общеобразовательная Средняя школа №94 имени Айбека"""
40.89786911010742,72.92186737060547,"СОШ Учреждение ""Средняя Общеобразовательная школа №15 имени М.Юсуповой"""
40.86319351196289,73.09275817871094,"СОШ Учреждение ""Общеобразовательная Средняя школа №77 имени Т.Байзакова"""
40.886497497558594,72.94670867919922,"ООШ Учреждение ""Общеобразовательная Основная школа №104 имени Х.Халдарова"""
40.92154312133789,72.97067260742188,СОШ Средняя школа №24 имени Гульнары Абдуваситовны Бакиевой
40.90495681762695,72.92860412597656,"ООШ Учреждение ""Основная Общеобразовательная школа №93 имени А.Хакимова"""
40.87849044799805,72.93708801269531,"СОШ Учреждение ""Общеобразовательная Средняя школа №43 имени Карабаева Исраила"""
40.91835021972656,72.94961547851562,"СОШ Учреждение ""Средняя Общеобразовательная школа №78 имени Закиржан Бакирова"""
40.89562225341797,72.96961212158203,"СОШ Учреждение ""Общеобразовательная Средняя школа №44 имени Фурката"""
40.87545394897461,72.95909881591797,"СОШ Учреждение ""Общеобразовательная Средняя школа №75 имени Улукбека"""
41.07604217529297,73.06708526611328,СОШ Образовательная Средняя школа №89 имени П.Жуманазарова
40.88749694824219,72.97171020507812,"СОШ Учреждение ""Общеобразовательная Средняя школа №34 имени Ырыс"""
41.344722747802734,73.8567123413086,"СОШ Учреждьная школа имени ""Барктабас"""
41.31602478027344,73.82762145996094,"СОШ Учреждение ""Общеобразовательная организатция № 11 Саймалуу-Таш"""
41.39485168457031,73.89024353027344,СОШ Средняя общеобразовательная школа имени Бейше Устомбекова
41.41357421875,73.91146850585938,"СОШ Учреждение ""Средняя образовательная школа №6 ""Бирдик"" Тогуз-Тороуского района"
41.408042907714844,74.0216293334961,"СОШ Учреждение ""Средняя Общеобразовательная школа №13 имени М. Жаныбаевой"""
41.403594970703125,74.02313232421875,"СОШ Учреждение ""Средняя общеобрзовательная школа №2 имени Асана Абдыраимова"""
41.402976989746094,74.04071807861328,"СОШ Учреждение ""Средняя общеобразовательная школа имени Имамберди уулу Иса"""
41.40908432006836,74.02803802490234,"СОШ Учреждение ""Общеобразовательная Средняя школа №1 Макмал имени Тоту Мойдунова"""
41.289031982421875,73.96060180664062,"СОШ Учреждение ""Средняя общеобразовательная школа имени Абдыжапарова Матмуса"""
41.40824508666992,74.02964782714844,СОШ Средняя Общеобразовательная школа №7 имени Таштемир Сатыбалдиева Тогуз-Тороуского района
41.418922424316406,74.04639434814453,"СОШ Учреждение ""Средняя Общеобразовательная школа №9 имени Эмилбек Касымалиева"""
41.464351654052734,74.33763122558594,"СОШ Учреждение ""Средняя Общеобразовательная школа №10 имени Азамат уулу Калдыбая"""
41.46554946899414,74.39673614501953,"СОШ Учреждение ""Средняя Общеобразовательная школа №12 имени Ыдырыса Кадыркулова"""
41.46644592285156,74.08004760742188,"НОШ Начальная школа ""Аскалуу"""
41.8692512512207,72.94586944580078,"ОСШ Учреждение ""Общеобразовательная средняя школа №1 имени C.Токтогула"""
41.87153244018555,72.93658447265625,"СОШ Учреждение ""Средняя Общеобразовательная школа №2 имени Боконбаева"""
41.87540054321289,72.9621353149414,СОШ Средняя Общеобразовательная школа №5 имени Доолотбека Турдумамбетова
41.86723327636719,72.93936920166016,"ШЛ Учреждение ""Школа-лицей №28 имени Тыныбек Ормонбекова"""
41.91279983520508,73.25921630859375,"СОШ Учреждение ""Средняя образовательная школа №21 имени Ыбыша Алымбекова"""
41.79526901245117,73.90611267089844,"СОШ Учреждение ""Общеобразовательная Средняя школа №26 имени Зыфара Эгембердиева"""
41.923465728759766,73.28241729736328,"СОШ Учреждение ""Общеобразовательная Средняя школа №22 имени Мукаша Жамгырканова"""
41.90480422973633,73.25835418701172,"НОШ Учреждение ""Начальная Общеобразовательная школа №23 имени Тажип Назакеевой"""
41.88118362426758,72.91351318359375,"СОШ Учреждение ""Образовательная Средняя школа №9 имени Ибрагим Умарова"""
41.913631439208984,72.90296936035156,"СОШ Учреждение ""Общеобразовательная Средняя школа №11 имени Таштан Тешебаева"""
41.854366302490234,72.92666625976562,"СОШ Учреждение ""Общеобразовательная Средняя школа №10 имени Токтогула Казатова"""
41.86214828491211,72.99817657470703,"СОШ Учреждение ""Общеобразовательная Средняя школа №7 ""Манас"""
41.90544891357422,72.91838073730469,"СОШ Учреждение ""Общеобразовательная Средняя школа №8 имени Айылчы Иманбаева"""
41.88511657714844,72.94235229492188,"СОШ Учреждение ""Общеобразовательная Средняя школа №6 имени Мулкубат"""
41.87942123413086,72.9362564086914,"ШГ Учреждение ""Инновационная Школа-гимназия №4 имени Н.Бримкулова"""
41.652381896972656,73.41121673583984,"СОШ Учреждение ""Средняя Общеобразовательная школа №36 имени Анарбека Ибраимова"""
41.650733947753906,73.41051483154297,СОШ Средняя образовательная школа №31 имени Казата Чодошева
41.6134147644043,73.37354278564453,"СОШ Учреждение ""Средняя Общеобразовательная школа №37 имени Союзбека Чекирова"""
41.65171813964844,73.39836883544922,СОШ Средняя образовательная школа №35 имени Жумабека Чаргынова
41.69621658325195,73.38590240478516,"СОШ Учреждение ""Общеобразовательная Средняя школа №38 имени Мырзакул Термечикова"""
41.61723327636719,73.38591003417969,"НОШ Учреждение ""Начальная образовательная школа №42 имени Т.Молдомусаева"""
41.69267272949219,73.49847412109375,СОШ Средняя Общеобразовательная школа № 40 имени А.Шабданова
41.706512451171875,73.42200469970703,СОШ Средняя Общеобразовательная школа №39 имени Малабая Жунусалиева
41.88570022583008,72.70116424560547,"СОШ Учреждение ""Общеобразовательная Средняя школа №12 имени Курама уулу Турусбека"""
41.889583587646484,72.64288330078125,"СОШ Учреждение ""Общеобразовательная Средняя школа №13 имени Коргол"""
41.75885009765625,73.20269775390625,"СОШ Учреждение ""Образовательная Средняя школа №29 имени Мухтара Нургазиева"""
41.62826919555664,73.33421325683594,"СОШ Учреждение ""Средняя Общеобразовательная школа №34 имени Бакы Салаева"""
41.63670349121094,73.2756118774414,"НОШ Учреждение ""Начальная образовательная школа имени Ы.Дуйшеева"""
41.70212936401367,73.29962158203125,"СОШ Учреждение ""Средняя Общеобразовательная школа №32 имени Бекназара"""
41.69168472290039,73.30216217041016,"СОШ Учреждение ""Средняя образовательная школа №33 имени Убалдакан Артыкбаева"""
41.731117248535156,73.1994857788086,"СОШ Учреждение ""Общеобразовательная средняя школа имени Кулманбет Токторалиева"""
41.89926528930664,73.57748413085938,"СОШ Учреждение ""Общеобразовательная Средняя школа №25 имени Мамбета Бекболотова"""
41.90028381347656,73.58705139160156,"СОШ Учреждение ""Средняя Общеобразовательная школа №24 имени Канаша"""
41.836849212646484,73.15533447265625,"СОШ Учреждение ""Общеобразовательная Средняя школа №19 имени Ашыралиева Токтонаалы"""
41.84080123901367,73.14693450927734,"СОШ Учреждение ""Общеобразовательная Средняя школа №27 имени Аманкана Мамырова"""
41.854434967041016,73.0831298828125,"СОШ Учреждение ""Общеобразовательная Средняя школа №18 имени Кубатбек Чокоева"""
41.786617279052734,73.27666473388672,"СОШ Учреждение ""Общеобразовательная Средняя школа №20 имени Туралы Жундубаева"""
41.92108154296875,72.59646606445312,"СОШ Учреждение ""Образовательная Средняя школа №15 имени Данканая"""
41.962982177734375,72.51506805419922,"СОШ Учреждение ""Средняя Общеобразовательная школа №16 имени С.Нурманбетова"""
41.996360778808594,72.47831726074219,"СОШ Учреждение ""Средняя школа №17 имени Т.Жаманкулова"""
41.95322036743164,72.61847686767578,"СОШ Учреждение ""Средняя образовательная школа №41 имени Ж.Тоялиева"""
41.93983459472656,72.65570068359375,"СОШ Учреждение ""Средняя Общеобразовательная школа №14 имени Жоомарта"""
41.75859451293945,71.04679870605469,"СОШ Учреждение ""Средняя общеобразовательная школа имени Акылбек Баймырзаева"""
41.77915954589844,71.1182632446289,"СОШ Учреждение ""Средняя общеобразовательная школа Кайын-Суу Чаткальского района"
41.76384353637695,71.08966827392578,"СОШ Учреждение ""Средняя инновационная общеобразовательная школа имени Сатыбалды Байдоолотова"""
41.72661590576172,70.99400329589844,"СОШ Учреждение ""Средняя общеобразовательная школа имени Исмаил уулу Матыша"""
41.713558197021484,70.98762512207031,ОШ Основная школа имени Алике Айымбетова
41.73633575439453,71.01102447509766,ООШ Основная общеобразовательная школа имени Жамалбек Ташкеева
41.9451789855957,71.36820983886719,"СОШ Учреждение ""Средняя общеобразовательная школа имени Сатылган Дозонова"""
41.85551452636719,71.22359466552734,"СОШ Учреждение ""Средняя общеобразовательная школа имени К.Акназарова"""
41.97718048095703,71.45877075195312,"СОШ Учреждение ""Чакмак-Сууйская средняя общеобразовательная школа"""
41.67443084716797,70.857666015625,"СОШ Учреждение ""Средняя общеобразовательная школа имени Таласбай Жаналиева"""
41.69913101196289,70.86922454833984,"НОШ Учреждение ""Начальная общеобразовательная школа имени Ботобая Шерматова"""
41.69694137573242,70.64431762695312,"СОШ Учреждение ""Средняя общеобразовательная школа имени Усупбек уулу Кубатбека"""
41.66156768798828,70.77835845947266,"СОШ Учреждение ""Средняя общеобразовательная школа имени Сатимбай Мырзалиева"""
41.23857498168945,71.31561279296875,СОШ Средняя школа имени Ю.А.Гагарина
41.33872604370117,71.15692138671875,Сумсарская средняя общеобразовательная школа
41.719181060791016,70.51048278808594,ШИ Школа-интернат имени В.И.Ленина
41.47578048706055,71.17041778564453,СОШ Средняя школа Терексай
41.471214294433594,71.14366912841797,СОШ Средняя школа имени Амирбек Чымканаева
40.93344497680664,72.98477935791016,"СОШ Учреждение ""Средняя Общеобразовательная школа №8 города Жалал-Абад"""
40.93494415283203,72.95275115966797,"СОШ Учреждение ""Средняя общеобрзовательная школа №13 имени Розы Азимова города Жалал-Абад"""
40.91716766357422,73.00064086914062,"СОШ Учреждение ""Средняя Общеобразовательная школа №6 города Жалал-Абад"""
40.91875076293945,73.00199890136719,"СОШ Учреждение ""Общеобразовательная Средняя школа №2 имени Кадыр Закирова"""
40.9015007019043,73.00274658203125,"СОШ Учреждение ""Средняя Общеобразовательная школа №17 города Жалал-Абад"""
40.91875076293945,73.00074768066406,"СОШ Учреждение ""Средняя Общеобразовательная школа №3 имени Ж. Бакиева города Жалал-Абад"""
40.918025970458984,73.00011444091797,"СОШ Учреждение ""Средняя Общеобразовательная школа №7 имени Алыма Усмана"""
40.93608474731445,72.98552703857422,СОШ Учреждение Средняя школа №21 имени Жолболду Болотова
40.944129943847656,72.97142791748047,СОШ Учреждение Средняя Общеобразовательная школа №19 имени Иманалы Сатыбаева города Жалал-Абад
40.93572235107422,73.01863861083984,"ООШ Учреждение ""Основная Общеобразовательная школа №22 города Жалал-Абад"""
40.933387756347656,73.0003890991211,Учреждение школа-гимназия №4 города Жалал-Абад
40.93694305419922,72.95249938964844,"ШГ Учреждение ""Общеобразовательная инновационная Школа-гимназия №9 имени Р.Санатбаева"""
40.9188346862793,73.00074768066406,"СОШ Учреждение ""Средняя общеобразовательная школа гимназия №1 имени Михаила Бабкина"""
40.93539047241211,72.98588562011719,ШГ Учреждение Школа-гимназия №5 имени Бекмамат Осмонова
40.94285202026367,72.9828872680664,"ЛЦ Учреждение ""Инновационная школа-лицей №14 имени С.Давлетова города Жалал-Абад Жалал-Абадской области"""
40.94257354736328,72.98259735107422,"СОШ Учреждение ""Средняя Общеобразовательная школа №16 имени Элман Арапбаева"""
40.92963409423828,73.01104736328125,ШИ Жалал-Абадская областная художественная школа интернат
40.936561584472656,72.99334716796875,"СОШ Средняя школа №10 им,Т.Кошматова"
40.942562103271484,73.01451873779297,"СОШ Учреждение ""Средняя Общеобразовательная школа №18 ""Манас-1000"""
41.1568603515625,73.55069732666016,"ООШ Учреждение ""Общеобразовательная Основная школа №12 имени М.Сагындыкова"""
40.968971252441406,73.03480529785156,"СОШ Учреждение ""Общеобразовательная Средняя школа №11 имени Адамбай Калешова"""
41.38553237915039,72.21814727783203,"СОШ Учреждение ""Общеобразовательная Средняя школа №3 имени Тоголока Молдо"
41.37118148803711,72.23590087890625,"СОШ Учреждение ""Общеобразовательная Средняя школа №5 имени В.И.Ленина"
41.34672164916992,72.22716522216797,Средняя  школа №1 имени Н.Островского
41.338966369628906,72.20721435546875,"Учреждение ""Средняя общеобразовательная школа №12 имени А.С.Пушкина"
41.34645080566406,72.2284164428711,"СОШ Учреждение ""Общеобразовательная Средняя школа №4 имени Токтогула"
41.33414840698242,72.19796752929688,"СОШ Учреждение ""Средняя Общеобразовательная школа №7 имени К.Кузембаева """
40.341915130615234,72.22518157958984,"ШГ Учреждение ""Инновационная Школа-гимназия №14 имени Токтосун Шадыханова"""
41.270347595214844,72.00495910644531,Средняя общеобразовательная школа №6 имени Т.Уметалиева
41.20009994506836,72.18111419677734,"СОШ Учреждение ""Общеобразовательная Средняя школа №8 имени М.В.Фрунзе"""
41.20338439941406,72.18306732177734,"СОШ Учреждение ""Общеобразовательная Средняя школа №10 имени А.Осмонова"
41.197967529296875,72.18431854248047,"СОШ Учреждение ""Средняя Общеобразовательная школа №2 имени Кенжалы Осмонкулова"""
41.3047981262207,72.20193481445312,№11 М.Темирбаев атындагы жалпы билим берүүчү орто мектеби
41.3863525390625,72.42487335205078,№13 Кудук- Сай жалпы билим беру́у́чу́ башталгыч мектеби
41.25027847290039,72.45972442626953,"СОШ Учреждение ""Средняя Общеобразовательная школа №1имени Ч.Т.Айтматова"
41.266666412353516,72.46666717529297,"СОШ №2 Учреждение ""Средняя общеобразовательная школа №2 города Майлуу-Суу"""
41.2408332824707,72.43722534179688,№5 жалпы билим берүү орто мектеби
41.24944305419922,72.44705200195312,"ШГ Учреждение ""Инновационная Школа-гимназия №4 имени Ю.А.Гагарина"""
41.25407028198242,72.46634674072266,"Учреждение ""Средняя общеобразовательная школа №8 города Майлуу-Суу"""
41.188331604003906,72.4000015258789,"СОШ Учреждение ""Средняя Общеобразовательная школа №7 города Майлуу-Суу"""
41.307777404785156,72.49805450439453,Майлуу-Суу шаарындагы №3 жалпы билим берүү орто мектеби
41.626365661621094,72.68487548828125,"СОШ Учреждение ""Общеобразовательная инновационная школа №2 имени Ч.Тулебердиева"""
41.63386535644531,73.6623306274414,"СОШ Учреждение ""Общеобразовательная Средняя школа №3 имени Фрунзе"
41.62435531616211,72.669921875,ШГ Учреждение Школа-гимназия №1 имени Токтогула
41.58333206176758,72.58333587646484,Шопоков атындагы №4 жалпы орто билим берүү мектеби
41.65394973754883,73.75115203857422,"СОШ Учреждение ""Общеобразовательная Средняя школа №6 имени.Темирова Туралы"
41.61878204345703,72.68388366699219,"СОШ Учреждение ""Общеобразовательная Средняя школа №7 имени Бекмырза Мамытова"
40.99052429199219,72.69481658935547,СОШ Средняя школа №9 имени Ж.Асанова
42.62728500366211,78.82186889648438,СОШ Средняя общеобразовательная школа имени Ыбырая Туманова
42.61348342895508,78.82501983642578,СОШ Средняя общеобразовательная школа Ак-Булак имени Бегалы Мамытова
42.63691329956055,78.85147857666016,СОШ Средняя общеобразовательная школа имени Арыпа Сыдыкбекова
42.52935028076172,78.36011505126953,СОШ Средняя общеобразовательная школа им.Токоева
42.50490951538086,78.32868957519531,НСШ Неполная средняя школа Черик имени Токтогула Мамбетакунова Ак-Суйского района Иссык-Кульской области
42.561424255371094,78.42058563232422,СОШ Средняя общеобразовательная школа имени К.Эшимбекова
42.53351593017578,78.39164733886719,СОШ Средняя общеобразовательная школа Жаны-Арык имени Сеит Кульматова
42.57986831665039,78.3707504272461,СОШ Средняя общеобразовательная школа имени Д.Туратбекова
42.60406494140625,78.52323150634766,СОШ Средняя общеобразовательная школа имени Амана Айтпаева
42.63381576538086,78.47928619384766,СОШ Средняя общеобразовательная школа Чолпон имени У.Калиева
42.522682189941406,78.6269302368164,СОШ Средняя общеобразовательная школа имени Журсуна Субанбекова
42.61293411254883,78.73473358154297,СОШ Средняя общеобразовательная школа А.Деркембаева
42.51824951171875,78.58599853515625,СОШ Средняя общеобразовательная школа имени академика Жумагула Алышбаева
42.55121612548828,78.6707763671875,СОШ Средняя общеобразовательная школа имени Осмона Элебесова
42.587215423583984,78.74638366699219,СОШ Средняя общеобразовательная школа имени Мусы Жусупова села Ново-Вознесеновка Ак-Суйского района
42.56694793701172,78.76305389404297,СОШ Средняя общеобразовательная школа Боз-Учук имени Мамыркула Чокуева
42.54235076904297,78.70791625976562,СОШ Средняя общеобразовательная школа имени Адена Истамбекова
42.51001739501953,78.44743347167969,СОШ Средняя общеобразовательная школа Маман имени Ж.Ашубаева
42.47666549682617,78.42111206054688,СОШ Средняя общеобразовательная школа Жолколот имени З.Сооронбаевой
42.53201675415039,78.46307373046875,СОШ Средняя общеобразовательная школа им.Ж.Асаналиева
42.58918380737305,78.65779876708984,СОШ Средняя общеобразовательная школа имени Мурата Калиева
42.60226058959961,78.55245208740234,СОШ Средняя общеобразовательная школа имени В.И.Омельченко
42.60084915161133,78.68108367919922,СОШ Средняя общеобразовательная школа Шапак имени Усупа Мурзакматова
42.65061569213867,78.8077163696289,СОШ Средняя общеобразовательная школа им.Абдыша Ракымова
42.65702819824219,78.87252044677734,СОШ Средняя общеобразовательная школа Кызыл-Кыя
42.60261535644531,78.41191864013672,СОШ Средняя общеобразовательная школа имени К.Жантошева
42.65288162231445,78.43800354003906,СОШ Средняя общеобразовательная школа имени Д.Бейшенова
42.624046325683594,78.39543914794922,СОШ Средняя общеобразовательная школа имени Ч.Осмонова Ч.Осмонова
42.50418472290039,78.52110290527344,ШГ Школа-гимназия имени С.М.Кирова
42.49726486206055,78.52183532714844,ШГ Школа-гимназия имени Академика Мамбета Мамакеева
42.464149475097656,78.3508529663086,СОШ Средняя общеобразовательная школа имени Т.Искакова
42.4645881652832,78.34412384033203,СОШ Средняя общеобразовательная школа им.Рахимова
42.03032302856445,79.068603515625,НШ Начальная школа Энильчек
42.60761642456055,79.00841522216797,СОШ Средняя общеобразовательная школа имени Темиркасы Асанбаева
42.4455680847168,78.13935089111328,ООШ Основная образовательная школа имени К.Байбекова
42.45454788208008,78.14094543457031,СОШ Средняя общеобразовательная школа имени Ыбрай Сооронбаева
42.43149948120117,78.15129852294922,СОШ Средняя общеобразовательная школа имени академика А.Алтымышбаева
41.82926559448242,78.66138458251953,ООШ Основная общеобразовательная школа интернат имени Т.Жамгырчиева Ак-Шыйрак
42.15589904785156,77.59931945800781,СОШ Средняя общеобразовательная школа имени Э.Кендирбаева
42.1402702331543,77.59551239013672,СОШ Средняя общеобразовательная школла имени Казыбая Чылабаева
42.30929946899414,77.8779525756836,СОШ Средняя общеобразовательная школа им.Абылая Сатылганова
42.311763763427734,77.882568359375,СОШ Средняя общеобразовательная школа им.К.Саалиева
42.23541259765625,77.7195816040039,СОШ Средняя общеобразовательная школа имени Жунуш уулу Жапар
42.27775573730469,77.78712463378906,СОШ Средняя общеобразовательная школа имени Бейшенбека Укуева
42.207603454589844,77.69319152832031,СОШ Средняя общеобразовательная школа имени Т.Мурзабекова
42.204166412353516,77.69230651855469,СОШ Средняя общеобразовательная школа имени Сейитбека Мендебаева
42.189632415771484,77.64783477783203,СОШ Средняя общеобразовательная школа Чон-Жаргылчак
42.431331634521484,78.21526336669922,СОШ Средняя общеобразовательная школа имени Данаке Иманова
42.424400329589844,78.19965362548828,ООШ ООШ Основная образовательная школа имени О.Эсенканова
42.45938491821289,78.11074829101562,СОШ Средняя общеобразовательная школа имени Самака Давлетова
42.450260162353516,78.19429779052734,СОШ Средняя общеобразовательная школа имени Бектургана Исмаилова
42.3661994934082,77.90086364746094,НОШ Санаторий
42.49380874633789,78.15690612792969,СОШ Средняя общеобразовательная школа имени Ж.Аманбаева
42.462799072265625,78.15938568115234,СОШ Средняя общеобразовательная школа Чырак имени Талып Акуна
42.46268844604492,78.2617416381836,СОШ Средняя общеобразовательная школа имени Арстаке уулу Абдылда
42.445281982421875,78.24994659423828,СОШ Средняя общеобразовательная школа им.Абдрая Курманбекова
42.473548889160156,78.23682403564453,СОШ Средняя общеобразовательная школа имени Дыйканбаева Турдубека Шериповича
42.47483444213867,78.2757797241211,ООШ Основная общеобразовательная школа села Конкино
42.45993423461914,78.30168151855469,СОШ Средняя общеобразовательная школа имени Юсуф-Хазрети
42.52375030517578,78.20269775390625,СОШ Средняя общеобразовательная школа имени Т.Г.Шевченко
42.5301513671875,78.14743041992188,СОШ Средняя общеобразовательная школа Богатыровка
42.51078796386719,78.23664855957031,СОШ Средняя общеобразовательная школа имени Кусейина Эсенкожоева
42.36709976196289,78.04408264160156,СОШ Средняя общеобразовательная школа Оргочор им.М.Тынаева
42.43223190307617,77.95173645019531,СОШ Средняя общеобразовательная школа Боз-Бешик имени Жайнака Желденбаева
42.34073257446289,78.00741577148438,СОШ Средняя общеобразовательная школа Эркинбека Гапарова
42.334983825683594,77.99031829833984,СОШ Средняя общеобразовательная школа имени Владимира Ильича Ленина
42.34463119506836,77.99911499023438,Средняя общеобразовательная школа им.Садырбека Абдракманова
42.31719970703125,77.970703125,СОШ Средняя общеобразовательная школа имени А.Рысмендеева
42.319698333740234,77.92050170898438,СОШ Средняя общеобразовательная школа Саруу им.Жапара Чабалдаева
42.32178497314453,77.92475128173828,СОШ Средняя общеобразовательная школа имени Садыка Сыдыкова
42.35173416137695,78.06326293945312,СОШ Средняя общеобразовательная школа имени А. Алыбакова
42.30891799926758,78.07683563232422,СОШ Средняя общеобразовательная школа имени Жумадыла Байдолотова
42.15151596069336,77.54485321044922,"СОШ Средняя общеобразовательная школа ""Тамга"""
42.16886520385742,77.44020080566406,СОШ Средняя общеобразовательная школа Тосор
42.65157699584961,77.0848617553711,СОШ Средняя общеобразовательная школа-лицей имени И.А.Абдуразакова г. Чолпон-Ата
42.64911651611328,77.05268096923828,"ШК Школа-комплекс ""БИЛИМ-ОРДО"" г. Чолпон-Ата"
42.73638916015625,77.67333221435547,СОШ Средняя общеобразовательная школа имени Николая Григоревича Лященко
42.74223709106445,77.66724395751953,СОШ Средняя общеобразовательная школа им.Ю.Абдрахманова
42.77790832519531,77.62422180175781,СОШ Средняя общеобразовательная школа им.Шукурбека Эсеналиева
42.6567497253418,77.18395233154297,ШЛ Школа-лицей имени Х.Жээнбаева
42.65923309326172,77.20321655273438,ШГ Школа гимназия имени академика Амана Мамытова
42.65639877319336,77.1426010131836,СОШ Средняя общеобразовательная школа им.Т.А.Атаева Иссыккульского района
42.71656036376953,77.4881591796875,СОШ Средняя общеобразовательная школа им.А.С.Пушкина
42.63613510131836,77.02375030517578,СОШ Средняя общеобразовательная школа Кара-Ой имени К.Бектенова
42.686614990234375,77.34947967529297,СОШ Средняя общеобразовательная школа имени К.Орозова
42.673301696777344,77.2934799194336,СОШ Средняя общеобразовательная школа имени Ч.Иманкулова
42.723716735839844,77.55461883544922,СОШ Средняя общеобразовательная школа имени П.Ф.Колесникова
42.73014831542969,77.53231811523438,СОШ Средняя общеобразовательная школа Кожояр
42.56751251220703,76.66595458984375,ШГ Школа гимназия села Тамчы Ыссык-Кульского района
42.535648345947266,76.57975006103516,СОШ Средняя общеобразовательная школа Чырпыкты им.Касыма Тыныстанова
42.73714828491211,77.75226593017578,СОШ Средняя общеобразовательная школа им.Казакбека Маматова
42.76959991455078,77.731201171875,СШ Кароол-Дюбинская средняя школа имени Жалия Бейшекеева
42.703285217285156,77.42572021484375,СОШ Средняя общеобразовательная школа Темир-1 имени Э.Керимказиева
42.71306610107422,77.45238494873047,СОШ Средняя общеобразовательная школа имени К.Кудайбердиевой
42.49513244628906,76.428466796875,СОШ Средняя общеобразовательная школа Тору-Айгыр им.К.Эшенкулова
42.49701690673828,76.28829193115234,СОШ Средняя общеобразовательная школа имени Молдош Ноорузбаева села Сары-Камыш
42.7370491027832,77.93914794921875,СОШ Средняя общеобразовательная школа Чон-Орукту им.Акуна Мыктыбек уулу
42.738460540771484,77.93924713134766,СОШ Средняя общеобразовательная школа Орто-Орукту им.Жапара Шабирова
42.607791900634766,76.91756439208984,СОШ Средняя общеобразовательная школа Чон-Сары-Ой имени Орузбая Джумаева
42.62183380126953,76.9757080078125,СОШ Средняя общеобразовательная школа Бает
42.61277770996094,76.9463882446289,"СОШ Средняя общеобразовательная школа имени ""Нурдолот ата"""
42.597267150878906,76.86388397216797,СОШ Средняя общеобразовательная школа Орнок
42.5995979309082,77.08969116210938,СОШ Средняя общеобразовательная школа Чоктал имени А.Тумонбаева
42.21266555786133,76.63741302490234,СОШ Средняя общеобразовательная школа имени Р.Жангазиева
42.10924530029297,76.48408508300781,СОШ Средняя общеобразовательная школа имени М.Кидибаева
42.247703552246094,76.57360076904297,СОШ Средняя общеобразовательная школа имени Н.Мамбетова
42.127254486083984,76.5877685546875,СОШ Средняя общеобразовательная школа имени И.Текеева
42.07871627807617,76.56688690185547,СОШ Средняя общеобразовательная школа им.Ногоя Садыкова
42.1838493347168,76.67269897460938,СОШ Средняя общеобразовательная школа имени Жумаева Мырзабека
42.09178161621094,76.74250030517578,СОШ Средняя общеобразовательная школа имени Турсунаалы Мырзамамбетова
42.09254837036133,76.66339874267578,"СОШ Учреждение ""Средняя общеобразовательная школа имени Жекшена Айтикеева"""
42.101783752441406,76.61883544921875,СОШ Средняя общеобразовательная школа им.К.Иманалиева
42.347503662109375,76.16535186767578,СОШ Средняя общеобразовательная школа имени Саякбая Каралаева
42.459266662597656,76.0506362915039,СОШ Средняя общеобразовательная школа Кокмойнок-1
42.486209869384766,75.85950469970703,ООШ Основная общеобразовательная школа Кок-Мойнок-2
42.12421798706055,76.89356994628906,СОШ Средняя общеобразовательная школа им.М.Догдурова
42.134132385253906,76.83824920654297,СОШ Средняя общеобразовательная школа имени Жусуп Турусбекова
42.07149887084961,76.85839080810547,СОШ Средняя общеобразовательная школа имени А.Колбаева
42.078285217285156,76.81300354003906,СОШ Средняя общеобразовательная школа имени Ж.Жамгырчиева
42.11991500854492,76.99871826171875,СОШ Средняя общеобразовательная школа имени Жоомарта Боконбаева
42.112464904785156,76.98809814453125,СОШ Средняя общеобразовательная школа имени Ж.Алтымышбаева
42.11651611328125,76.99413299560547,СОШ Средняя общеобразовательная школа имени Токтобай уулу Шамея
42.154083251953125,77.04638671875,СОШ Средняя общеобразовательная школа имени Азиза Салиева
42.082916259765625,77.23881530761719,ООШ Основная общеобразовательная школа имени М.Аламанова
42.10976791381836,76.95118713378906,СОШ Средняя общеобразовательная школа имени Болота Мамбетова
42.0543327331543,76.93228149414062,СОШ Средняя общеобразовательная школа им.Тилекова
42.06413269042969,76.99079895019531,СОШ Средняя общеобразовательная школа им.К.Тайлакова
42.30833435058594,76.29106903076172,СОШ Средняя общеобразовательная школа имени М.Мамбетова
42.31743240356445,76.4056167602539,СОШ Средняя общеобразовательная школа имени Болота Алакова
42.32378387451172,76.35025787353516,СОШ Средняя общеобразовательная школа имени Т.Салыкбаева
42.14092254638672,76.33363342285156,СОШ Средняя общеобразовательная школа имени Сагынтая
42.259117126464844,76.54998016357422,СОШ Средняя общеобразовательная школа имени Эркинбаева Самыйбека
42.142948150634766,77.1812515258789,ШГ Школа-гимназия имени Александра Сергеевича Пушкина
42.726749420166016,78.51139831542969,СОШ Средняя общеобразовательная школа Мин-Булак им.Ислама Касмалиева
42.7242317199707,78.5401840209961,СОШ Средняя общеобразовательная школа Арал имени Ж.Ашымова
42.70204544067383,78.48436737060547,СОШ Средняя общеобразовательная школа Долон №22 имени К.Уметалиева
42.70460891723633,78.5191421508789,НШ Начальная школа №34 имени Тезекова
42.73085021972656,78.47564697265625,СОШ Средняя общеобразовательная школа Сары-Добо №21 имени Касымалы Карачева
42.60093307495117,78.14383697509766,СОШ Средняя общеобразовательная школа №24 имени Э.Мамырканова
42.65498352050781,78.12791442871094,СОШ Средняя общеобразовательная школа Ынтымак №31
42.75338363647461,78.13158416748047,СОШ Средняя общеобразовательная школа №2 имени К.Усенбекова
42.749000549316406,78.08598327636719,СОШ Средняя общеобразовательная школа Ой-Булак имени Салиха Исмаева
42.742733001708984,78.00958251953125,СОШ Средняя общеобразовательная школа Ой-Тал имени Ш.Султанова
42.611366271972656,78.32733154296875,СОШ Средняя общеобразовательная школа №25 имени Т.Г.Шевченко
42.73470687866211,78.31195068359375,СОШ Средняя общеобразовательная школа имени Жакшылыка Асаналиева
42.64406204223633,78.20755004882812,СОШ Средняя общеобразовательная школа имени Тагаева Шаршенкула
42.7967414855957,78.22920227050781,СОШ Средняя общеобразовательная школа Санташ №15 имени Аалы Муканова
42.753482818603516,78.72644805908203,СОШ Средняя общеобразовательная школа Кен-Суу №16 имени Т.Сыдыкбекова
42.752967834472656,79.00138854980469,НОШ Неполная общеобразовательная школа №28 имени Ж.Асылбаева
42.72331619262695,78.78240203857422,СОШ Средняя общеобразовательная школа Сары-Тологой №17 имени К.Эгембердиева
42.44479751586914,77.59288024902344,СОШ Средняя общеобразовательная школа имени Ж.Бахтиярова
42.793766021728516,78.24449920654297,СОШ Средняя общеобразовательная школа №4 имени Ж.Мукамбаева
42.771018981933594,78.22608184814453,СОШ Средняя общеобразовательная школа Ак-Булун №3
42.765533447265625,78.18756866455078,СОШ Средняя общеобразовательная школа № 26 имени М.В.Фрунзе
42.78445053100586,78.49853515625,СОШ Средняя общеобразовательная школа Талды-Суу №10 имени М.Элебаева
42.7818489074707,78.42843627929688,СОШ Средняя общеобразовательная школа Ичке-Суу №27 им.Зууракана Батырбаевой
42.78983688354492,78.53604125976562,СОШ Средняя общеобразовательная школа Коочу №11 имени Абдылда Кайдуева
42.7822151184082,78.5679702758789,СОШ Средняя общеобразовательная школа имени Марата Темирова
42.71516799926758,78.59711456298828,СОШ Средняя общеобразовательная школа Тасма №19 им.Асана Сопиева
42.733375549316406,78.67526245117188,"СОШ Средняя общеобразовательная школа Токтоян №18 имени Ашырбая Коенкозова"""
42.7197151184082,78.61717987060547,СОШ Средняя общеобразовательная школа Чонтогузбай им.Кубанычбека Мамытова
42.728755950927734,78.35985565185547,Средняя общеобразовательная школа №6  имени А.Карымшакова
42.72800064086914,78.36489868164062,СОШ Средняя общеобразовательная школа №7 имени В.Кайкина
42.739498138427734,78.4326171875,СОШ Средняя общеобразовательная школа Бирлик
42.78023147583008,78.37985229492188,СОШ Средняя общеобразовательная школа Шаты №8 имени Д.Молдогазиева
42.462459564208984,78.3801040649414,СОШ Средняя общеобразовательная школа №13 имени Б.Королиева
42.762115478515625,78.65253448486328,СОШ Средняя общеобразовательная школа №14 имени Омур баатыра
42.48643493652344,78.40461730957031,ШГ Школа-гимназия №2 города Каракол
42.48583984375,78.37327575683594,ШГ Школа-гимназия №3 города Каракол
42.494415283203125,78.38887023925781,СОШ Средняя общеобразовательная школа №5 города Каракол
42.496917724609375,78.38614654541016,СОШ Средняя общеобразовательная школа №9
42.56908416748047,78.31126403808594,СОШ Средняя общеобразовательная школа №7 города Каракол
42.48495864868164,78.39493560791016,ШГ Инновационная Школа-гимназия №1 города Каракол
42.48550033569336,78.3948974609375,ШГ Школа-гимназия №4 города Каракол
42.496517181396484,78.40583038330078,СОШ Средняя общеобразовательная ШГ Школа-гимназия №11 города Каракол
42.48337173461914,78.3662109375,ШЛ Иссык-Кульская областная школа лицей-интернат им.Токтогула Сатылганова
42.500850677490234,78.39747619628906,СШ Средняя школа №15 города Каракол
42.449806213378906,76.201171875,СОШ Средняя общеобразовательная школа №2 имени Ж.Боконбаева
42.45523452758789,76.18433380126953,Средняя общеобразовательная школа №3 имени К.А.Абдылдаева
42.46438217163086,76.19476318359375,СОШ Средняя общеобразовательная школа №6 имени С. Каралаева города Балыкчы
42.45183181762695,76.17231750488281,СОШ Средняя общеобразовательная школа №8 имени К. Жакыпова
42.46186828613281,76.20673370361328,СОШ Средняя общеобразовательная школа №9 имени Н.К.Крупская
42.466148376464844,76.1866683959961,СОШ Средняя общеобразовательная школа №10 имени Манаса г. Балыкчы
42.474632263183594,76.17214965820312,СОШ Средняя общеобразовательная школа №7 имени Калыгул Бай уулу
42.460968017578125,76.18894958496094,ШГ Школа-гимназия №4 города Балыкчы
42.46220016479492,76.20478057861328,Средняя общеобразовательная школа-гимназия №1 имени Льва Толстого города Балыкчы Иссык-Кульской области
41.73516845703125,73.1323471069336,СОШ Учреждение Средняя школа № 5 им. Хуриева
40.04949951171875,70.8194808959961,А.Имаров-Кызыл Топу атындагы орто мектеби
41.56072998046875,72.17594909667969,Нач.школа Абдылда Жолдошова
40.087799072265625,70.81216430664062,СОШ Начальная школа Булак-Башы
42.69636535644531,74.76558685302734,Средняя школа имени О.Жакишева
42.87649917602539,74.55912780761719,"У-ие ""Вечерняя (сменная) общеобразовательная школа №10"""
41.69503402709961,72.92877960205078,Джалал-Абадская г. Кара-Куль НШ №8 им.Бабакана 4365
42.8746223449707,74.56976318359375,Ошская Кара-Сууйский СШ №135 Бөдөнө 6170
42.83935546875,74.10581970214844,Чуйская Московский ДДТ  Беловодский дошкольный детский дом (дети до 7 лет) 8123
42.80253982543945,73.63192749023438,"Учреждение ""Панфиловская заочная средняя школа"""
40.60686492919922,73.01490020751953,"Основная школа ""Кайрагач"""
42.904144287109375,74.59464263916016,Школа рабочей молодежи №7
40.22606658935547,72.05872344970703,"""Уч-Коргонская общеобразовательная средняя школа (бывший детдом)"
40.55183792114258,73.140869140625,"Основная школа ""Ынтымак"""
39.93782043457031,71.45751953125,"Школа-гимназия гуманитарно-профильного направления ""Ак-Булак"""
40.70369338989258,72.88959503173828,Кара-Суйская районная заочная общеобразовательная школа
